lags,train_mse_mean,train_mse_std,train_mse_fold_1,train_mse_fold_2,train_mse_fold_3,train_mse_fold_4,train_mse_fold_5,train_corr_mean,train_corr_std,train_corr_fold_1,train_corr_fold_2,train_corr_fold_3,train_corr_fold_4,train_corr_fold_5,train_cosine_dist_mean,train_cosine_dist_std,train_cosine_dist_fold_1,train_cosine_dist_fold_2,train_cosine_dist_fold_3,train_cosine_dist_fold_4,train_cosine_dist_fold_5,train_cosine_sim_mean,train_cosine_sim_std,train_cosine_sim_fold_1,train_cosine_sim_fold_2,train_cosine_sim_fold_3,train_cosine_sim_fold_4,train_cosine_sim_fold_5,train_pairwise_accuracy_mean,train_pairwise_accuracy_std,train_pairwise_accuracy_fold_1,train_pairwise_accuracy_fold_2,train_pairwise_accuracy_fold_3,train_pairwise_accuracy_fold_4,train_pairwise_accuracy_fold_5,val_mse_mean,val_mse_std,val_mse_fold_1,val_mse_fold_2,val_mse_fold_3,val_mse_fold_4,val_mse_fold_5,val_corr_mean,val_corr_std,val_corr_fold_1,val_corr_fold_2,val_corr_fold_3,val_corr_fold_4,val_corr_fold_5,val_cosine_dist_mean,val_cosine_dist_std,val_cosine_dist_fold_1,val_cosine_dist_fold_2,val_cosine_dist_fold_3,val_cosine_dist_fold_4,val_cosine_dist_fold_5,val_cosine_sim_mean,val_cosine_sim_std,val_cosine_sim_fold_1,val_cosine_sim_fold_2,val_cosine_sim_fold_3,val_cosine_sim_fold_4,val_cosine_sim_fold_5,val_pairwise_accuracy_mean,val_pairwise_accuracy_std,val_pairwise_accuracy_fold_1,val_pairwise_accuracy_fold_2,val_pairwise_accuracy_fold_3,val_pairwise_accuracy_fold_4,val_pairwise_accuracy_fold_5,test_mse_mean,test_mse_std,test_mse_fold_1,test_mse_fold_2,test_mse_fold_3,test_mse_fold_4,test_mse_fold_5,test_corr_mean,test_corr_std,test_corr_fold_1,test_corr_fold_2,test_corr_fold_3,test_corr_fold_4,test_corr_fold_5,test_cosine_dist_mean,test_cosine_dist_std,test_cosine_dist_fold_1,test_cosine_dist_fold_2,test_cosine_dist_fold_3,test_cosine_dist_fold_4,test_cosine_dist_fold_5,test_cosine_sim_mean,test_cosine_sim_std,test_cosine_sim_fold_1,test_cosine_sim_fold_2,test_cosine_sim_fold_3,test_cosine_sim_fold_4,test_cosine_sim_fold_5,test_pairwise_accuracy_mean,test_pairwise_accuracy_std,test_pairwise_accuracy_fold_1,test_pairwise_accuracy_fold_2,test_pairwise_accuracy_fold_3,test_pairwise_accuracy_fold_4,test_pairwise_accuracy_fold_5,num_epochs_mean,num_epochs_std,num_epochs_fold_1,num_epochs_fold_2,num_epochs_fold_3,num_epochs_fold_4,num_epochs_fold_5
-1000,41.164737592424665,0.7599492405620292,42.33720343453543,40.648284912109375,40.174513135637554,41.00794383457729,41.65574264526367,0.0322719948366284,0.0186558367107765,0.0093881329521536,0.0425375662744045,0.0257433038204908,0.0208071768283844,0.0628837943077087,0.9645084704671588,0.0250813838604289,0.9866679991994586,0.9740261094910758,0.966012009552547,0.9796278050967624,0.91620842899595,0.0354915296326258,0.0250813820387131,0.0133319958445749,0.0259739268305046,0.0339879666322043,0.0203721899805324,0.0837915688753128,0.5372486012322562,0.0144422641191996,0.5201831970896039,0.5369827151298523,0.5340663875852313,0.5312101415225438,0.5638005648340497,38.136648178100586,1.3524537932326817,38.10806083679199,37.1873664855957,37.767560958862305,36.912715911865234,40.707536697387695,0.0100504579953849,0.0086023802949749,0.0086393570527434,0.0137386415153741,0.0171048119664192,0.0168107859790325,-0.0060413065366446,0.8451595822970072,0.0221798270101812,0.8684894442558289,0.8267526229222616,0.8565057317415873,0.8113779425621033,0.8626721700032552,0.1548404100040595,0.0221798159463478,0.1315105305984616,0.1732473519320289,0.1434943073739608,0.188622030429542,0.1373278296863039,0.5034004509449005,0.0025669278390904,0.5019938945770264,0.5084864894549052,0.5016116797924042,0.5026920636494955,0.5022181272506714,40.69242502848307,2.3059185530833175,42.93697992960612,36.52890141805013,40.567264556884766,40.68773523966471,42.74124399820963,-0.0057727656327188,0.0088968143029648,-0.005638085771352,-0.011498344130814,-0.01443528290838,-0.0082986997440457,0.0110065843909978,0.9697325944900512,0.0804782680916968,1.1023595333099363,0.8597762982050577,0.9434682925542196,1.0032090346018474,0.9398498137791952,0.0302673973763982,0.0804782571729733,-0.1023595204266409,0.140223658333222,0.0565317167590061,-0.0032090729412933,0.0601502051576972,0.5014427403608958,0.0034014284041537,0.5009631911913554,0.5009326040744781,0.4967791934808095,0.50113645195961,0.507402261098226,12.8,8.109253973085318,5,13,7,11,28
-975,40.76479546683175,0.7020887864578543,40.20624869210379,41.56566837855747,39.92320578438895,40.50610842023577,41.62274605887277,0.0397880777716636,0.0129315972902768,0.047789454460144,0.0430885329842567,0.0565158016979694,0.0324280448257923,0.0191185548901557,0.9593651345797948,0.0293037832369645,0.9496925728661674,0.979557079928262,0.9155632768358504,0.9503176467759268,1.0016950964927671,0.0406348657395158,0.0293037914849552,0.0503074319234916,0.0204429176769086,0.0844367322112832,0.0496823590781007,-0.001695112192205,0.5418821147509985,0.0140109098249076,0.5628467202186584,0.5393644571304321,0.5514113647597176,0.5330677117620196,0.522720319884164,38.05833104451497,0.5170516887443217,38.775811513264976,37.72688547770182,38.50174522399902,37.35080210367838,37.936410903930664,0.0120600990951061,0.0083156477211865,0.0029004688840359,0.0190255735069513,0.019325602799654,0.0181176345795393,0.00093121570535,0.8654147148132324,0.03128994899927,0.922632416089376,0.8651586771011353,0.8514883716901144,0.8280633687973022,0.8597307403882345,0.1345853029750287,0.0312899512677763,0.0773675978804628,0.1348413464923699,0.1485116158922513,0.1719366614706814,0.1402692931393782,0.4933088322480519,0.0239429349828532,0.5085221529006958,0.5088725090026855,0.4459032317002614,0.5035074551900228,0.4997388124465942,39.97980626424154,2.3182905170981982,42.21944936116537,36.69033622741699,42.76634216308594,40.05030186971029,38.1726016998291,-0.0022126176860183,0.0064098143568647,-0.0009506572969257,0.0088607035577297,-0.0108247064054012,-0.0043175844475626,-0.0038308438379317,0.978414750099182,0.0766588972304555,1.1248199144999187,0.906244158744812,0.9746203223864236,0.9542527397473654,0.932136615117391,0.0215852528189619,0.0766588932972878,-0.1248199039449294,0.0937558344254891,0.0253796738882859,0.0457472661510109,0.067863393574953,0.479779823621114,0.0272991094056331,0.4467785159746806,0.4459529320398966,0.5005860527356466,0.5021009047826132,0.5034807125727335,12.6,2.244994432064365,12,13,16,13,9
-950,41.85918404715402,1.7167157012207177,41.10973630632673,40.40911974225725,40.52290453229632,42.20675386701311,45.04740578787668,0.032177098840475,0.0227687725942182,0.0328804701566696,0.0731176286935806,0.029526300728321,0.0212888438254594,0.0040722507983446,0.965340508733477,0.0242401598237842,0.9714643699782236,0.9215047700064524,0.9612938165664672,0.9929498859814236,0.979489701134818,0.0346594941602753,0.0242401590204966,0.0285356146549539,0.0784952374441283,0.0387061851631317,0.0070501313145671,0.0205103022245956,0.5374040075710841,0.0282414652675671,0.5334280899592808,0.5882373452186584,0.5413738148553031,0.5183387313570295,0.5056420564651489,37.97200406392415,0.9374383704243946,36.923910776774086,37.909125645955406,37.10277875264486,38.42574564615885,39.49845949808756,0.0119184136390686,0.0049878801687767,0.0114260129630565,0.0149851832538843,0.0106971645727753,0.0187365282326936,0.0037471791729331,0.8536006510257721,0.0359029836624584,0.8127773503462473,0.8695645332336426,0.8192034363746643,0.9113793770472208,0.8550785581270853,0.1463993626957138,0.0359029821982744,0.1872226640892525,0.1304354906703035,0.1807965639357765,0.0886206307138006,0.1449214640694359,0.5041906197865804,0.0047033433389278,0.5018359124660492,0.5131609837214152,0.5017530918121338,0.504329244295756,0.4998738666375478,40.61216761271159,2.174147979758412,41.184712727864586,36.443276723225914,42.37204360961914,42.286598205566406,40.7742067972819,-0.0022177026374265,0.0061436878133052,0.0032875472679734,-0.0093442201614379,0.0001703250454738,0.0045274808071553,-0.0097296461462974,1.003590146700541,0.0963254604271059,1.0419641733169556,0.8755358854929606,1.0317635933558147,1.148003617922465,0.92068346341451,-0.0035901274532079,0.0963254468574649,-0.0419641019155581,0.1244641238202651,-0.0317636048421263,-0.1480035847052931,0.0793165303766727,0.5016381800174714,0.0021184116755803,0.5001363257567087,0.5005937119325002,0.5001286764939626,0.5057383378346761,0.5015938480695089,11.0,6.81175454637056,9,24,10,8,4
-925,43.22223652430943,4.262762282394608,50.77412850516183,45.09273256574358,39.387357984270366,40.497252873011995,40.359710693359375,0.0370489935856312,0.0334721667526316,0.000972701003775,0.0108351558446884,0.0971164107322692,0.0393224023282527,0.0369982980191707,0.9558134743145532,0.037099592921574,0.9937076313155038,0.9873194524220058,0.8919983165604728,0.939505534512656,0.9665364367621284,0.0441865286789834,0.0370995885153806,0.0062923811575663,0.0126805456820875,0.1080016770533153,0.0604944698778646,0.0334635696240833,0.5440250158309936,0.0396171044019464,0.5076732635498047,0.5178555079868862,0.6196549875395638,0.5332593662398202,0.5416819538388934,40.14479446411133,3.183447299229392,46.29399998982747,39.732229232788086,38.471991221110024,39.01650428771973,37.20924758911133,0.0081674731336534,0.0041342907816924,0.002401047386229,0.009141375310719,0.0146206868812441,0.0053075053729116,0.009366750717163,0.8715912779172262,0.0396612883767672,0.9232763846715292,0.8934713204701742,0.8512049913406372,0.8829847772916158,0.8070189158121744,0.1284087315356979,0.0396612840914544,0.0767236499426265,0.1065286701389898,0.1487950418765346,0.1170152124638358,0.1929810832565029,0.5030691961447398,0.0018030552668356,0.500649760166804,0.5044642885526022,0.5025379061698914,0.5019811590512594,0.5057128667831421,42.21819458007812,5.1255317801636044,51.97276178995768,38.1604798634847,42.702597300211586,38.68027178446451,39.57486216227213,-0.0033953847014345,0.0030659965530004,-0.0025122482329607,0.0005383674870245,-0.0063139270059764,-0.0011486550793051,-0.0075404606759548,0.9652882575988768,0.0808580291286148,1.0702189604441326,0.8951786955197653,0.9723471601804098,0.8553608655929565,1.0333356062571208,0.0347117620520293,0.080858023935133,-0.0702189064274231,0.1048213238827884,0.027652824918429,0.1446391614153981,-0.0333355935290455,0.5011999011039734,0.0008464202813967,0.5011453628540039,0.5002764761447906,0.5003095865249634,0.5018269916375478,0.5024410883585612,13.4,13.215142829345432,3,4,39,12,9
-900,51.29130946568081,21.191265002370532,93.67178072248188,40.74744088309152,41.05676542009626,40.50889532906668,40.47166497366769,0.033958124788478,0.0214162374770851,0.0015469326172024,0.0687132775783538,0.0284863859415054,0.0356611013412475,0.0353829264640808,0.9654378380094256,0.0243558435704466,0.9960018992424012,0.9245242561612812,0.9780102372169496,0.9742616074425834,0.9543911899839128,0.0345621620637497,0.0243558449048769,0.0039980785056416,0.075475740645613,0.0219897742250135,0.0257384127804211,0.0456088041620595,0.5383333478655133,0.0192167072061126,0.5008818081447056,0.5558428849492755,0.5435016666139875,0.5448940311159406,0.5465463485036578,38.38642692565918,1.3098805677323917,40.264862060546875,39.63076146443685,37.57843017578125,36.93740463256836,37.52067629496256,0.0157082894816994,0.0080103233237279,0.011428277939558,0.02794792316854,0.0222202483564615,0.0101428776979446,0.0068021202459931,0.8664124051729838,0.0443786446786695,0.9304842551549276,0.9060211181640624,0.8516701261202494,0.8226231336593628,0.8212633927663168,0.1335875972794989,0.0443786421458331,0.0695157567970454,0.093978867555658,0.1483299080282449,0.1773768533021211,0.1787366007144252,0.5037057081858316,0.0037245171618408,0.5002025564511617,0.5069639682769775,0.5041177372137705,0.5084329644838969,0.4988113145033518,40.20191027323405,2.102672199267884,43.585347493489586,38.037781397501625,41.625492095947266,38.40295537312826,39.35797500610352,0.0011891217902302,0.0109749480122708,-0.0057729077525436,0.0197595469653606,-0.0062486454844474,0.0076155471615493,-0.0094079319387674,0.9671119014422098,0.0649238199989341,1.0620814561843872,0.9044432044029236,1.015190303325653,0.8909571170806885,0.9628874262173972,0.0328881078865379,0.0649238391249192,-0.0620815209113061,0.0955567999432484,-0.0151902651414275,0.1090429014681528,0.0371126240740219,0.5024877130985261,0.0042167263117614,0.4962147871653239,0.5001337726910909,0.5018779536088308,0.5064046581586202,0.5078073938687643,11.8,8.47112743381895,1,27,9,12,10
-875,44.32555923461914,7.112470148708901,41.119341714041575,58.53263092041016,40.997016361781526,40.099491119384766,40.87931605747768,0.0499006326310336,0.0236833203757966,0.078142449259758,0.0065182014368474,0.0522311851382255,0.0519823282957077,0.0606289990246295,0.9531379052570887,0.0175819508804944,0.9376997947692872,0.985768735408783,0.9429568988936288,0.9420728257724216,0.9571912714413234,0.0468620955944061,0.017581953973416,0.0623002073594502,0.0142312653894935,0.0570431000420025,0.0579271931201219,0.0428087120609624,0.5532434957368033,0.0267186466644041,0.5802190048354012,0.5020328334399632,0.5627446174621582,0.5574165156909398,0.5638045072555542,41.217115020751955,7.3128499379766385,37.85281244913737,55.82009251912435,36.9313907623291,37.363682428995766,38.11759694417318,0.0169047728180885,0.0062508350214032,0.023897448554635,0.0127800283953547,0.0089062815532088,0.0245845653116703,0.0143555402755737,0.8551947096983591,0.0382450567121579,0.850498636563619,0.919301708539327,0.8001035948594412,0.8447492718696594,0.8613203366597494,0.1448052970071633,0.0382450670839762,0.1495013851672411,0.0806982826907187,0.1998964275699108,0.1552507324765125,0.1386796571314335,0.517170000076294,0.0248904810695156,0.5117340286572775,0.5005096197128296,0.4998687704404195,0.5075844526290894,0.5661531289418539,44.21833470662435,6.336503203335047,42.59283701578776,56.627061208089195,40.81196212768555,42.16166178385416,38.89815139770508,0.0035075448453426,0.0083956478408826,0.0053720958530902,0.0082338945940136,-0.0121479993686079,0.0125365117564797,0.0035432213917374,1.0093057076136271,0.0689900854838254,1.0592827399571736,0.9615010619163512,0.943723440170288,1.120709240436554,0.9613120555877686,-0.0093056957858304,0.0689900577680251,-0.0592826901314159,0.038498963539799,0.056276487186551,-0.1207092013210058,0.0386879617969195,0.5149207830429077,0.0194429242443839,0.5076353947321574,0.4991565644741058,0.5532788336277008,0.5073984265327454,0.5071346958478292,16.4,9.748846085563152,32,2,14,14,20
-850,44.26233204432896,6.7225246755878025,40.91606412615095,57.69802638462612,40.61522838047573,41.3519537789481,40.73038755144392,0.0402287781704217,0.0240301657439574,0.0640595555305481,0.0032213090453296,0.0664989501237869,0.0243561584502458,0.043007917702198,0.9553902847426278,0.0307565508717315,0.9418855224336896,0.9965512411934988,0.9122442943709236,0.9840119736535208,0.942258392061506,0.0446097120043954,0.0307565577858854,0.0581144759697573,0.0034487349579909,0.0877557104187352,0.0159880302048155,0.0577416084706783,0.5399994884218489,0.0215645463370222,0.5672389268875122,0.5067231910569328,0.5585992080824715,0.5286689485822406,0.5387671675000872,40.59042193094889,6.703117335702173,36.72840817769369,53.92086283365885,38.60445022583008,37.07881546020508,36.61957295735677,0.0084787993691861,0.006666122544078,0.0143598448485136,-0.0015793526545166,0.0107030691578984,0.0157630965113639,0.0031473389826714,0.8211890856424967,0.0425669847074473,0.7985247770945231,0.8937872846921285,0.8297778169314066,0.8192165692647299,0.7646389802296957,0.1788109094835817,0.0425669904301579,0.2014752235263586,0.1062126797623932,0.1702222271511952,0.1807834142819047,0.2353610026960571,0.4933088362216949,0.0244243132761513,0.5094713171323141,0.444696694612503,0.5020792682965597,0.5058886806170145,0.5044082204500834,43.62581176757812,4.940134692829245,41.43344751993815,52.91926066080729,44.30620320638021,39.97106424967448,39.49908320109049,0.001653817105398,0.0043273821716554,0.0068662827834486,-0.0057601779699325,0.0029815682210028,0.0042528109624981,-7.139847002690658e-05,0.9689993619918824,0.0466642757644131,1.048711637655894,0.911541978518168,0.9831384420394896,0.9644075433413188,0.937197208404541,0.0310006505809724,0.0466642672542239,-0.0487115963672598,0.0884580141864717,0.0168615176031986,0.0355924951533476,0.0628028223291039,0.4921257456143698,0.0218173728968755,0.4488029778003692,0.4994190335273742,0.5007606049378713,0.5055574178695679,0.5060886939366659,12.8,6.881860213634101,19,2,21,9,13
-825,41.55826612200055,2.309771301094155,46.06749779837472,41.39619990757534,40.0223753792899,40.10169546944754,40.20356205531529,0.0308421527035534,0.0158403807536695,0.0027251769788563,0.0315353758633136,0.049107376486063,0.0287887062877416,0.0420541279017925,0.9555863448551722,0.024288156631387,0.9997275045939854,0.9603792939867292,0.9325305819511414,0.950121990271977,0.9351723534720284,0.0444136559131688,0.0242881687315304,0.0002724719732733,0.0396207078759159,0.0674694281603608,0.0498780165133731,0.0648276550429207,0.5311485018048968,0.0129764965542037,0.5081816060202462,0.5322213768959045,0.547935928617205,0.5306635754449027,0.5367400220462254,38.1503911336263,0.5068453192395103,38.86844698588053,38.012545903523765,38.37503242492676,38.18126551310221,37.31466484069824,0.0102140721864998,0.0049948529711685,0.008385905995965,0.0041698985733091,0.0191799979656934,0.0082739442586898,0.0110606141388416,0.8446873227755228,0.013198351806207,0.8503714005152384,0.8473745584487915,0.854531983534495,0.8524408936500549,0.8187177777290344,0.1553126935226222,0.0131983412345935,0.1496286154724657,0.152625462350746,0.145468049061795,0.1475591224928697,0.1812822182352344,0.503496770064036,0.0015798856550849,0.5010523696740469,0.5022614498933157,0.504168709119161,0.5049547950426737,0.505046526590983,41.02635421752929,3.619141492249592,46.50375493367513,36.525139490763344,43.79740778605143,38.6387144724528,39.666754404703774,-0.0020614680135622,0.0038126297700569,-0.00341357011348,0.0018292081076651,-0.0087433960288763,0.0011245103087276,-0.0011040923418477,0.9787508249282836,0.1041796385103821,1.141669829686483,0.8672674099604288,1.023530920346578,0.8648332357406616,0.9964527289072672,0.0212491596428056,0.1041796342030412,-0.1416698391549289,0.1327325866247216,-0.0235309426983197,0.1351667251437902,0.003547268298765,0.5030009071032205,0.0023173501166695,0.4996967613697052,0.5014486014842987,0.5033456683158875,0.5039865175882975,0.5065269867579142,9.2,3.1874754901018454,4,10,14,9,9
-800,41.065123203822544,0.861202440913634,41.21866008213589,41.27739443097796,42.489590236118865,40.2334943498884,40.10647691999163,0.0474720420315861,0.0264932157584217,0.024233654141426,0.0540569424629211,0.0098479920998215,0.0789394453167915,0.0702821761369705,0.9497217518942696,0.0264005281681755,0.9773418647902352,0.9563655086926052,0.9766059858458382,0.9126046895980836,0.9256907105445862,0.0502782511657902,0.026400527557099,0.0226581386024398,0.0436344819941691,0.0233940300531685,0.0873953295605523,0.0743092756186212,0.5500062261308942,0.0293429277163181,0.5248222180775234,0.5418128286089215,0.5160634517669678,0.5932984437261309,0.5740341884749276,37.785465749104816,0.7020409679050698,37.682350158691406,37.11010615030924,39.107321421305336,37.74030431111654,37.28724670410156,0.0189850660972297,0.0073203019058621,0.0232282783836126,0.0235978905111551,0.005422571208328,0.0172374136745929,0.0254391767084598,0.8339028716087341,0.026450769926251,0.8327318827311198,0.8175039092699686,0.8791515032450358,0.8400313258171082,0.8000957369804382,0.1660971180846293,0.0264507839581882,0.1672681456742187,0.1824960621694723,0.1208484418069322,0.1599686820991337,0.1999042586733897,0.5079113602638244,0.0055978961292286,0.5030819376309713,0.5162582000096639,0.5008485118548075,0.5077449679374695,0.5116231838862101,40.84180819193522,3.2515106229402506,44.53405507405599,36.025359471639,44.43743515014648,39.76139704386393,39.4507942199707,0.0040041878120973,0.0076163197439917,0.0011473684571683,0.0009691346203908,-0.0032506214920431,0.0187512300908565,0.0024038273841142,0.9770681619644164,0.0980443249224251,1.1248855590820312,0.8354377547899882,1.0322516361872356,0.921624998251597,0.9711408615112304,0.0229318639884392,0.0980443023840394,-0.1248854839553435,0.1645622467622161,-0.0322516188025474,0.0783750135451555,0.0288591623927156,0.5058346569538117,0.0050498193786812,0.5025837818781534,0.5025532046953837,0.5001987516880035,0.5123494068781534,0.511488139629364,17.8,8.795453370918407,11,18,6,31,23
-775,51.48461390904017,22.089151886419742,39.54419490269253,40.86800003051758,41.06761768886021,40.29302706037249,95.6502298627581,0.0559167182305827,0.027694954697176,0.0775278285145759,0.0669933035969734,0.0651612728834152,0.0687196850776672,0.001181501080282,0.9394291877746582,0.0268807618672305,0.9089722122464862,0.924564676625388,0.935667531830924,0.9390151160103934,0.9889264021600996,0.060570810392632,0.0268807737545554,0.0910277888178825,0.0754353318895612,0.0643324740231037,0.060984887980989,0.0110735692516235,0.5645919033459255,0.0337539393298593,0.598486202103751,0.5781195504324776,0.5571784632546561,0.586477518081665,0.5026977828570774,38.10881678263347,0.7652837656030481,37.18135770161947,39.23003323872884,37.63074556986491,37.730387369791664,38.77156003316244,0.0162112909834831,0.0091682986792412,0.0205810274928808,0.0145307453349232,0.0231042522937059,0.0237682498991489,-0.0009278201032429,0.8449844459692637,0.0231811160405356,0.825466255346934,0.877419630686442,0.813567986090978,0.861151933670044,0.8473164240519205,0.1550155794558425,0.0231811088158063,0.1745337597094476,0.1225804109126329,0.1864320393651724,0.1388481007888913,0.1526835865030686,0.5206002612908681,0.0228028157101953,0.5100140571594238,0.5634126464525858,0.5058173338572184,0.5237993200620016,0.4999579489231109,40.2896832784017,1.8653102395067511,42.553985595703125,37.62827809651693,41.60268529256185,38.5981699625651,41.06529744466146,0.003791328612715,0.0095386040134919,0.011223854497075,0.008781268261373,-0.0079693719744682,0.0143289752304553,-0.0074080829508602,0.9522456804911296,0.0748336608300944,1.0836058060328166,0.8705556591351827,0.9316481947898864,0.8975548148155212,0.9778639276822408,0.04775432444488,0.0748336609201859,-0.0836057970300316,0.1294443476945161,0.068351788756748,0.1024452056735754,0.0221360771295924,0.505656538407008,0.0034678785663864,0.5089642405509949,0.5043152173360189,0.5029685397942861,0.5104841788609823,0.5015505154927572,19.0,9.2951600308978,27,25,21,21,1
-750,62.02690909249443,23.62929438874055,91.86312212262835,89.78741128104073,46.916713169642854,40.748329162597656,40.8189697265625,0.0161841929657384,0.0189255758899508,-0.0017615051474422,-0.0012305238051339,0.0079901134595274,0.0293033011257648,0.0466195791959762,0.9747555034501212,0.0232901617247286,0.98812392779759,0.9974055630820138,0.9928363646779742,0.9369789702551704,0.9584326914378576,0.025244490888768,0.0232901575678105,0.0118760478882385,0.0025944519189319,0.0071636288360293,0.0630210119166544,0.0415673138839857,0.51423921755382,0.0126594683012093,0.5026083588600159,0.5007769891193935,0.5106791257858276,0.5230148775236947,0.5341167364801679,39.54808769226074,0.8475435324311525,40.759256998697914,39.30223655700683,40.20928064982096,39.12491607666016,38.34474817911784,0.0075633563217706,0.010484764649327,0.0139997247606515,-0.0007380095194093,0.0036727576516568,-0.0038349048700183,0.0247172135859727,0.8814767201741537,0.0260733196977977,0.9313870867093405,0.8709062536557516,0.8718178868293762,0.8551789919535319,0.8780933817227682,0.1185233005632956,0.0260733236698908,0.0686129266396164,0.1290937884089847,0.1281821097557743,0.1448210341235002,0.1219066438886026,0.5029817879199981,0.001910032603725,0.5029557943344116,0.5016282399495443,0.5002764562765757,0.505635142326355,0.5044133067131042,40.99260063171387,2.800325185897638,43.40062967936198,38.729784647623696,45.224517822265625,39.43704732259115,38.17102368672689,0.0020431497192475,0.0071109357844924,0.0002122581063304,-0.0026887760031968,-0.0017623142339289,0.0161394048482179,-0.0016848241211846,0.9436875383059184,0.060524273750254,1.0237942934036257,0.9151222308476766,1.0021953980127971,0.8603408535321554,0.9169849157333374,0.056312467996031,0.0605242714590627,-0.0237942766398191,0.0848777632539471,-0.0021953922696411,0.1396591598168015,0.0830150858188669,0.4901211480299632,0.0229885159533493,0.4443208674589793,0.4991718530654907,0.499608854452769,0.5029914776484171,0.5045126875241598,5.4,4.317406628984581,1,1,4,11,10
-725,40.87893949236189,0.61585728450123,40.822364807128906,40.34515598842076,40.42021669660296,40.75249481201172,42.05446515764509,0.0415553087368607,0.015096714023181,0.0404791124165058,0.0438107810914516,0.0455604046583175,0.0624559819698333,0.0154702635481953,0.9464229106903076,0.0222822695296183,0.9506854500089372,0.950928032398224,0.950154892035893,0.9058803490230016,0.9744658299854824,0.0535770785329597,0.022282271708233,0.0493145318967955,0.0490719542971679,0.049845098384789,0.0941196467195238,0.0255341613665223,0.5490083353860038,0.0197830583733641,0.5454449653625488,0.549001225403377,0.5562818816729954,0.5778519851820809,0.5164616193090167,38.2284543355306,0.9105748809818888,36.95112737019857,38.49034945170085,38.02297401428223,39.749416987101235,37.92840385437012,0.0081855790456756,0.0037251194281531,0.0079983519390225,0.0109332911670207,0.0092299347743391,0.0115893799811601,0.0011769373668357,0.8411068717638652,0.0247375112852278,0.8133140206336975,0.8673911889394125,0.871818741162618,0.8371536334355673,0.8158567746480306,0.1588931307196617,0.0247375016143522,0.1866859924048185,0.132608823167781,0.1281812721863389,0.1628463746358951,0.184143191203475,0.5043496171633403,0.0032504717032398,0.5020576020081838,0.5049802660942078,0.5040998955567678,0.5100637475649515,0.5005465745925903,40.31396649678548,1.865327894431779,41.63984171549479,36.7884833017985,40.55723444620768,42.07872772216797,40.50554529825846,0.0021371720358729,0.0073169344041482,0.0078788977116346,0.0058362605050206,-5.2990391850471497e-05,0.0082574654370546,-0.0112337730824947,0.9477326273918152,0.0670312292539174,1.0624736150105794,0.8550731738408407,0.938285231590271,0.9248989621798196,0.9579321543375652,0.0522673696900407,0.0670312255896068,-0.0624736274282137,0.1449267969777186,0.0617147662366429,0.0751010489960511,0.0420678636680046,0.5259944419066112,0.0281982474963898,0.506551186243693,0.4998980760574341,0.5577826201915741,0.5629667242368063,0.5027736028035482,14.6,7.2,10,14,14,28,7
-700,40.46183220999582,0.7308666218971276,39.86551012311663,40.55065155029297,39.79120799473354,41.81365803309849,40.288133348737446,0.0517399832606315,0.0190630478372086,0.0641472414135932,0.0742663592100143,0.0570468641817569,0.0190139971673488,0.0442254543304443,0.9447174753461566,0.0243792839625972,0.932197834764208,0.9209567989621844,0.9415384616170612,0.9914824025971548,0.9374118787901742,0.0552825298825544,0.0243792865725765,0.0678021689610821,0.0790431978447096,0.0584615405116762,0.0085175942762621,0.0625881478190422,0.5664825337273734,0.0270993974779518,0.6024841921670097,0.5838363936969212,0.5755559546606881,0.5305991428239005,0.5399369852883475,38.04004948933919,0.4459037176709843,37.70817184448242,38.41874758402506,37.643768310546875,37.7036558787028,38.7259038289388,0.0160432667005807,0.0110131074341114,0.0155255980789661,0.0300220251083374,0.0176842641085386,0.0206173956394195,-0.0036329494323581,0.8608817736307779,0.0094336157257728,0.8649746974309286,0.8745250503222147,0.8454424540201823,0.8590039213498434,0.8604627450307211,0.1391182339129348,0.0094336243492437,0.1350253087778886,0.1254749586805701,0.1545575823013981,0.1409960786501566,0.1395372411546608,0.5196118533611298,0.0259268306566575,0.5089451273282369,0.5713691314061483,0.505215972661972,0.5078239639600118,0.5047050714492798,40.250588734944664,2.602455958064914,43.21682866414388,37.41362508138021,42.22014617919922,41.5394655863444,36.8628781636556,0.0057078322512097,0.0088702223325727,0.0012793496716767,0.0172950495034456,-0.0057493667118251,0.0008206109632737,0.0148935178294777,0.9983432372411092,0.125371147557452,1.1675949891408284,0.9126777251561484,1.0217368205388386,1.079640726248423,0.8100659251213074,0.0016567756111423,0.1253711716448209,-0.1675950096299251,0.0873223164429267,-0.0217367969453334,-0.0796407445644338,0.1899341127524773,0.5037661075592041,0.0019930396719135,0.50365016857783,0.505349745353063,0.5004943311214447,0.5030857721964518,0.5062505205472311,15.0,5.89915248150105,16,25,15,7,12
-675,41.199883052280974,0.4722475652331682,40.3265141078404,41.26682826450893,41.40949521745954,41.74909210205078,41.2474855695452,0.0466381467878818,0.0189083873761247,0.0790194347500801,0.0499897338449955,0.0434948951005935,0.0206755325198173,0.0400111377239227,0.9573805025645664,0.0178368674715219,0.926626341683524,0.952072024345398,0.9803740893091474,0.9650695323944092,0.9627605250903538,0.0426194938697985,0.0178368623964526,0.0733736396900245,0.0479279708649431,0.0196259013776268,0.0349304625498397,0.0372394948665584,0.5523121544292995,0.0229853460415887,0.5910450134958539,0.5647752710751125,0.5359086734907967,0.5274414845875331,0.5423903294972011,37.57596346537272,0.4782661971611473,37.30894343058268,37.7664597829183,37.22139994303385,38.43083127339681,37.15218289693197,0.0162761643528938,0.0058127037324019,0.0144445076584815,0.0256788711994886,0.0188645552843809,0.0081252167001366,0.0142676709219813,0.8344260176022849,0.0239017622962023,0.8237675925095876,0.8577171961466471,0.8184325993061066,0.8672427733739217,0.8049699266751608,0.1655739918972055,0.0239017648181867,0.1762324363614122,0.1422828113039334,0.1815673926224311,0.1327572309722503,0.1950300882260004,0.5206206540266674,0.0198302977335099,0.5185986359914144,0.5099631150563558,0.5594184895356497,0.5086049636205038,0.5065180659294128,39.59152132670085,2.098243891316992,41.69448725382487,37.08128356933594,41.34465535481771,40.83042526245117,37.00675519307455,0.009502429747954,0.0068416443679,0.0141812935471534,0.0146009996533393,-0.0027028869371861,0.0148537764325737,0.0065789660438895,0.9521301865577698,0.0652744062463346,1.051858087380727,0.9152396122614542,0.954127589861552,0.9825276732444764,0.8568979700406393,0.0478698304233451,0.065274403299697,-0.0518580802405873,0.0847603951891263,0.0458724703639745,0.0174723376209537,0.1431020291832586,0.5049107094605764,0.0036895958484989,0.5110995570818583,0.5036361416180929,0.5014180243015289,0.5014677047729492,0.5069321195284525,15.0,6.782329983125268,27,15,14,6,13
-650,41.018433162144255,0.3451698376064476,41.585426330566406,40.76712690080915,41.18421445574079,40.59373474121094,40.96166338239397,0.0402904421091079,0.0199257551725097,0.0479931570589542,0.0264984052628278,0.020083038136363,0.075592003762722,0.0312856063246727,0.9647298676627024,0.0186390546299,0.9889199137687684,0.968458150114332,0.976325409752982,0.9344163281576974,0.9555295365197318,0.0352701330557465,0.0186390571390813,0.0110800899565219,0.0315418554736035,0.0236745768093637,0.065583677430238,0.0444704656090055,0.5430020110947744,0.0139272342895668,0.5479632275445121,0.5424380217279706,0.5242117643356323,0.5658230951854161,0.5345739466803414,37.56911303202312,0.537553849047222,36.97364234924317,38.15514119466146,38.23039563496908,37.46349271138509,37.02289326985677,0.0119287349283695,0.0110168117644019,0.013513546437025,0.0187626592814922,-0.0054886573925614,0.026766899973154,0.0060892263427376,0.8460601647694904,0.0382932512978052,0.831210215886434,0.9027703801790872,0.8757747411727905,0.8252870837847391,0.7952584028244019,0.1539398547572394,0.0382932485349932,0.1687898210560282,0.097229605851074,0.1242253178109725,0.1747129466384649,0.2047415824296573,0.5103364030520121,0.005318142607056,0.5133826732635498,0.5126640995343527,0.5027990937232971,0.5172303120295206,0.5056058367093405,40.52830479939779,2.4182720410337253,41.017564137776695,36.830039978027344,44.20351028442383,41.219286600748696,39.37112299601237,0.0091272497782483,0.0078636849833644,0.0151275200769305,0.0013986248522996,0.0065042111091315,0.02123031206429,0.00137558078859,1.0193608800570169,0.075913995800527,1.0965255697568257,0.9134623805681864,1.1137821276982625,1.003443479537964,0.9695908427238464,-0.0193608601111918,0.0759140070695797,-0.0965255806222558,0.0865376575384289,-0.1137821013107895,-0.0034434677412112,0.0304091915798683,0.5177321195602416,0.0408565387465008,0.4528582990169525,0.5069448749224345,0.557205448547999,0.5658957958221436,0.5057561794916788,13.2,6.910861017268399,15,8,8,26,9
-625,40.73206569126675,0.5339732559236586,40.304292406354634,41.74950517926897,40.5659555707659,40.30795342581613,40.73262187412807,0.0453286580741405,0.0152000406472699,0.0740990117192268,0.0463850237429142,0.0373910404741764,0.0309355668723583,0.0378326475620269,0.9477324979645866,0.018033141698793,0.912965748991285,0.9620010597365244,0.96095210313797,0.9488812599863324,0.9538623179708208,0.0522675080490963,0.0180331396834226,0.0870342499443462,0.0379989503749779,0.0390478912740945,0.0511187578418425,0.0461376908102205,0.5508100526673453,0.0254381902871684,0.5976928302219936,0.5298145072800773,0.5291270528520856,0.5563796247754779,0.5410362482070923,37.743659464518224,0.4713706242044523,37.953715006510414,38.020596186319985,38.22679901123047,37.636834462483726,36.88035265604655,0.0114362384658306,0.007506162660088,0.0198812820017337,0.0157340802252292,-0.0022442408371716,0.0133759416639804,0.0104341292753815,0.834002697467804,0.0312044876287531,0.816846231619517,0.829496165116628,0.8717654546101888,0.8646718064943949,0.787233829498291,0.1659973161295056,0.0312044795971538,0.1831537960097193,0.1705038404713074,0.1282345810905099,0.1353281981622179,0.2127661649137735,0.5080318888028463,0.0048675628100478,0.5165359377861023,0.5067091782887777,0.5022932887077332,0.5095936258633932,0.5050274133682251,40.91411425272624,3.071097789971428,45.649697621663414,37.30065727233887,43.279371897379555,39.16729482014974,39.17354965209961,0.0072333360556513,0.0043509358723374,0.0078129693865776,0.014133651740849,0.0029871379956603,0.0090402094647288,0.0021927116904407,0.9884084065755208,0.087048487946537,1.109096089998881,0.8652160962422689,1.0627297759056091,0.9571285247802734,0.9478715459505715,0.0115916058421134,0.0870484815978879,-0.1090960771155854,0.134783933404833,-0.0627297246828675,0.0428714503844579,0.0521284472197294,0.505055954058965,0.0362550741004422,0.5058058500289917,0.4452420075734456,0.5596656501293182,0.5063498814900717,0.508216381072998,15.0,8.148619514985345,31,14,10,10,10
-600,41.41883501325334,0.6946767022471111,42.60162190028599,41.01781136648996,40.8770751953125,40.783678327287944,41.81398827689035,0.0325891271233558,0.0158684166917545,0.0130127575248479,0.0432601794600486,0.0373170524835586,0.053793903440237,0.0155617427080869,0.9757419518062048,0.0107312263469119,0.9896744745118278,0.9722320522580828,0.970308644430978,0.9604528801781792,0.9860417076519558,0.0242580433841794,0.0107312331215716,0.0103255114518105,0.0277679434179195,0.0296913643500634,0.0395471192896366,0.0139582784114671,0.5302786495004381,0.0082952539265445,0.5241620796067374,0.5445418442998614,0.531988229070391,0.5304353279726846,0.5202657665525164,37.808610407511395,0.8198425312142109,39.2911491394043,38.030025482177734,37.29162915547689,37.481621424357094,36.94862683614095,0.0158468082547187,0.0111516780509037,0.0038091447204351,0.0192439928650856,0.0120185371488332,0.0357370041310787,0.0084253624081611,0.8491341233253479,0.035704338775849,0.8928300142288208,0.8805293639500936,0.8299375375111898,0.8490112821261088,0.7933624188105265,0.1508658997093637,0.0357043431847665,0.1071700192987918,0.1194706497093041,0.1700624966373046,0.1509887153903643,0.2066376175110539,0.5055956463019052,0.0021333947173077,0.5034985542297363,0.5048082868258158,0.5051701168219248,0.5097082853317261,0.5047929883003235,40.15199877421061,2.261675063408286,43.75100072224935,37.00167274475098,40.75037384033203,40.57512283325195,38.68182373046875,0.0041880535893142,0.0026882595320749,0.0062652323395013,0.0080201430246233,0.0039301314391195,0.0021035741083323,0.0006211870349943,0.980489182472229,0.0623210238101914,1.072632888952891,0.9100068410237632,0.9566052754720052,1.0335062146186829,0.9296946922938027,0.0195108147027591,0.062321012682836,-0.0726328690846761,0.0899931446959575,0.043394723907113,-0.0335062180335323,0.0703052920289337,0.5047343810399372,0.0037893865351271,0.5006293753782908,0.5034157335758209,0.5015925566355387,0.5108409325281779,0.5071933070818583,9.6,3.1368774282716245,6,10,10,15,7
-575,40.47117898123605,0.3210987598668641,40.51988547188895,40.72786494663784,39.84686497279576,40.68825313023159,40.57302638462612,0.0545017819851636,0.0187404823827622,0.0413110964000225,0.0259086433798074,0.0793487504124641,0.064324140548706,0.0616162791848182,0.9330857515335084,0.0165778536768,0.9360225115503584,0.9600733603749956,0.91029520545687,0.9363128032003132,0.9227248770850044,0.0669142481471811,0.0165778566079062,0.0639774871191808,0.0399266335048845,0.0897047956074987,0.0636871967996869,0.0772751277046544,0.568291732243129,0.0235991222609758,0.5459625976426261,0.535712650844029,0.5983939341136387,0.583017919744764,0.578371558870588,37.63206011454265,0.3576614276476365,37.361080169677734,37.08559036254883,37.885707219441734,38.06274922688802,37.7651735941569,0.0225861003622412,0.0113219530368577,0.0099622616544365,0.0118722338229417,0.0304631534963846,0.0399398617446422,0.020692991092801,0.8311485230922699,0.0191371655577728,0.8140388131141663,0.8161712984244028,0.8448843955993652,0.8621991674105326,0.8184489409128824,0.1688514723132053,0.0191371619248978,0.1859611744681994,0.1838287028173605,0.1551155963291724,0.1378008375565211,0.1815510503947734,0.5337789058685303,0.0450814359138267,0.5060198903083801,0.5100076794624329,0.5116372108459473,0.5175959467887878,0.6236338019371033,41.26935806274414,2.84350541349533,44.498860677083336,36.09081268310547,40.94644292195638,42.90304438273112,41.9076296488444,0.0031049203826114,0.0077546261146786,0.0053766956552863,0.0013071564026176,-0.0061202715151011,0.0166697017848491,-0.0017086804145947,1.0179616729418437,0.1077430074274776,1.1188096801439922,0.8480045398076376,0.9368152419726054,1.1166894634564717,1.0694894393285117,-0.0179616697753469,0.1077430153770687,-0.1188096410284439,0.1519954999287923,0.0631847400218248,-0.1166894764949878,-0.0694894713039199,0.5170056442419688,0.0248224953942893,0.503726601600647,0.4988176723321278,0.5040935277938843,0.5658613840738932,0.5125290354092916,16.0,5.585696017507576,12,7,21,21,19
-550,40.68823274884905,0.4606433915571253,40.258639744349885,41.14112363542829,40.28934914725168,41.34595162527902,40.40609959193638,0.0434681378304958,0.0176514956968624,0.0675916820764541,0.0255906339734792,0.0602144859731197,0.0245033148676157,0.0394405722618103,0.9571481806891304,0.0194390840038308,0.9301521522658212,0.97219603402274,0.939707773072379,0.9817962220736912,0.9618887220110212,0.042851822078228,0.0194390820568815,0.0698478514594691,0.0278039750243936,0.060292222137962,0.018203780055046,0.038111281714269,0.5427827273096357,0.0190966982587473,0.5754609448569161,0.5203393612589154,0.5492278252329145,0.5284762127058846,0.5404092924935477,37.57452685038249,0.8075190571388257,36.55323028564453,38.722124099731445,37.66347821553549,36.80760955810547,38.12619209289551,0.0128644082229584,0.0110530844982672,0.0247641708701849,-0.0033158543519675,0.0189752057194709,0.0211261678487062,0.0027723510283976,0.8413331508636475,0.0399433865173116,0.7945340077082316,0.9017469684282938,0.8507033983866373,0.7999623815218607,0.8597189982732137,0.1586668740957975,0.03994338818916,0.2054660202314456,0.0982530458519856,0.1492966239651044,0.200037638656795,0.140281041773657,0.5190866867701212,0.0231092759844093,0.5155625740687052,0.5041865309079488,0.5645745793978373,0.5051127672195435,0.5059969822565714,40.638369242350265,1.9868668627248105,41.09205118815104,36.92576344807943,42.86351521809896,41.51809946695963,40.79241689046224,0.0042964672204107,0.0112357465545309,0.0190709680318832,-0.0133601035922765,0.0072228903882205,-0.0025302923750132,0.0110788736492395,1.0150474429130554,0.0662843034851999,1.0140276352564497,0.8884106675783793,1.045646071434021,1.0516656637191772,1.0754871765772502,-0.0150474316130081,0.0662842934276109,-0.0140276541933417,0.1115893324216206,-0.0456460819890101,-0.0516655982161561,-0.0754871560881535,0.5060186247030894,0.0045007065427146,0.5125404993693033,0.5005325476328532,0.5054911673069,0.5020066301027933,0.509522279103597,12.6,4.923413450036469,21,8,15,8,11
-525,41.10079912458148,0.5435050951474664,42.0841429574149,41.14610072544643,40.7954352242606,40.46243068150112,41.01588603428432,0.0438203135505318,0.0193651430152511,0.0109977843239903,0.0585338622331619,0.0625370144844055,0.0327754728496074,0.054257433861494,0.9584675805909294,0.0277386743466135,1.0093272072928292,0.9564085177012852,0.927291887147086,0.9576859303883144,0.9416243604251316,0.0415324032306671,0.0277386754067048,-0.0093272305758936,0.0435914689941065,0.0727080835827759,0.0423140598993216,0.058375634253025,0.5506285429000854,0.0246751726607712,0.516355574131012,0.5613942997796195,0.5804783616747174,0.5269309537751334,0.5679835251399449,37.77668940226237,0.1942772151147908,38.03866068522135,37.819531758626304,37.60349782307943,37.910373051961265,37.5113836924235,0.0203203783370554,0.0090155291103556,0.0031990152783691,0.0236597266048192,0.0199334621429443,0.0282929595559835,0.0265167281031608,0.8399927834669748,0.0246994826037896,0.8803719282150269,0.8468093077341715,0.8189682761828104,0.8440665602684021,0.8097478449344635,0.1600072130871315,0.0246994797324263,0.119628078614672,0.1531906955254574,0.1810316865642865,0.1559334273139635,0.1902521774172783,0.5414480368296306,0.0475894323190552,0.506031354268392,0.5089655121167501,0.5060810645421346,0.5582132339477539,0.6279490192731222,40.71665407816569,2.3977067125927767,40.56678009033203,36.42854118347168,43.11621856689453,42.853702545166016,40.618028004964195,0.0042928158305585,0.0091438734581266,0.0065357396379113,0.0165713150054216,0.0053770095109939,-0.0118561517447233,0.004836166743189,0.995076549053192,0.0671376831275977,1.0174324909845989,0.8679846326510111,1.0020722945531209,1.0669649442036946,1.0209283828735352,0.0049234536476433,0.0671376891642125,-0.0174324967277546,0.1320153654863437,-0.0020722312231858,-0.0669649764895439,-0.0209283928076426,0.5278255144755045,0.0258618455519638,0.5040209094683329,0.5014435052871704,0.5586769978205363,0.5592044591903687,0.5157817006111145,13.8,5.381449618829484,6,14,21,10,18
-500,40.49249649047851,0.2424812260922422,40.54647445678711,40.044232504708425,40.77963202340262,40.577249254499165,40.51489421299526,0.065137019008398,0.018782794385709,0.0747836083173751,0.0942769721150398,0.0582913048565387,0.0606731511652469,0.0376600585877895,0.934774615083422,0.0184227968079425,0.9274405751909528,0.9041945508548191,0.9496980479785374,0.9357562831469944,0.956783618245806,0.0652253765346748,0.0184228016836442,0.0725594141653605,0.0958054512739181,0.0503019198243107,0.0642437147242682,0.0432163826855165,0.5673605765615191,0.0179440631346887,0.5831565942083087,0.5908042022160122,0.5532530971935817,0.5669599260602679,0.542629063129425,37.33169326782227,0.6264194573244644,37.60439364115397,38.18115552266439,37.634836196899414,36.44814364115397,36.789937337239586,0.0221530087292194,0.0058133368251248,0.0201602298766374,0.0306129772216081,0.0199122615158557,0.026343747973442,0.0137358270585536,0.8190081973870594,0.0298783074526182,0.8457545638084412,0.8274569312731425,0.8526214162508646,0.7940823336442312,0.7751257419586182,0.1809918120813866,0.0298783131398559,0.1542454250156879,0.1725431053588787,0.1473785856117805,0.2059176640274624,0.2248742803931236,0.51174422899882,0.0044555738749439,0.5167793035507202,0.5166799227396647,0.5076888998349508,0.5115798711776733,0.5059931476910909,39.57914454142253,1.9358574836543452,41.983479817708336,36.33572896321615,40.91676712036133,38.8181889851888,39.84155782063802,0.007840273855254,0.0070959468921655,0.011899784207344,0.0172507092356681,0.0008621682645753,0.0107975965365767,-0.001608888967894,0.9507482171058654,0.0843600653881564,1.0722582737604778,0.8254697521527609,0.9655060370763144,0.8960318764050802,0.9944751461346945,0.0492517835771044,0.0843600837038313,-0.0722582833841443,0.1745302950342496,0.0344939610610405,0.1039681155234575,0.0055248296509186,0.5295839647452036,0.0269724687569099,0.508580764134725,0.50373042623202,0.5593981146812439,0.5654358466466268,0.5107746720314026,17.8,6.273754856543249,22,27,12,18,10
-475,40.96031537737166,0.2895915327874183,41.277235303606304,41.08519036429269,40.67239325387137,40.56046513148716,41.20629283360073,0.0434144936501979,0.006253172633721,0.0439385212957859,0.0433465465903282,0.0341841615736484,0.0537823736667633,0.041820865124464,0.958987970011575,0.0094484210813551,0.9532583015305656,0.9646866491862706,0.9608604567391532,0.9443585106304714,0.9717759319714138,0.0410120312390582,0.009448417451349,0.0467417008642639,0.0353133428309644,0.0391395527071186,0.0556414827172245,0.0282240770757198,0.5388375835759299,0.0068354245034511,0.5332648158073425,0.538348845073155,0.5378219400133405,0.5517635430608477,0.5329887739249638,37.816679509480785,0.5326668141084225,38.23250071207682,36.975847244262695,38.48873392740885,37.8613707224528,37.5249449412028,0.0231643225997686,0.0092568872811236,0.0128224045038223,0.0323761403560638,0.0221241693943738,0.035047598183155,0.013451300561428,0.8474456330140432,0.0294668301977436,0.8551613887151083,0.8154392739137014,0.8975747227668762,0.8488580187161764,0.8201947609583536,0.152554375740389,0.0294668367342159,0.1448386069387197,0.1845607543364167,0.1024252772331237,0.1511419992893934,0.1798052409042914,0.5187623182932535,0.0209300021422175,0.5605370998382568,0.5101835131645203,0.5071117679278055,0.5093604922294617,0.5066187183062235,40.09729232788086,2.218415131851745,42.64151128133138,36.46327463785807,39.19388326009115,42.124698638916016,40.06309382120768,0.0026772168115712,0.0059410231521047,0.0080160750076174,0.0110827973112463,-0.0021868732292205,0.0009046183549799,-0.0044305333867669,0.9769531448682148,0.0945432427777349,1.0387270251909893,0.8535656332969666,0.8711877266565958,1.075766106446584,1.045519232749939,0.0230468560941517,0.0945432484445936,-0.0387270463009675,0.1464343435751895,0.1288123186677694,-0.0757660962020357,-0.0455192392691969,0.5054445405801137,0.0019401380403393,0.5029290517171224,0.5067703127861023,0.5034208397070566,0.5079105893770853,0.5061919093132019,11.6,2.5768197453450252,13,10,10,16,9
-450,41.12262507847377,0.5160631099364871,40.38814435686384,40.67167500087193,41.23772811889648,41.69479097638811,41.62078693934849,0.0662596307694911,0.0243229412062194,0.0831771343946456,0.0729826316237449,0.0768268331885337,0.0802192389965057,0.0180923156440258,0.9330457125391278,0.0257641115077399,0.9034870607512338,0.9206767848559788,0.9217586517333984,0.9403017248426164,0.979004340512412,0.0669542795446302,0.0257641107890055,0.0965129296694483,0.0793231943888323,0.0782413461378642,0.0596982788826738,0.0209956486443323,0.5708411131586347,0.0321111670851269,0.6207115394728524,0.554075402872903,0.5803194642066956,0.5759218079703194,0.5231773512704032,37.77414538065592,0.4160047913950029,36.94950167338053,37.98423703511556,38.0781135559082,37.945191065470375,37.913683573404946,0.0247864639386534,0.0138663022428215,0.028533274307847,0.0131868030875921,0.0212701186537742,0.0496516115963459,0.011290512047708,0.8301464001337688,0.0163456571779467,0.8051891922950745,0.8223057587941488,0.8527007102966309,0.8285449743270874,0.8419913649559021,0.1698536120355129,0.0163456432168524,0.1948108095675707,0.1776942266151309,0.1472993334755301,0.1714550455411275,0.1580086449782053,0.5134761730829875,0.0058477033648025,0.5193184812863668,0.513005534807841,0.5089081724484762,0.520671526590983,0.5054771502812704,41.10755627950032,3.161327046551317,44.32978312174479,36.48861757914225,41.62529627482096,44.51337432861328,38.580710093180336,0.0066719031936372,0.0058429454673819,-0.0001055751708918,0.0040487674996256,0.0048237708397209,0.0173560325056314,0.0072365202941,1.0013150572776794,0.1222929992522704,1.155112346013387,0.8289504845937093,0.9659602443377177,1.1249998807907104,0.9315523306528728,-0.0013150501375397,0.1222929808178076,-0.155112273680667,0.1710495005051295,0.0340397494534651,-0.1249999000380436,0.0684476730724175,0.5200366218884787,0.0200805602089688,0.5088903506596884,0.5062505006790161,0.5591445763905843,0.5189464489618937,0.5069512327512106,21.4,8.957678270623477,24,20,21,35,7
-425,40.96073434012277,0.658009325034951,40.34335054670061,40.147826058524,41.372938428606304,41.93600518362863,41.0035514831543,0.0505256563425064,0.013843394742238,0.042745865881443,0.0718836635351181,0.0334727428853511,0.0437580160796642,0.0607679933309555,0.9519069041524616,0.0231600130498369,0.9455875498907906,0.929717140538352,0.9952811428478786,0.9533569301877703,0.935591757297516,0.0480931000517947,0.0231600090218161,0.0544124535684074,0.0702828615903854,0.0047188693923609,0.0466430730053356,0.0644082427024841,0.5491942048072815,0.0149043881469895,0.5584747195243835,0.5661436149052211,0.5335777061326163,0.5291041220937457,0.5586708613804409,37.58401667277018,0.3578456159591584,37.64408493041992,37.874551137288414,37.75911966959635,37.759002049764,36.88332557678223,0.0269362846389412,0.0064110452997753,0.0146524282172322,0.0324388332664966,0.026892352849245,0.0310708675533533,0.0296269413083791,0.8335333466529846,0.0269584249338144,0.8540381789207458,0.84708571434021,0.8587791721026102,0.8216848174730936,0.7860788504282633,0.1664666784306367,0.0269584115616584,0.145961865161856,0.1529143036653598,0.1412208657711744,0.1783152079830567,0.2139211495717366,0.5212281147638957,0.0210295896184423,0.5085985859235128,0.5130437612533569,0.5628533363342285,0.5066085060437521,0.515036384264628,39.98183224995931,2.5983080405332837,41.48000844319662,36.365021387736,39.54332478841146,43.99612935384115,38.52467727661133,0.0027298731729388,0.0123880571503503,0.0105694122612476,0.0127410255372524,-0.0167161095887422,-0.0071077886968851,0.0141628263518214,0.9622162659962972,0.0873790839784426,1.0456743637720745,0.8588159481684366,0.8877999583880106,1.0819527109464009,0.9368383487065634,0.0377837451019634,0.0873791015919303,-0.0456743765777597,0.1411840679744879,0.1122000863154729,-0.0819527208805084,0.0631616686781247,0.51974894007047,0.0217191783884062,0.5052809516588846,0.5607065558433533,0.5026844243208567,0.5067856113115946,0.5232871572176615,13.8,3.487119154832538,11,18,10,12,18
-400,40.8822632925851,0.381078556612184,41.43307713099888,41.01165281023298,40.458993094308035,41.06508581978934,40.44250760759626,0.0531211249530315,0.0195456732869992,0.0314258113503456,0.0807021707296371,0.059820007532835,0.0301749184727668,0.063482716679573,0.9412933162280492,0.0190728966321185,0.9683687601770672,0.9321656312261308,0.928920567035675,0.9589246426309858,0.9180869800703866,0.0587066845170089,0.0190728991960807,0.0316312415525317,0.0678343746278967,0.0710794393505368,0.0410753476566502,0.081913019397429,0.562266789163862,0.0203158668623274,0.5467570509229388,0.5891546777316502,0.577253554548536,0.5328361902918134,0.5653324723243713,37.75191637674968,0.5493505254947966,37.92018445332845,38.59504954020182,37.86891110738119,37.43207041422526,36.943366368611656,0.0170221529901027,0.0056023933992118,0.0187137238681316,0.0250897873193025,0.0159430429339408,0.0076746400445699,0.0176895707845687,0.8435441970825195,0.0332912471903725,0.8754187822341919,0.8704115152359009,0.8552600940068563,0.8326492309570312,0.7839813629786173,0.1564558140623073,0.0332912537515829,0.1245812292521198,0.1295884934564431,0.1447399177898963,0.1673507605058451,0.2160186693072319,0.524962882200877,0.0270611319039172,0.5098305940628052,0.5788554747899374,0.5163117051124573,0.5098637143770853,0.5099529226620992,39.581166458129886,2.047442677330847,42.477264404296875,37.24388567606608,41.51501210530599,38.697739919026695,37.971930185953774,0.0097694221884012,0.0018634029320729,0.0083553688600659,0.0127502912655472,0.0111725656315684,0.0080641191452741,0.0085047660395503,0.946623186270396,0.0918750438278147,1.1160105069478352,0.8833941419919332,0.972868800163269,0.8859400550524393,0.8749024271965027,0.0533768165856599,0.0918750432925249,-0.1160105057060718,0.1166058884312709,0.0271312075977524,0.1140599406013886,0.1250975520039598,0.5080288330713908,0.003094525065108,0.5045585632324219,0.5108676751454672,0.5054886341094971,0.5067601402600607,0.5124691526095072,15.6,5.351635264103861,11,25,15,10,17
-375,40.99614018031529,0.8285009692684879,39.97804968697684,40.927163805280415,40.383644104003906,41.311414991106304,42.380428314208984,0.0546474572271108,0.0201577090645328,0.0898052379488945,0.0545027218759059,0.0566397793591022,0.0434559881687164,0.0288335587829351,0.948934294496264,0.0268748125852328,0.9129445041928972,0.937831393310002,0.9350398778915404,0.97106214932033,0.9877935477665492,0.0510656868772847,0.0268748173854731,0.0870554840990475,0.0621685941836663,0.0649601024176393,0.028937824735684,0.0122064289503863,0.5631485887936183,0.023539151296909,0.5963004742349897,0.5539825814110892,0.5784520677157811,0.560553422995976,0.5264543976102557,37.60005162556966,0.4108814263151592,37.11489677429199,37.810778299967446,37.26633580525717,37.538028717041016,38.27021853129069,0.0249687140807509,0.0094078494339053,0.0302207544445991,0.0177948847413063,0.0210815966129302,0.0407477356493473,0.0149985989555716,0.8356614470481872,0.0189190237325049,0.807325522104899,0.8381496071815491,0.8218673268953959,0.8569847941398621,0.8539799849192301,0.1643385586639245,0.0189190216103507,0.1926744673401117,0.1618504154806335,0.1781326880057653,0.1430152133107185,0.1460200091823935,0.5341764171918233,0.0301993519404894,0.5709334015846252,0.5135177175203959,0.5080112417538961,0.571200946966807,0.5072187781333923,41.06188163757325,2.8850955706690793,45.07997131347656,36.12156867980957,40.84550476074219,41.19983418782552,42.06252924601237,0.0051316935569047,0.0050325782804339,0.012093630619347,0.0074910130351781,0.0066170403733849,0.002178052207455,-0.0027212684508413,1.0217474818229677,0.1107757412373952,1.1299582322438555,0.8368989626566569,0.9529165228207906,1.085551381111145,1.1034123102823894,-0.0217474771663546,0.1107757481450971,-0.1299582443510492,0.163101057211558,0.0470834771792093,-0.0855513749023278,-0.1034123009691635,0.5083391944567363,0.0025533707363595,0.5087782343228658,0.5085348884264628,0.5052567521731058,0.5127150615056356,0.5064110358556112,14.4,4.8,23,15,11,14,9
-350,42.354021780831474,1.9063385889247575,42.100120544433594,41.552458081926616,41.140197208949495,40.89873831612723,46.07859475272043,0.0399127890355885,0.0209608628754544,0.0558837316930294,0.053668987005949,0.0581623502075672,0.0275122858583927,0.0043365904130041,0.967637140410287,0.020539996694909,0.940586575439998,0.9538914135524204,0.9617488980293274,0.985305564744132,0.9966532502855572,0.0323628573345818,0.0205400079971769,0.0594134421220847,0.0461085795291832,0.0382511070264237,0.0146944324619003,0.0033467255333172,0.5394069279943194,0.0175991827736361,0.5510264209338597,0.545385445867266,0.5596382788249424,0.5317408697945731,0.5092436245509556,38.356203715006515,0.707781365457808,38.97116788228353,38.440979639689125,37.77757008870443,37.352980295817055,39.238320668538414,0.0212552163749933,0.0093059830670199,0.0208714827895164,0.0240156278014183,0.0357731245458126,0.0187977608293294,0.0068180859088897,0.864251403013865,0.01943987787426,0.8550686637560526,0.8693707585334778,0.851474940776825,0.8455237150192261,0.8998189369837443,0.1357485983520746,0.0194398711081776,0.1449313461780548,0.130629239603877,0.1485250468055407,0.1544762812554836,0.1001810779174168,0.5201589266459147,0.022483462352992,0.5131291151046753,0.5098446011543274,0.5110600590705872,0.5645198027292887,0.502241055170695,40.03457298278808,2.2078111496993236,43.26925404866537,36.519749323527016,39.77373377482096,39.486334482828774,41.123793284098305,0.0032890107424464,0.007634369349117,0.0047791441902518,-0.0003833724476862,0.0097417552024126,0.0117592951282858,-0.009451768361032,0.9534075180689492,0.0745315288968754,1.0344761610031128,0.8420654932657877,0.8948232928911845,0.9711377819379172,1.0245348612467449,0.0465924830796817,0.0745315453330463,-0.0344761488959193,0.1579345494198302,0.1051766894136865,0.028862239792943,-0.0245349143321315,0.5405936578909556,0.0474876252240121,0.5081501205762228,0.5015696287155151,0.5643363495667776,0.6236057678858439,0.5053064227104187,12.0,5.549774770204643,19,12,17,8,4
-325,40.951868765694755,0.5762438646456114,40.81123515537807,42.091369083949495,40.69756807599749,40.56988906860352,40.5892824445452,0.0522725243121385,0.0146736348771529,0.0573914721608161,0.0282774697989225,0.0438853465020656,0.0699429437518119,0.0618653893470764,0.950550319467272,0.0124770430734174,0.9594629321779524,0.9680988533156258,0.9332526411328996,0.9509587287902832,0.9409784419195992,0.049449689766126,0.0124770479740201,0.0405370742082595,0.0319011484139731,0.0667473708412477,0.0490412775959287,0.0590215777712208,0.5456951294626509,0.0163775154022162,0.5536790064402989,0.5133901238441467,0.5489444221769061,0.5554595759936741,0.5570025188582284,38.01269251505534,1.154406815935198,38.138641357421875,37.18999989827474,40.206398010253906,37.40168571472168,37.12673759460449,0.0260089876595884,0.0146708817802965,0.0280178934335708,0.0208023767918348,0.0038746662903577,0.0494973249733448,0.027852676808834,0.8515816311041513,0.0527171362297388,0.9080645243326824,0.8118531703948975,0.9169199466705322,0.837812622388204,0.7832578917344412,0.1484183688337604,0.0527171458892078,0.0919355116784572,0.1881468230858445,0.0830800064528981,0.1621873664359251,0.2167421365156769,0.5158092260360718,0.0088779869809301,0.529335081577301,0.5041445096333822,0.5102930863698324,0.5219939947128296,0.5132794578870138,39.70363235473633,1.9770804465602252,40.47117360432943,36.31678326924642,42.30964787801107,40.29890569051107,39.12165133158366,0.0112993116490542,0.0035347121486501,0.008829896338284,0.0130606424063444,0.0150551563128829,0.0139299388974905,0.0056209242902696,0.9546169916788738,0.0771566214678841,1.063635528087616,0.8379844427108765,0.9499598940213522,1.006472071011861,0.9150330225626628,0.0453830336220562,0.0771566308078267,-0.0636355164460837,0.1620155988881985,0.0500401534760991,-0.0064720576629042,0.0849669898549715,0.532576968272527,0.0259187084937784,0.5174634655316671,0.5027251839637756,0.5583202540874481,0.568568746248881,0.5158071915308634,13.6,4.127953488110059,13,7,12,18,18
-300,50.205040740966794,19.437932549153565,40.290553501674104,40.44419806344168,41.1417487008231,89.07432665143695,40.07437678745815,0.0501825040788389,0.0312354789224691,0.0642610266804695,0.0602470412850379,0.0344610251486301,-0.0003756142104975,0.0923190414905548,0.9388065746852328,0.0371119982051929,0.912418041910444,0.9351884807859148,0.9630213124411446,0.9944942338126046,0.8889108044760567,0.0611934242237891,0.0371119991835426,0.0875819666045052,0.0648115208106381,0.036978687026671,0.0055057596681373,0.1110891870089939,0.556118300982884,0.0349347755281826,0.5643089754240853,0.5764481680733817,0.5509636146681649,0.4928492818559919,0.5960214648927961,38.92100524902344,1.7596100220695878,38.402296702067055,38.26403554280599,37.37066904703776,42.36503982543945,38.20298512776693,0.0172727865952765,0.0113610154178664,0.0088815530762076,0.0213772933930158,0.0235389526933431,0.000207003133255,0.032359130680561,0.8628403345743815,0.0368545192079695,0.8632317185401917,0.8731205860773722,0.8372396032015482,0.924704353014628,0.8159054120381674,0.1371596849833925,0.0368545236824791,0.1367683333034316,0.1268794182687997,0.162760407043,0.0752956547463933,0.1840946115553379,0.511638734738032,0.0414533316398093,0.5134450793266296,0.5152822732925415,0.5104485154151917,0.4440686007340749,0.5749492049217224,40.964307657877605,2.1999970649193963,42.23440297444662,36.72555669148763,41.11129887898763,42.930694580078125,41.81958516438802,0.0111443853937089,0.0101340379742455,0.0175982434302568,0.0066963089630007,0.0121243577450513,-0.0052923574112355,0.0245953742414712,0.968183966477712,0.0557647055935784,1.0339865485827129,0.8738553722699484,0.9745376706123352,0.9473759730656942,1.0111642678578694,0.0318160384272535,0.0557646920874358,-0.0339865200221538,0.1261446221421162,0.0254623303189873,0.0526240061347683,-0.0111642464374502,0.5092743476231892,0.0060473696773927,0.5076035658518473,0.5085055828094482,0.5101121664047241,0.5006548563639323,0.5194955666859945,14.0,9.69535971483266,18,12,9,1,30
-275,51.31935065133232,20.563759660851954,92.42582430158345,41.234627859933035,41.95933369227818,39.908840724400115,41.0681266784668,0.0244516923790797,0.0154523621096461,0.0010773575631901,0.0392097681760787,0.0186750516295433,0.04374710470438,0.0195491798222064,0.9619984575680324,0.0184105903595991,0.9955258880342756,0.9503694346972874,0.961763858795166,0.9411487919943672,0.9611843143190656,0.0380015470220574,0.0184105857094476,0.0044741206802427,0.0496305554573025,0.0382361659514052,0.0588512066751718,0.0388156863461647,0.5295279383659363,0.0159212573459066,0.500691260610308,0.5448148506028312,0.5258023227964129,0.5425865394728524,0.533744718347277,38.56663640340169,1.1243403802480705,39.42259852091471,39.23931884765625,38.96011606852213,36.35389010111491,38.85725847880045,0.0115533801086712,0.0086626081571661,0.0047372221015393,0.0152028147131204,0.0119464108720421,0.0254186950623989,0.0004617577942553,0.8570878704388936,0.0414636279475929,0.8827333052953085,0.8863678375879923,0.8804288307825724,0.7762800852457682,0.8596292932828268,0.1429121373066057,0.0414636219091596,0.1172667384768525,0.1136321797966957,0.1195711496596535,0.2237199137452989,0.1403707048545281,0.5055291394392649,0.0035526636233454,0.5016116797924042,0.5107109745343527,0.5048363208770752,0.5084265867869059,0.5020601352055868,41.603247706095374,2.789450613917389,44.83977254231771,37.269985834757485,44.33677546183268,40.136313120524086,41.43339157104492,0.0043646190548315,0.0030522677173853,0.001858715317212,0.0098262699320912,0.00132717192173,0.0051938486285507,0.0036170894745737,0.9999118685722352,0.0842034528791424,1.108837882677714,0.8707384268442789,1.0627006491025288,0.9466010729471842,1.0106813112894697,8.814651519060378e-05,0.0842034325359292,-0.1088378261774778,0.1292615582545598,-0.0627006360640128,0.0533989357451597,-0.0106812991822759,0.5150351981321971,0.0213702218777817,0.5016205906867981,0.5054733355840048,0.5576615830262502,0.5062059164047241,0.5042145649592081,7.0,3.794733192202055,1,12,6,10,6
-250,40.76923228672573,0.7037964360182217,40.157772064208984,40.84959030151367,40.79133551461356,42.01526532854353,40.03219822474888,0.055862695723772,0.0307537533600785,0.1026332527399063,0.0288215093314647,0.05066429823637,0.0196346640586853,0.0775597542524337,0.9426428249904087,0.0294698443884922,0.8983566931315831,0.95232173374721,0.9571771792003086,0.9832955002784728,0.9220630185944694,0.0573571723220603,0.0294698508205045,0.1016433068684169,0.0476782681154353,0.0428228077611752,0.0167044862838728,0.0779369925814015,0.5521779877798899,0.0318850315562442,0.6069714001246861,0.5243264096123832,0.5338032160486493,0.5263199550764901,0.5694689580372402,37.547586568196614,0.4485253107676757,36.8488655090332,37.51632499694824,37.59226989746094,38.26431655883789,37.5161558787028,0.0260197354480624,0.0119226892478179,0.0428214259445667,0.0091707380488514,0.0277030598372221,0.0168233253061771,0.0335801281034946,0.8235101103782654,0.020502722794883,0.8000801602999369,0.8256457149982452,0.8352377414703369,0.8544180393218994,0.8021688958009084,0.1764898965135217,0.0205027157767362,0.1999198546012242,0.1743542440235614,0.1647623144090175,0.1455819721644123,0.1978310973693927,0.5028407990932464,0.0213736276840684,0.526076058546702,0.5083718101183573,0.5110537012418112,0.5062887271245321,0.4624136984348297,40.786217880249026,2.4880119001342633,43.93142827351888,36.46211306254069,42.278631846110024,40.42410659790039,40.83480962117513,0.00638053198345,0.0078211466029025,0.0208860468119382,0.00222800206393,0.0025036961305886,-0.0014509125612676,0.0077358274720609,0.986611835161845,0.0928814460766305,1.1166966954867046,0.83465043703715,1.0017487208048503,0.9521092375119528,1.027854084968567,0.013388168796276,0.0928814501102984,-0.1166966992119948,0.1653495710343122,-0.0017487052828073,0.0478907676879316,-0.0278540902460614,0.5196253657341005,0.0260522857679194,0.571226437886556,0.5032513936360677,0.506320575873057,0.503893514474233,0.513434906800588,14.2,7.386474125047755,26,8,12,6,19
-225,41.64679554530552,1.9705330236927,39.9489996773856,45.35057558332171,40.676789964948384,41.946414947509766,40.31119755336216,0.0375748103484511,0.0179913691345751,0.0647154673933982,0.0088792657479643,0.0409716181457042,0.0319018699228763,0.0414058305323123,0.9592613782201496,0.028714777344878,0.9159314547266278,0.9966346195765904,0.9501057948384968,0.9848513092313494,0.9487837127276828,0.0407386152206787,0.0287147846066865,0.0840685410158974,0.0033653576060065,0.0498942106163927,0.015148678528411,0.0512162883366857,0.5379085574831282,0.0243150201563382,0.5831233007567269,0.5093670231955392,0.5334373797689166,0.5306515523365566,0.5329635313579014,37.96789487202962,1.358369971205639,37.54633585611979,40.5645383199056,37.67431831359863,36.55314064025879,37.5011412302653,0.0181688867509365,0.0086910909557287,0.0174031276255846,0.0119158020243048,0.016338525339961,0.0347483940422534,0.0104385847225785,0.8426109850406647,0.0444273288318587,0.8436047037442526,0.922054648399353,0.8390956322352091,0.7870356837908427,0.821264257033666,0.1573890257937212,0.0444273157167068,0.1563952788710594,0.0779453897848725,0.1609043620216349,0.2129642954096198,0.1787358028814196,0.5093844294548033,0.0051544754799312,0.5160212318102518,0.5034335652987162,0.5081246495246887,0.5147522687911987,0.5045904318491617,40.26614316304525,1.439197067232838,41.379398345947266,39.06952985127767,42.5017204284668,39.620957692464195,38.75910949707031,0.0064690187107771,0.0066382697379596,0.011408275924623,-0.0050670173950493,0.0122622195631265,0.0106769008561968,0.0030647146049886,0.9879286050796507,0.0524941086736842,1.0732526381810503,0.9286012252171836,1.014964759349823,0.981918732325236,0.9409056703249612,0.0120714007411152,0.0524940990277192,-0.0732526133457819,0.071398736986642,-0.0149647779762744,0.0180813049276669,0.0590943531133234,0.4955419917901357,0.0226092438910812,0.4507255256175995,0.5011963248252869,0.5070646206537882,0.5099363525708517,0.5087871352831522,9.2,2.7856776554368237,12,4,11,10,9
-200,51.30348347255161,20.34293150603417,45.39278902326311,91.75151770455496,39.26166370936802,39.76858629499163,40.342860630580354,0.053258442133665,0.0422052444417334,0.0068684457801282,0.0006792792119085,0.0685469806194305,0.1063870340585708,0.0838104709982872,0.9467390963009426,0.0442125579794043,0.9994181650025504,1.000785836151668,0.9165707656315396,0.897575386932918,0.919345327786037,0.0532609084088887,0.0442125545680223,0.0005818279460072,-0.0007858082119907,0.0834292380937508,0.1024246269038745,0.0806546573128019,0.5651891589164733,0.0482577463322883,0.5150320189339774,0.5034628936222622,0.5892633284841265,0.6301102382796151,0.5880773152623858,38.19100379943848,1.3771484088120172,39.152784983317055,40.44688034057617,37.10962231953939,37.21630732218424,37.02942403157552,0.027925758017227,0.0192050002383112,0.0122788054868578,-0.0008289173711091,0.0361453481018543,0.0510352477431297,0.0409983061254024,0.8371597846349079,0.0460162687233913,0.8699231743812561,0.9094888965288798,0.8177143732706705,0.805215318997701,0.7834571599960327,0.1628402294280628,0.046016266988083,0.130076810096701,0.0905111365330715,0.182285651564598,0.1947847039749225,0.216542844971021,0.5281052072842916,0.0291621565058393,0.5040769577026367,0.5019238193829855,0.5174507300059,0.5359143018722534,0.5811602274576823,40.73868395487467,2.0850627746485064,43.78094736735026,38.38905016581217,39.96729532877604,42.56175994873047,38.99436696370443,0.0138387458515353,0.0117336846025059,-0.0002824961557053,0.0047819167375564,0.0111097926273942,0.0324458852410316,0.0211386308073997,0.9713195284207664,0.0741499367564872,1.0460307399431863,0.8939793109893799,0.9089797933896384,1.074270486831665,0.9333373109499612,0.0286804874117175,0.0741499334037076,-0.0460307141765952,0.1060207029804587,0.0910202149922649,-0.0742704719305038,0.0666627051929632,0.4902178903420766,0.0292656252049288,0.4461478491624196,0.5006000697612762,0.512345572312673,0.4670499861240387,0.5249459743499756,14.2,10.571660229122008,4,1,15,29,22
-175,42.81832438877651,2.083547938483295,45.60006659371512,40.68150329589844,42.19312885829381,44.9310428074428,40.68588038853237,0.0284256255254149,0.0280282286658283,0.0093252602964639,0.0831469967961311,0.0148651888594031,0.008985947817564,0.0258047338575124,0.9607547317232404,0.0301859798455682,0.9910281130245754,0.9101127811840602,0.9724455646106176,0.9863133430480956,0.9438738567488534,0.0392452713102102,0.0301859725163242,0.0089718972199729,0.0898872113653591,0.0275544402123029,0.0136866684936519,0.0561261392597641,0.540797644002097,0.0300998712064219,0.5173831922667367,0.5981662443705967,0.5173100403376988,0.5290768231664386,0.5420519198690142,38.81399586995443,0.7355553579144101,39.828712463378906,37.920281728108726,39.457462310791016,38.72380447387695,38.13971837361654,0.0145566386636346,0.0127967812461795,-0.0038530111778527,0.0349965617060661,0.0202375371009111,0.0105026857927441,0.0108994198963046,0.864738655090332,0.0226972559950422,0.9063605666160583,0.8502792716026306,0.8702004750569662,0.8544416427612305,0.8424113194147745,0.1352613430470228,0.0226972570308033,0.0936394262438019,0.1497207495073477,0.1297995386024316,0.1455583227798342,0.1575886781016985,0.508446458975474,0.0099767378001324,0.5022028287251791,0.5283374985059103,0.5034361084302267,0.5035635232925415,0.5046923359235128,40.883771387736,2.74700644171928,43.94214884440104,36.47591972351074,41.09472783406576,43.48462804158529,39.42143249511719,0.0018746814399491,0.0061438569068223,0.0065384320914745,0.0093994624912738,-0.0084042139351367,0.0021204762160778,-0.0002807496639434,0.959371562798818,0.0843472064696087,1.0545408328374226,0.8516649007797241,0.8904359141985575,1.0586029092470806,0.9416132569313048,0.0406284299989541,0.0843471935801215,-0.0545408191780249,0.1483350892861684,0.1095640311638514,-0.0586029129723707,0.0583867616951465,0.4938294152418773,0.0252844661506844,0.499555359284083,0.5162212451299032,0.5016919374465942,0.4445884227752685,0.5070901115735372,9.2,7.138627319029899,4,23,6,4,9
-150,40.61896416800363,0.5985684129952153,40.02112797328404,40.28503635951451,41.526454380580354,41.13043648856027,40.13176563807896,0.0584902264177799,0.0254553115367354,0.0933232977986335,0.0707652121782302,0.0190057791769504,0.0666735246777534,0.0426833182573318,0.940714076587132,0.0293324636803272,0.9044728875160216,0.9159546409334456,0.9848078744752068,0.9371606111526488,0.9611743688583374,0.059285924290972,0.02933245981347,0.0955271103552409,0.0840453537447112,0.015192131511867,0.0628393899117197,0.0388256359313215,0.5607276856899261,0.0185041192302348,0.5777526157242912,0.5664728709629604,0.5339724847248623,0.5809599586895534,0.5444804983479636,37.85292599995931,0.3720040379173439,38.19774945576986,38.0411631266276,37.712172190348305,37.187286376953125,38.126258850097656,0.0286709262058138,0.0108957868232874,0.0317457802593708,0.0454405769705772,0.0152186164632439,0.0325994417071342,0.0183502156287431,0.8426198244094849,0.0170993188077933,0.8506500720977783,0.8306197126706442,0.8400601744651794,0.8211300174395243,0.8706391453742981,0.1573801855556666,0.0170993138126067,0.1493499279022216,0.169380322098732,0.1599398222751915,0.1788699760412176,0.1293608794609705,0.5178286075592041,0.0078635199177269,0.5280075470606486,0.5139075716336569,0.5075411200523376,0.5260174671808878,0.5136693318684896,40.43886184692383,2.75630293462432,44.5112559000651,37.71496264139811,41.817240397135414,41.12043889363607,37.03041140238444,0.0144548915326595,0.0097742764229717,0.0130663178861141,0.0086005693301558,0.00113330129534,0.0298638958483934,0.0196103733032941,0.9726535558700562,0.1011492105728673,1.1294567584991455,0.8669657111167908,0.9895180662473044,1.0186748902002971,0.8586523532867432,0.027346448553726,0.1011492114745703,-0.1294567609826723,0.1330342954024672,0.0104819307258973,-0.0186748709529638,0.1413476485759019,0.4889519929885864,0.0290802297800711,0.4595610996087392,0.5033380190531412,0.4487392803033193,0.5193859934806824,0.5137355724970499,15.6,7.605261336732618,26,17,6,21,8
-125,53.19643718174526,20.094017826687555,39.98018101283482,92.18390601021903,40.46800395420619,52.88333020891462,40.466764722551616,0.0389922567177563,0.0334168693082205,0.0768404155969619,0.00258220708929,0.0435245856642723,-0.0013218778185546,0.0733359530568122,0.9649565867015294,0.038330144402541,0.9218711001532418,0.995585322380066,0.9677700485501972,1.0171971576554435,0.9223593047686984,0.0350434097727494,0.0383301420302472,0.0781288987823895,0.0044146585943443,0.0322299615613051,-0.0171971509366163,0.0776406808623245,0.5416296107428415,0.0366632603757234,0.5941442336354937,0.5005858795983451,0.5327499253409249,0.5071949533053807,0.5734730618340629,40.06979815165202,3.885065374889792,37.38703982035319,39.95783360799154,38.36949030558268,47.573987325032554,37.06063969930013,0.0202516725286841,0.0158212513163097,0.0491716787219047,0.0136737320572137,0.0150790018960833,0.0017227977514266,0.0216111522167921,0.8773775577545166,0.0530883317802357,0.8441217541694641,0.91012438138326,0.8952487111091614,0.94433856010437,0.7930543820063273,0.1226224557807048,0.0530883233467757,0.1558782532811164,0.0898756353805462,0.1047513106216986,0.0556614622473716,0.2069456173727909,0.4982590436935424,0.0273636760345449,0.5199363827705383,0.445001204808553,0.5100713968276978,0.5009797414143881,0.5153064926465353,43.02166646321615,3.895665939392715,42.38135655721029,39.022055308024086,42.65693283081055,50.36227162679037,40.685715993245445,0.0090125922113656,0.009594183989479,0.0079198274761438,0.0058109033852815,0.0070533063262701,-0.0024448353797197,0.0267237592488527,1.0471728563308715,0.0707447230490725,1.1548336346944172,0.9371697902679444,1.0770488381385803,1.0278862714767456,1.0389257470766704,-0.0471728620585054,0.0707447155933747,-0.1548336148262024,0.0628302075589696,-0.077048853971064,-0.0278863150160759,-0.0389257340381542,0.463160640001297,0.0564007051234621,0.4513065119584401,0.500403881072998,0.5058198670546213,0.5006994505723318,0.3575734893480937,10.0,7.183313998427188,18,1,10,3,18
-100,51.301164463588165,21.655437795334503,39.57309668404715,39.68417303902762,40.92518125261579,41.741310119628906,94.58206122262138,0.0519697186071425,0.0312291543342264,0.0592920742928981,0.088046446442604,0.0778839364647865,0.0322703346610069,0.0023558011744171,0.943358097757612,0.0401864098956332,0.9244024412972588,0.9040420821734836,0.9171258636883328,0.9546981879643032,1.0165219136646817,0.0566418975192521,0.040186430940273,0.075597561363663,0.0959579242127282,0.0828741448266165,0.0453018232115677,-0.0165219660183148,0.5492817870208195,0.0358951042043537,0.5799159492765155,0.5895472679819379,0.5619217753410339,0.5183130672999791,0.4967108752046312,38.01610272725424,0.6268166340002883,37.3166135152181,37.36284828186035,38.02656936645508,38.415666580200195,38.95881589253744,0.0346067076548934,0.0152374894742,0.0328391790390014,0.055438257753849,0.0404766425490379,0.0358969196677207,0.0083825392648577,0.8430482745170593,0.0159421693979103,0.8309294581413269,0.8286656538645426,0.8306484421094259,0.8606784542401632,0.864319364229838,0.1569517384438465,0.015942168536171,0.1690705679357051,0.1713343498607476,0.1693515665829181,0.1393215494851271,0.1356806583547344,0.533899434407552,0.0212298169861129,0.5134616494178772,0.5190929770469666,0.5173972050348917,0.5614187518755595,0.5581265886624655,41.51805038452149,2.2210400773400663,41.96731313069662,37.50177764892578,42.71455510457357,44.13360722859701,41.27299880981445,0.0043693747691577,0.0073958889320626,0.0125867016613483,0.0102552510797977,0.0066192080266773,0.0002274081780342,-0.007841695100069,1.0183863401412965,0.0777368330318118,1.0702479481697085,0.9097145795822144,0.9846633076667786,1.136042594909668,0.9912632703781128,-0.018386339675635,0.0777368397183273,-0.0702479624499877,0.090285426005721,0.0153367004046837,-0.1360426011184851,0.0087367387798925,0.5173555016517639,0.0244412779187971,0.5071308811505636,0.5064556300640106,0.5659493009249369,0.5071487029393514,0.500092993179957,13.0,7.92464510246358,14,16,25,9,1
-75,40.99247403826032,0.7600202304714145,40.42398016793387,41.312984466552734,40.16068649291992,42.30288478306362,40.76183428083147,0.050512921065092,0.0197309717075938,0.0657703354954719,0.0672887563705444,0.0650389045476913,0.0189431421458721,0.0355234667658805,0.9565176248550415,0.0185558442455239,0.9527810215950012,0.9517410312380108,0.9358684931482588,0.9915097100394112,0.9506878682545252,0.0434823784311967,0.0185558390691493,0.047218982130289,0.0482589581183024,0.0641315089804785,0.0084903049282729,0.0493121379986405,0.5627724170684815,0.0213856934033969,0.5745774933270046,0.5822480235780988,0.582871573311942,0.5323835441044399,0.541781451020922,37.30600840250651,0.323249675102368,37.11804326375326,37.882385889689125,36.912577311197914,37.31590843200683,37.301127115885414,0.0383565735071897,0.0118321962480023,0.0563209503889083,0.0443421937525272,0.0389263071119785,0.0215953383594751,0.0305980779230594,0.8257828851540883,0.0180144270606447,0.8311131993929545,0.8555858929951986,0.8076838056246439,0.8280663887659708,0.8064651389916738,0.174217113511016,0.0180144194464116,0.168886819233497,0.1444141045212745,0.1923161931335926,0.1719336214785774,0.1935348291881382,0.5078019718329111,0.0218731740374492,0.4674793581167857,0.5329330166180929,0.5190573136011759,0.5094050765037537,0.5101350943247477,39.03690592447917,1.6987330213108085,41.12835311889648,36.04629707336426,40.018227895100914,39.26434834798177,38.72730318705241,0.0098658210597932,0.0060560245934731,0.0153676066547632,0.0141167920082807,0.0125568285584449,0.0086624855175614,-0.0013746074400842,0.9379181504249572,0.0715064070043611,1.0623159607251484,0.8394404053688049,0.9372669657071432,0.919222871462504,0.9313445488611856,0.0620818589193125,0.0715064128775547,-0.0623159585520625,0.1605596148098508,0.0627330401912331,0.0807771498026947,0.0686554483448465,0.5114221513271332,0.0028270054402717,0.5152911941210429,0.5091298719247183,0.5117735465367635,0.5074786941210429,0.5134374499320984,13.4,3.6110940170535577,15,19,14,9,10
-50,40.976910073416576,0.51252153891444,41.412470136369976,40.51152583530971,41.2182377406529,41.51399993896485,40.22831671578543,0.0547240294516086,0.009262275622211,0.0519564524292945,0.0479515418410301,0.0576539412140846,0.0448953472077846,0.0711628645658493,0.9523644362177168,0.0155111181545293,0.9789476564952304,0.9388816271509444,0.9491299390792848,0.9587317023958478,0.9361312559672764,0.0476355719779218,0.0155111208937163,0.0210523488266127,0.0611183925398758,0.0508700481482914,0.0412683125053133,0.0638687578695161,0.5537586688995362,0.0090894391872715,0.5554448366165161,0.5596481135913304,0.5441994922501701,0.5428715688841683,0.5666293331554958,37.58618927001953,0.3786330687036047,37.41737492879232,38.11926778157552,37.730868657430015,36.97555732727051,37.6878776550293,0.0320499129593372,0.0088420901088058,0.0276869405061006,0.0301609244197607,0.0190108940005302,0.0441674478352069,0.0392233580350875,0.839447561899821,0.0177691057941086,0.8299265305201212,0.8696611523628235,0.8406503399213155,0.815576175848643,0.8414236108462015,0.1605524492760499,0.0177691041275387,0.170073468858997,0.1303388650218645,0.1593496743589639,0.184423841536045,0.158576396604379,0.5163540184497835,0.0358097913665088,0.5753849546114603,0.5100994308789571,0.5167945822079977,0.5168723066647848,0.4626188178857167,40.48894793192545,2.5000063314993053,43.54071807861328,36.80717023213705,42.776495615641274,40.60219065348307,38.7181650797526,0.0178099514916539,0.008977243001548,0.0145087819546461,0.0050441930070519,0.0240262430161237,0.0143111273646354,0.0311594121158123,1.0088497440020243,0.0830139008601382,1.135238230228424,0.8770033518473307,1.0298288265864055,1.0174971222877502,0.9846811890602112,-0.0088497462371985,0.08301390324829,-0.135238225882252,0.1229966583972175,-0.0298288321743408,-0.0174971393619974,0.0153188078353802,0.5129117727279663,0.0072229991155321,0.5108562111854553,0.5014677047729492,0.5111798246701559,0.5187018513679504,0.5223532716433207,13.8,2.481934729198171,15,9,16,14,15
-25,41.07991158621652,0.8968620727024132,40.88108825683594,40.82395553588867,40.45458003452846,40.40703582763672,42.8328982761928,0.059428790025413,0.034809881676609,0.0251988712698221,0.0801549777388572,0.082987330853939,0.0982865914702415,0.0105161787942051,0.9424359151295252,0.0400319880736077,0.983427175453731,0.915160860334124,0.9149927156312124,0.9006103788103376,0.9979884454182216,0.0575640879238822,0.0400319881923852,0.0165728256106376,0.0848391673394611,0.0850072833044188,0.0993896073528698,0.0020115560120237,0.5625602347510201,0.0324022365976013,0.5281272956303188,0.5833373410361153,0.5829622234616961,0.5991447142192295,0.519229599407741,37.40239410400391,0.7381791800154224,37.12955220540365,36.62083053588867,37.19023831685384,37.26361274719238,38.80773671468099,0.0328634697943925,0.0129412588871303,0.0176281984895467,0.0394085384905338,0.0345014184713363,0.0527431815862655,0.0200360119342803,0.820832755168279,0.0344262609706259,0.8209734857082367,0.7722343802452087,0.8062742948532104,0.8262012600898743,0.8784803549448649,0.1791672604468961,0.0344262523387257,0.1790265563564995,0.2277656166503826,0.1937257076303164,0.1737987541904052,0.1215196674068768,0.521061638991038,0.0139378310821233,0.5090075731277466,0.5239853262901306,0.5202880303064982,0.545607308546702,0.5064199566841125,40.022878646850586,2.485574181293217,41.34588877360026,35.42030652364095,41.313252766927086,39.54899215698242,42.48595301310221,0.0129115973133593,0.0181316773741486,-0.0023941926192492,0.0159745831042528,0.0177571102976799,0.0425842739641666,-0.0093637881800532,0.9712799827257792,0.1051536400334794,1.0466465552647908,0.7975509961446127,0.9451396862665812,0.9594004352887472,1.1076622406641643,0.0287200279999524,0.1051536535439211,-0.0466465490559736,0.2024490389352043,0.0548603093872467,0.0405995907882849,-0.1076622500550001,0.512697986761729,0.0115542786095488,0.5026232798894247,0.5066709518432617,0.5151102741559347,0.534208357334137,0.5048770705858866,16.0,8.414273587185052,7,20,22,26,5
0,40.934262847900385,0.866733997106166,42.49049213954381,40.11207090105329,40.12666048322405,40.93004281180246,41.01204790387835,0.0316748902201652,0.0160548128200659,0.0115170553326606,0.0607805885374546,0.0310346018522977,0.0279611144214868,0.0270810909569263,0.966393712588719,0.0152728796097716,0.9812635098184858,0.939690351486206,0.9597087247031076,0.9784784487315586,0.9728275282042368,0.0336062808753922,0.0152728841903624,0.0187364937903891,0.0603096461189644,0.0402912792882749,0.0215215164103678,0.0271724687689649,0.5400784645761763,0.0163901601049633,0.5187132954597473,0.5689567157200405,0.5405182072094509,0.5393382396016803,0.5328658648899623,37.76522445678711,0.5964757161079142,38.10815747578939,37.17487589518229,37.79711087544759,37.070318857828774,38.6756591796875,0.0218445079401135,0.0065898383958994,0.0125973289832472,0.0294894687831401,0.0237970780581235,0.0275557655841112,0.0157828982919454,0.8465674241383871,0.0286140611854707,0.8529812892278036,0.8170023759206136,0.8549134333928426,0.8152444362640381,0.8926955858866373,0.1534325735177844,0.0286140718022815,0.1470186965695271,0.1829976427058378,0.1450865535686413,0.1847555718074242,0.1073044029374917,0.5101180235544841,0.0057155671261541,0.5065256953239441,0.5209824045499166,0.5062377651532491,0.5108294486999512,0.5060148040453593,40.04482421875,2.209015170002218,43.59134419759115,36.786468505859375,40.44598261515299,40.33480580647787,39.06551996866862,0.0009822008665651,0.007457759212875,-0.0017037300858646,-0.0023392573930323,-0.0082727894186973,0.0032412591390311,0.0139855220913887,0.9763976573944092,0.0786670674982817,1.1119813919067385,0.8734163641929626,0.9357119798660278,0.991981546084086,0.9688970049222312,0.0236023498466238,0.0786670511349719,-0.1119813350572561,0.1265836387562255,0.0642880412439505,0.0080184346685806,0.0311029696216185,0.528113196293513,0.025356948763121,0.5049955646197001,0.5614442427953085,0.5566894710063934,0.5081858038902283,0.5092508991559347,8.8,2.85657137141714,5,13,7,11,8
25,51.76836645943778,20.366736248578977,92.4453419276646,40.73530469621931,42.05523463657924,40.26805223737444,43.33789879935129,0.0348334896611049,0.0331446295072041,0.0013996750349178,0.0634782686829567,0.0149850724264979,0.0849478989839553,0.0093565331771969,0.970137631893158,0.0309943787066375,0.9957028371947152,0.944752301488604,0.9881698659488132,0.9222097992897034,0.999853355543954,0.0298623681367774,0.0309943750452886,0.0042971760600007,0.0552477001079491,0.011830144362258,0.07779019006661,0.0001466300870691,0.5386577401842391,0.0300747951595708,0.5015916568892342,0.5571871995925903,0.5277723755155291,0.586938909121922,0.5197985598019191,38.59008814493815,1.4591691470987245,40.96434529622396,36.95467440287272,39.32487106323242,37.258083979288735,38.448465983072914,0.0209344901144504,0.0148583155212926,0.0075925067067146,0.0296400040388107,0.0129398303106427,0.0460432171821594,0.0084568923339247,0.8623740792274475,0.0423786161128951,0.914878249168396,0.8028150796890259,0.8965636293093363,0.8249456485112509,0.8726677894592285,0.1376259312033653,0.0423786214171295,0.0851217480376362,0.197184940179189,0.1034363865231474,0.17505436266462,0.1273322186122338,0.5233068625132243,0.0328565100589631,0.5016282399495443,0.5187209447224935,0.5049968361854553,0.5878910422325134,0.5032972494761149,40.325116602579754,3.662581156234197,46.74841562906901,35.56983629862467,40.96047846476237,39.442291259765625,38.904561360677086,0.009617568552494,0.0142957383047262,-0.0035139867104589,0.0042694956064224,0.0054983296431601,0.0374771729111671,0.0043568313121795,0.9517997105916342,0.1000983196125744,1.1302024920781453,0.8217538992563883,0.916525423526764,0.9490694602330526,0.9414472778638204,0.0482003055512905,0.1000983035017929,-0.130202455446124,0.178246084600687,0.0834745833029349,0.0509305689483881,0.0585527463505665,0.529967963695526,0.0432540272874444,0.5002318819363912,0.5047713319460551,0.6153549949328104,0.5210957924524943,0.5083858172098795,9.0,6.723094525588644,1,13,6,20,5
50,44.83239255632672,8.37889444246337,61.589334215436665,40.64777755737305,40.52906744820731,40.78862108503069,40.60716247558594,0.0496920043136924,0.0267213756259653,0.0030425682198256,0.0669099986553192,0.0709317475557327,0.036282829940319,0.0712928771972656,0.9509834732328144,0.0252878570037052,0.9955016885484969,0.9238926342555456,0.9308428594044276,0.9583512629781452,0.9463289209774562,0.0490165214453424,0.0252878525858944,0.0044983090566737,0.0761073540363993,0.0691571225013051,0.0416487378201314,0.0536710838122027,0.567063822065081,0.0286496865544225,0.5134987831115723,0.5773889677865165,0.5998250586645943,0.5723245995385307,0.5722817012241909,41.271407953898105,7.029341094536962,55.30231857299805,38.38987032572428,37.19401931762695,38.09380785624186,37.377023696899414,0.0273190266452729,0.0142746702749127,0.007565741892904,0.0351617969572544,0.0448642671108245,0.0134694557636976,0.0355338715016841,0.8524968783060711,0.0292224115092748,0.888516902923584,0.8590766787528992,0.820615828037262,0.8775937159856161,0.8166812658309937,0.1475031356016794,0.0292223993388806,0.1114831453499694,0.1409233286976814,0.1793841583033402,0.1224062928619484,0.1833187527954578,0.5049348374207815,0.0220375323813862,0.5029354294141134,0.5211276412010193,0.5245382785797119,0.5125991106033325,0.4634737273057301,44.28080622355144,10.068638449461536,64.28162638346355,37.36599985758463,40.204837799072266,38.81764221191406,40.733924865722656,0.0150859168265014,0.006646490522079,0.0029968016315251,0.0141963977366685,0.0173262506723403,0.0180816110223531,0.0228285230696201,0.9650313417116804,0.0728932754842341,1.0517501433690388,0.8896012107531229,0.9204077323277792,0.908178687095642,1.0552189350128174,0.0349686690761397,0.0728932858976205,-0.0517501116264611,0.1103988187387585,0.0795922833494842,0.091821323459347,-0.05521896854043,0.5232332289218902,0.0581328421840416,0.5028653542200724,0.5037304361661276,0.6277897755304972,0.4516619543234507,0.5301186243693033,11.6,5.817215828899595,2,15,18,8,15
75,41.18240650721959,0.282128286098655,41.00322396414621,41.17432240077427,40.76016616821289,41.45737893240793,41.51694107055664,0.0458480365574359,0.0192148049687517,0.0234239213168621,0.0660289898514747,0.0694629400968551,0.0265050157904624,0.0438193157315254,0.9548612560544696,0.015790199466033,0.9735596520560128,0.935698126043592,0.942838898726872,0.9735002773148672,0.9487093261310032,0.0451387484557926,0.0157901962156552,0.0264403564589364,0.0643018787460667,0.0571611023374966,0.0264997328631579,0.0512906718733055,0.5413980356284551,0.0249508167490809,0.5264378956386021,0.5665159906659808,0.5688726391111102,0.5026438534259796,0.5425197993006025,38.02317632039389,0.8389132328487255,39.25806554158529,36.99810536702474,38.73575210571289,37.632638931274414,37.49131965637207,0.0301774000748991,0.0152391419288482,0.0060367425903677,0.0522300414741039,0.0367451310157775,0.0323476381599903,0.0235274471342563,0.8530385792255402,0.0458565187942326,0.9063767194747924,0.8112747669219971,0.907373865445455,0.8400908509890238,0.8000766932964325,0.1469614457649489,0.0458565304401262,0.0936233050500353,0.1887252492209275,0.0926261351754268,0.1599091763297716,0.1999233630485832,0.5147400339444478,0.0068587818028326,0.5052096048990885,0.52471790711085,0.5200395981470743,0.5115289092063904,0.5122041503588358,39.68693834940593,1.5992123100515887,41.17550404866537,36.57584698994955,40.14227167765299,40.316280364990234,40.22478866577149,0.0101969835348427,0.0083486757305281,0.010749127715826,0.0145617574453353,0.0184613093733787,-0.0057203243486583,0.0129330474883317,0.9448224782943726,0.0491618079836807,0.9904024402300516,0.8659586310386658,0.9091797471046448,0.970873475074768,0.9876980980237324,0.0551775214572747,0.0491618043529463,0.0095975681518514,0.1340413860355814,0.0908202125380436,0.0291265348593393,0.0123019057015577,0.5322245677312216,0.0460941005809029,0.5038310885429382,0.5130921800931295,0.6239739656448364,0.5048554142316183,0.5153701901435852,11.8,4.445222154178573,6,17,15,7,14
100,40.390246473039895,0.1932960962992248,40.646810804094585,40.09833036150251,40.55356979370117,40.30488586425781,40.34763554164341,0.0625930421054363,0.0173978295671611,0.0818711444735527,0.0676096677780151,0.0342290848493576,0.0523025356233119,0.0769527778029441,0.9327097058296204,0.0175699582788118,0.9068247931344168,0.9411304933684213,0.9524971502167838,0.9458367994853428,0.917259292943137,0.0672902907111815,0.0175699531983034,0.0931751930287906,0.0588695151465279,0.0475028484527553,0.0541631962571825,0.082740700670651,0.5736357058797564,0.0196919864543701,0.5955010907990592,0.5686678801264081,0.5416916012763977,0.5688611694744655,0.5934567877224514,37.41884498596191,0.3125645998727046,37.05536079406738,37.46571477254232,37.58768717447917,37.8894297281901,37.0960324605306,0.0328652970492839,0.0084627728123765,0.0451637096703052,0.0302795656025409,0.0208750702440738,0.0288177169859409,0.0391904227435588,0.8302692433198293,0.027596120796214,0.8023232916990916,0.8437138597170512,0.8343413869539896,0.8727331956227621,0.7982344826062521,0.169730765124162,0.0275961162506009,0.1976767269273599,0.1562861427664756,0.1656586145982146,0.1272668276603023,0.2017655136684576,0.5300055861473083,0.0248827575518664,0.5227087338765463,0.5784910718599955,0.5085055828094482,0.5159422357877096,0.5243803064028422,40.11287422180176,3.160533634108841,45.385388692220054,35.92205492655436,41.42406463623047,38.903821309407554,38.92904154459635,0.0124476837925612,0.0108639653037912,0.0132451765239238,0.0071748569607734,-0.0006852974183857,0.01043083332479,0.0320728495717048,0.9707766493161518,0.1024968346381919,1.1613810857137044,0.8566135168075562,0.9666476249694824,0.9182933568954468,0.95094766219457,0.0292233501250545,0.1024968411933554,-0.1613810934747258,0.1433864987144867,0.0333523638546466,0.0817066474507252,0.0490523340801397,0.555707844098409,0.0731098776472638,0.5094267328580221,0.506147305170695,0.5571723381678263,0.5088979800542196,0.6968948642412821,15.4,6.086049621881176,24,13,8,11,21
125,40.89439086914062,0.5202910576100553,40.637330191476,41.68391745431082,40.28833825247629,40.547730037144255,41.31463841029576,0.0599793769419193,0.0163143623372456,0.0737750008702278,0.0324466042220592,0.0750431045889854,0.0681087970733642,0.0505233779549598,0.9323196036475048,0.0247976195991916,0.9212339520454408,0.9669829862458366,0.8985402413776943,0.9207308122089932,0.954110026359558,0.0676804070992927,0.0247976118913871,0.0787660612591675,0.0330170333119375,0.10145975915449,0.0792691877910069,0.0458899939798616,0.5586864795003619,0.0194377089290034,0.5722301432064602,0.5246081863130841,0.5819384200232369,0.5574203474181039,0.5572353005409241,38.137370045979814,0.7239857475282835,38.3308162689209,39.39353561401367,37.91545613606771,37.84174791971842,37.20529429117838,0.0277640900108963,0.0125026678142035,0.0315382778644561,0.003050971077755,0.0321043170988559,0.036014899611473,0.0361119844019413,0.8448845605055493,0.0343476050885193,0.860585351785024,0.9008976817131042,0.8365327715873718,0.8279966314633688,0.7984103659788767,0.1551154578725496,0.0343475972000489,0.1394146954019864,0.0991023412595192,0.1634672420720259,0.1720033623278141,0.2015896483014027,0.5125374555587768,0.0040162466606614,0.5172137419382731,0.5051204164822897,0.5128259062767029,0.5143471161524454,0.5131800969441732,40.80050773620606,2.228495948789488,41.46001052856445,36.96458371480306,43.84925206502279,41.29950205485026,40.42919031778971,0.0089288225397467,0.0075258004810651,0.0108142048120498,-0.0050553996115922,0.015210535377264,0.0155586646869778,0.0081161074340343,0.9871424476305644,0.062268921606507,1.0132956504821775,0.8710669080416361,1.052053729693095,0.9808953603108724,1.0184005896250408,0.0128575601925452,0.0622689206079148,-0.0132956479986508,0.1289331043759981,-0.0520537082726756,0.0191046341011921,-0.0184005812431375,0.5305583576361338,0.0274208282211122,0.5607065657774607,0.4982736508051554,0.5656524300575256,0.5099809368451437,0.5181782046953837,16.0,4.774934554525329,19,8,22,17,14
150,42.69955542428153,1.9771430228668887,43.67378561837332,46.06980895996094,40.85020991734096,42.045620509556365,40.85835211617606,0.0256193993613123,0.0184803011870426,0.0083330133929848,0.0081182494759559,0.0578206330537796,0.0213342737406492,0.0324908271431922,0.9785289917673384,0.0104096027049894,0.9778384992054532,0.9984088625226702,0.9698537077222552,0.9760629534721376,0.9704809359141758,0.0214710101684821,0.0104096040937134,0.0221614962377186,0.0015911377434219,0.0301462944064821,0.0239370524484132,0.0295190700063748,0.5319010581289018,0.0205095060389824,0.5129986320223127,0.5118978534426007,0.5670374546732221,0.5265711290495736,0.5410002214568002,38.7773312886556,0.7187597706324752,39.38988812764486,39.80230077107747,37.94182523091634,38.63861974080404,38.11402257283529,0.0184055630117654,0.011175382546869,0.0053189536556601,0.0086574861779809,0.0359213650226593,0.0167514830827713,0.0253785271197557,0.8769001166025798,0.010825396224494,0.872620423634847,0.8975575566291809,0.8696597019831339,0.8674976428349813,0.8771652579307556,0.1230999075186749,0.0108253985268738,0.127379581797868,0.102442463239034,0.1303403091927369,0.1325024040415883,0.1228347793221473,0.5101417263348897,0.0080624238701891,0.5026678641637167,0.5029978553454081,0.5213786363601685,0.5052694876988729,0.5183947881062826,41.323676935831706,2.965048108576844,46.57577133178711,37.83372179667155,40.89546203613281,41.90575917561849,39.40767033894857,0.0060490283416584,0.0065718740070522,-0.0013565447879955,0.0022759609855711,0.0101620852947235,0.0023364555090665,0.0168271847069263,1.0059312184651692,0.0806094485920138,1.121514638264974,0.8796154061953226,0.9651092688242594,1.0222519636154177,1.0411648154258728,-0.0059311979139844,0.0806094651151136,-0.1215146376440922,0.1203846549615264,0.0348907262086868,-0.0222519198432564,-0.0411648132527867,0.519052028656006,0.024874840097159,0.500118484099706,0.5030144055684408,0.5671074092388153,0.5060606598854065,0.5189591844876608,7.6,3.4985711369071804,5,4,14,7,8
175,40.57932161603655,0.5063167310059867,39.74606432233538,40.547083718436106,40.88210950578962,40.4505375453404,41.27081298828125,0.0679615959525108,0.0129865296458084,0.0898802205920219,0.064435675740242,0.0743443518877029,0.0544033423066139,0.0567443892359733,0.9318728361810956,0.0139510763440902,0.9100045902388436,0.9433494806289672,0.9304858360971724,0.9498438920293536,0.9256803819111415,0.0681271642978702,0.0139510780941169,0.0899954172117369,0.0566505260233368,0.069514162838459,0.0501561037131718,0.0743196117026465,0.575356661421912,0.0326484211395901,0.6290087018694196,0.5753717763083321,0.5866422397749764,0.5325298777648381,0.553230711391994,37.71306991577148,0.6206304391551728,37.60557238260905,38.52974192301432,37.82707977294922,37.970651626586914,36.632303873697914,0.0362756952643394,0.011434838774461,0.0475957803428173,0.0277188550680875,0.0408482998609542,0.0468309521675109,0.018384588882327,0.8254483958085377,0.0274926834156008,0.8218474586804708,0.8666853904724121,0.8034560183684031,0.8446427981058756,0.7906103134155273,0.1745516118283073,0.027492673333035,0.1781525506327549,0.133314642123878,0.196543987840414,0.1553571994105974,0.209389679133892,0.5312699596087138,0.0257259008062365,0.5821030338605245,0.5216104984283447,0.5233534177144369,0.5174800157546997,0.5118028322855631,40.4653621673584,2.072609387797947,41.24820200602213,36.54590924580892,41.0429573059082,40.77129618326823,42.71844609578451,0.0149589322507381,0.0031418103252598,0.017673835158348,0.0094615956768393,0.0134581429883837,0.0166893955320119,0.0175116918981075,0.9799224456151328,0.0882436656382737,1.0281449953715007,0.8724960287412008,0.9078834851582844,1.1206002434094746,0.9704874753952026,0.0200775531431039,0.0882436824924407,-0.0281450189650058,0.1275040234128634,0.0921164924899737,-0.1206002595523993,0.0295125283300876,0.5119615793228148,0.0023361628993375,0.514260470867157,0.5096152822176615,0.5136412978172302,0.5086610118548075,0.5136298338572184,17.6,3.2619012860600183,20,15,22,13,18
200,40.23157501220703,0.4076211776305412,39.97901044573103,40.94379752022879,39.81320898873465,40.00618198939732,40.41567611694336,0.059826773405075,0.0218943361942674,0.0439959168434143,0.0503392554819583,0.0915982648730278,0.0339514650404453,0.0792489647865295,0.9256806407655988,0.0245767529511259,0.9357164672442844,0.9631954857281276,0.8932117904935565,0.93125547681536,0.9050239835466656,0.0743193593940564,0.0245767499132224,0.0642835250390427,0.0368045291730335,0.1067882180213928,0.0687445178627967,0.0949760068740163,0.5687407885278974,0.0256645325433377,0.5578411562102181,0.5390193547521319,0.6055992501122611,0.5491098761558533,0.5921343054090228,38.0376574198405,0.964920915185314,38.12820180257162,38.70279693603515,37.99794324239095,39.08446248372396,36.2748826344808,0.0232338087633252,0.0103394768399415,0.0207871720194816,0.0168678145855665,0.020170172676444,0.0148872779682278,0.0434566065669059,0.8440567950407664,0.0345845341208221,0.8523645401000977,0.8744659225145975,0.8090773026148478,0.8855249683062235,0.7988512416680654,0.1559432142724593,0.0345845328463488,0.1476354710757732,0.1255340900582572,0.1909227088714639,0.1144750392995774,0.2011487620572249,0.5151530901590984,0.0054286734371503,0.5103363990783691,0.5117493271827698,0.5141050418217977,0.513934334119161,0.5256403485933939,40.35086466471354,3.3509737339790338,44.7155024210612,36.14987373352051,43.55703481038412,37.34508959452311,39.986822764078774,0.011006289627403,0.0116710435509042,0.0059422184713184,-0.0051861787214875,0.0156154716387391,0.0085268756374716,0.0301330611109733,0.9651246547698976,0.1272185932317383,1.1955958008766174,0.839281956354777,0.999194324016571,0.8713810046513876,0.9201701879501344,0.0348753422809143,0.1272185939316849,-0.1955958132942517,0.1607180473705133,0.000805695541203,0.1286189734625319,0.0798298083245754,0.510294355948766,0.0089850023210521,0.5058479110399882,0.5010268787542979,0.5121366381645203,0.5056440432866415,0.5268163084983826,14.2,6.046486583132389,11,9,21,8,22
225,41.79318008422852,1.140516040917973,42.10451235089983,42.62096949986049,41.602348872593474,39.7010612487793,42.93700844900949,0.0315681595355272,0.0159224397007881,0.046684019267559,0.0141516923904418,0.042553037405014,0.0442175231873989,0.0102345254272222,0.9608619042805262,0.0186209097296797,0.9602240068571908,0.969748888696943,0.9601670163018364,0.9285778743880136,0.9855917351586478,0.0391381037355001,0.0186209119120418,0.0397759822330304,0.0302511225454509,0.0398330047194446,0.0714221389165946,0.01440827026298,0.5370512843132019,0.01627097527619,0.558141657284328,0.5182812213897705,0.5414056692804609,0.5492922493389675,0.5181356242724827,39.07396710713704,0.9413402119164964,38.52912394205729,40.40483983357747,38.91187731424967,39.796793619791664,37.72720082600912,0.0164291015826165,0.0101176105011565,0.0314875170588493,0.0127025330439209,0.0143840378150343,0.022365940734744,0.001205479260534,0.8751932303110758,0.0261229234599111,0.8427570660909017,0.9073564807573954,0.8679055571556091,0.9039110938707988,0.8540359536806742,0.1248067743144929,0.0261229126146793,0.1572429264585177,0.0926435446987549,0.1320944428443908,0.096088915442427,0.1459640421283742,0.5078346689542135,0.0037634112406751,0.5107619365056356,0.5054886341094971,0.5120691061019897,0.5091158548990885,0.5017378131548563,40.59886449178059,1.188884130002221,42.59245045979818,39.65717697143555,41.32240295410156,39.941874186197914,39.48041788736979,0.0097782782278954,0.00523781874605,0.0133225917816162,0.0024429000914096,0.0162587147206068,0.0119826328009366,0.004884551744908,0.95566596587499,0.0564131092151515,1.022334555784861,0.953078786532084,0.939491331577301,1.002605636914571,0.8608195185661316,0.0443340392783284,0.0564130876548945,-0.0223345185319582,0.0469212286795179,0.0605086718375484,-0.0026056310161948,0.1391804454227288,0.5049453655878702,0.001963987814406,0.5074659585952759,0.5017964045206705,0.5064900318781534,0.50416233142217,0.5048121015230814,9.0,3.286335345030997,14,6,11,9,5
250,40.9613776070731,0.314970368733467,41.05024610246931,41.20542689732143,40.48681422642299,40.72128895350865,41.34311185564314,0.0493795163929462,0.0070066827501586,0.0564257428050041,0.0431782901287078,0.055410299450159,0.0529185496270656,0.0389646999537944,0.9537863322666714,0.0150356009477948,0.9294530238424028,0.9726112825529916,0.949056259223393,0.9515207154410226,0.9662903802735464,0.0462136778980493,0.0150355990707076,0.070546982543809,0.0273887288889714,0.0509437476950032,0.0484792989279542,0.0337096314345087,0.5493410212653024,0.0103177966023752,0.5553298166819981,0.5528923613684518,0.5465533903666905,0.5610186372484479,0.5309109006609235,37.90552698771159,0.5873619634004313,38.60759925842285,38.21498998006185,38.08748626708984,37.75091870625814,36.86664072672526,0.0310225828550755,0.0140967145495713,0.0272957626730203,0.0373369231820106,0.0352726429700851,0.0487979836761951,0.0064096017740666,0.8474349220593771,0.0149982396117315,0.8426152070363363,0.8711689313252767,0.8577073812484741,0.8346781730651855,0.8310049176216125,0.1525650816659132,0.0149982474881332,0.1573847793042659,0.1288310624659061,0.1422926212350527,0.1653218424568573,0.1689951028674841,0.5182388464609782,0.0073926452662278,0.514888604482015,0.5220819115638733,0.5183998743693033,0.5290254950523376,0.5067983468373617,40.45970153808594,2.7744107630069204,45.29712168375651,37.05075709025065,40.02195612589518,38.784750620524086,41.14392217000326,0.0135069321841001,0.0070470479324869,0.0084092710167169,0.009137500077486,0.0081372559070587,0.026596650481224,0.0152539834380149,0.9921917398770648,0.0823060589606421,1.1401187976201377,0.9191900491714478,0.9220784306526184,1.0192163189252217,0.9603551030158995,0.0078082727889219,0.0823060560154838,-0.140118778993686,0.0808099700758854,0.0779215842485427,-0.0192162978152434,0.0396448864291111,0.4977359135945639,0.0263976662120326,0.5053026080131531,0.4459911386171977,0.5058338840802511,0.5198344786961874,0.5117174585660299,12.6,1.2,14,12,12,14,11
275,41.20210233415876,0.7035383414850593,41.42341177804129,40.08402361188616,40.89123807634626,42.2242055620466,41.38763264247349,0.0593621294945478,0.0228289340132877,0.0583480186760425,0.085409790277481,0.0483120456337928,0.023160645738244,0.0815801471471786,0.940151137965066,0.0274159780365071,0.9559005413736616,0.9090333921568734,0.9337019494601658,0.9846919349261692,0.9174278719084604,0.0598488668378974,0.0274159787801867,0.044099459690707,0.0909666136971541,0.0662980670375483,0.0153080678012754,0.0825721259628023,0.5600691097123283,0.0261630178556543,0.5670108880315509,0.5950127669743129,0.537197836807796,0.523641722542899,0.5774823342050824,37.98920071919759,0.172612994628887,37.98180452982584,37.82412147521973,38.25257174173991,38.09895451863607,37.788551330566406,0.0303190100938081,0.01055829002754,0.0256151501089334,0.0511954165995121,0.0238133948296308,0.0277646873146295,0.0232064016163349,0.8435083786646524,0.0160921862733516,0.8445916175842285,0.8248215119043986,0.8382859627405802,0.8368019064267477,0.8730408946673075,0.1564916394650936,0.0160921868064353,0.1554083889350295,0.1751785303155581,0.1617140347758928,0.163198109716177,0.1269591335828105,0.5285952051480611,0.0288389382556292,0.5198229948679606,0.5857633749643961,0.5104306737581888,0.5098497072855631,0.5171092748641968,39.38511975606282,1.561718751088246,40.57663853963216,36.862993240356445,41.37884775797526,39.38459777832031,38.722521464029946,0.018815366202034,0.0174432528574016,0.0169688742607831,0.01794926635921,0.0062027624808251,0.001571467728354,0.0513844601809978,0.9294760982195536,0.0651503997421151,1.0095391670862834,0.8764260212580363,0.9394404888153076,0.9858723680178324,0.8361024459203085,0.0705239301857848,0.0651503865333421,-0.00953910437723,0.1235740125800172,0.0605595312081277,0.0141276537130276,0.1638975578049818,0.5217902302742006,0.02349736232123,0.565930187702179,0.5052796800931295,0.5055383046468099,0.5058338840802511,0.5263690948486328,16.0,6.324555320336759,14,20,12,8,26
300,40.638387189592635,0.4427900873057926,40.75989695957729,39.81602532523019,41.14419773646763,40.82078061785017,40.65103530883789,0.0570830352604389,0.0131770608601554,0.0339639820158481,0.0717879980802536,0.0666040256619453,0.0601480267941951,0.0529111437499523,0.9436533842767988,0.0161809072440311,0.9642423476491656,0.9156118716512408,0.9398839388574872,0.945970322404589,0.9525584408215114,0.0563466149249247,0.0161809059846458,0.0357576651232583,0.0843881272843905,0.0601160640695265,0.0540296797241483,0.0474415384232997,0.5673174926212856,0.0068720676514095,0.5570421389171055,0.5730921115194049,0.5765733889171055,0.5652716159820557,0.5646082077707563,37.78494771321614,0.5047088044430087,37.87814521789551,37.99012565612793,38.14560000101725,38.11711438496908,36.79375330607096,0.0271527167409658,0.0064195871786256,0.0246041435748338,0.0193506050854921,0.0309751462191343,0.0375850833952426,0.0232486054301261,0.8351575950781503,0.0113456030160111,0.8490456938743591,0.8308118979136149,0.8355419437090555,0.844022293885549,0.8163661460081736,0.1648424310609698,0.0113456010385589,0.1509543284773826,0.1691880949462453,0.1644580957169334,0.1559777489552895,0.1836338872089982,0.5173505783081055,0.0040866416007905,0.5132374167442322,0.5213518738746643,0.5176889697710673,0.522258996963501,0.5122156341870626,39.43297780354818,2.4501471877340464,42.025596618652344,35.77882639567057,40.48028564453125,37.33715693155924,41.54302342732747,0.0149885983206331,0.0099728787345406,0.0129204811528325,-0.002950154710561,0.0167031995952129,0.0234375335276126,0.0248319320380687,0.9335141758124036,0.0917984553257776,1.092492938041687,0.8178704877694448,0.9063776334126792,0.8892245491345724,0.9616052707036336,0.0664858302101492,0.0917984655856692,-0.092492944560945,0.1821295463790496,0.0936223799362778,0.1107754378269116,0.0383947314694523,0.522241755326589,0.02272461887941,0.5094139774640402,0.504050225019455,0.5667519470055898,0.512813150882721,0.5181794762611389,14.4,3.1368774282716245,9,14,18,14,17
325,50.84636241367885,19.734221218020455,40.93688310895647,42.00531932285854,40.358807700020925,90.29898943219868,40.63181250435965,0.0413389563560485,0.0285193383259571,0.0294762291014194,0.0310417935252189,0.0562367960810661,0.0027107037603855,0.0872292593121528,0.9690855741500854,0.0203430318917754,0.9786754420825412,0.9756972789764404,0.966362851006644,0.9926385709217616,0.9320537277630396,0.0309144222443657,0.0203430242437778,0.0213245781404631,0.0243027146373476,0.0336371505899088,0.0073614190332591,0.0679462488208498,0.5490373585905347,0.031157906486306,0.5512218815939767,0.5244847706386021,0.5715257610593524,0.5057294241019658,0.5922249555587769,38.39080645243327,1.2273097873547492,38.86840947469076,38.35365613301595,38.23754374186198,40.14947764078776,36.3449452718099,0.0226669983007013,0.013316468012755,0.0193019639700651,0.0206952523440122,0.0228433143347501,0.0045339004136621,0.0459605604410171,0.8665092150370282,0.0343476676125852,0.918875535329183,0.8523709376653036,0.8749877413113912,0.873106320699056,0.8132055401802063,0.1334908091618369,0.0343476592311183,0.081124495404462,0.1476290796417743,0.1250122797985871,0.1268937236939867,0.1867944672703743,0.5159381628036499,0.0115859459730659,0.5098051230112711,0.5091094772020975,0.5281642476717631,0.5015212297439575,0.5310907363891602,39.31656659444174,1.2080778489971646,40.43313471476237,37.02895291646322,39.59884770711263,39.34698867797851,40.17490895589193,0.0123114326968789,0.0153390744337169,0.0040489332750439,0.0112894494086503,0.0156862400472164,-0.0079530235379934,0.0384855642914772,0.9371182958285014,0.0580053264157465,1.0447466572125752,0.8782829840977987,0.9117716153462728,0.9046549201011658,0.9461353023846945,0.0628817181723813,0.0580053231167539,-0.044746637965242,0.1217170379435022,0.0882284181813399,0.0953450539770225,0.0538647187252839,0.5120443960030874,0.0159794560629064,0.5037164092063904,0.5028959214687347,0.5106026728947958,0.4997936089833577,0.5432133674621582,10.0,8.148619514985345,7,6,11,1,25
350,40.39461931501116,0.4557152606054853,39.844753810337615,40.26963588169643,40.00397872924805,40.91800907679966,40.93671907697405,0.0694467104971408,0.0223610441854612,0.0798580944538116,0.1043581366539001,0.0636247172951698,0.0363018251955509,0.0630907788872718,0.9262381536620004,0.0205455073887656,0.9017095054898944,0.9027800815446037,0.9325986504554749,0.9521417702947343,0.9419607605252948,0.0737618556379207,0.0205455136676588,0.0982905072825295,0.0972199386784008,0.0674013612525803,0.047858233630125,0.0580392373459679,0.5814934900828771,0.0247019665490179,0.6010071805545262,0.6103700314249311,0.5898701463426862,0.5443097949028015,0.5619102971894401,38.00005963643392,0.9799981303165484,39.27155303955078,38.227787017822266,38.325735092163086,37.91291109720866,36.262311935424805,0.0316890556365251,0.0177354851283005,0.013537848368287,0.0655217915773391,0.0265282969921827,0.0293131191283464,0.0235442221164703,0.8395695567131043,0.028096617622387,0.877549389998118,0.8390891949335734,0.8594952623049418,0.8259986639022827,0.7957152724266052,0.1604304621306558,0.0280966168822367,0.1224506390281021,0.1609108224511146,0.1405047426621119,0.1740013621747493,0.2042847443372011,0.5298713088035584,0.031818076327138,0.5157906214396158,0.5933822393417358,0.5139547189076742,0.5103644331296285,0.5158645311991373,40.496640014648435,2.033078168446486,43.06429926554362,37.57417678833008,41.19348017374674,38.74617767333984,41.9050661722819,0.0179962024383712,0.0103963403947771,0.018755342811346,0.0316024608910083,0.0153862219303846,0.0003115890140179,0.0239253975450992,0.96867774327596,0.0535825819209148,1.0468082030614216,0.8900043368339539,0.9660976926485696,0.9382231632868449,1.0022553205490112,0.0313222547372182,0.0535826068876446,-0.0468082210669914,0.1099957178036371,0.0339023089036345,0.0617768267790476,-0.0022553587332367,0.511149243513743,0.0058632014611297,0.5078150431315104,0.5107848644256592,0.5097095767656962,0.505193034807841,0.5222436984380087,18.6,7.3375745311376575,17,32,15,10,19
375,44.58439243861607,7.958940241851557,60.478481837681365,40.87809753417969,39.89765930175781,40.46881321498326,41.19891030447824,0.0491796111688017,0.0268854675269806,0.003361671231687,0.0676169618964195,0.0744878500699997,0.0665294006466865,0.033902171999216,0.9529935547283716,0.027218171534189,0.9937350068773542,0.9324567658560616,0.9203534296580724,0.9437222480773926,0.974700323172978,0.0470064562678869,0.0272181679459043,0.0062650111171283,0.0675432474485465,0.0796465650200843,0.0562777769352708,0.0252996808184044,0.5557008836950575,0.0361405641461767,0.5007748050349099,0.5682509030614581,0.6062076943261283,0.5712866187095642,0.5319843973432269,41.607464981079104,7.083198434522711,55.68779754638672,38.52850914001465,38.69494374593099,38.54415766398112,36.58191680908203,0.0302744582295417,0.0154389019312479,0.0107913827523589,0.0392996743321418,0.0390277206897735,0.0491916574537754,0.0130618559196591,0.8621711333592733,0.0216810134848394,0.8852716088294983,0.8465262651443481,0.8712065021197001,0.8799479802449545,0.8279033104578654,0.1378288901100555,0.0216810145192932,0.1147283980002005,0.1534737739712,0.1287935115396976,0.1200520619750022,0.1720967050641775,0.5151597122351328,0.0100806412616969,0.5004140635331472,0.5208588043848673,0.5198433995246887,0.5279884139696757,0.5066938797632853,43.688718159993485,10.467592899161904,64.57373555501302,37.24727884928385,38.64513651529948,38.46016947428385,39.51727040608724,0.0124266831786371,0.0076227284875891,-0.0004226152668707,0.0230085290968418,0.0157174170017242,0.0108909495174884,0.012939135544002,0.9234330614407856,0.0764525981300173,1.045776108900706,0.8680951197942098,0.8297105431556702,0.968839148680369,0.9047443866729736,0.0765669221058488,0.0764525841495628,-0.0457760795640448,0.1319048572331667,0.1702894385283192,0.031160811583201,0.0952555827486018,0.52036940852801,0.0205056899741479,0.5002993941307068,0.5596771339575449,0.5156441132227579,0.5167792836825053,0.5094471176465353,12.6,6.499230723708769,2,18,20,14,9
400,53.477610996791306,20.104207256425656,45.837763105119976,93.46277182442802,41.302467346191406,45.84847804478237,40.93657466343471,0.0154132914263755,0.0150440039892844,0.0082378294318914,-0.0026139032561331,0.0364345759153366,0.0051648742519319,0.0298430807888507,0.9823098625455584,0.0226302003551773,1.0032115493501936,1.0121991634368896,0.964621331010546,0.9793529084750584,0.9521643604551044,0.0176901358213009,0.0226302013294688,-0.0032115366442927,-0.0121991790698042,0.0353786721825599,0.0206470876167129,0.0478356350213289,0.5214464034352984,0.0164862025864262,0.5111951146806989,0.5048887303897313,0.5453679646764483,0.5086894120488848,0.5370907953807286,39.98613764444987,1.686801624130379,39.99260330200195,41.66276550292969,40.59676742553711,40.89012018839518,36.788431803385414,0.0080449184402823,0.009243879941038,0.0019636102952063,-0.002651797607541,0.0229125283658504,0.0038535795174539,0.0141466716304421,0.900182358423869,0.0309951489424826,0.905214786529541,0.9409325917561848,0.9148260354995728,0.8931799729665121,0.8467584053675333,0.0998176583088934,0.0309951675422222,0.0947852316312491,0.0590673950500786,0.0851739766076207,0.1068200473673641,0.1532416408881545,0.5054837862650554,0.0033726845227405,0.5086215138435364,0.5011046131451925,0.5096598863601685,0.5022690892219543,0.505763828754425,41.58174387613933,2.1207219702967657,44.92162577311198,39.25360298156738,42.68765640258789,39.41680081685384,41.62903340657552,0.0029402334243059,0.0068202171261746,0.0024611707776784,-0.0099847940728068,0.0066299731843173,0.0092961564660072,0.0062986607663333,0.9873103976249696,0.073382808389134,1.1130858063697815,0.9386568864186604,0.9643490513165792,0.9021583596865336,1.0183018843332927,0.0126896160965164,0.0733827935116729,-0.1130857573201259,0.0613431197901566,0.035650967930754,0.0978416384508212,-0.0183018883690238,0.504196987549464,0.00376133688555,0.5022397836049398,0.4994177520275116,0.5062556068102518,0.5027353962262472,0.5103363990783691,6.0,4.147288270665544,4,1,13,4,8
425,61.40401742117746,25.09995663067815,40.88236672537668,93.10700716291156,41.99919182913644,39.889004298618865,91.14251708984376,0.0390285022556781,0.042183880837215,0.0882452279329299,-0.0017557602841407,0.0136857293546199,0.0923530310392379,0.0026142832357436,0.95389358486448,0.0384866816535889,0.909501816545214,0.9990682346480232,0.9699855446815492,0.9067688669477192,0.9841434614998954,0.0461064177166138,0.0384866814962376,0.0904981829226017,0.0009317740997565,0.030014457879588,0.0932311394384929,0.01585653424263,0.5437752255371638,0.0436644045173034,0.5943589976855687,0.4984037918703897,0.5243859461375645,0.5979762162481036,0.5037511757441929,39.138908767700194,1.265628044997246,38.933356602986656,41.28791936238607,39.055075327555336,37.311197916666664,39.10699462890625,0.0205434736795723,0.0148673419939283,0.0279290433973073,0.0087923677638173,0.0138444351032376,0.0461564064025878,0.0059951157309114,0.8609933813412983,0.0437194998000966,0.8177964488665262,0.905830224355062,0.8901834289232889,0.7989235321680704,0.8922332723935446,0.1390066339168697,0.0437194933047625,0.1822035706912478,0.094169795513153,0.109816603983442,0.2010764647275209,0.107766734668985,0.5137271662553151,0.0127037097466166,0.5251052379608154,0.5043114026387533,0.505507747332255,0.5326934854189554,0.5010179579257965,41.64651705423991,2.854795620060104,45.80241012573242,40.46851412455241,40.421329498291016,37.68365605672201,43.856675465901695,0.007754888292402,0.0144040346978921,0.0196940079331398,-0.0053591900505125,0.0042038578540086,0.0288139004260301,-0.0085781347006559,0.9722076932589212,0.0745100989005509,1.1053988933563232,0.947635293006897,0.9170858860015868,0.8957314491271973,0.9951869448026022,0.0277922907223304,0.0745100977962029,-0.1053988995651404,0.0523646849518021,0.0829141214489936,0.104268526037534,0.0048130207384626,0.5199808160463969,0.0263998197941912,0.5708059867223104,0.5011657476425171,0.5046273469924927,0.5209556420644125,0.5023493568102518,12.0,11.64474130240771,28,1,6,24,1
450,41.36343939644949,0.4902476808770928,41.3948860168457,40.84246662684849,41.85498700823103,40.77604511805943,41.94881221226284,0.0343604061752557,0.0134437419188634,0.0377843230962753,0.038438007235527,0.0208346787840127,0.0557332038879394,0.0190118178725242,0.9678438254765102,0.0120781518168393,0.963250858443124,0.951157978602818,0.9869461570467268,0.9633361612047469,0.9745279720851352,0.0321561723814479,0.0120781623779658,0.0367491420890603,0.0488420368305274,0.0130538235285452,0.0366638350699629,0.0254720243891435,0.5383295927728925,0.0093575429863014,0.5508540528161185,0.5374000413077218,0.5315645166805812,0.5464660269873483,0.5253633260726929,38.386771011352536,1.0235138996763,38.48669306437174,37.05575815836588,40.1430295308431,38.46622467041016,37.78214963277181,0.0146257900167256,0.0135832150068449,0.0194644909352064,0.0283122211694717,-0.0041765389032661,0.0281476099044084,0.0013811669778078,0.870406703154246,0.0495788074446376,0.8868770400683085,0.7848870555559794,0.9375386039415996,0.8614437580108643,0.8812870581944784,0.1295932960696518,0.0495788089956107,0.1131229658300678,0.2151129397874077,0.0624613890734811,0.1385562637199958,0.1187129219373067,0.5243342618147533,0.0436571564555986,0.5196917851765951,0.4544865389664967,0.507050613562266,0.5779521465301514,0.5624902248382568,40.000974655151374,2.7887222844853956,40.4779904683431,35.17269706726074,41.82257461547851,39.16494496663412,43.36666615804037,0.0138279557228088,0.0058706489548053,0.0131148612126708,0.0064457952976226,0.0136372549459338,0.024411154910922,0.0115307122468948,0.9701266646385192,0.0961572024530295,1.0203763643900554,0.7864519357681274,0.9810389081637064,0.9971352020899454,1.0656309127807615,0.029873331512014,0.096157206024771,-0.0203763730823993,0.2135480664049585,0.0189611067374547,0.0028647746269901,-0.0656309171269337,0.5080107371012369,0.0050718828031939,0.5103669762611389,0.5022741854190826,0.5019199947516123,0.5147726535797119,0.510719875494639,8.8,3.249615361854384,9,7,7,15,6
475,41.20642841884067,1.0418489387485148,43.011744907924104,40.31767381940569,40.04759652273996,41.272997174944194,41.38212966918945,0.0400369223207235,0.019042637138364,0.0313411019742488,0.0752925276756286,0.0442659631371498,0.0234861224889755,0.0257988963276147,0.963446569442749,0.0268615585089386,1.0018163578850885,0.9299159220286778,0.9374897139413017,0.9664412225995744,0.981569630759103,0.0365534334576555,0.0268615502170347,-0.0018163327393787,0.070084058280502,0.0625102990972144,0.0335587840527296,0.0184303585972104,0.5431069697652544,0.0139132526389037,0.5346293789999825,0.566085696220398,0.5519319091524396,0.5284381764275687,0.5344496880258832,37.79957224527995,0.5808388939081052,38.05222129821777,38.408169428507485,37.50418281555176,38.22562026977539,36.80766741434733,0.0207867436110973,0.0036551565351874,0.0199108403176069,0.0267697982490062,0.0177061595022678,0.0167162381112575,0.022830681875348,0.8540453036626181,0.0363121026153561,0.8681941827138265,0.8759305079778036,0.8394804994265238,0.8956131140391032,0.7910082141558329,0.1459546982310712,0.0363120983811521,0.1318058486407002,0.1240694628407557,0.1605195125254492,0.1043868940323591,0.2089917731160918,0.5281742533047995,0.030734275850907,0.5143802364667257,0.5895116329193115,0.5111262996991476,0.5156479279200236,0.5102051695187887,39.859228515625,2.1701868953695604,42.72541173299154,36.68744532267253,41.554545084635414,38.31773376464844,40.011006673177086,0.0083897097967565,0.0041961729629739,0.0094248773530125,0.003622324205935,0.00839414447546,0.0156057784333825,0.0049014245159924,0.9846420407295228,0.0732559446299213,1.0833126703898113,0.865978479385376,0.9859250982602438,1.031670292218526,0.9563236633936564,0.0153579778658847,0.0732559402782778,-0.0833126494350532,0.1340215252712369,0.0140749222288529,-0.0316702739025155,0.0436763651669025,0.5422718445460002,0.0452540325989188,0.564797560373942,0.6214895645777384,0.5071385304133097,0.5103771686553955,0.5075563987096151,10.6,4.454211490264017,10,19,10,6,8
500,41.40030125209263,0.3912309366232029,41.822480882917134,41.82213265555246,41.30866077968052,40.78152356828962,41.26670837402344,0.0424584966152906,0.015728981153821,0.0345901623368263,0.0278714634478092,0.0277858357876539,0.0556475780904293,0.0663974434137344,0.9617603761809214,0.0179431724986894,0.9644788673945835,0.9825389129774912,0.9758544989994594,0.9544856037412373,0.9314439977918352,0.0382396313494869,0.0179431707685231,0.0355211389916283,0.0174611125673566,0.0241454874298402,0.0455144128895231,0.0685560048690864,0.5391620022909983,0.0111290855763515,0.522803008556366,0.5405150311333793,0.5320422649383545,0.5450108647346497,0.5554388420922416,37.98965009053548,0.5306939708258548,37.252808252970375,38.40042304992676,38.440626780192055,37.43458620707194,38.419806162516274,0.0245763210579752,0.0094412359193733,0.0344569124281406,0.0191479492932558,0.0090943789109587,0.0330972969532012,0.0270850677043199,0.8510433057943979,0.0334721209847786,0.8007303774356842,0.8853548963864645,0.8784951368967692,0.8221439520517985,0.8684921662012736,0.1489566965649525,0.0334721226424369,0.1992696138719717,0.1146451085805893,0.1215048367157578,0.1778560671955347,0.131507856460909,0.523336672782898,0.01988163591952,0.5619067152341207,0.5108141700426737,0.5065843065579733,0.5207008123397827,0.5166773597399393,40.7854793548584,3.3083402411057157,45.1352907816569,35.82033665974935,42.59015782674154,38.29502932230631,42.08658218383789,0.0094611710170283,0.0069818849502982,0.0027353994082659,0.0011345673119649,0.0110556753352284,0.0119435982778668,0.0204366147518157,0.9886396288871764,0.0913939133675555,1.1130866408348083,0.8358184893925985,1.0090608596801758,0.9574434558550516,1.0277886986732483,0.0113603799293438,0.0913939179861354,-0.1130866206561525,0.1641815323382616,-0.0090608556444446,0.0425565627713998,-0.0277887191623449,0.5087552944819131,0.0063173066208661,0.5047267278035482,0.5039839545885721,0.5046452085177103,0.5097184777259827,0.5207021037737528,11.4,4.223742416388575,9,8,8,13,19
525,45.58560845511301,7.099933091726956,59.68513652256557,41.634107317243306,42.88182013375418,43.007032121930806,40.71994618007115,0.0285421499516814,0.0285556350741129,-0.0037225431296974,0.0624393187463283,0.0090922089293599,0.0114695262163877,0.0634322389960289,0.9627319199698312,0.0327903279480232,1.0076581069401331,0.9424531970705304,0.9804949164390564,0.970951097352164,0.9121022820472716,0.0372680787961663,0.0327903189119073,-0.0076580883303124,0.0575467965432575,0.0195050714204886,0.0290489096992782,0.08789770464812,0.5374765123639788,0.0298565981362291,0.5024827718734741,0.5714756761278424,0.5130348375865391,0.5261563318116325,0.5742329444204058,41.944503657023105,6.8072042785990545,55.52218500773112,38.854610443115234,37.65253321329752,39.141714096069336,38.551475524902344,0.0194073805585503,0.0135303437087567,0.0045535815879702,0.0428874045610427,0.0094436155632138,0.0247255060821771,0.0154267949983477,0.8627974728743235,0.0436634716863166,0.9268450339635214,0.8916927377382914,0.8133124510447184,0.8655880490938822,0.8165490925312042,0.1372025262952471,0.043663467281254,0.0731549711975579,0.108307263503472,0.1866875346750021,0.1344119521478811,0.1834509099523226,0.5071968754132589,0.0066780792029902,0.5005567669868469,0.5195618271827698,0.502759595712026,0.5048974553743998,0.5082087318102518,46.14938519795736,8.909947883175779,63.525246938069664,38.21110598246256,43.965657552083336,43.20110956827799,41.84380594889323,0.0039783990010619,0.011733070218591,-0.0049387137405574,0.0108675528317689,-0.0029388824477791,-0.0069355317391455,0.0238375701010227,1.0138706405957538,0.0826253918345296,1.0745076735814412,0.9258431990941366,1.0166683594385784,1.131994366645813,0.9203396042188008,-0.0138706364048023,0.0826253932380248,-0.0745076622503499,0.0741568021476268,-0.0166683373972773,-0.1319943784425656,0.0796603939185539,0.5059151748816172,0.0046691891168055,0.5009631812572479,0.509822944800059,0.503662904103597,0.50214550892512,0.5129813353220621,8.6,5.748043145279966,2,16,5,5,15
550,41.287364632742744,0.602857720726046,41.97044045584543,41.8296628679548,40.6567371913365,41.48088564191546,40.49909700666155,0.0618578873574733,0.0221310056887207,0.0399076454341411,0.03424534201622,0.0936546102166175,0.0665104836225509,0.074971355497837,0.9336438996451244,0.0256930728533905,0.9425250973020282,0.978071255343301,0.902726948261261,0.9270008206367492,0.9178953766822816,0.0663561126084199,0.0256930823972426,0.0574749012344649,0.02192874139707,0.0972730645111629,0.0729991974575179,0.0821046584418841,0.5701708129474096,0.0209821453501222,0.572427477155413,0.5341265286718097,0.5933455739702497,0.5631568687302726,0.5877976162093026,37.94813321431478,0.8040909405231987,38.84213129679362,37.24266115824381,37.684971491495766,38.95081329345703,37.02008883158366,0.0307315874844789,0.0044925589671483,0.0319591052830219,0.0249558705836534,0.0365658402442932,0.034037247300148,0.0261398740112781,0.8284212112426758,0.0240465413736008,0.8402571479479471,0.8152801990509033,0.8218640089035034,0.8677394986152649,0.7969652016957601,0.1715788017958402,0.0240465475221773,0.1597428852692246,0.18471979132543,0.1781359842667977,0.1322605044891437,0.2030348436286052,0.5280652085940043,0.0268449199477777,0.5130883653958639,0.5093005895614624,0.581273635228475,0.5200943748156229,0.5165690779685974,40.92302233378092,3.122386666066415,45.35131581624349,36.54727935791016,42.949381510416664,38.519287745157875,41.24784723917643,0.0175511285662651,0.0079249343334252,0.0080977892503142,0.0091810328885912,0.0271769296377897,0.0178854968398809,0.0254143942147493,0.9620920697848004,0.0692179562704469,1.0562256971995037,0.8511226177215576,0.9825499057769777,0.9259649912516276,0.9945971369743348,0.0379079261794686,0.0692179412241831,-0.0562256816774606,0.1488773679981629,0.017450098413974,0.0740349663731952,0.0054028797894716,0.512695437669754,0.0069981804104056,0.5099567174911499,0.5015288690725962,0.5167640050252279,0.5127277970314026,0.5224997997283936,18.4,6.468384651518491,15,8,27,20,22
575,40.38915012904576,0.4267999090886692,40.312547956194194,41.20363562447684,39.944197518484934,40.260702405657085,40.22466714041574,0.0632805615663528,0.0149683087445091,0.0678663849830627,0.0676404312252998,0.0374958962202072,0.060004137456417,0.0833959579467773,0.9244320852415904,0.0118628139684133,0.9191621627126422,0.9285232850483486,0.9434959462710788,0.9237282020705088,0.9072508301053728,0.075567923645888,0.0118628123064601,0.0808378420770168,0.0714767202734947,0.0565040667674371,0.0762718112340995,0.092749177877392,0.5647970378398895,0.0256536160525554,0.5834199360438755,0.5640288506235395,0.5184907104287829,0.5649851390293666,0.5930605530738831,37.73620338439941,0.4910634277515732,37.77468744913737,37.912027994791664,37.224098205566406,38.543405532836914,37.22679773966471,0.0326427761465311,0.0070412113748034,0.0272636543959379,0.0345191061496734,0.0277116205543279,0.0456789247691631,0.028040574863553,0.8278140683968862,0.0246208110270831,0.8174456357955933,0.8341686526934305,0.8107961018880209,0.8727701902389526,0.8038897613684336,0.1721859387742976,0.0246208325683776,0.1825543652909497,0.1658313833177089,0.1892039241890112,0.1272297650575637,0.1961102560162544,0.5157304843266803,0.0052160765479455,0.5200778047243754,0.5217939615249634,0.5068773428599039,0.5155765811602274,0.5143267313639323,41.071756998697914,2.4193004748758935,44.14286422729492,36.90401713053385,42.323219299316406,40.32906977335612,41.65961456298828,0.011484155972721,0.0092848120015604,0.0197198614478111,0.004548342898488,-0.0002178168797399,0.0088090132921934,0.0245613791048526,0.995432949066162,0.0826251417171651,1.0858099063237507,0.8528088927268982,0.9841323296229044,1.06890869140625,0.9855049252510072,0.0045670543176432,0.0826251198218229,-0.0858098501339554,0.1471910780916611,0.0158676871409018,-0.068908694665879,0.0144950511554876,0.5435920198758444,0.0637103167369534,0.5128577550252279,0.5037036736806234,0.6706493496894836,0.5119582811991373,0.5187910397847494,15.8,4.874423042781577,19,19,7,14,20
600,41.25336924961635,0.94461063545977,40.61768504551479,41.82129124232701,40.3050662449428,42.838282448904856,40.6845212663923,0.057383993268013,0.0248306469610762,0.0844660252332687,0.0542891137301921,0.0773155987262725,0.013310220092535,0.0575390085577964,0.9444855741092136,0.026830902215399,0.923617286341531,0.9648702144622804,0.9245155368532452,0.9874270047460284,0.9219978281429836,0.0555144294963351,0.0268309035972573,0.0763827040791511,0.0351297871342727,0.0754844759191785,0.0125729973161859,0.0780021830328873,0.5581991136074066,0.03171917001686,0.6064222540174212,0.5495030113628933,0.5794389077595302,0.5149315510477338,0.5406998438494546,37.874386596679685,0.5258097323780836,37.4693603515625,38.08200200398763,37.94699350992838,38.69907760620117,37.17449951171875,0.0305515373125672,0.0125014239393038,0.0312269907444715,0.0372108705341815,0.0495122298598289,0.0213655568659305,0.0134420385584235,0.8413850625356039,0.0384316089911353,0.83999236424764,0.8675463994344076,0.8349966009457906,0.88915487130483,0.7752350767453512,0.1586149442320068,0.0384316176009116,0.1600076680382093,0.1324536005655924,0.1650034040212631,0.1108451128626863,0.2247649356722831,0.537363588809967,0.0295703017107252,0.5294038852055868,0.5686247944831848,0.5754231611887614,0.506314218044281,0.5070518851280212,40.08023618062337,2.269379714136001,40.685052235921226,36.309719721476235,40.6247927347819,39.46258544921875,43.31903076171875,0.0128412424121052,0.0107174611202453,0.0290773268789052,0.0193291902542114,0.0103912353515625,-0.002638773759827,0.0080472333356738,0.953389092286428,0.073714182968891,1.022264877955119,0.8448354204495748,0.8886305888493856,1.0279006361961365,0.9833139379819236,0.0466109202864269,0.0737141788433415,-0.0222648562242587,0.1551645832757155,0.1113694248100121,-0.0279006226919591,0.0166860722626249,0.5219515264034271,0.0295583933723466,0.5808850129445394,0.5058886806170145,0.5100331803162893,0.503624677658081,0.5093260804812113,16.0,7.26636084983398,23,13,25,5,14
625,42.40790895734514,2.3216954813102393,46.69618225097656,41.46401923043387,42.73352541242327,41.21736907958984,39.928448813302175,0.0395201018080115,0.0157784277980748,0.0113464584574103,0.0530265755951404,0.0365170016884803,0.0411622859537601,0.0555481873452663,0.964281289918082,0.0225420635063792,0.9874936086790902,0.9498930999210904,0.9830468893051147,0.973531459059034,0.9274413926260812,0.0357187101617455,0.0225420600101028,0.0125063769519329,0.0501068849116563,0.0169531377032399,0.0264685433357954,0.0725586079061031,0.5435469644410269,0.01940969035488,0.5105409707341876,0.5609865018299648,0.538483704839434,0.542643129825592,0.5650805149759565,38.12541592915853,1.1620812914686467,39.59984461466471,39.48565673828125,37.32936922709147,37.19634819030762,37.01586087544759,0.0238290213048458,0.0090832366615531,0.0130665861070156,0.0340427123010158,0.0195073671638965,0.0352597571909427,0.0172686837613582,0.8363128085931143,0.0375363772919984,0.8471790750821432,0.905106763044993,0.8123662968476614,0.8143198291460673,0.8025920788447062,0.1636871927573035,0.0375363769998764,0.1528208933304995,0.0948932512352864,0.1876337192952633,0.185680176752309,0.1974079231731593,0.5217802961667378,0.0217983572331396,0.5035851796468099,0.5171513160069784,0.5643720229466757,0.5145344138145447,0.5092585484186808,40.26393750508626,3.2147469114269693,45.78420384724935,36.83363914489746,41.870619455973305,38.319010416666664,38.51221466064453,0.0083844742970541,0.0065483374118021,0.0026032670866698,0.010223020799458,0.0092344731092453,0.0006545929936692,0.0192070174962282,0.9491199254989624,0.074445989325367,1.0632550517717998,0.8528026739756266,0.9564773241678872,0.9867127537727356,0.8863518238067627,0.0508800775278359,0.0744459966825684,-0.063255062016348,0.1471973434090614,0.043522644167145,0.0132872743997722,0.113648187679549,0.5079590161641439,0.0042910559470947,0.5033138195673624,0.5048006375630697,0.5105835596720377,0.5060644944508871,0.5150325695673624,9.8,3.249615361854384,4,14,11,10,10
650,44.83772354125976,6.653517070482335,40.97962897164481,58.11189324515207,41.26131820678711,42.37419182913644,41.4615854535784,0.0350752566009759,0.0220037850604002,0.0504926927387714,0.0019919760525226,0.0569327101111412,0.0156286749988794,0.0503302291035652,0.9705965042114256,0.0163360147238371,0.957535071032388,0.9917425428118024,0.9500531809670584,0.9872405869620188,0.9664111392838616,0.0294035014306635,0.0163360208263736,0.0424649201865707,0.0082574505026319,0.0499468512680323,0.0127594244799443,0.0335888607161385,0.5345407477446965,0.023516970708933,0.5614593880517142,0.4967969911439078,0.5566986799240112,0.5233586856297084,0.5343899939741407,42.01414108276367,8.78293825244665,38.59980773925781,59.49261220296224,36.32663218180338,38.57204500834147,37.07960828145345,0.0193976414389908,0.0110879351919783,0.0326424203813076,0.0066051972098648,0.0291234664618968,0.0062695443630218,0.0223475787788629,0.8558412273724872,0.0630215926717658,0.8879004120826721,0.9456974069277444,0.7673918604850769,0.8735567728678385,0.8046596844991049,0.1441587679708997,0.0630215751632265,0.112099594126145,0.054302613561352,0.2326081056768695,0.1264432221651077,0.1953403043250242,0.5107797741889953,0.0052316879995057,0.517885168393453,0.5022678176561991,0.5138209462165833,0.5086724956830343,0.5112524429957072,44.57826703389486,8.526975899167967,42.09943389892578,61.33784993489584,42.20078659057617,38.73159344991048,38.521671295166016,0.0107966122217476,0.010471145068844,0.0103037012740969,-0.003530072979629,0.0125904437154531,0.006025115493685,0.0285938736051321,0.975832192103068,0.0534317696527961,1.0391738414764404,1.0087612469991047,0.9844946265220642,0.9657788475354512,0.8809523979822794,0.024167790915817,0.0534317729701866,-0.0391738768666982,-0.0087612676434218,0.0155053654064734,0.034221154016753,0.1190475796659787,0.5066125949223836,0.0050618330729168,0.5093375444412231,0.5005580385526022,0.5090330243110657,0.5008319616317749,0.5133024056752523,10.0,5.549774770204643,16,2,15,5,12
675,42.18728648594448,1.2480544318057154,42.92884499686105,40.55669130597796,43.347412109375,40.78746087210519,43.31602314540318,0.0313361957669258,0.0228152341785751,0.0111679211258888,0.0621173977851867,0.0154565181583166,0.0561325959861278,0.011806545779109,0.9702124902180264,0.0200327913044388,0.992200757775988,0.9516344155584064,0.9928676400865828,0.9444327013833184,0.9699269362858364,0.0297875074603195,0.0200327797391739,0.0077992579567113,0.0483655772571052,0.0071323685614126,0.0555672799902302,0.0300730535361383,0.5314819650990622,0.0225154740595435,0.5091988529477801,0.5586664506367275,0.5140994106020246,0.5591603304658618,0.5162847808429173,37.956067657470705,0.6113718254205922,37.74125607808431,38.09521357218424,39.075443267822266,37.38080406188965,37.48762130737305,0.0202021248638629,0.0157713508199764,0.0055713052861392,0.0425029583275318,0.0121996710076928,0.0356685891747474,0.0050681005232036,0.8555597186088562,0.0415614427328354,0.8517776528994242,0.8789065678914388,0.9168314735094706,0.8381184736887614,0.7921644250551859,0.1444403058383613,0.0415614251066748,0.1482223607599735,0.121093476191163,0.0831685791102548,0.1618815309678515,0.207835582162564,0.5020919104417165,0.0274074400642851,0.4502923587958018,0.5187820990880331,0.509791096051534,0.5291974941889445,0.5023965040842692,40.27200037638346,2.620633097229695,41.63379033406576,36.37415568033854,43.41908645629883,38.069105784098305,41.86386362711588,0.0054816517571453,0.0049104425674365,-0.0001223499712068,0.007384555414319,0.0098385922610759,0.010912999510765,-0.0006055384292267,0.98341433207194,0.0712351465717904,1.0401573578516643,0.863353967666626,1.06647785504659,0.9914781252543132,0.955604354540507,0.0165856616571545,0.071235145906884,-0.0401573640604813,0.1366460439749062,-0.0664778480616708,0.0085218800231814,0.0443955964098374,0.5066398600737254,0.0049778626357248,0.4979691604773203,0.5115149021148682,0.5086954037348429,0.5106090505917867,0.5044107834498087,8.6,4.409081537009721,5,14,5,14,5
700,40.67453515189034,0.6256996527651829,40.6633540562221,40.1799692426409,41.85051454816546,40.11002131870815,40.56881659371512,0.0543502200394868,0.0248588478642421,0.0497351177036762,0.0455723330378532,0.0247183796018362,0.100233182311058,0.0514920875430107,0.9488662770816256,0.0212229338397418,0.9624060051781792,0.943208498614175,0.9730208430971418,0.9111671788351876,0.9545288596834456,0.0511337363560284,0.021222930937634,0.037594016109194,0.0567915148234793,0.0269791646195309,0.0888328264866556,0.0454711597412824,0.5512631390775953,0.0239572054831454,0.5446832605770656,0.5481909513473511,0.5211604024682727,0.5948112862450736,0.5474697947502136,37.68277880350748,0.8245630999829421,38.33927790323893,36.86050796508789,38.83447710673014,37.67969640096029,36.69993464152018,0.0271133851259946,0.022956350763121,0.02653119713068,0.0173896271735429,0.0040869005024433,0.0707456469535827,0.0168135538697242,0.8424147725105285,0.0458040619281318,0.8990667661031088,0.7945466637611389,0.8830841779708862,0.8501876791318258,0.7851885755856832,0.1575852500119557,0.0458040578077528,0.1009332481771707,0.2054533635576566,0.1169158601357291,0.1498123481869697,0.2148114300022522,0.5191719571749369,0.0133939606138124,0.5177118976910909,0.5177590250968933,0.5064466993014017,0.5444249908129374,0.5095171729723612,39.92429428100586,3.1264662747782643,41.204200744628906,35.73965962727865,44.943580627441406,37.795633951822914,39.93839645385742,0.0143884304910898,0.0074699719431794,0.008193933404982,0.0044772773981094,0.013727237470448,0.0236082021147012,0.0219355020672082,0.969492608308792,0.0966855157369838,1.028720140457153,0.8035960296789805,1.0941164096196492,0.9574663837750752,0.9635640780131022,0.0305074032396078,0.0966855288511176,-0.0287201404571533,0.1964040156453848,-0.09411639906466,0.0425336367140213,0.0364359033604462,0.4787658492724101,0.0653039170197624,0.507389505704244,0.5075627764066061,0.504168709119161,0.5256696542104086,0.3490386009216308,15.0,7.745966692414834,11,14,8,30,12
725,41.71716297694614,0.6341492928093498,41.911459241594585,42.795675550188335,41.69961656842913,40.985521044049946,41.19354248046875,0.0380318712443113,0.0182329134097189,0.011749617755413,0.060830470174551,0.0258408021181821,0.036377340555191,0.0553611256182193,0.955940306186676,0.0177670317198323,0.9736516901424952,0.9409448163849968,0.976322054862976,0.9577633397919793,0.931019629750933,0.0440596939064562,0.0177670225948827,0.0263483367993363,0.0590551998466253,0.0236779451370239,0.0422366419807076,0.0689803457685879,0.5374405077525546,0.018715091207956,0.5107953889029366,0.5551958509853908,0.520408707005637,0.543329792363303,0.5574727995055062,38.761253865559894,0.6444111876606639,38.473788579305015,39.550296783447266,38.22425142923991,38.04340362548828,39.51452891031901,0.0206488603726029,0.0052185769693162,0.0161972120404243,0.0260134823620319,0.0127348555251955,0.0246145073324441,0.0236842446029186,0.858991515636444,0.0303610885403986,0.9000187516212463,0.8561010956764221,0.8694047927856445,0.8632681568463644,0.8061647812525431,0.1410084862882892,0.0303611002755867,0.0999812185764312,0.1438989009087284,0.1305952233572801,0.1367318549503882,0.193835233648618,0.5109013160069783,0.006280187919745,0.5038884282112122,0.521446148554484,0.5060262680053711,0.5140388011932373,0.5091069340705872,41.70695711771648,2.3196010804535567,42.599609375,37.43098004659017,44.29834874471029,42.73262532552083,41.47322209676107,0.0069966234965249,0.0121380449226341,0.0004240955458953,-0.0023718837182968,0.0022945657838135,0.0037072252016514,0.0309291146695613,0.9908641656239828,0.081490130075471,1.049193819363912,0.835146168867747,1.0301889181137085,1.0539594093958538,0.9858325123786926,0.0091358290674785,0.0814901344256228,-0.0491938024448851,0.1648538401350379,-0.0301889513308803,-0.0539594115689396,0.0141674705470601,0.5068245987097423,0.0047965536638347,0.5023404359817505,0.5059409240881602,0.5028411348660787,0.5073436498641968,0.515656848748525,13.8,7.782030583337487,5,26,7,12,19
750,51.83064455304826,21.151394878538913,40.93349620274135,41.389915466308594,94.132018498012,41.421456473214285,41.27633612496512,0.0317581812385469,0.0190329319485739,0.0479200109839439,0.0456694960594177,-0.0026121034752577,0.0247967597097158,0.043016742914915,0.9660752040999276,0.0252684807010741,0.9582203541483196,0.9684718676975796,1.013303007398333,0.9485237172671728,0.9418570739882332,0.033924800420313,0.0252684759633676,0.0417796434568507,0.0315281209935035,-0.0133029875910973,0.0514762933765138,0.0581429318657943,0.5403481500489372,0.0238076262379749,0.5327548384666443,0.5455662522997174,0.5003767439297268,0.5502343603542873,0.5728085551943097,39.07409133911133,1.8370055589598613,36.58258883158366,38.583736419677734,42.227682749430336,39.4704221089681,38.50602658589681,0.0181487042456865,0.0142966499416595,0.0376351401209831,0.0248140916228294,-0.0051757358014583,0.0117452293634414,0.0217247959226369,0.8673176825046539,0.0589251376607356,0.8264037768046061,0.8754080931345621,0.93949290116628,0.9170605341593424,0.7782231072584788,0.1326823239525159,0.058925159266308,0.1735962318877379,0.1245919444287816,0.0605070500945051,0.0829394680137435,0.2217769253378113,0.509554390112559,0.0048714458843776,0.516079843044281,0.5088343024253845,0.5021429657936096,0.5072480837504069,0.5134667555491129,42.520725631713866,4.002077940480031,40.73353830973307,38.43440310160319,50.166098276774086,41.92599614461263,41.34359232584635,0.0083735640568193,0.0069763495075824,0.0159058663994073,0.0012876455439254,0.0001100570370908,0.0079484097659587,0.016615841537714,1.016848150889079,0.0550434675532199,1.0405151844024658,0.9395790894826254,1.0994555354118347,0.976138174533844,1.028552770614624,-0.0168481423829992,0.0550434780161857,-0.0405151670177777,0.0604209080338478,-0.099455560867985,0.0238618636503815,-0.0285527557134628,0.5081429859002431,0.0065871795350709,0.5147255261739095,0.5061498483022054,0.5006370147069296,0.5022168457508087,0.5169856945673624,9.2,4.833218389437829,12,11,1,7,15
775,41.46296146937779,0.7455334168029137,42.08884484427316,41.12429101126535,42.006904057094026,40.144225529261995,41.95054190499442,0.0592503860592842,0.0195519482643564,0.0504865869879722,0.0618986599147319,0.0285697616636753,0.0878782421350479,0.0674186795949935,0.9474102258682252,0.0226637961598011,0.9559759838240488,0.9442786318915232,0.9838155848639352,0.9145649416106088,0.9384159871510096,0.0525897800656301,0.0226637943750892,0.0440240087253706,0.0557213678423847,0.0161844322990093,0.0854350658399718,0.0615840256214141,0.5555271829877582,0.0155110230111654,0.5477726629802159,0.5569261908531189,0.5342574971062797,0.5817271556173053,0.5569524083818708,38.47508506774902,0.8422709456710478,38.34994379679362,38.903602600097656,37.76774978637695,37.501075744628906,39.853053410847984,0.0259322833269834,0.0117943098652877,0.0146914217621088,0.036693587899208,0.0171346124261617,0.0434730984270572,0.0176686961203813,0.8434029539426167,0.0330302463762957,0.857875645160675,0.8965605894724528,0.842792809009552,0.8192086617151896,0.8005770643552145,0.1565970555879175,0.0330302508525813,0.1421243368337551,0.1034394241869449,0.1572071976649264,0.1807913780212402,0.199422941232721,0.5045826971530913,0.0216706898507502,0.5157931844393412,0.4629258811473846,0.506493866443634,0.5250288049379984,0.5126717487970988,41.52311210632324,2.9123579747285664,45.93931579589844,37.53161938985189,43.52848434448242,40.31534067789713,40.30080032348633,0.0164627858437597,0.0083121338082141,0.0146630965173244,0.0128657659515738,0.0052756457589566,0.0189833901822567,0.0305260308086872,0.9579461375872296,0.0887432505890438,1.1237841844558716,0.9111288189888,0.9752292037010192,0.8829153974850973,0.8966730833053589,0.0420538740543027,0.0887432308898436,-0.1237841371136407,0.0888711850469311,0.0247708192716042,0.1170846248666445,0.1033268781999747,0.5214752852916718,0.0228960796410139,0.5654651522636414,0.5056402385234833,0.5020321210225424,0.5140120387077332,0.5202268759409586,18.2,5.912698199637793,17,16,9,23,26
800,41.31981648036412,0.307657354617067,41.02037756783621,41.416543688092915,40.959105900355745,41.394874572753906,41.80818067278181,0.0391121059656143,0.020284046609227,0.0319500975310802,0.0175620708614587,0.0608850196003913,0.0654221922159195,0.0197411496192216,0.9514639820371356,0.0164773945234754,0.9636013678142002,0.9510148337909152,0.933737107685634,0.9335365806307112,0.9754300202642168,0.0485360168718866,0.0164773935216592,0.0363986257995877,0.0489851719300661,0.0662628859281539,0.0664634191031966,0.0245699815984283,0.5405365492616381,0.0189095905901764,0.5261888461453574,0.5367545400347028,0.5575410212789264,0.566376805305481,0.515821533543723,38.058630879720056,0.9482177460672035,37.433366775512695,38.68630599975586,37.03872617085775,37.52988052368164,39.60487492879232,0.0208661717362701,0.0136950701010367,0.0177249051630496,0.0059172264300286,0.0316495969891548,0.0412745550274848,0.0077645750716328,0.844644852479299,0.0286148629430633,0.8651256759961446,0.8859414259592692,0.8041821718215942,0.8267489274342855,0.841226061185201,0.1553551539778709,0.0286148673643444,0.1348743227620919,0.1140585737302899,0.1958178440108895,0.1732510651151339,0.1587739642709493,0.5120535691579183,0.007012913897809,0.5122347275416056,0.5064785679181417,0.5183502038319906,0.5209492643674215,0.5022550821304321,40.9158088684082,2.3921322551583897,42.21872202555338,37.48919804890951,44.56007639567057,40.761942545572914,39.54910532633463,0.0034972228109836,0.0116492298119177,0.0055109928362071,-0.0127488672733306,0.0131100472062826,0.018205676227808,-0.0065917349420487,0.9775809645652772,0.0589254518856414,1.0729269981384275,0.9194307525952656,1.0107621749242146,0.9167870283126832,0.9679978688557944,0.0224190538128217,0.0589254575500047,-0.0729269934818148,0.0805692883829275,-0.0107621389130751,0.0832129878302415,0.0320021252458294,0.5080976287523905,0.0053478632276506,0.5074761509895325,0.4991795023282369,0.5116550525029501,0.5151217381159464,0.5070556998252869,11.8,6.04648658313239,8,6,17,21,7
825,51.79213529314313,21.912041382933623,41.09929330008371,40.19753319876535,41.478937421526226,40.57743181501116,95.60748073032924,0.0517394709866494,0.0301180860450181,0.0421804450452327,0.0698741450905799,0.0668497532606124,0.0823607370257377,-0.002567725488916,0.9431548288890296,0.0380487687749735,0.961555710860661,0.9132182002067566,0.9262727073260716,0.9058130298342024,1.0089144962174552,0.0568451807168977,0.0380487638169164,0.038444276366915,0.0867818104369299,0.0737273038497993,0.0941869786807469,-0.0089144657499023,0.5648610004356929,0.0373793588850367,0.5637581859316144,0.5894328100340707,0.5757978899138314,0.6009008714130947,0.4944152448858533,38.56592165629069,1.5944509021045807,37.11513900756836,38.66380945841471,38.18731117248535,37.31570943196615,41.54763921101888,0.0270527650602161,0.0162708781255829,0.0270736068487167,0.0299019161611795,0.0211097616702318,0.0538434609770774,0.0033350796438753,0.8609691540400186,0.031308999695386,0.834538479646047,0.8818965156873068,0.8444093068440756,0.8317073583602905,0.912294109662374,0.1390308733874311,0.0313090009325718,0.1654615305985013,0.1181035048017899,0.1555907338236769,0.1682926795134941,0.0877059181996931,0.5201657275358836,0.0151271522789462,0.5128271778424581,0.5159562627474467,0.5230170687039694,0.5471705595652262,0.5018575688203176,42.05355784098307,2.018411059610609,43.90607452392578,38.94386291503906,44.56549326578776,41.133888244628906,41.71847025553385,0.0151850499212741,0.0131740214379793,0.0050421552732586,0.0159266237169504,0.0262806601822376,0.0322236269712448,-0.0035478165373206,1.0136266311009725,0.0391395545370877,1.085963249206543,0.9749684731165568,0.9921127955118816,0.993479291598002,1.0216093460718791,-0.0136266383342444,0.0391395597770256,-0.0859632678329944,0.0250315107405185,0.0078872001419464,0.006520723303159,-0.0216093580238521,0.5105476359526316,0.0080958961131561,0.5052223404248556,0.5081399281819662,0.513940691947937,0.5243930419286092,0.5010421772797903,14.8,8.44748483277715,11,15,23,24,1
850,41.96719872610909,2.0698039993398627,45.88122776576451,41.0213372366769,39.75871712820871,41.4455577305385,41.72915376935686,0.0322035311721265,0.0154656987562235,0.0049374992959201,0.033389925956726,0.0523881204426288,0.0315246433019638,0.0387774668633937,0.9641770277704512,0.031697232787948,1.0029026525361198,0.971563254083906,0.9061848606382098,0.97434093270983,0.96589343888419,0.0358229728548654,0.0316972402628433,-0.0029026623815298,0.0284367544310433,0.0938151531985827,0.0256590616357113,0.0341065573905195,0.5354784573827471,0.0158873777519297,0.5124302506446838,0.5365219031061444,0.5622189470699855,0.534427387373788,0.5317937987191337,38.80760981241862,1.2706668649213844,38.951602935791016,37.12423133850098,38.364084243774414,38.562984466552734,41.03514607747396,0.0215505763888359,0.0081177408613143,0.0093523133546113,0.0219157636165618,0.0221071131527423,0.0348265059292316,0.0195511858910322,0.8475533604621888,0.0235980662579757,0.8547489245732626,0.8046154777208964,0.845441202322642,0.8756447633107504,0.8573164343833923,0.1524466475627074,0.0235980736281418,0.1452511008828878,0.1953845445532351,0.1545587995400031,0.1243552366892496,0.1426835561481615,0.5102724432945251,0.0028137013891816,0.5059460202852885,0.5115977128346761,0.5113709370295206,0.5140604575475057,0.5083870887756348,41.60627632141114,3.7403174352687314,44.73586654663086,34.51438840230306,43.109344482421875,44.34875996907552,41.32302220662435,0.0069586507044732,0.0057065364606358,0.0048412410542368,-0.0030238064937293,0.0084731299430131,0.0118206162005662,0.0126820728182792,0.993591558933258,0.0656857630578321,1.070987343788147,0.8849011460940043,0.9661253889401754,1.0483548045158386,0.997589111328125,0.0064084346406161,0.0656857666115644,-0.0709873422359426,0.1150988639953235,0.0338745890185236,-0.0483548184856772,0.0024108809108535,0.5071056505044301,0.0056236815935554,0.5040107170740763,0.4997553726037343,0.5084227720896403,0.5066136121749878,0.5167257785797119,9.8,3.54400902933387,4,9,14,9,13
875,41.58415167672294,0.9354277127407796,40.415164947509766,41.33721487862723,40.88619123186384,42.97740881783621,42.30477850777762,0.0407296160236001,0.0324385588579624,0.0918756574392318,0.0252421461045742,0.0650627017021179,0.0080953501164913,0.0133722247555851,0.9580932038170952,0.0242359557126701,0.9247100353240968,0.9823080216135296,0.9337691068649292,0.9813039728573392,0.9683748824255808,0.0419067956008283,0.0242359613242873,0.0752899728416066,0.0176919608909104,0.066230900053467,0.0186960418109915,0.0316251024071659,0.5495012147086007,0.0345160145906339,0.6038133587156024,0.5335613489151001,0.5755047457558768,0.5188269104276385,0.515799709728786,39.25332921346029,1.3606126113828827,39.109622955322266,38.61480967203776,37.587273915608726,39.24150975545248,41.71342976888021,0.0245603289455175,0.0148869374616265,0.043883591890335,0.0323962084949016,0.032031875103712,0.0042576165869832,0.0102323526516556,0.8704831719398498,0.0247851335633997,0.8749845425287882,0.889672855536143,0.8220488627751669,0.886792520682017,0.8789170781771342,0.1295168335859974,0.0247851334900112,0.1250154686470826,0.1103271500517924,0.1779511431232094,0.1132074914251764,0.121082914682726,0.5140619913736979,0.0094664551970961,0.5316449602444967,0.5107351740201315,0.5144235690434774,0.509983499844869,0.5035227537155151,41.212384414672854,3.616097778723718,42.61143493652344,34.02266375223795,42.6525993347168,43.076211293538414,43.699012756347656,0.0125192023813724,0.0131897522731382,0.033578548580408,0.0158881489187479,0.0111489202827215,0.0095718158408999,-0.0075914217159152,0.9738258560498556,0.0763883176824191,1.0009515484174092,0.8477538625399271,0.9983938535054524,0.943279226620992,1.0787507891654968,0.0261741480479637,0.0763883227605774,-0.000951557730635,0.1522461598118146,0.0016061421483755,0.0567207733790079,-0.0787507773687442,0.5077439546585083,0.008255063800387,0.5227533380190531,0.4987259407838185,0.5091833670934042,0.5025379161039988,0.5055192112922668,13.4,10.248902380255164,32,7,17,5,6
900,41.659007808140345,1.8069082332287267,41.73419298444475,39.621900830950054,41.88602992466518,40.22291128976004,44.830004010881694,0.0396629428490996,0.028875262155632,0.0175179466605186,0.0814879387617111,0.0204427484422922,0.0673583969473838,0.0115076834335923,0.9593970537185668,0.0350031651694013,0.9779401336397444,0.9046535662242344,0.96385943038123,0.9416368518556868,1.008895286491939,0.0406029470797096,0.035003158767521,0.0220598525899861,0.0953464316470282,0.0361405984897698,0.0583631247282028,-0.008895272056439,0.5417991195406232,0.0272930986632678,0.5175191504614693,0.5753889594759259,0.5333566750798907,0.5724710396357945,0.5102597730500358,39.41967455546061,1.7631949060669356,38.67392539978027,37.60586802164713,39.90476099650065,38.29922231038412,42.61459604899088,0.0210895890835672,0.0164492982237347,0.0098001603037118,0.0408766195178031,0.0036427008453756,0.0412084087729454,0.0099200559780001,0.8658633132775625,0.0351002868276479,0.8661048809687296,0.8032241960366567,0.870712419350942,0.8779490987459818,0.911325971285502,0.1341366739012301,0.0351002827823592,0.133895122911781,0.1967757847160101,0.1292875378082195,0.1220509018748998,0.0886740221952398,0.5109104871749879,0.0088348390262718,0.505116601785024,0.5180227557818095,0.5030615528424581,0.5247395833333334,0.5036119421323141,42.541629282633465,4.3101390980868866,44.32003275553385,34.31997299194336,47.03333282470703,43.673081715901695,43.36172612508138,0.0074861449655145,0.004194406422724,0.0050018336623907,0.0117355836555361,0.0057440875098109,0.0129837235435843,0.0019654964562505,1.0156589468320212,0.109287394534925,1.1182283957799275,0.8032514850298563,1.0577608148256938,1.0468259652455647,1.052228073279063,-0.0156589278640846,0.1092873982895152,-0.1182283903472125,0.1967485391845305,-0.0577607803667585,-0.0468259577949841,-0.0522280499959985,0.506755797068278,0.0057212837092778,0.5027048190434774,0.5062836209932963,0.5027850866317749,0.5179017384847006,0.5041037201881409,9.8,5.192301994298868,7,19,6,12,5
925,42.62206377301898,2.357185734070539,47.26973070417131,41.07285581316267,41.10488074166434,41.49326269967215,42.16958890642439,0.0366111882962286,0.0200442591345185,0.0071548917330801,0.0473784245550632,0.0404203310608863,0.0652648136019706,0.0228374805301427,0.9583123445510864,0.0246324151435973,0.9955811841147286,0.942805392401559,0.9307584847722736,0.943483224936894,0.978933436529977,0.0416876678288515,0.0246324186095346,0.0044188215729913,0.0571946230317865,0.0692415359829153,0.0565167818484561,0.0210665767081081,0.5366630724498205,0.0185312814348637,0.5105317234992981,0.5524537989071437,0.5413776295525687,0.5587995903832572,0.5201526199068341,39.23691698710123,1.599591343326176,40.82239023844401,37.217674255371094,38.880751291910805,37.9343064626058,41.32946268717448,0.0158238723738122,0.0112803476983415,1.1380082014511572e-06,0.026912847533822,0.0119603788480162,0.0303944014012813,0.0098505960777401,0.8437157074610392,0.0203740695287616,0.8687041799227396,0.8089240392049154,0.8421636621157328,0.8400726517041525,0.8587140043576559,0.1562842973818382,0.0203740763421418,0.1312958396350344,0.1910759823707243,0.1578363563554982,0.1599273414661487,0.1412859670817852,0.47911723057429,0.0685107981127443,0.5017594695091248,0.5167882045110067,0.3436608115832011,0.5302014549573263,0.503176212310791,42.75044377644856,4.847872420439615,47.87128448486328,33.90099589029948,46.210829416910805,42.19052378336588,43.57858530680338,0.0091019761748611,0.0060212664194888,0.0054377764463424,0.0077975131571292,0.0082840975373983,0.0206190310418605,0.0033714626915752,0.9910686016082764,0.0988168004369369,1.0923830270767212,0.8360992074012756,1.0527587135632832,0.9138877789179484,1.060214281082153,0.0089314082326988,0.0988167992687681,-0.0923830155904094,0.163900819607079,-0.052758713097622,0.0861122015242775,-0.0602142512798309,0.5076799988746643,0.0047478099532682,0.5021149317423502,0.5059281786282858,0.5054440299669901,0.51620086034139,0.5087119936943054,10.8,5.344155686354955,4,12,13,19,6
950,41.37411488124303,0.8862922644160138,41.66007668631418,42.95176369803293,41.10382570539202,40.49252155848912,40.66238675798689,0.0391021538525819,0.0213783327308298,0.0311734843999147,0.009251058101654,0.0345026440918445,0.0459381006658077,0.0746454820036888,0.9413444059235708,0.0267271167386832,0.9502432005746024,0.96657737663814,0.969806603022984,0.9166316390037536,0.9034632103783744,0.0586555954867175,0.0267271210615793,0.0497567851894668,0.0334226268210581,0.0301933977752923,0.0833683673824582,0.0965368002653122,0.5473174623080662,0.0251895419421011,0.5448329533849444,0.5288416062082563,0.5194099886076791,0.5511094927787781,0.5923932705606733,39.11061503092448,0.9062196952969402,39.04716046651205,39.48683993021647,37.85864384969076,38.59225845336914,40.568172454833984,0.0121345519088208,0.0093765850507913,0.0117203285917639,0.010355326347053,-0.0039885067380964,0.0192234739661216,0.0233621373772621,0.8452209273974102,0.022147128024112,0.8650584816932678,0.8726025422414144,0.8446436723073324,0.8324149052302042,0.8113850355148315,0.1547790604333083,0.0221471313996186,0.1349415138053397,0.1273974288875858,0.1553563424386084,0.1675850513080755,0.1886149657269319,0.5076675077279409,0.0041117340145934,0.5082367658615112,0.5038909514745077,0.5022856493790945,0.5105313261349996,0.5133928457895914,42.736116282145176,3.953469255230327,47.125885009765625,35.73457717895508,45.46200815836588,43.77927780151367,41.57883326212565,0.009024825040251,0.0093524941630658,0.0121889850124716,-0.0066371974535286,0.0041344948112964,0.0158554669469594,0.019582375884056,1.0064659317334494,0.1073243759112052,1.1477640867233276,0.8775575955708822,1.1203980048497515,0.9382575551668804,0.9483524163564048,-0.0064659386873245,0.1073243601327585,-0.1477640587836504,0.1224423892175157,-0.1203980079541603,0.0617424119263887,0.0516475721572836,0.506194951136907,0.0074461970792131,0.5028513272603353,0.5001210272312164,0.5041763385136923,0.50297745068868,0.5208486119906107,12.2,7.35934779718964,12,5,7,11,26
975,51.7917366027832,21.05629071156459,42.65536608014788,39.75624465942383,93.86290958949498,41.60320717947824,41.080955505371094,0.0382178052328526,0.0266621204234741,0.0606433749198913,0.0727696791291236,-0.0025161602534353,0.0358590483665466,0.0243330840021371,0.9655767372676304,0.0253255852707595,0.9881435803004672,0.9266866530690876,0.9948344145502362,0.9480288199016026,0.9701902185167584,0.0344232642224856,0.0253255824944339,0.0118564236909151,0.0733133458665439,0.0051655873124088,0.0519711731800011,0.0298097910625594,0.5397525940622602,0.0294641825707764,0.5513611265591213,0.588473345552172,0.4994840025901794,0.5275490624564034,0.5318954331534249,39.002296702067056,1.422292309388003,37.648688634236656,37.010071436564125,40.700113932291664,40.01709111531576,39.635518391927086,0.0210145675577223,0.0140827124346877,0.0350731089711189,0.0404528304934501,0.0125125646591186,0.0124839786440134,0.0045503550209105,0.8219368875026702,0.0395994721101846,0.8052863578001658,0.7754034201304117,0.8839611212412516,0.8503583669662476,0.7946751713752747,0.1780631109761695,0.039599466482148,0.1947136496504148,0.2245965717981259,0.1160388784483075,0.1496416456066072,0.2053248093773921,0.5080841302871704,0.006578693065964,0.5164582331975301,0.5152555306752523,0.5011695822079977,0.5059804121653239,0.5015568931897482,42.21406936645508,3.9033586744987825,45.19595845540365,34.8431396484375,45.491198221842446,43.66474024454752,41.87531026204427,0.007801672257483,0.0089086225756547,0.0207241810858249,0.0063271359540522,-0.0067590409889817,0.0116811161860823,0.0070349690504372,0.9858608563741048,0.0938516749139063,1.1466652154922483,0.8744009733200073,1.0152000586191814,0.9164941310882568,0.97654390335083,0.0141391406456629,0.0938516626823093,-0.1466652061790228,0.1255990310261646,-0.0152000126739343,0.0835058242082595,0.0234560668468475,,,0.5089999039967855,0.5026347438494364,0.5021531581878662,0.5028169353802999,,11.4,7.227724399837061,20,19,1,10,7
1000,42.25767386300223,1.6415132522498752,40.48145294189453,44.44925744192941,43.472710200718474,40.27855518886021,42.60639354160854,0.0474585080519318,0.0218200685203428,0.0374477133154869,0.0625932514667511,0.0119767570868134,0.0755127295851707,0.049762088805437,0.965954225403922,0.0213597116519197,0.9695120028087072,0.9722813623292106,0.9994228141648428,0.9350963405200412,0.953458607196808,0.0340457800509674,0.021359710039375,0.0304879924681569,0.0277186594903469,0.0005771929531225,0.0649036675957696,0.046541387747441,0.5460538574627467,0.021522724155221,0.5354969671794346,0.5562305535588946,0.5114768658365522,0.5756682327815464,0.5513966679573059,38.66060803731283,0.6949712092384033,38.329203287760414,38.711387634277344,39.11891555786133,37.55277570088705,39.59075800577799,0.0301694896072149,0.0130637450530764,0.0205631554126739,0.0493057332932949,0.0198496412485837,0.0425648428499698,0.0185640752315521,0.8230927765369416,0.0373782729248084,0.8358544707298279,0.8356198668479919,0.8802488048871359,0.781369149684906,0.782371590534846,0.1769072121630112,0.0373782756487803,0.1641455342372258,0.1643801070749759,0.1197511777281761,0.2186308357243736,0.2176284060503045,0.5141748666763306,0.0083994706556072,0.5068161884943644,0.5290254950523376,0.5077564318974813,0.51789790391922,0.5093783140182495,41.92507451375325,3.6366732765685064,44.65109125773112,36.2541758219401,40.437826792399086,46.83399200439453,41.44828669230143,0.0125287025934085,0.0078844444894365,0.0127858119085431,0.0125009948387742,-0.0017033779295161,0.0172755103558301,0.0217845737934112,0.9895123203595478,0.0988905870532231,1.1309449275334675,0.929263691107432,0.8815297285715739,1.0842883388201396,0.9215349157651266,0.0104876876498262,0.0988905769466174,-0.1309449328109622,0.0707362952331702,0.1184702528019746,-0.0842882885287205,0.0784651115536689,,,0.5054032603899637,0.5085119605064392,0.5054376622041067,0.5132756431897482,,16.8,6.881860213634101,11,26,7,21,19
