lags,train_bce_mean,train_bce_std,train_bce_fold_1,train_bce_fold_2,train_bce_fold_3,train_bce_fold_4,train_bce_fold_5,train_roc_auc_mean,train_roc_auc_std,train_roc_auc_fold_1,train_roc_auc_fold_2,train_roc_auc_fold_3,train_roc_auc_fold_4,train_roc_auc_fold_5,train_sensitivity_mean,train_sensitivity_std,train_sensitivity_fold_1,train_sensitivity_fold_2,train_sensitivity_fold_3,train_sensitivity_fold_4,train_sensitivity_fold_5,train_specificity_mean,train_specificity_std,train_specificity_fold_1,train_specificity_fold_2,train_specificity_fold_3,train_specificity_fold_4,train_specificity_fold_5,train_f1_mean,train_f1_std,train_f1_fold_1,train_f1_fold_2,train_f1_fold_3,train_f1_fold_4,train_f1_fold_5,train_precision_mean,train_precision_std,train_precision_fold_1,train_precision_fold_2,train_precision_fold_3,train_precision_fold_4,train_precision_fold_5,val_bce_mean,val_bce_std,val_bce_fold_1,val_bce_fold_2,val_bce_fold_3,val_bce_fold_4,val_bce_fold_5,val_roc_auc_mean,val_roc_auc_std,val_roc_auc_fold_1,val_roc_auc_fold_2,val_roc_auc_fold_3,val_roc_auc_fold_4,val_roc_auc_fold_5,val_sensitivity_mean,val_sensitivity_std,val_sensitivity_fold_1,val_sensitivity_fold_2,val_sensitivity_fold_3,val_sensitivity_fold_4,val_sensitivity_fold_5,val_specificity_mean,val_specificity_std,val_specificity_fold_1,val_specificity_fold_2,val_specificity_fold_3,val_specificity_fold_4,val_specificity_fold_5,val_f1_mean,val_f1_std,val_f1_fold_1,val_f1_fold_2,val_f1_fold_3,val_f1_fold_4,val_f1_fold_5,val_precision_mean,val_precision_std,val_precision_fold_1,val_precision_fold_2,val_precision_fold_3,val_precision_fold_4,val_precision_fold_5,test_bce_mean,test_bce_std,test_bce_fold_1,test_bce_fold_2,test_bce_fold_3,test_bce_fold_4,test_bce_fold_5,test_roc_auc_mean,test_roc_auc_std,test_roc_auc_fold_1,test_roc_auc_fold_2,test_roc_auc_fold_3,test_roc_auc_fold_4,test_roc_auc_fold_5,test_sensitivity_mean,test_sensitivity_std,test_sensitivity_fold_1,test_sensitivity_fold_2,test_sensitivity_fold_3,test_sensitivity_fold_4,test_sensitivity_fold_5,test_specificity_mean,test_specificity_std,test_specificity_fold_1,test_specificity_fold_2,test_specificity_fold_3,test_specificity_fold_4,test_specificity_fold_5,test_f1_mean,test_f1_std,test_f1_fold_1,test_f1_fold_2,test_f1_fold_3,test_f1_fold_4,test_f1_fold_5,test_precision_mean,test_precision_std,test_precision_fold_1,test_precision_fold_2,test_precision_fold_3,test_precision_fold_4,test_precision_fold_5,num_epochs_mean,num_epochs_std,num_epochs_fold_1,num_epochs_fold_2,num_epochs_fold_3,num_epochs_fold_4,num_epochs_fold_5
-1000,0.2369397230268944,0.1691633008651073,0.5359241267045339,0.1019746099731751,0.1581967673486187,0.3075212020249593,0.0810819090831847,0.9598304759965766,0.0652472304973186,0.8309199928600721,0.9998473748473748,0.9957279492993776,0.9726570629760578,1.0,0.9293673257958972,0.0861658590306599,0.7693757300900158,0.996031746031746,0.9710034013605442,0.91042575149718,1.0,0.918985582153215,0.0933975638187406,0.7462721577245566,0.9877510081069588,0.9699821204138284,0.8951903546012694,0.995732269919462,0.9285757471036824,0.080330818477459,0.7816972924420776,0.989345269754187,0.9710108054547626,0.90434453408021,0.9964808337871748,0.7488837220980079,0.2166211674181359,0.3789415610844183,0.9019274376417236,0.8540816326530613,0.6358568679997253,0.9736111111111112,1.038976603746414,0.1450250139726007,0.8190567876611438,1.1507099398544856,1.2140721678733826,1.081071185214179,0.92997293812888,0.6043531432325874,0.0304357825647762,0.5966818130540956,0.6058746693121693,0.5863766788766789,0.5719397203325775,0.6608928345874158,0.1353514739229025,0.0836013099183171,0.0748015873015873,0.1148809523809523,0.1584183673469388,0.0446428571428571,0.2840136054421768,0.9509374463300356,0.0214465166589982,0.93879009649196,0.9581898656898656,0.9637016687016688,0.9778712425140996,0.9161343582525848,0.7643376744557061,0.0303639737792227,0.736303061299578,0.752495048915394,0.7677954652817974,0.7437625895423297,0.8213322072394318,0.295,0.0757517128219874,0.2785714285714286,0.2357142857142857,0.380952380952381,0.1964285714285714,0.3833333333333333,1.0596312284469604,0.2431811013421417,0.7688391166073936,1.0236641892365046,1.5083764706339156,1.021209895610809,0.9760664701461792,0.6051783794435144,0.0505527349620762,0.6447992471745551,0.5934038410979404,0.5667189952904239,0.6795283694162357,0.5414414442384163,0.1091326530612245,0.027182456333118,0.1085034013605442,0.1385487528344671,0.0857142857142857,0.0727891156462584,0.1401077097505668,0.927725766834192,0.0402551942657333,0.918012118787981,0.9336123877272948,0.9451479737194024,0.9824807898868048,0.8593755640494771,0.758212799155171,0.0393004691883787,0.7463597175957861,0.7227876266844641,0.7898551461028943,0.8170391691077498,0.7150223362849607,0.2119444444444444,0.0345362137905729,0.246031746031746,0.2309523809523809,0.1547619047619047,0.238095238095238,0.1898809523809523,14.0,7.293833011524188,4,21,14,8,23
-975,0.1574371176993563,0.0897882341827669,0.3247048336835134,0.135314782105741,0.102190940596518,0.1612146901232855,0.0637603419877234,0.9870625079578068,0.01426605720459,0.9608720472743418,0.9872592131459128,0.999875992063492,0.9873052873052875,1.0,0.967091836734694,0.0310415900235024,0.9116496598639456,0.9623015873015874,0.9922619047619048,0.9692460317460316,1.0,0.9648804990873184,0.0415957248925833,0.8840765472803773,0.9872009752170248,0.9917220910718976,0.9665158161263682,0.9948870657409246,0.9699570137130896,0.0350131667265881,0.9018373089101838,0.988298056221882,0.9918661449679602,0.9719637495157356,0.9958198089496868,0.8429345257916687,0.13649594938144,0.5884555259555261,0.8983740465883323,0.9352607709750568,0.8217772967772968,0.9708049886621314,1.048549009646688,0.1663313594431851,0.7702308084283557,1.108438185283116,1.2731069432837625,1.1039560181753976,0.9870130930628096,0.6076774639781974,0.0605022760162156,0.539519897516792,0.6191557830397115,0.5728061406186405,0.5897398831327402,0.7171656155831031,0.1616043083900226,0.0580962398859673,0.1915249433106575,0.1959183673469387,0.138860544217687,0.0589285714285714,0.2227891156462585,0.9381697390010734,0.0236430855936843,0.8927366606248593,0.94543389150532,0.9396414035699752,0.9553926100354672,0.9576441292697452,0.7664539355947076,0.0375657467189749,0.7395646367215992,0.770078245926374,0.7465198290138463,0.7381069762778344,0.8379999900338847,0.3144557823129251,0.0719524037846169,0.2726190476190476,0.3639455782312925,0.3238095238095238,0.2023809523809523,0.4095238095238095,1.1088709899357387,0.2320788211547228,0.748498661177499,1.0305403556142534,1.453036218881607,1.084096133708954,1.22818358029638,0.6041398070085092,0.0465150861075372,0.6038015091093909,0.5957772954415036,0.5927877347520205,0.6863406600793172,0.541991835660314,0.1304761904761904,0.0479144257839911,0.1006802721088435,0.2092120181405895,0.1464285714285714,0.066156462585034,0.1299036281179138,0.931888375676925,0.0311803010325886,0.9252228327228328,0.8788142551030751,0.9430577359148788,0.9748212126459468,0.9375258419978918,0.7658367981757499,0.0308039209117464,0.7457040944492156,0.7271479754679487,0.7946634228533167,0.8087755768664374,0.7528929212418314,0.2240816326530612,0.0541778761134964,0.2125850340136054,0.2875850340136054,0.1559523809523809,0.1785714285714285,0.2857142857142857,16.8,7.386474125047755,7,15,20,13,29
-950,0.342864985107666,0.1359926595504182,0.2820380656492142,0.5137643430914197,0.3913998642847651,0.4129429473763421,0.1141797051365886,0.9337712953697264,0.0532961018809859,0.9716058667230936,0.842694153070639,0.9289077359131884,0.9256487211417112,1.0,0.8806893767608054,0.0783227278049832,0.9104591836734692,0.745719954648526,0.8835111317254174,0.8756613756613758,0.988095238095238,0.8674796644061915,0.078020979877453,0.9121643531520908,0.7631695636679307,0.8495776959698512,0.8218830554600919,0.9906036537809936,0.8838860688569316,0.0653512356180489,0.922416838125788,0.7976476863132292,0.8677395740588093,0.8446342695496663,0.9869919762371652,0.6075912447341019,0.1953635258704992,0.6757464096749811,0.3718406593406594,0.5441790352504637,0.4995914799486228,0.9465986394557824,0.9240865349769593,0.1029211214073367,1.0963104963302612,0.7726236837250846,0.9141694605350494,0.9287777032170976,0.9085513310773032,0.626798424669141,0.0553895656491046,0.582053253854496,0.6256544530205245,0.5943319197337056,0.5981061398918541,0.7338463568451254,0.1375453514739229,0.0755463829626087,0.0546485260770975,0.2078231292517006,0.0988945578231292,0.0797619047619047,0.2465986394557823,0.953017054615898,0.0227139114471699,0.9577261443410512,0.909040060468632,0.9609289784289784,0.974579772079772,0.9628103177610566,0.7666106186515534,0.0402811911413425,0.7377727294237459,0.7495178305723781,0.7477524675567722,0.7513885518094091,0.8466215138954618,0.291547619047619,0.1242097468980989,0.1369047619047619,0.2553571428571429,0.2797619047619047,0.2678571428571428,0.5178571428571429,0.916978292805808,0.1185117963096648,0.9779900780745916,0.7462677146707263,0.9492201209068298,0.8266305114541735,1.0847830389227189,0.663982163773909,0.0587395974104483,0.7058136217572795,0.6453541521883913,0.6420878394092681,0.7489856715174321,0.5776695339971737,0.1076020408163265,0.0606251062667475,0.1006802721088435,0.2019841269841269,0.0297619047619047,0.0620748299319727,0.1435090702947845,0.9499314523815996,0.028932712819744,0.9803949357520788,0.9145671949398658,0.9527254491540206,0.982582539988555,0.9193871420734776,0.7703661729713884,0.0255611455948598,0.7725806385442405,0.7405612847928567,0.7809605034121129,0.8113984486557249,0.7463299894520079,0.2414625850340136,0.1199678910256178,0.35,0.3632653061224489,0.0595238095238095,0.1428571428571428,0.2916666666666666,8.4,4.963869458396343,8,4,6,6,18
-925,0.3643664372109231,0.1760993493594113,0.3327232709243184,0.558803759870075,0.5689873106422878,0.2393152855691455,0.1220025590487888,0.9032991416534776,0.0907751126052952,0.9501880613655084,0.7979630415404938,0.7897460841182725,0.9788111062771276,0.9997874149659864,0.8598469387755102,0.1131510659860942,0.9115079365079364,0.7187358276643993,0.732237339380197,0.9401549508692364,0.9965986394557824,0.8371329325639966,0.1201219136837004,0.8479328067377244,0.7083501853550758,0.6954448440071047,0.9382045568006158,0.9957322699194622,0.8608050679078352,0.1045369674746597,0.8796892282252425,0.7475173078806459,0.7346556250396533,0.9464477148571232,0.9957154635365104,0.5770066698007874,0.2540003799736069,0.5359968734968734,0.2977894460037317,0.3354401511964537,0.7421957671957673,0.9736111111111112,0.8819427175181251,0.0592203937751531,0.8844383869852338,0.8859135253088815,0.9472590259143284,0.9190947200570788,0.7730079293251038,0.6067127401871191,0.0644783496951141,0.5765170884871973,0.6091164457235886,0.5730243219082504,0.5456790002325717,0.7292268445839875,0.1224092970521542,0.083719802017624,0.1339002267573696,0.1035714285714285,0.056547619047619,0.0416666666666666,0.2763605442176871,0.9613919447916022,0.0202253882104367,0.9330486605641886,0.953859090644805,0.975674457817315,0.991529304029304,0.952848210902398,0.7657863388241536,0.037314934959646,0.7512285407148731,0.7453806697094236,0.7423445927631518,0.7498303299565477,0.8401475609767719,0.262891156462585,0.0866539840569161,0.2857142857142857,0.2239795918367347,0.1809523809523809,0.2023809523809523,0.4214285714285714,0.8830366321972439,0.066487339992098,0.822246823992048,0.8463148134095329,0.956140662942614,0.8196862297398704,0.970794630902154,0.6387887999953887,0.0487507611897507,0.6624670371021972,0.6247581902512026,0.6217930548287691,0.7159809311287143,0.5689447866660601,0.0854195011337868,0.0543606829554117,0.1268707482993197,0.1427721088435374,0.0,0.0442176870748299,0.1132369614512471,0.9561757520855828,0.0284263233096905,0.9531157585344776,0.9229305166882806,0.9844860166288736,0.992517006802721,0.9278294617735612,0.7665021680124913,0.031790831689899,0.7664011130836871,0.7241971255687124,0.7872199303006623,0.813395887950066,0.7412967831593288,0.2168707482993197,0.1249506080398767,0.3852040816326531,0.216156462585034,0.0,0.2142857142857142,0.2687074829931973,8.6,6.2801273872430325,7,3,3,10,20
-900,0.3084107939508699,0.2361040864096249,0.7014722653797695,0.1065205500594207,0.1341419029271318,0.1372386738657951,0.4626805775222324,0.8846505156235663,0.179509795119119,0.5357292485198923,0.999294532627866,0.9984270689627832,0.9997835497835498,0.8900181782237407,0.8571720607434893,0.1952874312702496,0.4942039442039441,0.9952380952380953,0.990465883323026,0.9976190476190476,0.8083333333333332,0.8570208981511886,0.1726748014845155,0.5414695986779344,0.988181826174178,0.982522002258482,0.9725545080717494,0.8003765555735999,0.8729191984828091,0.1530557918564573,0.5948784541536845,0.9895733940576622,0.9838782772595616,0.9776066342302908,0.8186592327128469,0.6644168922425226,0.3040350788030573,0.1720705201272428,0.9138888888888892,0.911979488765203,0.8814436885865459,0.4427018748447321,1.029738733598164,0.2204590435521207,0.7472810915538243,1.1356448233127594,1.1583002252238137,1.3128987210137504,0.794568806886673,0.6022944725090795,0.0602845286516364,0.540256578523271,0.5884701508808653,0.6075139179603466,0.5614290256700971,0.7138026895108175,0.1644671201814059,0.0452602064922379,0.1171485260770975,0.2072278911564626,0.1971088435374149,0.1018707482993197,0.1989795918367347,0.9425658188697384,0.0160236904216996,0.941631831476552,0.92466785859643,0.9252255945113088,0.9586913483342056,0.9626124614301952,0.7703873228516269,0.0316808345787319,0.7433457014917567,0.7619067639425955,0.76059233105165,0.7537238900777513,0.8323679276943812,0.3602721088435374,0.0600700495033267,0.2809523809523809,0.3739795918367347,0.3428571428571428,0.3392857142857143,0.4642857142857143,0.9687035969325476,0.1793483130191774,0.7120881250926426,1.0126793554850988,1.247525921889714,1.01658068384443,0.8546438983508519,0.6212380206640079,0.0790575352257634,0.5602156914195092,0.5685729404595864,0.6333889324960753,0.7706233552334796,0.5733891837113888,0.1944217687074829,0.1085959535915617,0.3724489795918367,0.1508219954648526,0.2607142857142857,0.1144557823129251,0.0736678004535147,0.8820685866354611,0.1112338375186684,0.6675857207014841,0.8871936350973619,0.9245130530844816,0.972739866697606,0.958310657596372,0.7459727250136143,0.0673596750448993,0.6387601069250636,0.712641330102436,0.8144920974019518,0.8193509584391182,0.7446191321995019,0.2889979861408432,0.1060853610967484,0.1882413221698936,0.2326839826839827,0.4934523809523809,0.2619047619047619,0.2687074829931973,11.2,6.823488843692793,1,17,16,17,5
-875,0.2441915796448787,0.1215516452459158,0.1791404437805925,0.0910099625055279,0.2958881120596613,0.4491931412901197,0.205726238588492,0.96833937981154,0.0363097441091899,0.9864455418919704,1.0,0.9618255922679156,0.9004315719345206,0.9929941929632932,0.9416000137428708,0.0521917015954896,0.967828798185941,1.0,0.925592661306947,0.8485071806500379,0.9660714285714288,0.9180036574069554,0.0682353119985068,0.9655900836379476,0.9907480587283544,0.8887465238039948,0.7992517696238014,0.9456818512406788,0.9301353038338812,0.0594137863257434,0.9713730323730864,0.992480255656629,0.9095239129381948,0.8246355986044426,0.9526637195970542,0.723446447732162,0.1676326499152866,0.8067649281934997,0.9468253968253968,0.6044673580387867,0.4685154131582704,0.7906591424448569,0.8755772948265076,0.132533245766633,0.8919306099414825,0.9728256378855024,1.0586234033107758,0.7444988233702523,0.7100079996245248,0.6389036280089504,0.0415725348642759,0.6138182002176568,0.6052861539915112,0.6317306057038199,0.6235679218268505,0.7201152583049134,0.2502267573696145,0.0944316425380149,0.2511337868480726,0.1887755102040816,0.1137755102040816,0.3113945578231292,0.3860544217687075,0.9155453117676292,0.0306686850401523,0.8785978203990628,0.9276431769288914,0.9638115588115588,0.8866969009826154,0.920977101716018,0.7759647303598823,0.0330892946109394,0.7532999409243362,0.7593268168588632,0.7571061530953408,0.7687343456217993,0.8413563952990725,0.3925340136054422,0.0676277899876967,0.310204081632653,0.4071428571428571,0.3630952380952381,0.3693877551020408,0.5128401360544218,0.8858353606292179,0.1561515682638932,0.821720906666347,0.9565998826708112,1.150528345789228,0.6957470263753619,0.8045806416443416,0.6409115991239762,0.0408098191731668,0.6258948426482294,0.6100182415496855,0.6380352782138496,0.7198436690279443,0.6107659641801721,0.2276757369614512,0.0753194891763537,0.3009353741496598,0.1644557823129251,0.1119047619047619,0.2826530612244898,0.2784297052154195,0.9076795368055246,0.0339990875063203,0.8631387500476171,0.8907011800024224,0.9614890400604686,0.928598376915722,0.894470337001393,0.7719938403004615,0.0397872683305369,0.7569642589407108,0.7134626084299743,0.7974606483718052,0.831099830361367,0.7609818553984494,0.2858173572459287,0.0814460756959896,0.373814677386106,0.2189625850340136,0.1714285714285714,0.3744047619047618,0.2904761904761905,11.4,4.31740662898458,12,19,9,6,11
-850,0.1242075101605483,0.0300424305280321,0.1214534336967127,0.0733194925068389,0.1213998014905623,0.1398946777695701,0.1649701453390575,0.9940901066905788,0.0054584016443342,0.9997874149659864,0.988095238095238,0.9984591738994448,0.9868970458553792,0.9972116606368454,0.9815927987356556,0.0106893461043311,1.0,0.9761904761904762,0.9835600907029478,0.9674981103552532,0.980715316429602,0.981808366724174,0.0106365755984328,0.9881001208497368,0.9992063492063492,0.972519904678388,0.9786963634570764,0.9705190954293188,0.9836004480150876,0.0100609750107704,0.9904332275887762,0.9993240516545602,0.9748664771333188,0.9811828881433158,0.9721955955554674,0.9020705352848212,0.0396875194972024,0.9257086167800452,0.9682539682539684,0.8741591080876796,0.8820930392358962,0.8601379440665156,1.103410919223513,0.2450935330213296,1.4649914247649056,1.332677628312792,0.8993820760931287,0.9274447645459856,0.8925587024007525,0.6306001498476734,0.0402652327961348,0.5752854588044806,0.6204902174545033,0.6573293687132973,0.6082261505029362,0.6916695537631498,0.1935090702947846,0.0982011743038928,0.0413548752834467,0.1869897959183673,0.3515306122448979,0.1886904761904762,0.1989795918367347,0.9406126729501114,0.0374386382551833,0.978171114599686,0.9535375603232746,0.8688835106692251,0.945767341124484,0.9567038380338874,0.7744581136735139,0.0295838023740396,0.7444665487189505,0.7682351232151545,0.763547722889475,0.7647913050180292,0.8312498685259601,0.3651437847866419,0.0705341580078744,0.25,0.3795918367346939,0.3321815089672232,0.4056122448979592,0.4583333333333333,1.0484596507889885,0.1334569011057358,1.1792010281767165,1.180214392287391,1.0775367830480849,0.8276792168617249,0.9776668335710254,0.6481683118558508,0.0279683394111339,0.646528047189993,0.6418205684354754,0.6302997267282983,0.7011876778648233,0.6210055390606632,0.1756179138321995,0.0501216678536618,0.1072278911564625,0.1509353741496598,0.255952380952381,0.1627551020408163,0.201218820861678,0.918241231752307,0.0353958434327784,0.9603828710971568,0.9219049681627322,0.8568041746613176,0.9430615014864432,0.9090526433538856,0.7660852160277372,0.0304533176527883,0.7669821516503442,0.7228240109800107,0.7730145044964044,0.8161202903284087,0.7514851226835183,0.296708410636982,0.038841972726094,0.3273809523809524,0.2946428571428571,0.2234230055658627,0.3297619047619047,0.3083333333333333,17.2,4.354308211415448,14,25,19,14,14
-825,0.1681614026072479,0.0226485461002461,0.1961796189702692,0.161673420064506,0.1924060292187191,0.1524223286126341,0.1381256161701111,0.989407270227834,0.0059276369162177,0.9940109924251782,0.9861975721171125,0.9817317793651948,0.998272792022792,0.9868232152088928,0.9619727891156462,0.0071301742652443,0.9648526077097506,0.9645502645502644,0.9477891156462585,0.9662698412698412,0.9664021164021164,0.964243543499572,0.0118339648830127,0.9551526009397244,0.9647501945265332,0.9479762167000688,0.9719851075664412,0.9813535977650923,0.9636748160892068,0.0111401010228179,0.9549123047422636,0.969306220847184,0.9540630114832452,0.95703786577558,0.9830546775977608,0.8104705215419502,0.0449567257369942,0.7972033257747545,0.7767762660619804,0.7547335600907031,0.8474300831443687,0.8762093726379441,0.8782292110579354,0.0538655640563232,0.9048052643026624,0.8736334187643868,0.9515119024685452,0.8745989799499512,0.7865964898041317,0.6611457822022182,0.0460263033773873,0.659471296043501,0.6634311951276237,0.6201545329670329,0.6177414929647072,0.7449303939082264,0.3024716553287981,0.0613046773737258,0.1851473922902494,0.3312074829931972,0.3539115646258503,0.3002551020408163,0.3418367346938776,0.921220518033326,0.0291259825428799,0.9519693005407291,0.8975542182685041,0.8916644863073435,0.9040852665852668,0.9608293184647864,0.791491111201838,0.0329142048180591,0.7691745860801564,0.7775332442998918,0.7799693202813776,0.773862790391821,0.8569156149559435,0.435453514739229,0.0628453007859214,0.4047619047619047,0.4414399092970521,0.3936507936507936,0.3826530612244898,0.5547619047619048,0.8273716879742488,0.0743177216933707,0.807387215750558,0.8298816084861755,0.9276476459843772,0.7031258408512387,0.8688161287988935,0.675826922125552,0.0358537790404738,0.6670316018022299,0.6570860952654431,0.6657974300831444,0.7455641908600814,0.6436552926168609,0.2929705215419501,0.073745441823798,0.2460034013605442,0.2012755102040816,0.3535714285714286,0.4022108843537414,0.2617913832199546,0.89943503779346,0.0296835769830375,0.9205083645600888,0.8847678305131721,0.8475899761614046,0.9257671598895348,0.9185418578431002,0.7851022798376972,0.0391206551294132,0.7830938148348386,0.7281141536805384,0.78557018033797,0.8510233100159725,0.7777099403191661,0.3991171923314781,0.0776640489362333,0.4702380952380952,0.3422619047619047,0.2784941249226963,0.4811224489795918,0.423469387755102,12.2,2.4,10,11,10,14,16
-800,0.1364889888713757,0.0652184365232679,0.0822657564921038,0.1326963736542633,0.2625414796528362,0.1098516093833106,0.0950897251743645,0.990498718151258,0.0132052283161429,0.988095238095238,0.9991071428571427,0.9656398492596912,0.9996513605442178,1.0,0.9801625094482236,0.0247528060024111,0.9761904761904762,0.9965986394557822,0.9333805744520032,0.9970238095238096,0.9976190476190476,0.9734187693013672,0.0385221251093412,0.9947473877888624,0.9876490647344506,0.8965589201524803,0.9930594588595542,0.9950790149714882,0.97777865327548,0.0315134028791945,0.995782621818282,0.9892375785616648,0.9149214061441312,0.9936397617611744,0.9953118980921464,0.8860987425273141,0.1288659995392038,0.944982993197279,0.9400793650793652,0.628793032364461,0.9557539682539682,0.9608843537414964,1.052390446833202,0.1604852773203219,1.320508360862732,0.9996344447135924,0.8419084080627987,1.1199241280555725,0.9799768924713136,0.6523520164302987,0.040069731767513,0.603103079488949,0.6413406120995406,0.6543963493517065,0.6379716480609339,0.7249483931503636,0.2094444444444444,0.0856347101042693,0.1070861678004535,0.1697278911564625,0.3383503401360544,0.1531462585034013,0.2789115646258503,0.9331052356692752,0.0357795795398226,0.9646302110587824,0.9370204663061806,0.8647025989883134,0.958793970579685,0.940378931413414,0.7760330517061496,0.0303527160477101,0.7575473227685298,0.7605687388502514,0.7602609604195351,0.765252389974905,0.8365358465175262,0.400995670995671,0.0385903268962584,0.4047619047619047,0.3601190476190475,0.3639069264069264,0.4095238095238095,0.4666666666666667,0.9808652971472058,0.067904152828066,1.0064379572868347,0.890448774610247,0.9117644940103804,1.032341603721891,1.0633336561066764,0.6688255559285851,0.036809699653295,0.6770145148023844,0.644169399656589,0.6356430606430605,0.7370448769654759,0.6502559275754152,0.1905952380952381,0.0767509183139514,0.1370748299319727,0.1638888888888889,0.3428571428571429,0.1615646258503401,0.1475907029478458,0.919727152819892,0.0368915982433903,0.9421585807915858,0.9023539348849908,0.8646462003604861,0.9740208031341036,0.9154562449282946,0.7699958300205773,0.0346495279082747,0.7683394119531108,0.7260250398365082,0.78764002786526,0.8249991180297327,0.7429755524182747,0.2873412698412698,0.0252583663979278,0.3154761904761904,0.2775510204081632,0.2482709750566893,0.2809523809523809,0.3144557823129251,17.2,5.5641710972974225,23,14,8,19,22
-775,0.342340704337472,0.1518293991602087,0.1745621670214902,0.583451393814314,0.2677457999615442,0.4511655022700627,0.2347786586199488,0.9211858566630876,0.0865513511571891,0.9861372002381856,0.7684190925391632,0.9767547058931724,0.8812221429513615,0.9933961416935552,0.8811980347694635,0.0898010564873057,0.9586734693877552,0.7566893424036282,0.9543178382464096,0.7871315192743764,0.9491780045351472,0.8554796093299007,0.1018678329609187,0.956982764764824,0.6801566502270989,0.8879591177472593,0.8093110782719836,0.9429884356383376,0.8758945968572813,0.0828824556689431,0.9636215372261324,0.7379445972155514,0.9055366456345182,0.8290412101799131,0.9433289940302916,0.5823298756176909,0.1894095120828619,0.7824640967498113,0.2922446426122897,0.6261964886964888,0.4438318295461151,0.7669123204837492,0.8423022857734136,0.0963998505044907,0.9018457361630032,0.9780100882053376,0.8010002693959645,0.8393093730722155,0.691345962030547,0.653716033810018,0.0481842033392336,0.6397985632380042,0.5984140974765975,0.6474717280074423,0.6391496598639456,0.7437461204641006,0.2508786848072563,0.1464357128386374,0.24359410430839,0.0499999999999999,0.3829931972789116,0.1364795918367347,0.4413265306122449,0.923131591844057,0.0515254642008715,0.906314257401214,0.9946072446072448,0.8445851502994361,0.9617955985813128,0.9083557083310776,0.7768360701366456,0.0351760610904118,0.7656275254464697,0.7478555081711541,0.759414555000966,0.7652788311744428,0.8460039308901951,0.3789965986394558,0.0892474488783174,0.426360544217687,0.2142857142857142,0.3659863945578231,0.4142857142857142,0.4740646258503401,0.8216628393956593,0.1227570445666006,0.6866788289376667,1.039911006178175,0.7715502849646977,0.748374023607799,0.8618000532899585,0.6694367939440704,0.0653221783866905,0.7238018524533303,0.5938497591234392,0.661175431711146,0.7621627302013614,0.6061941962310752,0.2486507936507936,0.1305508337377932,0.3858843537414966,0.0244897959183673,0.3404761904761905,0.1841836734693877,0.3082199546485261,0.9011867989343896,0.0703214909613942,0.8491010904804009,0.994803476946334,0.8407305657305658,0.9792588983721988,0.8420399631424477,0.7692776694649901,0.0407396595047987,0.764837249232678,0.7214634730833431,0.7782867441774926,0.8407824647382222,0.7410184160932147,0.3105955552384123,0.1316953793935966,0.3661100803957947,0.1071428571428571,0.2717883307169021,0.5119047619047619,0.296031746031746,7.4,3.3823069050575527,11,2,9,5,10
-750,0.1790240204937401,0.063559363682475,0.1257712388677256,0.1737140559014819,0.2543707422557331,0.0947474832868292,0.2465165821569306,0.9900506468058896,0.0072327856347978,0.9991893908560576,0.9967073483288588,0.978999001043247,0.988095238095238,0.9872622557060472,0.9721390778533636,0.0203438835748305,1.0,0.9873015873015872,0.9438303099017386,0.9735449735449736,0.9560185185185184,0.9487708286933156,0.030871224207119,0.9699929376407208,0.9545831067867456,0.9026464984198616,0.9897111433236228,0.9269204572956268,0.9559704145138797,0.0275372776203106,0.9760867617090184,0.9629037157369164,0.9150983192218748,0.9909236779177524,0.9348395979838364,0.7859977324263039,0.0930782491013346,0.8526832955404385,0.7705395794681507,0.6567211227925513,0.9221655328798188,0.7278791314505603,0.9147849606616156,0.0627877913464523,0.8900907039642334,0.9137395705495562,1.0308736541441508,0.8973824977874756,0.8418383768626622,0.6881379080758766,0.0337233319225695,0.6992003192488442,0.6568949684574684,0.6780555555555556,0.6583903860689574,0.7481483110485573,0.2625453514739229,0.0524238248635158,0.2829648526077097,0.3086734693877551,0.182312925170068,0.3176870748299319,0.2210884353741496,0.933332481326056,0.0319550916496316,0.929394782810932,0.8867832432118148,0.945174864817722,0.9207458282458284,0.9845636875439832,0.7911340461131482,0.0296935899682563,0.785329646536864,0.7678500276544417,0.7654258335691733,0.789631995467421,0.8474327273378411,0.4631369820655535,0.0432852136408297,0.4870748299319727,0.4026747062461348,0.4238095238095237,0.5199829931972789,0.4821428571428571,0.8940998247691564,0.1144786928071483,0.7621567887919289,0.8770547338894435,1.0986598517213548,0.8192053139209747,0.9134224355220796,0.6930136304264349,0.0297698358471483,0.7028823629731881,0.6727849210399677,0.6795943804872376,0.7465074562485112,0.6632990313832706,0.2524489795918367,0.1078371644644194,0.3757653061224489,0.370124716553288,0.1107142857142857,0.2479591836734693,0.1576814058956916,0.9046592982132148,0.0511362160530567,0.8405789129680757,0.8462773659512791,0.9398453398453398,0.932278923699717,0.9643159486016628,0.7769151452005818,0.0275831050960239,0.758885478435631,0.7412491649868773,0.7922967951567593,0.8209360841290032,0.7712082032946387,0.3437011004868148,0.0981577680851888,0.3316661513090084,0.3564822082679226,0.175,0.3761904761904762,0.4791666666666667,12.4,4.6303347611160905,13,11,8,21,9
-725,0.1938414569678051,0.0907788054362163,0.1426867453736208,0.1413693518510886,0.081790327848423,0.2985270544886589,0.304833805277234,0.9800249344940312,0.0156576925691099,0.9968938535009964,0.9747420743520908,1.0,0.9613902423664552,0.9670985022506136,0.9531878306878306,0.0390217266096461,0.9965986394557824,0.9523809523809524,0.9973544973544972,0.912358276643991,0.9072467876039304,0.9398049627670289,0.0450539949852507,0.962809622778106,0.9695936750031574,0.9940912429418176,0.8811316988618775,0.8913985742501845,0.9478179371334482,0.0410441565127791,0.9703687627626444,0.9773386814855723,0.994424173492828,0.8974057595636683,0.8995523083625282,0.7659242080670652,0.1396115453191987,0.8098536384250672,0.8392857142857143,0.9648526077097508,0.5908532604961176,0.6247758194186767,0.8420894316264562,0.0552711273226972,0.9095631326947894,0.8885872066020966,0.8533747856106076,0.7623182599033628,0.7966037733214242,0.6855477114595503,0.0370645898134782,0.6358335316196341,0.6801569131926275,0.7102560105238676,0.6601512260887261,0.7413408758728955,0.2798582766439909,0.0743643040852317,0.2586451247165532,0.3187074829931972,0.3860544217687074,0.2760204081632653,0.1598639455782313,0.904178180053528,0.0335197739509799,0.9224714151732786,0.8789003721146579,0.8667403628117915,0.89280365137508,0.9599750987928328,0.7824276088318095,0.0226342848522648,0.780906967424647,0.7626378754287959,0.7762113700923701,0.7666095912228513,0.8257722399903831,0.3737775716347145,0.0741131597327349,0.4678571428571429,0.3674603174603174,0.4042053184910327,0.3876984126984127,0.2416666666666666,0.8191773512533734,0.0771685371458845,0.7749422448022025,0.8780479729175568,0.902225558246885,0.6906976806265968,0.8499732996736254,0.6918249635319447,0.0297490549510249,0.6894012927525858,0.6705517189562221,0.6927899151113437,0.746245004563322,0.6601368862762496,0.3171995464852608,0.0764508852373158,0.3754251700680272,0.3619047619047619,0.3761904761904762,0.2964285714285714,0.1760487528344671,0.8854748678757483,0.0363102009501272,0.8951187368551902,0.874631546277509,0.8249869178440605,0.8960687332621478,0.936568405139834,0.7812202164382098,0.0222627420996279,0.7989521527147536,0.7617516018547513,0.7674160865116372,0.8161327238978536,0.7618485172120532,0.3885776128633271,0.0925275910872283,0.435204081632653,0.484608843537415,0.2418676561533704,0.3203231292517006,0.4608843537414966,12.4,5.535341001239218,12,14,22,7,7
-700,0.2467437028973585,0.201688712830377,0.3367365165835335,0.0745825868188625,0.1288685656729198,0.0901038837397382,0.6034269616717384,0.9360241306785068,0.1009041051667174,0.9419345079561624,0.999875992063492,0.9990787981859408,1.0,0.7392313551869395,0.904731155088298,0.1293114023173332,0.8594928880643167,1.0,0.9946428571428572,1.0,0.6695200302343162,0.909651549985767,0.1040048830300505,0.8750050284768095,0.99565649867374,0.970207900104478,0.9870326696352968,0.7203556530385108,0.9175396618443592,0.0973168178066505,0.887186547248321,0.9964763912132912,0.9751151589152872,0.989461465823492,0.7394587460214037,0.7297594072594074,0.246140319420299,0.56825641289927,0.9741118669690098,0.844945200302343,0.9342687074829934,0.3272148486434201,0.8946044670683998,0.1663498371802107,0.8261044238294873,1.167057431169919,0.8843863095555987,0.9401580776487078,0.6553160931382861,0.7008380719427919,0.0371899979050103,0.6837337705427767,0.6721579197918485,0.6653003626664341,0.716691940665155,0.7663063660477454,0.2921485260770975,0.0756565947657512,0.2382086167800453,0.1942176870748299,0.3104591836734694,0.3003401360544217,0.4175170068027211,0.9269822835398976,0.012801264439953,0.937573455989605,0.9278956625385196,0.9255735798592942,0.9400093028664456,0.9038594164456234,0.7911481852815092,0.0265530518396701,0.7761917901284178,0.7604610647461431,0.7867973582160511,0.7927863879588222,0.8395043253581124,0.4706091527520099,0.0205715894248566,0.463095238095238,0.4472789115646259,0.4865491651205936,0.5020408163265306,0.4540816326530613,0.8735342698437826,0.1515382699216345,0.659013820546014,1.1067628051553453,0.9389720729419164,0.8888298358236041,0.7740928147520337,0.6826733764297032,0.0470584036123833,0.7345952971153096,0.6472429486346413,0.6420689429618002,0.7456308718672603,0.6438288215695047,0.250969387755102,0.0661947942665789,0.3711734693877551,0.1952947845804988,0.2642857142857143,0.2360544217687074,0.1880385487528344,0.9057315755964233,0.0322862833732988,0.8532222352542548,0.913286702945088,0.8928585964300251,0.9513784323973592,0.9179119109553892,0.7764530699971663,0.034215094770024,0.7666827414887296,0.7420316383681461,0.7935666909728883,0.8342277612133332,0.7457565179427345,0.3264569160997732,0.0705465364271159,0.3857142857142857,0.3340986394557823,0.2809523809523809,0.413265306122449,0.2182539682539682,14.2,8.997777503361595,6,26,16,21,2
-675,0.2175027768881547,0.0649947549476844,0.1557788499409244,0.2535253330355599,0.1650101844043958,0.3280193039349147,0.1851802131249791,0.980679206535118,0.0151993113827712,0.998703133134578,0.968325563721794,0.9840723489369478,0.9584693339040274,0.9938256529782418,0.947250223321652,0.0318526030263853,0.9952380952380953,0.9300359032501888,0.9418083900226758,0.902001305572734,0.9671674225245654,0.9281025048793126,0.0380579180178434,0.9563495261746076,0.9054316966315918,0.9619939079278604,0.8636322893992272,0.9531051042632752,0.93628941428652,0.0331492474253548,0.9657518069203008,0.9176705404621516,0.964367560993608,0.8798567163038304,0.9538004467527093,0.7197945440802583,0.1032081415257679,0.7936774204631349,0.6134516938088368,0.8160147392290249,0.575662234590806,0.8001666323094896,0.8275302648544312,0.0794606845935107,0.8361295355217797,0.9385296872683934,0.883399235350745,0.7216389221804482,0.7579539439507893,0.6970547578883679,0.0407041710982308,0.6857825380709697,0.6746358981626839,0.6449762885923601,0.7147988800220942,0.7650801845937316,0.3575907029478458,0.0577897073389358,0.4700113378684807,0.3151360544217687,0.3217687074829931,0.3545068027210884,0.326530612244898,0.9115781839587797,0.0199761138374633,0.8777160198899329,0.9053934821791966,0.9378216756788186,0.914850718065004,0.9221090239809452,0.8023299280638685,0.0204302504765426,0.7970182369175063,0.7780365766744698,0.8024804312036283,0.7943109113463038,0.8398034841774342,0.498595412523984,0.0639252504709837,0.5009419152276295,0.4400510204081632,0.605952380952381,0.5186507936507937,0.4273809523809525,0.8021246935640063,0.115135341395136,0.6946319256510053,0.969731364931379,0.7974742140088763,0.6624235212802887,0.886362441948482,0.7071838430652121,0.0437874458084185,0.7083410372696086,0.6494962908899244,0.7033955462526892,0.784375010882011,0.690311330031827,0.3415929705215419,0.0831853731432761,0.4760204081632652,0.2777777777777777,0.2345238095238095,0.3726190476190476,0.3470238095238094,0.8652575778142225,0.0623562984381962,0.7441384974266747,0.8721368130374342,0.9189429618001048,0.8934321404116582,0.8976374763952402,0.7735864067272624,0.038867492536128,0.723299087214843,0.7358922374176479,0.8020987853972686,0.8259318187970413,0.7807101048095113,0.3497965526536955,0.0890702533898156,0.291654377368663,0.3479591836734694,0.2478741496598639,0.3507807668521954,0.5107142857142857,10.0,2.0976176963403033,12,8,12,7,11
-650,0.363099681692464,0.089274241781129,0.3946223706007004,0.3875665235377493,0.4335058544363294,0.4124011163200651,0.1874025435674758,0.9259089668300172,0.029923598700052,0.91921539780464,0.9243245121830608,0.8957157806577966,0.907874282322906,0.9824148611816832,0.8615702947845806,0.0480237089362685,0.8253873771730915,0.8621787603930462,0.8261621315192743,0.840277777777778,0.9538454270597128,0.8512580721050576,0.0494093087117139,0.8501690756465902,0.834214072767768,0.7989734049480329,0.82858035478743,0.9443534523754668,0.8682421469685282,0.0447371186032774,0.8606578998766694,0.8549611461796254,0.8213341889233147,0.8507663956727811,0.9534911041902504,0.5398709755852613,0.1087419583291705,0.513272177557892,0.475794707937565,0.4522643361929075,0.5050285693142834,0.7529950869236585,0.7705354273319245,0.0803468887928109,0.71204788344247,0.8529516415936607,0.8824964421136039,0.7147687503269741,0.6904124191829136,0.7299129891109303,0.0333905394306619,0.7357820672397536,0.7139022435897436,0.7082399957846387,0.6994088682481537,0.7922317706923618,0.331360544217687,0.0330795821909064,0.3478741496598639,0.3574829931972788,0.2908163265306122,0.2924319727891156,0.3681972789115647,0.9259467949175596,0.0169700551560981,0.9142308829886472,0.9019530205244491,0.9485435199720916,0.9244297633583348,0.9405767877442752,0.8049202150061369,0.0272894038499078,0.7967642282800652,0.7889833772294148,0.8026602721259642,0.7790407836476984,0.8571524137475419,0.5199402185116471,0.0743928708207893,0.5606575963718821,0.4851473922902494,0.5535714285714286,0.3931818181818181,0.6071428571428571,0.791800512586321,0.1084961941528475,0.6558501379830497,0.8585821368864605,0.8803351031882423,0.664030888250896,0.9002042966229575,0.7124061011393141,0.0472913040902017,0.7176470771406115,0.6554571689956007,0.6939422350136636,0.7980327475197192,0.6969512770269759,0.3538265306122449,0.0695175421661035,0.3897959183673469,0.4164399092970522,0.2416666666666667,0.3045918367346938,0.4166383219954648,0.8855243873236965,0.0493179827411112,0.8112302840381658,0.8422319353064696,0.9346226524797956,0.9221669004518372,0.9173701643422142,0.7897056738187375,0.0348509905814423,0.7509586372311217,0.7459638030927016,0.8133295681612651,0.83269621046453,0.8055801501440686,0.4222320140177283,0.081093188903502,0.3169037311894455,0.4126803751803751,0.3571428571428571,0.4870748299319727,0.5373582766439909,6.2,2.925747767665559,5,5,4,5,12
-625,0.1825294822631847,0.0603705374936538,0.1271475369022006,0.2933494225144386,0.1911707234879334,0.1311631384527399,0.169816589958611,0.9889335986928718,0.0154039146454626,0.9986590038314176,0.958634879954091,0.9912450976544156,0.9989910871756112,0.997137924848824,0.96072940287226,0.044579157704481,0.9886243386243388,0.8745464852607713,0.972222222222222,1.0,0.968253968253968,0.9434716381965004,0.0352196758082351,0.971860428560074,0.8840597093405943,0.9219370469134872,0.9730315860002398,0.9664694201681062,0.949729692314946,0.0312348599545289,0.975325086709136,0.896838658669434,0.931804075557392,0.9787312511577492,0.9659493894810188,0.7637030165601595,0.117846986249229,0.8415996701710986,0.5589869786298358,0.7071196660482375,0.8822656840513984,0.8285430839002269,0.7829631358385086,0.0769283878563578,0.6999489068984985,0.7820648274251393,0.7894385925361088,0.9208218114716666,0.7225415408611298,0.73131273728978,0.0321015041457115,0.7424820776043602,0.7166673026048026,0.6976665067736496,0.7111945280248851,0.7885532714412024,0.4004478458049886,0.0703867860383529,0.5119331065759637,0.3085034013605442,0.425,0.4124149659863945,0.3443877551020408,0.9273003897493082,0.0247471249393839,0.8915952330393325,0.9559113901971044,0.904620326763184,0.9445344206058494,0.9398405781410708,0.823384469631821,0.01392288308288,0.8215476119235215,0.8095906078558309,0.8105943713323821,0.8273936373858428,0.8477961196615278,0.5880215419501134,0.0465670413306462,0.5401077097505669,0.644047619047619,0.5270408163265305,0.626530612244898,0.6023809523809524,0.7780390202999115,0.0235604952208468,0.7803513258695602,0.7711831288678306,0.8096369228192738,0.7384471424988338,0.7905765814440591,0.7158260838529914,0.0397465806813605,0.701578922867408,0.6763529340742073,0.6960848014419442,0.7916069839138286,0.713506776967569,0.3406065759637188,0.0274582810624363,0.3342687074829932,0.3718253968253969,0.3297619047619047,0.2979591836734693,0.3692176870748299,0.908544423493342,0.019514333427748,0.8857702733318498,0.9053686657258088,0.893531600674458,0.9414945736620614,0.916557004072532,0.7998858362870945,0.0216058603926463,0.7848815170072507,0.7740129470896423,0.8076585640832485,0.8368238732282443,0.7960522800270867,0.458968253968254,0.0796847336621721,0.4398526077097505,0.4904761904761905,0.3139455782312925,0.5085034013605443,0.5420634920634921,12.4,3.5552777669262356,15,7,10,17,13
-600,0.1523135239169711,0.1090436383382862,0.1029521309371505,0.1084070042485282,0.369771808385849,0.0968710071451607,0.083565668868167,0.97445037191816,0.0333916455275356,0.9871771856890904,0.999286150357579,0.9100928699913357,0.9756956535527964,1.0,0.950868721225864,0.0641586606283706,0.9761904761904762,1.0,0.827936679722394,0.9502164502164502,1.0,0.9531290590156084,0.0567346255331644,0.9681419068980646,0.9795828955098512,0.8407209324009853,0.9856871728207932,0.991512387448348,0.9607564518143508,0.0494495324797427,0.9747776049594016,0.983582631944128,0.8626436112677357,0.9896872350140437,0.9930911758864454,0.8183871023156739,0.1580270487559577,0.8174122174122176,0.883673469387755,0.515661719233148,0.9212198515769946,0.953968253968254,0.8691229464752332,0.1499676805898442,0.7600136058671134,1.128057952438082,0.7454271422965186,0.9505495599337986,0.7615664718406541,0.7527985991196797,0.0464708910084113,0.760338704601127,0.689746533228676,0.7577945483749055,0.7257861103843247,0.830327099009365,0.4376700680272108,0.0863241752250464,0.3876700680272109,0.3795068027210884,0.3460884353741496,0.4985544217687074,0.5765306122448981,0.9153810540220906,0.0206969814988615,0.9241481430922426,0.9210656142799,0.9466348334205478,0.8949113320541894,0.8901453472635739,0.8218014188167251,0.0136766253250529,0.8131959168303069,0.8093692223180431,0.8182164847343071,0.8201369085142582,0.8480885616867103,0.5543820861678005,0.0582748671830917,0.567063492063492,0.5583333333333333,0.6379251700680272,0.5533163265306122,0.4552721088435373,0.8478393550430023,0.1048119358559819,0.8209145090409687,0.9131119080952236,0.7620116067784173,0.7276198736258915,1.0155388776745116,0.7422763361106421,0.0415553636031165,0.707116346354339,0.7184724317119502,0.7333489592418164,0.823376399189207,0.729067544055898,0.4031462585034014,0.0695324538337816,0.395578231292517,0.3627551020408164,0.2988095238095238,0.4802721088435374,0.4783163265306122,0.8974331828128651,0.0283944986218197,0.8619295227669611,0.9001911741352735,0.946697482411768,0.8991668041097649,0.8791809306405579,0.8086726080055586,0.0274685639702139,0.7830742965406833,0.7774267548160966,0.8365884616089903,0.8448544368525402,0.8014190902094828,0.4594331065759637,0.0297103397373418,0.4126700680272109,0.473015873015873,0.4654761904761905,0.4443877551020408,0.5016156462585034,17.6,7.683749084919419,15,17,5,24,27
-575,0.2298072438154901,0.1854057584620194,0.0665664114944991,0.5763706650052752,0.0862900753993363,0.1666998536813826,0.2531092134969575,0.9430807004323148,0.0950788144929458,1.0,0.7537502003830222,1.0,0.9843437306192758,0.977309571159276,0.8995763760049474,0.1427349186983186,1.0,0.6215041572184428,0.9970238095238096,0.969215969215969,0.9101379440665154,0.9087021957037846,0.1049883696000869,0.9909336148252404,0.7055872323262763,0.9831513785126262,0.9473196740777236,0.9165190787770569,0.9192171035786793,0.0925582245457112,0.9926019888720876,0.7415255527961088,0.9855046078235656,0.9577040366435258,0.9187493317581078,0.7203461221318364,0.2351682922582666,0.9432539682539682,0.2803750482321911,0.8946608946608945,0.773015873015873,0.710424826496255,0.8777663805655072,0.2344516560096215,1.2564539568764823,0.6427513360977173,0.7117421797343663,1.0444859543016978,0.7333984758172717,0.763896019421172,0.0360480261290694,0.7456061248821342,0.7584709685156115,0.7527607528053958,0.7293495624745624,0.8332926884281564,0.3891780045351473,0.0769365596150357,0.3375566893424036,0.3334183673469387,0.5226190476190475,0.3228741496598639,0.4294217687074829,0.9341526816828812,0.0256127210421757,0.9547757958627524,0.9128311239025526,0.8944524390952963,0.9563519681376824,0.9523520814161208,0.8207735063319003,0.027052389696983,0.8174340712649789,0.7829974006012602,0.8257850226160507,0.8110396646126193,0.8666113725645924,0.596844980416409,0.0520066209662169,0.6773809523809524,0.5284013605442176,0.615007215007215,0.5537414965986395,0.6096938775510204,0.833710012265614,0.1687301113371035,1.1164941510983877,0.6309011834008353,0.6969420186110905,0.8837023441280637,0.8405103640896934,0.7559589211667498,0.0374297800363655,0.7434628447975123,0.712619177392081,0.7543538141752427,0.8254111317460424,0.7439476377228705,0.3990136054421769,0.085406955043044,0.3240646258503402,0.4685090702947846,0.5309523809523811,0.3181972789115646,0.353344671201814,0.9102753894112292,0.0482702810765141,0.920886679458108,0.8432356802387859,0.8659951159951159,0.9630082964980556,0.9582511748660816,0.8131316797438576,0.0316266527703427,0.8046185241522936,0.7600306909156433,0.8225505811591384,0.8573697201304485,0.8210888823617637,0.5259807256235828,0.0957753152341291,0.5872448979591836,0.4298958977530406,0.4081709956709957,0.5416666666666667,0.6629251700680273,12.0,6.957010852370434,22,2,17,11,8
-550,0.2000589909120684,0.0891516690973651,0.0640873294323682,0.1801811087699163,0.2560220651683353,0.1702019795775413,0.3298024716121809,0.9798618660258154,0.0152855065601531,0.9878826530612246,0.9909496093481108,0.9717993641348036,0.9950143344732656,0.953663369111672,0.944678760393046,0.0405623424591763,0.9761904761904762,0.9826719576719578,0.9272297808012092,0.9640967498110355,0.8732048374905517,0.9293319563266952,0.0398459578818598,0.983811923040166,0.9380069897291412,0.8861946701300183,0.9569661526723664,0.8816800460617839,0.9370186639232344,0.0357969739230629,0.9869412622269722,0.949208716274641,0.9028874186935528,0.9562682386371067,0.8897876837838997,0.7283218501075643,0.1087589469833538,0.8856859410430838,0.7182350718065005,0.623320066177209,0.8129157218442933,0.6014524496667354,0.790629415001188,0.125048689245952,0.9310370492083686,0.9360241485493525,0.7534009580101285,0.7165992430278233,0.6160856762102672,0.7650033775302302,0.040855625499944,0.7429334973026742,0.7415012682423396,0.7436421448921449,0.7504587839409268,0.8464811932730653,0.4820068027210884,0.0560674488280415,0.4510204081632652,0.3937925170068027,0.4831632653061224,0.5429421768707483,0.5391156462585034,0.9131134756187232,0.0149949959661453,0.9208311213745998,0.9058685097970812,0.916323332751904,0.8889662189662191,0.933578195203811,0.8323763850240085,0.0248745865765193,0.8258573213196975,0.8028782621637293,0.8294188634107388,0.8252852988837301,0.8784421793421464,0.5807482993197279,0.0527828083366025,0.6273809523809524,0.496031746031746,0.6059523809523809,0.5432539682539683,0.6311224489795918,0.7648560151457787,0.1334452027600637,0.9154808393546512,0.8767170416457313,0.6751754635146686,0.5542278715542385,0.8026788596596036,0.7670621689685954,0.0455997485247946,0.7508829058074747,0.7261407764940374,0.7795144339787196,0.849836997497744,0.7289357310650012,0.4837755102040816,0.0962015678591996,0.4462585034013605,0.4920918367346939,0.5166666666666668,0.6297619047619047,0.3340986394557823,0.9035750120042204,0.0262414195969213,0.8680565981181746,0.8929601063762556,0.9185388685388683,0.8930911622874288,0.9452283247003744,0.824717517287166,0.0271681629281289,0.7999158590834577,0.7993985600542745,0.8538164408207168,0.8613690444022278,0.8090876820751527,0.5521825396825396,0.0571076910563277,0.4522675736961452,0.5496031746031745,0.6082766439909297,0.5430272108843537,0.6077380952380952,11.8,7.30479294709987,26,9,7,11,6
-525,0.2047810149334726,0.064532487924667,0.2811089718625659,0.1592433727568104,0.1175485675533612,0.1898730940052441,0.2761310684893812,0.981806630791248,0.0116287419961837,0.9673177447439332,0.996022719260609,0.9859239059971732,0.9908336214609056,0.9689351624936196,0.95354119425548,0.0254732532422145,0.922231670445956,0.980498866213152,0.9561602418745274,0.9820578231292516,0.9267573696145124,0.9286445086063788,0.031405184166191,0.8899402582693657,0.9491423051193164,0.9705109443539826,0.9389567114384428,0.8946723238507872,0.9368576229309687,0.0288865633092497,0.9012604230892698,0.9567701696447364,0.9721754808084004,0.950153950881908,0.9039280902305302,0.717989417989418,0.0881546567840469,0.5988979935408506,0.7691137566137566,0.835618944547516,0.7522761629904487,0.634040232254518,0.8535544499754906,0.1778284728612378,0.809788886989866,1.153134477990014,0.7191660915102277,0.9360524831073624,0.6496303102799824,0.7659921267508144,0.0438032130756098,0.7479989080823708,0.7391075425896856,0.7453271084074656,0.7441187896098611,0.8534082850646891,0.406689342403628,0.0803252515231681,0.4228174603174602,0.2769557823129251,0.4926870748299318,0.3596938775510203,0.4812925170068027,0.9335637838677032,0.0258069337400357,0.9006403494136414,0.9634054305482876,0.9051053840339556,0.9444226408512124,0.95424511449142,0.8281299521842718,0.0268611417570298,0.8107248122986401,0.8086059967298661,0.8258600057959609,0.8149419307601314,0.8805170153367606,0.5865094825809111,0.0634022214785622,0.5338512677798393,0.5869047619047619,0.5541383219954648,0.5491496598639456,0.7085034013605443,0.7656444036534854,0.1701824522810968,0.6637966079371316,1.0920558805976597,0.6125949089016233,0.6989711150527,0.7608035057783127,0.7780880776333967,0.046546583541677,0.7533411813738169,0.7445794035157389,0.7943103523460666,0.862156771080157,0.7360526798512047,0.4788888888888888,0.1336396142545896,0.6170068027210884,0.3373866213151927,0.5273809523809525,0.6093537414965987,0.3033163265306122,0.8914601524084789,0.0605480174831323,0.7807606597015463,0.9400516311385876,0.8720841327984185,0.929075780373421,0.9353285580304214,0.8134457799492312,0.0372576571546579,0.7708373981230693,0.7971825586627446,0.8278287563736126,0.8784931863573281,0.7928870002294015,0.4939589378875094,0.0968751726276171,0.3685758685758685,0.5238095238095238,0.4145408163265306,0.6473922902494331,0.5154761904761905,9.4,2.8000000000000003,6,10,14,10,7
-500,0.151640135147387,0.0960842250718692,0.3335803513016019,0.0715261773161944,0.0716406495886899,0.1417947727299872,0.1396587248004618,0.9798926264762728,0.0254866701229653,0.9300255378991272,1.0,0.987670068027211,0.9961144422156326,0.9856530842393938,0.9495122998694429,0.0416370885855772,0.8738284202569918,0.9851190476190476,0.952910052910053,0.990079365079365,0.9456246134817564,0.9514878484669048,0.0522958506982993,0.8510602265543168,0.9923590685905956,0.99318616826827,0.957261679207492,0.96357209971385,0.9560578826534382,0.0428605910555389,0.8732816396045077,0.9878006186571964,0.9905330226507996,0.9644334725260046,0.9642406598286828,0.8102767338481625,0.1622291328723393,0.5045582724154153,0.9556689342403628,0.937471655328798,0.8382747543461829,0.815410052910053,0.8425904882805687,0.1391063135526838,0.6993643237011773,0.9614116730434554,1.0059283918568067,0.8866805647100721,0.6595674880913326,0.7720997533785872,0.0434863616799967,0.7547737498009237,0.7493517428338856,0.7414164886039885,0.7565230354962497,0.8584337501578879,0.499251700680272,0.0588257267292602,0.4567176870748298,0.4741496598639454,0.5462585034013606,0.4306972789115645,0.5884353741496599,0.9268180388263918,0.0123193159671672,0.9070381050971116,0.927693906622478,0.9202924588638876,0.9388627245770104,0.940202998971472,0.8443761095517823,0.0228349590471155,0.8217493416011562,0.8338937977042503,0.8428228186955042,0.8354187555350211,0.8879958342229796,0.6200680272108843,0.0443884284186254,0.5547052154195011,0.5963718820861678,0.6099773242630385,0.6690476190476192,0.6702380952380952,0.7996611878275871,0.1303858162029067,0.6269536784717015,0.9143994855029244,0.8397225120237896,0.6667625872152192,0.9504676759243011,0.7874298088656306,0.0434421050787574,0.7844039755970175,0.755948708669982,0.7843101343101343,0.8683649848168906,0.7441212409341291,0.4928514739229025,0.0511684655723206,0.4759353741496599,0.4244614512471655,0.5678571428571428,0.5329931972789116,0.4630102040816326,0.9083019928063272,0.0227791908475672,0.8839073041536097,0.9000360170080669,0.889695621838479,0.9455690608568494,0.9223019601746312,0.8309662331433108,0.0295316199530725,0.8103890131795634,0.7916266029172192,0.8442491357101799,0.8780082608161636,0.830558153093428,0.5343506493506494,0.0733933057301623,0.4642006802721088,0.5274943310657597,0.4495310245310245,0.6442176870748298,0.5863095238095237,15.6,7.418894796396563,5,23,25,13,12
-475,0.1448237814009189,0.0518308068069661,0.2252754739352635,0.1182404958776065,0.1505585701337882,0.0678848390068326,0.1621595280511038,0.9892037662842448,0.0065043618871221,0.9846153529210708,0.9861448012130484,0.9821701030716836,1.0,0.9930885742154216,0.960532879818594,0.0266576293340215,0.943886999244142,0.938690476190476,0.9344009826152684,0.9965986394557824,0.9890873015873016,0.958141293627502,0.0234684733081647,0.9232523609535274,0.9746258472446356,0.9523731381736308,0.991900594084502,0.9485545276812144,0.962297663329424,0.0205574044917993,0.9311598177747994,0.974214376100138,0.9552563731532157,0.9928504667422008,0.958007282876766,0.8107130832130831,0.0856733285970936,0.697380265237408,0.8179138321995465,0.7873488284202571,0.9616960420531848,0.7892264481550196,0.8235768518277577,0.1110046328098958,0.7858339101076126,0.908484527042934,0.7631405357803617,0.9871133821351188,0.6733119040727615,0.7807702241620772,0.0467840339499813,0.7652940293545882,0.743432703209489,0.7589203042328042,0.76312305584627,0.873081028167235,0.4807596371882085,0.0674197804996296,0.366298185941043,0.4849489795918367,0.5779761904761903,0.49328231292517,0.4812925170068027,0.9273442575764272,0.0259726207993104,0.9497374215386636,0.9218351357637072,0.8842893482179198,0.922472818187104,0.9583865641747416,0.8420633094599724,0.021097216098998,0.8264718945631723,0.835705431951611,0.8279519817830602,0.8367201935477331,0.8834670454542859,0.6244016697588127,0.0420674818361531,0.660374149659864,0.6169913419913421,0.5499149659863946,0.6261904761904763,0.6685374149659865,0.7954681703022548,0.1045790110827618,0.7241185350077493,0.9105442826236996,0.666421400649207,0.7485244082553046,0.9277322249753136,0.7856026938232012,0.0386912892050236,0.7664384074805873,0.7621578484059074,0.7963664311878598,0.8560470657929822,0.7470037162486696,0.4605782312925169,0.0943027072867008,0.4120748299319727,0.4681972789115647,0.6095238095238095,0.4903061224489796,0.3227891156462585,0.9159657785418628,0.0234834502039662,0.9113854504371748,0.9147585908455474,0.8772544915402057,0.9271181084157492,0.9493122514706366,0.8302952250939931,0.0211031994097502,0.8116042384933363,0.8155898370098809,0.8440245194559403,0.8654194073976963,0.814838123113112,0.5573886827458255,0.0476309655471387,0.5156462585034014,0.5875850340136054,0.498678107606679,0.5552721088435374,0.6297619047619047,12.8,6.3999999999999995,7,13,9,25,10
-450,0.1392215362971737,0.0172094457434135,0.1389209672453857,0.1249587656486602,0.1173709187479246,0.1657010755013852,0.1491559543425128,0.9957613642870078,0.0010942527956016,0.9962918298632584,0.9957108744852818,0.9975298951489427,0.994791076060642,0.9944831458769132,0.9603136810279668,0.0175530092238877,0.9715986394557824,0.9587301587301588,0.9681405895691608,0.9270975056689342,0.9760015117157972,0.9596418937164012,0.0051508559467636,0.9528155412858048,0.9619165282457826,0.9645441272909682,0.9647953416576016,0.954137930101849,0.95678658591643,0.0082340350722004,0.9553813154201082,0.960094792995536,0.966352687066586,0.9418651757332458,0.9602389583666738,0.7987469937469939,0.0245116341408845,0.7730811516525803,0.7933767951625096,0.8453798185941045,0.7941326530612245,0.7877645502645504,0.8042997694441251,0.0444279260607078,0.7435110190085003,0.821296289563179,0.8754419460892677,0.8056219645908901,0.7756276279687881,0.7879489122197143,0.0397991286449611,0.757596706045852,0.7607086712890284,0.7820603123728124,0.7738256766381765,0.8655531947527022,0.4744727891156461,0.0274236684589094,0.4912414965986395,0.5122448979591837,0.4628401360544217,0.4306972789115645,0.4753401360544217,0.9261363625705028,0.0210353655749823,0.916266144138815,0.8962804523518809,0.9237010872725158,0.9343929879644166,0.9600411411248851,0.8392412530323782,0.0228305698882595,0.8345324210498394,0.8201022292667488,0.8293766881427052,0.8282395561732775,0.8839553705293198,0.597437641723356,0.0507347590699995,0.5847222222222223,0.5113095238095238,0.6219387755102039,0.6656462585034013,0.6035714285714285,0.7548075812203544,0.1687297010808306,0.6002542568104607,0.7851625723498208,0.718808827655656,0.6075155564716884,1.0622966928141455,0.8067375593624044,0.0426365482079375,0.8168810674137031,0.7672593313490053,0.8129524245595674,0.8779718806721658,0.7586230928175804,0.4756746031746032,0.088534536532173,0.5534013605442177,0.4909863945578231,0.4833333333333334,0.5431972789115646,0.3074546485260771,0.9138903899323128,0.0304407314624812,0.8689710909415344,0.9082299820032744,0.8969024361881505,0.9452123039483684,0.950136136580236,0.8300342714665334,0.0269163475608265,0.8166762277325937,0.8174786520542134,0.8339201544925271,0.8799625308742873,0.8021337921790457,0.5312925170068027,0.0657923500422194,0.4719387755102042,0.5803571428571429,0.4375,0.6107142857142857,0.555952380952381,11.4,0.4898979485566356,11,12,12,11,11
-425,0.1929620209815246,0.0904756170291376,0.1801331869903065,0.2583559375433695,0.0753954373566167,0.1240878635573954,0.3268376794599351,0.9763736450508465,0.0175776035926154,0.9863092032284078,0.9636532578327528,0.9857910906298004,0.9972818397766636,0.9488328337866072,0.9274508692365836,0.0377235198475929,0.934259259259259,0.8870181405895692,0.9497354497354497,0.982482993197279,0.8837585034013609,0.9317280035720976,0.0430653567358529,0.9305663798803055,0.9006359531728986,0.9876354210369518,0.9693969431772133,0.8704053205931185,0.9388024727799812,0.0391767147405068,0.9406731212352452,0.9097741000745992,0.988730272695931,0.972561126446368,0.8822737434477617,0.7265814608671752,0.1260990681856095,0.6944349962207108,0.6030990173847319,0.8862433862433863,0.8619030440459009,0.5872268604411461,0.8549527249165945,0.1858786572520067,0.7877710248742785,0.792827627488545,0.961755294884954,1.1425392904451914,0.5898703868900027,0.7977691186567014,0.0470395220644482,0.7666208467314833,0.7625225848886562,0.8014359483109482,0.7705233589162159,0.887742854436204,0.502517006802721,0.0823305204109787,0.5103741496598639,0.4498299319727891,0.5564625850340136,0.3794217687074829,0.6164965986394558,0.9330797464079752,0.0135256970902612,0.9154501083227792,0.92777109134252,0.9271661143089716,0.955397116111402,0.9396143019542036,0.8484084314263398,0.0237111622389127,0.8360375054510374,0.830648157560159,0.8505718407563579,0.831192567521654,0.8935920858424911,0.6458673469387755,0.0288992370677139,0.594047619047619,0.6430272108843537,0.6461734693877551,0.6714285714285715,0.6746598639455782,0.7741264147417886,0.083517093523872,0.6346170370067868,0.7430422774383,0.8270439015967506,0.7843725042683738,0.8815563533987317,0.8027425467066669,0.0378577678666872,0.792923823633491,0.7841652398814665,0.8043400052328625,0.8725461571384566,0.7597375076470574,0.4845464852607709,0.0680054041956963,0.5454081632653061,0.4707766439909298,0.5488095238095239,0.4955782312925169,0.3621598639455782,0.9021341405892136,0.0464210353513064,0.8207614566604715,0.9079243668684664,0.8889324960753531,0.9451243377273972,0.947928045614381,0.8258998761643198,0.0302787934654653,0.7818387597450533,0.8135680532439281,0.8388546986745569,0.8738802027210538,0.8213576664370069,0.5219202226345082,0.0961320281903468,0.3892676767676767,0.5563775510204081,0.4306225520511234,0.5928571428571427,0.6404761904761903,11.4,7.337574531137657,8,6,25,13,5
-400,0.1673067146202638,0.0728982969931186,0.2665098373379026,0.2322392985224723,0.068428756181328,0.1172541354206346,0.1521015456389813,0.9785167766552046,0.0107690826032804,0.962863203231304,0.9735162087791174,0.9759017966160825,0.9861350245874057,0.9941676500621136,0.942720916649488,0.0173907938370764,0.9374896928468358,0.914663643235072,0.9390589569160996,0.9620748299319728,0.9603174603174602,0.9470654655478324,0.0373472610137909,0.8916641798551593,0.9165245255399712,0.9926907943892754,0.9734545373463944,0.960993290608362,0.952692152136442,0.0322661853859432,0.9087945294033772,0.9215382487979498,0.9923738889859144,0.9777192326537242,0.963034860841244,0.7744118051260909,0.1201006526333848,0.6128856593142308,0.655810657596372,0.9253401360544218,0.8594851576994434,0.8185374149659863,0.8546768910118512,0.2443051651649676,0.8418735436030796,0.7302817840661321,1.275993606873921,0.892781063914299,0.5324544566018241,0.7889291165619875,0.0564016745123958,0.7633179325706501,0.7658069328158613,0.7368060824757253,0.7805680381126809,0.8981465968350204,0.4560714285714285,0.0864665489599127,0.3216836734693877,0.4267006802721088,0.4317176870748299,0.5594387755102042,0.5408163265306122,0.927188283888755,0.0168929504944473,0.9415297906602256,0.932890429676144,0.9349835746264318,0.8940282865282866,0.9325093379526876,0.8353634502794136,0.024888070349274,0.8090945137859037,0.8282297678565768,0.8270128194063142,0.8296437050348358,0.8828364453134379,0.6074433106575963,0.033525396511749,0.644047619047619,0.5952380952380951,0.6186507936507936,0.5485827664399093,0.6306972789115646,0.7108614898153715,0.1373250975067625,0.6180310121604374,0.6461040899157524,0.8907034460987363,0.5433868531669889,0.8560820477349418,0.8136374594817356,0.0479277771597727,0.8367104950217635,0.7814138656374682,0.8194964096749813,0.8855502170387445,0.74501631003572,0.5033219954648527,0.0727822397519565,0.4104591836734693,0.5306689342403629,0.5273809523809525,0.6125850340136054,0.4355158730158729,0.9031935928097284,0.0161728529052242,0.8896400001202956,0.8802312691908966,0.92485754985755,0.9135538775362474,0.9076852673436524,0.8308168539307559,0.0332234100467008,0.8028546823506618,0.8051581160033241,0.8610597515468644,0.8805244239467765,0.8044872958061526,0.5396201814058956,0.0336908458186047,0.5270408163265307,0.5306122448979591,0.5136904761904763,0.6060090702947846,0.5207482993197279,12.4,6.6211781428987395,6,6,24,14,12
-375,0.1364125465486376,0.0736314540624956,0.1990711704960891,0.0511054061796693,0.0495111351788398,0.1568939604219936,0.225481060466596,0.9892798159745892,0.0120385963168698,0.9842482723291424,1.0,0.9998236331569664,0.9942303735117152,0.9680968008751216,0.9589960832817976,0.0270551566051719,0.9430272108843536,0.9873015873015872,0.977910052910053,0.973015873015873,0.913725692297121,0.9562910817576376,0.0335090897649355,0.9266208758685912,0.996454744094317,0.994701977460598,0.9468329020849184,0.9168449092797634,0.9586063404148994,0.028707604889025,0.9343675816335204,0.9916052460503182,0.991828611339586,0.9527677996941746,0.9224624633568984,0.8236763897478184,0.1343386712402761,0.6927437641723357,0.9826719576719578,0.9753401360544218,0.7996109049680479,0.6680151858723289,0.8826382614672184,0.2177875013221514,0.8057823181152344,0.8825108259916306,1.2874385778393065,0.8013580505337033,0.6361015348562172,0.7866874873438914,0.0548070265786795,0.7440305940752369,0.7542583144368858,0.7673383445258445,0.7734303229838944,0.8943798606975948,0.4806632653061224,0.0659952173427036,0.3816326530612244,0.5046768707482993,0.4910714285714285,0.4451530612244899,0.58078231292517,0.9230295413081878,0.0160389874074983,0.9228411219560289,0.8972943194371766,0.927370486656201,0.9201798069655212,0.947461971526011,0.8391723376852369,0.0280245734230606,0.8147417595964072,0.822824378444631,0.8365098205307869,0.828395764628061,0.8933899652262983,0.6146371882086168,0.0358437374248226,0.5948412698412698,0.5706632653061224,0.6075963718820862,0.6222789115646259,0.6778061224489795,0.7477542055504662,0.2056994911721075,0.5728789589234761,0.6677733063697815,0.9781526731593267,0.5138117990323475,1.0061542902673994,0.8325694638841297,0.0356850737156554,0.8325774083948346,0.8111763963549679,0.8324197627769055,0.8966170894110357,0.7900566624829047,0.5261507936507936,0.1147998677969034,0.5648809523809524,0.5680272108843537,0.5452380952380953,0.645578231292517,0.3070294784580499,0.9051157394461607,0.0321861719141885,0.8626737520826191,0.876591636451885,0.9120835513692658,0.9218119157942856,0.9524178415327484,0.8354925380651365,0.0278510801932538,0.8161627969793857,0.816804218455043,0.8549626020383195,0.8808527088269331,0.8086803640260004,0.5373907441764585,0.049789628648177,0.4786075036075036,0.5270537002679859,0.4913265306122449,0.5887755102040817,0.6011904761904763,17.6,11.429785649783636,8,30,33,10,7
-350,0.1262968071425954,0.1184385031919194,0.0905357318974676,0.0656298643776348,0.0619503883201451,0.3617878478197824,0.0515802032979471,0.9810814044118836,0.0255368425954638,0.9992220962459056,0.988095238095238,0.986912744969163,0.9311769427491114,1.0,0.9455725623582768,0.0678403459356721,0.9952380952380953,0.9761904761904762,0.9520597127739984,0.8133030990173847,0.9910714285714286,0.9648675996925188,0.0457087009650816,0.9738045239391973,0.9906955595544824,0.9905108776493704,0.8745913792459125,0.994735658073632,0.9655701202325055,0.0456537154744913,0.9784779493838306,0.9923889167285692,0.9878093348783804,0.8749173440673552,0.9942570561043936,0.8448867931010788,0.1423187051057557,0.8572467876039302,0.9065476190476192,0.9165721844293272,0.5700877825877827,0.9739795918367348,0.7503510142011302,0.1086691178175935,0.7952399104833603,0.8158786807741437,0.8786846729261535,0.5686636428747859,0.6932881639472076,0.8238017052382147,0.0404627306792557,0.8123202420135651,0.8030053527821386,0.7900023983952557,0.8104917800453516,0.9031887529547628,0.5477607709750567,0.0240573098767072,0.5279195011337868,0.5160714285714285,0.564795918367347,0.5475340136054422,0.5824829931972789,0.9339231448727056,0.0134460130794324,0.9298282066449768,0.933069364497936,0.9322435897435898,0.916480463980464,0.9579940994965624,0.8607156773783622,0.0214199276469246,0.8506935719716926,0.8490614921368099,0.8574511771260701,0.8437231691673894,0.9026489764898492,0.6674092970521541,0.0242566959306866,0.6702380952380952,0.6690476190476191,0.6837301587301587,0.6220238095238094,0.6920068027210885,0.7082640273230416,0.1997123731196822,0.6101433123861041,0.7097781619855336,0.7761812529393605,0.4186589526278632,1.0265584566763468,0.849188432657226,0.0347121677618985,0.8535431333968895,0.8347439659202082,0.8381610122681552,0.9119605065566956,0.8075335451441819,0.5965532879818595,0.0816750913245941,0.5911564625850341,0.5451814058956915,0.6476190476190476,0.7178571428571427,0.4809523809523809,0.9151107479934796,0.0112776309028832,0.9016556696359652,0.9150197662930584,0.9046499796499796,0.9217622558353696,0.9324660685530252,0.8577661085464893,0.0216894800540369,0.8521579346762674,0.833957646900444,0.8681363069939426,0.8943535919574339,0.8402250622043586,0.5896768707482993,0.0318951561076201,0.5751417233560091,0.6045068027210885,0.5341269841269841,0.6126700680272109,0.621938775510204,17.6,8.138795979750322,14,20,22,4,28
-325,0.0680138825394568,0.0139900669464238,0.0442825594163011,0.0643475015115525,0.0758132702183155,0.069178390627106,0.0864476909240086,0.9946561795977846,0.0092359146394089,0.9761904761904762,0.9991181657848324,0.9997278911564624,0.9991789819376026,0.9990653829195496,0.9805686112828972,0.0141524184970518,0.9523809523809524,0.9870748299319728,0.9899848828420256,0.986111111111111,0.9872912801484232,0.9878076974365918,0.0051961437718264,0.993338338930101,0.9864866608791074,0.9802346942979392,0.993942475096541,0.9850363179792704,0.9883753383906964,0.0049507312898257,0.9947595198144136,0.9867313792495048,0.9819166852072118,0.993471157674804,0.9849979500075468,0.922775888133031,0.0231608682098115,0.9101190476190476,0.9245748299319728,0.8928949357520788,0.963095238095238,0.9231953892668178,0.7997959294489452,0.1377569837125991,0.9445873860801968,0.8488586268254689,0.9205493543829236,0.7034956834145955,0.581488596541541,0.8293827165814877,0.0493643235216604,0.7956904044598144,0.7981681711145997,0.8203859962788534,0.8060731910285482,0.926595820025623,0.5706292517006802,0.0490358532218882,0.5920918367346938,0.5584183673469388,0.4837585034013605,0.5887755102040816,0.6301020408163264,0.9241072316623826,0.0261100207933917,0.8992417215864421,0.9215053200767488,0.946226960869818,0.8930170358741788,0.9605451199047258,0.8581813561228484,0.0277945013544499,0.8429340986485948,0.8514746878439873,0.8445548937501147,0.8387791397944364,0.9131639605771094,0.6557137703566275,0.0611098145673579,0.5915661719233147,0.6327097505668934,0.7360389610389609,0.5976757369614513,0.7205782312925171,0.6672408578651292,0.1745292737888112,0.6255760192871094,0.6639704172100339,0.693662095282759,0.4029231944254466,0.950072563120297,0.8605056974511573,0.038955060074537,0.8663143193469549,0.842615183872948,0.8650946275946276,0.9241877371421058,0.8043166192991503,0.6201927437641722,0.105230987454193,0.7276360544217686,0.64968820861678,0.6119047619047618,0.6874149659863945,0.4243197278911564,0.9019842539168892,0.026427546719237,0.8593895495127024,0.8882503929243061,0.91480463980464,0.9099850675064572,0.9374916198363404,0.853809236812516,0.0199050444594556,0.8480596526545515,0.8392588655405333,0.8706000890009183,0.8824728327542021,0.8286547441123749,0.5892784992784993,0.0520701890734456,0.5296974850546279,0.5851473922902495,0.5627551020408162,0.5833333333333334,0.6854591836734694,21.4,6.62117814289874,34,16,17,22,18
-300,0.0751542988632406,0.0187041314186808,0.0616371057306726,0.0734638318508153,0.0567385069138947,0.0738105737559852,0.1101214760648352,0.9915995613986306,0.0050919328741539,1.0,0.98797123015873,0.98722264048351,0.9877501725327812,0.9950537638181316,0.972312753384182,0.0133658987539219,0.9976190476190476,0.9620748299319728,0.9616402116402116,0.9666185666185668,0.9736111111111112,0.9824893386354556,0.0093848154077103,0.988993640454258,0.9800148067713882,0.9948087489959412,0.9816129959033504,0.96701650105234,0.9837196267674976,0.008303907968346,0.9903572316539364,0.9822225864598856,0.9935418888782188,0.9829484885728296,0.9695279382726169,0.9013698206555348,0.0327914030074373,0.9307256235827666,0.8854497354497355,0.9466450216450214,0.887632275132275,0.856396447467876,0.6757544879402433,0.1278842413561429,0.7589248503957476,0.6911135401044574,0.6256271260125297,0.8398810412202563,0.4632258819682257,0.8591118683964314,0.0417617874428324,0.8398823798843209,0.8383708355136925,0.8479995929995929,0.8276793163846736,0.9416272171998772,0.5912018140589569,0.0639481377440832,0.5262471655328798,0.6198979591836735,0.6686224489795919,0.505187074829932,0.6360544217687075,0.9306413274698776,0.0244224448013299,0.9277372736534228,0.9083414733414732,0.908026193383336,0.9342803360660504,0.9748213609051049,0.8674738680482171,0.026535862853213,0.8502953270599923,0.8588444715095778,0.8625982219046772,0.8463692728678927,0.919262046898946,0.6952695320552463,0.0699506625990328,0.6631802721088434,0.6302025355596784,0.6710034013605444,0.6810090702947845,0.8309523809523809,0.664920991978475,0.1462651139380851,0.6242027516875949,0.6781993061304092,0.7600941892181124,0.4145118737859385,0.8475968390703201,0.8710915485139215,0.0366879032609496,0.8730892847118217,0.841965495109905,0.8559919908134195,0.9409809918041704,0.8434299801302908,0.6020748299319727,0.0953681176341255,0.6494897959183674,0.5504251700680272,0.6797619047619047,0.6914965986394558,0.4392006802721088,0.9110481036894618,0.0341130731874289,0.8798197820242156,0.9023004617880396,0.8712599569742426,0.9498062738210524,0.952054043839758,0.854162533760021,0.0279410849195031,0.8482828857273156,0.8273587508942001,0.849787181028222,0.907653959711376,0.8377298914389912,0.6167784992784993,0.1028075306612081,0.5921974850546279,0.551360544217687,0.4732426303854876,0.7403061224489795,0.7267857142857144,18.4,5.0039984012787215,20,14,27,18,13
-275,0.0792993083052958,0.0355558755528895,0.0538855552495945,0.0505866738745854,0.0513951366855984,0.1391251979484444,0.1015039777682561,0.9911396663625066,0.0043906274760656,0.9873271889400922,0.988095238095238,0.9875704891318512,0.994695316504635,0.9980100991407168,0.971902872260015,0.0088733950816342,0.9761904761904762,0.969246031746032,0.9693877551020408,0.9589002267573696,0.9857898715041572,0.9783520724096444,0.0174496480219611,0.9907488297094472,0.9923456175710004,0.9893448482965332,0.9463683590787896,0.972952707392452,0.978963668155044,0.0188285591191366,0.9926029631366008,0.9922372985358244,0.99055775206238,0.9433618318264698,0.9760584952139456,0.8917929292929294,0.0577303861177023,0.9175925925925926,0.9261621315192744,0.940551776266062,0.7802892874321449,0.8943688586545727,0.5586232564279011,0.1043305373807546,0.6303182137863976,0.619288115629128,0.631916632609708,0.5534833435501371,0.3581099765641348,0.8736159099937211,0.0379212998034421,0.8574216303020651,0.8437332112332113,0.8585146302110588,0.8598459576138148,0.9485641206084556,0.6462188208616779,0.0460602654802196,0.5860260770975055,0.6323979591836734,0.673469387755102,0.619812925170068,0.7193877551020408,0.9187592409969793,0.0100256735239192,0.910548161293503,0.9253218210361068,0.91089874411303,0.9115746555032268,0.93545282303903,0.8715124078232048,0.0177381126755,0.8530209896920985,0.8705564290410546,0.8671840573718974,0.8618482622554112,0.904952300755562,0.6701159554730982,0.0206441465249947,0.6452097505668934,0.7015151515151514,0.6610260770975057,0.6566043083900226,0.6862244897959183,0.6309325482164111,0.188277950014741,0.5013393376554761,0.838739489870412,0.8144107024584498,0.3429890998772212,0.657184111220496,0.8754627419256341,0.0392578515707461,0.8894645751757821,0.8343181209893167,0.8521331182045468,0.9454144923748892,0.8559834028836358,0.6512528344671201,0.0756805723282111,0.6805272108843538,0.5848356009070296,0.6654761904761906,0.7697278911564626,0.5556972789115646,0.897850506261887,0.0338224503063689,0.907262827028837,0.8702999703310264,0.848399616256759,0.9400899632348946,0.9232001544579184,0.859663328229405,0.0336385342055726,0.8729225187205856,0.823259925061669,0.8326530211461077,0.9176757244223824,0.8518054517962801,0.5864749536178107,0.0925463330360035,0.6113378684807256,0.5165146361574932,0.4457070707070706,0.6899659863945579,0.6688492063492063,18.4,6.529931086925803,23,18,28,10,13
-250,0.1221419297557856,0.0799409557069459,0.0431208713201894,0.2618711065678369,0.0692611003205889,0.0772575877074684,0.1591989828628443,0.9863635365745952,0.0167685830389717,0.9997263273125344,0.9540080638311824,0.9878065585208444,0.9986318245246816,0.9916449086837332,0.9560088985088984,0.0406979377552504,1.0,0.8815003779289493,0.9539579468150896,0.9837018140589572,0.9608843537414964,0.9565743305089726,0.0440739885336832,0.992960072524933,0.878004995156074,0.9884852545818492,0.9856318764857352,0.9377894537962717,0.9618270487985748,0.0365739661385469,0.9942888865934078,0.8975163500376901,0.987059783242244,0.9856297534911472,0.944640470628384,0.8266402116402117,0.1554410838772595,0.9656179138321996,0.5503796468082183,0.9266723356009072,0.9303382464096752,0.7601929155500586,0.6439814464322158,0.1975558694220858,0.9939384524311338,0.5577671293701444,0.706307910914932,0.5449533483811787,0.4169403910636902,0.8706405732464312,0.0351965554517997,0.83931687446439,0.8610639245014245,0.8686350587243445,0.8462861757951045,0.9379008327468918,0.5875056689342404,0.0512954898531196,0.4893140589569161,0.5959183673469388,0.5989795918367348,0.615561224489796,0.6377551020408163,0.932163182798972,0.017293325918454,0.9463653094087876,0.913417059131345,0.9371248328391184,0.9105362230362232,0.953372489579386,0.8667888278176601,0.0195261957625655,0.8566043267385589,0.8485456591373681,0.8685801953227796,0.8565287151979321,0.903685242691662,0.6783075654504225,0.0427172418548588,0.717063492063492,0.6246444032158317,0.6926870748299319,0.630952380952381,0.7261904761904763,0.6414522480751786,0.197574105377467,0.6650040660585675,0.5430598173822675,0.9642674630241734,0.3593723912324224,0.6755575026784625,0.8710622789710911,0.036656004085674,0.8729863824029465,0.8473706638283502,0.8559770916913774,0.9407072519779934,0.8382700049547875,0.6020351473922904,0.1186149577578065,0.6566326530612245,0.6377267573696145,0.5976190476190476,0.7357142857142857,0.3824829931972789,0.9108418714921688,0.0216875692392276,0.9171345968390304,0.8733290180029313,0.9040525611954184,0.9215856195581372,0.938107561865326,0.8566026191415697,0.0290805688359402,0.8747126151517355,0.8314152571585447,0.8607241295193029,0.8983587474389919,0.8178023464392729,0.608829107400536,0.037752573341052,0.6399092970521544,0.5630797773654916,0.5643424036281178,0.6514172335600906,0.6253968253968255,19.4,11.689311356961968,27,5,37,19,9
-225,0.0769562827866701,0.0313344188750334,0.0619678786467938,0.0520468033140613,0.0445054283897791,0.127163946273781,0.0990973573089355,0.994240164380206,0.0050787502197046,0.9995232583774252,0.988095238095238,0.988095238095238,0.9970400289745528,0.998447058358576,0.9783030990173848,0.0094011461298389,0.9918367346938776,0.9714285714285712,0.968253968253968,0.9727607709750564,0.9872354497354496,0.9815410892723262,0.0089607111783362,0.9876172548791596,0.9891029148032962,0.9897448239366566,0.9714974306846228,0.9697430220578956,0.9829196676680416,0.0084485814478156,0.9886379672047492,0.9905807420340128,0.99015382921326,0.9720172417886686,0.9732085580995176,0.8960563114134544,0.032360352273384,0.940589569160998,0.8993386243386242,0.9180272108843536,0.8738945578231293,0.8484315948601664,0.6294509605637618,0.0819458645003624,0.6489813838686261,0.6364894615752357,0.7685530435826097,0.5406231795038495,0.5526077342884881,0.8747441439100788,0.034543001052556,0.8481529220290865,0.8582445563695564,0.8591595804988661,0.8652071159660445,0.9429565446868402,0.613531746031746,0.0342914745937936,0.5829648526077097,0.663095238095238,0.6452380952380953,0.5981292517006802,0.5782312925170068,0.9345570733733082,0.0290805380716967,0.9355774097078444,0.8947514390371533,0.9258914762486192,0.9314313332170476,0.985133708655876,0.8735212439023441,0.0222594009547329,0.8671681509872001,0.8526810984591222,0.8666112332960586,0.8643672663014963,0.9167784704678432,0.7103689167974883,0.0842184073462856,0.7163265306122449,0.6163003663003662,0.6539115646258503,0.7022108843537415,0.8630952380952381,0.7032008375440325,0.2507444872140595,0.4619165722812925,0.7591955448899951,0.9190343767404556,0.3670239533696856,1.0088337404387338,0.8708128209455305,0.0448321519276383,0.8947649453606966,0.8228574917433613,0.8512653351939068,0.9466518131831198,0.8385245192465688,0.5838832199546485,0.1441082261902956,0.6753401360544219,0.5511337868480726,0.694047619047619,0.683843537414966,0.3150510204081632,0.9145935584430416,0.0370558914711749,0.8899060540809309,0.8827407570575273,0.8832475725332868,0.9444468023454282,0.9726266061980346,0.8539535231628317,0.0316058478064887,0.8599845796595273,0.8189837231957867,0.8619209018976759,0.9059844178437616,0.8228939932174073,0.6183259201116343,0.0863684212748845,0.600907029478458,0.5191609977324263,0.5352520495377637,0.7053571428571429,0.7309523809523809,19.8,9.26066952223218,21,17,37,11,13
-200,0.0849975631838398,0.0268075885715607,0.0663178398140839,0.0618995575322991,0.0692424160827483,0.0936699285216274,0.1338580739684403,0.9959051157199325,0.0048713346501747,0.9864494489552094,0.9995183828517162,0.9994346812799196,0.997786701451298,0.9963363640615192,0.9799565381708236,0.0107855711262475,0.9680272108843536,0.9970238095238096,0.9767195767195768,0.9872448979591836,0.9707671957671956,0.9778729747040338,0.0117988751693574,0.9869310371110048,0.9863476699921956,0.982218694680557,0.9788496736572698,0.9550177980791416,0.9795387950628202,0.010611522565224,0.9881306039294724,0.9881924559740438,0.9818179695522276,0.98022914066901,0.959323805189347,0.8839644746787603,0.0389870574537353,0.8994425547996974,0.9193877551020406,0.8909202569916856,0.901851851851852,0.8082199546485261,0.6376636077250752,0.1739202306918889,0.8021108018500465,0.5525171192628997,0.7873458692005703,0.7080059008938926,0.3383383474179676,0.8725060388380289,0.0404221308731167,0.8407407194111387,0.8596176739926741,0.8678744403744403,0.8434894470608756,0.9508079133510168,0.6186791383219955,0.0793252309259471,0.5576814058956916,0.6210034013605442,0.6031462585034014,0.5445578231292517,0.7670068027210883,0.9329462412523024,0.0121412668369688,0.9410393867692004,0.9124968021396592,0.9421078260363974,0.9254789522646666,0.9436082390515887,0.8735303984830416,0.0242903244516304,0.8651153101920948,0.8575763330378895,0.8706735714941166,0.8536324583825659,0.9206543193085416,0.6878854875283447,0.0288875873185436,0.7095238095238096,0.6539115646258503,0.7115362811791384,0.6511904761904762,0.7132653061224491,0.6314979101930346,0.1533626919124195,0.702193238905498,0.668380146580083,0.8372812867164612,0.3753234456692423,0.5743114330938884,0.8708119143362865,0.0403437153354704,0.8597855572747815,0.8402611196458246,0.8513063986278272,0.9505321762471102,0.8521743198858882,0.5984240362811792,0.0703473982019977,0.5166666666666667,0.5998299319727891,0.5952380952380955,0.7255102040816326,0.554875283446712,0.9218849059052474,0.0201267555531536,0.9369002808904288,0.8902982444286794,0.9188702831559974,0.9490180004556464,0.9143377205954848,0.8661872045546278,0.0265771196293917,0.8626093492858374,0.8373943639913343,0.8700873757907673,0.9141077084421452,0.8467372252630556,0.656616082330368,0.0462276015647064,0.7086734693877551,0.608420547706262,0.6107142857142857,0.7141156462585034,0.641156462585034,14.8,3.54400902933387,20,14,16,15,9
-175,0.1766243869793557,0.099918400695856,0.2966196501538867,0.0647595930356709,0.052991526755726,0.2572923164282526,0.2114588485232421,0.977971651020778,0.0181976109460912,0.9567935180696878,0.999611048122953,0.9994872975218738,0.962825488801474,0.9711409025879024,0.949261148904006,0.0312341233938348,0.9247732426303856,0.9873015873015872,0.9873015873015872,0.918310657596372,0.9286186696900982,0.9280394263654016,0.0532133772418288,0.8646069490959317,0.9879825544521768,0.9922217037739632,0.8806594759919883,0.914726448512948,0.9377780202124508,0.0450628392156362,0.8856167748634002,0.9886639374511998,0.9921047670553024,0.8956878743966402,0.9268167472957116,0.7523153962439678,0.1613423030945289,0.5621636300207729,0.9375,0.9497354497354497,0.622832921047207,0.6893449804164091,0.7297860034874507,0.2422313889448624,0.675936256136213,0.610618599823543,1.1583079035793031,0.7752491108008793,0.4288181470973151,0.8763733546677297,0.0361216410709086,0.8574177419946053,0.863124309552881,0.857913505145648,0.8549894434269435,0.9484217732185712,0.5361848072562359,0.0864174287967158,0.4530328798185941,0.622704081632653,0.4986394557823129,0.4509353741496598,0.6556122448979592,0.9496882551223952,0.0189236038895821,0.9467612310624732,0.9172454793883364,0.950382289668004,0.9590346822489682,0.9750175932441942,0.8674782433844065,0.0278539316611453,0.8503102467207704,0.8578629369223807,0.8555337345430765,0.8507906562241953,0.9228936425116095,0.7121428571428571,0.0583771329585448,0.6908163265306122,0.6514455782312926,0.7238095238095238,0.675595238095238,0.8190476190476189,0.7048810586333275,0.2571072621570151,0.5154049353940147,0.7447092628904751,1.1692430909190858,0.4294590822287968,0.6655889217342649,0.8716063004986081,0.046253317860105,0.8740611974232665,0.8221133109758885,0.8406720594220596,0.9566603241029608,0.8645246105688652,0.550124716553288,0.0819505584688127,0.6167517006802721,0.5747165532879819,0.536904761904762,0.623639455782313,0.3986111111111111,0.9254402665348264,0.0306296612601129,0.9065986945913056,0.8765517660393438,0.937207105064248,0.9644080149006256,0.9424357520786092,0.8562571543009566,0.0301742585114733,0.8558410089388291,0.8234185959090518,0.8664229207406743,0.9071970095465588,0.8284062363696688,0.6517707689136261,0.0828111371610803,0.6574366110080396,0.5416383219954649,0.5989795918367348,0.7894557823129251,0.671343537414966,12.2,8.704022058795577,4,15,28,7,7
-150,0.1598007177867527,0.1007561934221102,0.296824469098023,0.0326636621307226,0.1497646689060188,0.0712216302663797,0.2485291585326194,0.9799400421517712,0.0175936395049169,0.9491740655596674,0.9997835497835498,0.990792974198102,0.9866674219322004,0.9732821992853362,0.9521143406857692,0.0296274046688762,0.9172996976568406,0.9976190476190476,0.9591544698687554,0.9644557823129252,0.9220427059712774,0.9367510290969264,0.0498014823927551,0.8598740350157495,0.9956590891319956,0.9377547205491126,0.9831532321549006,0.9073140686328736,0.943915599196904,0.0426984201169841,0.8813700932804825,0.9958392647788552,0.9433963449030578,0.9844535343520544,0.91451875867007,0.7632044939187798,0.1514840480747586,0.5529710368996085,0.975,0.7346749811035526,0.8873771730914587,0.6659992784992785,0.637644840989794,0.1367862414996078,0.7290790804794857,0.6493375641959054,0.7959626466035843,0.6205319379057203,0.3933129757642746,0.8798122057441103,0.0374262973783501,0.8508675460150615,0.860900270364556,0.8574720550613407,0.8771924784871213,0.952628678792472,0.5540192743764172,0.0958111008529407,0.4282596371882086,0.6520408163265307,0.4765306122448979,0.539795918367347,0.6734693877551022,0.942150644065722,0.0125867570891577,0.9491233691544252,0.9230324437467294,0.9590673876388164,0.9334227280655852,0.9461072917230552,0.8676643072250027,0.0226908614353534,0.8426889372273342,0.8720769423750466,0.8548607902240669,0.8597450747348938,0.9089497915636724,0.6911507936507937,0.0256211144036144,0.7404761904761905,0.6664682539682539,0.6807823129251701,0.6801020408163266,0.6879251700680271,0.6560266699109759,0.1996861467472446,0.4863438095365252,0.9499230150665556,0.7333248896258218,0.3850842245987483,0.7254574107272285,0.8714154851901771,0.0410280610293205,0.8907989262607491,0.8229248223308784,0.8466883975812547,0.940929303438378,0.8557359763396253,0.5652437641723356,0.1268910443987914,0.6738095238095239,0.5732426303854875,0.5297619047619048,0.7037414965986395,0.3456632653061224,0.9176977452020796,0.0303085929171718,0.8954548029055418,0.8726551915992911,0.925,0.937269279995492,0.9581094515100728,0.8546815882358137,0.031121493313726,0.8610549918731314,0.8215750892736038,0.8607219902383897,0.9065941227670667,0.8234617470268771,0.6076757369614512,0.043047026678138,0.6304421768707484,0.5371031746031746,0.5892857142857143,0.6656462585034012,0.6159013605442176,13.6,9.891410415102593,4,28,7,23,6
-125,0.1437732801462213,0.0589267181925375,0.1099388412244263,0.0655662002751515,0.1631100919275056,0.13802150548214,0.242229761821883,0.9875462733556856,0.0109209938342051,0.997588337436449,0.9993622448979592,0.989004996668174,0.982287768879384,0.969488018896462,0.961249345892203,0.0312366123342982,0.9902210884353742,1.0,0.95671768707483,0.9457875457875456,0.9135204081632654,0.947682566929546,0.0282332405877523,0.9619486839511734,0.9854518840643636,0.9303985721145,0.957260216378572,0.903353478139121,0.9520584239696704,0.028161945246273,0.9677492828399518,0.9881827326620092,0.9376213815268112,0.960822200574917,0.9059165222446618,0.7809063423349138,0.0874441376947752,0.8154478458049885,0.9220238095238096,0.7320664124235554,0.7753684807256236,0.6596251631965919,0.6652568144457681,0.2024129204254546,0.897133897457804,0.7020514394555774,0.793401453111853,0.6320477191890989,0.3016495630145073,0.8732163498313638,0.0420213525522272,0.8369075671424274,0.8598806434967149,0.8559951705040991,0.8576556958253386,0.9556426721882386,0.5643310657596372,0.1486355106100832,0.4648526077097506,0.4892857142857142,0.4618197278911564,0.5511054421768707,0.8545918367346939,0.929056337172422,0.0201731371098099,0.9484306911170266,0.9240963137391708,0.9565236350950636,0.9094043258328972,0.9068267200779516,0.8583212669061788,0.0248204290408901,0.8514674092203321,0.8384918921639742,0.8534890323549335,0.8415203901613221,0.9066376106303324,0.6639357864357864,0.0489003977843801,0.6687925170068028,0.6488662131519274,0.7539965986394558,0.609750566893424,0.6382730364873223,0.5887047001293727,0.1678559228245992,0.5819641138826098,0.7281884721347264,0.7734226339629718,0.2942070609756878,0.5657412196908679,0.8740874037728401,0.0454429274425356,0.8723434928053155,0.8218967455652239,0.8546736002093146,0.9583615091684836,0.8631616711158635,0.5749149659863946,0.1358812295244665,0.6210034013605441,0.5162131519274376,0.4142857142857143,0.8130952380952381,0.5099773242630385,0.9174401634257572,0.0148623026742769,0.9150416974924364,0.9201746643050992,0.9382275132275132,0.921643251216754,0.892113690886983,0.8573211342960703,0.0286748131278379,0.8623873007755749,0.838997275777911,0.8536787599291754,0.9081605629445572,0.8233817720531323,0.6306065759637188,0.0382887238329538,0.6777777777777778,0.6301303854875283,0.6035714285714286,0.6664965986394559,0.5750566893424036,9.2,2.3151673805580453,11,12,7,10,6
-100,0.1272919370914765,0.0653510229250644,0.0738596682037626,0.0713432488375387,0.0779688039883261,0.2197255020340283,0.1935624623937266,0.9851027057532776,0.0085987888050198,0.9867000503905266,0.9867874585731728,0.9990849140520732,0.9796150454483789,0.9733260603022372,0.95390589569161,0.0239377967961013,0.9761904761904762,0.9702380952380952,0.9733182161753592,0.9203514739229024,0.9294312169312168,0.9569251792695832,0.0319172022532153,0.9842119494771912,0.9845357902223664,0.9800266399738092,0.920275032697036,0.9155764839775136,0.9608273099291476,0.0277359137348877,0.98741403811116,0.9868196773672332,0.9752512908831348,0.9249604057795358,0.9296911375046736,0.8094904830619118,0.0964340926175581,0.8705687830687833,0.8951814058956916,0.8961167800453514,0.7112768844911703,0.674308561808562,0.6341441509979113,0.130856206520352,0.6873011056865964,0.6353504221354213,0.8455232041222709,0.5386831270796912,0.4638628959655761,0.8849437227956315,0.0341241524617781,0.8612797437351007,0.8789192685621255,0.85642359294145,0.877180032269318,0.9509159764701636,0.5472619047619048,0.0370694622588799,0.5364795918367348,0.5875850340136054,0.4809523809523809,0.5709183673469388,0.560374149659864,0.941005844452621,0.0250763341426387,0.9278317558907622,0.928927553927554,0.9565409326123612,0.9102546659689515,0.9814743138634762,0.8668500014258724,0.0237083423140678,0.8537321436442152,0.8613343145280747,0.858732417178121,0.8471784793445816,0.9132726524343696,0.711077097505669,0.0716081171249574,0.6724206349206349,0.6847505668934241,0.7510204081632653,0.6198129251700679,0.8273809523809523,0.6278730756470136,0.1744211885669912,0.5329026899167469,0.6823897659778595,0.8441591667277473,0.3426194478358541,0.7372943077768598,0.8728928391352337,0.0378334683504735,0.8649686999394512,0.8396980542749175,0.8449877173091458,0.9450300905414986,0.8697796336111553,0.568514739229025,0.136868307329891,0.6942176870748299,0.5565192743764172,0.505952380952381,0.7333333333333334,0.3525510204081632,0.9231417931581214,0.0314322949583004,0.8695328517496005,0.919322360409317,0.9357520786092214,0.924478470184978,0.9666232048374904,0.8567672727634423,0.0251194668547277,0.8467890203385134,0.8436755446737186,0.8633207436967064,0.901799388405622,0.828251666702652,0.6504308390022675,0.0316901100836354,0.6113095238095237,0.6654761904761904,0.6242063492063492,0.6499716553287982,0.7011904761904761,11.6,3.878143885933063,17,11,15,7,8
-75,0.1279290983586439,0.066824783405548,0.0583877227756948,0.0597924902990815,0.2183804609591052,0.1093966365747508,0.193688181184587,0.9831743982257284,0.0080049434878325,0.9750440917107585,0.9874849724372508,0.9749410981358844,0.9961033647789602,0.9822984640657888,0.9567214663643234,0.0167966753477057,0.9523809523809524,0.9761904761904762,0.9589002267573696,0.9687830687830687,0.9273526077097508,0.9559782760124432,0.0352938691962938,0.986821183134812,0.9866870954289514,0.8920445939452506,0.9682059413632912,0.9461325661899106,0.9616058412633498,0.0302385868233785,0.9895821913108878,0.9895061187749395,0.9087621515928016,0.9704262994266132,0.9497524452115071,0.809818884818885,0.0946011663541329,0.8908272283272284,0.892195767195767,0.6477702191987906,0.8598356009070297,0.7584656084656084,0.7058404257254941,0.2298225085396068,0.9431844800710678,0.9401803357260567,0.7026782972472054,0.6183415246861321,0.3248174908970083,0.8774045423433409,0.042470968560097,0.8495355526547296,0.8464519194429908,0.8642556253270538,0.8658429995929995,0.96093661469893,0.5609353741496599,0.1178285321262059,0.4262755102040816,0.4920918367346938,0.5177721088435374,0.5998299319727891,0.7687074829931974,0.9348898730034948,0.0122021431334227,0.9565788392651748,0.9348972323972324,0.9316303273446132,0.9188352520495376,0.932507713960916,0.8630730609277087,0.024952859317822,0.8473176619060033,0.8464125691493243,0.850860948825651,0.8585313706865723,0.9122427540709924,0.6975056689342404,0.0216578588945936,0.7406462585034014,0.6898809523809524,0.6861111111111111,0.683815192743764,0.6870748299319728,0.640418473311833,0.2074132047290079,0.555384133543287,0.97141760800566,0.693362003990582,0.3315375085387911,0.6503911124808448,0.876417851486667,0.0413584243964685,0.8973423117773489,0.8299027215021004,0.8435762980405838,0.9454169745286546,0.8658509515846473,0.5570351473922902,0.1037904940485414,0.5196428571428571,0.4569444444444444,0.5333333333333334,0.7578231292517007,0.5174319727891156,0.9292837046387,0.0140207011287507,0.9434854773032112,0.9392437433741784,0.9058390022675736,0.9207981460535258,0.9370521541950112,0.8604367088428612,0.0250131252864846,0.8690851817211741,0.8346321743365629,0.845106071429688,0.9051834866483296,0.8481766300785508,0.6575056689342403,0.0597595789586705,0.7119047619047619,0.6579931972789116,0.5458616780045352,0.6656179138321995,0.7061507936507937,12.0,3.898717737923586,17,15,7,13,8
-50,0.1247900101400557,0.0667371563126079,0.2419601643369311,0.0897421154326626,0.0782324281920279,0.0595102576272828,0.1545050851113739,0.986561209699819,0.0113375470157928,0.9656433195733184,0.9991485320918818,0.9868424253481723,0.9879188712522046,0.9932529002335174,0.9669497698069128,0.02161254063236,0.930045351473923,0.990079365079365,0.956122448979592,0.9761904761904762,0.9823112073112074,0.9553342885873788,0.0350364843492077,0.8933585097096197,0.9717356896585136,0.9817639138723412,0.9888439494258188,0.9409693802705996,0.962393879543872,0.0288370779639614,0.9115594251338868,0.9758977211317652,0.9827202358416368,0.991312382415524,0.9504796331965476,0.8022947158661445,0.1065117531191128,0.6106704803133376,0.8574640967498111,0.8671768707482993,0.909457671957672,0.7667044595616026,0.6494420413460051,0.1945003905264861,0.6878413323845182,0.7991675010749272,0.8998606715883527,0.4866953534739358,0.3736453482082912,0.8763888076893004,0.0351474202360305,0.8544709539798826,0.8573437590848306,0.8491520582592011,0.8768273591487878,0.9441499079737996,0.573718820861678,0.1093054881907261,0.4374716553287981,0.4850340136054422,0.5647959183673469,0.6363945578231293,0.7448979591836735,0.9326465917137368,0.0155913123978809,0.9296183739196164,0.9510291296005582,0.937659893017036,0.9046329728472584,0.9402925891842148,0.8647340218628378,0.0265475790563013,0.8345213296762094,0.8548237030572923,0.8612568562425499,0.8586928619957963,0.9143753583423412,0.6861678004535148,0.0472814536802229,0.6243197278911564,0.727607709750567,0.7187074829931973,0.6326530612244898,0.7275510204081633,0.6650767179472106,0.2111991466538224,0.5042997598648071,0.8891756193978446,0.8817884155682155,0.3507290769900594,0.6993907179151263,0.8618795603096154,0.0415313099922101,0.8801307626646298,0.8168045845918517,0.830605340426769,0.9333173731822294,0.8485397406825977,0.5813151927437642,0.114510368798186,0.6178571428571429,0.4797335600907028,0.5595238095238095,0.7823129251700681,0.4671485260770974,0.9066338441649509,0.0202881772247081,0.8788636518562628,0.9192776432217424,0.9028955171812312,0.8944434440908385,0.9376889644746788,0.8502728731927249,0.0214698529428706,0.8370085128762479,0.8285408161430997,0.8531903236779254,0.8901189291849142,0.8425057840814374,0.587320140177283,0.0694006957571166,0.5703875489589774,0.6350907029478458,0.4920068027210885,0.5476190476190476,0.6914965986394559,12.8,5.878775382679628,6,11,15,23,9
-25,0.0804904068143861,0.0394231711587904,0.0578680964896366,0.0477440455884096,0.086616288870573,0.0554283715596067,0.1547952315637043,0.9958077225632198,0.0049668907069164,0.986813686410763,0.9997519841269842,0.9987083551369264,0.9997263273125344,0.9940382598288916,0.9803533635676492,0.0119883336998297,0.9735449735449736,0.9952380952380953,0.977749433106576,0.9922619047619048,0.9629724111866969,0.9803071161310906,0.0140097985056998,0.9898555853548894,0.9878386590907114,0.9777816597389932,0.9920190376636748,0.954040638807184,0.981589007887766,0.0134679525094604,0.9915267525174978,0.9893477698713052,0.978377317073843,0.9921335568088592,0.9565596431673248,0.8982178932178932,0.0548510752868815,0.9270880574452004,0.9368386243386244,0.8708238851095994,0.9528817082388512,0.803457190957191,0.6829239151307515,0.1724421194218535,0.8461632047380719,0.8477545785052436,0.7316380877579961,0.598235758287566,0.3908279463648796,0.8726954812156542,0.0345226934682285,0.8586292104634498,0.8456057038199896,0.8475796376242807,0.8726608196697484,0.9390020345008028,0.5664909297052154,0.0795250602518891,0.476842403628118,0.4982142857142856,0.5767006802721087,0.5774659863945578,0.7032312925170068,0.9311079266750716,0.0081631042938042,0.927568400083928,0.9417689981975697,0.9228208035350892,0.9233949648235364,0.9399864667352352,0.8638658221586839,0.0230798852455022,0.8403667230194216,0.8549979224067104,0.8557091527912634,0.8602012784946477,0.9080540340813764,0.6670521541950114,0.0315233759301372,0.616326530612245,0.6827380952380951,0.6476190476190476,0.6822845804988662,0.7062925170068028,0.6053072167294367,0.1644599736405341,0.5284125081130436,0.8060230165719986,0.7154522453035627,0.3309491489614759,0.6456991646971021,0.8656032564639735,0.0445096750449222,0.8820945214587457,0.8272233336596689,0.8109236002093148,0.9373490138761076,0.8704258131160305,0.5698922902494331,0.1307710364938849,0.5434523809523809,0.475283446712018,0.5416666666666669,0.8232993197278912,0.4657596371882086,0.9041973314836828,0.02573318078658,0.9217028155205494,0.9045368445679004,0.8637348101633817,0.8919324441582672,0.9390797430083144,0.8454796340210006,0.0257080480035745,0.8524081192973617,0.8193965780682475,0.8227055984302086,0.8907187001386708,0.842169174170515,0.5907400535971965,0.0909017223632288,0.6338435374149661,0.5993609565038136,0.4178880643166357,0.6183673469387756,0.6842403628117913,19.0,6.928203230275509,25,21,13,27,9
0,0.1127703119778917,0.0900631753466505,0.2880380788729304,0.0488346544803962,0.0551756433920846,0.0636606694509585,0.1081425136930885,0.9761386761368656,0.0153071281680354,0.9486825637212318,0.9757927955665028,0.9761904761904762,0.9940476190476192,0.9859799261584976,0.9518119975262832,0.0269571045884348,0.9098356009070296,0.9444444444444444,0.9462481962481962,0.9910714285714286,0.9674603174603176,0.9594709678911484,0.0511836901600646,0.858038761581207,0.9920937915396044,0.9913912229593674,0.9827530435167284,0.9730780198588344,0.965784912084875,0.0420737967272264,0.8823827296828199,0.992939551272133,0.9914346335002914,0.9850651442653858,0.9771025017037456,0.820844499415928,0.1508463277173914,0.5254432075860648,0.909126984126984,0.9065192743764172,0.9263038548752834,0.8368291761148903,0.6589111687881606,0.1420790804864955,0.5592407158442906,0.7140996583870479,0.8122677270855222,0.7755108326673508,0.4334369099565914,0.8517032587077296,0.0430570926185846,0.8385011506925325,0.8303129360718646,0.818415114977615,0.8345273162683877,0.9367597755282484,0.5665759637188208,0.0696232632234811,0.5851757369614512,0.5494897959183673,0.5820578231292517,0.4503401360544217,0.6658163265306121,0.9182052933065998,0.0271867846288829,0.8718247837968335,0.917743328100471,0.911577417291703,0.9389918018489448,0.9508891354950468,0.8552198499454798,0.0292293779600482,0.8265858805475392,0.8514173583155876,0.847661423407448,0.8392972839417675,0.9111373035150566,0.6426303854875284,0.05645074790089,0.5722222222222222,0.6327097505668934,0.639937641723356,0.6232142857142857,0.7450680272108844,0.6279070750943252,0.1736373089938075,0.4492003130061285,0.7041356776441846,0.8286475113459996,0.3945502484483378,0.7630016250269753,0.8624302088803836,0.0474638734441921,0.8892763600429856,0.8293105598249231,0.8009935170649457,0.937392890804545,0.855177716664518,0.5920181405895691,0.1257203338635354,0.7579931972789116,0.6002267573696144,0.6035714285714285,0.6295918367346938,0.3687074829931972,0.8929265698308827,0.0499546048027923,0.8127142165442659,0.8826169735486505,0.8772951915809059,0.9405995858873742,0.951406881593217,0.8418353319283141,0.0274407736474474,0.8179855286009097,0.8301957597931524,0.8416650928259549,0.8944850652359367,0.8248452131856167,0.59866292437721,0.0959559670324825,0.5107491714634571,0.609436198721913,0.4704081632653061,0.6833333333333333,0.7193877551020408,17.6,7.578918128598567,5,24,25,21,13
25,0.1349756413627238,0.0556477417916702,0.068138369935609,0.2010863182090577,0.1533646627905823,0.0706855394833144,0.1816033163950556,0.9848854257847082,0.0027214491184905,0.9877662460995796,0.9832117760104874,0.9805842137700091,0.9875822782816832,0.9852826147617814,0.9524603174603176,0.0154562990456081,0.9702380952380952,0.9502834467120184,0.936309523809524,0.9702380952380952,0.9352324263038548,0.9493030165182864,0.0329947296934736,0.9858810038407736,0.9053354223714146,0.9355286910468824,0.9895369167413502,0.930233048591012,0.9555012013861351,0.0285487266531301,0.9879286505724272,0.9203002052618472,0.9421442733172304,0.9907325550942624,0.9364003226849088,0.7813605442176871,0.1158283485979256,0.9118669690098264,0.6294501133786847,0.7071712018140592,0.9210789871504158,0.7372354497354497,0.6350901971970286,0.1138662488910007,0.6516497262886592,0.6901747754641941,0.8106255467448916,0.5203769409230777,0.5026239965643201,0.8676756357888561,0.0295319827673664,0.8484059835379713,0.8440709307227163,0.8510695207570208,0.871077097505669,0.9237546464209024,0.5728061224489795,0.1152461114480506,0.5412414965986395,0.5324829931972789,0.4731292517006803,0.798469387755102,0.5187074829931972,0.9112764148189292,0.0339844482495508,0.9095052859493852,0.914103872318158,0.9289602593174022,0.8505484330484331,0.9532642234612678,0.8523481157730162,0.0187693788938213,0.8455521507687914,0.8389807743923768,0.8390615269249381,0.849065617580381,0.8890805091985935,0.6149757781900639,0.0479274441847719,0.608843537414966,0.5713564213564214,0.6805555555555556,0.5564703153988868,0.6576530612244899,0.6110484542591231,0.1496895684717716,0.5634219135556903,0.5985543429851532,0.8313905554158347,0.3756567803876741,0.6862186789512634,0.857811643034441,0.0368221607223627,0.8475738916256159,0.8467210891104525,0.8239076399790685,0.929454836039617,0.841400758417451,0.6048299319727891,0.1659385662958071,0.6769557823129252,0.5950963718820861,0.5535714285714286,0.8539115646258504,0.3446145124716552,0.8820888812431349,0.0530046847282264,0.8607437481329107,0.8933828926996629,0.8911114018256875,0.8008034912973986,0.9644028722600152,0.8343941373807663,0.0064202185061433,0.8357280679878475,0.8362755357476608,0.84272240898174,0.8343139771327309,0.8229306970538524,0.5602613656185085,0.0979965805675596,0.5280895691609977,0.6205193615907901,0.5162414965986394,0.424551638837353,0.7119047619047619,13.2,5.3814496188294845,18,7,9,21,11
50,0.0560493221107338,0.0070384521637584,0.0668440930367935,0.0465221364006754,0.0507368126085826,0.05665735257346,0.0594862159341573,0.999646922898116,0.0001500237135784,0.9993973353168756,0.9998473748473748,0.9997263273125344,0.9996723931118342,0.999591183901961,0.9936659108087678,0.0017425106751883,0.9912698412698412,0.996031746031746,0.9952380952380953,0.9925925925925924,0.9931972789115646,0.9907453630599564,0.0038285275085248,0.9854865927115514,0.9870773468712978,0.9922068878637024,0.9955215419501134,0.9934344459031176,0.9913138322549864,0.0031154724418516,0.9865830842882448,0.9887945197525438,0.992823795765829,0.9949083062031452,0.993459455265169,0.9485525321239606,0.0258136396429347,0.9196145124716552,0.9160808767951624,0.9585317460317462,0.9772486772486773,0.9712868480725624,0.6388847121170589,0.0861502986588479,0.7397479798112597,0.6990210201059069,0.6757562203066689,0.5744716588939939,0.5054266814674649,0.8626625013304441,0.0280810830414618,0.8477872963101999,0.8531566697191698,0.8460939044421188,0.8476538788592359,0.918620757321496,0.5633786848072562,0.059168622272724,0.4736961451247165,0.5159013605442178,0.6198979591836734,0.6232142857142857,0.5841836734693878,0.91298618944496,0.0260678233928454,0.9180959016828584,0.9182692307692308,0.879165503808361,0.8936730333158904,0.9557272776484596,0.852365713271185,0.0242221542546286,0.8345280674694039,0.8398292461518216,0.8396312504369158,0.8477773351354293,0.9000626671623548,0.6275000000000001,0.0408102099221405,0.6328798185941044,0.6561224489795918,0.5704081632653061,0.5945861678004535,0.6835034013605444,0.6652142558779035,0.2116418979873945,0.5447370218379157,0.6508890645844596,0.7381371653505734,0.3783418035932949,1.013966224023274,0.8536535306026336,0.0379414768555294,0.8694723849973235,0.8441939381787984,0.796883176347462,0.9132432740729344,0.8444748794166494,0.604625850340136,0.1286019022303089,0.6137755102040817,0.5999999999999999,0.6642857142857144,0.7687074829931974,0.376360544217687,0.8847673071220375,0.0422731472321182,0.8974926870247069,0.8965590419472409,0.8239592418163847,0.8566635811878227,0.9491619836340331,0.8392317105690793,0.0173760203811733,0.8499987096440493,0.8403531711836232,0.8171133147649222,0.8649730603866634,0.8237202968661385,0.5660478410478411,0.0905974482377194,0.583426097711812,0.6288265306122449,0.4182159110730539,0.5203488971346114,0.679421768707483,21.4,3.4409301068170506,17,19,21,23,27
75,0.062746871116438,0.0268844599345996,0.0500251501576886,0.0284034822224861,0.1086706351488828,0.0542921092183817,0.0723429788347511,0.9945078773625572,0.0055577657802607,0.9997233669108668,1.0,0.9972029028602304,0.9878231292517006,0.9877899877899878,0.9830234315948602,0.0111539270875601,0.988095238095238,0.993622448979592,0.9940476190476192,0.9679232804232804,0.9714285714285712,0.9815419627789193,0.0158885758170588,0.9908796705635784,0.995804771461586,0.9513977120816732,0.9893705628434692,0.9802570969442888,0.9835646077676008,0.0116188445089561,0.987655179217628,0.994954366284132,0.9613009455571532,0.9891756106798296,0.9847369370992604,0.9136092214663644,0.0607921101956128,0.9638605442176872,0.9734126984126984,0.8031273620559335,0.9230536659108088,0.9045918367346936,0.6821089814816201,0.1647602921880418,0.8015192342655999,0.8476474774735314,0.6610166196312223,0.7216639987060002,0.3786975773317473,0.8601965033367233,0.0354003764118049,0.8489274014603981,0.8413697562358274,0.8297747143729285,0.851546347171347,0.9293642974431152,0.5602154195011338,0.0895598455214933,0.4460600907029479,0.584608843537415,0.5577380952380954,0.5009353741496598,0.711734693877551,0.9210993278434916,0.0171868466743675,0.9458705131997058,0.912765713122856,0.895485493342636,0.9326050933193792,0.9187698262328804,0.8546899868265914,0.0222589118719777,0.8423771530323982,0.8541887028796034,0.8339562651370864,0.8456489627433122,0.8972788503405565,0.6507472686044113,0.0504279208978556,0.6578231292517006,0.6712301587301587,0.5900742115027828,0.7306122448979592,0.6039965986394558,0.6343345678278378,0.2211475529883535,0.5866161414555141,1.029735939843314,0.6158473981278283,0.3444665659751211,0.5950067937374115,0.8596926072651723,0.0407499841597629,0.8712749206299083,0.812402946719717,0.8297186609686611,0.930460094464826,0.8546064135427491,0.6211678004535147,0.0718494631687961,0.581547619047619,0.6390589569160998,0.6297619047619047,0.7367346938775511,0.5187358276643991,0.8905916334029929,0.0250871151368919,0.895706682024416,0.8588378587136353,0.866016919588348,0.9062729810927892,0.9261237255957752,0.8469476402911698,0.01987005931773,0.8432115984612979,0.823983423234105,0.838951678465896,0.8838780607955385,0.8447134404990112,0.570614306328592,0.0626325192951436,0.5904761904761905,0.5471603793032365,0.4704081632653061,0.5822562358276644,0.6627705627705628,24.0,9.818350166906862,27,41,12,22,18
100,0.0859419146020497,0.016822060406369,0.0952938737436419,0.0823179164990073,0.1123376774734684,0.0627521860989786,0.0770079191951524,0.9915366601016472,0.0090448249726901,0.9755281089613924,0.998575377444425,0.995756684850718,0.9878231292517008,1.0,0.9820181405895692,0.0184897797889423,0.95,1.0,0.9920634920634922,0.9727891156462586,0.9952380952380953,0.9727991751966164,0.0108646547076638,0.9681245036894888,0.9674899928217104,0.9577434954238604,0.9852963350582398,0.9853415489897824,0.9785074840048836,0.0084845842832904,0.9756150556535766,0.9738965263659518,0.966608259322236,0.9887045623114858,0.9877130163711686,0.8687037037037036,0.0492175550331324,0.8379913076341649,0.8316515495086924,0.8172052154195013,0.932322373393802,0.9243480725623584,0.6462242701223919,0.1508833841404946,0.7650223757539477,0.6692312785557338,0.5872694594519479,0.8196000839982714,0.3899981528520584,0.8548809735743502,0.0339608692797514,0.8344187801932367,0.8476947787662075,0.824709848683063,0.8469497499854642,0.9206317102437792,0.6130895691609977,0.1147288505407195,0.4856009070294784,0.5727040816326531,0.6847789115646259,0.5230442176870749,0.7993197278911565,0.899217403072404,0.0267567817390459,0.928923888395938,0.8988622885051455,0.8578535089249374,0.9266000930286644,0.883847236507335,0.8508239150741739,0.0178889101891123,0.8452623849267471,0.8412471787148151,0.8347883934057773,0.8472485995798813,0.8855730187436486,0.622052590266876,0.0490950783450515,0.6736961451247165,0.6279890744176458,0.5427897499326071,0.6705215419501134,0.5952664399092971,0.550427799991199,0.1125309021218964,0.5063151248863765,0.6478480100631714,0.6135603987744876,0.3488297068646976,0.6355857593672616,0.8601253135280891,0.0426569778381641,0.873135915580497,0.8300826924972887,0.8111318245246817,0.9346483561858208,0.8516277788521578,0.6348072562358277,0.0812863971737944,0.604251700680272,0.5875283446712017,0.6773809523809524,0.7695578231292517,0.5353174603174603,0.8576637570742813,0.0373692633168349,0.8405741663007674,0.8682655554705244,0.7945098552241411,0.9015526485153138,0.8834165598606594,0.8260354008861499,0.0323003897104673,0.8054004598427291,0.8182193103522699,0.7992397797295029,0.8889119695282522,0.8184054849779958,0.5131224727653299,0.0794185899864809,0.499896928468357,0.55260989010989,0.3646361574933003,0.5861678004535147,0.5623015873015873,16.2,4.445222154178574,14,11,13,21,22
125,0.05690586602404,0.0260089789554808,0.0484794200220633,0.0401480572431215,0.0466080798457066,0.0407723107242158,0.1085214622850928,0.9923277634759572,0.0055760299329533,0.9878215654077724,1.0,0.9874847374847376,0.988095238095238,0.9982372763920384,0.9808163265306122,0.0130304421215026,0.968253968253968,0.9965986394557824,0.9688208616780044,0.9738095238095238,0.9965986394557822,0.9866051955070176,0.0127192965676298,0.9905001994903472,0.998297147722435,0.9915960204375904,0.9908145609003703,0.9618180489843446,0.9886976419290188,0.0098539053462703,0.9914455951359544,0.9978199550654028,0.9915765419179274,0.993105935962182,0.9695401815636268,0.919529306672164,0.0561390668915914,0.9223922902494333,0.9900793650793652,0.917063492063492,0.9482804232804234,0.8198309626881057,0.8239510042326792,0.2218625851491474,1.1013769848006112,0.9677452402455466,0.7185653511966977,0.8751882165670395,0.4568792283535003,0.8571490713957516,0.0423757888955664,0.821873715483964,0.8493738553113553,0.8281901564044419,0.8470971604453746,0.939210469333622,0.5329081632653063,0.0700299166550346,0.4064625850340136,0.5534013605442177,0.5877551020408164,0.5148809523809524,0.6020408163265307,0.9278348066503987,0.0283193127960002,0.960072792401985,0.9135143031571602,0.8810061631490204,0.9334954067096924,0.9510853678341362,0.854131806587907,0.0242854022923349,0.8431769194406401,0.8424840554923387,0.832500842155447,0.8512784283165409,0.901218787534568,0.6625133992991137,0.0571169731125434,0.7011904761904761,0.6150896722325294,0.5740646258503401,0.707936507936508,0.7142857142857144,0.7155501165560314,0.1702503256297027,0.6633448217596326,0.8365320840052196,0.761183676975114,0.4144838047879083,0.9022061952522824,0.8546094298829064,0.042793648297044,0.8595517901752509,0.8144827889645436,0.8140763997906856,0.9312780410301152,0.853658129453937,0.5442063492063492,0.1107869502031397,0.4552721088435373,0.5629251700680271,0.6523809523809524,0.6678571428571428,0.3825963718820862,0.898826922443058,0.045685591931831,0.9216920340196204,0.8892550576867347,0.814452875167161,0.9249808249730468,0.9437538203687272,0.8358596382533074,0.0304837257138237,0.8342533997230885,0.8236762163671836,0.8064899939875597,0.8941907062221188,0.8206878749665865,0.5675870954442384,0.103197908949074,0.600170068027211,0.5698412698412698,0.373082869511441,0.6191043083900227,0.6757369614512471,28.0,10.430723848324238,24,38,22,42,14
150,0.1507134328285853,0.1090135369734972,0.1515918301329726,0.0587810116066109,0.0641519508014122,0.1218332713469863,0.3572091002549444,0.9759627140013776,0.0324363297469811,0.9946368741205476,0.9879188712522046,0.9878215654077724,0.9978783334853736,0.9115579257409904,0.9530596255596254,0.0473732114736848,0.984457671957672,0.9613095238095238,0.9743589743589742,0.9852607709750568,0.8599111866969011,0.9373102251062212,0.0596551203331097,0.939645436508353,0.9916475441258268,0.978685003868541,0.9527736224025752,0.8237995186258095,0.9458690652642224,0.0505554226679672,0.9502670155489128,0.9873274608283036,0.9824871848153782,0.9607531648509432,0.8485105002775739,0.7654939108510537,0.1422557209781969,0.7463951392522822,0.9118102796674225,0.8681405895691612,0.7962585034013607,0.5048650423650424,0.7361031493970326,0.1328343408815595,0.7281263896397182,0.7985516978161675,0.9066739465509144,0.7457392982074192,0.5014244147709438,0.8628276778397389,0.0422274559202735,0.8340619557001544,0.8494161542822257,0.829506512006512,0.8561463239141809,0.9450074432956208,0.5111507936507936,0.0282983442274016,0.4945294784580499,0.5097789115646258,0.5479591836734694,0.4686224489795917,0.5348639455782312,0.9365085922066004,0.0221089713673031,0.9151619785781274,0.937329205186348,0.9090336647479506,0.9541543112971684,0.966863801223407,0.8546503276412354,0.0226286570356598,0.8395227750582264,0.8497301003155978,0.8366502875055003,0.8485803204508117,0.8987681548760401,0.6896964543393114,0.0531139050863642,0.6322278911564626,0.7343253968253969,0.6349051741908884,0.7654761904761905,0.6815476190476192,0.6533591168267386,0.1605165780851303,0.5140510882650103,0.7579716720751354,0.7337874642440251,0.4172289009605135,0.8437564585890088,0.8647782819082348,0.0459533740038173,0.8789069094333873,0.8212761137528217,0.8329143409500553,0.9481993941107242,0.8425946512941855,0.5407142857142856,0.1451792582812129,0.7127551020408164,0.4839002267573695,0.6654761904761904,0.5394557823129251,0.3019841269841269,0.9047494617442652,0.0469408034573984,0.8467262932287564,0.922100886231321,0.8522079772079773,0.940299979454763,0.962412172598508,0.8359307644962921,0.0229992773604344,0.8331652295259702,0.8290393941878557,0.8344463254434108,0.8770361119177768,0.8059667614064476,0.5546134817563388,0.0680118796987712,0.5096784168212739,0.631547619047619,0.4504921665635951,0.5611111111111111,0.6202380952380953,12.8,6.584831053261731,9,23,17,11,4
175,0.236615927384368,0.1403461605300218,0.0867385900623741,0.0568660193876851,0.3888691855328424,0.2763123201827208,0.3742935217562176,0.9518190295101856,0.0302123067678008,0.9867498110355254,0.9761904761904762,0.9131345812294042,0.964321951472662,0.9186983276228609,0.9135064935064936,0.042073334502126,0.9656462585034014,0.9523809523809524,0.8717944753659039,0.9177154195011338,0.8599953617810763,0.8919349024304392,0.0764165886937856,0.9783362358440488,0.9852043489564016,0.8008189818190521,0.8677821159046618,0.8275328296280319,0.90577241648852,0.066851768813178,0.9804248466000084,0.9880130417174984,0.8283068620524183,0.8867228032503611,0.8453945288223137,0.6593375011232153,0.1778262945575813,0.8651360544217687,0.8782879818594105,0.4702406720263863,0.5878525574954147,0.4951702398130969,0.6296925178595951,0.1614904090269336,0.8079580920083183,0.6984252461365291,0.7035986759832927,0.6051465081317084,0.3333340670381273,0.858465832391017,0.0434183919577941,0.8358615144775859,0.8297703354846212,0.8365683869701727,0.845400695534624,0.9447282294880816,0.5672619047619047,0.1448049907749211,0.4569727891156462,0.5093537414965986,0.4480442176870748,0.580952380952381,0.840986394557823,0.9083932866987056,0.0185685703455623,0.9288503692075122,0.9121540496540496,0.9211689633118204,0.9047935926507356,0.8749994586694096,0.8439058871097691,0.0204724326306906,0.8327984245855335,0.8324767348015981,0.8258163292566233,0.8456565626982852,0.8827813842068047,0.6272804576376004,0.0256485795169067,0.6652777777777777,0.631547619047619,0.615221088435374,0.6369331065759638,0.5874226963512678,0.5745350954788071,0.1108220767496933,0.5762792995997837,0.7068095526524952,0.6486909815243312,0.3789582795330456,0.56193736408438,0.8582593138147994,0.0438538975175458,0.8716051404351896,0.8159055335336391,0.8196706379280271,0.936047001028528,0.8480682561486133,0.6056689342403628,0.0731580147867927,0.5202380952380953,0.6345521541950114,0.555952380952381,0.7312925170068026,0.5863095238095238,0.8851269634318468,0.0206870001825858,0.9111691587923116,0.860644536048263,0.8978495141056718,0.8952820332376982,0.8606895749752891,0.8396947730640969,0.0221558088386912,0.8375072896764848,0.820909858204467,0.8480533997611751,0.877205191972524,0.8147981257058335,0.5605982509553938,0.0211272416385498,0.5841836734693878,0.5397697540554682,0.5662698412698413,0.5806122448979593,0.5321557410843124,8.6,5.4626001134990645,13,17,3,6,4
200,0.1972875334322452,0.1276808794267485,0.0556225167764794,0.0339442115897933,0.3095938712358475,0.3359603548333758,0.2513167127257302,0.9634590103731722,0.0237571296159794,0.98797123015873,0.988095238095238,0.9466216075253427,0.927194864711486,0.9674121113750632,0.9283893355321928,0.0496820950830294,0.9761904761904762,0.9761904761904762,0.9308355665498522,0.8409013605442177,0.9178287981859412,0.9076794606321478,0.0704045757712448,0.9845833742672822,0.995203476273713,0.8246156965468449,0.8446400122641323,0.8893547438087668,0.9210102014319996,0.0606239795372211,0.988789613878985,0.9961286566530466,0.8584903903351301,0.8584553438579114,0.903187002434924,0.7031504870790586,0.1880648198070095,0.924650415721844,0.9317460317460318,0.5078862275290847,0.5261055743198602,0.6253641860784719,0.6835297886814391,0.1952867299960967,0.8659860002143043,0.9381400219031742,0.6382930874824524,0.570549413561821,0.4046804202454431,0.8650413992593796,0.0360658802563978,0.841957780975638,0.8436215586662017,0.8532263685388685,0.8496886083493226,0.936712679766867,0.5725340136054422,0.085835491589762,0.4552721088435373,0.5252551020408164,0.5881802721088435,0.5779761904761905,0.7159863945578231,0.9168150403692276,0.0222126516605406,0.9401215186929474,0.9401955055526484,0.8847725158439443,0.8984651723937438,0.920520489362854,0.8509663972679362,0.021830490937409,0.8413746733646638,0.8499503618088406,0.8319662004745657,0.8384711522313658,0.8930695984602446,0.6365754483611626,0.036058978572829,0.7027056277056277,0.6462301587301589,0.6186636775922489,0.603202947845805,0.6120748299319727,0.6067944558603424,0.1435145859924252,0.650944424527032,0.7891626698630196,0.56699531099626,0.3572958558797836,0.6695740180356162,0.8680099004781618,0.0405499036570652,0.8553705808878223,0.826541653222554,0.85189039659483,0.94564605550443,0.8606008161811733,0.5991156462585033,0.1297387507092831,0.5321428571428571,0.4570578231292517,0.6749999999999999,0.8154761904761905,0.5159013605442178,0.8945262198991049,0.0261436125327941,0.8914935260871222,0.9118565406298326,0.8472244777663497,0.8982647647918585,0.9237917902203616,0.8425946240536477,0.029318897751731,0.8284987263584844,0.811597943088158,0.8321977853659475,0.8976419726244124,0.8430366928312362,0.567392290249433,0.0832239004112562,0.5751417233560091,0.5354591836734693,0.4276360544217686,0.632312925170068,0.6664115646258503,12.0,9.033271832508971,22,24,4,4,6
225,0.0986927565808097,0.0753672838675411,0.0476192663024578,0.2485418142307372,0.0694911245788846,0.058209546841681,0.0696020309502879,0.9852133646461276,0.0175044446249874,0.988095238095238,0.9518839207868665,0.9990268856210888,1.0,0.9870607787274454,0.9617723149866008,0.0425477243089873,0.9761904761904762,0.8795445956160242,0.9925925925925924,0.9952380952380953,0.9652958152958152,0.969890663463978,0.0388321107594199,0.9931218171361982,0.892431881880763,0.9844238704092302,0.9904717516084643,0.9890039962852348,0.9738914221312992,0.0327565862186185,0.9944151403784348,0.9086251336974612,0.9857966305136494,0.9915706852620726,0.9890495208048774,0.8550410568267711,0.1391475841119892,0.930489417989418,0.5785216106644678,0.9056311413454272,0.9499433106575964,0.9106198034769462,0.719434985944203,0.2008975626661693,0.9464041250092644,0.6073434948921204,0.8522413053682872,0.8070267609187535,0.3841592435325895,0.862455212412109,0.0350914899827416,0.8383761047153904,0.8393001955055527,0.8505837003604858,0.8523001337287051,0.9317159277504105,0.5509013605442176,0.1133776536234285,0.4493197278911564,0.5766156462585033,0.4457482993197278,0.527721088435374,0.7551020408163265,0.930230698055821,0.0123914323018785,0.942950026164312,0.9114146171289028,0.9245441595441596,0.9274577010291296,0.9447869864126022,0.8545542098029258,0.0307457884545071,0.8409455877012436,0.843622884661354,0.8272039846278831,0.8463855212307373,0.914613070793411,0.691485260770975,0.0363897080004842,0.7178571428571429,0.6335600907029478,0.6737528344671203,0.6933106575963718,0.7389455782312925,0.6027883304016931,0.1759350967896659,0.5155695506504604,0.582263537815639,0.7620917345796313,0.3320281846182687,0.8219886443444661,0.8695604371766157,0.046393109602941,0.901125388705438,0.8299167415859963,0.8520250776408413,0.94384148486981,0.8208934930809931,0.6136167800453516,0.1036954915154889,0.6322278911564626,0.6365362811791383,0.6119047619047618,0.7551020408163265,0.432312925170068,0.8987465040452832,0.0305995553982002,0.9099731139140008,0.8430093727298698,0.896833466661053,0.908397932117144,0.935518634804349,0.8485677602799597,0.0272510950433431,0.8595711183871331,0.8106647664158416,0.8558879275859246,0.8892616805488464,0.8274533084620527,0.609360361860362,0.0729396159555281,0.6526360544217686,0.5247496551067979,0.5231859410430839,0.6413832199546485,0.7048469387755103,17.2,7.440430095095309,28,5,15,19,19
250,0.1343083421832749,0.0576862085018695,0.1833170143266519,0.1879739122731345,0.0373013964632437,0.1625411006666365,0.1004082871867077,0.984688502939864,0.0084930518183179,0.9869672166685712,0.974337000837188,0.976037851037851,0.9889488203762096,0.9971516257794992,0.9571541950113378,0.0160526999555685,0.9553287981859412,0.9334372637944066,0.9484126984126984,0.968886999244142,0.9797052154195012,0.9472132481062246,0.0305485285741853,0.9238486483108812,0.9161971036237644,0.9967635761201032,0.9310373860543416,0.9682195264220322,0.9545944968933704,0.025489601451892,0.9353484037226496,0.9295144548485276,0.9967468905048704,0.9403517976408492,0.971010937749956,0.7767484631770347,0.1057471495035697,0.697268736554451,0.6533712980141553,0.9357142857142856,0.7348974438260155,0.8624905517762661,0.6693694868258068,0.1706848294906428,0.7875232377222606,0.6267762205430439,0.8794758830751691,0.6764436491898128,0.3766284435987472,0.862187521678285,0.0409534331743358,0.8394866343973487,0.8384654085993369,0.842259306500378,0.8468374978196406,0.9438887610747216,0.5589455782312927,0.0962402839659959,0.4075680272108843,0.5267006802721089,0.5696428571428572,0.5850340136054422,0.7057823129251701,0.9229888335528728,0.0125958875465734,0.93990638990639,0.9136031164602592,0.912546805046805,0.9120803535089248,0.9368075028419856,0.8528901793035043,0.027350334435836,0.8279111624217348,0.839085521776252,0.8459199553621147,0.8455149344589957,0.9060193224984248,0.6641465677179963,0.0184192824124671,0.6717687074829932,0.6346938775510204,0.6554834054834056,0.6686507936507936,0.6901360544217686,0.634723276751382,0.1976942262331064,0.5154944541198867,0.6118354329041072,0.8626764416694641,0.3417759569627898,0.8418340981006622,0.869615967068299,0.0402571415754259,0.8704322524765876,0.8358545430730989,0.8607620280649837,0.945336639961024,0.8356943717658004,0.6398752834467121,0.1265916076700221,0.6732993197278911,0.6138321995464853,0.7392857142857142,0.7636054421768709,0.4093537414965986,0.8890170532092785,0.0235352036633328,0.889649523528834,0.8759137274044108,0.8618663675313921,0.8856401234233747,0.9320155241583812,0.8471898192578227,0.0203763389743496,0.8521143451582265,0.8299046230513325,0.854947919434644,0.8784925443082248,0.8204896643366855,0.5772766122766122,0.0617063985898663,0.6026747062461348,0.5388670852956567,0.4943310657596372,0.5731292517006803,0.6773809523809523,12.8,8.840814442120138,7,6,30,9,12
275,0.1050655009868067,0.0830549210360406,0.0488752846362157,0.2685572994606836,0.0470334113398123,0.0770971316045948,0.0837643778927269,0.984653964237079,0.017295724112348,0.9994222047793476,0.951713552773224,0.987844161819317,0.9980665893432724,0.9862233124702336,0.9610525321239608,0.0432595181205329,0.996031746031746,0.8761621315192746,0.9735449735449736,0.985714285714286,0.9738095238095238,0.9670791983830856,0.0395677219398684,0.9920068110749556,0.8885655214851909,0.9917200799996498,0.9843938768158802,0.978709702539752,0.970757845774916,0.0358540408947418,0.9928792674433876,0.8995852458975283,0.993803533016927,0.9850679725716384,0.9824532099450988,0.8586480450766164,0.1486444228743382,0.9648148148148148,0.5664356146499002,0.9539399092970522,0.9215986394557822,0.8864512471655329,0.6031632829989706,0.1326905240681258,0.6148652625935418,0.664473546402795,0.7485329412988254,0.6339014683450971,0.3540431963545935,0.8608442485379062,0.0364771210534835,0.8497900495668353,0.8465031033781033,0.823500476045119,0.853727560468632,0.9307000532308412,0.6176530612244898,0.0773677868743365,0.6018707482993196,0.5284013605442177,0.5773809523809523,0.6212585034013605,0.7593537414965986,0.914791744107015,0.0094556038582488,0.9062899005756148,0.9292153613582184,0.9125241293098436,0.9041640502354787,0.9217652790559194,0.8603217192123449,0.0227243603562466,0.8503332632542876,0.849289012109746,0.8454357050233129,0.850941841334487,0.905608774339891,0.6595691609977324,0.0266626171204455,0.6255668934240363,0.7009637188208616,0.6471655328798186,0.6459750566893423,0.6781746031746031,0.581287422882659,0.1303039373443359,0.4436627924442291,0.6286383058343615,0.7255751682179314,0.4103442818990775,0.6982165660176959,0.8565448114142429,0.03226382701517,0.874371121717181,0.8261835110340545,0.8314029008302407,0.9115999476713762,0.8391665758183616,0.6567063492063492,0.0906010368523069,0.6536564625850338,0.6456916099773242,0.713095238095238,0.7712585034013605,0.4998299319727891,0.8777313066941467,0.0281089410385913,0.8425034935872375,0.8788584598056649,0.8529908013898162,0.8936415308829103,0.9206622478051052,0.8454682237688915,0.0225172328123544,0.8211618398459269,0.839882096471096,0.8449779440761811,0.8875977556126174,0.8337214828386367,0.5686098028955172,0.0740347819376893,0.5004251700680272,0.625645386359672,0.4743480725623583,0.5710034013605443,0.6716269841269841,18.6,9.221713506718803,29,4,28,17,15
300,0.1208040569376732,0.0739024574483806,0.0570563392358876,0.1565061731352692,0.247297415066333,0.0478852062840901,0.0952751509667862,0.9894158463659471,0.0128419458599532,0.9994222047793476,0.9799957929925088,0.9686388102735513,0.9998236331569664,0.999198790627362,0.9691872809729952,0.0282388721114995,0.996031746031746,0.956122448979592,0.9207766439909296,0.9952380952380953,0.9777674706246134,0.9574772121427764,0.0398719872153952,0.989701819114394,0.9424848092067288,0.8859598115355951,0.9916019128781988,0.977637707978966,0.9618094520866012,0.0346352751522021,0.9907832908791014,0.9523610631975618,0.8987962762611255,0.99229987313708,0.9748067569581368,0.8273661787947504,0.1248659820911991,0.9374433106575966,0.7267762660619803,0.6334673263244694,0.9432539682539682,0.8958900226757371,0.6512034920709474,0.179717376810916,0.6731829962560109,0.570878592985017,0.6889131303344455,0.938036790915898,0.3850059498633657,0.865554854958488,0.0352185614422467,0.8521737455666026,0.8417884215652072,0.8420858770858773,0.8566849090063375,0.9350413215684152,0.5549489795918368,0.0905491496533158,0.4824829931972789,0.6619897959183673,0.5409863945578232,0.4353741496598639,0.6539115646258503,0.9243770487859158,0.0318230207869204,0.9338532763532764,0.8728229838944123,0.9065787255072968,0.9644774405488692,0.944152817625724,0.8517859593524284,0.0249829186969227,0.8387178319964506,0.8379321923793993,0.8350787152955302,0.8459677087559959,0.9012333483347658,0.6760003092145949,0.0725318216023564,0.6722789115646258,0.5928571428571427,0.6272804576376004,0.8062925170068027,0.6812925170068027,0.5688147272382464,0.1196000868619449,0.4717922593866075,0.5413066127470562,0.5704719051718712,0.4662405071513993,0.7942623517342976,0.8736100631122049,0.0351382103251191,0.902603573333253,0.8424213652261013,0.86164920875512,0.9260579629729876,0.8353182052735625,0.6228061224489796,0.0961988769917391,0.6412414965986394,0.7122448979591837,0.7214285714285714,0.5782312925170068,0.4608843537414965,0.899532763279176,0.0457739266224188,0.9139532871798884,0.824743548377089,0.871627811159831,0.9438686190656634,0.9434705506134078,0.8529501561617231,0.0264632027563431,0.8674457119399216,0.8129272848850838,0.85658814843382,0.8906973168621614,0.8370923186876291,0.6217748124890983,0.0900256009175514,0.6623299319727892,0.5242935635792778,0.5098356009070295,0.6702380952380952,0.7421768707482993,15.0,8.94427190999916,21,7,5,29,13
325,0.1432140060833522,0.0521063518022898,0.1783688107416743,0.2220470873372895,0.0789506054882492,0.1378299258649349,0.0988736009846131,0.9846133925654876,0.0034058259985311,0.987824640731352,0.9784483301631908,0.9871215948802156,0.9835540556695606,0.9861183413831196,0.9524603174603172,0.0291201113791851,0.9742535903250188,0.8959089191232048,0.9682539682539684,0.9536470143613,0.9702380952380952,0.947963479673004,0.0265646764162994,0.9234052067490072,0.9117417219639268,0.9812795818789252,0.9537522292839276,0.9696386584892333,0.9545355152646684,0.0244920468433641,0.93646069811741,0.9177692882801796,0.9841866308513127,0.959244021976321,0.9750169370981184,0.7657026042740329,0.0906613329591827,0.6954648526077097,0.6303949357520788,0.8689625850340137,0.7855236033807461,0.848167044595616,0.5994880672012057,0.1304418873529867,0.7870624874319349,0.5594477759940284,0.6773503507886615,0.5785060950687954,0.3950736267226083,0.8691481471456841,0.0355832557847345,0.8570361467236467,0.8532148489737775,0.8448633823187395,0.8507525328507471,0.9398738248615096,0.6229251700680272,0.0800163760484656,0.4897108843537415,0.6058673469387755,0.6084183673469388,0.7150510204081632,0.695578231292517,0.912611761710284,0.0331757826658224,0.9415951508808652,0.903329117971975,0.9002940577940579,0.862026862026862,0.9558136198776592,0.858604260553766,0.0301691207408128,0.8461094670090238,0.8441878919167296,0.8438140761747838,0.8400932965809186,0.9188165710873748,0.6619021851164708,0.0579909184034502,0.7059523809523809,0.6299886621315193,0.6484693877551021,0.5798623995052566,0.7452380952380953,0.5777377467070306,0.1617917313762295,0.5488649521555219,0.553221447127206,0.6605635583400726,0.3158810064196586,0.8101577694926944,0.8688382157136708,0.0395190535490609,0.8814578208235843,0.8269376747016498,0.8479851224309353,0.9397435671881484,0.8480668934240362,0.6736848072562358,0.1207180487055774,0.6208333333333333,0.6818594104308389,0.7071428571428572,0.8647959183673469,0.4937925170068027,0.8921737296242543,0.0291916094216139,0.8886448841251797,0.8712730822202872,0.8850405797450133,0.8675664483299952,0.9483436537007964,0.855509081060257,0.0160904582988391,0.8408093287130703,0.8390960147134839,0.8666236179360708,0.8810893677480974,0.8499270761905627,0.6041365777080063,0.0859463691932812,0.5613095238095239,0.6019274376417234,0.528968253968254,0.558834815977673,0.7696428571428572,9.0,2.756809750418044,7,5,12,9,12
350,0.0741121783276044,0.0268143276083928,0.0969945725408338,0.0494753254821435,0.0384252699690737,0.0771807224622794,0.1084850011836914,0.9967408229997516,0.0043780023543608,0.9990770781246974,0.988095238095238,0.9998639455782312,0.9989665575826292,0.9977012956179624,0.9836281179138322,0.0097567875531943,0.9931972789115646,0.9761904761904762,0.9886621315192744,0.9918367346938776,0.9682539682539684,0.9796336014612428,0.0128670527296627,0.969737470459966,0.993306719960674,0.9972993596265484,0.969598875954091,0.9682255813049344,0.9804428642753744,0.0110188078558275,0.974359047033362,0.9944238559506045,0.9924021269283924,0.9746635409031128,0.9663657505614008,0.8944042465471037,0.0532809302783354,0.8496495567924139,0.9293650793650792,0.9811688311688312,0.8713899196042053,0.8404478458049887,0.741575334753309,0.2054064860509445,0.6683673837355205,0.7461548085723605,1.0820251165756158,0.7680366044597966,0.4432927604232515,0.847528720845839,0.0422939094578162,0.8313062532705391,0.8337667705971276,0.8098713769695912,0.8324336807372523,0.9302655226546852,0.5755272108843538,0.0398860976040717,0.5035714285714286,0.5667517006802721,0.5986394557823129,0.6202380952380953,0.5884353741496599,0.9296643078687412,0.0158457573538148,0.9378479853479852,0.9218413861271004,0.919292255363684,0.9126520437234722,0.956687868781465,0.8601708040498657,0.0193824507769676,0.8471497645655318,0.8504748323178337,0.8536420271236034,0.8508713794278316,0.8987160168145286,0.6745975056689343,0.0414040515394037,0.7340136054421768,0.6841836734693878,0.6937925170068028,0.6490929705215418,0.6119047619047618,0.6740010463765689,0.221799620727624,0.4827894483293806,0.8153638360755784,0.8465191530329841,0.3368551667247499,0.8884776277201516,0.8685813219793461,0.0426754521391275,0.8871216669323196,0.8128103570572515,0.861406236529389,0.9388175535466176,0.842750795831153,0.611281179138322,0.1232223245928605,0.6494047619047619,0.5895691609977325,0.6678571428571427,0.7593537414965986,0.3902210884353742,0.9093950379915254,0.0248617474032842,0.9070280048358866,0.8919361389703006,0.8873118625581681,0.903757646294592,0.95694153729868,0.8562712241713216,0.0218768908312901,0.8630831481811236,0.8345623475044164,0.8628394479303232,0.8904146538283584,0.8304565234123861,0.6377135562849848,0.0802454421468782,0.6718073593073594,0.632605093319379,0.5133219954648526,0.6113095238095237,0.7595238095238095,18.0,8.602325267042627,12,16,35,14,13
375,0.1639110910573176,0.0803480346185925,0.0399310331614244,0.2567174948219742,0.2470163873263768,0.1424180769494601,0.1334724630273523,0.9807502731752686,0.0153148351824325,0.9877465986394556,0.962893677928874,0.9617794044010176,0.9954760482309656,0.99585563667603,0.936847728990586,0.0416661891359959,0.9702380952380952,0.8747826908541195,0.8987244897959182,0.974055177626606,0.9664381914381914,0.9379743269690888,0.034805013732067,0.9946968415030812,0.9044426558850052,0.8993283791559653,0.9385538418017744,0.9528499164996178,0.9436647690135702,0.03239851836322,0.9949304201462636,0.907614035430908,0.9104334562733628,0.9474824854897907,0.9578634477275252,0.7476305572734147,0.1199294440494994,0.9499716553287982,0.6147108843537418,0.6387875352161068,0.7488756613756615,0.7858070500927645,0.627941844505923,0.1571164750234935,0.8459945746830532,0.7047859579324722,0.6559334461178098,0.5588662283761161,0.3741290154201643,0.8677083258148528,0.0343347940594229,0.8560334358102215,0.8460640516890516,0.8476761730333158,0.8527598079830222,0.9360081605586532,0.5772619047619049,0.0777077572335486,0.5262755102040816,0.5171768707482993,0.5005102040816326,0.6561224489795918,0.6862244897959184,0.932268829783608,0.0210411887836051,0.9511926565497992,0.9350071225071226,0.9242768474911331,0.8963585092156521,0.9545090131543332,0.8628032997058535,0.0284153502193146,0.8605031291375725,0.8497387856731144,0.8345380582033941,0.8521338108937645,0.917102714621422,0.7088662131519274,0.0442322872575959,0.7668367346938776,0.7222222222222222,0.7114512471655329,0.6300453514739228,0.7137755102040816,0.5720632097550802,0.1020700839073284,0.6638748411621366,0.6319961228540966,0.5845421808106559,0.3749954296009881,0.6049074743475232,0.8700045469322883,0.0246559917950323,0.886553795479288,0.8436520210724404,0.857678210541511,0.9100042629784008,0.8521344445898017,0.6112131519274377,0.1004451607117831,0.6061224489795919,0.5950113378684808,0.6571428571428571,0.7534013605442178,0.4443877551020407,0.9090611989368684,0.0221346720617746,0.90558535881196,0.9044970563138266,0.8994426299845019,0.8849634601851352,0.950817489388918,0.8570007557574076,0.0142544473330004,0.8564167784763319,0.8454875592266264,0.865306342049912,0.8789823752208549,0.8388107238133132,0.6313770356627499,0.074239324204441,0.6653988868274584,0.6706246134817563,0.5723922902494331,0.5210884353741497,0.7273809523809524,12.6,11.001818031580052,34,4,5,9,11
400,0.0840809454165753,0.0163566826610579,0.0606090458376067,0.0841080687407936,0.1117249517036335,0.0793577181175351,0.0846049426833079,0.9918535784459572,0.0059242647280198,0.9873961208879688,0.9876984126984129,0.986024332810047,0.9988667406582156,0.9992822851751424,0.9777758881330312,0.0124981257832473,0.9727891156462586,0.972222222222222,0.9600340136054422,0.989616402116402,0.9942176870748298,0.9777950524502788,0.0086336960768729,0.9825131780133428,0.9800251989821088,0.9607753894556688,0.9812363998234542,0.98442509597682,0.981235742973624,0.0068280388264396,0.9856636042397968,0.9841417359470996,0.967782817691341,0.982658649847481,0.9859319071424018,0.8803590325018897,0.0315183949089815,0.8911092214663644,0.8776266061980346,0.8227135298563871,0.8931405895691611,0.9172052154195012,0.6840248446379389,0.0462882082793366,0.6129457056522369,0.7373340236289161,0.6733955826078143,0.7321555582540376,0.6642933530466897,0.8591499568439221,0.0250086816732671,0.8653350303796732,0.840107110151753,0.8420459583406011,0.8426277872260013,0.9056338981215828,0.571700680272109,0.0281525210370631,0.5931122448979591,0.5517857142857142,0.5990646258503401,0.5261054421768707,0.58843537414966,0.9463781424742016,0.0218912851311893,0.9379597651026222,0.9434160416303274,0.912777341705913,0.9594925577068434,0.9782450062253016,0.8727925680720625,0.0243943205016543,0.8667044568441543,0.8639965401889158,0.8485039584944819,0.8649582341494602,0.9197996506833002,0.7515136054421768,0.0543429181231567,0.7210034013605442,0.746031746031746,0.6747165532879819,0.7801020408163265,0.8357142857142856,0.6570641051445689,0.2088761637125651,0.5399432331323624,0.7565606023584094,0.5905674227646419,0.3936991744807788,1.0045500929866518,0.8687043809513824,0.0405908352286237,0.8799553997475797,0.8249975788388053,0.8620608706199839,0.9401803984193146,0.8363276571312285,0.5915986394557823,0.1207727219720163,0.6072278911564626,0.5561224489795918,0.7452380952380953,0.6641156462585035,0.3852891156462585,0.9210570664749288,0.0321495875279588,0.9132142406034032,0.9061562781593836,0.8725915299806923,0.9563817463324852,0.95694153729868,0.8611175889581837,0.0304343782973268,0.8626682611655484,0.8372209562375736,0.8625287974021282,0.9153838225160148,0.8277861074696533,0.6540806812235382,0.0696878137111945,0.6348639455782313,0.6341119198262054,0.5442846835703978,0.7151360544217688,0.7420068027210884,15.2,2.7856776554368237,18,15,10,16,17
425,0.1611704809147687,0.0834764707059057,0.0752488992043903,0.0790175942792778,0.2501885791619618,0.2701997960962,0.1311975358320134,0.9767741641091484,0.0177464616050081,0.9986263736263736,0.975765306122449,0.9558683922436418,0.9586519393836715,0.9949588091696058,0.9446201814058957,0.0447667463557519,1.0,0.9484126984126984,0.8953514739229026,0.8924319727891158,0.986904761904762,0.9349545434476788,0.045173722773122,0.9767246976401326,0.9792290586552068,0.8772114722480614,0.8836312063262646,0.957976282368729,0.9436453737439374,0.0406903309167465,0.9812585946006604,0.9831758317083156,0.8960035657650128,0.8928654111268043,0.9649234655188936,0.7506600013742872,0.1218497351641461,0.8808578987150416,0.8412037037037039,0.5986162646876934,0.6076599326599327,0.8249622071050643,0.6277821624917644,0.085268911211478,0.6211712339094707,0.767459048224347,0.6290448669876371,0.6229753100446292,0.4982603532927377,0.8582128025687139,0.030244918048982,0.8695598036223036,0.8315065919530206,0.8369614875864875,0.8403931732949591,0.9126429563867988,0.5740136054421768,0.0470311929104074,0.5816326530612245,0.5238945578231292,0.5618197278911564,0.5428571428571428,0.6598639455782312,0.937489632516726,0.0130611916558824,0.9348289144717716,0.945596400953544,0.9268051921623348,0.9220492470492472,0.9581684079467332,0.8663066696992171,0.0227196858985884,0.8623759484695759,0.85906461603678,0.8503117796211029,0.849164737690647,0.9106162666779803,0.712915378272521,0.0132290484312768,0.7221088435374149,0.719047619047619,0.7277004741290456,0.7042233560090703,0.6914965986394556,0.6171788622226033,0.1778784096186949,0.487255471093314,0.7413190049784524,0.5765592945473534,0.3922006775225912,0.8885598629713058,0.8683000718419036,0.0317899799356017,0.8839616358258598,0.8397528337920418,0.8415802542649834,0.9234195176744436,0.8527861176521891,0.6236678004535147,0.1101723788652302,0.6948979591836736,0.6226757369614512,0.6392857142857142,0.7414965986394558,0.4199829931972789,0.9067888620783244,0.0292209095495505,0.8701222254301072,0.910687294646922,0.8783055249804018,0.926867319872246,0.9479619454619452,0.8579513491871961,0.0246923197326498,0.8467032505681876,0.8542116843156924,0.8499596020462846,0.9053587288411684,0.8335234801646471,0.6146887239744382,0.0768105650879232,0.573711605854463,0.6754122861265719,0.4892857142857143,0.6299319727891156,0.7051020408163264,9.6,3.97994974842648,15,12,5,5,11
450,0.0808262221149302,0.0263608576205437,0.0581221235860582,0.0441478355565951,0.1086229353788353,0.0835384699915136,0.1096997460616486,0.9892189916157182,0.0051919159190917,0.98797123015873,0.988095238095238,0.9858711878471196,0.9993035084404132,0.9848537935370903,0.9744860166288738,0.0078946105528072,0.9761904761904762,0.9761904761904762,0.9671674225245654,0.9875,0.965381708238851,0.9765616976272566,0.0114439267188465,0.9869148604011084,0.9921009532339582,0.960725765416902,0.973085492473834,0.9699814166104808,0.9804051659989372,0.0096925606284981,0.98979226944403,0.9936079906095268,0.9680183453609508,0.9762552800085011,0.9743519445716772,0.8774051741908886,0.0409104787177118,0.915333608190751,0.9341450216450216,0.8260865457294031,0.8640117157974301,0.8474489795918368,0.6005219513816493,0.1007279995267878,0.5824999766690391,0.7269894975636687,0.5096828575645175,0.7057473989469665,0.4776900261640548,0.8774562181341737,0.0225754450768581,0.873925646113146,0.8720721408221408,0.8702070977963835,0.85145279158672,0.9196234143524784,0.5887244897959184,0.039956381824645,0.5681122448979592,0.5679421768707483,0.6422619047619048,0.5369047619047619,0.6284013605442178,0.9334161879900796,0.0316673415143546,0.9373137973137974,0.9350688993546136,0.8758539740682597,0.946573928716786,0.9722703404969416,0.869066123623918,0.0282196961713737,0.8649525374446594,0.8644331493849391,0.8353093025302697,0.8594910522392388,0.9211445765204828,0.7166465677179963,0.0684249238069382,0.7234693877551021,0.7231292517006803,0.5937770562770562,0.7380952380952381,0.8047619047619048,0.6512604030115263,0.1794191315563073,0.5475290396383831,0.9521267861127852,0.5984813613551003,0.4266514522688729,0.7315133756824902,0.8583169861380935,0.0325538149613001,0.8601809785953874,0.8351390228991161,0.837323102686403,0.9208372128692324,0.8381046136403281,0.5773979591836735,0.0920110213173976,0.5657312925170068,0.5387755102040817,0.719047619047619,0.6224489795918368,0.440986394557823,0.9078983280825216,0.0452119583476043,0.8920920121659037,0.9023474098939938,0.8344366953972866,0.9504070806041248,0.9602084423512994,0.8523735131332266,0.027644073049429,0.8456633679425986,0.8302116919019741,0.8308715555635103,0.9054325150306906,0.8496884352273597,0.6303500467786182,0.1120817644534364,0.5977891156462586,0.6027210884353742,0.4560019345733631,0.7083333333333333,0.7869047619047619,16.0,4.381780460041329,23,19,11,14,13
475,0.0746194693636858,0.0259599434897286,0.0651477839176853,0.0367155746845085,0.1143249777101335,0.0893456227190437,0.0675633877870582,0.994425965397948,0.0056083722743913,0.9878351757369612,1.0,0.9975403717337216,0.987424777603349,0.9993295019157088,0.984438775510204,0.0130300425768158,0.9688208616780044,1.0,0.9771825396825397,0.9761904761904762,1.0,0.9779938618277536,0.0110902650978477,0.9799056726056302,0.9948824711139984,0.965124717176606,0.9665758618016418,0.983480586440892,0.9808411615660294,0.0108390473502144,0.9825292981392232,0.9958081551311448,0.964017057746259,0.9747007271043632,0.9871505697091572,0.8885071806500378,0.0541190783642485,0.8657879818594105,0.9694444444444444,0.8291666666666667,0.8440381708238853,0.9340986394557822,0.6294811872499328,0.1151634112304641,0.7312016912869045,0.6471151049648013,0.7390388186488833,0.6084376914160592,0.4216126299330166,0.872191525091042,0.0272825857024549,0.8659450949183091,0.8509123053742413,0.8516283124248349,0.8675065353401819,0.9249653773976434,0.5711904761904762,0.0604247512387574,0.5165816326530612,0.5565476190476191,0.5680272108843538,0.5285714285714286,0.6862244897959184,0.93764867328103,0.0136206277899448,0.9484708413279842,0.9341148965209116,0.9124384909159348,0.9456472760044188,0.9475718616359008,0.8691234459946026,0.0216767508034444,0.8601070570075962,0.8620157862956733,0.8501405957652557,0.861767080602886,0.911586710301602,0.7063321995464853,0.0329740595624523,0.7559523809523808,0.7047619047619048,0.6588718820861678,0.725,0.6870748299319728,0.7136148957269532,0.1966423016845624,0.6480028182268143,1.0637792583022798,0.7453465131776673,0.4677338440503393,0.6432120448776654,0.8500980500287095,0.0424256931598409,0.861139462047713,0.7792586359608874,0.8388732253880038,0.9102208854364026,0.8609980413105411,0.5950170068027211,0.0513724982709768,0.5393707482993196,0.5960034013605443,0.6333333333333334,0.6683673469387755,0.5380102040816326,0.9165606750126992,0.0302676621403619,0.919862662424239,0.8948931417099121,0.8713516323122235,0.9525640123423376,0.9441319262747836,0.8622319051128648,0.0259768402343038,0.8548669092812212,0.8375592231307445,0.8464147377929816,0.9118086050534654,0.8605100503059121,0.6515249433106576,0.0728756884803367,0.6119047619047618,0.6448979591836733,0.5402777777777777,0.7392857142857144,0.7212585034013606,19.2,6.144916598294887,18,26,10,16,26
500,0.1382717640144706,0.0882778070692095,0.1278358605645951,0.0320663630679648,0.1279236802033015,0.3002705840127809,0.1032623322237105,0.9830478349454064,0.0179230102892468,0.9957261335055112,1.0,0.9851769301025254,0.949151556151364,0.985184554967632,0.960640589569161,0.0449990187452039,0.9889455782312924,1.0,0.9684523809523808,0.8735827664399094,0.9722222222222224,0.9460373546972712,0.0459568941415058,0.953095051645828,0.9958636328094456,0.9534303284139076,0.8595514222884582,0.9682463383287164,0.9544441688072632,0.0407530567514513,0.9618206842750948,0.9965102440475194,0.962317670462996,0.8769213538439641,0.9746508914067414,0.7808596165739023,0.1353939928640674,0.764200680272109,0.9706349206349206,0.7827380952380955,0.5518518518518519,0.8348725348725345,0.625071103657995,0.1164665744925052,0.5048516477857318,0.8475163259676525,0.6066124950136457,0.5787982323340007,0.5875768171889442,0.8621440109328201,0.0235467963787115,0.878229718450583,0.8189300622970735,0.8597211406492421,0.8668309997750786,0.8870081334921236,0.5802380952380953,0.0549993426521199,0.689030612244898,0.5585884353741497,0.5595238095238096,0.5566326530612246,0.5374149659863946,0.9317369004064624,0.0236444529815882,0.8974339618888492,0.9227870576930728,0.925407122813138,0.94492584483186,0.9681305148053916,0.8705937691697697,0.0198484506167698,0.8653835080818572,0.8560367684611174,0.8559072511965835,0.8663552614481731,0.9092860566611172,0.6909693877551021,0.038829210206537,0.6552154195011337,0.656547619047619,0.6859410430839004,0.7619047619047619,0.6952380952380952,0.6762572995253973,0.2085197986537018,0.5147780925035477,1.0244707060711724,0.6495716316359383,0.4280745812824794,0.7643914861338479,0.8569368559024804,0.0356790048197739,0.864253025812447,0.8146437837237527,0.8298726770401649,0.9185000631552358,0.8574147297808014,0.5628004535147393,0.0898457199589005,0.6490646258503402,0.5356009070294785,0.5916666666666668,0.6360544217687075,0.4016156462585034,0.9094812023051476,0.0411839594666785,0.8512633052041918,0.9098989692157397,0.8781841265831415,0.9455908623396309,0.962468748183034,0.8484873029412832,0.0279878588686329,0.8259871518087082,0.8348707079884276,0.8426142586981015,0.9034591672652346,0.8355052289459444,0.6077246959389816,0.1060812816995857,0.4962481962481962,0.6482709750566894,0.4776927437641723,0.6577380952380951,0.7586734693877552,14.6,9.2,12,32,10,5,14
525,0.1279327131541712,0.0677810590438687,0.0665503542072006,0.0962937223237185,0.0840497156161637,0.1376251111782732,0.2551446624454997,0.985822767962631,0.0092103551916754,0.9878826530612246,0.9997874149659864,0.987078373015873,0.9832663088044326,0.9710990899656388,0.9598733938019652,0.0267322867026253,0.9727891156462584,0.9940476190476192,0.9693877551020408,0.9480914588057444,0.9150510204081632,0.9593530496544806,0.0344870757121736,0.9863038585941016,0.9751312509481638,0.980917170156934,0.962132689307869,0.892280279265335,0.9638899450918236,0.0313422603510125,0.9880070727431012,0.9791961657416192,0.9833897523893392,0.9658891251134802,0.9029676094715784,0.8130883666597952,0.0955121466042972,0.8893896447467876,0.8674792139077854,0.8778344671201816,0.7976568405139834,0.6330816670102384,0.5950466681803975,0.080276653322942,0.5716587698885373,0.6270491970436913,0.7293764863695417,0.5581395413194384,0.4890093462807791,0.8734514758856216,0.0151132129671665,0.8768851147634044,0.8651747022470707,0.8572788101970431,0.8669393272941204,0.9009794249264694,0.6017517006802721,0.0477200277712432,0.6857993197278912,0.5642006802721089,0.5482142857142858,0.6085034013605443,0.6020408163265306,0.9293962071403088,0.0136454677840712,0.9167401945033524,0.9297669922669922,0.9248956105159112,0.920331391665978,0.9552468467493098,0.8712352593134867,0.0182023229421161,0.8756290311584046,0.8577440229567126,0.8549720383595493,0.8630681852574638,0.904763018835303,0.6987105751391465,0.0186495855045164,0.6859126984126984,0.7306122448979592,0.677056277056277,0.7065192743764172,0.693452380952381,0.6023002635155404,0.1539939009303102,0.4686866743224008,0.7532182335853577,0.8147000138248716,0.430676132440567,0.5442202634045056,0.8606729430188416,0.0373652381473682,0.8955864314485005,0.8204736526126278,0.8149705851984178,0.9056255526083112,0.8667084932263504,0.5915136054421769,0.053095946253345,0.635969387755102,0.5857142857142856,0.5535714285714286,0.6641156462585034,0.5181972789115646,0.90683732467974,0.0254964782214841,0.8883973907865534,0.880100442460691,0.8913513415976472,0.9295642288745736,0.9447732196792348,0.8543713136360027,0.0233803939449185,0.8518103375042999,0.8251268467756784,0.845040904995267,0.8965988908141526,0.8532795880906155,0.6136260564831992,0.08291246303062,0.5745928674500104,0.6043367346938775,0.5073979591836735,0.6218537414965987,0.7599489795918367,13.6,6.2801273872430325,24,10,17,11,6
550,0.1062170715026912,0.0337395713947725,0.0560039476092372,0.1193637902892771,0.1279741417439211,0.1485635347309566,0.0791799431400639,0.9890751718709436,0.0054364087428631,0.988095238095238,0.9863102432863312,0.9844628013080392,0.9868128269703595,0.9996947496947496,0.971628873771731,0.0108988009198802,0.9761904761904762,0.969812925170068,0.9544690098261528,0.9695767195767194,0.988095238095238,0.9669366863573436,0.0130817892806531,0.9879297469397638,0.9570185640029232,0.9596182084734236,0.9537453510729372,0.9763715612976696,0.9701817994686764,0.012280755639478,0.9904746095374074,0.9664649835234356,0.9638271653138384,0.9542117350846652,0.9759305038840356,0.8284594241737098,0.0557049245240077,0.9008975812547242,0.7665799147942003,0.8019076822648252,0.7835128495842782,0.8893990929705214,0.670138416971479,0.0664061403721248,0.7631424452577319,0.5642600314957755,0.7115742521626609,0.6501969290631158,0.6615184268781117,0.8584282752334185,0.0140080206789837,0.8618812876590134,0.8616357725051333,0.839275655943889,0.8486421334165694,0.8807065266424872,0.5533673469387754,0.026875301000696,0.5422619047619047,0.5899659863945578,0.5758503401360544,0.5136904761904761,0.5450680272108843,0.9328591123824468,0.0197633700805263,0.9427818248306972,0.9088990409479132,0.9117326359243652,0.9400527417444712,0.9608293184647864,0.8649977974902694,0.0170756458419415,0.8646060058809518,0.8529233462121769,0.8547261557982635,0.8545960001319713,0.8981374794279837,0.6998469387755103,0.0357914131837287,0.7379251700680272,0.6634199134199134,0.6533317872603587,0.7374149659863944,0.7071428571428572,0.6703631245664188,0.1412481354262824,0.6091553973300117,0.6643922903708049,0.7345068880489894,0.4575745335647038,0.8861865135175842,0.851037092505759,0.0400530038295234,0.8683349316369637,0.8034864395869832,0.8279493745626751,0.9195719428354896,0.8358427739066835,0.524438775510204,0.0502383255260267,0.5244897959183673,0.5785714285714285,0.5738095238095238,0.5034013605442176,0.4419217687074829,0.9100061553612072,0.0307715582346611,0.9097988054638302,0.8690529662424072,0.8829969063959212,0.9426457532615168,0.9455363454423604,0.8441263200542922,0.0221897395808444,0.8383838347875681,0.8167203395319396,0.847206740682045,0.8838213051743884,0.8344993800955196,0.6001757369614512,0.0713032464245061,0.586734693877551,0.5757653061224489,0.5069160997732426,0.6051020408163266,0.7263605442176871,16.4,10.091580649234292,36,9,10,11,16
575,0.1452488217946319,0.053848541616599,0.0879391893921863,0.128531564027071,0.1370280885270663,0.1251984957516903,0.2475467712751456,0.9831155772099942,0.0120393292928096,0.9875661375661376,0.9861010923182516,0.9841550972441776,0.9970300244971836,0.9607255344242208,0.96115182436611,0.0331552507223052,0.9761904761904762,0.9690476190476188,0.968253968253968,0.9946428571428572,0.8976242011956297,0.942858580060791,0.029859885910142,0.9729640844292042,0.9570997814779264,0.9434384363637766,0.9545960044030652,0.886194593629983,0.9522991815337878,0.0277517911312454,0.9784034660702432,0.9652307286145784,0.9560051846350868,0.9631383891149584,0.8987181392340725,0.7508893355321927,0.0785307847978361,0.8244331065759637,0.767403628117914,0.7529177832749262,0.8070956160241876,0.6025965436679721,0.5743227417979921,0.0731970886139557,0.5733559089047569,0.5238688588142395,0.708798212664468,0.569604611822537,0.4959861167839595,0.8651513384834132,0.0160300302539018,0.8575035679476468,0.8683788129511812,0.848862823075699,0.8563203175444717,0.8946911708980674,0.5519047619047619,0.0332680883051171,0.5256802721088435,0.6079931972789117,0.5113945578231293,0.5583333333333333,0.5561224489795917,0.9269537058932964,0.0186135555604756,0.93918423194739,0.8983806968581404,0.9229832900321624,0.9206139662342672,0.9536063443945216,0.8592813941097017,0.017574707402009,0.8571702127446995,0.8511016243248634,0.8428072462544506,0.852128569608964,0.8931993176155304,0.6719104308390023,0.0419769939005535,0.7105442176870749,0.6609693877551021,0.5971088435374149,0.7111678004535147,0.6797619047619047,0.6173163309693337,0.1263626390134437,0.5373762207371848,0.6799556996141162,0.7881140049014773,0.4210459600601877,0.6600897695337024,0.8458045597728112,0.0368472708472936,0.8513786405735297,0.7961606933151966,0.8183102064875464,0.9036815442357314,0.8594917142520524,0.5668877551020408,0.0547546050824174,0.619812925170068,0.5619047619047619,0.5428571428571429,0.6301020408163265,0.4797619047619048,0.8996516149007554,0.0338528970326974,0.8797335400414218,0.8461227086692925,0.923686721962584,0.906060466626969,0.9426546372035094,0.8428154832570071,0.0257040710208744,0.8371947247245287,0.799461609511689,0.8616961237677566,0.8749364693550596,0.8407884889260017,0.5626133786848072,0.0629655240260254,0.5297619047619048,0.4894274376417233,0.6119047619047621,0.5226190476190476,0.6593537414965986,10.8,3.54400902933387,17,8,10,12,7
600,0.11344071531757,0.0524364122104578,0.2099933814079988,0.108493895314279,0.0565751267685776,0.0792798098797599,0.1128613632172346,0.990796607944574,0.0108952277288982,0.9716116247068628,0.9857121513012318,0.9998236331569664,0.9994082365232728,0.9974273940345368,0.9771919879062736,0.0245038206193354,0.9331821617535904,0.9674603174603176,0.9952380952380953,0.9970238095238096,0.9930555555555556,0.9627964050381044,0.0311269637837483,0.9026947368351838,0.969809477448256,0.9904288227560116,0.9824341487898992,0.9686148393611712,0.9688828333314972,0.0257825984247602,0.9191091167830032,0.974535251285904,0.991498563763872,0.9856198979001088,0.9736513369245978,0.8433415790558648,0.1033159825148246,0.6580739366453652,0.824537037037037,0.946343537414966,0.9324529306672166,0.8553004535147392,0.6835094864879336,0.1307851426674082,0.5243849903345108,0.5471237110240119,0.7947522401809692,0.6973812707832882,0.8539052201168877,0.8546901497631177,0.0059070076421982,0.8527362371511806,0.84670547228113,0.8517342176411725,0.8583970677227258,0.8638777540193797,0.5280782312925171,0.1078910733586935,0.6181972789115646,0.5395408163265306,0.5609693877551021,0.6019557823129251,0.3197278911564626,0.9232413096654736,0.0322085261666882,0.8911453695288284,0.9142990642050792,0.932021751570624,0.8976601378293108,0.9810802251935256,0.8545580139192024,0.012750928776812,0.8433853863692262,0.8450280955453521,0.8626988638206597,0.8458036959489841,0.87587402791179,0.6757596371882086,0.0347690225579211,0.6474489795918368,0.6523809523809524,0.6898526077097505,0.6510204081632652,0.7380952380952381,0.688389990478754,0.1747122747541747,0.4651173821517399,0.6042838266917637,0.8587218693324498,0.5876599055315767,0.92616696868624,0.8434785835498049,0.0332623393612641,0.8872542152360501,0.8076549408148787,0.8019410711528938,0.8556389505404285,0.8649037400047738,0.5319671201814059,0.1420146444171238,0.6514455782312927,0.6000566893424036,0.5333333333333333,0.6164965986394558,0.2585034013605441,0.8990068257679601,0.0400021992117734,0.8518849983258852,0.880867585370691,0.8932823379867714,0.896426406106209,0.9725728010502448,0.8338167511554427,0.0216838883607184,0.8244257851488188,0.8304241586947961,0.8446912744190668,0.8674146270567995,0.8021279104577329,0.5772519613906169,0.0698225828742754,0.4956632653061224,0.6398209283713486,0.5448232323232324,0.5273809523809524,0.6785714285714285,15.6,7.761443164772901,8,11,30,17,12
625,0.1351657883707611,0.0884972188855582,0.0912850592507138,0.1018035264597052,0.0611635938375478,0.1127925853998888,0.3087841769059499,0.9870865958892572,0.0181712075824565,0.9864625958940412,0.998843717858496,1.0,0.99804670638004,0.9520799593137088,0.964001408644266,0.0441708304258311,0.9702380952380952,0.9926303854875284,0.9948593073593072,0.984920634920635,0.8773586202157633,0.9519533697361732,0.0432597368188353,0.977744106755288,0.9660706862629632,0.987980641416602,0.9604158282348332,0.8675555860111795,0.9575259289816962,0.0401144839722703,0.9820947762614964,0.9723928650812168,0.98868199963522,0.9655826224725608,0.8788773814579868,0.8016884834741976,0.1220084098169967,0.8670729402872258,0.8087112622826909,0.9300359032501888,0.8306972789115648,0.5719250326393185,0.67211788552148,0.1042922460725103,0.7681556344032288,0.5998896999018533,0.8079366981983185,0.6584733426570892,0.5261340524469104,0.8573161084089428,0.0158968596285083,0.8568276450818744,0.8467831772272562,0.8500324232819534,0.844884169367252,0.8880531270863783,0.5118537414965987,0.0521622676883584,0.4776360544217688,0.5078231292517007,0.5341836734693878,0.5965986394557822,0.4430272108843536,0.9335183126968192,0.0166446881738415,0.9417371420003,0.9285259087890668,0.9315730336219058,0.90749910490512,0.9582563741677042,0.856052157073275,0.0124360828907291,0.8476766282279511,0.8462439400295614,0.8553106329788146,0.8508980652879174,0.8801315188421306,0.6949489795918367,0.0198274522667501,0.7299886621315193,0.7012471655328797,0.6823696145124717,0.6885204081632653,0.6726190476190476,0.7108060551541191,0.1590977861051709,0.8012825974396297,0.6816808538777488,0.9665088909012932,0.5216144110475268,0.5829435225043978,0.8305169933768036,0.0258837327604965,0.8397609768561124,0.8021623250369369,0.7977916468680017,0.861228978328732,0.8516410397942352,0.4691213151927437,0.0670044612472713,0.4119047619047619,0.4775793650793651,0.4464285714285714,0.5943877551020408,0.4153061224489796,0.9227049979661326,0.0247065820454085,0.946320816567122,0.8920402883291084,0.9275372365273844,0.8961706274021546,0.9514560210048932,0.8372947539765866,0.020358074281832,0.8400978671354051,0.8041314190059977,0.8524585744502147,0.8624881948315571,0.8272977144597586,0.5728932178932178,0.0545314218457258,0.6297619047619047,0.5814728921871778,0.4988095238095238,0.5222789115646258,0.6321428571428571,13.8,6.11228271597445,17,10,23,14,5
650,0.1991851911259194,0.1062637663744839,0.0936108477236259,0.2201861781733376,0.2979236518343289,0.3244343208415167,0.0597709570567877,0.9700643067501156,0.0257458397340368,0.998929212170181,0.9589469557080392,0.9589598583771808,0.9334855074951766,1.0,0.9249941592798738,0.0638806507402139,1.0,0.8851370851370854,0.897269463340892,0.8425642479213907,1.0,0.9203648767014448,0.0525158495479697,0.9785540879912932,0.9123517700826814,0.8620902558198195,0.8656321066892567,0.9831961629241736,0.9297025129866494,0.048063301905424,0.9826468474031615,0.9234551521067734,0.8789871467114226,0.8763576184097572,0.9870658003021326,0.7095606774178203,0.1556056634358676,0.8830782312925171,0.6337335944478801,0.5658192997478713,0.5544210419210419,0.9107512196797912,0.6649270679269519,0.0700757860270681,0.6304943561553955,0.6083939799240657,0.8009514872516904,0.6243188338620322,0.6604766824415752,0.8382604194597164,0.0173210773431404,0.8437287969618797,0.829949089566101,0.81175726824693,0.8413554031599144,0.8645115393637562,0.507312925170068,0.0768220264295077,0.4053571428571428,0.563860544217687,0.4426870748299319,0.5090136054421769,0.6156462585034014,0.932733446917787,0.0129943867529946,0.9499697427329006,0.910964835776866,0.940616001236302,0.9293907846539424,0.9327258701889244,0.8486946507622871,0.0209142174731911,0.8315575724778875,0.8446546205848632,0.8336157661886443,0.8445471013704317,0.8890981931896091,0.6843851386708529,0.0338647275653127,0.6875,0.6693027210884354,0.7001569858712716,0.733673469387755,0.6312925170068028,0.6876005464366504,0.1127938204308373,0.6260740778275898,0.6689996336187635,0.7697180828877858,0.5242240365062442,0.8489869013428688,0.834004526785305,0.0277926243647557,0.8642615116706865,0.7945297857623167,0.8128478174352558,0.864675607643588,0.8337079114146784,0.4853344671201814,0.070306682849373,0.3755952380952381,0.5082199546485261,0.4404761904761905,0.5782312925170068,0.5241496598639455,0.923874862851833,0.0310694210957993,0.9481311664070284,0.8634766987096182,0.934254196815773,0.9454352297948356,0.9280770225319098,0.8422326593166733,0.0313012746114184,0.825966587931292,0.7966400533686544,0.8563931244760311,0.8907546216451406,0.8414089091622488,0.6090105132962276,0.0667790549450702,0.6127551020408163,0.5283858998144711,0.5388605442176871,0.6773809523809523,0.687670068027211,11.4,8.212186067059125,15,6,5,5,26
675,0.1434085356426381,0.0591195370264225,0.0675067524647428,0.1844923263859181,0.1389689096471383,0.2309944973815055,0.0950801923338856,0.9907135998591574,0.011030949756426,0.9994557823129252,0.98932742990739,0.9963901824852154,0.9698286874826728,0.9985659171075838,0.975534769463341,0.0197974821868264,0.996031746031746,0.9560846560846562,0.981859410430839,0.948459939531368,0.9952380952380953,0.947131219508098,0.0295084609405002,0.9858117970638496,0.9327976857977122,0.9457697102812044,0.9010979834810776,0.9701789209166456,0.954991532466736,0.0250331175803751,0.9879765698873988,0.9375023069053944,0.9548230430100818,0.9188506226283608,0.9758051199024445,0.7856900639043497,0.1033010544212166,0.9388038548752836,0.70427059712774,0.7883503401360544,0.6472428365285509,0.8497826908541196,0.7352582014032774,0.1437957879683412,0.6208818192992892,0.6879030370286533,0.6830908230372837,0.6654820793441364,1.0189332483070237,0.8460058212560158,0.0097193003750593,0.8542319148757118,0.8464310912736664,0.8322429547617517,0.8385118387773464,0.8586113065916022,0.4955782312925169,0.0575972729900763,0.5578231292517006,0.5120748299319728,0.5448129251700681,0.4618197278911564,0.401360544217687,0.9323045057382624,0.0217894768426961,0.9120306183652048,0.9310715739287166,0.908252201015359,0.9419496543556694,0.9682184810263628,0.8524522201442384,0.0145356761982454,0.8454950217750051,0.8521468630730032,0.8400121434024698,0.8441502831685364,0.880456789302177,0.694073347287633,0.0351429128109446,0.6561791383219955,0.729591836734694,0.6470107273678701,0.7232993197278912,0.7142857142857143,0.7556476844208581,0.1981472522687366,0.6601821056434086,0.7138990483113697,0.7172080789293561,0.5531727629048484,1.1337764263153076,0.8365006569477818,0.017992094520222,0.8456737191266132,0.8185646103522656,0.8121881459627766,0.8591473366534944,0.8469294726437583,0.4699092970521542,0.0674347538217855,0.5440476190476191,0.4526077097505668,0.5095238095238096,0.4948979591836733,0.348469387755102,0.919788963808719,0.0300403436304137,0.9138108119758368,0.8888710105169733,0.8897211345487209,0.9395907540735126,0.9669511079285515,0.8364232569845335,0.024751301909116,0.845717020685953,0.8015305550993548,0.8379095580597228,0.875556699807695,0.8214024512699414,0.5993424036281179,0.0818787987165124,0.5863945578231292,0.5481292517006803,0.5220521541950113,0.5841836734693876,0.755952380952381,11.4,5.276362383309168,21,7,9,7,13
700,0.1036377464908929,0.0525848971161216,0.0821407449742158,0.1882834159547374,0.0549895513270582,0.1395561783796265,0.0532188418188265,0.9922871516177648,0.0090326587435505,0.9986434142622568,0.979015037005314,1.0,0.9837773068212534,1.0,0.9824773242630386,0.0207297229208322,0.9965986394557824,0.9499433106575964,1.0,0.9658446712018138,1.0,0.970498896149756,0.0248363643337012,0.9829557890391356,0.9285867917947268,0.992024730119968,0.956056694165854,0.9928704756290962,0.9759360429207986,0.0200425536769925,0.985553975410386,0.9424666167809472,0.9935777726082148,0.963788032268866,0.9942938175355788,0.8668628461485604,0.1056333340841555,0.903505291005291,0.6931216931216932,0.9652494331065758,0.8030500584072012,0.9693877551020408,0.7106670245528222,0.0767764337742424,0.7059289770466941,0.5730504329715457,0.7141187542251178,0.7594617009162903,0.8007752576044628,0.8157255362562758,0.0140953150941971,0.8057069528216145,0.8082438477527764,0.8094682543507732,0.8115469534642468,0.8436616728919683,0.4860034013605442,0.0692961496821836,0.3953231292517006,0.5459183673469388,0.5537414965986395,0.408673469387755,0.5263605442176871,0.9175251108276776,0.0218784751012423,0.9268288394980124,0.8978518870436165,0.8855556779616931,0.9395330894391046,0.9378560601959618,0.8354657165161816,0.0212737369579242,0.8151409282520233,0.8355814759212772,0.8277755168760421,0.8229443432830551,0.8758863182485108,0.6316016919588348,0.0339492039255859,0.6470238095238094,0.6045351473922903,0.6049188906331764,0.6916666666666667,0.6098639455782313,0.7702670495424951,0.0779246566428237,0.7979964188167027,0.6590756773948669,0.8543821658406939,0.6986900355134692,0.8411909501467433,0.8103536707291428,0.0238005360698633,0.8133626184411282,0.7936623385672299,0.7742489163363547,0.8343144048070157,0.8361800754939852,0.4484580498866213,0.050356388844315,0.3886904761904762,0.4817460317460317,0.5011904761904763,0.4846938775510204,0.385969387755102,0.913928678951861,0.0303863071689881,0.9488254429387436,0.8631864414628392,0.8973937438223153,0.9337541276457532,0.926483638889654,0.8269011303192026,0.027013902028752,0.8337223402609751,0.7918825730420246,0.8396083076586658,0.8670073124560395,0.8022851181783085,0.5485204081632653,0.0383461579691674,0.588095238095238,0.4997448979591836,0.5042517006802721,0.572278911564626,0.5782312925170068,19.4,9.54148835350125,16,8,33,12,28
725,0.1521121927137885,0.0746582793680015,0.080150289549714,0.0882812409351269,0.1271185890904494,0.1821786665490695,0.2828321774445829,0.9830534883142026,0.0128083861486005,0.988095238095238,1.0,0.9843675005337033,0.9822293009928884,0.9605754019491836,0.9590513983371126,0.0277427825230057,0.969812925170068,0.988095238095238,0.966439909297052,0.964786470143613,0.9061224489795916,0.9501988354613516,0.0410047589485061,0.9786330966569592,0.992408317062695,0.9614759037695956,0.9434007031032884,0.8750761567142198,0.9557508143980789,0.0360712816928911,0.9814184402615066,0.9874291522622762,0.9678450902382532,0.954839700543232,0.8872216886851263,0.7899606610320896,0.1125519717208408,0.8510393046107332,0.943424036281179,0.7947089947089948,0.7577475434618294,0.6028834260977118,0.7483343307461058,0.1051474013578155,0.6607785650662014,0.9038009366818835,0.7297257632017136,0.8282833056790488,0.6190830831016813,0.8197189964511719,0.0217583817244304,0.8112300449307028,0.8043766601332389,0.8177668884130351,0.8032552535184115,0.8619661352604704,0.4490136054421768,0.0521934480845383,0.4732142857142857,0.40578231292517,0.4738095238095238,0.3735544217687075,0.5187074829931972,0.9398936687430336,0.0164041991761882,0.917251706800579,0.9427127801187952,0.927893604585334,0.965146764958795,0.9464634872516644,0.8405470629064922,0.020177886539558,0.8277247033489656,0.8282367316794301,0.8373317508559263,0.8291512041120891,0.88029092453605,0.6557086167800453,0.0797216229971338,0.5426020408163266,0.6608843537414967,0.7063492063492064,0.7702380952380953,0.5984693877551021,0.7632115804723332,0.1038648281636738,0.6222400324685233,0.9198861420154572,0.8363098672458104,0.708007642201015,0.7296142184308597,0.807426339936152,0.0358307289918483,0.8272097929209998,0.7820363158523096,0.749449233716475,0.8396543604179073,0.8387819967730683,0.4271995464852608,0.0494734149874912,0.4440476190476191,0.4550453514739229,0.4071428571428572,0.4872448979591836,0.342517006802721,0.9203196131725232,0.0245836801162032,0.9009721996667808,0.8926136199893965,0.9084365370079656,0.9488182753207384,0.9507574338777348,0.8270563027242428,0.0287353011395444,0.8206946691222293,0.7997048940486263,0.8332435733723215,0.87904811312042,0.8025902639576168,0.5507421150278293,0.0457495285098945,0.5331632653061223,0.5109668109668111,0.5103741496598639,0.6325396825396826,0.5666666666666667,12.6,4.758150901348128,17,19,11,10,6
750,0.1902004853556198,0.1041912150842799,0.2339070758205794,0.2007519820971148,0.0784749622855867,0.3569986823768842,0.080869724197934,0.974649080697436,0.0262444694450341,0.9717669079262836,0.9885467428940335,0.98797123015873,0.925272943772935,0.999687578735198,0.9448386930529789,0.0517211147729395,0.9233714698000414,0.9735544217687074,0.9732142857142856,0.8540532879818594,1.0,0.9295277908404224,0.0495805983116308,0.9118942788118912,0.9263721596501404,0.9811021439133364,0.8476652625560487,0.980605109270696,0.9397501812904384,0.0444262137218637,0.9227869833496654,0.9402474978919532,0.9854238370445596,0.8656996160974254,0.9845929720685884,0.7347656840513983,0.1454405305619643,0.6479059300487873,0.6976190476190477,0.8936688311688311,0.528927884285027,0.9057067271352984,0.7196562064545495,0.1375149167161078,0.7307969118867602,0.5961878938334328,0.976081343633788,0.6085733409438815,0.6866415419748851,0.819925471961397,0.0198060654896441,0.8098223676560143,0.8068506163149022,0.8032688377307738,0.8222709781168428,0.8574145599884516,0.4317346938775509,0.0730245730792355,0.3343537414965986,0.5316326530612245,0.3653061224489795,0.4443877551020408,0.4829931972789115,0.9330495600818388,0.0272643134346507,0.967903366474795,0.8865332057249351,0.9509047037618468,0.9296577830412416,0.9302487414063768,0.8314301093032979,0.0201986858924874,0.8205456838642345,0.8244941975284483,0.8192047035882583,0.8212287554015097,0.8716772061340382,0.615515873015873,0.0549318370621426,0.7059523809523809,0.5533446712018141,0.6407312925170068,0.6108843537414966,0.5666666666666667,0.7678797136460032,0.1556975497669669,0.8820895595209939,0.6152373147862298,0.9375095857041222,0.5481960411582675,0.8563660670604024,0.8010500004606549,0.0241778091961501,0.7716998582515823,0.8009772758297603,0.7846924741013411,0.8432521788556272,0.8046282152649634,0.4077607709750567,0.1232785115498957,0.2920918367346939,0.465079365079365,0.2666666666666666,0.6062925170068028,0.4086734693877551,0.9223706067817168,0.0417500033269163,0.967291582710302,0.8460404473603232,0.94757909942639,0.9150682076544144,0.9358736967571554,0.8240052799007586,0.0314827883852235,0.8189719415987405,0.7767255903530577,0.8337110412705797,0.874405604551776,0.8162122217296396,0.5202253302253302,0.0474355942956447,0.5068027210884354,0.4603953586096443,0.4833333333333333,0.5696428571428571,0.5809523809523809,11.6,6.560487786742691,7,7,21,5,18
775,0.1434316821573746,0.042490910612394,0.1718892983737446,0.1028255398074785,0.096588689745182,0.2092208784250986,0.1366340044353689,0.9932160226775822,0.0049956135645588,0.995442276145563,0.9874208133136706,0.9989342403628118,0.9870801448149604,0.9972026387509048,0.9770461416889988,0.0112277269225631,0.9723639455782314,0.9720418470418468,0.9976190476190476,0.9645021645021644,0.9787037037037036,0.9566500134910342,0.0184221653742479,0.9428890276582216,0.97692112642984,0.9771843589931144,0.9306932076329518,0.9555623467410428,0.962029925586346,0.0166898970759875,0.9463763953805258,0.9800428494841552,0.9815104534388464,0.94097875474729,0.961241174880912,0.7946155431869718,0.0518222871203471,0.7431122448979592,0.8231859410430838,0.8650132275132274,0.7268570054284338,0.8149092970521543,0.783627217582294,0.1013893876571749,0.6130627478872027,0.8814317924635751,0.854804305093629,0.72247656754085,0.8463606749262128,0.8102576258561968,0.0145138994921384,0.8156494563637421,0.8167764477585907,0.7880615716259513,0.8006331342703523,0.8301675192623469,0.4107993197278911,0.068909058888975,0.5357142857142857,0.3249149659863945,0.4106292517006802,0.39328231292517,0.3894557823129251,0.9416853754950724,0.0311931279757526,0.8914026519289678,0.975049421477993,0.920034449677307,0.9586276818419676,0.9633126725491258,0.8343987140261013,0.0183727297970585,0.8258641371476394,0.8265834291697576,0.8177414156459248,0.8317755272064625,0.8700290609607227,0.6236961451247166,0.0309675359309006,0.6055555555555555,0.6853741496598639,0.6108843537414967,0.6119047619047618,0.6047619047619047,0.8581023131098066,0.1774763856201498,0.6453857059989657,1.0441091656684875,1.0012505139623369,0.6411820032766887,0.958584176642554,0.7998310660125992,0.0373818409905663,0.8131858270127974,0.777694106632383,0.7412412835750272,0.8510721277901082,0.8159619850526804,0.3466213151927437,0.1021355245168855,0.4931122448979592,0.2331916099773242,0.2416666666666666,0.4285714285714285,0.3365646258503401,0.9374929384233812,0.0255612094336402,0.8878560802452429,0.9484274564864626,0.9434589220303508,0.9463755210306932,0.961346712324156,0.8188635000527267,0.0261627805051235,0.8196069421247422,0.7769210468113362,0.8244754045792958,0.8589955714176026,0.8143185353306561,0.5338234384662957,0.0751730861336965,0.4870310245310245,0.660657596371882,0.4571428571428572,0.4869047619047619,0.5773809523809524,11.6,1.9595917942265424,11,12,15,9,11
800,0.0932601414886968,0.0308250505807531,0.1204795071943884,0.0513584818691015,0.1352538186169806,0.0719281544554091,0.0872807453076044,0.9944884629753268,0.0057674811226386,0.9991746189216426,0.9998473748473748,0.9984977748221796,0.988095238095238,0.986827308190198,0.986502267573696,0.0106162111994188,0.9918367346938776,0.996031746031746,0.9970238095238096,0.9761904761904762,0.9714285714285712,0.980520692363508,0.0130126747003981,0.967501973183418,0.9974402581545438,0.9632522187925014,0.9884973426275988,0.9859116690594788,0.9839398655089592,0.0103394684422505,0.9728395930125704,0.9971264807069892,0.9707985279337104,0.9908125319634128,0.988122193928112,0.896624407338693,0.0541940636294086,0.844652305366591,0.9833333333333334,0.8337086854943998,0.918131141345427,0.903296571153714,0.7430046147533826,0.0745405292001325,0.6735593186957496,0.8340533322521618,0.8026352141584668,0.6398830328668866,0.7648921757936478,0.800028955244359,0.0138694345725104,0.7824725054776744,0.8020028178275359,0.7858068419675562,0.8136560752843646,0.8162065356646638,0.5052551020408163,0.0652944602327871,0.5017857142857143,0.5072278911564625,0.4136054421768707,0.6172619047619047,0.4863945578231292,0.8966732781809267,0.0273501913641824,0.8870528580303016,0.9005918719264585,0.9102628059770916,0.8513986048760485,0.9340602500947328,0.8268120416345228,0.0192836488823155,0.8141674333585084,0.8285884714641453,0.8111922135169406,0.816588328012225,0.863523761820795,0.567169893598465,0.0268898012323045,0.5652777777777778,0.6068027210884354,0.5868197278911564,0.5364730507587651,0.5404761904761904,0.8159209736755916,0.1274978453448278,0.7097580092293876,1.000094690493175,0.933764745082174,0.7568609097174236,0.6791265138557979,0.7716018371265319,0.0228457581194033,0.7686071808254692,0.7508083933549771,0.744451424100439,0.7888919413919415,0.8052502459598324,0.4187074829931972,0.1144788010937245,0.352891156462585,0.4474489795918366,0.3011904761904762,0.6275510204081634,0.3644557823129251,0.8846774144404259,0.044218915658432,0.8734909307076795,0.8695694735446289,0.9178150393667636,0.816828885400314,0.9456827431827431,0.8021517247545338,0.0163030893419532,0.7788103022030773,0.7861266543825717,0.817944041051729,0.8137647908366935,0.8141128352985975,0.4569758416186987,0.1158991200162152,0.4107142857142857,0.486734693877551,0.3547619047619047,0.3636207046921332,0.6690476190476191,18.0,5.656854249492381,12,25,11,23,19
825,0.162893572148113,0.0688848234395453,0.147042319355976,0.2943759883443514,0.1186483087284224,0.0982084695604585,0.1561927747513566,0.9757219339215226,0.0164982029683535,0.9728919278472852,0.9446545308153608,0.9877125692343084,0.988095238095238,0.9852554036154202,0.950907029478458,0.0288830502755492,0.9436507936507936,0.8984126984126984,0.9761904761904762,0.9761904761904762,0.9600907029478458,0.9396836127083236,0.0358622126176895,0.9457897965851576,0.8712284082189468,0.963730241598646,0.9728938625765788,0.9447757545622896,0.9514985185095504,0.0296341767933633,0.9573184682344148,0.8952672916660698,0.9728359129168463,0.9786285086606836,0.9534424110697364,0.7429298082869512,0.1072927129806378,0.7489503882361026,0.5401987562701849,0.8282690854119427,0.8369425547996979,0.7602882567168283,0.7198965145008905,0.0359096371533628,0.6861442199775151,0.7225848862103054,0.6946773380041122,0.7087878095252174,0.7872883187873023,0.7891988158274618,0.0141443870328121,0.7788842575379229,0.7933327155648584,0.7682138563365066,0.7969727843341564,0.8085904653638645,0.4405612244897959,0.0425698651017462,0.4046768707482994,0.3993197278911564,0.4589285714285714,0.5147108843537415,0.4251700680272108,0.9110847746392212,0.0226968860524922,0.9165231990231992,0.9267027152741438,0.8794996572628152,0.8913571550977567,0.9413411465381908,0.8206306739737725,0.0213041974205341,0.8090347078686018,0.8170686078355637,0.80007057177324,0.8154508715727717,0.8615286108186851,0.5708776540919398,0.0213083500980874,0.5994047619047619,0.5773809523809523,0.5333281797567512,0.5728458049886622,0.5714285714285714,0.7664200787033353,0.035176609887142,0.7146315319197518,0.8062071459633964,0.7734515752111163,0.7384082440819059,0.7994018963405064,0.7773614422553372,0.0283501009017217,0.7782186608433531,0.7711928758784349,0.7288436852784143,0.7948659981233873,0.8136859911530964,0.3547448979591837,0.0605427462941284,0.320578231292517,0.3879251700680272,0.3214285714285714,0.4566326530612245,0.2871598639455782,0.9063795594670516,0.0204477360539902,0.9226439538385351,0.9061474429642132,0.8777938172026843,0.8910921344665187,0.934220448863306,0.8031004363750647,0.0156349152751402,0.7953964829460578,0.7951988451436925,0.7996841067119936,0.8339172374728604,0.791305509600719,0.4372108843537415,0.098607630333832,0.3858843537414965,0.5408163265306122,0.304421768707483,0.392687074829932,0.5622448979591836,11.8,3.370459909270543,12,6,14,16,11
850,0.2135683566331863,0.1631123288783378,0.269821821490214,0.5097506315935225,0.0739381377186094,0.1069733021514756,0.1073578902121101,0.9541290008758194,0.061222530750094,0.9758417485105928,0.8320235357802956,0.9875833908442604,0.9872537163013356,0.987942612942613,0.920133992991136,0.0937637589171088,0.9416658077372364,0.7344009826152684,0.9761904761904762,0.972222222222222,0.9761904761904762,0.9183382626492602,0.0851690359304339,0.8942317858600786,0.7619089706650419,0.993064196664499,0.9754711826597312,0.9670151773969504,0.9292950279073494,0.0762100127336314,0.9082679535110312,0.7889012092697543,0.994435000602134,0.9795620089015252,0.975308967252302,0.7294161394161396,0.2156239616428859,0.6250584072012645,0.3525409114694829,0.9287037037037038,0.8640306122448981,0.8767470624613483,0.8126734226942063,0.1073680351654002,0.9221011421510152,0.6652270491634097,0.9271934096302304,0.711639153105872,0.8372063594205039,0.7621063670686757,0.0139038707706038,0.7684301116420477,0.7487277804171601,0.7532876557618098,0.7535528849979036,0.7865334025244577,0.3747108843537414,0.0861142709521625,0.2342687074829931,0.4958333333333332,0.3470238095238095,0.4183673469387755,0.3780612244897959,0.9138227429864714,0.0406680576126264,0.9624460724460724,0.8531472301021175,0.9187435316006743,0.8844182571814152,0.9503586236020772,0.8063151346261981,0.0270764247617248,0.7887285421349369,0.7899019950673382,0.8002995230474085,0.7927804223705126,0.8598651905107941,0.5393624232909946,0.0807880598468711,0.5680272108843537,0.4555139305139305,0.573015873015873,0.4419217687074829,0.6583333333333333,0.8005374401807785,0.1457595294152399,0.8852435840027673,0.6622082910367421,1.0109182745218277,0.6140555334942681,0.8302615178482873,0.7563977942437702,0.0390479386730583,0.7437781335272098,0.7471994583659954,0.6989154466679095,0.8176274679214138,0.7744684647363219,0.3977494331065759,0.1442706649438633,0.2506802721088435,0.5725907029478458,0.294047619047619,0.5739795918367346,0.2974489795918367,0.897528451342595,0.0521590876949108,0.9449255770684344,0.8011259174457933,0.9054044340990152,0.8940612045460373,0.942125123553695,0.8024699496334374,0.0291245652879074,0.7829267892539056,0.7677129335280727,0.8115486015560078,0.8528862973901619,0.7972751264390394,0.4380668934240362,0.0642979158336673,0.4023809523809523,0.4219671201814058,0.3465986394557823,0.4937074829931972,0.5256802721088435,13.4,7.552483035399683,7,3,24,15,18
875,0.1895602161330836,0.1070895470634635,0.3938938875993092,0.1405123481083484,0.081389043302763,0.1796413750520774,0.1523644266029199,0.9722493280743728,0.028427980612387,0.9172198819953604,0.9869283824640968,0.9869789378656374,0.996281621665448,0.9738378163813214,0.9466269841269842,0.047600525498305,0.8551587301587301,0.9674603174603172,0.9761904761904762,0.9873015873015876,0.9470238095238096,0.933501139172488,0.0583038855073382,0.8195701307126699,0.959858238216202,0.9841348408630838,0.9458197087835836,0.9581227772869004,0.9420078957081384,0.0548291864078006,0.8343280557346867,0.9670001124991352,0.9873246803991648,0.955228023819736,0.9661586060879696,0.7406628160199589,0.149726745478109,0.4551307158450015,0.7872448979591837,0.8992716278430566,0.7828222703222704,0.7788445681302825,0.7866516219718115,0.044783960545319,0.7590938976832798,0.8443602472543716,0.7578848493950707,0.7354134555373874,0.8365056599889483,0.7689112830719488,0.016688231428006,0.7358826783074903,0.7803862353533406,0.7765384385873109,0.7731565434878406,0.7785925196237615,0.3508673469387755,0.0666866943747166,0.252125850340136,0.344047619047619,0.4308673469387755,0.4170918367346939,0.3102040816326531,0.9197790680545412,0.0308026050937262,0.9463932496075352,0.9299076522196824,0.8693128731474598,0.901223303986462,0.952058261311567,0.8044627041640815,0.0207497149078878,0.7879783895809884,0.8056263925234273,0.7864488772717745,0.7987739952200789,0.8434858662241387,0.526547619047619,0.0136754576007374,0.5321428571428571,0.5428571428571428,0.5327380952380952,0.5023809523809525,0.5226190476190476,0.8410392786775317,0.0759363328165046,0.74569014779159,0.9486277145998818,0.9001789007868085,0.772792677794184,0.8379069524151939,0.738680644996381,0.0300636489237608,0.7124496073849522,0.7183672833808704,0.7118111067002693,0.7744821472495182,0.7762930802662945,0.2919501133786847,0.0645549597262916,0.1806122448979591,0.2811791383219954,0.3571428571428571,0.3554421768707482,0.2853741496598639,0.9068051202408046,0.0314138984058349,0.9511214565401758,0.8869292169758011,0.8591851771654726,0.9139862445047822,0.9228035060177918,0.7862565447440849,0.0244844326061338,0.7759093946915839,0.7583836666190822,0.7926808999349059,0.8301429646339243,0.7741657978409279,0.3524628942486085,0.0637643365710713,0.3119047619047619,0.4135899814471243,0.2509353741496599,0.3668367346938775,0.419047619047619,12.2,4.48998886412873,5,13,19,11,13
900,0.2239457037654661,0.1619282973604247,0.4967115003438223,0.0862090435056459,0.1291006858504954,0.0856835532578684,0.3220237358694985,0.9496453201869736,0.0571588342270514,0.8414032787973276,0.9753968253968256,0.986976264324376,1.0,0.9444502324163386,0.9067876039304612,0.0927960884135158,0.741005291005291,0.9404761904761904,0.9761904761904762,1.0,0.8762660619803477,0.9108863583950176,0.099678669744433,0.7290440106503618,0.9892654369440084,0.9697873389293922,0.987971892738438,0.8783631127128877,0.9217660409548134,0.0903009461693452,0.7558150526064453,0.9910743125469108,0.9765193392203412,0.99042160844446,0.8949998919559092,0.7188278815799825,0.2246124302095448,0.3335668455416354,0.8949829931972789,0.8239022881880025,0.938690476190476,0.6029968047825192,0.8535371069397245,0.1857939059531623,0.8372447618416378,1.2106860492910658,0.8008093110152653,0.6938722836119788,0.7250731289386749,0.7484786092504851,0.0211200724550448,0.7220012265477491,0.7439992791426063,0.7333700848198028,0.7610255100128221,0.7819969457294451,0.3236224489795918,0.0673756509605462,0.2298469387755102,0.2604591836734694,0.3730442176870748,0.4064625850340135,0.3482993197278911,0.9308364306307008,0.0273531161013227,0.9624614803186232,0.9544159544159544,0.8921803593232165,0.9059247401164694,0.9391996189792404,0.8016255944188557,0.0229503346738429,0.7831376771840534,0.7945248357834066,0.7844991639175666,0.8002261632542595,0.8457401319549929,0.5104648526077098,0.0594374424711864,0.505952380952381,0.6202380952380953,0.5104024943310658,0.4633503401360544,0.4523809523809524,0.8813067985432488,0.2243341006884699,0.7554329931735992,1.3181225402014596,0.866679596049445,0.7539048024586269,0.7123940608331135,0.7255949055533077,0.0344322866294847,0.7147683468465489,0.7204477936659615,0.6697667617002592,0.7547998157101734,0.7681918098435955,0.2774659863945578,0.0618558714018134,0.2454081632653061,0.1752551020408163,0.2976190476190476,0.3537414965986393,0.3153061224489795,0.9206713895146617,0.0255212310520352,0.9214009535438108,0.9558954801811944,0.8788025967828925,0.9346948320023248,0.9125630850630853,0.7917715418246563,0.0290774886919168,0.7733326901782186,0.7579042955537486,0.7979910806566263,0.8434491713309962,0.7861804714036913,0.4203741496598639,0.0439412341737853,0.4052721088435374,0.4187074829931972,0.3471088435374149,0.4642857142857143,0.4664965986394557,12.2,6.43117407632541,3,18,13,20,7
925,0.2531230098523555,0.2230975206224561,0.079980936389239,0.6070746360790162,0.0784850210128795,0.0724349813092322,0.4276394744714101,0.9273025198766868,0.0950644939819539,1.0,0.7546960599057175,1.0,0.988095238095238,0.8937213013824784,0.9013460084888656,0.1121957130532894,0.988095238095238,0.7154761904761906,1.0,0.9761904761904762,0.8269681376824233,0.890548046956388,0.1290922626201943,0.9923104030567348,0.6773987051325627,0.9879307504512758,0.9922982524378254,0.8028021237035413,0.9056660578180494,0.1085077114721435,0.9859221830130264,0.7266124355883711,0.990216629561828,0.9937774373320388,0.8318016035949837,0.7122403918832491,0.2881000525084647,0.9543367346938776,0.2854041461184317,0.9416666666666668,0.9354308390022674,0.4443635729350015,0.805404525569507,0.1012713778246851,0.8651788319860186,0.7075154270444598,0.8593675749642509,0.9299315618617194,0.6650292319910867,0.727036419473012,0.0185039748604943,0.6976697036776923,0.7126625075356279,0.7430546977562954,0.7398674198086791,0.7419277685867652,0.3418707482993197,0.0616863156331845,0.384438775510204,0.2817176870748299,0.3426020408163265,0.2682823129251701,0.432312925170068,0.9117796806656024,0.0156044284034313,0.9004838714613151,0.9278889072498095,0.8955316940091376,0.9333244206364508,0.901669509971299,0.795114547574529,0.0215855311360778,0.7928931598212454,0.7806286837965931,0.7828871459685052,0.7817719430656718,0.8373918052206301,0.4428798185941043,0.0445359007422508,0.4817460317460317,0.3948979591836735,0.5093537414965986,0.4187074829931972,0.4096938775510204,0.8620011116777148,0.1585980331885289,0.9155413678714208,0.7139612095696586,0.9457286766597204,1.0840850813048226,0.6506892229829516,0.6966253551484647,0.028511142160871,0.6831042909722097,0.67920917433728,0.667298005998745,0.7055176010792421,0.7479977033548463,0.2897448979591837,0.0780296239744529,0.2659013605442177,0.2823979591836734,0.2357142857142857,0.2244897959183673,0.4402210884353741,0.9056151856601576,0.0255003395790529,0.91787054078926,0.8907817900985603,0.901061860052008,0.9468302529723324,0.8715314843886274,0.7907375084685297,0.0233823381386386,0.7883396318014276,0.7551849593055465,0.7981065190702689,0.8277309961317932,0.7843254360336127,0.3845222634508348,0.0597121021725283,0.3918367346938775,0.3989022881880024,0.2785714285714286,0.3892857142857143,0.4640151515151515,16.4,10.96540012949824,30,2,24,21,5
950,0.2616793341225101,0.1578768467967629,0.1345199683592433,0.1394388716490495,0.3101201284499395,0.5505394254411969,0.1737782767131215,0.9456636173843478,0.0800871642365056,0.9979462456217384,0.9989029588491954,0.9441404227595988,0.7909712993403067,0.9963571603509,0.9136712361712362,0.1169391482140502,0.9940476190476192,0.9918367346938776,0.9025037792894935,0.6902855081426511,0.9896825396825396,0.9001233531960038,0.0956193188117775,0.9759353507588318,0.9722627749114852,0.871355841425756,0.724700177674405,0.956362621209541,0.9143551456044348,0.0852355121353383,0.9790327094765852,0.976769125061594,0.8972519745566064,0.7547054983871309,0.9640164205402576,0.6908272811844242,0.201107515873445,0.8716553287981861,0.8359504913076341,0.5973735259449546,0.3371964675536104,0.8119605923177351,0.8559963004929678,0.055164013075894,0.8677627188818795,0.8626779913902283,0.886767349072865,0.7511554062366486,0.911618036883218,0.7381260861368297,0.0243530148935619,0.699376830354274,0.7299245643489064,0.7422978520017994,0.7442815620400207,0.7747496219391474,0.2751530612244898,0.0983454655944517,0.446343537414966,0.3009353741496598,0.267517006802721,0.1662414965986394,0.1947278911564625,0.9333866997711956,0.0375263440369922,0.8725778656041816,0.9144035760953054,0.940258154543869,0.9580753241467528,0.9816185784658692,0.7889575533249517,0.0250893795447898,0.788635361856221,0.7792297627057833,0.7803048322305698,0.7608730532726453,0.8357447565595386,0.4596768707482994,0.061406720486695,0.4894557823129251,0.4482142857142857,0.5154761904761905,0.3452380952380953,0.5,0.935509523323604,0.114142517520102,0.8999553195067814,1.0328365223748344,0.981255978345871,0.7292163074016571,1.0342834889888763,0.7058232565435469,0.0178538511887737,0.712487400279888,0.6829134889150418,0.6909302691014513,0.7087845466261333,0.7340005777952207,0.1914285714285714,0.0345761892783162,0.1943027210884353,0.176360544217687,0.1821428571428571,0.2542517006802721,0.1500850340136054,0.939389154654894,0.0232748556227427,0.9066932921120112,0.9218491486659188,0.9423535049150812,0.9528800211973664,0.973169806384092,0.7831411979702955,0.0373350309316921,0.7599311018044588,0.7375680454666537,0.8118984680162419,0.8400722168700775,0.7662361576940452,0.3442857142857142,0.0723498131639094,0.2773809523809524,0.3636904761904762,0.2886904761904761,0.4761904761904761,0.3154761904761904,9.4,3.878143885933063,13,13,7,3,11
975,0.1877838294066134,0.0590098771202626,0.2218679835398992,0.1519505009055137,0.1291419001562254,0.2876308436195056,0.1483279188119229,0.984699865263878,0.0076577872195401,0.9784142184714666,0.9848622062461349,0.998174741924742,0.9762765690542652,0.9857715906227812,0.9564263382120524,0.0168496540652042,0.9547052154195012,0.9420995670995672,0.9817460317460318,0.9355536659108088,0.9680272108843536,0.946780402835678,0.0400507322796097,0.931161694399954,0.9796363025370122,0.9825412367362416,0.8754839628417469,0.9650788176634354,0.9530515449250766,0.0314364392654049,0.9433238923288044,0.9784162178875264,0.9765126374928806,0.895499195002535,0.9715057819136363,0.7760180031608603,0.1043892594311931,0.6970804988662135,0.8445578231292518,0.904554043839758,0.616806672163815,0.8170909778052636,0.8589425091232572,0.1321311525684507,0.8296291253396443,0.9389561372143882,1.0657314104693276,0.7755839058331081,0.6848119667598179,0.7232902808524406,0.0169590685032057,0.6999911599817616,0.7130481471153463,0.7316448965438627,0.7216829543333302,0.750084246287902,0.2498469387755101,0.0651450767272283,0.3192176870748299,0.160204081632653,0.2026360544217686,0.239625850340136,0.3275510204081632,0.9477121842330554,0.0217248410102436,0.9160461134521284,0.9690607012035584,0.9704125239839526,0.953958078958079,0.9290835035675584,0.7912703804264188,0.0218004306429248,0.7795505027533567,0.7725125466278608,0.7815753335513554,0.7891513230008237,0.8335621961986975,0.4882596371882085,0.0764170493615602,0.4648526077097505,0.419047619047619,0.5698979591836735,0.5863095238095237,0.4011904761904762,0.9058365157672336,0.1612436503647781,0.7517737746238708,0.9741875401565008,1.1845176560538155,0.8608717322349548,0.7578318757670266,0.693820171233388,0.0094454019848355,0.6874222971313488,0.7058455628797244,0.6854071808505305,0.7048533801346869,0.6855724351706495,0.2244274376417233,0.0869098933775583,0.3026360544217686,0.0711167800453514,0.1857142857142857,0.272108843537415,0.2905612244897959,0.9243793209642316,0.0327810494531461,0.8678741747214654,0.9540291983149124,0.9481844874702016,0.9450054417969896,0.9068033025175882,0.7795417071979213,0.039466299823874,0.7626628706051676,0.7228869332504704,0.8137874105687677,0.8334547981290518,0.7649165234361485,0.3715929705215419,0.1027978256515924,0.3956632653061224,0.2083333333333333,0.3630952380952381,0.530952380952381,0.3599206349206349,11.2,2.3151673805580453,9,13,14,8,12
1000,0.3006491817888759,0.2192923749722204,0.1503619164938018,0.4720801469825563,0.64607910882859,0.0860498772845381,0.1486748593548933,0.8991085122593654,0.1193873267995628,0.9742385917919582,0.8695961878463931,0.6772531379776416,0.988095238095238,0.986359405585596,0.8652190270047415,0.1235341303428121,0.937461348175634,0.8155328798185941,0.6445294784580502,0.9761904761904762,0.9523809523809524,0.8672776693110731,0.1408659002275836,0.9676861504341108,0.76346823157989,0.6400952148351664,0.9915561550290612,0.9735825946771366,0.8832954244428428,0.1227304717911717,0.9708786830127678,0.7999248258596863,0.6811491897073437,0.99322600259487,0.9712984210395464,0.6456446545207049,0.2624659158892405,0.795748299319728,0.3866855366855367,0.2760426489943296,0.928373015873016,0.8413737717309144,1.0156875142029351,0.2696452792693444,1.3042407035827637,0.7865940800734929,0.6665175684860775,0.9817823086466108,1.339302910225732,0.7119732299228346,0.0125010686591802,0.7256192975953315,0.6995906098044257,0.7167048545126552,0.7231439758201976,0.6948074118815627,0.28578231292517,0.0746552033938098,0.2084183673469387,0.3520408163265305,0.385969387755102,0.2829931972789116,0.1994897959183673,0.9327156872645596,0.0463560187474088,0.9748876158650596,0.88581715277204,0.8789953898788486,0.928980318623176,0.9948979591836736,0.7909256598806997,0.0283377008903828,0.7820336047448351,0.7711683796250824,0.7749667847282284,0.7793470573873076,0.8471124729180453,0.4619980416408987,0.0620751314529083,0.4651360544217686,0.4123711605854462,0.3928571428571428,0.4681972789115646,0.5714285714285714,1.0434696759496416,0.2244304582121386,1.3051589173930032,0.8527619540691376,0.7145290630204337,1.1199083583695548,1.224990086896079,0.6909933807531387,0.0362645650171164,0.7169898642112311,0.7007742276414637,0.630383194391815,0.673225531382454,0.7335940861387291,0.216485260770975,0.0907968310185577,0.0840986394557823,0.2701814058956916,0.3214285714285714,0.2721088435374149,0.1346088435374149,0.924879006240151,0.0467235631369155,0.9782019303447874,0.867612158373028,0.880863763129773,0.9196588620091342,0.9780583173440316,0.7771406037907498,0.0306068967182553,0.7707886481073086,0.7322824712276407,0.8001307809224423,0.8204445767091386,0.7620565419872188,0.3265812991863412,0.0396022947261202,0.2619047619047619,0.3308106575963719,0.3842386954781913,0.3154761904761905,0.3404761904761905,10.0,6.782329983125268,12,4,1,20,13
