lags,train_mse_mean,train_mse_std,train_mse_fold_1,train_mse_fold_2,train_mse_fold_3,train_mse_fold_4,train_mse_fold_5,train_nll_embedding_mean,train_nll_embedding_std,train_nll_embedding_fold_1,train_nll_embedding_fold_2,train_nll_embedding_fold_3,train_nll_embedding_fold_4,train_nll_embedding_fold_5,train_cosine_sim_mean,train_cosine_sim_std,train_cosine_sim_fold_1,train_cosine_sim_fold_2,train_cosine_sim_fold_3,train_cosine_sim_fold_4,train_cosine_sim_fold_5,train_pairwise_accuracy_mean,train_pairwise_accuracy_std,train_pairwise_accuracy_fold_1,train_pairwise_accuracy_fold_2,train_pairwise_accuracy_fold_3,train_pairwise_accuracy_fold_4,train_pairwise_accuracy_fold_5,val_mse_mean,val_mse_std,val_mse_fold_1,val_mse_fold_2,val_mse_fold_3,val_mse_fold_4,val_mse_fold_5,val_nll_embedding_mean,val_nll_embedding_std,val_nll_embedding_fold_1,val_nll_embedding_fold_2,val_nll_embedding_fold_3,val_nll_embedding_fold_4,val_nll_embedding_fold_5,val_cosine_sim_mean,val_cosine_sim_std,val_cosine_sim_fold_1,val_cosine_sim_fold_2,val_cosine_sim_fold_3,val_cosine_sim_fold_4,val_cosine_sim_fold_5,val_pairwise_accuracy_mean,val_pairwise_accuracy_std,val_pairwise_accuracy_fold_1,val_pairwise_accuracy_fold_2,val_pairwise_accuracy_fold_3,val_pairwise_accuracy_fold_4,val_pairwise_accuracy_fold_5,test_mse_mean,test_mse_std,test_mse_fold_1,test_mse_fold_2,test_mse_fold_3,test_mse_fold_4,test_mse_fold_5,test_nll_embedding_mean,test_nll_embedding_std,test_nll_embedding_fold_1,test_nll_embedding_fold_2,test_nll_embedding_fold_3,test_nll_embedding_fold_4,test_nll_embedding_fold_5,test_cosine_sim_mean,test_cosine_sim_std,test_cosine_sim_fold_1,test_cosine_sim_fold_2,test_cosine_sim_fold_3,test_cosine_sim_fold_4,test_cosine_sim_fold_5,test_pairwise_accuracy_mean,test_pairwise_accuracy_std,test_pairwise_accuracy_fold_1,test_pairwise_accuracy_fold_2,test_pairwise_accuracy_fold_3,test_pairwise_accuracy_fold_4,test_pairwise_accuracy_fold_5,num_epochs_mean,num_epochs_std,num_epochs_fold_1,num_epochs_fold_2,num_epochs_fold_3,num_epochs_fold_4,num_epochs_fold_5,test_word_avg_auc_roc_mean,test_word_avg_auc_roc_std,test_word_avg_auc_roc_fold_1,test_word_avg_auc_roc_fold_2,test_word_avg_auc_roc_fold_3,test_word_avg_auc_roc_fold_4,test_word_avg_auc_roc_fold_5,test_word_train_weighted_auc_roc_mean,test_word_train_weighted_auc_roc_std,test_word_train_weighted_auc_roc_fold_1,test_word_train_weighted_auc_roc_fold_2,test_word_train_weighted_auc_roc_fold_3,test_word_train_weighted_auc_roc_fold_4,test_word_train_weighted_auc_roc_fold_5,test_word_test_weighted_auc_roc_mean,test_word_test_weighted_auc_roc_std,test_word_test_weighted_auc_roc_fold_1,test_word_test_weighted_auc_roc_fold_2,test_word_test_weighted_auc_roc_fold_3,test_word_test_weighted_auc_roc_fold_4,test_word_test_weighted_auc_roc_fold_5,test_word_perplexity_mean,test_word_perplexity_std,test_word_perplexity_fold_1,test_word_perplexity_fold_2,test_word_perplexity_fold_3,test_word_perplexity_fold_4,test_word_perplexity_fold_5,test_occurence_perplexity_mean,test_occurence_perplexity_std,test_occurence_perplexity_fold_1,test_occurence_perplexity_fold_2,test_occurence_perplexity_fold_3,test_occurence_perplexity_fold_4,test_occurence_perplexity_fold_5,test_word_top_1_mean,test_word_top_1_std,test_word_top_1_fold_1,test_word_top_1_fold_2,test_word_top_1_fold_3,test_word_top_1_fold_4,test_word_top_1_fold_5,test_occurence_top_1_mean,test_occurence_top_1_std,test_occurence_top_1_fold_1,test_occurence_top_1_fold_2,test_occurence_top_1_fold_3,test_occurence_top_1_fold_4,test_occurence_top_1_fold_5,test_word_top_5_mean,test_word_top_5_std,test_word_top_5_fold_1,test_word_top_5_fold_2,test_word_top_5_fold_3,test_word_top_5_fold_4,test_word_top_5_fold_5,test_occurence_top_5_mean,test_occurence_top_5_std,test_occurence_top_5_fold_1,test_occurence_top_5_fold_2,test_occurence_top_5_fold_3,test_occurence_top_5_fold_4,test_occurence_top_5_fold_5,test_word_top_10_mean,test_word_top_10_std,test_word_top_10_fold_1,test_word_top_10_fold_2,test_word_top_10_fold_3,test_word_top_10_fold_4,test_word_top_10_fold_5,test_occurence_top_10_mean,test_occurence_top_10_std,test_occurence_top_10_fold_1,test_occurence_top_10_fold_2,test_occurence_top_10_fold_3,test_occurence_top_10_fold_4,test_occurence_top_10_fold_5
-1000,0.3379773406932751,0.0012711732874998,0.3400438788036505,0.3385634102548162,0.3365169608344634,0.3368235810970266,0.3379388724764188,3.469649390379588,0.000755529732269,3.469723338882128,3.4682042424877486,3.4699086658656597,3.470398735255003,3.4700119694073996,0.63324426629891,0.0015534197688542,0.631389545587202,0.6348573826253414,0.6343586115787426,0.6342912750939528,0.6313245166093111,0.4958436725040276,0.0005160983515553,0.4966712656120459,0.4961987345789869,0.4952634753038485,0.4955791961401701,0.4955056908850868,0.3516599604859948,0.0014043302150505,0.3501125341281295,0.3515458907932043,0.3506987169384956,0.3517283890396356,0.354214271530509,3.483417625725269,0.0016165143421406,3.485202804207802,3.4841383472085,3.4846117421984673,3.4823052883148193,3.4808299466967583,0.6026566939428448,0.0108284505174409,0.6177547695115209,0.6081977766007185,0.6046841684728861,0.5970949651673436,0.5855517899617553,0.4936811301857233,0.0006389753450245,0.4936370281502604,0.4948715409263968,0.4934041853994131,0.4929567677900195,0.4935361286625266,0.3481800895184278,0.0066270862914042,0.3425349602475762,0.3391888812184334,0.3497423585504293,0.3516368856653571,0.3577973619103431,3.4799381837248804,0.002184947833431,3.4780493527650833,3.479169994592666,3.4805063530802727,3.478049375116825,3.483915843069554,0.6118426725268364,0.0215817967814229,0.6407488789409399,0.6264654658734798,0.6179301645606756,0.5894343452528119,0.5846345080062747,0.4925639348104596,0.0012074239993524,0.4903233842924237,0.4923641653731465,0.4929737839847803,0.4935773024335503,0.4935810379683971,6.0,2.5298221281347035,9,9,4,5,3,0.5133118790915883,0.0152526110215748,0.5093027105066378,0.5081167976005821,0.5025743938636699,0.5433578360079838,0.5032076574790677,0.5150226915873833,0.0093397876217185,0.4984050525774465,0.5172702405881406,0.5157876886777936,0.5273851959650505,0.5162652801284856,0.5153484864568438,0.0106827733823756,0.503840412896154,0.5229150915670013,0.5166638497428492,0.530368117222281,0.5029549608559335,433.7693603515625,11.651968680856749,426.9640197753906,428.9696350097656,422.9693908691406,455.96868896484375,433.9750671386719,1015.3993286132812,0.4903714442030601,1015.9996337890624,1016.0001831054688,1014.999267578125,1014.998779296875,1014.998779296875,0.0025602187961339,0.0013348760133644,0.0049212598241865,0.0019685039296746,0.0029556651134043,0.0009852217044681,0.0019704434089362,0.0011816842015832,0.0003934100433233,0.0009842519648373,0.0019685039296746,0.0009852217044681,0.0009852217044681,0.0009852217044681,0.0124073933809995,0.0047623611480006,0.0216535441577434,0.0108267720788717,0.007881773635745,0.0108374385163187,0.0108374385163187,0.0047271247953176,0.0007362391009957,0.0039370078593492,0.0059055117890238,0.0049261087551712,0.0039408868178725,0.0049261087551712,0.0281664799898862,0.0039227927475435,0.0275590550154447,0.0275590550154447,0.0266009867191314,0.0354679822921752,0.0236453209072351,0.0098481444641947,0.0006197467180676,0.0098425196483731,0.0108267720788717,0.0098522175103425,0.0088669955730438,0.0098522175103425
-975,0.3382265011469523,0.0017509674858584,0.3394894326726596,0.3408155633757512,0.3357729672764738,0.337397805104653,0.3376567373052239,3.469119417915742,0.0009676536458685,3.467584108312925,3.4686061839262643,3.4691431981821856,3.470058367898067,3.4702052312592664,0.6323443920662006,0.0024684264128291,0.6301481053233147,0.6297274560978016,0.6366479936987162,0.6328663838406404,0.6323320213705301,0.4973665500680606,0.0017938170881305,0.5007980298250914,0.4961987348894278,0.4973118066166838,0.4967657709494233,0.4957584080596764,0.3524821229279041,0.0011383195217807,0.3536912547424435,0.3510942254215479,0.3514424227178097,0.3538873745128512,0.3522953372448683,3.4832844972610473,0.0025417108595021,3.486282840371132,3.4842294603586197,3.4840511605143547,3.4832467064261436,3.478612318634987,0.6051703913137316,0.0107654028921158,0.6217123009264469,0.6123120002448559,0.6032740911468863,0.5969125693663955,0.5916409948840737,0.4930750139057636,0.0005047448634211,0.492182002402842,0.4934667330235243,0.4934288412332535,0.4934544069692492,0.4928430858999491,0.3501695843413472,0.004746664336563,0.3527303449809551,0.3409246513620019,0.3517396440729499,0.3511320138350129,0.3543212674558162,3.479602853953838,0.0010832872532007,3.4789456576108932,3.479770764708519,3.4804788157343864,3.47789865732193,3.480920374393463,0.6118248781189323,0.0139669222859679,0.628142086789012,0.6251147389411926,0.6145979575812817,0.5961714126169682,0.5950981946662068,0.4923310687765479,0.0014500205851686,0.4894856130704283,0.4926348980516195,0.4934173049405217,0.4928527558222413,0.4932647719979286,6.0,3.794733192202055,12,3,9,3,3,0.5062945172169103,0.0126101757359958,0.4841005533184404,0.5023892405995801,0.5089941278255758,0.5197550428430738,0.5162336214978813,0.5062794269332842,0.0143963649027254,0.4784435483280869,0.5112420192344871,0.5113457052402671,0.5203113424404476,0.5100545194231328,0.508610154983421,0.0135737536525752,0.4857661180132649,0.5230701083447027,0.5148340441260755,0.5183280658482815,0.5010524385847804,433.77007446289065,11.65065547254212,426.9634094238281,428.97412109375,422.9704284667969,455.9665222167969,433.9758911132813,1015.39970703125,0.4902622555407434,1016.0006713867188,1015.9996337890624,1014.999755859375,1014.998291015625,1015.0001831054688,0.0031505760271102,0.0034319259409956,0.0098425196483731,0.0009842519648373,0.0029556651134043,0.0009852217044681,0.0009852217044681,0.0011818781495094,0.0003942828682211,0.0009842519648373,0.0009842519648373,0.0019704434089362,0.0009852217044681,0.0009852217044681,0.0187122302129864,0.0064125656660856,0.0255905501544475,0.0098425196483731,0.01576354727149,0.0266009867191314,0.01576354727149,0.0047273187898099,0.0003951599277775,0.0039370078593492,0.0049212598241865,0.0049261087551712,0.0049261087551712,0.0049261087551712,0.0328936047852039,0.0078408623529172,0.0442913398146629,0.0206692907959222,0.0305418726056814,0.0374384261667728,0.0315270945429801,0.0098487261682748,0.0012486761647717,0.0078740157186985,0.0098425196483731,0.0098522175103425,0.0098522175103425,0.0118226604536175
-950,0.3381103675191601,0.0011277925693113,0.340063043559591,0.3381245766455928,0.3383604691674312,0.3368870510409276,0.3371166971822579,3.4688883249958353,0.0022862768786529,3.469353038817644,3.4644011855125427,3.4698642740646997,3.470101770013571,3.4707213565707207,0.6321969851851463,0.0028873377809443,0.6282238935430845,0.6353072449564934,0.6292485563705364,0.6337363248070081,0.6344689062486092,0.4969435838361581,0.0022763373546371,0.4971857989827792,0.5012768603240451,0.4955693980058034,0.4955161927888791,0.4951696690792839,0.3508659988641739,0.0018318177814259,0.3484589690342545,0.3491660570725798,0.3529493911191821,0.3528014300391078,0.3509541470557451,3.48257869631052,0.0017140403105677,3.4834428280591965,3.483543023467064,3.4833087772130966,3.48344499617815,3.4791538566350937,0.6033844536170363,0.0099515616120279,0.6118541182950139,0.6155320731922984,0.6007007155567408,0.6017613690346479,0.5870739920064807,0.4933372566476464,0.0005479328105598,0.4925787439569831,0.4941346691921353,0.4936625948175788,0.4933977937325835,0.4929124815389514,0.3454910214990377,0.0072449346309474,0.3347779447212815,0.3388754790648818,0.3524603825062513,0.351587401703,0.349753899499774,3.478840911388397,0.0017482361524816,3.475676476955414,3.479458399116993,3.479418508708477,3.4786823615431786,3.4809688106179237,0.6172970656305552,0.0204258298981278,0.6513563562184572,0.6277467627078295,0.6126626301556826,0.5969277927652001,0.5977917863056064,0.4925669899210333,0.0013494146248527,0.4901782004162669,0.4923016186803579,0.4926600102335214,0.4939880752936005,0.49370704498142,6.8,3.867815921162744,9,13,2,4,6,0.5020130354725512,0.0194408071514067,0.4992052682153045,0.5130712762335491,0.4762975761012242,0.5324913205445458,0.4889997362681319,0.5062373567794223,0.0180196437001597,0.4890413358369574,0.5299344304484077,0.4863345233603904,0.5247779413300422,0.5010985529213141,0.5089446410998951,0.0139149005527112,0.5008809981528628,0.5241441410738218,0.4902527568063892,0.5260345451231724,0.5034107643432294,433.7715087890625,11.65197214374859,426.9652404785156,428.9720764160156,422.9720153808594,455.9708557128906,433.9773559570313,1015.39970703125,0.4900628285975523,1015.9996337890624,1016.0001831054688,1015.0006713867188,1014.998779296875,1014.999267578125,0.0017728172242641,0.001149022856464,0.0009842519648373,0.0019685039296746,0.0009852217044681,0.0009852217044681,0.0039408868178725,0.0011816842015832,0.0003934100433233,0.0009842519648373,0.0019685039296746,0.0009852217044681,0.0009852217044681,0.0009852217044681,0.0141823437064886,0.0052742537903392,0.0127952750772237,0.0118110235780477,0.0108374385163187,0.0108374385163187,0.0246305428445339,0.0051214073784649,0.0007387772369661,0.0039370078593492,0.0049212598241865,0.0059113302268087,0.0059113302268087,0.0049261087551712,0.0336823638528585,0.0068699199304614,0.033464565873146,0.0285433065146207,0.0443349778652191,0.0246305428445339,0.0374384261667728,0.0106357397511601,0.0013025460940857,0.0108267720788717,0.0127952750772237,0.0098522175103425,0.0108374385163187,0.0088669955730438
-925,0.3379248073945443,0.0011759428323359,0.339207066843907,0.3391670187314351,0.3360523808126648,0.337534104163448,0.3376634664212664,3.468955924361944,0.0016825275931714,3.46574625497063,3.468949274470409,3.4698869263132415,3.4696659334003925,3.4705312326550484,0.6325495940322677,0.0021226690754918,0.6310921491434177,0.6316233584657311,0.6366765641917785,0.6309725592533747,0.6323833391070366,0.4973652906094988,0.0033696202052076,0.5037865213428935,0.4966292638952533,0.4962722398340702,0.4963457457100351,0.4937926822652419,0.3519606187939644,0.0024286527431571,0.3502543456852436,0.3509860578924417,0.3498662197962403,0.356566647067666,0.3521298235282302,3.4832721620798113,0.0028230386942347,3.4856768026947975,3.483836479485035,3.4850390776991844,3.4840195700526237,3.477788880467415,0.5990036886185408,0.0125530557963549,0.6148701747879386,0.6033284161239862,0.6074604485183954,0.588897367939353,0.5804620357230306,0.4931152816861868,0.0008005095010245,0.4916460122913122,0.4931768253445625,0.4939333293586969,0.4937251405790448,0.4930951008573174,0.3475266007706523,0.0047081505848607,0.3433166639879346,0.3406453318893909,0.3495503515005111,0.3515344746410846,0.3525861818343401,3.4789382845163344,0.0013182392841026,3.4774035215377808,3.478865906596184,3.480810910463333,3.477625273168087,3.479985810816288,0.6107459316030145,0.0187385316059719,0.6385199557989836,0.6159905642271042,0.619269473478198,0.5932330787181854,0.5867165857926011,0.4928673502057791,0.000444115275611,0.4922577906399965,0.4924773890525102,0.4929460193961859,0.4932005228474736,0.4934550290927291,7.6,4.8,16,9,7,3,3,0.5009802823184034,0.0218989820276523,0.5148182788773392,0.4991447833705466,0.5234121851243114,0.5072887450607396,0.46023741915908,0.5120649043022724,0.0198692147268048,0.4967525145408499,0.5282712704395871,0.52123976029988,0.5329336173710516,0.481127358859993,0.5103390894290558,0.017152920127093,0.5026053100988279,0.5308804632906685,0.5219686226568853,0.5147866785537222,0.4814543725451756,433.77021484375,11.651548520231742,426.96380615234375,428.9733276367187,422.9683837890625,455.9678039550781,433.9777526855469,1015.399609375,0.4899179149985313,1015.9996337890624,1015.9996337890624,1014.999755859375,1014.999267578125,1014.999755859375,0.0035442768130451,0.0032699158900572,0.0098425196483731,0.0029527558945119,0.0029556651134043,0.0009852217044681,0.0009852217044681,0.0011816842015832,0.0003934100433233,0.0009842519648373,0.0019685039296746,0.0009852217044681,0.0009852217044681,0.0009852217044681,0.0135908227413892,0.0048385279095357,0.0206692907959222,0.0059055117890238,0.01576354727149,0.0137931033968925,0.0118226604536175,0.0051214073784649,0.0007387772369661,0.0039370078593492,0.0049212598241865,0.0059113302268087,0.0059113302268087,0.0049261087551712,0.0285588227212429,0.0076457199843817,0.0423228330910205,0.0216535441577434,0.0305418726056814,0.0266009867191314,0.0216748770326375,0.0100455762818455,0.0007405962491225,0.0088582672178745,0.0098425196483731,0.0108374385163187,0.0108374385163187,0.0098522175103425
-900,0.3375596237679322,0.0015440172268785,0.339553569133083,0.3375814507404963,0.3348553339019418,0.3383474135771394,0.3374603514870007,3.467905337860187,0.002507391978194,3.4685004899899163,3.464588621010383,3.465390601505836,3.470676675438881,3.4703703013559184,0.6340266751746337,0.0024572193590297,0.6309881874670585,0.6359448047975699,0.6375283375382423,0.6338803078979254,0.6317917381723722,0.4985097245002786,0.0035571452434318,0.4973475110406677,0.503160683127741,0.5022576246410608,0.4950541624178489,0.4947286412740747,0.3512219440191984,0.0022015563867215,0.3498805677518248,0.3494881791993975,0.3515952881425619,0.3497764356434345,0.3553692493587732,3.482652500271797,0.0017088107318034,3.4842516407370567,3.484028175473213,3.4824059680104256,3.4830727204680443,3.479503996670246,0.6038863681256771,0.0126471878531874,0.6228636968880892,0.612748977728188,0.5941605139523745,0.6019854312762618,0.5876732207834721,0.4929188737645745,0.0005335005016093,0.4925979217514395,0.4924591267481446,0.4926225719973445,0.4939269358292222,0.4929878124967217,0.3479344133287668,0.0060917236169166,0.3466434990987181,0.3382762148976326,0.3498866576701402,0.34762061573565,0.357245079241693,3.4790732830762865,0.0017714361033567,3.4773065969347954,3.48019640147686,3.479042336344719,3.477056935429573,3.481764145195484,0.6128964256495237,0.0165701812652531,0.6348662674427032,0.6283190846443176,0.6106098750606179,0.5992728266865015,0.5914140744134784,0.4921912405639886,0.0016365341128143,0.4892902094870806,0.4915263960137963,0.4930430147796869,0.4937978181988001,0.4932987643405795,9.2,4.578209256903839,10,13,15,5,3,0.5127393256411816,0.011774557338569,0.5126385906879416,0.5104729553938655,0.5233171805385554,0.5251029398547303,0.4921649617308155,0.5103787112922332,0.0089712025734073,0.5070149795736201,0.5152229583997191,0.5247275000178201,0.5067337070358656,0.4981944114341415,0.5130456392989613,0.0103400066775121,0.5129450147760768,0.5126246325980828,0.5253022410011947,0.5197342734277017,0.4946220346917503,433.7714904785156,11.652424087167546,426.96685791015625,428.97125244140625,422.9716491699219,455.9721984863281,433.9754943847656,1015.3997192382812,0.4902770962281153,1016.0001831054688,1016.0001831054688,1015.0001831054688,1014.998291015625,1014.999755859375,0.0043338117189705,0.0048509059660968,0.0039370078593492,0.0019685039296746,0.0009852217044681,0.0009852217044681,0.0137931033968925,0.0011816842015832,0.0003934100433233,0.0009842519648373,0.0019685039296746,0.0009852217044681,0.0009852217044681,0.0009852217044681,0.0135900467634201,0.0049589433482701,0.017716534435749,0.0127952750772237,0.0088669955730438,0.007881773635745,0.0206896550953388,0.0051210195757448,0.0003922506022858,0.0049212598241865,0.0059055117890238,0.0049261087551712,0.0049261087551712,0.0049261087551712,0.0275741830468177,0.0050165308471345,0.031496062874794,0.0295275598764419,0.0226600989699363,0.0206896550953388,0.0334975384175777,0.0102422330528497,0.000481653499769,0.0098425196483731,0.0108267720788717,0.0098522175103425,0.0098522175103425,0.0108374385163187
-875,0.337112298173209,0.0007112508020147,0.3379560165728132,0.3379208572829763,0.3365913098677993,0.3369019165014227,0.3361913906410336,3.4681354751189546,0.0024889387483533,3.4645160511136055,3.465799704194069,3.4697008008758226,3.4707380272448063,3.4699227921664715,0.6342702193806569,0.0016896133238824,0.6323070594420036,0.636272918432951,0.6326800733804703,0.6338882825026909,0.6362027631451687,0.4982459469387928,0.0034217030833743,0.5046979803591967,0.4988386059800784,0.4959572199732065,0.4957892084494233,0.4959467199320594,0.3514917442575097,0.0006781229191226,0.351072596386075,0.3508143266662955,0.352764836512506,0.3515224959701299,0.351284465752542,3.482896389067173,0.002410051242412,3.4859975054860115,3.482199527323246,3.484671324491501,3.482685089111328,3.4789284989237785,0.5992614340037108,0.0125513443435285,0.6150627322494984,0.6048219408839941,0.6045064404606819,0.5938829779624939,0.5780330784618855,0.4927500411868095,0.0007701767922149,0.492061928845942,0.4918163046240806,0.4937443155795336,0.4935301933437586,0.4925974635407328,0.3486516246572136,0.0040658447025356,0.3460760284215212,0.3420215845108032,0.352899239398539,0.3502002814784646,0.3520609894767403,3.4791754454374315,0.0012559985198929,3.478350192308426,3.4789081290364265,3.480176106095314,3.477470740675926,3.480972059071064,0.607443156093359,0.0187291824845173,0.6350352000445127,0.6134252473711967,0.6156847197562456,0.589237654581666,0.5838329587131739,0.4922479780390859,0.001751588140702,0.4890573704615235,0.4924901761114597,0.4920324627310037,0.4936718083918094,0.4939880724996328,9.8,5.455272678794342,19,13,5,5,7,0.5135493636817707,0.0049446904728229,0.5187871323382443,0.5080418828052203,0.5164551937136435,0.5071046661830493,0.5173579433686964,0.5133710869125021,0.0079072389043279,0.5011659474488606,0.5140865694543899,0.5107526994368152,0.5150973338005048,0.5257528844219402,0.5125257259552638,0.0028796229150648,0.5104610841442124,0.5100108203990528,0.5102439180039215,0.5169878828846806,0.5149249243444515,433.7713562011719,11.65197227254509,426.96441650390625,428.9749450683594,422.9704284667969,455.970458984375,433.9765319824219,1015.3998291015624,0.4905858659019025,1016.0011596679688,1016.0001831054688,1014.999267578125,1014.999755859375,1014.998779296875,0.0027566812932491,0.0025962528127452,0.0078740157186985,0.0019685039296746,0.0019704434089362,0.0009852217044681,0.0009852217044681,0.0009848338086158,4.750734557719872e-07,0.0009842519648373,0.0009842519648373,0.0009852217044681,0.0009852217044681,0.0009852217044681,0.0139847176149487,0.005263571669078,0.0187007877975702,0.0088582672178745,0.0118226604536175,0.0088669955730438,0.0216748770326375,0.0049241691827774,0.0012449934663962,0.0029527558945119,0.0068897637538611,0.0049261087551712,0.0049261087551712,0.0049261087551712,0.0297424465417861,0.0072481689921871,0.0374015755951404,0.0196850392967462,0.0246305428445339,0.0285714287310838,0.0384236462414264,0.0088636984117329,0.0010799722957286,0.0068897637538611,0.0098425196483731,0.0088669955730438,0.0098522175103425,0.0088669955730438
-850,0.3374231403693556,0.0011430146522113,0.3396213268861174,0.3366439839204152,0.3364630291859309,0.3373755970969796,0.3370117647573352,3.467808283368747,0.003245658423127,3.4659483395516872,3.4622554083665213,3.470200159897407,3.47047949830691,3.4701580107212067,0.6343528394897779,0.0034847153309107,0.6288793962448835,0.6398935448378325,0.6342780341704687,0.6341944634914398,0.634518758704265,0.4989405306677023,0.0037510385286206,0.5015057741353909,0.5051243072375655,0.4960006236409147,0.4959467183798551,0.4961252299447854,0.3506854102015495,0.0012234258721092,0.3501866748556494,0.3487880527973175,0.3523317761719227,0.350493005476892,0.351627541705966,3.4828408882021904,0.0021735092680382,3.4846362844109535,3.4841757640242577,3.4844633042812347,3.481995739042759,3.478933349251747,0.5969796998426318,0.0088669110204541,0.6077216742560267,0.6070185992866755,0.5930052865296602,0.5917321406304836,0.585420798510313,0.4930736443027854,0.0007318439041407,0.4929439853876829,0.4917400609701872,0.4938388215377927,0.4932590033859014,0.4935863502323627,0.3488928537815809,0.0053144293687436,0.3472905736416578,0.3391813775524497,0.353091767989099,0.3532852465286851,0.351615303196013,3.479771761596203,0.0015902672938195,3.4776748716831207,3.480319581925869,3.481281541287899,3.4781080335378647,3.481474779546261,0.6028433609753847,0.0166072892614511,0.6241856664419174,0.6171185374259949,0.6019679345190525,0.5778741743415594,0.5930704921483994,0.4918146518990397,0.0016987126096084,0.48898112680763,0.4913373822346329,0.4916229322552681,0.4935445562005043,0.4935872619971633,10.2,5.6,16,18,6,5,6,0.5137017769918307,0.0092807865349455,0.515085010402348,0.5039335558631417,0.5070807399467178,0.5306097081317154,0.5117998706152307,0.5151742892706347,0.0119724745877285,0.4998327594571111,0.5253276221585645,0.5070998386942297,0.5111965986582552,0.5324146273850123,0.5132853534581341,0.0058693236854429,0.5038832927499801,0.5199834379146994,0.5095317445763785,0.5150925379281385,0.5179357541214743,433.7714538574219,11.653097152219544,426.9640197753906,428.9726867675781,422.9696044921875,455.9723815917969,433.97857666015625,1015.3997192382812,0.4902769017106653,1016.0001831054688,1016.0001831054688,1015.0001831054688,1014.998779296875,1014.999267578125,0.0035440827719867,0.0030235427474632,0.0088582672178745,0.0049212598241865,0.0019704434089362,0.0009852217044681,0.0009852217044681,0.0009848338086158,4.750734557719872e-07,0.0009842519648373,0.0009842519648373,0.0009852217044681,0.0009852217044681,0.0009852217044681,0.0131947947666049,0.0042905910482466,0.017716534435749,0.0187007877975702,0.0098522175103425,0.007881773635745,0.0118226604536175,0.0051208255812525,0.0014456531466203,0.0039370078593492,0.0078740157186985,0.0049261087551712,0.0039408868178725,0.0049261087551712,0.031315504387021,0.0065642548502507,0.0374015755951404,0.0364173240959644,0.0197044350206851,0.0285714287310838,0.0344827584922313,0.0104383073747158,0.0033269112161016,0.0088582672178745,0.016732282936573,0.0098522175103425,0.0068965516984462,0.0098522175103425
-825,0.3383231778318684,0.0018621103037362,0.340527256950736,0.3399470016981165,0.3361225966364145,0.3361538142586748,0.3388652196153998,3.4696608056624725,0.0007353577502743,3.4697305150330067,3.4682636658350625,3.4697793585558734,3.4702324668566384,3.470298022031784,0.6324749500801167,0.0033352277847822,0.6288353620717922,0.6337930293132862,0.6353606687237819,0.6362021000434955,0.6281835902482271,0.4963288031518459,0.000529142864691,0.4967342680320143,0.4966187619914611,0.4965032550195853,0.496503253467381,0.4952844772487879,0.3510512419044971,0.0021435123916408,0.3491213917732239,0.349259122274816,0.3500235266983509,0.3520657056942582,0.3547864630818367,3.482795940339565,0.0013616954709866,3.48503565043211,3.482844553887844,3.483162596821785,3.482013203203678,3.48092369735241,0.5997210932895541,0.0107526286846459,0.6157492445781827,0.6077783852815628,0.5978130148723722,0.5868000611662865,0.5904647605493665,0.4928935805335641,0.0010241142047498,0.490915073081851,0.4935804149135947,0.4934544069692492,0.4928873712196946,0.4936306364834308,0.3468188358470797,0.0065758357839919,0.3388585420325398,0.3400314413011074,0.3484409330412745,0.3503815224394202,0.3563817404210567,3.4791223809123037,0.0021895079472511,3.4772520661354065,3.478936828672886,3.479187272489071,3.4770805165171623,3.483155220746994,0.6107692055404186,0.0211381192237314,0.645603958517313,0.6174901816993952,0.6118490062654018,0.5837326683104038,0.5951702129095793,0.4923089226707816,0.0016290536300581,0.4896559081971645,0.4917213413864374,0.4921282110735774,0.4940170869231224,0.4940220657736063,6.8,2.785677655436824,9,10,6,7,2,0.5223661435596157,0.0110837534950956,0.5235038030880295,0.5096075558425774,0.5193807940084094,0.5167350615153277,0.542603503343735,0.5195641878337732,0.0125189864422299,0.5078875915394939,0.5347327995913889,0.5086693592254974,0.5116230579043102,0.534908130908176,0.5188084508041523,0.0126817134767207,0.5104433295130543,0.5372936961495476,0.5000681651175455,0.5216871279499966,0.5245499352906174,433.770751953125,11.651300573842,426.96380615234375,428.972900390625,422.9704284667969,455.9680480957031,433.97857666015625,1015.4000244140624,0.4896292291258458,1015.9992065429688,1016.0001831054688,1015.001220703125,1014.999755859375,1014.999755859375,0.0013787285424768,0.0004823418961605,0.0019685039296746,0.0009842519648373,0.0009852217044681,0.0009852217044681,0.0019704434089362,0.0011818781495094,0.0003942828682211,0.0009842519648373,0.0009842519648373,0.0009852217044681,0.0009852217044681,0.0019704434089362,0.0116211550310254,0.0028826745353824,0.0127952750772237,0.0098425196483731,0.0068965516984462,0.0147783253341913,0.0137931033968925,0.0047275126911699,0.0009661888417691,0.0049212598241865,0.0029527558945119,0.0049261087551712,0.0049261087551712,0.0059113302268087,0.0265891548246145,0.0074921809554837,0.0403543300926685,0.0196850392967462,0.0216748770326375,0.0226600989699363,0.0285714287310838,0.0102420393377542,0.0004774322838789,0.0108267720788717,0.0108267720788717,0.0098522175103425,0.0098522175103425,0.0098522175103425
-800,0.3373712363342444,0.0020553736164072,0.3374383685489495,0.3403824272875984,0.3345414083451032,0.3358306158334017,0.3386633616561691,3.4675496307512126,0.0028935091485127,3.46244016289711,3.468792206297318,3.466367218643427,3.470255230863889,3.469893335054318,0.6343488919238249,0.0036248612272465,0.6338584640373787,0.6309652905911207,0.6385774711767832,0.6384180908401808,0.6299251429736614,0.4992167697598537,0.0044094038715626,0.5069094238181909,0.4964612529923518,0.5013860687613487,0.4961574325958888,0.4951696706314881,0.3511734990403056,0.0031577107196574,0.3478113003075123,0.3499583769589662,0.3502771025523543,0.3506476543843746,0.3571730609983206,3.4824950873851774,0.0019890927888821,3.4853116497397423,3.483658418059349,3.4823085218667984,3.4818764328956604,3.479320414364338,0.5980109941214323,0.016160165962372,0.6224135030061007,0.6032874137163162,0.5950011378154159,0.5972810769453645,0.5720718391239643,0.4928608914837241,0.0003934582043408,0.4921062123030424,0.4931772807613015,0.4929188741371035,0.4931708890944719,0.4929312011227011,0.3475255599245429,0.0064928800060758,0.3411628240719437,0.3391578067094087,0.349101573228836,0.3517279485240578,0.3564776470884681,3.4789603114128114,0.0012114746597866,3.47863145172596,3.479189582169056,3.4783155992627144,3.4775317683815956,3.4811331555247307,0.6093158707022667,0.0252674921097981,0.6520017106086016,0.6171261016279459,0.6097156144678593,0.5864945948123932,0.5812413319945335,0.4920954229310155,0.0024897485840644,0.4871293567121029,0.4932649387046695,0.4933605259284377,0.4936440428718924,0.4930782504379749,11.4,8.284926070883191,26,6,14,9,2,0.5226280621396879,0.0065106978578192,0.5130219342602358,0.5181682885448929,0.531534193814993,0.5270984319001052,0.5233174621782128,0.519591529171141,0.0133801504065874,0.4945577623937837,0.5324549416234831,0.5260869913158612,0.5271561327808685,0.5177018177417093,0.519035996704329,0.0131870572300639,0.4963563449318561,0.5320470494795178,0.528103134679782,0.5265285428538449,0.512144911576644,433.7717346191406,11.652283998144997,426.9656677246094,428.9733276367187,422.9708251953125,455.9714965820313,433.9773559570313,1015.3998168945312,0.4901971698032413,1016.0001831054688,1016.0001831054688,1015.0001831054688,1014.999755859375,1014.998779296875,0.0051216011866927,0.0046379392626618,0.0059055117890238,0.0019685039296746,0.0029556651134043,0.0009852217044681,0.0137931033968925,0.0009848338086158,4.750734557719872e-07,0.0009842519648373,0.0009842519648373,0.0009852217044681,0.0009852217044681,0.0009852217044681,0.0149689696729183,0.005887465969929,0.0226377956569194,0.0098425196483731,0.0108374385163187,0.0098522175103425,0.0216748770326375,0.0047275126911699,0.0009661888417691,0.0029527558945119,0.0049212598241865,0.0049261087551712,0.0049261087551712,0.0059113302268087,0.0342721387743949,0.0104244315930979,0.050196848809719,0.0187007877975702,0.0364532023668289,0.0285714287310838,0.0374384261667728,0.0090607426129281,0.0019111603556973,0.0068897637538611,0.0098425196483731,0.0068965516984462,0.0098522175103425,0.0118226604536175
-775,0.3378904443234205,0.0018569571020818,0.3412807288890083,0.3384146473060052,0.3361149188131094,0.3369485565150777,0.3366933700939019,3.4697026918331786,0.0008911454264327,3.470254403849443,3.4679712119201818,3.469726976007223,3.47027234112223,3.4702885262668133,0.6330238758275907,0.0036747903443753,0.6257457875957092,0.6351115070283413,0.6344859525561333,0.6341452437142531,0.6356308882435163,0.4957477668921153,0.0007393890236336,0.4949008521313469,0.4971227950106064,0.4954727906733751,0.4955266928300261,0.4957157038152218,0.3510341046378016,0.0011395082041485,0.3497881572693586,0.3499617576599121,0.3509797677397728,0.3515231255441904,0.3529177149757743,3.4827031657099723,0.0023425822276491,3.4842036440968513,3.484363578259945,3.484773106873035,3.481581836938858,3.478593662381172,0.6012013839557767,0.0133246748510821,0.615280395373702,0.610479449853301,0.6043709274381399,0.5989279989153147,0.5769481481984258,0.4933787107467651,0.0003719974036898,0.4937881454825401,0.493567630648613,0.4936749218031764,0.4929503742605448,0.4929124815389514,0.3458658054471016,0.006227490891307,0.3378513576462865,0.3388698659837246,0.349236168898642,0.3507832530885935,0.3525883816182613,3.478903393447399,0.0017270969205178,3.4769332259893417,3.4795005843043327,3.480362966656685,3.476793453097343,3.480926737189293,0.6139698239043355,0.0223356252942229,0.6464669909328222,0.6258474700152874,0.619408605620265,0.592735830694437,0.5853902222588658,0.4932049578055739,0.0009960731812355,0.4920870382338762,0.4933343380689621,0.4920942187309265,0.4946131352335214,0.4938960587605834,5.8,1.9390719429665315,4,9,4,5,7,0.5176551013786347,0.0080687692398047,0.5272917823348051,0.5167538583460289,0.523091672649161,0.5034322873791655,0.5177059061840131,0.513386400339784,0.0105211809484077,0.4944333383065212,0.5212939383942661,0.5219676538016734,0.5093719034089821,0.5198651677874776,0.5164799285095029,0.0106890406834972,0.5030331782035069,0.5314355202966587,0.5251889410355234,0.5157723629280776,0.5069696400837478,433.77183837890624,11.652911273929028,426.9650573730469,428.9735412597656,422.9704284667969,455.9728088378906,433.9773559570313,1015.3995971679688,0.4899282434287133,1015.9996337890624,1015.9996337890624,1015.0006713867188,1014.998779296875,1014.999267578125,0.0011818781495094,0.0003942828682211,0.0009842519648373,0.0009842519648373,0.0009852217044681,0.0009852217044681,0.0019704434089362,0.0009848338086158,4.750734557719872e-07,0.0009842519648373,0.0009842519648373,0.0009852217044681,0.0009852217044681,0.0009852217044681,0.0126050192862749,0.0048771691004021,0.0206692907959222,0.0088582672178745,0.0098522175103425,0.007881773635745,0.01576354727149,0.0053182577714324,0.0007891499429376,0.0049212598241865,0.0049212598241865,0.0049261087551712,0.0068965516984462,0.0049261087551712,0.0311186533421278,0.0101400669674926,0.050196848809719,0.0226377956569194,0.0236453209072351,0.0266009867191314,0.0325123146176338,0.0098485320806503,0.0006258791818044,0.0088582672178745,0.0098425196483731,0.0098522175103425,0.0098522175103425,0.0108374385163187
-750,0.3373739829907815,0.0005920945664871,0.3382073681180675,0.3370932256802916,0.3378744386136532,0.3365519956375162,0.3371428869043787,3.467258519430955,0.0036930853090759,3.4642406875888505,3.461499342073997,3.4698108956217766,3.4704959566394487,3.4702457152307034,0.6333724334836005,0.0028149315495424,0.6331223864108324,0.6365421085307995,0.6283474347243706,0.6354357941697041,0.6334144435822964,0.4993840813015898,0.0049865014321454,0.5049100974574685,0.5059265615418553,0.4964507517094413,0.4953887835144996,0.4942442122846842,0.352284107543528,0.0019701425411613,0.350338720716536,0.3496941048651933,0.3544947765767574,0.3526323903352022,0.3542605452239513,3.482365871965885,0.0034013377099366,3.485314227640629,3.48382119089365,3.484563946723938,3.482259653508663,3.4758703410625458,0.6000951746478677,0.0154690444116046,0.6239433903247118,0.606982160359621,0.6009210245683789,0.5907004419714212,0.5779288560152054,0.4932955283671617,0.0008390688442215,0.4922322239726782,0.4923326643183827,0.4942104555666446,0.493914152495563,0.4937881454825401,0.3485516143962741,0.008528281928606,0.3373223766684532,0.3391952970996499,0.3550661681219935,0.3535152124240994,0.3576590176671743,3.478540587425232,0.0017273405483668,3.4760273322463036,3.4793576151132584,3.4812314361333847,3.4777276515960693,3.4783589020371437,0.6104336217045784,0.0309536311918393,0.6631456520408392,0.6196559388190508,0.6104798801243305,0.5812078658491373,0.5776787716895342,0.4923746418207884,0.0013962920993835,0.4904110431671142,0.4909785343334079,0.4931992823258042,0.4934840425848961,0.4938003066927194,9.8,7.984985911070852,19,20,2,5,3,0.5132597723022988,0.0104737735760939,0.5177790476082086,0.5216889651290859,0.4998062527942566,0.5252575054810189,0.5017670904989241,0.5118020767864058,0.0143225887025069,0.5020160560698284,0.5330537678397886,0.4922550648388347,0.5102061509050125,0.5214793442785647,0.5155481717898726,0.0095611716093369,0.5133009692182922,0.5311407302424329,0.501183201434945,0.5170654595690989,0.5150504984845938,433.77125244140626,11.652597882757002,426.96588134765625,428.972900390625,422.96881103515625,455.9713134765625,433.9773559570313,1015.3999145507812,0.4895198118990332,1015.9987182617188,1016.0001831054688,1015.001220703125,1014.999267578125,1015.0001831054688,0.0035442768130451,0.0024581173004304,0.0059055117890238,0.0068897637538611,0.0029556651134043,0.0009852217044681,0.0009852217044681,0.0013785345945507,0.0004817079449808,0.0019685039296746,0.0019685039296746,0.0009852217044681,0.0009852217044681,0.0009852217044681,0.0129975567571818,0.0057160452914605,0.0226377956569194,0.0147637799382209,0.0088669955730438,0.0059113302268087,0.0128078823909163,0.0051210195757448,0.0015744412239522,0.0029527558945119,0.0078740157186985,0.0049261087551712,0.0049261087551712,0.0049261087551712,0.0257984563708305,0.0095224273703507,0.0423228330910205,0.0305118113756179,0.0206896550953388,0.0167487692087888,0.0187192130833864,0.009651293978095,0.0025206769250695,0.0059055117890238,0.0137795275077223,0.0088669955730438,0.0098522175103425,0.0098522175103425
-725,0.3383660454923908,0.0017751108766984,0.3399307591219743,0.3409091367696722,0.3366968693832556,0.337881525978446,0.3364119362086057,3.4696507140994073,0.0009096852076578,3.4684809694687524,3.4686933072904744,3.469917601595322,3.470740823696057,3.4704208684464297,0.6323396725580096,0.0025074627458586,0.629758977641662,0.6292862600336472,0.6338672700027624,0.6328618712723255,0.635923983839651,0.4958992568776011,0.0013279987487702,0.4980048515523473,0.4944493236641089,0.4947391434883078,0.4955154918134212,0.4967874738698204,0.3526317954063415,0.0011110320933189,0.3521233098581433,0.352052335627377,0.353607234545052,0.35420788731426,0.3511682096868753,3.4823318853974343,0.0018782470732728,3.484427645802498,3.482916936278343,3.483206368982792,3.482260078191757,3.478848397731781,0.5946232186630368,0.0107728261798023,0.6110267024487257,0.6031591333448887,0.5900007113814354,0.5867644678801298,0.5821650782600045,0.4930070793256164,0.0008699967732014,0.49129309784621,0.4935489147901535,0.4933790760114789,0.4936247002333402,0.4931896077468991,0.3479604355990887,0.0050411229590895,0.3446052735671401,0.3402770319953561,0.3521197289228439,0.3542117336764931,0.34858840983361,3.4782777234911917,0.0015841175375166,3.4760250821709633,3.4783865660429,3.478935085237026,3.477299891412258,3.4807419925928116,0.6064794056117535,0.0187681398693485,0.6334990784525871,0.6196731645613909,0.6038473658263683,0.5792043348774314,0.5961730843409896,0.4925085766240954,0.0013818521979886,0.4899385115131736,0.4934160588309169,0.492281986400485,0.4938293201848864,0.4930770061910152,6.2,3.1874754901018454,10,3,5,3,10,0.5203784913584282,0.0149380430451217,0.5268396984927577,0.501294740356874,0.5058242942972403,0.5419879784633087,0.5259457451819598,0.5137334769585667,0.0108171156717803,0.5023206941132096,0.5174858400037438,0.5000679555668438,0.5207513304221486,0.5280415646868881,0.5167669492326625,0.009002594150496,0.5042518990050483,0.5304596986113806,0.5122248521408149,0.5226220013457309,0.5142762950603383,433.7718444824219,11.651746982180844,426.9654541015625,428.975341796875,422.9708251953125,455.970458984375,433.9771423339844,1015.39951171875,0.489624027393905,1015.9987182617188,1015.9996337890624,1015.0001831054688,1014.999755859375,1014.999267578125,0.0033476203680038,0.003328675400663,0.0098425196483731,0.0009842519648373,0.0019704434089362,0.0009852217044681,0.0029556651134043,0.0009848338086158,4.750734557719872e-07,0.0009842519648373,0.0009842519648373,0.0009852217044681,0.0009852217044681,0.0009852217044681,0.0177262330427765,0.0095039565062054,0.031496062874794,0.0078740157186985,0.0098522175103425,0.0128078823909163,0.0266009867191314,0.0047273187898099,0.0003951599277775,0.0039370078593492,0.0049212598241865,0.0049261087551712,0.0049261087551712,0.0049261087551712,0.0305288791656494,0.0095840471821489,0.0442913398146629,0.0216535441577434,0.0206896550953388,0.0266009867191314,0.0394088700413703,0.009651487879455,0.0003966281152018,0.0088582672178745,0.0098425196483731,0.0098522175103425,0.0098522175103425,0.0098522175103425
-700,0.3400899414593975,0.0047762607648949,0.3394498508423567,0.3385859929646055,0.3362691681832075,0.3367872877667348,0.3493574075400829,3.4689807998637354,0.0010804107144944,3.467795506119728,3.468070738017559,3.4696249601741633,3.470739687482516,3.468673107524713,0.6269229476631154,0.013993296637513,0.6303657293319702,0.6356094212581714,0.6338972952216864,0.6355458380033573,0.5991964545003915,0.4967335693538189,0.002108424995528,0.5008253315463662,0.4964822540059685,0.4957899081831177,0.4948756508529186,0.4956947021807233,0.352215870656073,0.003946859367401,0.3496488742530346,0.3508190624415874,0.3501438489183783,0.3503944100812077,0.3600731575861573,3.4830257818102837,0.0019557578830709,3.4851620122790337,3.483876161277294,3.4826186150312424,3.4840104579925537,3.4794616624712944,0.6014720473438502,0.0103682608358088,0.6152267456054688,0.6003052145242691,0.5988316545262933,0.6085503473877907,0.5844462746754289,0.4929730204865336,0.0008508984593297,0.4915578970685601,0.4927992578595876,0.493089166469872,0.4942040629684925,0.4932147180661559,0.3490341359749436,0.0076247911227474,0.341976610943675,0.3414688128978014,0.3481944380328059,0.3511353926733136,0.3623954253271222,3.479145015776157,0.0011124014569949,3.47731900960207,3.479755274951458,3.478794477880001,3.4791761711239815,3.4806801453232765,0.6096928970888257,0.0174018281472948,0.6388060953468084,0.6106355115771294,0.6137147434055805,0.5985206086188555,0.5867875264957547,0.4929975418373942,0.0012926995509409,0.4909908594563603,0.4941784990951419,0.4919694550335407,0.4942060988396406,0.4936427967622876,6.8,3.709447398198282,12,9,5,7,1,0.5139239067208154,0.020153912228611,0.5286643436743818,0.5396080059979158,0.5032689044509544,0.5163207166916378,0.4817575627891871,0.5101071646359177,0.0167253436667684,0.512895179881916,0.5335868567481972,0.5054531753170759,0.5163938806201913,0.4822067306122077,0.5119843368769667,0.0155464066360997,0.5187610000918566,0.5347840931282242,0.4991938198958166,0.5165956380402588,0.4905871332286775,433.77098388671874,11.652120337142826,426.9640197753906,428.9722900390625,422.971435546875,455.97064208984375,433.9765319824219,1015.4000854492188,0.4897537261276883,1015.9996337890624,1016.0001831054688,1015.0006713867188,1014.999267578125,1015.0006713867188,0.0031501882243901,0.003857137735275,0.0108267720788717,0.0019685039296746,0.0009852217044681,0.0009852217044681,0.0009852217044681,0.0009848338086158,4.750734557719872e-07,0.0009842519648373,0.0009842519648373,0.0009852217044681,0.0009852217044681,0.0009852217044681,0.0153628643602132,0.0054856284442795,0.0216535441577434,0.0118110235780477,0.007881773635745,0.0137931033968925,0.0216748770326375,0.004530080454424,0.0007872106572803,0.0049212598241865,0.0049212598241865,0.0029556651134043,0.0049261087551712,0.0049261087551712,0.0283641058951616,0.008575611431832,0.033464565873146,0.0187007877975702,0.0216748770326375,0.0256157647818326,0.0423645339906215,0.0096518756821751,0.0013102046148976,0.0088582672178745,0.0078740157186985,0.0098522175103425,0.0118226604536175,0.0098522175103425
-675,0.3376245422288775,0.001572557113537,0.340336615840594,0.338323856703937,0.3367511018489798,0.3358374911670883,0.3368736455837886,3.4697021136681245,0.0009956256064099,3.4699936620891094,3.4677274798353515,3.470326622327169,3.470335970322291,3.470126833766699,0.6336974638203781,0.002951572412945,0.6290515443931023,0.6349999674906334,0.632254721596837,0.6379266604781151,0.6342544251432022,0.4960629271964232,0.0008737135987296,0.4965977603569627,0.4969694872076313,0.4961882351587216,0.4944234220311045,0.4961357312276959,0.3499836819246411,0.000869341373681,0.3492689440026879,0.3493386683985591,0.3502501146867871,0.3494855398312211,0.3515751427039504,3.4830129563808443,0.002744558170928,3.486105553805828,3.482899434864521,3.4854208901524544,3.482291489839554,3.4783474132418633,0.6040920685976744,0.0116068905821413,0.6206874456256628,0.6042674668133259,0.6103403512388468,0.5994448531419039,0.5857202261686325,0.4931783769279718,0.0002463312980113,0.4931581057608127,0.4931393889710307,0.4936434179544449,0.4930133800953626,0.4929375918582082,0.3455061495304107,0.0060004684778009,0.3378863893449306,0.3385217478498816,0.3492021514102816,0.3510849103331566,0.3508355487138033,3.4792542055249216,0.001834466253588,3.4768905490636826,3.478551506996155,3.48207039386034,3.4781995713710785,3.480559006333351,0.6153584498912096,0.0226429858764677,0.6514710709452629,0.6181689985096455,0.6241890639066696,0.5874003944918513,0.5955627216026187,0.4929476372897625,0.0012199910649801,0.4905370501801371,0.4934667367488146,0.4932610392570495,0.4936415525153279,0.4938318077474832,6.8,2.039607805437114,6,10,4,8,6,0.5246040887665566,0.0065808029521807,0.5172972715215131,0.5232886981387428,0.5238015271308085,0.5369439816787247,0.5216889653629938,0.5244491161431868,0.0104223580298841,0.5075096853170302,0.5334717296926388,0.5233158087937116,0.5371147895855312,0.5208335673270224,0.5260186811697263,0.0084671906835032,0.5161260551200015,0.5375295792035211,0.5275245637148663,0.5322332970856753,0.5166799107245668,433.77162475585936,11.653222937839224,426.9627990722656,428.9739074707031,422.9696044921875,455.97259521484375,433.9792175292969,1015.3993286132812,0.4899738875068115,1015.9992065429688,1015.9996337890624,1015.001220703125,1014.998291015625,1014.998291015625,0.0033472324721515,0.0042490745961935,0.0118110235780477,0.0009842519648373,0.0019704434089362,0.0009852217044681,0.0009852217044681,0.0009848338086158,4.750734557719872e-07,0.0009842519648373,0.0009842519648373,0.0009852217044681,0.0009852217044681,0.0009852217044681,0.0171360697597265,0.0061846062467769,0.0236220471560955,0.0108267720788717,0.0167487692087888,0.0098522175103425,0.0246305428445339,0.0051212134771049,0.0003950643263659,0.0049212598241865,0.0049212598241865,0.0059113302268087,0.0049261087551712,0.0049261087551712,0.0336819756776094,0.0073858009962063,0.034448817372322,0.0295275598764419,0.0472906418144702,0.0256157647818326,0.0315270945429801,0.0104394713416695,0.0011842134665059,0.0098425196483731,0.0098425196483731,0.0098522175103425,0.0128078823909163,0.0098522175103425
-650,0.337672169941167,0.0012076970178902,0.3380520942931374,0.3396487543359399,0.3359881959234674,0.3370363094533483,0.3376354956999421,3.4686345122754574,0.0024576028830982,3.463803179562092,3.469004771361748,3.469936308761438,3.470081859578689,3.47034644211332,0.6329414643968145,0.0010431946316534,0.6321633396049341,0.63209128100425,0.6349212297548851,0.6325090713799,0.6330224002401034,0.4978023978571097,0.0041972007987079,0.5061806741481026,0.4959047160421808,0.4952221720789869,0.4959565202395121,0.495747906776766,0.351819653250277,0.0031301514693217,0.3474482363089919,0.3503022845834493,0.3507900508120656,0.3564158212393522,0.3541418733075261,3.4824795737862586,0.0015959276315675,3.484195664525032,3.483593948185444,3.4831827357411385,3.481664188206196,3.4797613322734833,0.5983361318707466,0.0147702610239695,0.6153524629771709,0.6150257214903831,0.59517218824476,0.5878759855404496,0.5782543011009693,0.4929879954084754,0.0011465842229372,0.4907196704298258,0.4932968970388174,0.4936685292050242,0.4937881464138627,0.4934667339548468,0.3478146513924002,0.0062938105325184,0.3415707433596253,0.3394871149212122,0.3491416843608022,0.3547958619892597,0.3540778523311019,3.4786580950021744,0.0019091938639753,3.4780556485056877,3.478367753326893,3.479020968079567,3.4759645238518715,3.481881581246853,0.6102647298946977,0.0229013692932687,0.6415025573223829,0.6294738501310349,0.6103263311088085,0.5840077428147197,0.5860131680965424,0.4922522848471999,0.0015246092114343,0.4896234925836324,0.4927609069272876,0.4915939215570688,0.4939238233491778,0.4933592798188329,7.8,5.878775382679627,19,7,7,3,3,0.524641007682842,0.011147685372703,0.5383318893643817,0.5346377047879544,0.5249549070120342,0.5174280782991376,0.5078524589507022,0.5243811419767809,0.0058367783616647,0.522084636080468,0.5311382428287916,0.5248342324292657,0.5292431145407682,0.5146054840046113,0.524066749735723,0.0095073077168883,0.5288976044933148,0.5347096876049672,0.524741129492587,0.5255973158597345,0.5063880112280115,433.7706970214843,11.652173791503332,426.9654541015625,428.9726867675781,422.9700317382813,455.97064208984375,433.97467041015625,1015.39990234375,0.4901274575899323,1016.0001831054688,1016.0001831054688,1015.0001831054688,1015.0001831054688,1014.998779296875,0.0021661301143467,0.0014461796886022,0.0049212598241865,0.0019685039296746,0.0019704434089362,0.0009852217044681,0.0009852217044681,0.0011818781495094,0.0003942828682211,0.0009842519648373,0.0009842519648373,0.0019704434089362,0.0009852217044681,0.0009852217044681,0.0139825843274593,0.0049136583381817,0.016732282936573,0.0216535441577434,0.007881773635745,0.0098522175103425,0.0137931033968925,0.0049243630841374,0.0006243380823858,0.0039370078593492,0.0049212598241865,0.0059113302268087,0.0049261087551712,0.0049261087551712,0.0289525233209133,0.0052993491390454,0.033464565873146,0.03248031437397,0.0206896550953388,0.0246305428445339,0.0334975384175777,0.0096518758684396,0.0020103832561494,0.0059055117890238,0.0108267720788717,0.0098522175103425,0.0098522175103425,0.0118226604536175
-625,0.3377409444501003,0.0016886575323317,0.3394880949830015,0.3399540601919095,0.3355949654554327,0.3370016698415081,0.3366659317786495,3.4694755228857197,0.0006701958375737,3.4689281520744166,3.4687232027451196,3.469170859704415,3.4702632750074067,3.4702921248972416,0.6332673100133737,0.0018890476124589,0.6311619641880194,0.6314202093829712,0.636254825318853,0.6343008875846863,0.6331986635923386,0.4962719606856505,0.0008230759446742,0.4974273138990004,0.4964087490613262,0.4968287774051229,0.4954321859404444,0.4952627771223585,0.3501552769914269,0.0013430816466141,0.3481140220537781,0.3506670035421848,0.3491017464548349,0.3511777967214584,0.3517158161848783,3.4821279779076577,0.0021371915455065,3.4847441911697388,3.482423298060894,3.4834865778684616,3.4815650656819344,3.4784207567572594,0.6023366652429104,0.0096422644587192,0.6196130309253931,0.6023817751556635,0.6031155083328485,0.5942800119519234,0.5922929998487234,0.4927977969869971,0.0012844723868142,0.4903480391949415,0.4939899425953626,0.4928056495264172,0.4935740223154425,0.4932713313028216,0.3472005944699049,0.0045982299773269,0.3431387888267636,0.341329931281507,0.3467010278254747,0.3522016769275069,0.3526315474882722,3.478803722560406,0.0014988729288066,3.477763906121254,3.4784240275621414,3.4797792807221413,3.4769093990325928,3.4811419993638992,0.6110636930912733,0.0187075243916506,0.6383269019424915,0.6129166539758444,0.6218656301498413,0.5844064364209771,0.5978028429672122,0.4929413696750998,0.0008817490881332,0.491469781845808,0.4923828821629286,0.4935698360204696,0.4935142984613776,0.4937700498849153,6.8,2.4819347291981715,11,5,8,6,4,0.5205462660250173,0.0029821391029078,0.517902781351201,0.5250409129485972,0.5173979469349159,0.5193889257136537,0.5230007631767185,0.5192971154678621,0.008837304987492,0.5027831648252705,0.5291795762347057,0.5198315783165985,0.52313419754366,0.5215570604190756,0.5203614046260319,0.0113898925469322,0.5125954120339357,0.5376048647078848,0.52231662892344,0.5251765491733853,0.504113568291514,433.7707092285156,11.652920263474666,426.9646301269531,428.9698486328125,422.9696044921875,455.9714965820313,433.97796630859375,1015.4000854492188,0.4897535435727039,1016.0001831054688,1015.9996337890624,1015.0006713867188,1014.999755859375,1015.0001831054688,0.002757651079446,0.0013071911299572,0.0029527558945119,0.0019685039296746,0.0029556651134043,0.0009852217044681,0.0049261087551712,0.0007879834156483,0.000393991886837,0.0,0.0009842519648373,0.0009852217044681,0.0009852217044681,0.0009852217044681,0.0139845237135887,0.0066927656027538,0.017716534435749,0.0108267720788717,0.0118226604536175,0.0049261087551712,0.0246305428445339,0.0049241691827774,2.375481342114623e-06,0.0049212598241865,0.0049212598241865,0.0049261087551712,0.0049261087551712,0.0049261087551712,0.0285595994442701,0.0076518132995416,0.0374015755951404,0.0226377956569194,0.0266009867191314,0.0187192130833864,0.0374384261667728,0.0096516817808151,0.0009677772381619,0.0078740157186985,0.0098425196483731,0.0108374385163187,0.0098522175103425,0.0098522175103425
-600,0.3409082419549425,0.0052922444870524,0.3379882437487443,0.3406893536448478,0.3371702833101153,0.337496587075293,0.3511967419957121,3.468014002094666,0.0034313123648072,3.461237914860249,3.4692130871117115,3.469721900920073,3.470695032427708,3.4692020751535892,0.6245755141600966,0.0142383188536078,0.6323797286798557,0.6287361315141121,0.632415714363257,0.6330828287949165,0.5962631674483418,0.4983421332513293,0.0061384746258186,0.5106119600435098,0.4954741888990004,0.4952641753479838,0.4954636879265308,0.4948966540396213,0.3525661248713732,0.0028659026135334,0.3481053290888667,0.3524223919957876,0.3511423366144299,0.3548910245299339,0.3562695421278476,3.4822952806949616,0.0020523579794809,3.4846783950924873,3.483138583600521,3.4832697957754135,3.481759563088417,3.4786300659179688,0.5962562613189221,0.0136224448029124,0.6184144848957658,0.5993456551805139,0.5988702615723014,0.57830326911062,0.5863476358354092,0.4930647876113653,0.0004067993949871,0.4923130357638001,0.493523801676929,0.4932275023311376,0.4930384894832968,0.4932211088016629,0.3497732639312744,0.0067525434191252,0.3439121097326278,0.3408495178446173,0.3495168536901474,0.356656901538372,0.3579309368506074,3.4788748189806937,0.0010401497789012,3.4784615337848663,3.478752478957176,3.4791164919734,3.4774214550852776,3.480622135102749,0.6050781976431608,0.0244059172507134,0.6388040222227573,0.6151586566120386,0.6137791834771633,0.5668875770643353,0.5907615488395095,0.4923393025994301,0.001350722138209,0.4896805603057146,0.492886914871633,0.4926309958100319,0.493167775683105,0.4933302663266659,8.4,9.457272334029511,27,3,6,5,1,0.5126342391107886,0.0187449800084262,0.5367676512280489,0.5262429552782346,0.4974862354504721,0.517220239991342,0.4854541136058454,0.5076306260853809,0.0121622463705699,0.5154721723165255,0.5175803179583934,0.5024334874482131,0.5167088657397803,0.4859582869639918,0.515674797762093,0.0112082274689935,0.5208131363805037,0.529965516977901,0.5124706242351713,0.5188673207153739,0.4962573905015152,433.77171020507814,11.65318491381792,426.9652404785156,428.9726867675781,422.971435546875,455.9739074707031,433.9752807617187,1015.3998291015624,0.4895896127649813,1016.0001831054688,1015.9987182617188,1015.001220703125,1014.999267578125,1014.999755859375,0.0025598309002816,0.0026843686453296,0.0078740157186985,0.0009842519648373,0.0019704434089362,0.0009852217044681,0.0009852217044681,0.0009848338086158,4.750734557719872e-07,0.0009842519648373,0.0009842519648373,0.0009852217044681,0.0009852217044681,0.0009852217044681,0.0120136925950646,0.0054744568330655,0.0226377956569194,0.0078740157186985,0.0088669955730438,0.0088669955730438,0.0118226604536175,0.0049243630841374,0.0006243380823858,0.0039370078593492,0.0049212598241865,0.0049261087551712,0.0049261087551712,0.0059113302268087,0.027967108041048,0.0089853631708553,0.0452755913138389,0.0216535441577434,0.0206896550953388,0.0246305428445339,0.027586206793785,0.0094546373933553,0.0010064143606114,0.0078740157186985,0.0098425196483731,0.0108374385163187,0.0088669955730438,0.0098522175103425
-575,0.3377877321715156,0.0021812925470315,0.3419464100152254,0.3377049664656321,0.3358285455033183,0.3371821710218985,0.3362765678515036,3.469066789994637,0.002066737952022,3.4701989889144897,3.4650533522168794,3.469193591425816,3.4707250160475573,3.470163001368443,0.6339162066578865,0.003217100914221,0.6283521906783184,0.6379821337759495,0.6340236260245243,0.6333308902879556,0.6358921925226847,0.4974511163930097,0.0016495888969795,0.4961777344966928,0.5006762236977617,0.4966495654856165,0.4965025559067726,0.4972495023782055,0.3513025535270572,0.0011054127630186,0.3500378662720322,0.3500514011830091,0.3521963004022836,0.3514692028984427,0.352757996879518,3.48298766463995,0.0023416618669129,3.484678350389004,3.483652785420418,3.4851472824811935,3.4828814193606377,3.478578485548496,0.6003885827958584,0.014228668153013,0.6197224259376526,0.6030374597758055,0.6051767021417618,0.5981878833845258,0.5758184427395463,0.49315454531461,0.0004353733198185,0.4932211088016629,0.4924089098349213,0.4932466754689812,0.4937694258987903,0.4931266065686941,0.3474962553009391,0.00502314304421,0.3411562517285347,0.3415730586275458,0.3511378355324268,0.3513313271105289,0.3522828035056591,3.479067513346672,0.0013365060544476,3.4774591252207756,3.478628747165203,3.4807530120015144,3.4779744669795036,3.4805222153663635,0.6096009658649564,0.0214707081655584,0.6443013623356819,0.6105650644749403,0.6186119522899389,0.5904852077364922,0.5840412424877286,0.4926383193582296,0.0008322245628323,0.4910474736243486,0.4928878294304013,0.4926624977961182,0.4933277769014239,0.493266019038856,6.8,2.7856776554368237,7,12,5,4,6,0.5142422678516441,0.0097147541876543,0.5028500469966506,0.5134746428695302,0.5320029351757635,0.5091632175965107,0.513720496619766,0.5133800695400688,0.0033972733599812,0.5069331657737062,0.5160789517527407,0.5138433878076599,0.5137473728731252,0.5162974694931122,0.51494710247595,0.0071494709869475,0.5198961486210036,0.5255740961363962,0.5109966486484783,0.5133155422508311,0.5049530767230408,433.7710876464844,11.65309568142457,426.9630126953125,428.9739074707031,422.96881103515625,455.9719543457031,433.9777526855469,1015.3991455078124,0.489947913318449,1015.9992065429688,1015.9992065429688,1014.999755859375,1014.998779296875,1014.998779296875,0.0017722353804856,0.001305699538276,0.0039370078593492,0.0019685039296746,0.0019704434089362,0.0,0.0009852217044681,0.0007877894677221,0.0003938949726037,0.0009842519648373,0.0009842519648373,0.0009852217044681,0.0,0.0009852217044681,0.0149693576619029,0.0053372064309584,0.0187007877975702,0.0118110235780477,0.0108374385163187,0.0098522175103425,0.0236453209072351,0.0047273187898099,0.0003951599277775,0.0039370078593492,0.0049212598241865,0.0049261087551712,0.0049261087551712,0.0049261087551712,0.0326942332088947,0.0079035358733464,0.0442913398146629,0.03248031437397,0.0197044350206851,0.0315270945429801,0.0354679822921752,0.0092572052031755,0.0004779072432714,0.0098425196483731,0.0098425196483731,0.0088669955730438,0.0088669955730438,0.0088669955730438
-550,0.3372975285475453,0.0010881928918168,0.3373579007262985,0.3391254628077149,0.3374767998854319,0.3358130439495047,0.3367144353687763,3.4674925136069463,0.0043895594221604,3.4588977620005608,3.4681091656287513,3.469930149614811,3.4696300104260445,3.470895480364561,0.6342142932116985,0.0021358465668777,0.6330354008823633,0.6343126830955347,0.6309428016344706,0.6371767862389485,0.6356037942071756,0.4994405032445987,0.0067997699540304,0.5129788120587667,0.4970975928008556,0.4958312107870976,0.4961987345789869,0.4950961659972866,0.3509852468967437,0.0029828559464448,0.3477850286290049,0.3494702931493521,0.351969794370234,0.3493848303332925,0.3563162880018353,3.482736749947071,0.002787629060203,3.484529711306095,3.4824757650494576,3.4865606278181076,3.481876365840435,3.47824127972126,0.5981929242610932,0.0167829489516168,0.6184595106169581,0.6016709497198462,0.6068512322381139,0.5958760743960738,0.5681068543344736,0.493242659792304,0.0004504721028919,0.4938447624444961,0.492490628734231,0.4934859098866582,0.493303288705647,0.4930887091904878,0.3474562861025333,0.0061932419992846,0.3395541971549392,0.3403705330565572,0.3519416851922869,0.3513181069865823,0.3540969081223011,3.479327030479908,0.0019468162380625,3.477485477924347,3.478767044842243,3.482538565993309,3.477404870092869,3.480439193546772,0.6081205047667027,0.0245712530683772,0.6476246081292629,0.6108958199620247,0.617838466539979,0.5835628677159548,0.5806807614862919,0.492678496427834,0.0011249592797288,0.490657121874392,0.4924710001796484,0.4928224999457598,0.4937688065692782,0.4936730535700917,11.4,9.93176721434811,31,9,4,7,6,0.5237619606210836,0.0125589435760025,0.5308350410540971,0.5268970801756079,0.508376011841233,0.5108807684989809,0.5418209015354986,0.520045233122245,0.0075497230157451,0.5199553210862291,0.5253189016638498,0.5084268863481015,0.5161391875274441,0.5303858689856006,0.5207035898239085,0.0079346871355379,0.5263472705028457,0.5305055916305557,0.5072134509446994,0.5209444250723314,0.5185072109691108,433.77142944335935,11.65334311592149,426.96484375,428.9722900390625,422.9675903320313,455.9721984863281,433.980224609375,1015.39912109375,0.4899432794551461,1015.9987182617188,1015.9996337890624,1015.0001831054688,1014.998291015625,1014.998779296875,0.0019690857734531,0.0015244210365306,0.0049212598241865,0.0019685039296746,0.0009852217044681,0.0009852217044681,0.0009852217044681,0.0013787285424768,0.0004823418961605,0.0009842519648373,0.0019685039296746,0.0019704434089362,0.0009852217044681,0.0009852217044681,0.0141821498051285,0.0070658115081078,0.017716534435749,0.0078740157186985,0.01576354727149,0.0049261087551712,0.0246305428445339,0.004136379668489,0.0007376895224756,0.0039370078593492,0.0039370078593492,0.0029556651134043,0.0049261087551712,0.0049261087551712,0.0273781087249517,0.0066884599435318,0.0364173240959644,0.0196850392967462,0.0266009867191314,0.0206896550953388,0.0334975384175777,0.0094544434919953,0.0004832334114686,0.0088582672178745,0.0098425196483731,0.0098522175103425,0.0098522175103425,0.0088669955730438
-525,0.336840735313793,0.0011121097870626,0.3364715464413166,0.3389980662614107,0.336141071592768,0.3359017545978228,0.3366912376756469,3.4675426460802554,0.0040507484879108,3.4595889933407307,3.468091311554114,3.4699727135399976,3.469713049630324,3.470347162336111,0.6352461162954569,0.000965314019773,0.6355894630153974,0.6334685025115808,0.6351937639216582,0.6363592899094025,0.6356195621192455,0.4990650002534191,0.0070340781986351,0.5130586186423898,0.4946572386349241,0.4955161940306425,0.4968602769076824,0.4952326730514566,0.3513079930096864,0.0028436502460991,0.3501452766358852,0.3505285903811455,0.3500689892098307,0.3489062208682298,0.356890887953341,3.4825070291757583,0.0028376796323368,3.485907129943371,3.4836737662553787,3.484001442790031,3.481311820447445,3.477640986442566,0.6002924185246229,0.0161231865196548,0.6141315773129463,0.6128852143883705,0.6030913097783923,0.6017180355265737,0.5696359556168318,0.4932905985042453,0.0003622881830397,0.4930257108062505,0.4933347916230559,0.4933535093441605,0.4939022846519947,0.4928366960957646,0.3471632555127144,0.0056592791386033,0.3408904299139976,0.3405280765146017,0.3491035541519522,0.3501120330765843,0.3551821839064359,3.4788062781095506,0.001268648890246,3.477780759334564,3.47894998639822,3.4808582216501236,3.477201424539089,3.4792409986257553,0.6111404931172728,0.0236815910245213,0.6452745627611876,0.6251751445233822,0.6157465223222971,0.5885067814961076,0.5809994544833899,0.4928840102627873,0.0007636949044,0.4921372598037123,0.4928047368302941,0.4921924592927098,0.4930417696014046,0.4942438257858157,11.6,8.777243302996675,29,8,6,9,6,0.5119558210537879,0.0083476006653297,0.5108757341359921,0.518103685632894,0.5148632321000008,0.4963666211806574,0.5195698322193955,0.5139968083674818,0.011489846597197,0.4995540724550684,0.5203833551816381,0.5122501044581971,0.50548924776623,0.5323072619762758,0.5175883354342081,0.0081986460879598,0.5076569213894174,0.5308501856167702,0.5111023601745863,0.5164704840517216,0.5218617259385447,433.771484375,11.652518693846012,426.96380615234375,428.9716796875,422.97021484375,455.9708557128906,433.9808654785156,1015.3999145507812,0.4903169804010345,1016.0001831054688,1016.0006713867188,1015.0006713867188,1014.998779296875,1014.999267578125,0.0055147203616797,0.0051964694357767,0.0108267720788717,0.0019685039296746,0.0009852217044681,0.0009852217044681,0.0128078823909163,0.0009848338086158,4.750734557719872e-07,0.0009842519648373,0.0009842519648373,0.0009852217044681,0.0009852217044681,0.0009852217044681,0.0155601028352975,0.005150284508305,0.0216535441577434,0.0108267720788717,0.0098522175103425,0.0137931033968925,0.0216748770326375,0.0057119585573673,0.0014466044298544,0.0039370078593492,0.0078740157186985,0.0068965516984462,0.0049261087551712,0.0049261087551712,0.0313156977295875,0.007396282888314,0.0442913398146629,0.0285433065146207,0.0216748770326375,0.0295566506683826,0.0325123146176338,0.009651293978095,0.0007357315716508,0.0088582672178745,0.0108267720788717,0.0098522175103425,0.0088669955730438,0.0098522175103425
-500,0.3413590123256047,0.0053181868902669,0.339644955471158,0.3412630632519722,0.3375025944163402,0.3368593454360962,0.3515251030524571,3.4692773016790546,0.0005367445647388,3.4692401066422462,3.4688848555088043,3.4698605351150036,3.469883557409048,3.4685174537201724,0.6240341368305963,0.0145814285087977,0.6320041206975778,0.6288812831044197,0.6291415318846703,0.6349382406721512,0.5952055077941623,0.4962659408027926,0.0006864973812477,0.4966397651781638,0.496923283363382,0.4960727291181683,0.4966824672495325,0.4950114591047168,0.3528135657310486,0.0025619086251182,0.3494047485291958,0.3514078017324209,0.3531981036067009,0.3528768252581358,0.3571803495287895,3.4817865580320357,0.0026753182319392,3.4850314036011696,3.481791138648987,3.4836417511105537,3.4813303500413895,3.4771381467580795,0.6005823198705912,0.0131767039133585,0.6201400551944971,0.6089186891913414,0.6010281704366207,0.583733513019979,0.5890911715105176,0.4934946747496724,0.0001694744577397,0.4934101225808263,0.4934037290513515,0.4938009297475219,0.4935429776087403,0.493315614759922,0.3504354508593678,0.0092269214259068,0.33887854591012,0.34119245223701,0.3533566044643521,0.3549971934407949,0.3637524582445621,3.478282511234283,0.0017321963717843,3.4770301282405853,3.477173887193203,3.479605473577976,3.4765748754143715,3.481028191745281,0.6079458683729172,0.0297695929455665,0.6543130651116371,0.6218383070081472,0.611458471044898,0.5714532872661948,0.5806662114337087,0.4924876168370247,0.0009302704246346,0.4910342376679182,0.4921500440686941,0.4923159768804908,0.4931992786005139,0.4937385469675064,4.6,3.440930106817051,11,3,3,5,1,0.5149150912615659,0.0286557985404867,0.5159522359521663,0.5396476031410461,0.5233397457328292,0.5354835757874316,0.4601522956943563,0.5149115533784315,0.0154608243867625,0.510063426338414,0.5272448522530673,0.5198532937386784,0.5301216355686722,0.4872745589933262,0.5149780533277343,0.0194512635749319,0.5181464451495671,0.5295304123488092,0.5214061283626693,0.5287594460153884,0.4770478347622372,433.772509765625,11.65364081519106,426.9664611816406,428.97515869140625,422.9693908691406,455.9750061035156,433.9765319824219,1015.39970703125,0.4900626461577128,1015.9996337890624,1016.0001831054688,1014.999755859375,1014.998779296875,1015.0001831054688,0.0019696676172316,0.0008807760201524,0.0029527558945119,0.0009842519648373,0.0019704434089362,0.0009852217044681,0.0029556651134043,0.0007879834156483,0.000393991886837,0.0,0.0009842519648373,0.0009852217044681,0.0009852217044681,0.0009852217044681,0.0122115123085677,0.0072808090145138,0.017716534435749,0.0088582672178745,0.0059113302268087,0.0049261087551712,0.0236453209072351,0.0045304683968424,0.0004845584997787,0.0039370078593492,0.0039370078593492,0.0049261087551712,0.0049261087551712,0.0049261087551712,0.0295467596501112,0.0102224640772918,0.031496062874794,0.0187007877975702,0.0236453209072351,0.0256157647818326,0.0482758618891239,0.01004518866539,0.0013060593997064,0.0108267720788717,0.0098425196483731,0.007881773635745,0.0118226604536175,0.0098522175103425
-475,0.3382630383595824,0.0016386565566027,0.3403025632724166,0.3399797171975176,0.3372443281114101,0.3360183285549283,0.3377702546616395,3.4695960745215415,0.0006487073975794,3.4690475836396217,3.4686403945088387,3.4698541263739267,3.470372337847948,3.470065930237373,0.6328516442949573,0.0022682731219707,0.6301945466548204,0.6315271072089672,0.633542531169951,0.6368442413707575,0.6321497950702906,0.4964976549769441,0.0007142405526145,0.4974168141682942,0.4971038947502772,0.496073428230981,0.4954216837262113,0.4964724540089567,0.3493910390883684,0.001305004845277,0.3486681059002876,0.3495975043624639,0.3513578157871961,0.3498967420309782,0.3474350273609161,3.48225075006485,0.0016177545000798,3.4829211235046387,3.4841146916151047,3.4818497747182846,3.4830178767442703,3.479350283741951,0.6030558358877898,0.0078831755178472,0.6115884212777019,0.6064260974526405,0.58893215470016,0.6006581066176295,0.6076743993908167,0.4932035788893699,0.0005899775444074,0.4924901751801371,0.4931708900257945,0.4937128135934472,0.4940086603164673,0.4926353553310036,0.3466176589950919,0.0043529118274408,0.341765571385622,0.3409356288611889,0.3507334711030125,0.348998031578958,0.350655592046678,3.4788494974374773,0.0023061903720243,3.4755321368575096,3.480400137603283,3.478365339338779,3.4776928797364235,3.48225699365139,0.6101789055392146,0.0129567038631365,0.6323023959994316,0.6150516532361507,0.6002916386350989,0.5952184898778796,0.6080303499475121,0.4932169357314706,0.0004254787561017,0.4927924107760191,0.4933466631919145,0.4929775195196271,0.4939880752936005,0.4929800098761916,5.8,2.4819347291981715,10,5,4,7,3,0.5178962364850357,0.01215712608365,0.5179056525138657,0.5145826252411297,0.5163051837383608,0.5014562284043576,0.5392314925274649,0.5166243815484282,0.0042808792245251,0.5121301927154364,0.5203916464116756,0.517012789790305,0.5114536272659786,0.5221336515587452,0.520995758481905,0.0076186999031588,0.5225549259624878,0.5351027987462311,0.5140311028176647,0.5177446232903063,0.5155453415928354,433.7716979980469,11.653065407248455,426.96624755859375,428.9718627929687,422.9696044921875,455.9728088378906,433.97796630859375,1015.3995239257812,0.4900380708905644,1015.9992065429688,1016.0001831054688,1015.0006713867188,1014.998779296875,1014.998779296875,0.0015753849875181,0.0011808114956453,0.0009842519648373,0.0039370078593492,0.0009852217044681,0.0009852217044681,0.0009852217044681,0.0009848338086158,0.0006224957813585,0.0,0.0019685039296746,0.0009852217044681,0.0009852217044681,0.0009852217044681,0.01142372302711,0.0026106584871561,0.015748031437397,0.0088582672178745,0.0108374385163187,0.0088669955730438,0.0128078823909163,0.0051210195757448,0.0009637749110775,0.0039370078593492,0.0068897637538611,0.0049261087551712,0.0049261087551712,0.0049261087551712,0.0226507898420095,0.0037852979145529,0.0285433065146207,0.0187007877975702,0.0206896550953388,0.0197044350206851,0.0256157647818326,0.0098483383655548,0.0006225140242784,0.0088582672178745,0.0108267720788717,0.0098522175103425,0.0098522175103425,0.0098522175103425
-450,0.3398274362708131,0.0045543938761469,0.3396139734735091,0.3387621908138196,0.3340507953738172,0.348060089473923,0.3386501322189967,3.4679439172148703,0.0022069804636549,3.4694713465869427,3.4666020845373473,3.4642448710898557,3.4692733523746333,3.4701279314855733,0.6274198427175481,0.0112014944350297,0.628867261732618,0.6344173339505991,0.6381439566612244,0.6060545174404979,0.6296161438028017,0.4976692501455545,0.0037132955246912,0.4969442834456761,0.4983555721119046,0.5043892618268728,0.4938451855753858,0.4948119477679332,0.3526247980073094,0.0033854682992777,0.3503471044823527,0.3509141895920038,0.3487180825322866,0.3577480688691139,0.35539654456079,3.482844939827919,0.0025937773622419,3.485766425728798,3.4830014258623123,3.4836124777793884,3.4838458597660065,3.47799851000309,0.5984568495303393,0.0153720615446478,0.6211257968097925,0.5971760526299477,0.6045405073091388,0.5959374234080315,0.5735044674947858,0.4930841455236077,0.0006554887479721,0.4918861556798219,0.493209240026772,0.4932653969153762,0.4938954347744584,0.49316450022161,0.3494072522968053,0.0056055527426385,0.3463059533387422,0.3422461953014135,0.3466907339170575,0.3543789191171527,0.3574144598096609,3.47907157689333,0.0008238953260878,3.4779535681009293,3.479217402637005,3.4789870604872704,3.4787174984812737,3.48048235476017,0.6070620495826006,0.0203976688424578,0.6351915653795004,0.6056855320930481,0.6219259724020958,0.596259580925107,0.5762475971132517,0.4930067146196961,0.0012334812822071,0.490750715136528,0.4931704336777329,0.4944883733987808,0.4935457995161414,0.4930782513692975,7.6,5.535341001239218,10,9,16,1,2,0.5237080042928308,0.0077376419160879,0.5194928746391575,0.5206563147291479,0.5275306608412844,0.5366490774176632,0.5142110938369013,0.5275560628914098,0.0089569567216929,0.5178087055206582,0.5236393805591819,0.5273162825582939,0.544358566596146,0.5246573792227689,0.5285041540487561,0.0041526958438421,0.5287320636041236,0.5331952659771967,0.5284530332835469,0.53118464881728,0.5209557585616333,433.76982421875,11.650755202745115,426.9640197753906,428.9733276367187,422.97021484375,455.9667053222656,433.974853515625,1015.3994262695312,0.4898931134674514,1015.9996337890624,1015.9992065429688,1014.999755859375,1014.998779296875,1014.999755859375,0.0023633684031665,0.0017165029372069,0.0049212598241865,0.0009842519648373,0.0039408868178725,0.0009852217044681,0.0009852217044681,0.0009848338086158,4.750734557719872e-07,0.0009842519648373,0.0009842519648373,0.0009852217044681,0.0009852217044681,0.0009852217044681,0.0159551611170172,0.0065467940284259,0.0196850392967462,0.0078740157186985,0.0118226604536175,0.0266009867191314,0.0137931033968925,0.0049241691827774,2.375481342114623e-06,0.0049212598241865,0.0049212598241865,0.0049261087551712,0.0049261087551712,0.0049261087551712,0.0315146815031766,0.0055372302310515,0.0354330688714981,0.0275590550154447,0.0256157647818326,0.040394090116024,0.0285714287310838,0.0102422330528497,0.000481653499769,0.0108267720788717,0.0098425196483731,0.0108374385163187,0.0098522175103425,0.0098522175103425
-425,0.3364146855349342,0.0014796881130177,0.3379740252469976,0.335213342991968,0.3343164961164196,0.3380450733626882,0.3365244899565975,3.4643003560602663,0.0057936267031529,3.4602514741321406,3.45534718533357,3.465479833384355,3.470215546588103,3.4702077408631644,0.635887674552699,0.0037242654559364,0.6327134141077598,0.6419949280098081,0.6376760577162107,0.6315734920402368,0.6354804808894793,0.5039721753448247,0.0081573850947069,0.5100323250517249,0.5164755384127299,0.5018480978906155,0.495841714553535,0.4956632008155187,0.3499996457248926,0.0029628296840737,0.3481588363647461,0.3490752344951033,0.3492750814184546,0.3558086734265089,0.3476804029196501,3.48179402500391,0.0018556810012324,3.4840231090784073,3.4823052063584328,3.482764460146427,3.4813811108469963,3.478496238589287,0.6034087125211954,0.0133239600149294,0.6238235738128424,0.6043284991756082,0.6029856847599149,0.5817457595840096,0.604160045273602,0.4934732189401984,0.0004940244932977,0.4939260277897119,0.4940597955137491,0.4927677577361464,0.4935489138588309,0.4930635998025536,0.3465442825108766,0.0062239076898425,0.3398850923404097,0.3394333589822054,0.3479162799194455,0.3559084683656692,0.3495782129466533,3.4784549847245216,0.0017579840412758,3.4774679988622665,3.477584131062031,3.479158267378807,3.476526379585266,3.4815381467342377,0.6140937224030495,0.0255212253112703,0.6537876334041357,0.6159732285887003,0.6189840864390135,0.5739182718098164,0.6078053917735815,0.4940693415701389,0.0013322410261158,0.4921865696087479,0.4960421388968825,0.4948966540396213,0.4940183311700821,0.4932030141353607,15.6,11.288932633336067,24,33,12,3,6,0.5164074426158788,0.0061885712907744,0.5146487624184883,0.5240486308217052,0.5148634749218581,0.5219263470665139,0.5065499978508284,0.5170100696665676,0.0100826420102189,0.5067159460939392,0.5320470964563704,0.5137520163651133,0.525336820354105,0.50719846906331,0.5201871236269532,0.011333213100594,0.5146396803437074,0.538849141756897,0.5115057894276667,0.5274037205024739,0.5085372861040209,433.7721008300781,11.652437486399412,426.9664611816406,428.9747314453125,422.9698181152344,455.9719543457031,433.9775390625,1015.3988525390624,0.4897884413722373,1015.9992065429688,1015.9982299804688,1014.999267578125,1014.998779296875,1014.998779296875,0.0029535315930843,0.0029850002448713,0.0088582672178745,0.0019685039296746,0.0019704434089362,0.0009852217044681,0.0009852217044681,0.0009848338086158,4.750734557719872e-07,0.0009842519648373,0.0009842519648373,0.0009852217044681,0.0009852217044681,0.0009852217044681,0.0143788063898682,0.0065232968336292,0.016732282936573,0.0108267720788717,0.0147783253341913,0.0049261087551712,0.0246305428445339,0.0047269308473914,0.0009636952594563,0.0049212598241865,0.0059055117890238,0.0029556651134043,0.0049261087551712,0.0049261087551712,0.0275745708495378,0.0065018795475771,0.0305118113756179,0.0285433065146207,0.027586206793785,0.01576354727149,0.0354679822921752,0.0094546373933553,0.0013376843090987,0.0098425196483731,0.0078740157186985,0.0118226604536175,0.0088669955730438,0.0088669955730438
-400,0.3378320956602693,0.0018316287151088,0.3408302646130323,0.3385002274687091,0.3358650055403511,0.3359760611007611,0.3379889195784926,3.4697740303973363,0.0007706339364746,3.469837130357822,3.4683563634753227,3.469793469955524,3.470620426038901,3.470262762159109,0.6334925236801306,0.0031451201403911,0.6277024609347185,0.6348922525842985,0.635846350962917,0.6362941240270933,0.632727429891626,0.4954412868867318,0.000919989005791,0.496139930250744,0.49669226569434,0.4955686954781413,0.4943499180177848,0.4944556249926488,0.3503369258716702,0.0005312587273995,0.3498593885451555,0.3498462233692407,0.3512481898069381,0.3506002789363265,0.3501305487006902,3.481887510418892,0.0023997517989313,3.4851063191890717,3.4820288717746735,3.4815879315137863,3.4829687252640724,3.4777457043528557,0.6030042665079236,0.008021879125603,0.6169151272624731,0.6027749162167311,0.5977693675085902,0.6044867159798741,0.5930752055719495,0.4932603742927313,0.0005785729391281,0.4937128163874149,0.493763037957251,0.4933599019423127,0.493303288705647,0.4921628264710307,0.3469380611553788,0.0048395039297675,0.3416381375864148,0.3405543901026249,0.3499703723937273,0.3503564316779375,0.3521709740161896,3.4785235211253167,0.0008765807233429,3.477606914937496,3.4782987385988235,3.4783656150102615,3.478152811527252,3.4801935255527496,0.6112165527418256,0.015644967211388,0.6391483265906572,0.6128151416778564,0.6113757640123367,0.5967747336253524,0.5959687978029251,0.4928647357970476,0.0009215799237265,0.4912364855408668,0.4932398311793804,0.4925945149734616,0.4932937854900956,0.4939590618014335,6.0,1.6733200530681511,7,8,6,6,3,0.5177782405957394,0.0029393845105948,0.5210261161098302,0.518863674888286,0.5202959949522886,0.5152652369967656,0.5134401800315265,0.5206323946851087,0.0034452683563541,0.5200922114737023,0.5210529950329268,0.5171649393400087,0.5179301380189961,0.5269216895599095,0.5224755420885038,0.0077872157205003,0.5327422848945983,0.5283846509983758,0.5101778031584743,0.5191002048644595,0.5219727665266113,433.771240234375,11.65214693026,426.9627990722656,428.9735412597656,422.9724426269531,455.9710998535156,433.976318359375,1015.3996215820312,0.4897589952437278,1015.9987182617188,1016.0001831054688,1015.0006713867188,1014.998779296875,1014.999755859375,0.0013785345945507,0.0007871107395863,0.0029527558945119,0.0009842519648373,0.0009852217044681,0.0009852217044681,0.0009852217044681,0.0009848338086158,4.750734557719872e-07,0.0009842519648373,0.0009842519648373,0.0009852217044681,0.0009852217044681,0.0009852217044681,0.0124071993865072,0.0060205512712991,0.0236220471560955,0.0098425196483731,0.0059113302268087,0.0098522175103425,0.0128078823909163,0.0045302744023501,0.0004828213304351,0.0039370078593492,0.0049212598241865,0.0049261087551712,0.0039408868178725,0.0049261087551712,0.0277710329741239,0.0042789068639575,0.0354330688714981,0.0265748035162687,0.0226600989699363,0.0256157647818326,0.0285714287310838,0.0094538616016507,0.0023782676892161,0.0118110235780477,0.0098425196483731,0.0108374385163187,0.0049261087551712,0.0098522175103425
-375,0.3407929809764027,0.00507986966294,0.3399959082404772,0.3397112584983309,0.3352456949651241,0.3386377080654104,0.3503743351126711,3.4689929649233817,0.0009736829928628,3.4675512661536536,3.468364167958498,3.4690419820447764,3.470335985223452,3.469671423236529,0.6252181233062097,0.0146335617566312,0.6295975915466746,0.6326603355507056,0.6372278730074564,0.6301537696272135,0.5964510467989991,0.4971143947293361,0.0018166271070943,0.5003990046679974,0.495390183913211,0.4976478290433685,0.4964297510062654,0.4957052050158381,0.3522596413269639,0.0022149246306274,0.3500462211668491,0.3535671615973115,0.3493387317284941,0.3551895767450332,0.3531565153971314,3.4828999757766725,0.0017933909841681,3.4843786880373955,3.483751341700554,3.483087547123432,3.4838733449578285,3.479408957064152,0.5999522674828768,0.0097100465022551,0.6176772080361843,0.5927240680903196,0.5987346172332764,0.589814031496644,0.6008114125579596,0.4925724435597658,0.0015534022431022,0.4895860543474555,0.4931836733594537,0.4940406205132603,0.4933471186086535,0.492704750970006,0.3489241249859333,0.0044340575640973,0.3445935826748609,0.3448201986029744,0.3479455914348364,0.3506769258528948,0.3565843263641,3.479214979708195,0.0020233424564126,3.477446600794792,3.479239523410797,3.4787628650665283,3.4775994420051575,3.4830264672636986,0.6091430457308888,0.0153702396714809,0.636909918859601,0.6017142403870821,0.6135012153536081,0.5928522609174252,0.6007375931367278,0.4926780642941594,0.0015228874992559,0.4896732587367296,0.493737468495965,0.4929775204509496,0.4934852859005332,0.4935167878866195,5.4,4.079215610874228,12,4,8,2,1,0.5122426665845775,0.0229927369647019,0.5104139298968589,0.5480018727620446,0.5234913756048647,0.4793053210200906,0.5000008336390286,0.5128759010497002,0.0154178518899591,0.509659648413852,0.53349619630828,0.5254757005231263,0.5063633766203112,0.4893845833829314,0.5149815626609681,0.0187810185321886,0.5214229600479947,0.5429549249505733,0.5174252647127754,0.5078303614836561,0.4852743021098407,433.7699279785156,11.651279307123442,426.96441650390625,428.9702453613281,422.9704284667969,455.9676208496094,433.9769287109375,1015.3996826171876,0.4898587259561651,1015.9996337890624,1015.9996337890624,1015.0006713867188,1015.0001831054688,1014.998291015625,0.0021659361664205,0.0019081753193701,0.0059055117890238,0.0019685039296746,0.0009852217044681,0.0009852217044681,0.0009852217044681,0.0007879834156483,0.000393991886837,0.0,0.0009842519648373,0.0009852217044681,0.0009852217044681,0.0009852217044681,0.015560102649033,0.0061475805895727,0.0206692907959222,0.0118110235780477,0.007881773635745,0.0128078823909163,0.0246305428445339,0.0055149142630398,0.0007865324130263,0.0049212598241865,0.0068897637538611,0.0049261087551712,0.0059113302268087,0.0049261087551712,0.0291509252041578,0.0055209722539763,0.0354330688714981,0.0236220471560955,0.0226600989699363,0.0285714287310838,0.0354679822921752,0.0106357397511601,0.0013025460940857,0.0108267720788717,0.0127952750772237,0.0098522175103425,0.0108374385163187,0.0088669955730438
-350,0.3380535779520869,0.0015920260670127,0.3408892530327042,0.3386294804513454,0.3371513305852811,0.3363880608230829,0.337209764868021,3.4698324921230475,0.0005972784159305,3.470066378513972,3.4686558097600937,3.4699676893651485,3.470240601648887,3.4702319813271365,0.6320155678937832,0.0024639165644039,0.6273059962938229,0.632462901994586,0.6323927796135346,0.6343357382963101,0.6335804232706627,0.4957430067161719,0.0003476721307263,0.4954741892094413,0.4963982487097382,0.4954951917752623,0.4955476938436429,0.4957997100427747,0.3513982757925987,0.0023277965100024,0.3493219027295708,0.349455289542675,0.3556031640619039,0.3521143272519111,0.3504966953769326,3.482435813546181,0.0013507614921987,3.4842110127210617,3.48299253731966,3.483018599450588,3.48171129822731,3.4802456200122833,0.5970299199223519,0.0110873651527094,0.6128304684534669,0.6073635257780552,0.5911193443462253,0.5838541369885206,0.5899821240454912,0.4935779506340623,0.000370755187265,0.493416516110301,0.4934484735131264,0.4938137121498585,0.4941474515944719,0.4930635998025536,0.3470244584605098,0.0075614954509962,0.3367011062800884,0.3391349883750081,0.3550003226846456,0.3528687693178653,0.3514171056449413,3.4790635108947754,0.0020956829944477,3.477231532335282,3.4779001250863075,3.4796555265784264,3.4776183664798737,3.482912003993988,0.6083904678002,0.0244501214261746,0.6476138979196548,0.6204372700303793,0.6030716970562935,0.574893768876791,0.5959357051178813,0.4928290242329239,0.0006041912027894,0.4919350082054734,0.4928933074697852,0.4923789808526635,0.4934827955439687,0.4934550290927291,5.4,1.4966629547095764,8,6,4,5,4,0.517910481972725,0.011046889186892,0.5247652963313065,0.5054398433674696,0.5200224352222584,0.5055722685382047,0.5337525664043857,0.5122698784295354,0.0030060093081253,0.5130505063441916,0.5082671832954532,0.5172183819059157,0.5102727436827118,0.5125405769194048,0.5202877679946625,0.0083059577660573,0.526223132458564,0.5224352681293432,0.5043822109345377,0.5209188429071568,0.5274793855437105,433.7710388183594,11.652389135515303,426.96441650390625,428.9731140136719,422.9690246582031,455.970458984375,433.9781799316406,1015.3994262695312,0.4901175878864726,1016.0001831054688,1015.9992065429688,1015.0001831054688,1014.998779296875,1014.998779296875,0.0017730112187564,0.0015765488278563,0.0009842519648373,0.0009842519648373,0.0009852217044681,0.0009852217044681,0.0049261087551712,0.0007877894677221,0.0003938949726037,0.0009842519648373,0.0009842519648373,0.0,0.0009852217044681,0.0009852217044681,0.0122124820947647,0.003333633712227,0.0127952750772237,0.0088582672178745,0.01576354727149,0.007881773635745,0.01576354727149,0.0047269308473914,0.0009636952594563,0.0049212598241865,0.0059055117890238,0.0029556651134043,0.0049261087551712,0.0049261087551712,0.0242277264595031,0.0043919679827819,0.0246062986552715,0.0196850392967462,0.0315270945429801,0.0197044350206851,0.0256157647818326,0.0098485320806503,0.0006258791818044,0.0098425196483731,0.0088582672178745,0.0098522175103425,0.0098522175103425,0.0108374385163187
-325,0.3371977974971135,0.0022235082824498,0.3400256484746933,0.3392812336484591,0.3362301367645462,0.3338713559011618,0.3365806126967072,3.467793482542038,0.0032196756269948,3.4688333893815675,3.468454616765181,3.4699065225819745,3.4614947165052095,3.470278167476257,0.6348905944575867,0.0030537997872519,0.6300567463040352,0.6346698608249426,0.6341800832500061,0.6395182311534882,0.6360280507554611,0.4991431254893541,0.005650415283382,0.4986516948168476,0.4961084313690662,0.4953901836027701,0.5101856350277861,0.4953796826303005,0.350823825597763,0.0013645153545831,0.3520246734842658,0.3513175761327147,0.3523548543453216,0.349407609552145,0.3490144144743681,3.4814050063490867,0.0021036219319899,3.484201192855835,3.4820373356342316,3.482369564473629,3.480498373508454,3.477918565273285,0.5972564212977887,0.0117060683597264,0.6196392420679331,0.5963149666786194,0.5935602402314544,0.5908511783927679,0.5859164791181684,0.4932918753474951,0.0007222603334576,0.4926097877323627,0.4932151734828949,0.4925728077068925,0.4945446541532874,0.4935169536620378,0.3469970012083649,0.003781750440523,0.3441752418875694,0.3409812822937965,0.3502132054418325,0.3490286478772759,0.3505866285413503,3.4776777595281603,0.0017901971951202,3.4765732288360596,3.477644771337509,3.4783609062433243,3.475237265229225,3.4805726259946823,0.6068022046238184,0.0198156058489768,0.6414434909820557,0.6088958885520697,0.6086523775011301,0.5851581264287233,0.5898611396551132,0.4932489357888698,0.0016427011520221,0.4919669674709439,0.4923449913039803,0.4919719453901052,0.4962852289900183,0.4936755457893014,10.2,6.615134163416491,10,7,5,23,6,0.518941174397008,0.0038028562706599,0.5261770158170849,0.5155545555236102,0.518667336198096,0.5161496603639227,0.5181573040823265,0.5140303016011607,0.0034929237749133,0.5175076380247468,0.5117028176974217,0.5155460238473919,0.5170359168168505,0.5083591116193927,0.5167479362421499,0.0073278987460801,0.5299689983358487,0.5165850023440517,0.5091838148196756,0.5172689201350837,0.5107329455760894,433.7716735839843,11.65204673279524,426.96685791015625,428.9755554199219,422.9685974121094,455.97064208984375,433.9767150878906,1015.3993286132812,0.4897988753624611,1016.0001831054688,1015.9982299804688,1015.0001831054688,1014.998779296875,1014.999267578125,0.0017728172242641,0.0007373764839705,0.0019685039296746,0.0009842519648373,0.0029556651134043,0.0009852217044681,0.0019704434089362,0.0005907451268285,0.0004823415062316,0.0009842519648373,0.0009842519648373,0.0,0.0009852217044681,0.0,0.0128018697723746,0.0040795475606113,0.0206692907959222,0.0098425196483731,0.0128078823909163,0.0098522175103425,0.0108374385163187,0.0043328421190381,0.0013346195871316,0.0049212598241865,0.0059055117890238,0.0019704434089362,0.0039408868178725,0.0049261087551712,0.0244241885840892,0.0029504338294795,0.0265748035162687,0.0206692907959222,0.0216748770326375,0.0246305428445339,0.0285714287310838,0.0104394713416695,0.0011842134665059,0.0098425196483731,0.0098425196483731,0.0098522175103425,0.0128078823909163,0.0098522175103425
-300,0.3376961762706438,0.0018478539537361,0.3405050942674279,0.3387471145639817,0.3350092334051927,0.336817482796808,0.3374019563198089,3.4694745140771075,0.0012684867320287,3.469985759506623,3.468531221151352,3.467484508951505,3.470665172984203,3.470705907791853,0.6327698595821857,0.0031069397231106,0.6273062198112408,0.6344038552294174,0.6365295238792896,0.633701104670763,0.6319085943202177,0.4967772522320349,0.0017075123977076,0.4957409057145317,0.4961672325929006,0.5001476888234416,0.4955371941129367,0.4962932399163643,0.3521640010178089,0.0012172782659977,0.351572242565453,0.3507892768830061,0.3512699669227004,0.3532212898135185,0.3539672289043665,3.482001106441021,0.0019000168678855,3.4831513687968254,3.483041875064373,3.483198679983616,3.482364535331726,3.4782490730285645,0.5990080080926419,0.0082881235406117,0.6058995677158237,0.6062140977010131,0.6027257302775979,0.5960806421935558,0.5841200025752187,0.4936030607670545,0.0003252073774146,0.4934165123850107,0.4937507100403309,0.4932781811803579,0.4941725609824061,0.4933973392471671,0.3474613428115845,0.0044800057031001,0.3431521113961935,0.3414494125172496,0.3483454193919897,0.3517745491117239,0.3525852216407656,3.4783898800611497,0.0011118383302418,3.4766982942819595,3.4790215864777565,3.4785309582948685,3.477736085653305,3.4799624755978584,0.6110399324446917,0.0146699101773643,0.6271560322493315,0.6170979719609022,0.6237883344292641,0.5916695902124047,0.5954877333715558,0.4931768588721752,0.000600820954541,0.4926093323156237,0.492452279664576,0.4939781157299876,0.4937348123639822,0.4931097542867064,5.8,1.9390719429665315,5,7,9,4,4,0.5035039222872394,0.0063750092748389,0.4969850664589038,0.5110758520494563,0.5089745894602178,0.4951348844022706,0.5053492190653484,0.508741195265973,0.0045896081809015,0.5065326643001922,0.5067047938862705,0.5141378426688741,0.5023985817303332,0.5139320937441947,0.5182115064354524,0.0074058186026508,0.5269535333718569,0.5137156362832137,0.5070547245587632,0.5254906070946663,0.5178430308687616,433.7711486816406,11.651888214178497,426.9646301269531,428.9708862304687,422.9712219238281,455.96978759765625,433.9792175292969,1015.3996337890624,0.4903465607691235,1016.0001831054688,1016.0001831054688,1014.999755859375,1014.999267578125,1014.998779296875,0.0017724293284118,0.0011476258131919,0.0039370078593492,0.0009842519648373,0.0019704434089362,0.0009852217044681,0.0009852217044681,0.0009848338086158,4.750734557719872e-07,0.0009842519648373,0.0009842519648373,0.0009852217044681,0.0009852217044681,0.0009852217044681,0.0141825377941131,0.0042103342229976,0.0118110235780477,0.0118110235780477,0.01576354727149,0.0098522175103425,0.0216748770326375,0.0049241691827774,2.375481342114623e-06,0.0049212598241865,0.0049212598241865,0.0049261087551712,0.0049261087551712,0.0049261087551712,0.0293458368629217,0.0062924215937309,0.0383858270943164,0.031496062874794,0.0256157647818326,0.0197044350206851,0.0315270945429801,0.0094544433057308,0.0010050093667928,0.0088582672178745,0.0098425196483731,0.0108374385163187,0.0098522175103425,0.007881773635745
-275,0.3368101086467504,0.0018048251014077,0.3363492709274093,0.339251156275471,0.3372817082951466,0.3337284301718076,0.3374399775639176,3.4659200566510364,0.0049802635681042,3.4575223959982395,3.4682029175261655,3.470427760233482,3.463071742405494,3.470375467091799,0.6347921073436738,0.0027544086441598,0.6344844220827023,0.6341192536056042,0.6317308930059274,0.6399631835520267,0.6336627844721079,0.5013069647053878,0.0074946506704937,0.5136445580671231,0.4951591690381368,0.4953054791937272,0.5064473946889242,0.4959782225390275,0.3508154610171914,0.0020288984318938,0.3487487668171525,0.3521118918433785,0.3541147634387016,0.3490280788391828,0.3500738041475415,3.481136643886566,0.0020533648620272,3.48408817499876,3.4805669635534286,3.4826710373163223,3.4801841601729393,3.4781728833913803,0.5984342772513628,0.0102074437569509,0.6151445060968399,0.5912536792457104,0.5966413272544742,0.6034266371279955,0.5857052365317941,0.4931544542312622,0.0007547101642361,0.4917405163869262,0.4933850122615695,0.4940150519832968,0.4932781802490353,0.4933535102754831,0.3477459892630577,0.004741774103986,0.3416103310883045,0.342902222648263,0.3535438682883978,0.3488748930394649,0.3517986312508583,3.47750903069973,0.0020753892627175,3.475484199821949,3.4766820296645164,3.478820718824863,3.4756479635834694,3.4809102416038513,0.6070840537548066,0.0175661135399904,0.6398426461964846,0.6009613908827305,0.6088303746655583,0.5965263592079282,0.589259497821331,0.4936356678605079,0.0011667363644955,0.4938118914142251,0.4927234724164009,0.4923159768804908,0.4956854470074177,0.4936415515840053,12.0,9.838699100999074,29,7,3,17,4,0.5296521794212756,0.0185855042673774,0.5002840474977417,0.5374747632532103,0.5555380150135363,0.5196102721527094,0.5353537991891802,0.522072422488255,0.0099128049029835,0.5081987972230393,0.529500560171196,0.5354177352801942,0.5231921176516054,0.5140529021152407,0.5262544696860796,0.00634626273147,0.5258067316053634,0.5283018572498104,0.5356766845778222,0.5256150930739374,0.5158719819234644,433.7719665527344,11.651658571260812,426.96484375,428.9763793945313,422.9712219238281,455.970458984375,433.9769287109375,1015.3990356445312,0.4898139874604996,1015.9982299804688,1015.9996337890624,1015.0001831054688,1014.9978637695312,1014.999267578125,0.0023633684031665,0.0014730420523108,0.0049212598241865,0.0009842519648373,0.0019704434089362,0.0029556651134043,0.0009852217044681,0.0007879834156483,0.000393991886837,0.0,0.0009842519648373,0.0009852217044681,0.0009852217044681,0.0009852217044681,0.01299988348037,0.0028125437757437,0.016732282936573,0.0088582672178745,0.0137931033968925,0.0108374385163187,0.0147783253341913,0.00531786987558,0.0010029859622748,0.0068897637538611,0.0049212598241865,0.0059113302268087,0.0039408868178725,0.0049261087551712,0.0267877507954835,0.0050373175103824,0.03248031437397,0.0196850392967462,0.0325123146176338,0.0236453209072351,0.0256157647818326,0.009651100076735,0.0007333394952588,0.0108267720788717,0.0098425196483731,0.0098522175103425,0.0088669955730438,0.0088669955730438
-250,0.3384115967899561,0.0012525801975447,0.3395978137850761,0.3396402895450592,0.3377307802438736,0.336327804873387,0.3387612955023845,3.4698125754793487,0.0005124446925572,3.469125715394815,3.4694575518369675,3.4697538005808988,3.4701326874395213,3.4705931221445403,0.631483942332367,0.0028755760714594,0.6313370379308859,0.6308681694790721,0.6310748998075724,0.6365469750016928,0.6275926294426123,0.4957809489841263,0.0014816305132748,0.4981308598071337,0.4960832276071111,0.4955693961431582,0.495642199801902,0.4934790615613262,0.3510205071419477,0.0012017959068262,0.349549806676805,0.3510750941932201,0.3528140503913164,0.349891684949398,0.3517718994989991,3.482462739944458,0.0022023568856753,3.4843223243951797,3.484268434345722,3.482742503285408,3.4826894626021385,3.4782909750938416,0.6019487889483571,0.0091026503051811,0.6164577808231115,0.6082309540361166,0.5986866429448128,0.5930427554994822,0.5933258114382625,0.4929553972557187,0.0004342965201373,0.4922381583601236,0.4930891674011946,0.4935174100100994,0.4931836714968085,0.4927485790103674,0.3472315477207303,0.0064605671767781,0.3374873595312238,0.3416433157399297,0.3513880604878068,0.3516383897513151,0.3540006130933761,3.4788329914212226,0.0017624695539747,3.475610300898552,3.479800559580326,3.4794206842780113,3.478554494678974,3.48077891767025,0.6129590837284923,0.02494148126488,0.6554383523762226,0.6190000288188457,0.6125210300087929,0.5813924735412002,0.5964435338973999,0.4933933220803738,0.000336628587428,0.492967271246016,0.4933594474568963,0.4931665323674679,0.4935167878866195,0.493956571444869,5.2,2.7856776554368237,10,5,3,6,2,0.5088496499526477,0.0230239232341986,0.4968432432405968,0.554873214457086,0.4964694339068655,0.4986771435631826,0.4973852145955079,0.5085467406400677,0.0125037607743679,0.5022085433166779,0.5311904768670385,0.5112453717689552,0.5035694087996966,0.4945199024479701,0.5154167483328359,0.0103536555625856,0.5194041216624574,0.5305742545444541,0.511272015640155,0.5168793967352487,0.498953953081864,433.7720886230469,11.65158426516284,426.9664611816406,428.9733276367187,422.97064208984375,455.96978759765625,433.980224609375,1015.3994262695312,0.4899183088807593,1016.0001831054688,1015.9987182617188,1015.0001831054688,1014.998779296875,1014.999267578125,0.0021659361664205,0.0023619138235815,0.0068897637538611,0.0009842519648373,0.0009852217044681,0.0009852217044681,0.0009852217044681,0.0009848338086158,4.750734557719872e-07,0.0009842519648373,0.0009842519648373,0.0009852217044681,0.0009852217044681,0.0009852217044681,0.0124081689864397,0.0045142668464049,0.0196850392967462,0.0088582672178745,0.0088669955730438,0.01576354727149,0.0088669955730438,0.0047275125980377,0.0013076888402903,0.0029527558945119,0.0049212598241865,0.0039408868178725,0.0068965516984462,0.0049261087551712,0.027967108041048,0.0111785150531638,0.047244094312191,0.0196850392967462,0.0167487692087888,0.0334975384175777,0.0226600989699363,0.0098487259820103,0.0018709665845734,0.0078740157186985,0.0098425196483731,0.0108374385163187,0.0128078823909163,0.007881773635745
-225,0.3385075051337481,0.0008874529358235,0.3377946742499868,0.340033695101738,0.3374881409108639,0.3384688083703319,0.3387522070358197,3.4681184177597366,0.0030125571648409,3.4622133187949657,3.468467162301143,3.469837830712398,3.4702216126024723,3.469852164387703,0.6306228402381142,0.0015953575794432,0.6330563969289263,0.6303678136318922,0.6316184302171072,0.6296315460155407,0.6284400143971046,0.4978774442647894,0.0048670096770271,0.5075961680461963,0.4951171676317851,0.495757007971406,0.4951696721836924,0.4957472054908673,0.3529814491048455,0.0025971126121352,0.3490051981061697,0.3514042226597667,0.3535345597192645,0.3543373011052608,0.3566259639337659,3.4823275581002235,0.002496127853033,3.4835913702845573,3.483489267528057,3.4840137735009193,3.483179435133934,3.47736394405365,0.5986932447180152,0.0148705074842017,0.6167420195415616,0.6118009351193905,0.5962438341230154,0.594087615609169,0.5745918191969395,0.4933459315448999,0.0007462219500163,0.4919920777902007,0.4941159496083855,0.4935301961377263,0.493895435705781,0.4931959984824061,0.3485808175057173,0.0080412363035295,0.3385369563475251,0.3400943763554096,0.3537247087806463,0.3511296920478344,0.3594183539971709,3.478222106397152,0.0019850921330783,3.47499493509531,3.478382371366024,3.4800003319978714,3.477243147790432,3.480489745736122,0.6116994151845574,0.0274354892812087,0.6548104267567396,0.6278346087783575,0.6062797661870718,0.5939131546765566,0.5756591195240617,0.4931144522503018,0.0004108211775721,0.4931745463982224,0.493138930760324,0.4923474788665771,0.4933592779561877,0.4935520272701978,5.6,5.748043145279966,17,4,3,2,2,0.518099430410768,0.0124462032346982,0.5027151973028978,0.5364911638939529,0.5148771334637938,0.5084804953801524,0.5279331620130435,0.5142242094876346,0.0176806302454669,0.499500529566689,0.5395516953356967,0.5015394178700733,0.531722009987566,0.4988073946781481,0.5211725677362542,0.0184958829582225,0.5194279953132644,0.5483519142108552,0.5006526265007284,0.5350794760191575,0.5023508266372655,433.7699890136719,11.65205970042934,426.9642028808594,428.970458984375,422.9698181152344,455.9693603515625,433.9761047363281,1015.39990234375,0.4897286317855691,1015.9992065429688,1016.0001831054688,1015.0001831054688,1015.0001831054688,1014.999755859375,0.0039381716400384,0.0035208251017557,0.0108267720788717,0.0029527558945119,0.0029556651134043,0.0009852217044681,0.0019704434089362,0.0009848338086158,4.750734557719872e-07,0.0009842519648373,0.0009842519648373,0.0009852217044681,0.0009852217044681,0.0009852217044681,0.0139841360971331,0.003956649741605,0.0196850392967462,0.0108267720788717,0.0098522175103425,0.0118226604536175,0.0177339911460876,0.0061054654419422,0.0011456305507894,0.0078740157186985,0.0068897637538611,0.0049261087551712,0.0059113302268087,0.0049261087551712,0.0307247590273618,0.0063822082239419,0.0433070883154869,0.0285433065146207,0.0285714287310838,0.0256157647818326,0.027586206793785,0.0108325902372598,0.0012403915216123,0.0127952750772237,0.0118110235780477,0.0098522175103425,0.0098522175103425,0.0098522175103425
-200,0.3390676818788051,0.0022924038130515,0.3421468002100785,0.3414401027063529,0.3364530963202317,0.3380403670792778,0.3372580430780847,3.4700325633088744,0.0006747875898494,3.4704128727316856,3.4687134015063443,3.4701106511056423,3.4705504464606443,3.470375444740057,0.630661031914254,0.0033168885399089,0.6266031355286638,0.6287096769859394,0.6352629655351242,0.6288580621282259,0.6338713193933169,0.4961717132478952,0.0003620003329045,0.4964297482122977,0.4963037424410383,0.4966194620355963,0.495653400508066,0.4958522130424778,0.3520108746364713,0.0006587940451968,0.3510533031076193,0.3518141685053706,0.3516794964671135,0.3527762116864323,0.3527311934158206,3.4820600658655168,0.002440040219337,3.4844926595687866,3.484136298298836,3.4818196296691895,3.482203297317028,3.477648444473743,0.5992869451642037,0.0134984807734674,0.6119949873536825,0.6131450571119785,0.5970686310902238,0.598430572077632,0.5757954781875014,0.4934217179194092,0.0004871233102648,0.4931959994137287,0.4941789526492357,0.492887370288372,0.4937949944287538,0.493051272816956,0.3472313180565834,0.0056779277335767,0.337755648419261,0.3436335800215602,0.3507752576842904,0.352494747377932,0.3514973567798733,3.478175310790539,0.001406309935391,3.47579063475132,3.4792961478233337,3.478832975029946,3.4773992002010345,3.4795575961470604,0.6111395332962275,0.0223872225241198,0.6482261251658201,0.6209496092051268,0.6093796286731958,0.5910736322402954,0.5860686711966991,0.4932033048942685,0.0004567051174057,0.4926659446209669,0.4931832170113921,0.4927570065483451,0.493545800447464,0.4938645558431744,4.6,1.4966629547095764,7,3,5,3,5,0.5148208942259869,0.0128888081798075,0.5031031061678791,0.5045386138989861,0.523504917170514,0.5069272117507905,0.5360306221417646,0.5128503827594446,0.0059867514380102,0.5124620351611231,0.5037856779773342,0.5209525232610127,0.5174200083856824,0.5096316690120708,0.5213188032933401,0.0044170516647523,0.5266444610192531,0.5206281516591079,0.5165115823520735,0.5261792114520967,0.5166306099841695,433.77198486328126,11.65277625918114,426.96441650390625,428.97369384765625,422.97064208984375,455.9723815917969,433.9787902832031,1015.3997924804688,0.4895939985763923,1015.9992065429688,1015.9996337890624,1015.0001831054688,1014.999755859375,1015.0001831054688,0.0009848338086158,4.750734557719872e-07,0.0009842519648373,0.0009842519648373,0.0009852217044681,0.0009852217044681,0.0009852217044681,0.0007879834156483,0.000393991886837,0.0,0.0009842519648373,0.0009852217044681,0.0009852217044681,0.0009852217044681,0.0098481440916657,0.0013912645273011,0.0118110235780477,0.0088582672178745,0.0098522175103425,0.007881773635745,0.0108374385163187,0.0047273187898099,0.0003951599277775,0.0039370078593492,0.0049212598241865,0.0049261087551712,0.0049261087551712,0.0049261087551712,0.0248167257755994,0.0079299708148593,0.0393700785934925,0.015748031437397,0.0256157647818326,0.0216748770326375,0.0216748770326375,0.01004538256675,0.0003960517220227,0.0098425196483731,0.0098425196483731,0.0098522175103425,0.0108374385163187,0.0098522175103425
-175,0.3376964184145132,0.0025075560870928,0.3347427016124129,0.3421646884332101,0.3361111025636394,0.3373900558799505,0.3380735435833533,3.465909809867541,0.0076255701586274,3.4507164607445397,3.4687656859556832,3.4692019186913967,3.4704845882952213,3.4703803956508636,0.6331344380974768,0.0027160173950847,0.6366058966765801,0.6289908643811941,0.6355806613961855,0.6324773691594601,0.6320173988739649,0.5017947547758619,0.0122242220497221,0.5262264621754488,0.4961042307938139,0.4958844160040219,0.4959362177178263,0.4948224471881985,0.3505135789513588,0.0010709284861797,0.3512062449008226,0.3521183189004659,0.3496678629890084,0.3504624655470252,0.3491130024194717,3.482080614566803,0.0018247206571073,3.4817035496234894,3.482680991292,3.4843431785702705,3.482829712331295,3.47884564101696,0.6048028521239758,0.0087405053534752,0.6201287964358926,0.6027370458468795,0.6076944842934608,0.5981462392956018,0.595307694748044,0.4946954965591431,0.0022560070729489,0.4991996483877301,0.4934986913576722,0.4938264982774853,0.4934859098866582,0.4934667348861694,0.3474200077354908,0.0039473630708546,0.345101723447442,0.341327547095716,0.3479344742372632,0.3499582577496767,0.352778036147356,3.4782793149352074,0.0028579241858729,3.473149187862873,3.4783215895295143,3.479949876666069,3.4782720133662224,3.481703907251358,0.6135342974215746,0.0188747882086399,0.6423111706972122,0.616614593192935,0.6229421235620975,0.591526229865849,0.5942773697897792,0.494463518075645,0.0020408744314149,0.4985298858955502,0.4931768244132399,0.4937348142266273,0.4934197915717959,0.4934562742710113,9.8,12.155657119218196,34,3,6,3,3,0.5179951890251547,0.0166954131531685,0.4962040170910912,0.5375801353795236,0.5086459035193506,0.509969235897424,0.5375766532383838,0.5115200057651565,0.0035244259190371,0.512059193498837,0.51092747029518,0.5119889178701268,0.5057823120460783,0.5168421351155608,0.515821949660489,0.009219524028403,0.5307152949826415,0.5163419920493352,0.5091229280108386,0.5037165746280525,0.5192129586315777,433.7705017089844,11.650980699108176,426.963623046875,428.9735412597656,422.971435546875,455.9678039550781,433.9761047363281,1015.3995971679688,0.4893551560223733,1015.9982299804688,1015.9996337890624,1015.0006713867188,1015.0001831054688,1014.999267578125,0.0039377836510539,0.005937908126309,0.015748031437397,0.0,0.0019704434089362,0.0009852217044681,0.0009852217044681,0.0009850277565419,0.0006231090380063,0.0009842519648373,0.0,0.0019704434089362,0.0009852217044681,0.0009852217044681,0.0194949771277606,0.0184149748258683,0.0561023615300655,0.0068897637538611,0.0118226604536175,0.0098522175103425,0.0128078823909163,0.0045302744023501,0.0015994127265374,0.0068897637538611,0.0019685039296746,0.0039408868178725,0.0049261087551712,0.0049261087551712,0.0385985806584358,0.0287604551592539,0.094488188624382,0.017716534435749,0.0226600989699363,0.0206896550953388,0.0374384261667728,0.0102420391514897,0.0007845012045716,0.0118110235780477,0.0098425196483731,0.0098522175103425,0.0098522175103425,0.0098522175103425
-150,0.338482452277094,0.0010925630969003,0.3399954554624855,0.3367780698463321,0.3379839224119981,0.3392067834114035,0.3384480302532514,3.4683471401532495,0.0032372460168627,3.4694831147789955,3.461921911686659,3.469778586179018,3.470684964209795,3.469867123911778,0.6306753652791183,0.0037899829764656,0.6289793346077204,0.6381514575332403,0.6281174998730421,0.6282526546468338,0.6298758797347546,0.4975205607712268,0.004295674121351,0.4965347576265533,0.5058446554467082,0.4952214729661743,0.493583367827038,0.4964185499896605,0.3532133582979441,0.0038548315088177,0.3502188520506024,0.3473135642707348,0.3546973653137684,0.3575763395056128,0.3562606703490019,3.481841003894806,0.0024003421482435,3.4848702251911163,3.4810447096824646,3.4825896620750427,3.482995256781578,3.477705165743828,0.5953417245298624,0.0156177219133004,0.6162164602428675,0.6088345097377896,0.5955507624894381,0.576649266295135,0.5794576238840818,0.4936457939445972,0.0005217024101424,0.4939712230116129,0.4944054055958986,0.4933599010109901,0.4936183085665107,0.4928741315379739,0.3495807388797402,0.0094243587464597,0.3389651728793978,0.33791393507272,0.3529370734468102,0.3574744015932083,0.3606131114065647,3.4780984669923782,0.0013687471832741,3.477041557431221,3.4764626249670982,3.4784025400877,3.4781462997198105,3.4804393127560616,0.6044672077521682,0.0284620583594071,0.6465381942689419,0.6195581462234259,0.6103128101676702,0.5688650188967586,0.5770618692040443,0.4937035689130425,0.0011397292907192,0.4920546244829893,0.4956330694258213,0.4934827955439687,0.4936390621587634,0.49370829295367,4.6,3.878143885933063,5,12,2,2,2,0.5265771654151618,0.0258981340682052,0.4782839996082111,0.5461035111487683,0.5322843027502177,0.5511762990212877,0.5250377145473243,0.5215495187371598,0.0132158816646481,0.5019065452418551,0.5399905387674626,0.5291176924909944,0.5242756546962424,0.5124571624892446,0.5229276108560773,0.0090065711683309,0.5177104880284631,0.5390436951844171,0.5264257681213906,0.5169057965048944,0.5145523064412215,433.7714904785156,11.65247808070158,426.9656677246094,428.9739074707031,422.9682312011719,455.9708557128906,433.9787902832031,1015.3991333007812,0.489958533690434,1016.0001831054688,1015.9982299804688,1015.0001831054688,1014.998291015625,1014.998779296875,0.0013787285424768,0.0004823418961605,0.0019685039296746,0.0009842519648373,0.0019704434089362,0.0009852217044681,0.0009852217044681,0.0009848338086158,4.750734557719872e-07,0.0009842519648373,0.0009842519648373,0.0009852217044681,0.0009852217044681,0.0009852217044681,0.0088638923130929,0.0023327742559926,0.0078740157186985,0.0078740157186985,0.0059113302268087,0.0128078823909163,0.0098522175103425,0.0049241691827774,2.375481342114623e-06,0.0049212598241865,0.0049212598241865,0.0049261087551712,0.0049261087551712,0.0049261087551712,0.0254092160612344,0.0054827634760825,0.0285433065146207,0.0196850392967462,0.0206896550953388,0.0344827584922313,0.0236453209072351,0.0092577870935201,0.0007917678839335,0.0088582672178745,0.0078740157186985,0.0098522175103425,0.0098522175103425,0.0098522175103425
-125,0.3368963269516825,0.0026603196717749,0.3397704365973671,0.3355762508387367,0.338608377923568,0.3323376545061667,0.3381889148925741,3.46524790674448,0.0059749732612066,3.468695325156053,3.457651411493619,3.470970413337151,3.4583405231436095,3.470581860591968,0.6338305830955505,0.0055609972675935,0.6306002686421076,0.638404551272591,0.6286171401540438,0.6424212915201982,0.6291096638888121,0.5022282239049672,0.0079610674602386,0.4979838489865263,0.5109521855289737,0.4947391425569852,0.512737300246954,0.4947286422053973,0.3500873608514666,0.002625975444424,0.3488118639215827,0.3479993352666497,0.353664418682456,0.3471811423078179,0.3527800440788269,3.481255753338337,0.0017979414410046,3.4827675744891167,3.480401858687401,3.4838303849101067,3.4804440811276436,3.478834867477417,0.6020293943583965,0.0122991464624541,0.608936658129096,0.6131631378084421,0.5992977283895016,0.6095408787950873,0.5792085686698556,0.4934304855763912,0.001090186887708,0.4926353543996811,0.495495649985969,0.4934229049831629,0.4924468044191599,0.4931517140939832,0.3453362852334976,0.006734190267494,0.3369655534625053,0.3385514263063669,0.3533431394025683,0.3456717338413,0.3521495731547475,3.4767103403806687,0.0031684643178973,3.473523773252964,3.474731408059597,3.4804311767220497,3.4741740450263023,3.48069129884243,0.614498264528811,0.0184240131705689,0.642317321151495,0.6260936241596937,0.6111910678446293,0.6043839817866683,0.5885053277015686,0.4958213441073894,0.0027242588321431,0.494152476079762,0.4988910183310509,0.4932610373944044,0.499373679049313,0.4934285096824169,10.4,7.031358332498778,9,17,3,20,3,0.5355622669515407,0.0225739258338747,0.4974855326938036,0.5585427086663965,0.5225884870611951,0.5515580169126535,0.547636589423655,0.5263565597559842,0.019561632683931,0.5070554589490511,0.5553077796634016,0.5107602755615103,0.5441899791006573,0.5144693055053002,0.5303097881246338,0.0170103675137118,0.5254034185119143,0.5559798428844658,0.5100043674058494,0.5433344049442027,0.5168269068767369,433.769580078125,11.652180066792551,426.963623046875,428.970458984375,422.9685974121094,455.9689025878906,433.976318359375,1015.3987548828125,0.4894700226298682,1015.9987182617188,1015.9977416992188,1015.0001831054688,1014.9978637695312,1014.999267578125,0.0027568752411752,0.0018038465157742,0.0029527558945119,0.0059055117890238,0.0009852217044681,0.0029556651134043,0.0009852217044681,0.0007879834156483,0.000393991886837,0.0,0.0009842519648373,0.0009852217044681,0.0009852217044681,0.0009852217044681,0.0183173656463623,0.0040634828698545,0.0226377956569194,0.016732282936573,0.0236453209072351,0.0137931033968925,0.0147783253341913,0.0055149142630398,0.0007865324130263,0.0049212598241865,0.0068897637538611,0.0059113302268087,0.0049261087551712,0.0049261087551712,0.0338790200650691,0.0071782002722075,0.034448817372322,0.0295275598764419,0.0472906418144702,0.0266009867191314,0.0315270945429801,0.0114231413230299,0.0023748624231031,0.0118110235780477,0.015748031437397,0.0108374385163187,0.0098522175103425,0.0088669955730438
-100,0.3386524623259902,0.0015383798492634,0.3414303775255878,0.3392241547505061,0.3374181600908438,0.3377145119011402,0.337475107361873,3.469848699619373,0.0008993375315697,3.470238390068213,3.468110464513302,3.4698784289260707,3.470498126000166,3.470518088589112,0.6312069800992807,0.0025180318694812,0.6268638931214809,0.634419908747077,0.6323207834114631,0.6304162784169117,0.6320140367994705,0.4960623672852914,0.0006843713011613,0.4958102128778894,0.4970597910384337,0.4960622284561395,0.4949806565418839,0.49639894751211,0.3527444073930382,0.0022043361402674,0.3509127590805292,0.3510544691234827,0.3544267518445849,0.3562681572511792,0.3510598996654153,3.4810805991292,0.0015596303272089,3.483010359108448,3.481789581477642,3.481648825109005,3.480588510632515,3.47836571931839,0.596791154704988,0.0096271116047019,0.6090322863310575,0.5954894758760929,0.6037426386028528,0.580651911906898,0.5950394608080387,0.4936800342053175,0.0004404129305249,0.4929001536220312,0.4935429785400629,0.4940780559554696,0.4940972290933132,0.4937817538157105,0.3491966400295496,0.0077420135198383,0.3377541024237871,0.3425300568342209,0.3531682966277003,0.3583403257653117,0.3541904184967279,3.4779448434710503,0.0020758812440976,3.4756078720092773,3.477825865149498,3.4778049513697624,3.476724624633789,3.4817609041929245,0.6055587140843273,0.0247967025474856,0.643007880076766,0.6036022249609232,0.6176036465913057,0.5677698906511068,0.5958099281415343,0.4929556218907237,0.0011423795633196,0.4907762818038463,0.4930129256099462,0.4932622825726866,0.4939868273213506,0.4937397921457886,4.2,1.16619037896906,5,6,4,3,3,0.5232382163000339,0.0242083628631384,0.4771773019276207,0.5452298732187654,0.5234310490360491,0.5307096433159352,0.5396432140017992,0.5188920465044509,0.0150549619019254,0.4963191915969945,0.5402506890856583,0.521962177617079,0.5268067698330869,0.5091214043894358,0.5226458321551503,0.0085459605303916,0.5132755593454288,0.534843706717029,0.5223213807933597,0.529310660845399,0.5134778530745352,433.7713256835938,11.651200815192295,426.9664611816406,428.9735412597656,422.9720153808594,455.9695434570313,433.9750671386719,1015.3994140625,0.4899031580259055,1015.9996337890624,1015.9992065429688,1015.0001831054688,1014.999267578125,1014.998779296875,0.0021670998074114,0.002364725985285,0.0009842519648373,0.0009842519648373,0.0009852217044681,0.0068965516984462,0.0009852217044681,0.0011818781495094,0.0003942828682211,0.0009842519648373,0.0009842519648373,0.0009852217044681,0.0019704434089362,0.0009852217044681,0.0088636981323361,0.0013944165468839,0.0088582672178745,0.0078740157186985,0.0068965516984462,0.0098522175103425,0.0108374385163187,0.0049241690896451,0.000623113444994,0.0049212598241865,0.0049212598241865,0.0039408868178725,0.0059113302268087,0.0049261087551712,0.028557077050209,0.0109715382473351,0.050196848809719,0.0226377956569194,0.0266009867191314,0.0216748770326375,0.0216748770326375,0.0098485320806503,0.0006258791818044,0.0098425196483731,0.0088582672178745,0.0108374385163187,0.0098522175103425,0.0098522175103425
-75,0.3380698925505082,0.0010452076462248,0.3385197771713137,0.3391242623329162,0.3362544390062491,0.3388594910502434,0.3375914931918184,3.468472891797622,0.0021315992409816,3.4643727876245975,3.4684353520472846,3.4694888231654963,3.470062488069137,3.470005008081595,0.6321858746310074,0.0027386962969312,0.6303253701577584,0.6339991018176079,0.6361876378456751,0.6283485336850086,0.6320687296489874,0.4978880848114689,0.0032506938940714,0.5041897498692075,0.4959089169278741,0.496902280797561,0.4950646633903185,0.4973748130723834,0.3512126138433814,0.0013742302198178,0.3504623007029295,0.3502971716225147,0.3499749144539237,0.3537354655563831,0.3515932168811559,3.4821175277233123,0.0023211132275503,3.483053632080555,3.483189381659031,3.484396569430828,3.482268527150154,3.477679528295994,0.5997239530086518,0.0072219605586196,0.6102716689929366,0.5982784135267138,0.6056235758587718,0.5924544977024198,0.5919916089624166,0.4936530997976661,0.0010116048499385,0.4930179510265589,0.4947647079825401,0.4948468888178468,0.4933914029970765,0.492244548164308,0.3478376826271415,0.0058311002453755,0.3429111344739795,0.3393535455688834,0.3493491131812334,0.3532056575641036,0.3543689623475075,3.4783366098999977,0.0028447845449106,3.4731101617217064,3.4794531613588333,3.48074534535408,3.4776619747281075,3.480712406337261,0.6097185090184212,0.0186344235273273,0.6380677558481693,0.6125354059040546,0.6188622359186411,0.5857857819646597,0.5933413654565811,0.4952212855219841,0.0027553013437361,0.5006277384236455,0.4928554147481918,0.4943636106327176,0.494048586115241,0.4942110776901245,5.6,3.1368774282716245,11,6,6,2,3,0.5292891823275135,0.0193044748428657,0.4929057297085447,0.5496396468406043,0.5386875449362895,0.5298607377170255,0.5353522524351036,0.5224343277779256,0.0113664419155974,0.512912110641618,0.5407002193754715,0.5304958334553664,0.5112505796292216,0.5168128957879508,0.5248398385914406,0.0097520561445529,0.5326558426785921,0.5388589845106455,0.5196347378885504,0.5114006418215429,0.5216489860578717,433.7702392578125,11.653361671752856,426.9634094238281,428.9708862304687,422.968017578125,455.97174072265625,433.9771423339844,1015.39970703125,0.4896889747787304,1015.9987182617188,1016.0001831054688,1015.0001831054688,1014.999267578125,1015.0001831054688,0.0017728172242641,0.001149022856464,0.0009842519648373,0.0019685039296746,0.0039408868178725,0.0009852217044681,0.0009852217044681,0.0011816842015832,0.0003934100433233,0.0009842519648373,0.0019685039296746,0.0009852217044681,0.0009852217044681,0.0009852217044681,0.0143788063898682,0.0033304261849496,0.0187007877975702,0.0088582672178745,0.01576354727149,0.0128078823909163,0.01576354727149,0.0053180638700723,0.0004820313480555,0.0059055117890238,0.0049212598241865,0.0059113302268087,0.0049261087551712,0.0049261087551712,0.0334829915314912,0.0052776262740343,0.0383858270943164,0.0354330688714981,0.0305418726056814,0.0246305428445339,0.0384236462414264,0.0106359336525201,0.0014452636154966,0.0127952750772237,0.0098425196483731,0.0118226604536175,0.0098522175103425,0.0088669955730438
-50,0.3377405868843197,0.0022938531358212,0.3415856737022598,0.3345640134066343,0.3368266246592005,0.3373303714518745,0.3383962512016296,3.466742050647736,0.0067089233986883,3.4699288370708623,3.453331088026365,3.4700357479353747,3.4699118845164776,3.4705026956895986,0.6318786544104418,0.0044085576359084,0.6249598109473785,0.638774431621035,0.6322960332036018,0.6325483365605274,0.6308146597196659,0.5001670109108091,0.008911179051059,0.4964192503442367,0.5179414308319489,0.496324743454655,0.4946026342610518,0.4955469956621527,0.3501006012782454,0.0020625089603421,0.3505392083898186,0.3479537172242999,0.3487454866990447,0.3538616141304374,0.3494029799476266,3.4815103143453596,0.0021955017205601,3.4843016490340233,3.479352965950966,3.482569225132466,3.4827970787882805,3.478530652821064,0.6033521566540003,0.012272156146856,0.6245962735265493,0.6060070898383856,0.6019223378971219,0.5876347767189145,0.5966003052890301,0.4942179422825575,0.0008383272011286,0.4938954338431358,0.4958293857052922,0.4939835490658879,0.4933726843446493,0.4940086584538221,0.3458378685638308,0.0072090733607959,0.3388978410512209,0.3361842036247253,0.3472956847399473,0.3543607573956251,0.3524508560076356,3.4774260476231573,0.0027644790573018,3.4757814034819603,3.473096914589405,3.479076012969017,3.4780557304620743,3.481120176613331,0.6143194979056716,0.0261345927021308,0.6563949473202229,0.6239533498883247,0.6151209492236376,0.5787743898108602,0.5973538532853127,0.4943286197260022,0.0031880509661372,0.4912364836782217,0.5004962496459484,0.4931022822856903,0.4934475580230355,0.4933605249971151,7.0,7.042726744663604,3,21,5,3,3,0.5180922444955198,0.0285745009442507,0.4674438093117657,0.5551412042946826,0.5286445822118345,0.5233991159238309,0.5158325107354853,0.522156418922681,0.0171665206013876,0.4984645616174977,0.5495761919532562,0.5272823169940384,0.5246153399251547,0.510843684123458,0.5263626520332143,0.0142719517834173,0.5218775140842358,0.5535550214072804,0.5230501008342194,0.5221357697603206,0.5111948540800152,433.7698486328125,11.652453239587024,426.96588134765625,428.9675903320313,422.96923828125,455.9700012207031,433.9765319824219,1015.3990356445312,0.4892411438925479,1015.9996337890624,1015.996826171875,1014.999755859375,1014.998779296875,1015.0001831054688,0.0013783406466245,0.0013349900177969,0.0009842519648373,0.0039370078593492,0.0009852217044681,0.0009852217044681,0.0,0.0007879834156483,0.000393991886837,0.0009842519648373,0.0,0.0009852217044681,0.0009852217044681,0.0009852217044681,0.0108323959633708,0.0022422324798898,0.0127952750772237,0.0127952750772237,0.0068965516984462,0.0098522175103425,0.0118226604536175,0.0047273187898099,0.0003951599277775,0.0049212598241865,0.0039370078593492,0.0049261087551712,0.0049261087551712,0.0049261087551712,0.0246196813881397,0.0038311632148064,0.031496062874794,0.0236220471560955,0.0216748770326375,0.0206896550953388,0.0256157647818326,0.0098485321737825,0.0016482503445932,0.0118110235780477,0.0068897637538611,0.0098522175103425,0.0098522175103425,0.0108374385163187
-25,0.3417075764387846,0.0055322758637495,0.3407549560070038,0.3405567693213622,0.3367145946249366,0.3381603897238771,0.3523511725167433,3.4693534386654696,0.0005816686285566,3.469998757044474,3.4686544785896936,3.4698215859631696,3.469636920839548,3.4686554508904615,0.6227395292526732,0.0155206188260827,0.6284488135327896,0.6286010422433416,0.6329466961324215,0.6318025980144739,0.5918984963403394,0.4952207739154498,0.0006651489668781,0.4960622262830536,0.4948588494832317,0.4959355204676588,0.4948966531082988,0.494350620235006,0.3548467161133885,0.0031756939855378,0.3502197759225964,0.3554991036653518,0.3539976859465241,0.3544092401862144,0.3601077748462558,3.481772907078266,0.0023379124621565,3.482935681939125,3.4829602539539337,3.4813957288861275,3.484138958156109,3.4774339124560356,0.5874160176143051,0.0130280109809201,0.5967736421152949,0.602382767945528,0.5804736185818911,0.591721436008811,0.5657286234200001,0.4936268918216228,0.0003105662581647,0.4939456544816494,0.4938511494547128,0.4938324308022856,0.4933156166225672,0.4931896077468991,0.3502641467377543,0.008728073070877,0.3372739152982831,0.3455560300499201,0.3532650889828801,0.3515725145116448,0.3636531848460436,3.4785565972328185,0.0015456873927766,3.47563386708498,3.4792769253253937,3.4790137484669685,3.478670082986355,3.480188362300396,0.598464741744101,0.0219505769042549,0.6293071713298559,0.6148537872359157,0.592055831104517,0.5906027192249894,0.5655041998252273,0.4932421376928687,0.0006698560370274,0.4926349027082324,0.4923070985823869,0.4933845549821853,0.4939565723761916,0.4939275598153472,3.2,1.7204650534085253,6,3,4,2,1,0.516919992201829,0.0092620224328513,0.5046120581225837,0.511401338772155,0.531922826715129,0.5213245837573837,0.5153391536418941,0.5162764029135011,0.0095674132553619,0.5194602690499381,0.5166724833683791,0.5256646650997149,0.521521672173125,0.4980629248763484,0.5177781135585625,0.0110557369252577,0.5298390748855363,0.5159479775326627,0.5258850368894119,0.5192973562531508,0.497921122232051,433.77015380859376,11.650479918576591,426.9646301269531,428.9733276367187,422.97222900390625,455.9671630859375,433.9734191894531,1015.3998901367188,0.4899133237379279,1016.0001831054688,1015.9996337890624,1015.0001831054688,1014.998779296875,1015.0006713867188,0.001378922490403,0.0007883714307839,0.0009842519648373,0.0009842519648373,0.0029556651134043,0.0009852217044681,0.0009852217044681,0.0009848338086158,4.750734557719872e-07,0.0009842519648373,0.0009842519648373,0.0009852217044681,0.0009852217044681,0.0009852217044681,0.0100448008626699,0.0013026039415639,0.0108267720788717,0.0118110235780477,0.007881773635745,0.0098522175103425,0.0098522175103425,0.0053182577714324,0.000484244869016,0.0049212598241865,0.0049212598241865,0.0059113302268087,0.0059113302268087,0.0049261087551712,0.0242255922406911,0.0052250804098498,0.034448817372322,0.0206692907959222,0.0216748770326375,0.0236453209072351,0.0206896550953388,0.0092575931921601,0.0007894489526062,0.0078740157186985,0.0098425196483731,0.0088669955730438,0.0098522175103425,0.0098522175103425
0,0.3391228704402844,0.0061275283821482,0.3416045879324277,0.3346940958872437,0.3321426787103216,0.3375288924823205,0.3496440971891085,3.4645872935652733,0.0065147705243528,3.470479896912972,3.4546644439299903,3.458997125426928,3.470263320952654,3.468531680603822,0.6274953670954952,0.0144922557422391,0.6251245075836778,0.6395008104542891,0.6402289097507795,0.6319328608612219,0.600689746827508,0.5027679576228061,0.0094019223753715,0.4955161924784382,0.5164230326190591,0.5118657421941558,0.4951171667004625,0.4949176541219155,0.3523071091622114,0.0046261227431385,0.3490810859948396,0.3489576429128647,0.3515090709552169,0.3506292859092355,0.3613584600389004,3.481255875527858,0.0022468307502372,3.484231121838093,3.480816312134266,3.479899451136589,3.4832797423005104,3.4780527502298355,0.5971123127266764,0.0200507420970979,0.6153281508013606,0.6126286555081606,0.5981632471084595,0.6001113243401051,0.5593301858752966,0.4945355214178562,0.0016791123970077,0.4932781802490353,0.4965283684432506,0.496642961166799,0.4932905053719878,0.4929375918582082,0.3466894593089819,0.0095878717877943,0.3370585674419999,0.3347013024613261,0.3525317721068859,0.3488953486084938,0.3602603059262037,3.475542683899403,0.002756999748226,3.475117340683937,3.47361558675766,3.4718648195266724,3.477462016046047,3.4796536564826965,0.6114822564646601,0.0285909905659237,0.6474638171494007,0.6388598326593637,0.6053778007626534,0.5963957002386451,0.569314131513238,0.4970926897600293,0.0040870132744495,0.4939191760495305,0.5013920096680522,0.502741907723248,0.4934827964752912,0.4939275588840246,7.8,6.305553108173778,5,18,12,3,1,0.5369125210068935,0.0215491690424747,0.5063105462090605,0.5586415328415844,0.5626682498531742,0.5357968173830001,0.5211454587476482,0.5320266577967412,0.0146020379603282,0.5189514445462926,0.5461579570857257,0.552331134362356,0.5265920487989678,0.5161007041903636,0.538548491161764,0.0107612542035936,0.5366347950240005,0.5522513103923166,0.5493232977007327,0.5301761273695,0.5243569253222699,433.7690002441406,11.6536690695927,426.9632263183594,428.9669799804687,422.9659729003906,455.97064208984375,433.9781799316406,1015.3976928710938,0.4895435730703864,1015.9992065429688,1015.9953002929688,1014.9949340820312,1014.999755859375,1014.999267578125,0.0049239750951528,0.0048648312424155,0.0009842519648373,0.0098425196483731,0.0118226604536175,0.0009852217044681,0.0009852217044681,0.0011818781495094,0.0003942828682211,0.0009842519648373,0.0009842519648373,0.0019704434089362,0.0009852217044681,0.0009852217044681,0.0185159614309668,0.0079670383087125,0.017716534435749,0.0137795275077223,0.0295566506683826,0.0068965516984462,0.0246305428445339,0.0061060473322868,0.0015764059216119,0.0049212598241865,0.0068897637538611,0.0088669955730438,0.0049261087551712,0.0049261087551712,0.032892246171832,0.008132422699449,0.0403543300926685,0.031496062874794,0.0413793101906776,0.0187192130833864,0.0325123146176338,0.0104390833526849,0.0015995147447016,0.0098425196483731,0.0118110235780477,0.0128078823909163,0.0088669955730438,0.0088669955730438
25,0.3386197234193484,0.0034455791141954,0.3423665411149462,0.3415210386738181,0.3378752283751964,0.3325919443741441,0.3387438645586371,3.467814487218857,0.0037710617533545,3.469994400938352,3.468681930253903,3.469978876411915,3.4603437234958014,3.4700735049943128,0.6306017278383175,0.0058757091417253,0.623217049986124,0.6294017545878887,0.6312964707612991,0.6410673564920822,0.6280260073641936,0.4987065777182579,0.0056078771905121,0.495684202760458,0.4964297510062654,0.4952851791555683,0.5098930165792505,0.4962407390897472,0.3516541486606002,0.0026153401262349,0.3537833737209439,0.3490853663533926,0.3549494333565235,0.3482099408283829,0.3522426290437579,3.4811497658491133,0.0025831465429871,3.4830610528588295,3.4831683710217476,3.483526572585106,3.477773919701576,3.478218913078308,0.5977348314598203,0.0110142334248402,0.5992848966270685,0.6128649860620499,0.5926400544121861,0.6038201237097383,0.5800640964880586,0.4941576784476638,0.0005662616061859,0.4939269386231899,0.4945884793996811,0.4939525034278631,0.4949733531102538,0.4933471176773309,0.3468034990131855,0.0067592598508913,0.3396210139617324,0.3391413474455476,0.3537613432854414,0.346352070569992,0.3551417198032141,3.477133521437645,0.0033460129885686,3.4747878462076187,3.4788945615291595,3.4789334014058113,3.4718677029013634,3.481184095144272,0.6096271688118577,0.0192459251298669,0.6354918777942657,0.625771552324295,0.6056079734116793,0.6002403888851404,0.581024051643908,0.4943285791203379,0.0031001632599158,0.4922568760812282,0.4925970053300261,0.4929145155474543,0.5004837168380618,0.4933907818049192,5.0,4.049691346263317,3,4,3,13,2,0.5371359369140132,0.0273041007222433,0.4870400855263,0.5587288511772789,0.5306787229084273,0.5616487790889834,0.5475832458690759,0.5305151886698461,0.0147347824851553,0.5143999369390723,0.5450273762610693,0.5227744567054518,0.551182272766915,0.5191919006767222,0.5308953881141103,0.0129072838841677,0.5187889857806527,0.5428716205553505,0.5162778093531372,0.5487710030436777,0.5277675218377332,433.769580078125,11.652152071340826,426.9609680175781,428.9722900390625,422.9700317382813,455.9691162109375,433.9754943847656,1015.3988403320312,0.4901731317572186,1015.9996337890624,1015.9987182617188,1014.999755859375,1014.996826171875,1014.999267578125,0.0015757728833705,0.0004825795300667,0.0009842519648373,0.0019685039296746,0.0019704434089362,0.0019704434089362,0.0009852217044681,0.0009848338086158,4.750734557719872e-07,0.0009842519648373,0.0009842519648373,0.0009852217044681,0.0009852217044681,0.0009852217044681,0.0092575930058956,0.0019311518781639,0.0078740157186985,0.0098425196483731,0.007881773635745,0.007881773635745,0.0128078823909163,0.0049241691827774,2.375481342114623e-06,0.0049212598241865,0.0049212598241865,0.0049261087551712,0.0049261087551712,0.0049261087551712,0.0259982164949178,0.0053344645081706,0.0364173240959644,0.0226377956569194,0.0226600989699363,0.0226600989699363,0.0256157647818326,0.0094546375796198,0.0007903198555551,0.0078740157186985,0.0098425196483731,0.0098522175103425,0.0098522175103425,0.0098522175103425
50,0.3368591424698631,0.0032001538486564,0.3419712396959464,0.3336179920782645,0.3384523137162129,0.3333909846842289,0.3368631821746627,3.4643430275221663,0.0078741999552654,3.469893306493759,3.4497411573926606,3.469530675560236,3.462298933416605,3.470251064747572,0.632982493005693,0.0070180925248253,0.6233558521295587,0.6414517605056366,0.6276982768128315,0.6402774397283792,0.6321291358520588,0.503369015517334,0.0103362271363384,0.4962302378068368,0.5222929089019696,0.4965039559950431,0.5066483058035374,0.4951696690792839,0.3518488628789782,0.0041893170889919,0.3533085435628891,0.347174234688282,0.3578607710078358,0.3470069440081715,0.3538938211277127,3.4803134754300116,0.0022865004845795,3.482579752802849,3.4786964878439903,3.4835543483495712,3.4787682816386223,3.477968506515026,0.5928270734846592,0.0148317728706889,0.5902219638228416,0.6180709302425385,0.5826849974691868,0.5983031447976828,0.5748543310910463,0.4950886784121394,0.0017509464248636,0.4946953123435378,0.4980600960552692,0.4942040629684925,0.4956787275150418,0.4928051931783557,0.3462290441617369,0.0081618316031973,0.3361104829236865,0.337338644079864,0.3559763813391328,0.3482374949380755,0.3534822175279259,3.4760978326201437,0.0031544327039097,3.4740903079509735,3.4728209376335144,3.479190692305565,3.4738012105226517,3.480586014688015,0.6065088683739305,0.0214177451153588,0.6323781963437796,0.6319866981357336,0.5972163677215576,0.5869996687397361,0.5839634109288454,0.4954001557081938,0.003608848441837,0.4915953334420919,0.5012965900823474,0.4925364926457405,0.4977065622806549,0.4938658000901341,9.0,8.602325267042627,4,25,2,11,3,0.5477291699799766,0.0274445376568506,0.4960175452100326,0.5684242943619053,0.5430671251212794,0.5639223914596663,0.5672144937469994,0.5433254601615756,0.014577772233708,0.5199876283019516,0.5634720688957449,0.5522311697310612,0.5433298280677561,0.5376066058113641,0.5463591758807597,0.0119106816607532,0.5295114915600913,0.5656113803395114,0.5480305642722823,0.5489972129708658,0.5396452302610474,433.7696044921875,11.651889718226034,426.9646301269531,428.96881103515625,422.9693908691406,455.9684753417969,433.9767150878906,1015.3985473632812,0.4896424711980031,1016.0006713867188,1015.9957885742188,1015.0001831054688,1014.996826171875,1014.999267578125,0.002166518010199,0.0011479587683928,0.0009842519648373,0.0039370078593492,0.0029556651134043,0.0019704434089362,0.0009852217044681,0.0009848338086158,4.750734557719872e-07,0.0009842519648373,0.0009842519648373,0.0009852217044681,0.0009852217044681,0.0009852217044681,0.0131965406239032,0.0038703849943456,0.0127952750772237,0.0147637799382209,0.0098522175103425,0.0088669955730438,0.0197044350206851,0.004530080454424,0.0007872106572803,0.0049212598241865,0.0049212598241865,0.0049261087551712,0.0029556651134043,0.0049261087551712,0.0360401071608066,0.0149784370514844,0.06496062874794,0.031496062874794,0.0256157647818326,0.0236453209072351,0.0344827584922313,0.0094544436782598,0.00100424908203,0.0078740157186985,0.0108267720788717,0.0098522175103425,0.0098522175103425,0.0088669955730438
75,0.3378289353723328,0.0007949434514428,0.3363869364062945,0.3379111476242542,0.3381610584134857,0.3378762891516089,0.3388092452660203,3.466763785481453,0.005583431690735,3.455975410838922,3.466734029352665,3.469809620330731,3.470683343708515,3.4706165231764317,0.6317992296069861,0.0026103507486684,0.6332698632031679,0.6359688198814789,0.6284792528798183,0.6312744760264953,0.6300037360439698,0.5004384875918427,0.0085539780257119,0.5174667993560433,0.4975785240530967,0.4956211978569627,0.4951374667386214,0.4963884499544899,0.352749178558588,0.0026947085831125,0.347926938906312,0.3524178490042686,0.3559925025328994,0.3542519453912973,0.3531566569581628,3.480869847536087,0.0018790440850672,3.4799530804157257,3.480206936597824,3.484045334160328,3.4816557839512825,3.478488102555275,0.5915837215259672,0.0073741005233595,0.6001976262778044,0.5993463126942515,0.5870322287082672,0.5905084805563092,0.5808339593932033,0.494020165130496,0.0005338804970438,0.4948907196521759,0.4943364625796675,0.4936119159683585,0.4938516058027744,0.4934101216495037,0.3474851585924625,0.0071418364583177,0.3361138151958585,0.3420021645724773,0.3538010371848941,0.3530997764319181,0.3524089995771646,3.476947012543678,0.003181311790134,3.471565365791321,3.476299360394478,3.479659542441368,3.4765604212880135,3.480650372803211,0.6046813251450658,0.0170507598025612,0.6323259361088276,0.6137554924935102,0.6022137245163321,0.5848709288984537,0.5902405437082052,0.4950720768421888,0.0017497352801802,0.4973255079239607,0.4969817232340574,0.4930720254778862,0.4936415506526828,0.4943395769223571,6.2,5.706137047074843,17,7,2,3,2,0.5255613607824074,0.0162873495527448,0.5092634411022858,0.5386359084960431,0.5162088559920014,0.5128325025129712,0.5508660958087358,0.5284647927976492,0.0104952436197865,0.529136566062693,0.5441488108418686,0.5268514075986583,0.5112691632681099,0.5309180162169165,0.5340712603326885,0.0085623557628448,0.5344951483537249,0.5503425864370928,0.5283573692361937,0.5264960523925232,0.5306651452439078,433.76911010742185,11.653524836266556,426.9599304199219,428.9685974121094,422.9698181152344,455.9714965820313,433.9757080078125,1015.3984741210936,0.488926349371819,1015.996826171875,1015.9977416992188,1014.999755859375,1014.998779296875,1014.999267578125,0.0023635623976588,0.0014744158258287,0.0029527558945119,0.0019685039296746,0.0009852217044681,0.0009852217044681,0.0049261087551712,0.0007879834156483,0.000393991886837,0.0,0.0009842519648373,0.0009852217044681,0.0009852217044681,0.0009852217044681,0.0137855395674705,0.0064966672479216,0.0255905501544475,0.0127952750772237,0.007881773635745,0.007881773635745,0.0147783253341913,0.0045304683968424,0.0004845584997787,0.0039370078593492,0.0039370078593492,0.0049261087551712,0.0049261087551712,0.0049261087551712,0.0340712152421474,0.0126863584711026,0.0531496070325374,0.0354330688714981,0.0206896550953388,0.0197044350206851,0.0413793101906776,0.0100455762818455,0.0007405962491225,0.0098425196483731,0.0088582672178745,0.0098522175103425,0.0108374385163187,0.0108374385163187
100,0.3374047841876745,0.0030462456972561,0.3381741285944978,0.3401537906999389,0.3389832957958181,0.3314823023974895,0.3382304034506281,3.465168949713309,0.0057831638437704,3.4623905879755816,3.4681796419123807,3.4698581025004387,3.4550811933974424,3.4703352227807045,0.6328741760303577,0.0052650923143808,0.6322447489947081,0.6309598684310913,0.6271228889624277,0.6428123793254296,0.6312309944381317,0.5022884272659819,0.0096770166351281,0.506474696410199,0.4952536737546325,0.4957052050158381,0.519522133593758,0.4944864275554816,0.3512016957625746,0.0032524148367076,0.3482449278235435,0.353027319535613,0.3518463196232915,0.346957097761333,0.3559328140690923,3.480665835738182,0.0022262675235868,3.481207177042961,3.481868587434292,3.483730971813202,3.4772408604621887,3.4792815819382668,0.591329263523221,0.0146484643124471,0.6062817387282848,0.5860500559210777,0.5961130503565073,0.6027293857187033,0.5654720868915319,0.494359109736979,0.0009770578279253,0.4940780587494373,0.4942921763285994,0.4941789554432034,0.496126146055758,0.4931202121078968,0.3464080214500427,0.0063350628325383,0.3367300424724817,0.3418147368356585,0.3513901019468903,0.3480577860027551,0.3540474399924278,3.477242174744606,0.0037940507932134,3.472574256360531,3.478978790342808,3.4809778332710266,3.4727847427129745,3.4808952510356903,0.6033449314534665,0.0214350694592678,0.6411584187299013,0.6004329696297646,0.6071387054398656,0.5909224478527904,0.5770721156150103,0.496041432954371,0.002985818150203,0.4994991431012749,0.4932964406907558,0.4931665323674679,0.4998134570196271,0.4944315915927291,7.0,6.0332412515993425,9,3,2,18,3,0.5445931400386781,0.0243903780055945,0.5067118896013975,0.5616093607763607,0.524731925853486,0.5685708500628376,0.5613416738993084,0.5362289687831787,0.0144219499712369,0.5281361329280762,0.5509060845317065,0.5163588255476673,0.5546186406705321,0.5311251602379117,0.5365917677228177,0.0083259484664048,0.5357573463659488,0.5421810355421589,0.5224794910456555,0.5472593814119077,0.5352815842484178,433.7685119628906,11.651084934509049,426.9599304199219,428.9714660644531,422.96881103515625,455.9652099609375,433.9771423339844,1015.3986450195312,0.4899594947436651,1015.9982299804688,1015.9992065429688,1015.0001831054688,1014.996337890625,1014.999267578125,0.0027576510328799,0.0019101162689377,0.0039370078593492,0.0009842519648373,0.0059113302268087,0.0019704434089362,0.0009852217044681,0.0005907451268285,0.0004823415062316,0.0009842519648373,0.0009842519648373,0.0,0.0,0.0009852217044681,0.0202864518389105,0.0052291542462878,0.0187007877975702,0.0275590550154447,0.0128078823909163,0.0177339911460876,0.0246305428445339,0.0053182577714324,0.0007891499429376,0.0049212598241865,0.0049212598241865,0.0049261087551712,0.0068965516984462,0.0049261087551712,0.0403770230710506,0.0053137554390387,0.0462598428130149,0.0403543300926685,0.0463054217398166,0.0334975384175777,0.0354679822921752,0.0108331721276044,0.0012459221757417,0.0118110235780477,0.0098425196483731,0.0098522175103425,0.0128078823909163,0.0098522175103425
125,0.3385859120016296,0.0087274366043079,0.3409049867962797,0.3343138533333937,0.330053332572182,0.3331180978566408,0.354539289449652,3.460242272913456,0.0087050030695166,3.4696721049646535,3.4515852654973664,3.448905891428391,3.4616053799788156,3.469442722698053,0.6282943018401663,0.0209233430656965,0.6270811228702465,0.6424454655498266,0.6430322490632534,0.6407908995946249,0.5881217721228799,0.5095117701217532,0.0128457271606961,0.4971689963713288,0.5214297575876117,0.5267969981456796,0.5077809778352579,0.4943821206688881,0.3509869011119008,0.0025262879240708,0.3515619672834873,0.3470421796664595,0.3499447926878929,0.3515801290050149,0.3548054369166493,3.4785851880908014,0.0023647467336788,3.481873966753483,3.4748023226857185,3.4800906777381897,3.4779121056199074,3.478246867656708,0.5974614962935447,0.009522591421861,0.606517381966114,0.6056009512394667,0.6034505283460021,0.5853629149496555,0.5863757049664855,0.4951202707365155,0.0017162752198517,0.4936749208718538,0.4980290504172444,0.4955960875377059,0.4951682984828949,0.4931329963728785,0.3477640463039279,0.0086982055965987,0.3414038233458996,0.3350524520501494,0.3491207771003246,0.3536632135510444,0.3595799654722214,3.474420239031315,0.0037890060981323,3.4744653329253197,3.4697211757302284,3.472799256443978,3.4738574102520943,3.4812580198049545,0.6059754356741905,0.0236264141695511,0.633124902844429,0.6246451921761036,0.6160672269761562,0.5735188834369183,0.5825209729373455,0.4985723573714494,0.0051849951145531,0.4930065320804715,0.5043198736384511,0.5048210425302386,0.4976688334718346,0.4930455051362514,13.4,10.781465577554844,4,21,30,11,1,0.5528020631110364,0.0232560589424249,0.513893946440396,0.5638493600484117,0.5696462256782943,0.5773357418227515,0.5392850415653285,0.5431146642429205,0.024528611555548,0.52275746438413,0.5616796940742352,0.5655855993063671,0.5604378866380163,0.5051126768118546,0.5407461248917423,0.0276611583444801,0.5286602736588379,0.5623333488258396,0.5683588649083402,0.5518743365537743,0.4925038005119194,433.7683166503906,11.653077897865742,426.9642028808594,428.9655151367187,422.9656066894531,455.9689025878906,433.9773559570313,1015.3967041015624,0.4899278428631697,1015.9996337890624,1015.9938354492188,1014.9949340820312,1014.996337890625,1014.998779296875,0.00472809439525,0.0034920179162221,0.0009842519648373,0.0039370078593492,0.0108374385163187,0.0059113302268087,0.0019704434089362,0.0007879834156483,0.000393991886837,0.0009842519648373,0.0,0.0009852217044681,0.0009852217044681,0.0009852217044681,0.0169396067038178,0.0061497553158342,0.0196850392967462,0.0118110235780477,0.027586206793785,0.0147783253341913,0.0108374385163187,0.0049245569854974,0.0012471389960674,0.0049212598241865,0.0029527558945119,0.0068965516984462,0.0049261087551712,0.0049261087551712,0.0340749006718397,0.0081127186825685,0.0383858270943164,0.031496062874794,0.0472906418144702,0.0295566506683826,0.0236453209072351,0.0102424267679452,0.0013364286795023,0.0118110235780477,0.0078740157186985,0.0108374385163187,0.0108374385163187,0.0098522175103425
150,0.3400000817452868,0.0055968598305097,0.335784242178003,0.3397647192080815,0.3367428751662373,0.3368372951323787,0.3508712770417332,3.466323172301054,0.0056455837566244,3.45513462026914,3.468429113427798,3.4701873747011027,3.4697058238089085,3.4681589292983213,0.6254479844588786,0.0134306866530405,0.6336685332159201,0.6311638827125231,0.6304017243285974,0.633304750546813,0.5987010314905395,0.5002980583657821,0.0089465483749501,0.5181766450405121,0.4962722385923068,0.4954111855477094,0.4954426878442367,0.4961875348041455,0.3512493193149567,0.0023466610185578,0.3474386148154735,0.3511998234316706,0.3503033798187971,0.3531204685568809,0.354184309951961,3.4805053904652596,0.0019299228486197,3.479281470179558,3.4818238988518715,3.482849702239037,3.4811455979943275,3.4774262830615044,0.5992024302482605,0.0114656031277719,0.616795158945024,0.593011736869812,0.6085290890187025,0.5907932743430138,0.5868828920647502,0.4949023140594363,0.001440270421916,0.4975058464333415,0.4943305272608995,0.4950610119849443,0.4944560788571834,0.4931581057608127,0.3470445211976766,0.0086956745876355,0.3338955277577042,0.341008429415524,0.3483264939859509,0.3541468642652035,0.3578452905640006,3.476858618855476,0.0032000757109295,3.470955714583397,3.47694893181324,3.4787459820508957,3.477226845920086,3.4804156199097633,0.6101475026458502,0.0269069153462396,0.6539273038506508,0.6054801139980555,0.6248219050467014,0.5801231097429991,0.5863850805908442,0.4951662754639983,0.0033362532762522,0.501785553060472,0.4929686384275555,0.4942363556474447,0.4935748130083084,0.4932660171762109,6.0,5.176871642217914,16,4,5,4,1,0.5398621229997366,0.0131422128751163,0.5213790916337713,0.5298779351883725,0.5502577772227139,0.5575847341523594,0.5402110768014657,0.536289590024876,0.0112290152355647,0.5400912863205467,0.5344907198885585,0.5534563623182798,0.534900224402564,0.5185093571944309,0.5380640211596246,0.0113912954915677,0.546379132029237,0.543129912315744,0.5425324849561013,0.5428275105423747,0.5154510659546658,433.7688537597657,11.65321613460204,426.9601440429687,428.9710388183594,422.9671936035156,455.9700012207031,433.9758911132813,1015.3988647460938,0.4892059511882042,1015.996826171875,1015.9992065429688,1014.999755859375,1014.998779296875,1014.999755859375,0.0013783406466245,0.0018254318492003,0.0049212598241865,0.0,0.0009852217044681,0.0,0.0009852217044681,0.0005909390747547,0.0004824998640075,0.0009842519648373,0.0,0.0009852217044681,0.0,0.0009852217044681,0.011817811615765,0.0028519022731271,0.016732282936573,0.0078740157186985,0.0108374385163187,0.0118226604536175,0.0118226604536175,0.0053178698290139,0.0018257264795646,0.0078740157186985,0.0039370078593492,0.0068965516984462,0.0029556651134043,0.0049261087551712,0.0328926343470811,0.0101047681275313,0.050196848809719,0.0196850392967462,0.0315270945429801,0.0354679822921752,0.027586206793785,0.0104388892650604,0.0013328230075997,0.0127952750772237,0.0098425196483731,0.0108374385163187,0.0088669955730438,0.0098522175103425
175,0.3381714480618635,0.0065848258500444,0.3339453854908545,0.3370441912362973,0.338169033639133,0.3312751989190777,0.3504234310239553,3.45737833554546,0.0090076302588726,3.446180574595928,3.45627174526453,3.468045054624478,3.449143069485823,3.467251233756542,0.6283401658331664,0.0162800846674228,0.6367068650821844,0.637900289768974,0.6278109072397152,0.6421379434565703,0.5971448236183884,0.5119888101393977,0.0150534816346916,0.5311470773691932,0.5152007574215531,0.4955203936745723,0.5243195403988162,0.4937562818328539,0.3512426787987351,0.0031027282460534,0.3493640488013625,0.3498157067224383,0.3556236093863845,0.347328744828701,0.3540812842547893,3.4795115754008292,0.0024603358524864,3.479079991579056,3.4795159697532654,3.4840574339032173,3.4767690747976303,3.478135406970978,0.6002747720107436,0.0110300295968668,0.6116682412102818,0.6013707863166928,0.5876452345401049,0.6129499636590481,0.5877396343275905,0.4950982164591551,0.0020487290646688,0.4943951154127717,0.4976505674421787,0.4934174278751015,0.4973738975822925,0.4926540739834308,0.3465181512758136,0.0082559274591314,0.3383404165506363,0.3373264707624912,0.3548381803557277,0.3447471801191568,0.3573385085910558,3.4752755641937254,0.0042703966466715,3.471481390297413,3.472826436161995,3.480166770517826,3.471158415079117,3.480744808912277,0.6130399908870459,0.0198225860180286,0.6458899136632681,0.6208716500550508,0.5990910781547427,0.6113426815718412,0.5880046309903264,0.4976723434403539,0.0032866367456284,0.500347875058651,0.5001160288229585,0.4933555442839861,0.5005819611251354,0.4939603079110384,14.2,12.221292893961753,30,11,2,27,1,0.5448349451711024,0.0234926187435537,0.5109226344389494,0.5549023595353328,0.5380496415359171,0.5824320233662302,0.5378680669790828,0.54309809258078,0.0166075002792195,0.5202336931457028,0.5621058293896871,0.5376442955412732,0.5622771696270243,0.5332294752002127,0.5433135184870056,0.0165650511098813,0.5279418848691674,0.5719089743266013,0.5311717940080705,0.5519922970414388,0.5335526421897501,433.3683227539062,11.464389803710016,426.9617614746094,428.9681701660156,421.9678039550781,454.9648742675781,433.97900390625,1015.1975830078125,0.3998092215038206,1015.9971923828124,1014.9949340820312,1015.0001831054688,1014.996337890625,1014.999267578125,0.0017730111721903,0.0011488898093144,0.0019685039296746,0.0029556651134043,0.0009852217044681,0.0029556651134043,0.0,0.0003940886817872,0.0004826580918924,0.0,0.0,0.0009852217044681,0.0,0.0009852217044681,0.0173356352373957,0.0042492607833985,0.0216535441577434,0.0118226604536175,0.0167487692087888,0.0226600989699363,0.0137931033968925,0.0043338118586689,0.0010029082621593,0.0059055117890238,0.0029556651134043,0.0049261087551712,0.0039408868178725,0.0039408868178725,0.0336864367127418,0.0062335260529524,0.0413385815918445,0.0334975384175777,0.0226600989699363,0.0374384261667728,0.0334975384175777,0.0102437844499945,0.0020255157508718,0.0127952750772237,0.0068965516984462,0.0098522175103425,0.0118226604536175,0.0098522175103425
200,0.3366354432577888,0.0023024002483498,0.3397398488596082,0.3341992339119315,0.3338003040601809,0.3371959667031963,0.338241862754027,3.4636287108063697,0.0057130908436332,3.4669592417776585,3.4535409957170486,3.461042440185944,3.468257231016954,3.468343645334244,0.6336282228430112,0.0040261494182606,0.6280879359692335,0.6395425119747719,0.6363653981437286,0.6333063195149103,0.6308389486124119,0.5026948721458514,0.006640051919023,0.5007665275285641,0.5145581131801009,0.5047336829205354,0.4969862857833504,0.4964297513167063,0.3513655954971909,0.0022613615550786,0.3490217970684171,0.3515604734420776,0.3511567041277885,0.3554782820865512,0.3496107207611203,3.47973962277174,0.0023235449354941,3.4817562103271484,3.475502423942089,3.48076219111681,3.4816056340932846,3.479071654379368,0.5960583327338099,0.0122572458108672,0.6109885610640049,0.6038827300071716,0.590835134498775,0.5753320548683405,0.5992531832307577,0.4958389742299914,0.0023378363016243,0.4955581957474351,0.5002163844183087,0.4952952265739441,0.4949226723983884,0.4932023920118809,0.3473211836069822,0.0076680279839876,0.3382652876898646,0.3401725590229034,0.3471737736836076,0.3591827042400837,0.3518115933984518,3.4754068478941917,0.0043621976733632,3.475410595536232,3.4684632793068886,3.4740518629550934,3.477242022752762,3.481866478919983,0.6077559826895594,0.027873736758274,0.6446632742881775,0.6208091247826815,0.6115399952977896,0.5597456209361553,0.6020218981429935,0.4979024933651089,0.0048077702111319,0.4963306793943047,0.5053254440426826,0.5015133190900087,0.4928552471101284,0.4934877771884203,7.6,5.0039984012787215,6,17,8,4,3,0.5447914720140764,0.0097916720005118,0.5465360190665629,0.556648871100486,0.5404588978643928,0.5518617212609742,0.5284518507779661,0.5385265767918204,0.015743782109376,0.5556902138164443,0.5489363635412937,0.5376115883783277,0.5406926162523407,0.5097021019706959,0.5384599131257646,0.0169151029782098,0.5559178789712453,0.556606522173428,0.5272767358610018,0.5399104325520829,0.5125879960710648,433.3672241210937,11.467808772047846,426.9605712890625,428.9646911621094,421.9635925292969,454.9707336425781,433.9765319824219,1015.197705078125,0.4007537226304739,1015.9992065429688,1014.994384765625,1014.9978637695312,1014.998291015625,1014.998779296875,0.0029550833627581,0.001762418651614,0.0029527558945119,0.0049261087551712,0.0049261087551712,0.0009852217044681,0.0009852217044681,0.0009850277565419,3.878958523273468e-07,0.0009842519648373,0.0009852217044681,0.0009852217044681,0.0009852217044681,0.0009852217044681,0.0165482334792613,0.0055164980747116,0.017716534435749,0.0266009867191314,0.0147783253341913,0.0108374385163187,0.0128078823909163,0.0053188397549092,0.0007854619994759,0.0068897637538611,0.0049261087551712,0.0049261087551712,0.0049261087551712,0.0049261087551712,0.0378251433372497,0.0123780160607444,0.0374015755951404,0.0610837452113628,0.0344827584922313,0.0315270945429801,0.0246305428445339,0.0096528455615043,0.0011445664802155,0.0118110235780477,0.0088669955730438,0.0088669955730438,0.0088669955730438,0.0098522175103425
225,0.3350180381288131,0.0030198345722117,0.3378432939449946,0.3344750779991348,0.3357039798672001,0.3295062404746811,0.3375615983580549,3.4589772507548333,0.0085219686090124,3.46111062169075,3.4516292127470174,3.4671625532209873,3.4466946348547935,3.4682892312606177,0.6359041174252829,0.0051775567090195,0.6315157599747181,0.6383974266548952,0.6323447482039531,0.644995945195357,0.6322667070974907,0.5096206964924932,0.01207518943565,0.5107631698871652,0.5205287967498103,0.4965767612059911,0.5249180778240164,0.4953166767954826,0.350937377102673,0.0030974385791725,0.3485545590519905,0.348382594063878,0.352977835573256,0.348684212192893,0.3560876846313476,3.4789782881736757,0.0021767777297845,3.478265590965748,3.4782896265387535,3.483019895851612,3.4764561727643013,3.478860154747963,0.5970318894833326,0.0158751550031817,0.6014854833483696,0.6142089376226068,0.6070785857737064,0.5942805092781782,0.5681059313938022,0.4964762203395366,0.0022689348593041,0.4962877230718732,0.4993334170430898,0.4947341214865446,0.4986659390851855,0.4933599010109901,0.3458820993080735,0.0078298494861232,0.3358388114720583,0.3381999805569649,0.3531391825526953,0.3466895250603556,0.3555429968982935,3.474545691907406,0.004301182998006,3.4718241840600967,3.471979983150959,3.4789111241698265,3.4695738330483437,3.4804393351078033,0.6114166090264916,0.0233488338630214,0.6407063491642475,0.6289587002247572,0.6176179740577936,0.5924996649846435,0.5773003567010164,0.4996054369956255,0.0043995543085092,0.4982842607423663,0.5026817638427019,0.4965069899335503,0.50640360545367,0.4941505650058388,13.4,9.666436778875658,10,18,5,30,4,0.553241057061395,0.0120718965950612,0.5329790035935578,0.5573546286535435,0.5471361799809886,0.5672230507472614,0.561512422331624,0.5435915073957005,0.0055373149320415,0.5391370629705898,0.5512214430136477,0.5454630636984041,0.5464999364923191,0.5356360308035419,0.5438940356794953,0.0082277787777123,0.5413377824958668,0.558717486252054,0.5394743745526533,0.5455329684972016,0.534407566599701,433.36687622070315,11.46407491199237,426.9605712890625,428.9667663574219,421.9694213867187,454.96441650390625,433.97320556640625,1015.197119140625,0.4000394380767165,1015.9971923828124,1014.9954223632812,1014.998779296875,1014.9954223632812,1014.998779296875,0.0011822660453617,0.0007372724136266,0.0,0.0019704434089362,0.0009852217044681,0.0019704434089362,0.0009852217044681,0.0005911330226808,0.0004826580918924,0.0,0.0009852217044681,0.0009852217044681,0.0,0.0009852217044681,0.0159561306238174,0.0033697617655839,0.0226377956569194,0.0137931033968925,0.0137931033968925,0.0147783253341913,0.0147783253341913,0.0043343937490135,0.0011829452872949,0.0029527558945119,0.0029556651134043,0.0049261087551712,0.0049261087551712,0.0059113302268087,0.0372314885258674,0.0070699767798414,0.050196848809719,0.0364532023668289,0.0295566506683826,0.0374384261667728,0.0325123146176338,0.008668593596667,0.0011510530607093,0.0068897637538611,0.007881773635745,0.0098522175103425,0.0088669955730438,0.0098522175103425
250,0.3366602524494131,0.0028770571350417,0.3378421648715933,0.3405077836165825,0.3365544648841023,0.3367532718305786,0.3316435770442088,3.4632106018563107,0.0060875957711599,3.458056086053451,3.4687741324305534,3.4674988525609174,3.467874492208163,3.453849446028471,0.6335541041878362,0.0049854597428626,0.6288302430572609,0.627666910799841,0.6342368274927139,0.6355561638871828,0.6414803757021824,0.5029485691959659,0.0097776489917148,0.5136130567019185,0.4944178213675816,0.4948735510309537,0.4957052025323112,0.5161332143470645,0.351320768892765,0.0035393999479291,0.3508990788832307,0.3550546998158097,0.3513021133840084,0.3543157698586583,0.3450321825221181,3.479667030274868,0.0042898709505148,3.4785219952464104,3.483263500034809,3.48287383466959,3.481911264359951,3.4717645570635796,0.5939513368532061,0.0089129670561264,0.6062904223799706,0.5804217420518398,0.5950919771566987,0.588471744209528,0.5994807984679937,0.4968096517026424,0.0038078258166415,0.4975088303908705,0.4936310919001698,0.4946204395964741,0.4943369189277291,0.5039509776979685,0.3493737529963255,0.0039567160007082,0.3478966690599918,0.3446882721036672,0.3488437365740537,0.3566865446045995,0.3487535426393151,3.4758543193340303,0.0027081646737204,3.4711522087454796,3.4777592569589615,3.478442169725895,3.4774104058742523,3.4745075553655624,0.5993301762267947,0.0153733353640362,0.6196547672152519,0.5923657845705748,0.6104100234806538,0.5748895863071084,0.5993307195603848,0.4962682833895087,0.0049088476607193,0.5056096268817782,0.4928187653422355,0.4935130551457405,0.4926007408648729,0.4967992287129164,8.2,5.706137047074843,13,3,4,4,17,0.5435787261309467,0.0214009652729045,0.5190972885626202,0.543892022410196,0.5251072444286113,0.5500610298779566,0.5797360453753494,0.5383468891031364,0.0039153855993956,0.5352440508588088,0.5421427183874009,0.5360405141655593,0.5343580400146617,0.5439491220892522,0.5428826638798017,0.0064306048882514,0.5375287773964921,0.547144270200307,0.5368199108371617,0.5394750612031081,0.5534452997619398,433.3675109863281,11.466170282639617,426.9601440429687,428.9700317382813,421.968017578125,454.9698791503906,433.969482421875,1015.1981689453124,0.3995160173713117,1015.9971923828124,1015.0001831054688,1014.999755859375,1014.998779296875,1014.9949340820312,0.0019694736693054,0.0015244210858815,0.0049212598241865,0.0009852217044681,0.0019704434089362,0.0009852217044681,0.0009852217044681,0.0007881773635745,0.0003940886817872,0.0,0.0009852217044681,0.0009852217044681,0.0009852217044681,0.0009852217044681,0.0143793880939483,0.0058234627696001,0.0246062986552715,0.0098522175103425,0.007881773635745,0.0137931033968925,0.01576354727149,0.0045310502406209,0.0007876948023083,0.0049212598241865,0.0049261087551712,0.0049261087551712,0.0029556651134043,0.0049261087551712,0.0323036354035139,0.0144903987711246,0.0590551197528839,0.0216748770326375,0.0177339911460876,0.0295566506683826,0.0334975384175777,0.0100469343364238,0.0009610421702316,0.0118110235780477,0.0088669955730438,0.0098522175103425,0.0098522175103425,0.0098522175103425
275,0.3368457447116574,0.0035096497677727,0.3400519614418347,0.3396336858471234,0.3363617149492104,0.3378403956691424,0.3303409656509757,3.4637193823854124,0.0078530090562233,3.4667408963044486,3.4681767697135606,3.467459953079621,3.4681699834764004,3.4480493093530336,0.6335308968399962,0.0050326799375782,0.6285597793757915,0.6317955826719602,0.632376781043907,0.6316866607715687,0.6432356803367535,0.5024323565264542,0.0104167047173778,0.5005943169817328,0.4960727278764049,0.4965347576265533,0.4959782222285867,0.5229817579189936,0.3526837481185794,0.0049913260181971,0.349334891885519,0.3534008357673883,0.3543893601745367,0.3605461381375789,0.3457475146278739,3.4804000198841094,0.0053016854735653,3.4804939925670624,3.484712816774845,3.4839233830571175,3.4826828613877296,3.470187045633793,0.5969122005626559,0.014034770413324,0.6159469187259674,0.6046790760010481,0.5950624262914062,0.5733117517083883,0.5955608300864697,0.4964457543566823,0.0039788058770812,0.4952241275459528,0.4943871404975652,0.4935553045943379,0.4947336623445153,0.5043285368010402,0.3482429111376405,0.0083160754947994,0.3360442714765668,0.3424917263910174,0.3536201128736138,0.3598184995353222,0.3492399454116821,3.476649670302868,0.0030250122623768,3.4718816727399826,3.4787370935082436,3.4804424345493317,3.4774461314082146,3.474741019308567,0.608611349016428,0.0288891947770591,0.6549414787441492,0.6193325221538544,0.6068225000053644,0.5671718996018171,0.5947883445769548,0.4951586896553636,0.0023243457342699,0.4992790892720222,0.4932220662012696,0.4931677784770727,0.4939893204718828,0.4961351938545704,8.4,8.867919710958146,6,4,3,3,26,0.5481840896432495,0.021288187272106,0.5392278511933077,0.5642349117712491,0.5103644563463443,0.5599582660337139,0.5671349628716325,0.5396834582369923,0.0093141532041429,0.55049872612197,0.54848711488935,0.5254329961184799,0.533697182606886,0.5403012714482748,0.5422225929241413,0.0061451579475465,0.5475245674318794,0.5479230240107633,0.5364985713814011,0.533199284239486,0.5459675175571767,433.36817626953126,11.465047751186033,426.9625854492187,428.9726867675781,421.966796875,454.9674682617187,433.9713439941406,1015.197998046875,0.4001226672939051,1015.9982299804688,1014.999755859375,1014.999267578125,1014.999267578125,1014.9934692382812,0.002363950246945,0.0013361628586452,0.0029527558945119,0.0,0.0029556651134043,0.0019704434089362,0.0039408868178725,0.0009850277565419,3.878958523273468e-07,0.0009842519648373,0.0009852217044681,0.0009852217044681,0.0009852217044681,0.0009852217044681,0.0153649980202317,0.0046808994736466,0.0226377956569194,0.0098522175103425,0.0177339911460876,0.0108374385163187,0.01576354727149,0.0053190336097031,0.0016003676844907,0.0059055117890238,0.0029556651134043,0.0049261087551712,0.0049261087551712,0.007881773635745,0.0328976769000291,0.0072956184815282,0.0442913398146629,0.0226600989699363,0.0285714287310838,0.0325123146176338,0.0364532023668289,0.0104416046291589,0.002213063571734,0.0088582672178745,0.0098522175103425,0.0098522175103425,0.0088669955730438,0.0147783253341913
300,0.337197387094299,0.0020738213490846,0.3385765481119354,0.337127562922736,0.3332813332478205,0.3378435736522078,0.3391579175367951,3.464479516198238,0.0032409668785391,3.4633053491512933,3.463430091738701,3.459543239325285,3.467916823923588,3.4682020768523216,0.6325096709653735,0.0045847370151317,0.6294672830651203,0.6362916305661201,0.6392967744419972,0.6306370384991169,0.6268556282545129,0.502170679035286,0.0052017512636946,0.5077809821814299,0.502772158322235,0.5078712819765011,0.4961672329033414,0.4962617397929231,0.3517448000609874,0.0027208693476196,0.3499532621353864,0.3484454127028584,0.3519943980500102,0.3565253959968686,0.3518055314198136,3.4804710179567335,0.0015533041425433,3.481234721839428,3.4785972014069557,3.481622353196144,3.482272893190384,3.478627920150757,0.5940205700695514,0.0129304876324753,0.6144575076177716,0.604005066677928,0.5864796480163932,0.5825326656922698,0.5826279623433948,0.4951232930645347,0.0012702182243173,0.4950628783553839,0.4967945395037532,0.4962831987068057,0.4939461108297109,0.4935297379270196,0.3485338248312473,0.0073928502743425,0.3398356847465038,0.3404952166602015,0.348997444845736,0.3571016769856214,0.3562391009181738,3.4769682198762895,0.0025232246867185,3.474581129848957,3.4739615842700005,3.477837286889553,3.477483592927456,3.4809775054454803,0.6025144804269076,0.0253181273533706,0.6445090658962727,0.6119757648557425,0.602628543972969,0.5733952429145575,0.5800637844949961,0.4949828658252954,0.0011326183191707,0.4959540227428078,0.4962740279734134,0.4953704290091991,0.4933907799422741,0.4939250694587827,5.8,3.1240998703626617,8,8,9,2,2,0.5413028656213147,0.0144461372810089,0.5299577993470002,0.5524764143226026,0.5277787782166956,0.5641695624911569,0.5321317737291179,0.5414893534698736,0.0109115972295297,0.5457626937363718,0.5581652122375906,0.5332439762177922,0.5438060433268525,0.526468841830761,0.5395750270900714,0.011909828829867,0.5434745202389067,0.5608413421324621,0.5355916562226434,0.529862114333837,0.5281055025225081,433.36864013671874,11.466818132099792,426.9617614746094,428.97125244140625,421.966796875,454.97161865234375,433.9717712402344,1015.1985595703125,0.4000807840757642,1015.9987182617188,1014.996826171875,1014.998291015625,1014.998779296875,1015.0001831054688,0.0017722353804856,0.0021015691133978,0.0059055117890238,0.0,0.0009852217044681,0.0009852217044681,0.0009852217044681,0.0005911330226808,0.0004826580918924,0.0,0.0,0.0009852217044681,0.0009852217044681,0.0009852217044681,0.0114248868077993,0.0039635680007132,0.0187007877975702,0.0118226604536175,0.007881773635745,0.007881773635745,0.0108374385163187,0.0055160779505968,0.0007875985573458,0.0059055117890238,0.0049261087551712,0.0049261087551712,0.0068965516984462,0.0049261087551712,0.0260013196617364,0.0088525018570337,0.0433070883154869,0.0236453209072351,0.0206896550953388,0.0236453209072351,0.0187192130833864,0.0106380671262741,0.0011465680272564,0.0118110235780477,0.0118226604536175,0.0098522175103425,0.0088669955730438,0.0108374385163187
325,0.3350161266823609,0.0033848816617547,0.3398403118674953,0.3357185485462348,0.3371039172634482,0.3309151890377204,0.3315026666969061,3.4585352919995787,0.0066865953266258,3.4646610592802367,3.4564775774876275,3.4680197338263192,3.451803089429935,3.451714999973774,0.6361940535406271,0.0051449268354709,0.6292419551561276,0.6368269100785255,0.6314819349596897,0.642243430018425,0.6411760374903679,0.509860111773014,0.0083932034029716,0.5057333459456762,0.5131258191540837,0.4954531888167063,0.5179519336670637,0.5170362712815404,0.3508063297718763,0.003415503184062,0.3494861163198948,0.3517119027674198,0.357027143239975,0.3482280056923628,0.3475784808397293,3.4777339100837708,0.0044417505578793,3.480256326496601,3.476045072078705,3.4845577403903008,3.476507931947708,3.471302479505539,0.5937794171273708,0.0066500136851852,0.6006312239915133,0.5828868579119444,0.5909456126391888,0.6006705407053232,0.5937628503888845,0.4985356144607067,0.0046198947474334,0.4946143832057714,0.499591370113194,0.4933165283873677,0.4986851112917065,0.5064706793054938,0.3449702650308609,0.0077760182942178,0.3328403457999229,0.3410314600914716,0.3551707630977034,0.3448699936270714,0.350938762538135,3.4738656282424927,0.0040592001605669,3.472511887550354,3.469954088330269,3.4809329882264137,3.470349110662937,3.4755800664424896,0.608450903184712,0.0205453518281004,0.6481064520776272,0.5955183785408735,0.6055500283837318,0.6028080889955163,0.5902715679258108,0.4969381432980299,0.0039275714085643,0.4945044787600636,0.4997355118393898,0.4934197943657636,0.5033126743510365,0.4937182571738958,12.4,6.8585712797928995,7,12,3,21,19,0.5521660368490369,0.0271950130865479,0.5159753675937531,0.5707875174360821,0.5231423147234102,0.5829955357657033,0.5679294487262355,0.5473934352468183,0.0101901634708737,0.5362324490631925,0.5629740012789838,0.538145452994263,0.5550370530850661,0.5445782198125861,0.5482117687954143,0.0093142919628989,0.536635948774499,0.5637456045061409,0.5419171522106818,0.5465403101874012,0.5522198282983487,433.3673706054687,11.463508401776174,426.9630126953125,428.9708862304687,421.9684143066406,454.9640197753906,433.9705200195313,1015.1962280273438,0.4012508808554134,1015.9987182617188,1014.993896484375,1014.999755859375,1014.994384765625,1014.994384765625,0.005122765013948,0.003810977179337,0.0019685039296746,0.0009852217044681,0.0118226604536175,0.0049261087551712,0.0059113302268087,0.0007879834156483,0.0007372206790883,0.0009842519648373,0.0,0.0,0.0019704434089362,0.0009852217044681,0.0157616079784929,0.0086578309157219,0.0098425196483731,0.0059113302268087,0.0305418726056814,0.0128078823909163,0.0197044350206851,0.0045312440488487,0.0013367636817655,0.0039370078593492,0.0029556651134043,0.0039408868178725,0.0068965516984462,0.0049261087551712,0.035658236220479,0.0066658620219282,0.034448817372322,0.0285714287310838,0.0482758618891239,0.0344827584922313,0.0325123146176338,0.0082741166464984,0.0024606660241526,0.0088582672178745,0.0049261087551712,0.0059113302268087,0.0108374385163187,0.0108374385163187
350,0.3397006516655286,0.0064912332712899,0.3351834801336129,0.340990198465685,0.3337264272073905,0.3517374489456415,0.3368657035753131,3.462912055104971,0.0065498406972847,3.451405767351389,3.468718243141969,3.459947114189466,3.4662288861970105,3.46826026464502,0.6262133717304096,0.0153470739369128,0.6346939485520124,0.628318582351009,0.6383839913954338,0.5962037393279994,0.6334665970255932,0.5035038451353708,0.0112111800120662,0.5239478144794703,0.4945543305948376,0.5072601471717159,0.4958627158775925,0.4958942175532381,0.3547442082315683,0.0048243317720728,0.3500357503071427,0.3539097569882869,0.3510475428774953,0.3636741461232304,0.3550538448616862,3.480881799757481,0.0016456783668885,3.4807824790477753,3.4820976555347443,3.48046263307333,3.4829449877142906,3.478121243417263,0.5888034619390965,0.0156253100006232,0.6082106111571193,0.5955166853964329,0.5996173704043031,0.5702029513195157,0.5704696914181113,0.495259403064847,0.0019060098850549,0.4972427440807223,0.4935808721929788,0.4979089759290218,0.4939022846519947,0.4936621384695172,0.349385536648333,0.0063558890817137,0.3409390700981021,0.3436638731509447,0.3504479005932808,0.3582726465538144,0.3536041928455233,3.476745645701885,0.0021085579968838,3.4732352942228317,3.477466769516468,3.476402074098587,3.476835183799267,3.4797889068722725,0.6030988434329629,0.022135559119486,0.6351762339472771,0.6072233114391565,0.6161346212029457,0.5751754259690642,0.5817846246063709,0.4963025314733386,0.0032341969630297,0.5012810630723834,0.4935118108987808,0.4990246631205082,0.4934852877631783,0.4942098325118422,7.0,7.0710678118654755,20,2,9,1,3,0.5481768337754461,0.0073572710437889,0.5441301434199042,0.5539432415853145,0.5523874811915325,0.5355756288520752,0.554847673828404,0.5404072098870348,0.009756948320406,0.5413594411585299,0.5466188464042327,0.5516673760930324,0.522829035685999,0.5395613500933804,0.5379186018080013,0.0059015117769452,0.543146441565817,0.5346243622519619,0.546171285741104,0.5299996944333214,0.5356512250478022,433.36748046875,11.466230952898297,426.9573059082031,428.9694213867187,421.9662170410156,454.9679260253906,433.9765319824219,1015.1989868164062,0.3989211202883789,1015.996826171875,1015.001220703125,1014.9978637695312,1014.999755859375,1014.999267578125,0.0035452465061098,0.0031505767834826,0.0078740157186985,0.0009852217044681,0.0068965516984462,0.0009852217044681,0.0009852217044681,0.0009850277565419,3.878958523273468e-07,0.0009842519648373,0.0009852217044681,0.0009852217044681,0.0009852217044681,0.0009852217044681,0.0189114078879356,0.006331765257053,0.0246062986552715,0.007881773635745,0.0236453209072351,0.01576354727149,0.0226600989699363,0.0051221832633018,0.0003945779508827,0.0049212598241865,0.0049261087551712,0.0059113302268087,0.0049261087551712,0.0049261087551712,0.0354573138058185,0.0128905649081361,0.0541338585317134,0.0177339911460876,0.0453201979398727,0.027586206793785,0.0325123146176338,0.0114262444898486,0.0018268177398205,0.0118110235780477,0.0098522175103425,0.0147783253341913,0.0108374385163187,0.0098522175103425
375,0.336044338469704,0.0083662378288533,0.3415654227137565,0.3331156906982263,0.3288186189408104,0.3494957375029723,0.3272262224927544,3.452602172394594,0.0133000683880814,3.4701096676290035,3.447835678855578,3.443664019306501,3.465999536216259,3.4354019599656263,0.6312437608721667,0.0176482948114203,0.6241345483188828,0.6417479751010736,0.6432816740125418,0.5997319956659339,0.647322611262401,0.5178259228666623,0.0186991479851408,0.4951675714304049,0.5266107836117347,0.5316700106486678,0.495862717119356,0.5398185315231482,0.3514341302216053,0.0040912415384927,0.3529359763488173,0.3484366238117218,0.350283402018249,0.3585721692070365,0.3469424797222018,3.4783546015620233,0.0041189399021362,3.4810578525066376,3.4776086434721947,3.4784696474671364,3.4834341406822205,3.4712027236819267,0.5959726231172681,0.0058039538794442,0.5929930051788688,0.5958230933174491,0.595807297155261,0.5888427644968033,0.6063969554379582,0.498529072292149,0.0040683729459808,0.4947163574397564,0.4984189439564943,0.5003592874854803,0.4939776128157973,0.505173159763217,0.3473927903920412,0.0079185258851105,0.3400905337184667,0.3375864615663886,0.3490393320098519,0.3596943551674485,0.3505532694980502,3.4752623617649077,0.0024845575740826,3.4745687022805214,3.4719741493463516,3.474200077354908,3.4794758036732674,3.476093076169491,0.605097147077322,0.0154944601707416,0.6251367721706629,0.6085788030177355,0.6110212113708258,0.5777634819969535,0.6029854668304324,0.4964878179132938,0.0036157705425274,0.492546328343451,0.4962740279734134,0.5026436597108841,0.4932635286822915,0.4977115448564291,20.0,16.272676485446393,4,21,29,1,45,0.5489246399900611,0.0110321193025342,0.5386107592092453,0.561299041339026,0.5602694570537426,0.534144845345594,0.5502990970026977,0.545849797454537,0.0133478788463536,0.5521611180618102,0.5563330029925423,0.5609472831563594,0.5283847954842054,0.5314227875777677,0.5418217470741613,0.0138126498333278,0.548108341086475,0.556367513639863,0.5537631340472067,0.52202973741876,0.5288400091785017,433.3672607421875,11.468108301725398,426.959716796875,428.9683837890625,421.9641723632813,454.9724731445313,433.9715576171875,1015.197021484375,0.4013092723188485,1015.9996337890624,1014.9949340820312,1014.996337890625,1014.999267578125,1014.9949340820312,0.0027584268245846,0.0019105958334397,0.0009842519648373,0.0019704434089362,0.0059113302268087,0.0009852217044681,0.0039408868178725,0.0007879834156483,0.000393991886837,0.0009842519648373,0.0,0.0009852217044681,0.0009852217044681,0.0009852217044681,0.0155645636841654,0.0052302979320956,0.0098425196483731,0.0098522175103425,0.0236453209072351,0.0177339911460876,0.0167487692087888,0.0053192275110632,0.0016010356717308,0.0049212598241865,0.0029556651134043,0.007881773635745,0.0049261087551712,0.0059113302268087,0.0332946751266717,0.0070912029095243,0.0295275598764419,0.0216748770326375,0.0423645339906215,0.0364532023668289,0.0364532023668289,0.0102441726252436,0.0016000135309272,0.0108267720788717,0.007881773635745,0.0128078823909163,0.0098522175103425,0.0098522175103425
400,0.3356491975486279,0.0051525987024339,0.3403943013399839,0.3399525055040915,0.3286896543577313,0.3300718298802773,0.3391376966610551,3.4588999092578887,0.0122920149429428,3.46956800421079,3.468121069173018,3.4397762902081013,3.4487542994320393,3.4682798832654953,0.634972177259624,0.0074785670507028,0.6271850727498531,0.6310826856642962,0.6438478855416179,0.6441564826915661,0.6285887596507868,0.5101810117562612,0.0178267018014282,0.4970597897966702,0.4969400831808646,0.5395266134291887,0.5223979149013758,0.4949806574732065,0.3525688666850328,0.0034805495276756,0.3506636843085289,0.3538292683660984,0.3506635539233684,0.3489209525287151,0.3587668742984533,3.479738746583462,0.0022800006344552,3.4811378940939903,3.482880413532257,3.480416104197502,3.476916521787643,3.477342799305916,0.5919002277776599,0.0086823495369623,0.6002076528966427,0.5956635577604175,0.5954325152561069,0.593029985204339,0.5751674277707934,0.4953455917537212,0.0018153630822926,0.494020820595324,0.4935680879279971,0.4982176059857011,0.4967429470270872,0.4941784972324967,0.3469207229092717,0.0094346074416282,0.3334078714251518,0.3410853464156389,0.3493178579956293,0.3491115942597389,0.3616809444501996,3.475780303776264,0.0029202257185912,3.473831959068775,3.477633513510227,3.476213790476322,3.471418097615242,3.4798041582107544,0.6060287807136774,0.0239417667353841,0.644118245691061,0.6144970217719674,0.6102348752319813,0.584968313574791,0.5763254472985864,0.4958024103194475,0.0032859874976678,0.491853741928935,0.494136868044734,0.4990599071606993,0.5003150003030896,0.4936465341597795,14.0,13.784048752090222,4,3,35,26,2,0.5445046584515817,0.0251732062309934,0.5101354156691947,0.540167162303901,0.569079906293138,0.5767159852260313,0.5264248227656432,0.5446464605467782,0.0140577291381133,0.5332473475328977,0.5513713982708442,0.5617997672733105,0.5532533402842362,0.5235604493726026,0.5433299268528201,0.0123227196715197,0.5339630192587669,0.557472895004888,0.5547030000695417,0.5455446879138239,0.5249660320170801,433.36781005859376,11.466791954659984,426.9615478515625,428.9669799804687,421.965576171875,454.9698791503906,433.9750671386719,1015.1984741210938,0.4003685054716791,1015.9992065429688,1014.999267578125,1014.9973754882812,1014.996337890625,1015.0001831054688,0.0035466041415929,0.0037179587447099,0.0009842519648373,0.0029556651134043,0.0108374385163187,0.0009852217044681,0.0019704434089362,0.0007879834156483,0.000393991886837,0.0009842519648373,0.0009852217044681,0.0,0.0009852217044681,0.0009852217044681,0.0197011368349194,0.0073476753056428,0.016732282936573,0.0137931033968925,0.0315270945429801,0.0118226604536175,0.0246305428445339,0.0065014935098588,0.0014755824329604,0.0049212598241865,0.0049261087551712,0.0088669955730438,0.0068965516984462,0.0068965516984462,0.040188318118453,0.0068319219066735,0.0442913398146629,0.0364532023668289,0.0472906418144702,0.0285714287310838,0.0443349778652191,0.0108351113274693,0.0016472064073805,0.0118110235780477,0.007881773635745,0.0108374385163187,0.0128078823909163,0.0108374385163187
425,0.3388202938561638,0.0065608889877232,0.3413687261442343,0.3343876668562491,0.3309331213434537,0.3374156542122364,0.3499963007246454,3.4619873022039727,0.007857163389572,3.4698956658442817,3.4536739277342954,3.4512757609287896,3.4680429163078466,3.4670482402046523,0.6276791987086957,0.0156690322639472,0.6269325148314238,0.6399360460539659,0.6416098320235809,0.6316789289315542,0.5982386717029536,0.5051478307694196,0.0108630829517641,0.4973706106344859,0.5183782593036691,0.5184853672981262,0.4959362186491489,0.4955686979616682,0.3524099620059132,0.0030912750444351,0.3538944739848375,0.348091003485024,0.3495633136481046,0.3540925150737166,0.3564085038378835,3.479879157245159,0.0016091162032986,3.4813074693083763,3.478078991174698,3.478921480476856,3.4822563230991364,3.478831522166729,0.5959105597808957,0.0098026101944574,0.5901598259806633,0.6111298417672515,0.6032543946057558,0.590705799870193,0.584302936680615,0.4958050146698952,0.0025226576011099,0.493582284078002,0.4990371139720082,0.4987029181793332,0.4942990262061357,0.4934037309139967,0.3477305004373193,0.0082060823670258,0.3400559984147548,0.3363033467903733,0.3505136789754033,0.3541108788922429,0.357668599113822,3.4763003528118133,0.0029962763855619,3.4756228178739548,3.4717599898576736,3.4757662937045097,3.4773072823882103,3.4810453802347183,0.6074810924008489,0.0186091722608328,0.6241345442831516,0.630116069689393,0.6107551492750645,0.582641426473856,0.5897582722827792,0.4963280661031604,0.0038736156419249,0.4922943133860826,0.5012073945254087,0.5008530300110579,0.4937990615144372,0.4934865310788154,7.6,6.560487786742691,3,14,17,3,1,0.5406766792481771,0.0099795301850765,0.5294245500711939,0.5475375002449714,0.5557250659153427,0.5398776673302149,0.5308186126791624,0.5384191987215836,0.007709476392903,0.5358357322109946,0.5452065271051205,0.5483192775709274,0.5265213088246756,0.5362131478961999,0.536432917481714,0.011414487563028,0.5256840010400554,0.5470007706404258,0.5532235458517726,0.5266499807977111,0.529606289078605,433.36765747070314,11.466949246624988,426.9605712890625,428.9659423828125,421.9657897949219,454.9698791503906,433.9761047363281,1015.197900390625,0.4006565059735134,1015.9992065429688,1014.9949340820312,1014.996826171875,1014.998779296875,1014.999755859375,0.0043347815517336,0.0028283480682859,0.0009842519648373,0.0059113302268087,0.007881773635745,0.0059113302268087,0.0009852217044681,0.0013791164383292,0.000788274427011,0.0009842519648373,0.0009852217044681,0.0029556651134043,0.0009852217044681,0.0009852217044681,0.0193060787394642,0.0044737406234651,0.0216535441577434,0.0187192130833864,0.0226600989699363,0.0108374385163187,0.0226600989699363,0.0049251387827098,0.0010792579610149,0.0049212598241865,0.0039408868178725,0.0068965516984462,0.0049261087551712,0.0039408868178725,0.0346735972911119,0.010435933830615,0.031496062874794,0.0305418726056814,0.052216749638319,0.0206896550953388,0.0384236462414264,0.0108353052288293,4.26657497882843e-06,0.0108267720788717,0.0108374385163187,0.0108374385163187,0.0108374385163187,0.0108374385163187
450,0.3369550249228875,0.0034933141232044,0.3431877897431453,0.3341374152029554,0.3368096870059768,0.3332150081793467,0.3374252244830131,3.4633273884654043,0.0070997855016171,3.469640526920557,3.450664425889651,3.46782931437095,3.46038780733943,3.468114867806434,0.6335835954174399,0.0066731012843963,0.6222097038601836,0.6412146085252365,0.6325012327482303,0.6393309310078621,0.6326615009456873,0.50333835426718,0.0105006471061498,0.4976898304497202,0.5226688350861272,0.4949596564595898,0.5062310813615719,0.4951423679788907,0.3522061169147491,0.0037276638736195,0.3546674977988004,0.3479542070999741,0.3529144842177629,0.3480433197692036,0.3574510756880045,3.4805604562163355,0.0018468005105722,3.480614311993122,3.478174388408661,3.483405388891697,3.4815555065870285,3.479052685201168,0.5931463168933988,0.0091679017151734,0.5855604102835059,0.605052987113595,0.5920657496899366,0.601882865652442,0.5811695717275143,0.4952548546716571,0.0019864287110414,0.49323202483356,0.4987157005816698,0.4946391610428691,0.4960567504167557,0.4936306364834308,0.3461585164070129,0.0066437649742117,0.3420029543340206,0.3370232954621315,0.3498013839125633,0.3454977003857493,0.3564672479405999,3.476149007678032,0.0028476775802938,3.4741052985191345,3.4727285504341125,3.4785188511013985,3.4750253558158875,3.4803669825196266,0.608092118985951,0.0102133922915074,0.6161405332386494,0.6210601944476366,0.6093806177377701,0.601310120895505,0.5925691286101937,0.4953748622909188,0.0030789773004095,0.49169029481709,0.4991257712244987,0.4929157616570592,0.4988999031484127,0.4942425806075334,7.4,5.462600113499065,3,17,4,10,3,0.5455335498280961,0.0347975867814351,0.49438451920411,0.5605870638916365,0.5177506285993834,0.5916044793486099,0.5633410580967408,0.5425801407541972,0.0182584380998829,0.5185895782521999,0.5592188362306613,0.5285889201002246,0.5672327714916104,0.5392705976962905,0.540057704888025,0.0150807362083085,0.5158243341817508,0.5553197366354545,0.5311388969789183,0.5552230412616882,0.5427825153823134,433.36785278320315,11.465130278881691,426.9621887207031,428.9669799804687,421.9670104980469,454.96636962890625,433.9767150878906,1015.1979125976562,0.4006489819893281,1015.9992065429688,1014.9954223632812,1014.999267578125,1014.9973754882812,1014.998291015625,0.0041377371177077,0.004882691394482,0.0009842519648373,0.0029556651134043,0.0019704434089362,0.0009852217044681,0.0137931033968925,0.0009850277565419,3.878958523273468e-07,0.0009842519648373,0.0009852217044681,0.0009852217044681,0.0009852217044681,0.0009852217044681,0.0139880148693919,0.0058927359749649,0.0108267720788717,0.0108374385163187,0.007881773635745,0.01576354727149,0.0246305428445339,0.0055162718519568,0.000788906565947,0.0049212598241865,0.0049261087551712,0.0059113302268087,0.0068965516984462,0.0049261087551712,0.0299441449344158,0.0048458476728352,0.033464565873146,0.0295566506683826,0.0206896550953388,0.0325123146176338,0.0334975384175777,0.0102443665266037,0.001336997153755,0.0098425196483731,0.0098522175103425,0.0088669955730438,0.0128078823909163,0.0098522175103425
475,0.3369309075797597,0.0024459275580517,0.3386376456667979,0.3351642781247695,0.3387229591608047,0.3329690856238206,0.3391605693226059,3.461845784882705,0.0060396881672441,3.463453421990077,3.4525048782428107,3.467999321719011,3.457466592391332,3.467804710070292,0.6348438268527389,0.0035483481746602,0.6320949898411831,0.6382174783696731,0.6320392893006405,0.6400431419412295,0.6318242348109683,0.5053637236356735,0.0091608088478293,0.5073462516690294,0.5192330128823718,0.4951003662620981,0.5097236024836699,0.4954153848811984,0.3512865722179413,0.0031450379534418,0.3501391019672155,0.3493799706920981,0.3539720000699162,0.3471566718071699,0.3557851165533066,3.477024063467979,0.0024531238414371,3.4784247651696205,3.473559468984604,3.4808367043733597,3.4759787917137146,3.4763205870985985,0.5999275792390109,0.0136349792823098,0.6129084564745426,0.6041461201384664,0.6017165444791317,0.6071633649989963,0.5737034101039171,0.4969542467966675,0.0027247117870054,0.4985960880294442,0.5005139773711562,0.4948763577267527,0.4978980617597699,0.4928867490962147,0.3466795641928911,0.0068299086634297,0.340539432130754,0.3388777486979961,0.3518266594037413,0.3451820174232125,0.3569719633087516,3.473878890275955,0.004415166349671,3.4701293781399727,3.469595707952976,3.47809224575758,3.471315421164036,3.4802616983652115,0.6133306205272675,0.0212988250964175,0.6461848970502615,0.618607884272933,0.6171626765280962,0.6038768403232098,0.5808208044618368,0.4977518068626523,0.0032835654445623,0.5000368366017938,0.4994507534429431,0.4932610392570495,0.501576323993504,0.494434081017971,8.6,5.607138307550474,9,17,3,12,2,0.5479088249158981,0.0285500018720445,0.5487087934621262,0.557057060046926,0.4988705175564731,0.5877320569904554,0.5471756965235096,0.5403572958752038,0.0181535625963664,0.5499224812528637,0.5525679170533673,0.5071443539173701,0.5569997728407299,0.5351519543116877,0.5367055970207903,0.0145687634694961,0.5393457198586612,0.5543352021484327,0.5119102656867531,0.546663271046609,0.531273526363496,432.9681396484375,11.748113008885364,426.9613952636719,427.9697570800781,420.966796875,454.9676818847656,433.9750671386719,1014.997412109375,0.0023323417214091,1014.998291015625,1014.994384765625,1014.999267578125,1014.9949340820312,1015.0001831054688,0.0043349754065275,0.004890511748443,0.0039408868178725,0.0019704434089362,0.0,0.0019704434089362,0.0137931033968925,0.0005911330226808,0.0004826580918924,0.0009852217044681,0.0,0.0,0.0009852217044681,0.0009852217044681,0.0163546802476048,0.0067572134059885,0.0246305428445339,0.0108374385163187,0.0068965516984462,0.0167487692087888,0.0226600989699363,0.0057142859324812,0.0007372722393921,0.0059113302268087,0.0059113302268087,0.0049261087551712,0.0068965516984462,0.0049261087551712,0.0350738923996686,0.0124559461308323,0.0581280812621116,0.0285714287310838,0.0216748770326375,0.0364532023668289,0.0305418726056814,0.0104433504864573,0.0011822659522294,0.0128078823909163,0.0098522175103425,0.0098522175103425,0.0098522175103425,0.0098522175103425
500,0.3342219253381093,0.0046723037894423,0.3363054928680261,0.3399889621262749,0.3288163778682549,0.3285641375308235,0.3374346562971671,3.455148298044999,0.0120273589314259,3.4556561584273973,3.4685867031415305,3.442887886116902,3.440328615407149,3.4682821271320186,0.6369037511448066,0.006288735496827,0.6337293566515049,0.6286296850691239,0.6443540298690399,0.6441803717364868,0.6336253123978773,0.5144749483093619,0.0162202187060007,0.5178301250562072,0.4955056908850868,0.5307354520385464,0.5325877697517475,0.4957157038152218,0.351439606398344,0.0006020543625948,0.350810750387609,0.3518890775740146,0.3520140349864959,0.3506069211289286,0.3518772479146719,3.477404528856278,0.0014171272839573,3.476069986820221,3.4789389967918396,3.47909689694643,3.4756674468517303,3.4772493168711662,0.6010165287181735,0.0100580987657674,0.6109685376286507,0.5961414678022265,0.6028438163921237,0.6109031671658158,0.5842256546020508,0.4979928193613886,0.0034921424029002,0.5006437227129936,0.4936125436797738,0.4999141935259104,0.501837064512074,0.4939565723761916,0.3460377437993884,0.0068792869572402,0.3367866585031152,0.3421046026051044,0.3517300467938185,0.3436557371169328,0.3559116739779711,3.4741937264800073,0.0052649801906409,3.466110125184059,3.4755217358469963,3.4761243760585785,3.471308819949627,3.481903575360775,0.6149467103183269,0.0215672071085082,0.6514575071632862,0.6066264417022467,0.6160997189581394,0.6159530468285084,0.5845968369394541,0.4990832583978772,0.0049043136825792,0.5033246269449592,0.4931312948465347,0.5005330219864845,0.5049018440768123,0.4935255041345954,18.0,13.827508813954884,17,3,30,37,3,0.5482905885744284,0.0151012280923067,0.5390513305102788,0.5427508882188437,0.5454776496896692,0.5778414550694231,0.5363316193839268,0.5462722740565569,0.0080515588133987,0.5514183854028223,0.5533577731904382,0.541032755998682,0.5526644533931144,0.5328880022977277,0.5431614233635507,0.0095206328159245,0.5432248516330287,0.5536401892652925,0.5462967154498289,0.5472779715700676,0.5253673888995355,432.9673278808594,11.74714779846262,426.9613952636719,427.9719848632813,420.9631652832031,454.9635620117187,433.9765319824219,1014.998095703125,0.0015316784317732,1014.998291015625,1014.999755859375,1014.996337890625,1014.996337890625,1014.999755859375,0.0043349755462259,0.0042536028106469,0.0029556651134043,0.0019704434089362,0.0128078823909163,0.0019704434089362,0.0019704434089362,0.0007881773635745,0.0003940886817872,0.0,0.0009852217044681,0.0009852217044681,0.0009852217044681,0.0009852217044681,0.0214778330177068,0.0104711961474451,0.0305418726056814,0.0088669955730438,0.0325123146176338,0.0266009867191314,0.0088669955730438,0.005911330319941,0.001246217687286,0.0049261087551712,0.0049261087551712,0.007881773635745,0.0068965516984462,0.0049261087551712,0.0431527100503444,0.0145519616644481,0.0591133013367652,0.0325123146176338,0.0561576373875141,0.0472906418144702,0.0206896550953388,0.0108374388888478,0.0020666182601156,0.0088669955730438,0.0098522175103425,0.0108374385163187,0.0147783253341913,0.0098522175103425
525,0.3394355855261286,0.0073465497941383,0.3407372931639353,0.3332452736794948,0.337118417955935,0.3330756975337863,0.3530012452974915,3.4625557666023576,0.0078700782041311,3.4696903315683207,3.448309180637201,3.467925780763229,3.459858221312364,3.4669953187306723,0.6265526440149795,0.0183013212793501,0.6272408235818148,0.6412439371148745,0.6326301296552023,0.6402295716106892,0.5914187581123164,0.5042334315056601,0.0117336017633787,0.49644025011609,0.5261865590388576,0.4962722407653928,0.5067519148190817,0.4955161927888791,0.353007342107594,0.0047821886067823,0.3528007790446281,0.3483350910246372,0.3515729652717709,0.3502272544428706,0.3621006207540631,3.478214572370052,0.0033202047516783,3.482674591243267,3.4763760566711426,3.4812958538532257,3.477108418941498,3.4736179411411285,0.5930918604135513,0.0174010322909569,0.6042490201070905,0.6111224852502346,0.5969242881983519,0.5924647524952888,0.5606987560167909,0.4964519567787647,0.0031135703699706,0.4951246380805969,0.5019162530079484,0.4942135699093342,0.4977430403232574,0.4932622825726866,0.3488423634320498,0.0098109874335186,0.3409328330308199,0.3383452491834759,0.3500786190852523,0.3484948137775063,0.3663603020831942,3.4750512674450875,0.0030164916874341,3.474661611020565,3.470536544919014,3.478972040116787,3.4734093695878983,3.477676771581173,0.6033786343410611,0.0265736696518297,0.6346517633646727,0.6236235443502665,0.6105372123420238,0.5876457784324884,0.5604348732158542,0.4964806199073791,0.0044902992264964,0.4926185477524996,0.5048844162374735,0.4934512944892049,0.4972982779145241,0.4941505631431937,8.4,7.863841300535,4,23,4,10,1,0.5442647785151143,0.0313020883850166,0.5252348709762964,0.5660661449072176,0.5023436924776574,0.5915699240555251,0.5361092601588748,0.539881300737505,0.0160801289135401,0.5469100513544088,0.5552754015224906,0.5133417162218983,0.5540567577690114,0.5298225768197153,0.5355928011145854,0.013017342100508,0.5331091732119344,0.5522041718712974,0.5158868370809695,0.5473615173909826,0.5294023060177432,432.96827392578126,11.747566811869362,426.9634094238281,427.9656372070313,420.96978759765625,454.9674682617187,433.9750671386719,1014.997998046875,0.0017632295005144,1014.999267578125,1014.995849609375,1014.999755859375,1014.995849609375,1014.999267578125,0.0011822660453617,0.0003940886817872,0.0009852217044681,0.0009852217044681,0.0009852217044681,0.0019704434089362,0.0009852217044681,0.0007881773635745,0.0003940886817872,0.0009852217044681,0.0,0.0009852217044681,0.0009852217044681,0.0009852217044681,0.0159605916589498,0.0045958242596648,0.0187192130833864,0.0147783253341913,0.0088669955730438,0.0147783253341913,0.0226600989699363,0.004926108662039,0.0006231089172705,0.0039408868178725,0.0049261087551712,0.0049261087551712,0.0059113302268087,0.0049261087551712,0.0309359610080719,0.0069832689072046,0.040394090116024,0.0325123146176338,0.0187192130833864,0.0305418726056814,0.0325123146176338,0.010246305912733,0.0013364196176635,0.0088669955730438,0.0088669955730438,0.0118226604536175,0.0118226604536175,0.0098522175103425
550,0.3351472491398454,0.0027403851024088,0.3350517908111214,0.3381674255554874,0.3338597618664304,0.3378937486559152,0.3307635188102722,3.459860262523095,0.0065516304871619,3.4539047529300055,3.4640440084040165,3.462647379686435,3.468109411497911,3.4505957600971064,0.636617049947381,0.0048897037725389,0.6367079516251882,0.6337200651566187,0.6380182150751352,0.6299644062916437,0.6446746115883192,0.5087445213769872,0.0101776357124543,0.5214339550584555,0.5044123617311319,0.5026608491316438,0.4953901857758562,0.5198252551878492,0.3488917859271169,0.0038459839272915,0.3477676995098591,0.3492174372076988,0.3500671880319714,0.3546671820804477,0.3427394228056073,3.477377524971962,0.0033239774008296,3.47745518386364,3.478143133223057,3.479240506887436,3.480898790061474,3.4711500108242035,0.6064310299232603,0.01058915072183,0.6155707882717252,0.6072828527539968,0.601949255913496,0.5888247881084681,0.618527464568615,0.4985722072422504,0.0029225683201562,0.5014665126800537,0.4974847985431552,0.4972050199285149,0.4944038279354572,0.5023008771240711,0.3454788835719228,0.0059089436562005,0.3371311677619815,0.3398256571963429,0.3490158012136817,0.3523956891149282,0.3490261025726795,3.4745318233966827,0.0026346801101185,3.4696760326623917,3.473860800266266,3.4759339839220047,3.476915307343006,3.4762729927897453,0.616339011117816,0.0209014797280798,0.6497812159359455,0.6179342307150364,0.6185098886489868,0.5841980231925845,0.6112716970965266,0.4982323843985796,0.0029661963291203,0.5010701818391681,0.4971875883638859,0.4979925733059644,0.493358033709228,0.5015535447746515,11.8,7.493997598078078,19,8,8,2,22,0.5389956751755922,0.0216286061969013,0.540955107077958,0.5573108031733578,0.5065259344402958,0.5242239764111005,0.5659625547752491,0.5405781101119849,0.0169178117275951,0.5507888425570108,0.5643123503747777,0.521575599133177,0.521049629445499,0.5451641290494598,0.5369101879831482,0.0162488334294148,0.5447140701188095,0.5598748256878535,0.5217903366394013,0.5152873491007642,0.5428843583689127,432.9673706054688,11.748645225016594,426.9613952636719,427.9687194824219,420.9660034179687,454.9685668945313,433.97216796875,1014.9973266601562,0.0018726556745328,1014.995849609375,1014.996826171875,1014.9978637695312,1015.0006713867188,1014.9954223632812,0.0039408867713063,0.0022466510901559,0.0039408868178725,0.0009852217044681,0.0068965516984462,0.0019704434089362,0.0059113302268087,0.0009852217044681,0.0,0.0009852217044681,0.0009852217044681,0.0009852217044681,0.0009852217044681,0.0009852217044681,0.0163546804338693,0.0041144065314264,0.0187192130833864,0.0098522175103425,0.0216748770326375,0.0137931033968925,0.0177339911460876,0.0051231530029326,0.0020094659561443,0.0029556651134043,0.0039408868178725,0.0049261087551712,0.0049261087551712,0.0088669955730438,0.0346798039972782,0.0076923047387325,0.0423645339906215,0.0236453209072351,0.0443349778652191,0.0325123146176338,0.0305418726056814,0.0096551729366183,0.001805941316431,0.007881773635745,0.0098522175103425,0.007881773635745,0.0098522175103425,0.0128078823909163
575,0.3358255639672279,0.008388903219942,0.3341100693990786,0.3351090199624498,0.3518334226682782,0.3291052666803201,0.3289700411260128,3.4525633503993354,0.0085770811023806,3.4503366189698377,3.456302605569362,3.467265968521436,3.443662417431673,3.4452491415043673,0.6311636767660579,0.0205900543712647,0.6349780615419149,0.6382215445240339,0.5908794909094771,0.64601477359732,0.6457245132575432,0.5177465388551354,0.0122716275036393,0.5244455464805166,0.5139343763391176,0.4953733831644058,0.5287424263854822,0.526236961906155,0.3488903908059001,0.0049762119183004,0.347403610125184,0.3480974799022078,0.3573572048917413,0.3496792912483215,0.3419143678620457,3.476544526219368,0.0035063031462501,3.477066218852997,3.4765968918800354,3.4821641221642494,3.475731924176216,3.471163474023342,0.6099430480971932,0.0098667930572626,0.611823383718729,0.6060139667242765,0.5934917582198977,0.615585844963789,0.6228002868592739,0.4992412943392992,0.0035603552504521,0.5006437189877033,0.4972377680242061,0.4933327566832304,0.5016895113512874,0.5033027166500688,0.3449006812646985,0.0080482117539415,0.3337697023525834,0.3390589617192745,0.3563321754336357,0.3445238517597317,0.3508187150582671,3.4738422453403475,0.0043365529569755,3.468733049929142,3.4716892018914223,3.48062115162611,3.4711497500538826,3.4770180732011795,0.6199093855917454,0.0154815579066335,0.6496335100382566,0.615713581442833,0.6060310248285532,0.6183736454695463,0.6097951661795378,0.4999364817515015,0.0043618183116153,0.502135026268661,0.4983821744099259,0.4921584669500589,0.5044869659468532,0.5025197751820087,19.0,10.677078252031311,24,13,1,30,27,0.5531674791094169,0.0314241834355947,0.5581424167540743,0.5696931898485948,0.4949628550044532,0.5885220876341261,0.5545168463058362,0.542520039294464,0.0241266767723074,0.5619061555317001,0.5599447232850031,0.4981962787885924,0.5571903527195584,0.5353626861474657,0.541732100099826,0.0188800015767412,0.5549293108658686,0.556357575560955,0.5050895536036601,0.5486550176910524,0.5436290427775935,432.9657287597656,11.747894059596034,426.9585266113281,427.9671020507813,420.9671630859375,454.9661560058594,433.9696960449219,1014.99619140625,0.0017922316554914,1014.9954223632812,1014.9954223632812,1014.999755859375,1014.9954223632812,1014.9949340820312,0.0049261084757745,0.003989843787738,0.0029556651134043,0.0019704434089362,0.0009852217044681,0.0118226604536175,0.0068965516984462,0.0009852217044681,0.0010792563033617,0.0,0.0,0.0009852217044681,0.0029556651134043,0.0009852217044681,0.0195073898881673,0.0059571298760076,0.0226600989699363,0.0118226604536175,0.0128078823909163,0.0246305428445339,0.0256157647818326,0.0066995076835155,0.0020094659333134,0.0088669955730438,0.0039408868178725,0.0049261087551712,0.0068965516984462,0.0088669955730438,0.0392118234187364,0.0102463062064579,0.0532019734382629,0.0325123146176338,0.0236453209072351,0.0413793101906776,0.0453201979398727,0.0116256160661578,0.0013070440388902,0.0118226604536175,0.0108374385163187,0.0098522175103425,0.0118226604536175,0.0137931033968925
600,0.3376886875679096,0.0021338893156215,0.3407907725001375,0.3352784169837832,0.3352837699155013,0.3383401874452829,0.3387502909948428,3.465756651759148,0.0053652870293244,3.4696643004814782,3.45514985298117,3.4672089914480844,3.4680033437907696,3.468756770094236,0.6327563870698213,0.0047418869263787,0.6276126081744829,0.639954304943482,0.636482068647941,0.6312034713725249,0.6285294822106758,0.4996198560421666,0.0082051573416432,0.4958732159187396,0.5159568066398302,0.4959992216899991,0.4962197368343671,0.4940502991278966,0.3513342577964067,0.0014269133850707,0.3495652619749307,0.3496130034327507,0.3526333309710026,0.3524218844249844,0.3524378081783652,3.478917109966278,0.0025987842479743,3.4801832884550095,3.4761722087860107,3.4813382625579834,3.4814728274941444,3.4754189625382423,0.5899341572076082,0.008264434115056,0.5923344884067774,0.6030955715104938,0.5827148277312517,0.5919112525880337,0.5796146458014846,0.4952407844364643,0.0025076701445481,0.4944038260728121,0.5001459131017327,0.4945878582075238,0.493993055075407,0.4930732697248459,0.3464832879602909,0.007500974663482,0.3370624762028456,0.3383396314457059,0.3498393464833498,0.3509370507672429,0.3562379349023103,3.476310220360756,0.0037813520217581,3.473065175116062,3.4707134440541267,3.4791566357016563,3.4779729396104813,3.480642907321453,0.6010144514963031,0.0167987585290528,0.6211743447929621,0.6193258222192526,0.5986685259267688,0.5853224825114012,0.5805810820311308,0.4945894282311201,0.0031017560355125,0.4918094566091895,0.5006478289142251,0.4937335699796676,0.4933277769014239,0.4934285087510943,5.8,4.261455150532504,5,14,5,3,2,0.5388325984911304,0.0211359486597971,0.5391860116967166,0.5680068711351614,0.5035875891574345,0.5495596770594017,0.5338228434069376,0.5376537550816413,0.0159917847396046,0.5414162723488647,0.561715128760266,0.5122380581168692,0.5321646665525864,0.5407346496296205,0.5315124946379506,0.01696154388986,0.528207348803413,0.5599028203838383,0.5072167244444534,0.5271846461542294,0.5350509334038186,432.9688659667969,11.749410216298848,426.9617614746094,427.9668884277344,420.9665832519531,454.9703063964844,433.9787902832031,1014.9987915039062,0.0016951518883632,1014.999755859375,1014.9954223632812,1014.999755859375,1014.999267578125,1014.999755859375,0.0013793103862553,0.0004826580918924,0.0019704434089362,0.0019704434089362,0.0009852217044681,0.0009852217044681,0.0009852217044681,0.0009852217044681,0.0006231089172705,0.0019704434089362,0.0,0.0009852217044681,0.0009852217044681,0.0009852217044681,0.0122167490422725,0.0038713071336858,0.0088669955730438,0.0137931033968925,0.0068965516984462,0.0177339911460876,0.0137931033968925,0.0043349756859242,0.001182266138494,0.0049261087551712,0.0019704434089362,0.0049261087551712,0.0049261087551712,0.0049261087551712,0.0319211825728416,0.0107493058958455,0.052216749638319,0.0325123146176338,0.0226600989699363,0.0285714287310838,0.0236453209072351,0.0098522171378135,0.0008812088733895,0.0088669955730438,0.0108374385163187,0.0088669955730438,0.0098522175103425,0.0108374385163187
625,0.334246138545374,0.0042925074876246,0.34073890093714,0.3333849612002571,0.3277499427398045,0.3328541389976938,0.3365027488519748,3.457057275374731,0.0114020726564217,3.4700178330143294,3.448234062641859,3.4404609128832817,3.4582291978100934,3.4683443705240884,0.6381931260228157,0.0063006717458405,0.6274881468464931,0.64144820595781,0.6460815134147803,0.6403166800737381,0.635631083821257,0.5124848602960507,0.0157355016626221,0.4970702926317851,0.5235214888428649,0.5364247138301531,0.5102591384202242,0.4951486677552263,0.3491157805547118,0.0012116235564744,0.3504603123292327,0.3485409272834658,0.349657610990107,0.3498827572911978,0.3470372948795557,3.478250589966774,0.0022770844783474,3.4825897440314293,3.4771310910582542,3.4769594967365265,3.4783627465367317,3.476209871470928,0.6062329158186912,0.0080622155115924,0.6130242859944701,0.6161530241370201,0.606701111420989,0.6016850788146257,0.5936010787263513,0.4974156700074673,0.003136588036516,0.4947818517684936,0.5016455557197332,0.4992286171764135,0.4984738174825907,0.4929485078901052,0.3438618522137403,0.0055988668468392,0.3385034641250968,0.3360530780628323,0.3495460161939263,0.3457676060497761,0.3494390966370702,3.4746328771114348,0.0030900088915932,3.474019482731819,3.4711034446954727,3.474006861448288,3.473615474998951,3.480419121682644,0.6202542940154672,0.0182231528255498,0.6440212018787861,0.6368505824357271,0.6202703416347504,0.601625420153141,0.5985039239749312,0.4975864289328456,0.003452177760847,0.4926877757534385,0.5011481288820505,0.5011365422978997,0.4984613638371229,0.4944983338937163,15.8,11.754148203932091,4,23,35,12,5,0.5428818350917413,0.0249803777080066,0.5020913779303233,0.5664277545157447,0.5315985310152325,0.5707029091853268,0.5435886028120785,0.5424413368063672,0.0096528086304697,0.5277849214063621,0.5568120909502005,0.5370923808966392,0.5450733070298068,0.5454439837488271,0.5369696646380946,0.0125369122135025,0.5167344070471136,0.5554206067985457,0.5420864507532331,0.5338484821689633,0.5367583764226176,432.9675048828125,11.747963275269507,426.9632263183594,427.9674682617187,420.9651794433594,454.96636962890625,433.9752807617187,1014.9973388671876,0.0022247628417762,1015.0006713867188,1014.9949340820312,1014.9949340820312,1014.9973754882812,1014.998779296875,0.0027586208190768,0.0014479743453825,0.0009852217044681,0.0039408868178725,0.0049261087551712,0.0019704434089362,0.0019704434089362,0.0013793103862553,0.0010047329392596,0.0009852217044681,0.0,0.0029556651134043,0.0009852217044681,0.0019704434089362,0.0165517248213291,0.0046378729534149,0.0098522175103425,0.0137931033968925,0.0236453209072351,0.0187192130833864,0.0167487692087888,0.005320197250694,0.0014745448148079,0.0039408868178725,0.0039408868178725,0.007881773635745,0.0059113302268087,0.0049261087551712,0.0376354694366455,0.0048825671543397,0.0443349778652191,0.0325123146176338,0.040394090116024,0.0394088700413703,0.0315270945429801,0.0102463060989975,0.0013364197000531,0.0098522175103425,0.0098522175103425,0.0128078823909163,0.0098522175103425,0.0088669955730438
650,0.3297840830559532,0.0035727406660111,0.3304886606832345,0.3354427947973211,0.3247938550387819,0.3274452953288952,0.330749809431533,3.4420132927596567,0.0112238646440848,3.4349753161271415,3.4579922929406166,3.4272692377368608,3.43817725032568,3.451652366667986,0.6443721375117699,0.004168156505368,0.6410552399853865,0.6399155302594105,0.651105247437954,0.6471427244444689,0.6426419454316298,0.5336621986081204,0.0162282923722855,0.5437877885997295,0.5137894650300344,0.5578040809681019,0.5346165013809999,0.5183131570617358,0.3498379608616233,0.0027102226859934,0.3500146362930536,0.3522498644888401,0.351824508048594,0.3504196992143988,0.3446810962632298,3.475905406475067,0.0023615574646418,3.478134699165821,3.4772646874189377,3.477840431034565,3.474160462617874,3.472126752138138,0.6049033019691705,0.004560307665253,0.6112164622172713,0.5993327051401138,0.6046193381771445,0.6087303981184959,0.6006176061928272,0.5000673191621899,0.0013032407133682,0.4994744099676609,0.5021570604294538,0.4985127886757254,0.5009193914011121,0.4992729453369975,0.3446169903501868,0.0047659246841853,0.3378848331049084,0.3417758708819747,0.3519830340519547,0.3444011844694614,0.3470400292426348,3.4726942762732507,0.0028646481713192,3.4682299196720123,3.4734464660286903,3.4758113995194435,3.4706851467490196,3.475298449397087,0.6196875307708979,0.0157726588901276,0.6499197855591774,0.6136431097984314,0.6182607226073742,0.6123252054676414,0.604288830421865,0.500640133023262,0.0014639142582465,0.501577946357429,0.5029537016525865,0.5002569779753685,0.4995399061590433,0.4988721329718828,32.4,13.705473359209453,41,12,49,39,21,0.5389519935582184,0.0183909504342434,0.5272049092026424,0.5526105320117961,0.5089657209122295,0.5590437962939189,0.5469350093705054,0.5373632960841249,0.0111206234911112,0.54469270865621,0.5530922107003697,0.5202733245750104,0.5362954336620773,0.5324628028269571,0.5404048291751093,0.0089011002022054,0.5476990688227791,0.5515640127926503,0.5259027266798851,0.5388146349398769,0.5380437026403551,432.9657836914063,11.748529100191003,426.9605712890625,427.9631958007813,420.9653625488281,454.96636962890625,433.9734191894531,1014.9959838867188,0.0009867329286113,1014.9973754882812,1014.9949340820312,1014.996826171875,1014.995849609375,1014.9949340820312,0.0055172415915876,0.0026873265815147,0.0088669955730438,0.0059113302268087,0.007881773635745,0.0029556651134043,0.0019704434089362,0.0007881773635745,0.0007372724136266,0.0,0.0,0.0009852217044681,0.0009852217044681,0.0019704434089362,0.0258128095418214,0.0072237652352396,0.0394088700413703,0.0197044350206851,0.0256157647818326,0.0246305428445339,0.0197044350206851,0.0061083746142685,0.0011489559451258,0.0049261087551712,0.0049261087551712,0.0068965516984462,0.0059113302268087,0.007881773635745,0.0461083762347698,0.0149986871113325,0.0748768523335456,0.0384236462414264,0.0443349778652191,0.0413793101906776,0.0315270945429801,0.011034483090043,0.0007372722891734,0.0118226604536175,0.0118226604536175,0.0098522175103425,0.0108374385163187,0.0108374385163187
675,0.3362290103609363,0.0028185906102906,0.3369265450164675,0.3405932035918037,0.3349524093791842,0.3319493749489386,0.3367235188682874,3.4635108053684234,0.005574479771545,3.4592803778747716,3.468343490113815,3.467034279058377,3.4546216279268265,3.4682742518683276,0.6352766521275044,0.0037370048140756,0.6332593075931072,0.6316370839873949,0.6362237011392912,0.6421327826877435,0.6331303852299849,0.502616328249375,0.007877691273206,0.5120232542976737,0.4962344377612074,0.4963457457100351,0.5124999831120173,0.4959782203659415,0.351515351049602,0.0020678500621377,0.3528188820928335,0.3538859374821186,0.3528121141716838,0.3489187248051166,0.3491410966962576,3.4795745640993117,0.0030970532592133,3.477760761976242,3.483705312013626,3.4826254919171333,3.475495897233486,3.4782853573560715,0.6038364447653294,0.0052838011661219,0.6103378152474761,0.6028540395200253,0.6004084581509233,0.6092105600982904,0.5963713508099318,0.496535854972899,0.0027207360649162,0.5002101622521877,0.4945940840989351,0.495632404461503,0.4991693524643779,0.493073271587491,0.3478889208287,0.0039598730411524,0.3479072190821171,0.3427183236926794,0.3520603263750672,0.3442692663520574,0.3524894686415791,3.4763320967555047,0.0055471772338578,3.468504585325718,3.479758471250534,3.479443348944187,3.471046857535839,3.482907220721245,0.6130969937890768,0.0092149990856574,0.6261949483305216,0.6180750746279955,0.6134860198944807,0.6092316200956702,0.598497305996716,0.4966439316049218,0.0035263994440866,0.5009632213041186,0.4929095357656479,0.4956866949796676,0.5006109671667218,0.4930492388084531,8.6,4.963869458396342,13,4,6,16,4,0.5404841951635817,0.0156639290288549,0.5320604859361804,0.5546903698243345,0.519813756502047,0.5623491071915223,0.5335072563638246,0.5406406343506879,0.0096589275224748,0.5528244963764704,0.5476052833736338,0.5243504439121188,0.539393506550824,0.5390294415403927,0.5321502236540374,0.0113596136975367,0.5449208389157308,0.5379639392294271,0.5112376919082273,0.5312806119757009,0.5353480362411005,432.9680541992187,11.748616355979088,426.9603576660156,427.9674682617187,420.966796875,454.9681091308594,433.9775390625,1014.998388671875,0.0010426834230499,1014.998779296875,1014.998779296875,1014.998779296875,1014.996337890625,1014.999267578125,0.0057142860721796,0.006664644615161,0.0029556651134043,0.0009852217044681,0.0187192130833864,0.0049261087551712,0.0009852217044681,0.0007881773635745,0.0007372724136266,0.0009852217044681,0.0,0.0,0.0019704434089362,0.0009852217044681,0.0210837442427873,0.0079942711123182,0.0315270945429801,0.0128078823909163,0.0285714287310838,0.0206896550953388,0.0118226604536175,0.0043349755462259,0.002028695668784,0.0039408868178725,0.0019704434089362,0.0029556651134043,0.007881773635745,0.0049261087551712,0.0390147797763347,0.0160636472983741,0.0660098567605018,0.0236453209072351,0.0472906418144702,0.0344827584922313,0.0236453209072351,0.0094581285491585,0.0013364197275164,0.007881773635745,0.0088669955730438,0.0088669955730438,0.0118226604536175,0.0098522175103425
700,0.3349600992475946,0.003224427108621,0.3368735139568646,0.3290502876043319,0.3339725354065497,0.3374173914392789,0.337486767830948,3.457994884004195,0.0128869427858028,3.457410763949156,3.4335789109269776,3.4622039161622524,3.468523595482111,3.4682572335004807,0.6372481328745684,0.0056826975612852,0.6332005380342404,0.6481034917136034,0.6376960389316082,0.6342204747100672,0.6330201209833225,0.5117036098614335,0.0187241097268201,0.5158559984217087,0.5458942192296187,0.5060714694360892,0.4953376806030671,0.4953586816166838,0.3506220694631338,0.0016968966040376,0.3489568531513214,0.3489291798323393,0.350946381688118,0.3507157061249017,0.3535622265189886,3.47981938123703,0.0018172714288266,3.480716571211815,3.4782696813344955,3.4812792986631393,3.481744684278965,3.4770866706967354,0.6034285565838218,0.0095008745955495,0.6064633335918188,0.6132688503712416,0.6099472464993596,0.6013059597462416,0.5861573927104473,0.4962294505909085,0.0028629060730944,0.4957306487485766,0.5013305395841599,0.4969529993832111,0.4936187658458948,0.4935142993927002,0.3454768612980842,0.0080945585120719,0.3362958719953894,0.3356192018836736,0.3509637089446187,0.3487732345238328,0.3557322891429066,3.475893557071686,0.0040360328253479,3.47213601320982,3.470029518008232,3.478600099682808,3.478427104651928,3.480275049805641,0.617662464082241,0.0203440747215411,0.6420367043465376,0.6333409994840622,0.6256718914955854,0.5959060285240412,0.5913566965609789,0.4980655824765563,0.0046034006193698,0.4986043041571975,0.5064392192289233,0.4975540321320295,0.4938645549118519,0.4938658019527793,15.2,14.593149077563758,16,43,9,5,3,0.5363348322105279,0.0156698564532395,0.5409861177621662,0.5571200417511012,0.5178030916149116,0.5471442813979451,0.5186206285265157,0.5372785504434372,0.0118047329975399,0.5440700186617506,0.5573341554006324,0.530658512156471,0.5272541897278932,0.527075876270439,0.536001440164828,0.014411974720571,0.5379149469068749,0.5629207723258995,0.5252904316713942,0.5229853351392032,0.530895714780768,432.96820678710935,11.747962377509122,426.9621887207031,427.9664611816406,420.9685974121094,454.9676818847656,433.9761047363281,1014.9980102539064,0.0017759447565422,1014.9973754882812,1014.9949340820312,1014.998779296875,1014.998779296875,1015.0001831054688,0.003152709454298,0.0025991933703376,0.0009852217044681,0.007881773635745,0.0039408868178725,0.0009852217044681,0.0019704434089362,0.0005911330226808,0.0007881773635745,0.0,0.0,0.0,0.0009852217044681,0.0019704434089362,0.0183251237496733,0.0055941160270206,0.0137931033968925,0.0187192130833864,0.0285714287310838,0.0177339911460876,0.0128078823909163,0.0053201972972601,0.0016007957699084,0.0029556651134043,0.007881773635745,0.0049261087551712,0.0049261087551712,0.0059113302268087,0.0348768480122089,0.0084660298098936,0.0354679822921752,0.0384236462414264,0.0482758618891239,0.0285714287310838,0.0236453209072351,0.0116256164386868,0.0023645319044589,0.0128078823909163,0.01576354727149,0.0098522175103425,0.0098522175103425,0.0098522175103425
725,0.3360855031137665,0.0032006806260253,0.3384435912594199,0.3319100923836231,0.3325609555467963,0.3396330578252673,0.3378798185537259,3.458845664064089,0.0091967263926284,3.4620561177531877,3.4429929504791894,3.4546686907609305,3.4661614497502646,3.468349111576875,0.6361591518546145,0.0051770389958594,0.6320318120221297,0.6436208064357439,0.6410659365355968,0.6307612915212909,0.6333159127583107,0.5079545902709166,0.0122720826416567,0.5058068549260497,0.5288243275135756,0.5131328217685223,0.4964717542752623,0.4955371928711732,0.3503546118736267,0.0017158487562337,0.3481995137408376,0.3497419506311416,0.3495197603479028,0.3532771896570921,0.3510346449911594,3.4795983329415323,0.0016981340534734,3.478357195854187,3.480125665664673,3.479188673198223,3.4825891479849815,3.477730982005596,0.601407821662724,0.0134532491985717,0.6067640073597431,0.6169546861201525,0.6114793047308922,0.5910882540047169,0.5807528560981154,0.4972788037732243,0.0031257394171925,0.498757335357368,0.5002971971407533,0.5002341875806451,0.4942778162658214,0.4928274825215339,0.3463774809613824,0.0068460714255652,0.3386903535574674,0.3378931172192096,0.3492497252300381,0.351212945766747,0.3548412630334496,3.4762075573205946,0.0038151089549051,3.47089783847332,3.4733288064599037,3.476392336189747,3.4787548780441284,3.481663927435875,0.6131746094673872,0.0245133689371347,0.6380367409437895,0.6346143987029791,0.6259794849902391,0.5864465096965432,0.5807959130033851,0.4981594309210777,0.0038700177477817,0.4997333995997906,0.5024082027375698,0.5015510488301516,0.4931047726422548,0.4939997307956218,12.4,10.131140113531153,10,31,14,3,4,0.5293032932375674,0.0154818213484534,0.547669538308497,0.5487637482602458,0.5147934252932787,0.5175181981757584,0.5177715561500579,0.53688062891774,0.0121531046598621,0.5547716644869287,0.5480745063709725,0.5256217796816114,0.5260373435420821,0.5298978505071058,0.5337296664496611,0.0123737760705746,0.5425640950805195,0.5537393819016168,0.5250937593089731,0.5215822030218514,0.5256688929353447,432.96715087890624,11.74868910638722,426.9605712890625,427.9666748046875,420.96636962890625,454.9681091308594,433.9740295410156,1014.7975341796875,0.3986163568160768,1014.996826171875,1014.9949340820312,1014.996826171875,1014.998779296875,1014.0003051757812,0.0045326027553528,0.0025383769675895,0.0039408868178725,0.007881773635745,0.0068965516984462,0.0009852217044681,0.0029585799202322,0.0013796990271657,0.0007884691735067,0.0009852217044681,0.0019704434089362,0.0019704434089362,0.0,0.0019723866134881,0.0189182002097368,0.0052248086881782,0.0197044350206851,0.0216748770326375,0.0256157647818326,0.0177339911460876,0.0098619330674409,0.0045329914428293,0.0016010360888542,0.0019704434089362,0.0068965516984462,0.0039408868178725,0.0049261087551712,0.0049309665337204,0.03488131724298,0.0106169953824247,0.0453201979398727,0.0344827584922313,0.0482758618891239,0.0236453209072351,0.0226824469864368,0.0098541602492332,0.0016485958713893,0.0068965516984462,0.0108374385163187,0.0118226604536175,0.0098522175103425,0.0098619330674409
750,0.3371008560682336,0.0018132811487878,0.3384424786393841,0.3353211854894956,0.3344907701636354,0.3385393206651012,0.3387105253835519,3.4611763114730514,0.0073069504958039,3.4637148628632226,3.447439401100079,3.460639735062917,3.465888701379299,3.46819885695974,0.6332934615512689,0.0049979186520883,0.6295151493201653,0.6405669283121824,0.6381002111981312,0.6288674244036278,0.6294175945222378,0.5040197774767876,0.0111221187893868,0.5029331690942248,0.5245190526669224,0.5044522639364004,0.4940495978419979,0.4941448038443923,0.3506988633424043,0.0025912709092628,0.3490367103368044,0.3471577987074852,0.3500862270593643,0.3543082643300295,0.3529053162783384,3.4789541244506834,0.002110146867163,3.4808853045105934,3.4763811081647873,3.4807519391179085,3.4803778156638145,3.4763744547963142,0.6033659771084785,0.0175338433297537,0.6224718280136585,0.6124936006963253,0.616229685023427,0.589096998795867,0.5765377730131149,0.4971256010234356,0.0039513920178542,0.4967942424118519,0.5039298888295889,0.4983983589336276,0.4933970076963305,0.493108507245779,0.3472360691055655,0.0076502467128668,0.339974595233798,0.3362123947590589,0.3514658035710454,0.3533383049070835,0.3551892470568418,3.4755950391292574,0.0033254763303799,3.472066171467304,3.4711701720952988,3.478417746722698,3.4771285131573677,3.479192592203617,0.6143167745321989,0.0287485003522053,0.6545514576137066,0.6257864832878113,0.6286062151193619,0.5816487576812506,0.5809909589588642,0.4986237751320004,0.0052131426872189,0.4984907479956746,0.5076387859880924,0.5000062109902501,0.493545800447464,0.4934373302385211,9.8,8.4,10,25,10,2,2,0.5338608264743983,0.0119608408642139,0.5334004713926983,0.5537933113289828,0.5329358944210102,0.5331000978911588,0.5160743573381412,0.5335216068742381,0.013606900727707,0.5412605589404296,0.5545938607383661,0.5335597021887342,0.5207799495170056,0.5174139629866549,0.5261862932757583,0.017719670505971,0.5334232109100032,0.5557396276268802,0.5226030914043129,0.5032594920979456,0.5159060443396495,432.9678039550781,11.748310786158262,426.96197509765625,427.9671020507813,420.9673767089844,454.9681091308594,433.9744567871094,1014.7979370117188,0.3992773322851952,1014.998779296875,1014.994384765625,1014.9978637695312,1014.999267578125,1013.9993896484376,0.0043351697735488,0.003717650040704,0.0108374385163187,0.0029556651134043,0.0059113302268087,0.0009852217044681,0.000986193306744,0.0009854160249233,0.0006231090384706,0.0019704434089362,0.0,0.0009852217044681,0.0009852217044681,0.000986193306744,0.0191154388710856,0.0060575972470707,0.0256157647818326,0.01576354727149,0.0266009867191314,0.0167487692087888,0.010848126374185,0.0061093460768461,0.0007357152007056,0.0068965516984462,0.0059113302268087,0.0068965516984462,0.0059113302268087,0.0049309665337204,0.0354722559452056,0.011228008360385,0.0472906418144702,0.0285714287310838,0.0502463057637214,0.0295566506683826,0.0216962527483701,0.011233665049076,0.0018268577764301,0.0147783253341913,0.0098522175103425,0.0098522175103425,0.0108374385163187,0.010848126374185
775,0.3349039957548181,0.0035777731557483,0.3394290450960397,0.3314836335678895,0.3353312034159899,0.3302347486217816,0.3380413480723898,3.456165947268407,0.0124669001603084,3.4666984950502715,3.4377964958548546,3.463800296187401,3.444638748963674,3.467895700285832,0.6371104680622617,0.0048406840368099,0.6322829639539123,0.6430366486310959,0.6367824847499529,0.642125683526198,0.6313245594501495,0.5109808833027879,0.0167614820760523,0.4988344038526217,0.5372038645048937,0.4986873952051003,0.5245260534187158,0.4956526995326082,0.3494653528556227,0.000771365967333,0.3483200455084443,0.348811904899776,0.3502324344590306,0.3502217251807451,0.3497406542301178,3.4795673936605453,0.0020152776656015,3.4818784967064857,3.478409305214882,3.482047200202942,3.477089084684849,3.4784128814935684,0.6134462114423513,0.0059788493681693,0.6194296944886446,0.6122730523347855,0.6191488653421402,0.6133749522268772,0.6030044928193092,0.498113769851625,0.0033528156343928,0.4966682344675064,0.5002769026905298,0.4966052323579788,0.5033491607755423,0.4936693189665675,0.3447661226615309,0.0072701355022209,0.3361235279589891,0.3369987513870001,0.3488421207293868,0.3466569688171148,0.355209244415164,3.4759397521615027,0.0038754361765599,3.472701035439968,3.471587397158146,3.479976586997509,3.4743219912052155,3.4811117500066757,0.6270909542217851,0.0201988490610332,0.6578077208250761,0.6278496328741312,0.6380429100245237,0.6120369881391525,0.5997175192460418,0.4969008386135101,0.0035739840877275,0.4938193615525961,0.500526798889041,0.4951524026691913,0.5018295887857676,0.4931760411709547,18.0,14.15627069534911,9,38,8,32,3,0.5299341087602902,0.0125674284802088,0.5290123751804205,0.5336600769123202,0.5199835101200597,0.5515408593342449,0.5154737222544056,0.5365491721731652,0.0117737388791151,0.5404578341022392,0.5425311590372877,0.5235076950829232,0.5534052742459206,0.5228438983974555,0.5288830014859845,0.0092851960964491,0.5280407194595567,0.5444327935339786,0.5157563426269419,0.5308321144606626,0.5253530373487834,432.9678894042969,11.746845238105738,426.9642028808594,427.9662780761719,420.9679870605469,454.9648742675781,433.9761047363281,1014.797802734375,0.3987537538865951,1015.0001831054688,1014.994384765625,1014.998291015625,1014.995849609375,1014.0003051757812,0.0029558594338595,0.0024922820708407,0.0019704434089362,0.007881773635745,0.0019704434089362,0.0019704434089362,0.000986193306744,0.0009854160249233,0.0006231090384706,0.0009852217044681,0.0,0.0019704434089362,0.0009852217044681,0.000986193306744,0.0181304112076759,0.0050822285873387,0.01576354727149,0.0206896550953388,0.01576354727149,0.0266009867191314,0.0118343196809291,0.0065034348517656,0.0013352745551564,0.0068965516984462,0.007881773635745,0.0049261087551712,0.007881773635745,0.0049309665337204,0.0372462384402751,0.0099519034355809,0.0443349778652191,0.0354679822921752,0.0295566506683826,0.052216749638319,0.0246548317372798,0.0116279480978846,0.0015766527756007,0.0098522175103425,0.0137931033968925,0.0098522175103425,0.0128078823909163,0.0118343196809291
800,0.339774953511854,0.0079331640599239,0.3409218747789661,0.3357538332541783,0.3317534634843468,0.3359091440215707,0.354536452020208,3.460040578494469,0.0068628780388328,3.4681500221292176,3.4543579233189425,3.4508340942362943,3.459576964378357,3.467283888409535,0.6271755875088274,0.0188984203123385,0.626946355526646,0.6383525102088848,0.6419300828129053,0.6379124044130245,0.5907365845826765,0.5052377159396808,0.0090599078071934,0.4959887219592929,0.5136718585466346,0.5173995963608226,0.504116240888834,0.4950121619428198,0.3509997807443142,0.0030182990024813,0.3512013489380479,0.3486966183409095,0.3487552469596267,0.3495865436270833,0.3567591458559036,3.479287621378899,0.0017007975658413,3.481927737593651,3.4799259677529335,3.4793508648872375,3.478482320904732,3.4767512157559395,0.6036799108609557,0.0103401622407499,0.6068632919341326,0.6080124275758862,0.6162069234997034,0.6022580191493034,0.5850588921457529,0.4974771795794367,0.0034981127127453,0.4946230966597795,0.5003286954015493,0.5019013099372387,0.4980555726215243,0.492477223277092,0.346569655276835,0.0080075586239417,0.3386433087289333,0.3387730298563838,0.3501632884144783,0.3452007519081235,0.3600678974762559,3.47610057592392,0.002084677109084,3.4734151139855385,3.475211963057518,3.4778102412819862,3.47490356862545,3.4791619926691055,0.6157993400469423,0.0182198660698423,0.639195716008544,0.6201664917171001,0.627540647983551,0.6054058978334069,0.5866879466921091,0.4961308712139726,0.0028582962104699,0.4925049915909767,0.4967805501073599,0.5003577126190066,0.4975830446928739,0.4934280570596456,10.6,6.711184694225007,5,16,19,12,1,0.5306034361395977,0.0175856148749875,0.5348887545694334,0.5402480044128666,0.5183164848667399,0.555105562279203,0.5044583745697453,0.5313765704689886,0.0171332723639675,0.5428043645525946,0.5492215524101638,0.5225157592296197,0.5403000041987244,0.50204117195384,0.5282324837971112,0.0108897534770268,0.5288398303614911,0.5448649287186875,0.5269483122250418,0.5299238661536146,0.5105854815267211,432.96845703125,11.748111044606212,426.9646301269531,427.9681091308594,420.9669799804687,454.96832275390625,433.9742431640625,1014.7984130859376,0.3990559404591324,1015.0001831054688,1014.996337890625,1014.9978637695312,1014.9973754882812,1014.0003051757812,0.0045322141610085,0.0056629751740565,0.0009852217044681,0.0029556651134043,0.01576354727149,0.0019704434089362,0.000986193306744,0.0009854160249233,0.0006231090384706,0.0009852217044681,0.0,0.0009852217044681,0.0019704434089362,0.000986193306744,0.0183266784995794,0.0099992268178226,0.0098522175103425,0.01576354727149,0.0354679822921752,0.0226600989699363,0.0078895464539527,0.0053211688995361,0.0013361345861608,0.0039408868178725,0.0049261087551712,0.0049261087551712,0.007881773635745,0.0049309665337204,0.0402038473635911,0.009895477676028,0.040394090116024,0.0285714287310838,0.0581280812621116,0.0394088700413703,0.034516766667366,0.010839382186532,0.0012446866418041,0.0098522175103425,0.0128078823909163,0.0098522175103425,0.0118226604536175,0.0098619330674409
825,0.3394155240307251,0.0056070733588378,0.3393640201538801,0.3377375363682707,0.3323642692218224,0.3380566748480002,0.3495551195616523,3.46266325985392,0.0063025776562406,3.4672255776822567,3.4631819191078344,3.450357643266519,3.466238386929035,3.4663127722839513,0.6280669281763646,0.0152056707437649,0.6321429628878832,0.6366565662125746,0.6410107277333736,0.6321471215536197,0.5983772624943716,0.5013741677626967,0.0090540622545088,0.49608672875911,0.4999894794697563,0.51912170710663,0.4944766244540612,0.4971962990239262,0.3508273266255856,0.0020553376835665,0.3488213764503598,0.3517231941223144,0.3488005027174949,0.3504895344376564,0.3543020254001021,3.479753091931343,0.0022182480604307,3.481624998152256,3.4812304824590683,3.478133849799633,3.4816081672906876,3.4761679619550705,0.6020358465611935,0.0073037743076025,0.606758488342166,0.6136789787560701,0.6000893451273441,0.5940801724791527,0.5955722481012344,0.4957188684493303,0.0024192699550577,0.4952858844771981,0.4988165991380811,0.4981160871684551,0.4938670471310615,0.4925087243318558,0.3466335007920861,0.0082202179566995,0.3360498948022723,0.3410939741879701,0.3463887376710772,0.3492881208658218,0.360346776433289,3.4765201091766356,0.0020013149248762,3.473095916211605,3.4761345237493515,3.4765722453594208,3.477660730481148,3.4791371300816536,0.6131686300039292,0.0209464294039634,0.6404775995761156,0.6283384691923857,0.6192281190305948,0.5876424806192517,0.5901564816012979,0.4951924696564674,0.0020062991365475,0.4942666124552488,0.4984538918361068,0.4964767377823591,0.4929182501509785,0.4938468560576439,8.8,6.99714227381436,9,10,21,3,1,0.5186584301861651,0.0117592074931223,0.5117421639091653,0.5325121282565134,0.5217668630187148,0.4996441958934614,0.5276267998529708,0.5246169096402683,0.0146165383204305,0.5311080645517985,0.5414875550128162,0.5315425455042699,0.4986372936186983,0.5203090895137588,0.5252636333961951,0.0138905286975228,0.5258633259222258,0.5411743366461312,0.537559565262875,0.502341912424379,0.5193790267253638,432.96971435546874,11.748937031302384,426.96380615234375,427.9693298339844,420.9671630859375,454.9705200195313,433.9777526855469,1014.7995483398438,0.399378337801386,1015.0001831054688,1014.998291015625,1014.998291015625,1015.0001831054688,1014.0007934570312,0.0041385140735656,0.0054105251164166,0.0,0.0147783253341913,0.0019704434089362,0.0009852217044681,0.0029585799202322,0.0009856103453785,0.0006237235941259,0.0,0.0009852217044681,0.0009852217044681,0.0009852217044681,0.0019723866134881,0.0151753291487693,0.0055939140724553,0.0088669955730438,0.0256157647818326,0.0128078823909163,0.0137931033968925,0.0147928996011614,0.0055184075608849,0.0004836146345517,0.0059113302268087,0.0059113302268087,0.0049261087551712,0.0049261087551712,0.0059171598404645,0.0319281786680221,0.0047751580193036,0.0325123146176338,0.0334975384175777,0.0354679822921752,0.0226600989699363,0.0355029590427875,0.0106423377990722,0.0009637359414427,0.0098522175103425,0.0118226604536175,0.0118226604536175,0.0098522175103425,0.0098619330674409
850,0.3359692293529709,0.0033283386726194,0.3393449112772941,0.3392690087979038,0.3372286635761459,0.3318640133365989,0.3321395497769117,3.458449022223552,0.0059182977529906,3.463964257389307,3.4633513651788235,3.4624462189773717,3.450605235993862,3.451878033578396,0.636084614197413,0.0050064579892796,0.6304370245585839,0.632493183016777,0.633281376833717,0.6418199719240268,0.6423915146539608,0.5037130177641909,0.0096791717588905,0.4974273132781188,0.4952116735900442,0.4951066641757886,0.5175256039947271,0.5132938337822756,0.3496538154780865,0.0036355261640226,0.3479497516527772,0.3529209736734628,0.3537206742912531,0.3500105552375316,0.3436671225354075,3.4802550435066224,0.0038988207219542,3.481951557099819,3.483291819691658,3.484462969005108,3.477548599243164,3.4740202724933624,0.6114759225398302,0.0055812268912127,0.6172431446611881,0.6011901721358299,0.6150122992694378,0.6106059905141592,0.613328006118536,0.4967387875542045,0.0030113511188572,0.4961642036214471,0.4936162773519754,0.4938027989119291,0.5015788180753589,0.4985318398103118,0.3449634941294789,0.0062387306483352,0.3360349703580141,0.3409329373389482,0.3534511346369982,0.3443175526335835,0.3500808756798506,3.4768417716026305,0.0031880728669943,3.4744893014431,3.4782475754618645,3.482112877070904,3.47292260825634,3.476436495780945,0.624305721744895,0.01579027066262,0.6532046385109425,0.6183215156197548,0.6276768501847982,0.6142342798411846,0.6080913245677948,0.4960741776973009,0.0028950767907535,0.494356139563024,0.4935685880482197,0.49332279805094,0.4989362778142094,0.5001870850101113,12.8,8.97552226892675,9,4,4,25,22,0.5218416032721209,0.0213246498131229,0.5044116760022164,0.539421487949108,0.4887423228929053,0.5416671925840589,0.5349653369323161,0.530578727240377,0.0118724426968298,0.5283627109510836,0.5405685432513215,0.5085947718606536,0.5404952788617159,0.5348723312771105,0.5224287051392928,0.0114804519748909,0.5190405954799162,0.5330922005974771,0.5050316444207648,0.5180044861403386,0.5369745990579678,432.96884765625,11.747339956547355,426.96441650390625,427.970947265625,420.9683837890625,454.9676818847656,433.9728088378906,1014.5981201171876,0.4911047888670283,1014.999755859375,1014.999267578125,1014.998291015625,1013.9978637695312,1013.9954223632812,0.0023656980134546,0.0020307343706482,0.0009852217044681,0.0019704434089362,0.0029556651134043,0.0059171598404645,0.0,0.0011828490067273,0.0003947689827279,0.0009852217044681,0.0009852217044681,0.0009852217044681,0.0019723866134881,0.000986193306744,0.0163630364462733,0.0066198618827414,0.0068965516984462,0.0128078823909163,0.0197044350206851,0.0266272202134132,0.0157790929079055,0.0053229177836328,0.0019336478375266,0.0029556651134043,0.0049261087551712,0.0049261087551712,0.0088757397606968,0.0049309665337204,0.0392287291586399,0.0120148890071723,0.0364532023668289,0.0197044350206851,0.0541871935129165,0.0493096634745597,0.036489151418209,0.0104478195309638,0.0010087791969737,0.0098522175103425,0.0088669955730438,0.0108374385163187,0.0118343196809291,0.010848126374185
875,0.3350379208102821,0.0030576598241965,0.3396697789430618,0.333522114281853,0.3326977957040071,0.3317158970360954,0.3375840180863936,3.4556951592365897,0.008369130763681,3.464221669981877,3.4454531458516917,3.453336684654156,3.4488228696087995,3.466641426086426,0.6370048618565003,0.0054740852896479,0.6293798995514711,0.6401444158206383,0.641079610834519,0.6429173493136963,0.6315030337621769,0.5082157078509529,0.0108422806205901,0.497227802251776,0.5224714238817493,0.5094820894300938,0.5171720820168654,0.4947251416742801,0.3491228440776467,0.0016111732155045,0.3499902356415987,0.3499574502930045,0.3510308871045708,0.3481465680524707,0.3464890792965889,3.478851076960564,0.0014266477057187,3.480613000690937,3.479867607355118,3.4794441759586334,3.477123722434044,3.477206878364086,0.6111964050680398,0.0053753756450616,0.6133566275238991,0.612085672095418,0.6163517041131854,0.6133701391518116,0.6008178824558854,0.4977625166997313,0.003698683154416,0.495154894888401,0.502678900025785,0.4979283204302192,0.5006689969450235,0.492381471209228,0.3453263036906719,0.0058428479642484,0.338932859711349,0.3391018016263842,0.352937706746161,0.344619620591402,0.3510395297780633,3.475991281867027,0.0031900183559561,3.4727787896990776,3.4745209962129593,3.478956952691078,3.4730995148420334,3.480600155889988,0.6216312028467655,0.0150298114177526,0.6445539873093367,0.6257319170981646,0.626534216105938,0.6108407424762845,0.6004951512441039,0.4970966506749391,0.0026695649082905,0.4940738659352064,0.5009665871039033,0.4981803363189101,0.4981904560700059,0.49407200794667,15.8,10.186265262597477,7,28,14,27,3,0.5269910506832969,0.0080101748753925,0.5136257039953519,0.5351719710852022,0.5313593214282237,0.5326830527874311,0.5221152041202753,0.532150708763359,0.0105037754559434,0.5303789413237361,0.5477907807589149,0.5324638614757934,0.5351406684119656,0.5149792918463855,0.5273302556248674,0.008955911788901,0.5236874211631823,0.5413116480052705,0.5340546300986475,0.5196657268726521,0.5179318519845844,432.9700561523438,11.74771241166824,426.9646301269531,427.9693298339844,420.9695739746094,454.9687805175781,433.97796630859375,1014.5987060546876,0.4895900997411228,1014.999755859375,1014.996826171875,1014.998779296875,1013.9983520507812,1013.9998168945312,0.0055186017882078,0.0048099004445112,0.0009852217044681,0.0049261087551712,0.0147783253341913,0.0039447732269763,0.0029585799202322,0.0009859989862889,0.000882078194751,0.0009852217044681,0.0,0.0,0.0019723866134881,0.0019723866134881,0.0197106527164578,0.0081217578911165,0.0167487692087888,0.0147783253341913,0.0354679822921752,0.0187376737594604,0.0128205129876732,0.005322334729135,0.0007885703141181,0.0059113302268087,0.0059113302268087,0.0039408868178725,0.0049309665337204,0.0059171598404645,0.0352835673838853,0.0096806166705393,0.0384236462414264,0.0256157647818326,0.0482758618891239,0.0414201170206069,0.0226824469864368,0.0102499980479478,0.0013340473225018,0.0098522175103425,0.0128078823909163,0.0098522175103425,0.0088757397606968,0.0098619330674409
900,0.3370247821013132,0.0024432309731416,0.3405037466436624,0.3362966418887178,0.3330775381376346,0.336945843261977,0.3383001405745744,3.461624256024758,0.0049639122126874,3.464713445554177,3.454248490432898,3.4571031481027603,3.466148611158133,3.465907584875822,0.6343051365266243,0.0038312728911484,0.6295614931732416,0.6370320202161869,0.6400548020998637,0.633748123422265,0.6311292437215646,0.500256196099023,0.0056105803323452,0.4963352438062429,0.5092615742857257,0.5044662666817507,0.4955651958783467,0.495652699843049,0.3502660799771547,0.0017967361558211,0.3496309053152799,0.3520623473450541,0.3492246475070715,0.3525957623496651,0.3478167373687029,3.4815304175019266,0.0021576466233576,3.4842493534088135,3.4818732663989067,3.48065085709095,3.4829505160450935,3.4779280945658684,0.6059941152110696,0.0057310029760217,0.6145436894148588,0.6063974881544709,0.6094286227598786,0.6009057583287358,0.5986950173974037,0.4952203892171383,0.0021718641443363,0.4944655867293477,0.4991593891754746,0.4956954093649983,0.4939288049936294,0.4928527558222413,0.3446646323427558,0.0067390601404699,0.3342840997502208,0.3394992565736174,0.3485199715942144,0.3483373895287514,0.3526824442669749,3.477768363058567,0.0022336270043079,3.474329225718975,3.4780437350273132,3.4783018454909325,3.4769273325800896,3.481239676475525,0.6206816056743264,0.0209202922723138,0.6551448423415422,0.6247666291892529,0.6258166562765837,0.6001450326293707,0.5975348679348826,0.4943794000893831,0.0023366194776277,0.4913381719961762,0.4943296192213893,0.4985206322744488,0.4934382848441601,0.4942702921107411,7.8,4.874423042781576,6,15,12,3,3,0.5135672268309773,0.0125808517414051,0.5083273421409812,0.5247447531769608,0.5053543715394159,0.4978383524607306,0.5315713148367981,0.5154297733173914,0.0129607361664989,0.5217560657056538,0.528323682928431,0.5114237650571308,0.4919821495989509,0.5236632032967908,0.5143521964260134,0.00964883514424,0.516300418804349,0.5234444721789869,0.5125588622836401,0.4968238869812134,0.5226333418818778,432.9681640625,11.748211005839307,426.9615478515625,427.966064453125,420.9679870605469,454.9676818847656,433.9775390625,1014.5991943359376,0.4893897290284776,1014.999267578125,1014.998291015625,1014.998779296875,1013.9998168945312,1013.9998168945312,0.0045324086211621,0.0033319086818178,0.0098522175103425,0.0049261087551712,0.0059113302268087,0.000986193306744,0.000986193306744,0.0013796990271657,0.0004823408983942,0.0009852217044681,0.0019704434089362,0.0019704434089362,0.000986193306744,0.000986193306744,0.0147824065759778,0.0037854761463353,0.0197044350206851,0.0167487692087888,0.0167487692087888,0.0098619330674409,0.010848126374185,0.0049280518665909,2.3798157457927342e-06,0.0049261087551712,0.0049261087551712,0.0049261087551712,0.0049309665337204,0.0049309665337204,0.0329172872006893,0.0054429987591127,0.0423645339906215,0.0334975384175777,0.0334975384175777,0.0285996049642562,0.0266272202134132,0.0102501921355724,0.0004794977859591,0.0098522175103425,0.0108374385163187,0.0108374385163187,0.0098619330674409,0.0098619330674409
925,0.335926604953905,0.0023182641722041,0.3375892996167143,0.3366626656303803,0.3315156667182843,0.3359117681781451,0.3379536246260007,3.459174467126529,0.0062051234979426,3.4575867503881454,3.4579305661221347,3.4489897961417832,3.4657541823883853,3.4656110405921936,0.6361287045602997,0.0042455359385542,0.6334467021127542,0.6352955885231495,0.6434735531608263,0.6374507701645294,0.630976908840239,0.5032376877963542,0.0069263536895787,0.5073504519338409,0.5026251493642727,0.5141303859030207,0.4956211990987261,0.496461252681911,0.3495447691529989,0.0025951462637656,0.3469929778948426,0.3495944403111934,0.3488000771030783,0.3544342396780848,0.3479021107777953,3.480428014695645,0.0015889524627753,3.4810125529766083,3.482553780078888,3.480031780898571,3.48084082454443,3.477701134979725,0.6070738093927502,0.0139554530669968,0.6222533043473959,0.6222531925886869,0.6006544074043632,0.5854815812781453,0.60472656134516,0.4953053569421172,0.0017950787674598,0.4981790892779827,0.4939553281292319,0.4966694824397564,0.4938633097335696,0.4938595751300454,0.3456732749938965,0.007295540171886,0.3365835361182689,0.337739285081625,0.3474228298291564,0.3539591478183865,0.3526615761220455,3.477133844792843,0.0026229145950017,3.4728411436080933,3.4774983301758766,3.477912724018097,3.476442188024521,3.480974838137626,0.6195448610931635,0.0286935885425053,0.6593261267989874,0.6401325408369303,0.6176948640495539,0.5762398838996887,0.6043308898806572,0.4955082342028618,0.0017182203278909,0.4976389510557055,0.4953679414466023,0.4972630450502038,0.4934021476656198,0.4938690857961774,12.2,7.249827584156743,17,12,23,6,3,0.5165395221261189,0.0111444753772402,0.5245263724021987,0.4980189483575898,0.5142198016953238,0.5309100660237012,0.5150224221517811,0.5227378592731986,0.0093202932565187,0.5348799468658234,0.5168198159149808,0.5170229379391543,0.5329498128763352,0.5120167827696986,0.5207478755690973,0.0059599260028577,0.5279444376357556,0.5131096185997233,0.5212098089318998,0.5265367445033348,0.5149387681747729,432.9710998535156,11.749757685106234,426.9627990722656,427.9729919433594,420.9673767089844,454.9733276367187,433.97900390625,1014.5994018554688,0.4891607566703391,1014.999267578125,1014.999267578125,1014.9978637695312,1014.0007934570312,1013.9998168945312,0.0023649207316339,0.0011818126398416,0.0039408868178725,0.0029556651134043,0.0029556651134043,0.000986193306744,0.000986193306744,0.0011826546862721,0.0007371686913274,0.0019704434089362,0.0,0.0019704434089362,0.000986193306744,0.000986193306744,0.0143889002501964,0.0032698997895701,0.0206896550953388,0.0137931033968925,0.0137931033968925,0.0118343196809291,0.0118343196809291,0.0043369187507778,0.0007896370432994,0.0029556651134043,0.0039408868178725,0.0049261087551712,0.0049309665337204,0.0049309665337204,0.0311429161578416,0.0082504365858269,0.0443349778652191,0.0246305428445339,0.0364532023668289,0.0285996049642562,0.0216962527483701,0.0096588648855686,0.0007359347384679,0.0098522175103425,0.0088669955730438,0.0108374385163187,0.0098619330674409,0.0088757397606968
950,0.3362177503605684,0.0034859126758096,0.3405635465557377,0.337014917905132,0.3345617934440573,0.3385000831137101,0.3304484107842048,3.458725122362375,0.0079785033271326,3.4649364836513996,3.456734293450912,3.4618484477202096,3.4659851851562657,3.4441212018330893,0.635885557346046,0.006901613025712,0.6267949131627878,0.6393491383641958,0.6386171768729886,0.6292131940523783,0.6454533642778794,0.5042030507077773,0.0115506619714987,0.4955056918164094,0.5068604207287232,0.4963562463720639,0.4965452582885821,0.525747636333108,0.3515520000830293,0.0053974464567839,0.3534923596307635,0.351717839948833,0.3522187611088156,0.3584595061838627,0.3418715335428715,3.4808940932154657,0.0032329719469974,3.4836448654532433,3.4829741716384888,3.483388125896454,3.479144752025604,3.4753185510635376,0.6045382916927338,0.0136476894024778,0.6084610652178526,0.6088952897116542,0.5977328764274716,0.5831913463771343,0.6244108807295561,0.4943947875872254,0.0011482789641752,0.4932962749153375,0.4963859645649791,0.4941808227449655,0.4932987643405795,0.4948121113702655,0.3469886727631092,0.0068450630341076,0.3391304677352309,0.3387368069961667,0.3519720239564776,0.3555264258757233,0.3495776392519474,3.4775318309664724,0.0025771755096882,3.475134588778019,3.478550113737583,3.4813830703496933,3.474229611456394,3.4783617705106735,0.6159208461642265,0.0222899690900104,0.6463254522532225,0.6293291598558426,0.6099986527115107,0.5792686380445957,0.6146823279559612,0.4941051930189132,0.0021927325959457,0.4923147354274988,0.4929688088595867,0.4936063177883625,0.4932270450517535,0.4984090579673648,13.6,13.690872872099863,5,13,8,2,40,0.5218809135451147,0.0153116690932103,0.5245230700003389,0.4988565158257302,0.5218524813079055,0.5174774590000807,0.5466950415915178,0.5229841886238057,0.007440399238236,0.5290121114643764,0.5133610436524232,0.5160473442327276,0.5235451762689882,0.532955267500513,0.51409540448305,0.0090119141907383,0.5241968618700343,0.5087432740713503,0.5113499175634878,0.5015643288115323,0.5246226400988451,432.96892700195315,11.74890512281139,426.9621887207031,427.9678955078125,420.96917724609375,454.9709167480469,433.9744567871094,1014.5991821289062,0.4901776208739304,1015.0001831054688,1014.998779296875,1014.999267578125,1013.9998168945312,1013.9978637695312,0.0015767433680593,0.0011820718047672,0.0029556651134043,0.0,0.0029556651134043,0.000986193306744,0.000986193306744,0.0009856103453785,4.759859618094844e-07,0.0009852217044681,0.0009852217044681,0.0009852217044681,0.000986193306744,0.000986193306744,0.0143898723646998,0.0023807130843883,0.0128078823909163,0.0187192130833864,0.0118226604536175,0.0138067062944173,0.0147928996011614,0.0049282460939139,0.0010803233316136,0.0049261087551712,0.0029556651134043,0.0059113302268087,0.0049309665337204,0.0059171598404645,0.0295686990022659,0.005982754018394,0.027586206793785,0.0344827584922313,0.0246305428445339,0.0226824469864368,0.0384615398943424,0.0100533423945307,0.0003974098040892,0.0098522175103425,0.0098522175103425,0.0098522175103425,0.010848126374185,0.0098619330674409
975,0.3374169162164131,0.0013651479651011,0.33690147784849,0.3392879379292329,0.3355070762336254,0.3386296344300111,0.3367584546407063,3.459562584757805,0.0049476796653326,3.450049421439568,3.459339704364538,3.4626065331200757,3.4626003901163735,3.4632168747484684,0.6328063948700826,0.0019508196231138,0.6328870492676893,0.6314272408684095,0.6361847960700592,0.6304354059199492,0.6330974822243055,0.4994343438496192,0.0057624251352283,0.5108576780185103,0.4958732156082988,0.49696878499041,0.4956842030708988,0.4977878375599782,0.3521409833803773,0.0039194162068475,0.349230826832354,0.3499732101336121,0.3519857451319694,0.3597537530586123,0.3497613817453384,3.4809780970215796,0.0018732380619672,3.4810415655374527,3.4832793548703194,3.481994718313217,3.4809449836611748,3.4776298627257347,0.600715172290802,0.0106586444081855,0.6163310874253511,0.6103670615702868,0.5957271307706833,0.5900739021599293,0.5910766795277596,0.4942922368645668,0.0014364314690516,0.4970425283536315,0.4942110767588019,0.4931412544101476,0.4938997942954302,0.4931665305048227,0.3473728064447641,0.0078627226576814,0.3384254518896341,0.3382051046937704,0.3496740004047751,0.3579885670915246,0.3525709081441164,3.476920150220394,0.0026753614596426,3.4725498780608177,3.478522390127182,3.4779716059565544,3.475376099348068,3.4801807776093483,0.6134673690423369,0.0237325011538012,0.6509413216263056,0.6268145777285099,0.6111050732433796,0.5840417025610805,0.5944341700524092,0.493974489159882,0.0011815607530759,0.4962827423587441,0.493033055216074,0.4932177718728781,0.4936087541282177,0.4937301222234964,8.2,7.05407683541936,22,6,6,2,5,0.5085203039761614,0.0118284239821669,0.5232136361048433,0.500788354466604,0.5073090522313135,0.4913995043718704,0.5198909727061759,0.514650338363646,0.0113859576762518,0.5328454088750402,0.5080741891602119,0.5082510035583158,0.5015686707770789,0.5225124194475833,0.5121268987801761,0.0147007424210421,0.5313960073174189,0.5041420960032899,0.5056063388714519,0.4925456191690903,0.5269444325396293,432.9705383300781,11.40377522426485,426.9632263183594,427.9713745117187,420.9687805175781,453.9725341796875,434.9767761230469,1014.3999877929688,0.4895093573488295,1014.999755859375,1014.999267578125,1014.0003051757812,1014.0007934570312,1013.9998168945312,0.0031536811497062,0.0034353071865243,0.0098522175103425,0.0009852217044681,0.0029585799202322,0.000986193306744,0.000986193306744,0.00078876032494,0.0003943803419943,0.0009852217044681,0.0,0.000986193306744,0.000986193306744,0.000986193306744,0.0130115333944559,0.0052635519130012,0.0226600989699363,0.0088669955730438,0.0078895464539527,0.0138067062944173,0.0118343196809291,0.0049290233291685,0.0006231134622586,0.0059113302268087,0.0039408868178725,0.0049309665337204,0.0049309665337204,0.0049309665337204,0.0276011709123849,0.0063190622564978,0.0394088700413703,0.0226600989699363,0.0216962527483701,0.0276134125888347,0.0266272202134132,0.0096606137230992,0.0014468703147297,0.0118226604536175,0.0088669955730438,0.0078895464539527,0.010848126374185,0.0088757397606968
1000,0.3370916233087579,0.0041835124159134,0.3413434820249676,0.3401095165560643,0.334204504887263,0.3302968454857667,0.339503767589728,3.4566776132831976,0.0065260275958028,3.457404817144076,3.45865962219735,3.460354905575514,3.444141668577989,3.4628270529210567,0.633021723292768,0.0074641507913894,0.625296383164823,0.6313766470799843,0.6387357593824466,0.6442532589038213,0.6254465679327647,0.5026923526699344,0.0094640538521743,0.5013230626160899,0.4960937301317851,0.4986978958671291,0.5212218435481191,0.4961252311865489,0.3505898350849747,0.000401561298116,0.3507277816534042,0.3505204543471336,0.3509574923664331,0.3498463202267885,0.3508971268311143,3.4811904415488244,0.0023173442622989,3.483519710600376,3.482836291193962,3.4828590527176857,3.4783138036727905,3.478423349559307,0.6125566793605686,0.0043314002132507,0.6192514970898628,0.6160917431116104,0.6101686544716358,0.6084981672465801,0.6087733348831534,0.4947705700993537,0.001490218839447,0.4940888071432709,0.4939603069797158,0.4948096200823784,0.4976095613092184,0.4933845549821853,0.3461907329037785,0.0066764325137025,0.3393408944830298,0.3401368912309408,0.3512976337224245,0.3436537068337202,0.3565245382487774,3.476955544948578,0.0038987770005602,3.473709300160408,3.478047214448452,3.479920208454132,3.4712990671396255,3.481801934540272,0.625374099984765,0.0155580432433187,0.6523663681000471,0.6287175714969635,0.6236966475844383,0.6163853518664837,0.6057045608758926,0.4945727676153183,0.0017810242500357,0.4933140845969319,0.4930355418473482,0.4948910605162382,0.4979023039340973,0.4937208471819758,13.2,11.906300852909771,12,6,10,36,2,0.5207091879987081,0.0165158015176631,0.4941937450356983,0.5414348890487415,0.5321608932462251,0.5243614397776977,0.5113949728851782,0.5226178878786552,0.0116088130537186,0.5114221631250737,0.5338906105150261,0.5299629079161079,0.5319435901570263,0.5058701676800418,0.5148482322680555,0.0071333641731167,0.5121751252200272,0.522262324171355,0.5230771889684394,0.5128624137290062,0.5038641092514503,432.9706970214844,11.401704073997772,426.96484375,427.9721984863281,420.968994140625,453.9673767089844,434.9800720214844,1014.3994873046876,0.4898943544863389,1015.0006713867188,1014.998291015625,1014.0003051757812,1013.9978637695312,1014.0003051757812,0.0049290233757346,0.0045394255938037,0.0088669955730438,0.0009852217044681,0.0118343196809291,0.0019723866134881,0.000986193306744,0.00078876032494,0.0003943803419943,0.0009852217044681,0.0,0.000986193306744,0.000986193306744,0.000986193306744,0.0193223932757973,0.0065293456000384,0.0236453209072351,0.0118226604536175,0.0295857992023229,0.0177514795213937,0.0138067062944173,0.0045353232882916,0.001830122176064,0.0029556651134043,0.0029556651134043,0.0039447732269763,0.0078895464539527,0.0049309665337204,0.0372633393853902,0.0096244033639558,0.0492610856890678,0.0256157647818326,0.0453648939728736,0.0394477322697639,0.0266272202134132,0.0102529127150774,0.0023021144220502,0.0098522175103425,0.007881773635745,0.0118343196809291,0.0138067062944173,0.0078895464539527
