lags,train_cross_entropy_mean,train_cross_entropy_std,train_cross_entropy_fold_1,train_cross_entropy_fold_2,train_cross_entropy_fold_3,train_cross_entropy_fold_4,train_cross_entropy_fold_5,train_roc_auc_multiclass_mean,train_roc_auc_multiclass_std,train_roc_auc_multiclass_fold_1,train_roc_auc_multiclass_fold_2,train_roc_auc_multiclass_fold_3,train_roc_auc_multiclass_fold_4,train_roc_auc_multiclass_fold_5,train_f1_mean,train_f1_std,train_f1_fold_1,train_f1_fold_2,train_f1_fold_3,train_f1_fold_4,train_f1_fold_5,val_cross_entropy_mean,val_cross_entropy_std,val_cross_entropy_fold_1,val_cross_entropy_fold_2,val_cross_entropy_fold_3,val_cross_entropy_fold_4,val_cross_entropy_fold_5,val_roc_auc_multiclass_mean,val_roc_auc_multiclass_std,val_roc_auc_multiclass_fold_1,val_roc_auc_multiclass_fold_2,val_roc_auc_multiclass_fold_3,val_roc_auc_multiclass_fold_4,val_roc_auc_multiclass_fold_5,val_f1_mean,val_f1_std,val_f1_fold_1,val_f1_fold_2,val_f1_fold_3,val_f1_fold_4,val_f1_fold_5,test_cross_entropy_mean,test_cross_entropy_std,test_cross_entropy_fold_1,test_cross_entropy_fold_2,test_cross_entropy_fold_3,test_cross_entropy_fold_4,test_cross_entropy_fold_5,test_roc_auc_multiclass_mean,test_roc_auc_multiclass_std,test_roc_auc_multiclass_fold_1,test_roc_auc_multiclass_fold_2,test_roc_auc_multiclass_fold_3,test_roc_auc_multiclass_fold_4,test_roc_auc_multiclass_fold_5,test_f1_mean,test_f1_std,test_f1_fold_1,test_f1_fold_2,test_f1_fold_3,test_f1_fold_4,test_f1_fold_5,num_epochs_mean,num_epochs_std,num_epochs_fold_1,num_epochs_fold_2,num_epochs_fold_3,num_epochs_fold_4,num_epochs_fold_5
-1000,1.4646364769182705,0.0115719911382788,1.4483129049602308,1.4564763596183374,1.4633100384160092,1.4766284164629484,1.4784546651338275,0.5058530133023398,0.0086876739577414,0.5158480028072343,0.5099078857588978,0.5113933897537076,0.5004426458779434,0.4916731423139157,0.2873492109105406,0.001816914975217,0.2887465717081465,0.2847436889794025,0.2864084387770788,0.2899353866932158,0.2869119683948598,1.472471249103546,0.0184993750739962,1.4542956948280334,1.4548451788723469,1.4637085162103176,1.4943479634821415,1.4951588921248913,0.5223202747558358,0.0046754057537297,0.5203708619416116,0.5175447633329523,0.5243927213249852,0.5188338736503255,0.530459153529304,0.2837996282899065,0.0055583786306084,0.2865788176052107,0.2865788176052107,0.2865788176052107,0.2865788176052107,0.2726828710286896,1.4699957445263865,0.0203846976711659,1.4570931009948254,1.4473646469414234,1.4571638032794,1.499868769198656,1.4884884022176266,0.5071428397888262,0.0067520647761681,0.5074428250621881,0.4960454354977278,0.5084438863156866,0.5172727661448485,0.50650928592368,0.2880206901784478,0.0081856416454124,0.2920138538372269,0.2943755681901046,0.2944523402310067,0.2726828710286896,0.2865788176052107,7.2,7.386474125047755,20,11,3,1,1
-975,1.4705618893472772,0.0157036191422595,1.483511599741484,1.4656327523683246,1.4531731580433092,1.4566075977526214,1.4938843388306466,0.5045476401651291,0.0096362630962976,0.4962812697480525,0.4949181811798079,0.5197154202436707,0.5118042785516848,0.5000190511024296,0.2887375370503308,0.0035292968082954,0.2882819687626027,0.2889961402342189,0.2860402802914867,0.2952116653685223,0.2851576305948233,1.468907754123211,0.0107278672768165,1.4730043970048428,1.4669716767966747,1.4539550356566906,1.464134644716978,1.4864730164408684,0.5240954703399334,0.0045582912813916,0.5227637727201467,0.5206275974617883,0.5259129450806539,0.5191700988823834,0.532002937554695,0.2837996282899065,0.0055583786306084,0.2865788176052107,0.2865788176052107,0.2865788176052107,0.2865788176052107,0.2726828710286896,1.4664655722677709,0.0110694629232913,1.472204852849245,1.4610833004117012,1.447217244654894,1.4749578759074211,1.4768645875155926,0.5061452373980231,0.0112215377908129,0.5206905815835962,0.487013466132057,0.5027232035874599,0.512179837807518,0.5081190978794848,0.2880206901784478,0.0081856416454124,0.2920138538372269,0.2943755681901046,0.2944523402310067,0.2726828710286896,0.2865788176052107,4.4,5.351635264103861,1,2,15,3,1
-950,1.4553335074374547,0.0023286647280767,1.4537014057761743,1.458402335016351,1.4531740012921786,1.4579429262562802,1.453446868846291,0.5139323309229314,0.0088994468272478,0.5235128180292404,0.5049328261400228,0.5241413433696901,0.5140504098530866,0.5030242572226169,0.2882701396795507,0.004089103240237,0.2860201066931024,0.2829029560715706,0.2863205674695144,0.2933467595990481,0.292760308564518,1.459397330135107,0.0070050832315369,1.4526257887482643,1.4558538123965263,1.45316469296813,1.465306144207716,1.4700362123548985,0.5213883986964561,0.0078361974543197,0.5264607609830441,0.5236747724302698,0.5319348687087201,0.5139436679297977,0.5109279234304488,0.2837996282899065,0.0055583786306084,0.2865788176052107,0.2865788176052107,0.2865788176052107,0.2865788176052107,0.2726828710286896,1.4570270635187623,0.0109169709745897,1.44901455193758,1.4488430470228195,1.4489322043955326,1.4763894155621529,1.4619560986757278,0.5053337729630026,0.00958115471014,0.5205292515439159,0.4993357818561197,0.4938495528870875,0.5011100042028235,0.5118442743250667,0.2880206901784478,0.0081856416454124,0.2920138538372269,0.2943755681901046,0.2944523402310067,0.2726828710286896,0.2865788176052107,9.0,4.857983120596447,16,8,13,3,5
-925,1.465719482271295,0.0080651152010432,1.458206530621177,1.4628688862449244,1.4574144928078905,1.478005876039204,1.4721016256432784,0.5026424086150982,0.0122518217578671,0.5209261588173466,0.4947506289910314,0.511530696353414,0.4996766384352523,0.4863279204784471,0.2883181192721037,0.0043778967158282,0.2851586887640014,0.284656298764982,0.2850690457084994,0.2909893050253389,0.2957172580976966,1.469028677791357,0.0138928535617057,1.4578520953655243,1.4613315872848034,1.4558179564774036,1.478300780057907,1.4918409697711468,0.5174080048005922,0.0022831506448034,0.517052433026386,0.5217848131813362,0.5152546113017038,0.5169210054701567,0.5160271610233788,0.2837996282899065,0.0055583786306084,0.2865788176052107,0.2865788176052107,0.2865788176052107,0.2865788176052107,0.2726828710286896,1.4665871158242223,0.0156920945604382,1.4565263204276562,1.4553578197956083,1.44983996078372,1.485673576593399,1.485537901520729,0.5082728290541487,0.021010354008459,0.5152163281798275,0.4810189202565265,0.4915809417899094,0.5418236131196166,0.5117243419248638,0.2880206901784478,0.0081856416454124,0.2920138538372269,0.2943755681901046,0.2944523402310067,0.2726828710286896,0.2865788176052107,3.8,2.4819347291981715,6,4,7,1,1
-900,1.4617012425472864,0.0082175681715509,1.4517739973570172,1.4573940653549995,1.4614501564126263,1.4613426108109324,1.4765453828008552,0.5089615991837031,0.0166686992260009,0.5279392455432322,0.5089758621631522,0.525326992422688,0.4995346412358802,0.4830312545535625,0.2908154785308895,0.0041650841579165,0.2882050287266494,0.2885667522425349,0.2860513983607547,0.2973400604992981,0.2939141528252108,1.466380389034748,0.0133234699409392,1.4512198492884636,1.4579723738133907,1.4638271890580654,1.4685017578303814,1.4903807751834393,0.5306294767724035,0.0073221347295446,0.5387594503787407,0.5368454691257005,0.5308874696448951,0.5286486291017759,0.5180063656109051,0.2837996282899065,0.0055583786306084,0.2865788176052107,0.2865788176052107,0.2865788176052107,0.2865788176052107,0.2726828710286896,1.465319626778364,0.0141257926282148,1.4502327479422092,1.451526012271643,1.4611899480223656,1.478831186890602,1.4848182387650013,0.5102381744220688,0.0089170840759224,0.5125019073453313,0.5106084189107825,0.4962266822141099,0.5078255572763185,0.5240283063638018,0.2880206901784478,0.0081856416454124,0.2920138538372269,0.2943755681901046,0.2944523402310067,0.2726828710286896,0.2865788176052107,6.0,5.761944116355173,17,6,4,2,1
-875,1.4603916120529177,0.0076183244844415,1.4599249626460828,1.456016005967793,1.456606293979444,1.4542343792162444,1.4751764184550236,0.5068680896195543,0.0061944812220531,0.5075290200021113,0.5100173966287582,0.5164321080833691,0.4996345115926535,0.5007274117908791,0.2909199532483969,0.0035923609660999,0.2883608226195159,0.2920273210681801,0.2852967114728511,0.2946823782910359,0.2942325327904013,1.4674462996423243,0.0169207006237724,1.4620254188776016,1.4588728062808514,1.4548608101904392,1.4605245925486088,1.5009478703141212,0.5286308766651854,0.0051917224206419,0.5296246031678701,0.525340933528676,0.524835247173273,0.5249687227900754,0.5383848766660323,0.2837996282899065,0.0055583786306084,0.2865788176052107,0.2865788176052107,0.2865788176052107,0.2865788176052107,0.2726828710286896,1.4655936345458032,0.0166907403336912,1.459836333990097,1.4521037116646769,1.449287310242653,1.471541292965412,1.4951995238661766,0.5117363233537511,0.0141833767579305,0.5139192732330671,0.4870169056647293,0.5071181387703282,0.5253871277263376,0.5252401713742931,0.2880206901784478,0.0081856416454124,0.2920138538372269,0.2943755681901046,0.2944523402310067,0.2726828710286896,0.2865788176052107,4.4,2.244994432064365,4,5,8,4,1
-850,1.4717454686917757,0.0123012569282537,1.4677791394685444,1.4867346261676988,1.4781179202230352,1.4503141729455244,1.475781484654075,0.5014043919072351,0.0050703095243835,0.5001426139429903,0.5032432541680417,0.4960345471846999,0.510252368307425,0.4973491759330183,0.2881573492131423,0.0049283312808132,0.2854899143968294,0.2811418892847999,0.2866344007321945,0.2938128364408112,0.2937077052110768,1.4757844232022763,0.0128113418445385,1.4684685245156288,1.490705631673336,1.4787918776273727,1.4550001956522465,1.485955886542797,0.5284683345508453,0.0047473677525193,0.5297886182538324,0.5278680545895303,0.5366429460602535,0.5225714314234755,0.5254706224271349,0.2837996282899065,0.0055583786306084,0.2865788176052107,0.2865788176052107,0.2865788176052107,0.2865788176052107,0.2726828710286896,1.4744923166930677,0.0079465268704813,1.465916197746992,1.486987430602312,1.4742668680846691,1.466353215277195,1.4789378717541697,0.5091271109892791,0.0083267244034938,0.5213166107571275,0.5005577622542176,0.5000887869231756,0.5155968126611905,0.5080755823506841,0.2880206901784478,0.0081856416454124,0.2920138538372269,0.2943755681901046,0.2944523402310067,0.2726828710286896,0.2865788176052107,2.6,2.7276363393971716,2,1,1,8,1
-825,1.4604564496090535,0.0098406257239878,1.445257191908987,1.4615246960991308,1.4585391534002203,1.4607481755708394,1.4762130310660917,0.5109089586041037,0.0169535755603482,0.5409930569724978,0.4970677405130719,0.5184556766776668,0.4995437252831198,0.4984845935741622,0.2885370608915451,0.0037144366725225,0.2860190628675449,0.2865965186445868,0.2852458854047868,0.2954134431716422,0.2894103943691647,1.482865396887064,0.0272684618431665,1.529213596135378,1.4612259827554226,1.456715248525143,1.4691542349755764,1.4980179220438004,0.5216315799391363,0.0061705945933386,0.5268235026719984,0.5174123508183933,0.5190318287135458,0.5141523146610771,0.5307379028306674,0.2542829928173312,0.0578943694639345,0.1389956402423338,0.2865788176052107,0.2865788176052107,0.2865788176052107,0.2726828710286896,1.4844529822468755,0.0362198156272784,1.5511835999786854,1.45476758107543,1.4508038572967052,1.4761539325118065,1.4893559403717518,0.507609068105064,0.0129973344627078,0.4888618538512337,0.5027329809659561,0.5075651695218163,0.5291727539912432,0.5097125821950708,0.2524209665718773,0.0696566936300257,0.1140152358043747,0.2943755681901046,0.2944523402310067,0.2726828710286896,0.2865788176052107,8.6,10.836973747315252,30,4,6,2,1
-800,1.4662284964009331,0.0096908483590661,1.4672721812599585,1.462438100262692,1.467690868126719,1.4518516277012072,1.4818897046540913,0.505203194791658,0.0108770375848119,0.5052882730717357,0.4844569426800261,0.5129865578167817,0.5146115927904155,0.5086726075993308,0.2884359560247077,0.0036518984406597,0.2859669825425035,0.2851373893465442,0.2866374246530558,0.2952062986555804,0.2892316849258542,1.4679070204496385,0.0088742058547601,1.4675654843449593,1.4605152569711208,1.4680921658873558,1.459221538156271,1.484140656888485,0.5212633973721448,0.0041149499690438,0.5196620271251211,0.5194460149052075,0.5209681775196909,0.5171281866598352,0.5291125806508691,0.2837996282899065,0.0055583786306084,0.2865788176052107,0.2865788176052107,0.2865788176052107,0.2865788176052107,0.2726828710286896,1.4664195708930492,0.0073897501812096,1.4655476696789265,1.4544879756867886,1.4652636609971523,1.4694527424871922,1.4773458056151867,0.4992564719089817,0.0121579187570509,0.4950983812659704,0.4855168533682228,0.488445574764293,0.512189407538063,0.5150321426083592,0.2880206901784478,0.0081856416454124,0.2920138538372269,0.2943755681901046,0.2944523402310067,0.2726828710286896,0.2865788176052107,2.8,1.469693845669907,2,4,2,5,1
-775,1.457943211856641,0.0045214516104087,1.4531674912101344,1.4546623920139514,1.464405874202126,1.4551617358860216,1.462318565970973,0.5057859659834303,0.0053680674195736,0.5113268124355693,0.4986146889335209,0.5101806497265012,0.5088094467608195,0.4999982320607412,0.2897131019453542,0.003945380770988,0.2877880666442871,0.2864798032194378,0.2854097419280003,0.2940026831486817,0.2948852147863646,1.462921115756035,0.0091677462962925,1.4556413926184175,1.4549269750714302,1.4636410176753998,1.4602756462991238,1.4801205471158028,0.5229925492685777,0.0028200838125213,0.5232299035868675,0.5264442176935507,0.5208676717633742,0.5255312922108876,0.5188896610882088,0.2837996282899065,0.0055583786306084,0.2865788176052107,0.2865788176052107,0.2865788176052107,0.2865788176052107,0.2726828710286896,1.4613702967762947,0.0093121349333809,1.456710513681173,1.4478156827390194,1.458646982908249,1.4709651283919811,1.4727131761610508,0.5036762133202731,0.0125139719807862,0.5125397926518465,0.4832662140534869,0.4961028716929986,0.5181211847115066,0.508351003491527,0.2880206901784478,0.0081856416454124,0.2920138538372269,0.2943755681901046,0.2944523402310067,0.2726828710286896,0.2865788176052107,6.6,4.63033476111609,14,10,3,4,2
-750,1.4608824029721712,0.0039909099504397,1.457546766180741,1.4682757201947665,1.4618381876694528,1.4579465677863672,1.4588047730295282,0.5059299198028926,0.0127233221851946,0.5132398864457505,0.5221990465135158,0.5048228132663675,0.4837949869904774,0.5055928657983515,0.2901704990046001,0.0036656469884622,0.2916358132674969,0.2864455727821882,0.2851839378657398,0.2936464229035491,0.2939407482040265,1.4652221962809562,0.0053023042028816,1.4599629044532776,1.4700147807598114,1.4603918753564358,1.462743241339922,1.4729981794953346,0.5177754727657929,0.0067188367047147,0.5132116317643682,0.5212790238227215,0.5078335291328081,0.5191996112874745,0.5273535678215927,0.2837996282899065,0.0055583786306084,0.2865788176052107,0.2865788176052107,0.2865788176052107,0.2865788176052107,0.2726828710286896,1.4623564086854457,0.0063908848843719,1.456423282623291,1.4635615572333336,1.455208096653223,1.4730873182415962,1.463501788675785,0.505995699940694,0.010488502241519,0.4945892074602038,0.5029948576856094,0.4982016934457084,0.5098944972599978,0.5242982438519508,0.2880206901784478,0.0081856416454124,0.2920138538372269,0.2943755681901046,0.2944523402310067,0.2726828710286896,0.2865788176052107,3.2,0.7483314773547882,4,2,4,3,3
-725,1.4667455025723108,0.0120183952205192,1.4526295047057305,1.4797620547445196,1.4823898855008577,1.4606963032170346,1.4582497646934107,0.5062338995869426,0.008872835427771,0.515498105017288,0.5021700252584813,0.4966035844376935,0.4987344663413525,0.5181633168798979,0.2890595961795636,0.0048930046454889,0.2864259215046164,0.2867985497956097,0.2825623599453589,0.2952830570973804,0.2942280925548527,1.4733318872749803,0.0135006954009877,1.4534640721976757,1.4947865344583988,1.475143052637577,1.4667719006538391,1.476493876427412,0.5125356241532181,0.0045635725661095,0.5117320322054192,0.5142175772225756,0.5204173037201785,0.5084438896533553,0.5078673179645621,0.2837996282899065,0.0055583786306084,0.2865788176052107,0.2865788176052107,0.2865788176052107,0.2865788176052107,0.2726828710286896,1.4711450204253196,0.01449249230182,1.448928214609623,1.493407029658556,1.470529641956091,1.476927239447832,1.4659329764544964,0.5005159414694932,0.0025620714014858,0.5039830379601934,0.5019230907815067,0.5014316979317632,0.49840182094791,0.4968400597260928,0.2880206901784478,0.0081856416454124,0.2920138538372269,0.2943755681901046,0.2944523402310067,0.2726828710286896,0.2865788176052107,4.8,6.144916598294887,17,1,1,2,3
-700,1.459825490148444,0.0106234100219013,1.4521479619176765,1.4585837866130629,1.4612468857514231,1.4481849833538658,1.4789638331061916,0.5088038007715778,0.0064682687301818,0.5161250087755404,0.5159806285667016,0.5022210346744206,0.50868198403896,0.5010103478022665,0.2880520986958292,0.0041044400060406,0.289167833475444,0.284735508460258,0.2854785814479815,0.2956338589255591,0.2852447111699038,1.4618306174874305,0.0128329240336197,1.4532262794673445,1.4554364308714869,1.459298312664032,1.454036716371775,1.4871553480625153,0.5184842205734853,0.005113058636141,0.5098036136346148,0.524458232433414,0.5171934964348719,0.5227211651605251,0.5182445952040003,0.2845512656923591,0.0061100976601054,0.2865788176052107,0.2865788176052107,0.2865788176052107,0.2903370046174738,0.2726828710286896,1.4601007282733918,0.0125903821386576,1.4503801427781582,1.4484713077545166,1.4524623937904837,1.4681006968021393,1.481089100241661,0.502673712444006,0.004862188670979,0.4968683895304545,0.5095785647787242,0.5022862340521403,0.5065851209140702,0.4980502529446413,0.2882989926051876,0.0076666442156576,0.2920138538372269,0.2943755681901046,0.2944523402310067,0.2740743831623893,0.2865788176052107,8.0,4.69041575982343,14,8,5,12,1
-675,1.4590577251032777,0.0108983715210021,1.4500753616031847,1.455628218148884,1.4585258258016487,1.4510835961291664,1.4799756238335058,0.5118060155755294,0.0102058672369174,0.5239540316897311,0.5122608343809688,0.4953976527058742,0.5206565159113875,0.5067610431896851,0.2895859545134073,0.0037954112616787,0.2870294971747615,0.2894346353420621,0.2845184691204902,0.2956599757060604,0.2912871952236624,1.467337816953659,0.0161653033562576,1.4667343944311142,1.4567840956151483,1.457341879606247,1.4570433869957924,1.4987853281199932,0.5139151165193375,0.0043638070207036,0.514795326776505,0.5116035646097162,0.5081345907910783,0.5213730641627096,0.5136690362566788,0.2837996282899065,0.0055583786306084,0.2865788176052107,0.2865788176052107,0.2865788176052107,0.2865788176052107,0.2726828710286896,1.4672015890479089,0.0151035158919941,1.4739711172878742,1.4506212212145329,1.452017854899168,1.4679316394031048,1.491466112434864,0.4948209148940752,0.0088864733705422,0.5005289822530554,0.4776662376046902,0.5018635537249873,0.494938935889909,0.4991068649977342,0.2883984241208619,0.008401914530343,0.2939025235492977,0.2943755681901046,0.2944523402310067,0.2726828710286896,0.2865788176052107,8.0,6.356099432828281,20,7,6,6,1
-650,1.4542808464953774,0.0075029708713846,1.4622028463765195,1.4546622489628038,1.4440870347775911,1.4477137716192947,1.4627383307406776,0.516144083558621,0.0123258151373752,0.5132695155166143,0.5118379773078252,0.5366037600639003,0.5201361060720785,0.4988730588326863,0.2907258978564268,0.0035067887486577,0.286590293933846,0.2866138378979897,0.2917002950877232,0.2941676903629506,0.2945573719996245,1.46214669495821,0.0112202135178103,1.4627147428691387,1.454592254012823,1.4559360779821873,1.453804962337017,1.4836854375898838,0.522210778241704,0.0102527545304491,0.5243525577417038,0.5355587694299911,0.5276751606880411,0.5185689429577903,0.5048984603909938,0.2836664857699934,0.0054978563264357,0.2865788176052107,0.2865788176052107,0.2859131050056449,0.2865788176052107,0.2726828710286896,1.4597475327551366,0.0091308312210964,1.4597834683954716,1.4473516643047333,1.453614767640829,1.4637689031660557,1.4742188602685928,0.5014751980276285,0.0136177427680228,0.5081820445543244,0.4886130468025457,0.5227678083393883,0.4852794483307403,0.5025336421111442,0.2878248599435995,0.0080398447740068,0.2920138538372269,0.2943755681901046,0.2934731890567658,0.2726828710286896,0.2865788176052107,12.6,12.322337440599489,3,10,36,12,2
-625,1.4608710484755667,0.0121392699512821,1.4570651154769094,1.4840099033556486,1.4572462408166182,1.4479967330631456,1.4580372496655112,0.5095742488254029,0.0062205574524703,0.5002596483359275,0.5069743451835396,0.5102414784457509,0.5109399754111656,0.5194557967506312,0.2895458874429984,0.0044297555903433,0.2886596355171623,0.2827709737815428,0.2874985010778127,0.2946336092580741,0.2941667175804001,1.4651142992079258,0.0104396755496961,1.4575858190655708,1.479341343045235,1.457955438643694,1.454516425728798,1.4761724695563316,0.511940872156687,0.0037820349978133,0.5142199589019617,0.5110051207775556,0.5056648933334699,0.5170430695139869,0.5117713182564607,0.2837996282899065,0.0055583786306084,0.2865788176052107,0.2865788176052107,0.2865788176052107,0.2865788176052107,0.2726828710286896,1.4623549319803717,0.0088339748863216,1.4536600895226002,1.4751294367015362,1.4511767886579037,1.4651097543537617,1.4666985906660557,0.5088376607363294,0.0085872087168665,0.5153918602852555,0.513733986416974,0.5170341384285622,0.494454300594881,0.5035740179559742,0.2880206901784478,0.0081856416454124,0.2920138538372269,0.2943755681901046,0.2944523402310067,0.2726828710286896,0.2865788176052107,5.2,3.0594117081556713,6,1,6,10,3
-600,1.4567396550429494,0.0078798210834104,1.4573324027814365,1.459794336871097,1.4693718834927207,1.4465155225051076,1.4506841295643855,0.5064099485203899,0.0051114043058313,0.4983859531274879,0.5046298277096184,0.5086180439938416,0.5140389826804701,0.5063769350905316,0.2897058465250552,0.0053045355923408,0.2880010431014391,0.2838859155248007,0.2847851804480811,0.2969905228196656,0.2948665707312895,1.4613807275891304,0.0063629788753138,1.4579933807253838,1.45779312774539,1.4685049019753933,1.4533271566033363,1.469285070896149,0.5062205699181582,0.0044305994856314,0.510732131320033,0.5036730816064642,0.5037605611223038,0.5121752249291245,0.5007618506128653,0.2845512656923591,0.0061100976601054,0.2865788176052107,0.2865788176052107,0.2865788176052107,0.2903370046174738,0.2726828710286896,1.4584487482905388,0.0055908197910785,1.4545630775392056,1.45130268111825,1.462501231580973,1.4669054672122002,1.4569712840020657,0.4896658347940423,0.0118634796437188,0.5027845543862778,0.4754140647224603,0.4959936209943106,0.4987937275825032,0.47534320628466,0.287930341538992,0.0083551710238939,0.2920138538372269,0.2943755681901046,0.2944523402310067,0.2722311278314107,0.2865788176052107,6.4,2.870540018881465,6,6,2,11,7
-575,1.4575655121552316,0.0113578996887305,1.451668556112992,1.4535535184960615,1.4569336301402045,1.4464318827578897,1.479239973269011,0.5019288143143578,0.0095288022865446,0.5077014325912037,0.5055884773668458,0.5015413541117826,0.5109382105341882,0.4838745969677682,0.2905151953250981,0.0042732352510765,0.2896464146868793,0.2877117953039359,0.2868307978236002,0.2987790301752152,0.2896079386358599,1.4638751856982708,0.0186224453757044,1.452866230159998,1.4544958136975763,1.4574956521391869,1.453533075749874,1.5009851567447186,0.51014817747235,0.0069243005821149,0.5138778812519924,0.5144100993473274,0.4978598472462514,0.5074271802341711,0.5171658792820075,0.2837996282899065,0.0055583786306084,0.2865788176052107,0.2865788176052107,0.2865788176052107,0.2865788176052107,0.2726828710286896,1.461686512082815,0.0180439556611737,1.4496476501226423,1.4470117390155792,1.4504071325063703,1.466214440762997,1.495151598006487,0.5008386612099878,0.0075344436466862,0.5020452497447115,0.4919962526618893,0.5139921516396609,0.500904583213254,0.4952550687904229,0.2880206901784478,0.0081856416454124,0.2920138538372269,0.2943755681901046,0.2944523402310067,0.2726828710286896,0.2865788176052107,9.2,4.749736834815167,14,11,7,13,1
-550,1.4586861123536763,0.0067311024538518,1.464075087246142,1.4554654146495618,1.467402891108864,1.448149455221076,1.4583377135427376,0.5060816863854413,0.0078707945336335,0.4935732789251431,0.5042582764313288,0.5073950106321701,0.5182254936950286,0.506956372243536,0.2900822052135635,0.0036243328712715,0.2853405189455494,0.2891626713746922,0.2874094313528704,0.294738264988604,0.2937601394061016,1.464844474196434,0.0086126063728464,1.4667851105332377,1.4563925191760063,1.4733700044453144,1.453326180577278,1.4743485562503338,0.5015462922432027,0.0079832383067683,0.4951376892617336,0.5127623653658512,0.4911010835712741,0.508025458544058,0.5007048644730963,0.2837996282899065,0.0055583786306084,0.2865788176052107,0.2865788176052107,0.2865788176052107,0.2865788176052107,0.2726828710286896,1.4622329264879226,0.0055710405681401,1.4627476185560226,1.4514623917639256,1.4670762419700625,1.465574685484171,1.464303694665432,0.4957734166542606,0.0082985464147437,0.4871311074124897,0.5064604106659011,0.5012847426977584,0.4850489499726024,0.4989418725225518,0.2880206901784478,0.0081856416454124,0.2920138538372269,0.2943755681901046,0.2944523402310067,0.2726828710286896,0.2865788176052107,5.8,4.166533331199932,3,8,2,13,3
-525,1.4586122091192948,0.0083259902439989,1.453021333092137,1.4544380187988282,1.459188299430044,1.45190673501868,1.4745066592567846,0.5088212948888626,0.0055612103643551,0.5075370624783886,0.4999932146202901,0.5070357759932087,0.514034081049761,0.5155063403026646,0.2900065310447403,0.0048332774196922,0.2874706539126122,0.2859396780433713,0.2850181725746807,0.294860667044828,0.2967434836482087,1.4611879512667656,0.0122410742898317,1.453035332262516,1.453725464642048,1.4564072899520395,1.4573107287287712,1.4854609407484531,0.5115387004524771,0.0081572515884312,0.5109409125639156,0.5227221847443528,0.4984614180090086,0.5168561503536339,0.5087128365914748,0.2837996282899065,0.0055583786306084,0.2865788176052107,0.2865788176052107,0.2865788176052107,0.2865788176052107,0.2726828710286896,1.4583827011287211,0.011950041808412,1.449671991169453,1.4476425908505917,1.4492239207029345,1.468836970627308,1.4765380322933197,0.4975508402142492,0.0077441456659558,0.5067187239041947,0.4961108327307409,0.5036401965312414,0.4970139203480886,0.4842705275569802,0.2880206901784478,0.0081856416454124,0.2920138538372269,0.2943755681901046,0.2944523402310067,0.2726828710286896,0.2865788176052107,7.8,4.166533331199932,13,11,8,6,1
-500,1.4621890547401029,0.0094270535175937,1.4779999996486464,1.455882333454333,1.4673791985762747,1.457979239915547,1.451704502105713,0.5039024115366109,0.0111865470704328,0.5125772548120454,0.5080860704585309,0.4819773118190514,0.506077037359963,0.5107943832334636,0.2882190043863373,0.0041251685721411,0.2833025479574015,0.2854503713591476,0.2860683204999921,0.2927822459639778,0.2934915361511675,1.4718528375029565,0.0169395463704504,1.5042328089475632,1.45476758107543,1.4674811288714409,1.4635980613529682,1.4691846072673798,0.5098237905933819,0.0111305096156214,0.4952072997815001,0.5186416171246739,0.498512487145748,0.5131959050971614,0.5235616438178262,0.2837996282899065,0.0055583786306084,0.2865788176052107,0.2865788176052107,0.2865788176052107,0.2865788176052107,0.2726828710286896,1.4682548068463803,0.0180663573877355,1.5009793527424335,1.4485053084790709,1.462300427258015,1.472191896289587,1.4572970494627953,0.4913115221232077,0.009306493952702,0.4804823118696923,0.5051738101035004,0.4899715831178665,0.4982235135114928,0.4827063920134868,0.2880206901784478,0.0081856416454124,0.2920138538372269,0.2943755681901046,0.2944523402310067,0.2726828710286896,0.2865788176052107,4.2,2.925747767665559,1,9,2,3,6
-475,1.4548344117716738,0.0075373238109918,1.4528213262557983,1.4559787273406983,1.4682791910673445,1.4516167640686035,1.4454760501259252,0.5106859807502097,0.013792290290216,0.5174759166924439,0.5201388475244823,0.4834224184096513,0.5186094533964501,0.5137832677280203,0.2909705759048644,0.0046796445825111,0.2875824131156789,0.290172059172268,0.2846749295158968,0.2950278154399185,0.2973956622805598,1.4606214836239817,0.0059752322833252,1.4528512172400951,1.4575791023671627,1.4671464003622532,1.4574213325977323,1.4681093655526638,0.5097544640383955,0.0086806961105599,0.5099187150412063,0.5119984028717973,0.4952149021185235,0.5092350825102765,0.5224052176501744,0.2837996282899065,0.0055583786306084,0.2865788176052107,0.2865788176052107,0.2865788176052107,0.2865788176052107,0.2726828710286896,1.4575849443674087,0.00693006629569,1.4513261429965496,1.4510386995971205,1.4619856625795364,1.4689780920743942,1.4545961245894432,0.4869579684810373,0.0089715126613938,0.4913073580086114,0.4740043635034927,0.4995178767223062,0.4899877202238301,0.4799725239469464,0.2880206901784478,0.0081856416454124,0.2920138538372269,0.2943755681901046,0.2944523402310067,0.2726828710286896,0.2865788176052107,8.4,4.963869458396343,12,6,2,6,16
-450,1.4539543367687024,0.0034978572509938,1.4550796847594412,1.4535545474604556,1.4567812367489463,1.4474111669941951,1.456945047880474,0.5043517945223015,0.0058974117568076,0.5082932663921941,0.4964100623561941,0.5037364270616314,0.5131503837758672,0.500168833025621,0.2901816864356203,0.0041875742256473,0.2866609634603066,0.2875832911869295,0.2861887614816287,0.2943828445752385,0.2960925714739981,1.460286596417427,0.009845459771757,1.4566005803644655,1.454354498535395,1.4569737203419209,1.453688621520996,1.479815561324358,0.510124303186801,0.0047515969435942,0.502536092928793,0.511930111641181,0.5113294230093811,0.5079341932619231,0.5168916950927274,0.2837996282899065,0.0055583786306084,0.2865788176052107,0.2865788176052107,0.2865788176052107,0.2865788176052107,0.2726828710286896,1.4578206993639469,0.0092651515396941,1.4529364854097366,1.4481677152216434,1.4502578563988209,1.4665494039654732,1.4711920358240604,0.4965722637260414,0.0097655024584733,0.5134226144062521,0.4980418899435794,0.4933351726145612,0.4947973445423036,0.4832642971235109,0.2880206901784478,0.0081856416454124,0.2920138538372269,0.2943755681901046,0.2944523402310067,0.2726828710286896,0.2865788176052107,9.0,4.604345773288535,8,10,7,17,3
-425,1.4523470973968506,0.0043420179250283,1.4533887888255872,1.4473309303584851,1.4601001375599911,1.449837275555259,1.4510783546849302,0.5106152389162082,0.0089239322787632,0.5129902236361272,0.5212331711554924,0.5118898484463578,0.4940900962838874,0.5128728550591759,0.2917053825383666,0.0038086028409294,0.2897474839168947,0.292553864012165,0.2856214536857483,0.2937071125061972,0.2968969985708277,1.4578358195722103,0.0063320661658754,1.4544176757335665,1.4522216320037842,1.4586828611791134,1.454084500670433,1.4697724282741549,0.5148724270063739,0.0069164365553869,0.5223192414473881,0.5124380593666421,0.5041435151776191,0.5129163191309787,0.5225449999092415,0.2837996282899065,0.0055583786306084,0.2865788176052107,0.2865788176052107,0.2865788176052107,0.2865788176052107,0.2726828710286896,1.4549912981688975,0.0067801692714029,1.4507706351578236,1.4465471021831036,1.4532968178391457,1.4663404077291489,1.4580015279352665,0.4952161414085281,0.0140266972384498,0.4856212121540915,0.5226847330545873,0.4865356015002433,0.4937457966567981,0.4874933636769204,0.2880206901784478,0.0081856416454124,0.2920138538372269,0.2943755681901046,0.2944523402310067,0.2726828710286896,0.2865788176052107,11.6,7.964923100695952,10,27,5,10,6
-400,1.4598648545616553,0.0087052962091227,1.455810190501966,1.4617936661368922,1.4556695022081074,1.450353233437789,1.4756976805235211,0.5050994405508065,0.0074350318765202,0.5071031170163747,0.5135237891923875,0.50989270320562,0.5030832116600858,0.4918943816795642,0.2894088796006779,0.0044824909844815,0.2853334260109256,0.286210048372412,0.2857439249666612,0.2953006436010596,0.2944563550523311,1.469119446724653,0.024061224536686,1.4548129998147488,1.46128486469388,1.4555260725319386,1.4569416493177414,1.5170316472649574,0.5059896376639297,0.0061919093350387,0.4973577835579353,0.5114407733531722,0.5058881485959839,0.5140369172327672,0.5012245655797897,0.2837996282899065,0.0055583786306084,0.2865788176052107,0.2865788176052107,0.2865788176052107,0.2865788176052107,0.2726828710286896,1.4673135802149773,0.0235106753381072,1.4529592543840408,1.454536370933056,1.4485953003168106,1.4679564461112022,1.5125205293297768,0.4965355658963436,0.0052445798506832,0.5038863946785263,0.4937772361885662,0.4939633989243388,0.5013231627178093,0.4897276369724775,0.2880206901784478,0.0081856416454124,0.2920138538372269,0.2943755681901046,0.2944523402310067,0.2726828710286896,0.2865788176052107,6.4,3.8262252939417984,12,4,9,6,1
-375,1.4606027407395212,0.0101595581659713,1.464744940556978,1.4510216386694657,1.4635703563690186,1.4477801586452284,1.4758966094569157,0.500438691567901,0.010643275964074,0.5038783764043488,0.5152087088577506,0.4929577789363081,0.5056311490480896,0.4845174445930079,0.2899033473582134,0.0040101020353232,0.2862997578124743,0.2859861818296756,0.287811495785173,0.2938443177994685,0.2955749835642756,1.4676288440823555,0.0152625160009919,1.46792396530509,1.455259948968887,1.4645233266055584,1.4541614763438702,1.4962755031883717,0.5076388095689262,0.011511471733221,0.4939143120721657,0.5147202895328844,0.4994539885004251,0.5039365914426501,0.5261688662965055,0.2837996282899065,0.0055583786306084,0.2865788176052107,0.2865788176052107,0.2865788176052107,0.2865788176052107,0.2726828710286896,1.4653162315487862,0.0137987913589287,1.4645515717566011,1.447296917438507,1.458555158227682,1.4668023474514484,1.4893751628696918,0.5021387695253993,0.0081072515571296,0.5132463885417852,0.4958503377565618,0.5102449493693602,0.4985458730658783,0.4928062988934109,0.2880206901784478,0.0081856416454124,0.2920138538372269,0.2943755681901046,0.2944523402310067,0.2726828710286896,0.2865788176052107,7.6,7.08801805866774,3,20,3,11,1
-350,1.4572999643024644,0.004493473530773,1.4547087318018863,1.462985298508092,1.452414295547887,1.4539270012002243,1.462464494454233,0.4996621284145796,0.0157754456722687,0.4957059526564198,0.5001321111004462,0.5289594821700483,0.4824549044650422,0.4910581916809416,0.2891315654234822,0.0034892069031078,0.2887311083872527,0.284753663948559,0.2860696833664166,0.2938992200981409,0.292204151317042,1.4619613334536552,0.0096698387628259,1.4550448693335056,1.4609878435730934,1.4541606046259403,1.458971694111824,1.4806416556239128,0.5172199864105336,0.0116907309680592,0.5358753129510693,0.4990885722356065,0.5153896268683563,0.5189670441623714,0.5167793758352641,0.2837996282899065,0.0055583786306084,0.2865788176052107,0.2865788176052107,0.2865788176052107,0.2865788176052107,0.2726828710286896,1.4586815737187862,0.0099250496565675,1.451814942061901,1.4539557322859764,1.4466659128665924,1.470504954457283,1.4704663269221785,0.4989607398742223,0.0082577169406584,0.4841304398208423,0.5028614836548904,0.5042539785579195,0.5073418758347703,0.4962159215026891,0.2880206901784478,0.0081856416454124,0.2920138538372269,0.2943755681901046,0.2944523402310067,0.2726828710286896,0.2865788176052107,7.2,4.955804677345547,9,4,16,5,2
-325,1.4518303590071828,0.0052345888666653,1.453824970596715,1.4558871495096306,1.446551661742361,1.4447954955853914,1.4580925176018162,0.5215016718199996,0.0118875124635269,0.513669818524565,0.5124816576725294,0.5435682571090505,0.5132669087811573,0.5245217170126962,0.291230078584984,0.0035433089119822,0.2894380975633532,0.2876588857160219,0.2880477391088469,0.295794718676229,0.295210951860469,1.4597433395683763,0.0100069304208864,1.4550079107284546,1.4560874290764332,1.4539451487362385,1.4539809487760067,1.4796952605247498,0.5137350141633362,0.0076294620394799,0.5071294039205133,0.522199743105516,0.5146549505837121,0.5030975172150615,0.5215934559918782,0.2837996282899065,0.0055583786306084,0.2865788176052107,0.2865788176052107,0.2865788176052107,0.2865788176052107,0.2726828710286896,1.4570289172232151,0.009111689919115,1.4509732834994793,1.4494277462363243,1.448539052158594,1.4668079055845735,1.469396598637104,0.5005164882379973,0.0077527062081333,0.5082404627687453,0.5032860777691338,0.5040832330743251,0.5012845402218304,0.4856881273559516,0.2880206901784478,0.0081856416454124,0.2920138538372269,0.2943755681901046,0.2944523402310067,0.2726828710286896,0.2865788176052107,12.6,7.761443164772902,10,7,24,19,3
-300,1.4619098768736185,0.0120148629234114,1.4543608577627885,1.4640185908267374,1.484445027301186,1.4515735412898816,1.4551513671875,0.511942504245037,0.0036496397699579,0.5080292477608608,0.5168191931446346,0.5150503708110957,0.5077208642434345,0.5120928452651592,0.2890930889982692,0.0040838796932465,0.2866081910939388,0.2850720904080894,0.2856677932923024,0.2940468623944043,0.2940705078026108,1.4674862951040268,0.0124463162214171,1.4537458904087543,1.4662803001701832,1.4887129701673985,1.4567960537970066,1.4718962609767914,0.5118885433555521,0.0060101101015836,0.5070254412339446,0.5038288923914798,0.5130916252089295,0.5210556912048754,0.5144410667385315,0.2837996282899065,0.0055583786306084,0.2865788176052107,0.2865788176052107,0.2865788176052107,0.2865788176052107,0.2726828710286896,1.4653202898800373,0.0104166808594322,1.4537501744925976,1.4598521515727043,1.4841328635811806,1.4678449518978596,1.4610213078558445,0.4916931851825806,0.0029995834381426,0.4945650355725371,0.4876101638537943,0.4956316732884712,0.4896821865982906,0.4909768665998095,0.2880206901784478,0.0081856416454124,0.2920138538372269,0.2943755681901046,0.2944523402310067,0.2726828710286896,0.2865788176052107,5.0,3.40587727318528,11,3,1,6,4
-275,1.457343125092356,0.005645824613315,1.4671833490070545,1.456310664980035,1.4556944847106934,1.449693172856381,1.4578339539076153,0.5147408769500157,0.0101517718272157,0.4976578479431334,0.5251493540944496,0.5251337042514841,0.5125635928768284,0.5131998855841828,0.2897703951725656,0.0046595877709176,0.2863465307314033,0.2852848726589812,0.2863046385339083,0.2955196762855191,0.2953962576530158,1.4616266675293446,0.0082860997700837,1.46838091686368,1.4548659026622772,1.454653985798359,1.4556559138000011,1.4745766185224056,0.5117364022535209,0.0057858845580923,0.5103527605859182,0.5072292790142531,0.5045116213825567,0.5201579679529311,0.5164303823319458,0.2837996282899065,0.0055583786306084,0.2865788176052107,0.2865788176052107,0.2865788176052107,0.2865788176052107,0.2726828710286896,1.4587846912443638,0.0080487711529473,1.4650899805128574,1.4500785656273365,1.4479455202817917,1.466674294322729,1.4641350954771042,0.4956912467928979,0.0158583470747965,0.5225571460848036,0.5033124339013583,0.4904506805596554,0.4844171520255427,0.4777188213931293,0.2880206901784478,0.0081856416454124,0.2920138538372269,0.2943755681901046,0.2944523402310067,0.2726828710286896,0.2865788176052107,6.2,3.1874754901018454,2,9,10,7,3
-250,1.4580561341737446,0.0059282095104871,1.449559559320149,1.4582557753512737,1.4675991472445036,1.4598456909782007,1.4550204979745964,0.5067141686025769,0.0164344804557046,0.5363520334349922,0.504797038906613,0.4990757011192854,0.5068805662750703,0.4864655032769235,0.2899061901992583,0.0044799717580079,0.2844702249971179,0.2875755469148746,0.2871766774322153,0.2963447545712227,0.293963747080861,1.465624897927046,0.0060201242697796,1.458304189145565,1.4585284925997255,1.468222476541996,1.4709603786468506,1.4721089527010918,0.5167657522388938,0.0078368113704999,0.5206519310081238,0.5265261192546662,0.51724769787,0.5027491146353792,0.5166538984262995,0.284706351774755,0.006262912689409,0.2911124350294532,0.2865788176052107,0.2865788176052107,0.2865788176052107,0.2726828710286896,1.4636722847819328,0.0087631854023824,1.4638498984277248,1.4523415639996529,1.462096717208624,1.4793118126690388,1.4607614316046238,0.4980691551261055,0.0055361638125319,0.4921566162396043,0.4906935348719418,0.501093799038186,0.5021837314981049,0.5042180939826905,0.2880229369664658,0.0081867388454659,0.292025087777317,0.2943755681901046,0.2944523402310067,0.2726828710286896,0.2865788176052107,6.4,6.406246951218788,19,5,2,2,4
-225,1.453689335270932,0.0056568595931985,1.4462581860391717,1.46312245820698,1.4556938522740417,1.453055477142334,1.4503167026921322,0.5200429322126208,0.0115380668258709,0.541929584182134,0.5138813892942183,0.513250552788181,0.5211717232185747,0.5099814115799959,0.2900055130844733,0.0034803991199033,0.2898518675889733,0.2886100471004096,0.2843338900165975,0.2940390505318822,0.2931927101845039,1.458939605206251,0.0065764718335155,1.450139418244362,1.4633048698306084,1.4536169432103634,1.4591378457844255,1.4684989489614964,0.5177189892503133,0.006996995571956,0.5289681223645942,0.5114822228897988,0.5127115871940935,0.5229258925195693,0.5125071212835107,0.2844134675756208,0.0059845399860216,0.2896480140337822,0.2865788176052107,0.2865788176052107,0.2865788176052107,0.2726828710286896,1.4563796624541283,0.0072538447202292,1.451067741960287,1.457495916634798,1.4480050802230835,1.4691643863916397,1.456165187060833,0.4952473011474939,0.006860686244437,0.4979193933621392,0.4928652150273538,0.484477732948891,0.5055682463134308,0.4954059180856549,0.2880229369664658,0.0081867388454659,0.292025087777317,0.2943755681901046,0.2944523402310067,0.2726828710286896,0.2865788176052107,9.4,5.953150426454887,20,3,11,5,8
-200,1.4508736821224817,0.0047452010457728,1.4530449365314684,1.4546829976533588,1.4552063038474634,1.448988696148521,1.4424454764315957,0.5149678120232697,0.0033480654967885,0.5149491570970318,0.5109796463147855,0.5129084244912506,0.515042759471067,0.5209590727422136,0.2896619877113909,0.0045445302635322,0.285403849787034,0.2876265717926432,0.2851363239495156,0.2940766712005637,0.2960665218271981,1.4567727401852608,0.003668862696711,1.4554528594017029,1.4552954621613026,1.4542226567864418,1.454832311719656,1.4640604108572006,0.519445148596929,0.0043986432656791,0.5202230244907209,0.5167016019713737,0.5145561860229331,0.5183330148440525,0.5274119156555649,0.2839405347517806,0.0052765657068603,0.2865788176052107,0.2865788176052107,0.2865788176052107,0.2865788176052107,0.2733874033380599,1.454852573573589,0.0068384442190128,1.457006324082613,1.448758877813816,1.448341365903616,1.4669716507196426,1.453184649348259,0.4958883134187933,0.0109160265394919,0.499229502687074,0.5122992726123524,0.4803082826982001,0.499453555690265,0.4881509534060754,0.2879320376961782,0.0082031589868189,0.2920138538372269,0.2943755681901046,0.2944523402310067,0.2726828710286896,0.2861355551938633,13.2,6.013318551349163,12,9,11,9,25
-175,1.4531214041458933,0.0043097866526125,1.4570848314385665,1.4580217336353505,1.4527772953635767,1.4459685965588218,1.451754563733151,0.5056830123127319,0.0104429676037187,0.5068123997294619,0.5070995171874203,0.5183341315026695,0.5096272632645492,0.486541749879559,0.2899946272787609,0.0044901785197236,0.2881111849261991,0.2860528030618451,0.2852550900541858,0.2939631742112076,0.2965908841403669,1.458344825357199,0.0063064344103916,1.4568368569016457,1.457162905484438,1.456254869699478,1.451263915747404,1.4702055789530275,0.5172937557858536,0.0065498388192037,0.5280504263806578,0.5201376433758215,0.5107190114769664,0.5171572367730246,0.5104044609227973,0.2837996282899065,0.0055583786306084,0.2865788176052107,0.2865788176052107,0.2865788176052107,0.2865788176052107,0.2726828710286896,1.4554587356746196,0.0051773768822105,1.4549734145402908,1.451778270304203,1.4484621100127697,1.46316035464406,1.458919528871775,0.4925106860257038,0.0074305553717749,0.4830509063865181,0.4896263988257774,0.4875888928904804,0.5027216233320622,0.4995656086936813,0.2880206901784478,0.0081856416454124,0.2920138538372269,0.2943755681901046,0.2944523402310067,0.2726828710286896,0.2865788176052107,10.4,5.885575587824865,6,6,19,16,5
-150,1.4483034287000955,0.001965833477032,1.4474427260850604,1.4509979749980726,1.4493615200645045,1.445122538114849,1.4485923842379922,0.5167286528926985,0.0051226826233637,0.5223983551015176,0.5169870038341055,0.5173504984257524,0.5196649771606077,0.5072424299415098,0.2903452812052804,0.0034160087423646,0.2889708572796323,0.2868567905698977,0.2872685160825868,0.2955998837175829,0.2930303583767025,1.4566344708204269,0.0055243594594045,1.453518085181713,1.453132439404726,1.4553639143705368,1.453583087772131,1.4675748273730278,0.5214955520676148,0.0053940608567532,0.5130606469041071,0.5199771605906514,0.5204487089286296,0.5247121042000573,0.5292791397146285,0.2844134675756208,0.0059845399860216,0.2896480140337822,0.2865788176052107,0.2865788176052107,0.2865788176052107,0.2726828710286896,1.4554540775716305,0.006720600012254,1.4563319236040115,1.4489220939576626,1.4491338320076466,1.467389229685068,1.4554933086037636,0.5063980635637026,0.0058723561039547,0.5140557834840286,0.5123279748560378,0.5045350014175439,0.4987448926176507,0.5023266654432522,0.2879390955030511,0.0081473749224051,0.2916058804602439,0.2943755681901046,0.2944523402310067,0.2726828710286896,0.2865788176052107,15.8,3.867815921162743,19,14,21,15,10
-125,1.4558682998858,0.008065022223608,1.44585113901841,1.4547310000971745,1.4677314607720626,1.4619404667302185,1.4490874328111347,0.5091338886925899,0.0120088585994177,0.5299627195688024,0.4986832690367077,0.4962194552338495,0.508400878343625,0.512403121279965,0.2896625739121871,0.0038285766553876,0.2872090905043696,0.2868842318796008,0.285609624788251,0.2942017265298643,0.2944081958588496,1.467908363044262,0.0066791180505372,1.4743076711893082,1.4553834944963455,1.468630839139223,1.4728583469986916,1.468361463397741,0.5128359519563559,0.0122185027301568,0.5255452859978397,0.524362106555906,0.4958886967250296,0.5008758566497198,0.5175078138532844,0.2914448934925407,0.0175268699944768,0.3248051436183815,0.2865788176052107,0.2865788176052107,0.2865788176052107,0.2726828710286896,1.468950705230236,0.0169766550725802,1.4944935701787472,1.448638092726469,1.4630217477679253,1.4823499098420143,1.4562502056360245,0.5026809449501408,0.0110980125002817,0.5085091411851156,0.5211253924944522,0.4960367246780196,0.4984568078155255,0.4892766585775912,0.2916137422877025,0.0121383735813305,0.3099791143835005,0.2943755681901046,0.2944523402310067,0.2726828710286896,0.2865788176052107,8.8,7.332121111929343,22,10,2,2,8
-100,1.4502956475709616,0.0030212158524634,1.4489028253053364,1.4534493596930254,1.4539510112059744,1.4458958814018652,1.449279160248606,0.5139611376481878,0.0065832237890262,0.5179045556297017,0.5120509749954403,0.5189517541050942,0.5018491648224541,0.519049238688249,0.2904548445763359,0.0046930999063829,0.2859162724886704,0.2888171171481242,0.2855207850236571,0.296634589138014,0.2953854590832139,1.459612362086773,0.0067858106236519,1.465334128588438,1.454399961978197,1.4542407542467115,1.45399197563529,1.4700949899852276,0.5216495515312315,0.0062185444223257,0.5239686833088092,0.5318563830587746,0.5189225693946746,0.5205148480647513,0.5129852738291474,0.2880291457007571,0.0112231948352604,0.3077264046594638,0.2865788176052107,0.2865788176052107,0.2865788176052107,0.2726828710286896,1.460718533396721,0.0130458358504877,1.4826362170279026,1.4479132071137428,1.4476226158440113,1.4663961306214333,1.4590244963765144,0.4963762234934786,0.0113199660454686,0.5052907346621772,0.492163948987418,0.4830075116717293,0.5135004743019936,0.4879184478440748,0.2910089866358413,0.011251217962818,0.3069553361241948,0.2943755681901046,0.2944523402310067,0.2726828710286896,0.2865788176052107,13.8,6.177378084592201,25,10,15,12,7
-75,1.4506635635777525,0.0048951341347491,1.4441002757925736,1.4534237673408106,1.4511692800019915,1.4466808996702496,1.4579435950831363,0.5250346465370079,0.0063341111124414,0.5330317346379162,0.5187769786140726,0.5303680788747442,0.5261904942556301,0.5168059463026762,0.2896210121566051,0.0037093832270289,0.2874653612988951,0.2856849567369032,0.2868420313579882,0.2931644538339826,0.2949482575552563,1.4602560184895992,0.0100956860778002,1.4705798253417015,1.4520744942128658,1.4520269557833672,1.4521223306655884,1.4744764864444733,0.5253291234617945,0.0037975527466207,0.5279105328185286,0.5223536398785361,0.5198536918755089,0.5260977788177458,0.5304299739186529,0.2950042669197291,0.0243998136104468,0.3426020107543236,0.2865788176052107,0.2865788176052107,0.2865788176052107,0.2726828710286896,1.4632702447474002,0.0170396413648581,1.494385864585638,1.4462900087237358,1.449314970523119,1.4626950211822989,1.46366535872221,0.5033452706384924,0.0173595467068207,0.5253010782580375,0.5107948899377391,0.5053598587544417,0.5029901932045295,0.4722803330377143,0.2913943489200438,0.0118099180917663,0.3088821475452074,0.2943755681901046,0.2944523402310067,0.2726828710286896,0.2865788176052107,17.8,8.255906976220118,25,15,25,21,3
-50,1.4623023231405965,0.0137764525578232,1.4680039192500869,1.4539374125631233,1.4866805440501163,1.4543090506603844,1.44858068917927,0.50578144011728,0.0051215054433881,0.4994188695108539,0.5110686066088682,0.5123443128778308,0.504551839352225,0.5015235722366223,0.2883079386129458,0.0071625714029613,0.2864418262047324,0.2897653883668546,0.275637313078978,0.2932940433562179,0.296401122057946,1.4672828041017056,0.0107176732305904,1.4665460474789145,1.456225860863924,1.486512679606676,1.458363402634859,1.4687660299241545,0.5150187316107988,0.0056767029928187,0.5045536515580248,0.5215513880490033,0.514799006429042,0.5167322906824677,0.5174573213354563,0.2837996282899065,0.0055583786306084,0.2865788176052107,0.2865788176052107,0.2865788176052107,0.2865788176052107,0.2726828710286896,1.4645572490990162,0.0112597016615849,1.465490683913231,1.4491477124392986,1.4821435026824474,1.4693844318389893,1.4566199146211147,0.500959317351535,0.0104520760747841,0.5071569196163122,0.4955369439996706,0.496442320522006,0.4878133209607643,0.5178470816589222,0.2880206901784478,0.0081856416454124,0.2920138538372269,0.2943755681901046,0.2944523402310067,0.2726828710286896,0.2865788176052107,4.6,2.727636339397171,2,8,1,5,7
-25,1.4583359316775677,0.0101618441610071,1.4507193113628187,1.4519093011554918,1.4586937578100907,1.4524659056412546,1.4778913824181807,0.5119451507995919,0.0139758867275469,0.5280761143185675,0.5271643894920837,0.5013406260806627,0.5104364625160005,0.4927081615906452,0.288642525454718,0.0035904544200216,0.2853474948293681,0.285816833096078,0.2862357749092801,0.2942222599394307,0.2915902644994332,1.465590836852789,0.0163087280035069,1.4563104398548603,1.4573148265480995,1.4575762376189232,1.4585763029754162,1.4981763772666454,0.5225426102188531,0.0033932279867462,0.5230154345817595,0.5198363476581848,0.522411526805125,0.5285833634264547,0.5188663786227412,0.2837996282899065,0.0055583786306084,0.2865788176052107,0.2865788176052107,0.2865788176052107,0.2865788176052107,0.2726828710286896,1.4663316302001477,0.0134952548921897,1.463660053908825,1.4561483711004255,1.4516079872846603,1.470053557306528,1.490188181400299,0.5016473531147202,0.0108661552148543,0.5186120860579341,0.506173660436619,0.5004961724472042,0.4853989011762296,0.4975559454556138,0.2879774381701976,0.0081649732024639,0.2917975937959763,0.2943755681901046,0.2944523402310067,0.2726828710286896,0.2865788176052107,9.0,6.356099432828281,17,16,6,5,1
0,1.4510258426164326,0.0023911505123991,1.451519593439604,1.4513330283917878,1.454338402497141,1.4468695264113576,1.4510686623422724,0.5163042928025328,0.0070086790974325,0.5254672667977388,0.5099000342839591,0.5153889474851289,0.5230668913597429,0.507698324086094,0.2902454196512648,0.0039045089188846,0.2870494503562391,0.2862760468429953,0.2883451158868349,0.2931121562479486,0.296444328922306,1.4580868877470494,0.0068237872552018,1.4583528228104117,1.453700665384531,1.45561084151268,1.4517511539161203,1.4710189551115036,0.5278151669451189,0.0054011929012669,0.5264747687211312,0.5310771301174204,0.5256557684083022,0.535957052896685,0.5199111145820555,0.2837996282899065,0.0055583786306084,0.2865788176052107,0.2865788176052107,0.2865788176052107,0.2865788176052107,0.2726828710286896,1.4584037899971007,0.0059169102463509,1.4664615839719772,1.4540425278246405,1.4498849920928478,1.4626728035509586,1.4589570425450802,0.5041438948994628,0.0100254222834647,0.4984454083369653,0.5164710593629619,0.515826417119756,0.4976323803732799,0.4923442093043502,0.2880686878931586,0.0082095840168523,0.2922538424107813,0.2943755681901046,0.2944523402310067,0.2726828710286896,0.2865788176052107,13.4,5.161395160225576,15,20,9,17,6
25,1.4509429798628155,0.00477548709211,1.444569007973922,1.4546526821036088,1.4579106017162926,1.44783479916422,1.4497478083560342,0.5130607627533254,0.0089552625906843,0.5296849635791325,0.5084476323572564,0.5096096179140015,0.5035466786644366,0.5140149212517996,0.2896645062036183,0.00420009345017,0.2878759175086173,0.2866923006256714,0.2845356349056985,0.2953031711340683,0.2939155068440356,1.4565981663763523,0.0062756002571593,1.4491734579205513,1.4547114111483097,1.4561438485980034,1.454760268330574,1.4682018458843231,0.5229216892825936,0.0095423026998223,0.537164892254924,0.5115571480140712,0.5307135817539101,0.5192615425531728,0.5159112818368897,0.2850808251924132,0.0066770362061074,0.2929848021177438,0.2865788176052107,0.2865788176052107,0.2865788176052107,0.2726828710286896,1.456674189120531,0.0066478786098973,1.46072394028306,1.4487517401576042,1.4508679918944836,1.4670477733016014,1.455979499965906,0.5022234361708431,0.0152499639957238,0.5073699034117324,0.48891009802445,0.529929907308479,0.4929681164607152,0.4919391556488388,0.2911103601175271,0.0113957924653629,0.3074622035326237,0.2943755681901046,0.2944523402310067,0.2726828710286896,0.2865788176052107,12.0,7.0710678118654755,26,9,7,10,8
50,1.4506214581037824,0.0034040829029757,1.4488092911870856,1.4566323443462974,1.4479709499760678,1.447577933261269,1.4521167717481915,0.5198767695540462,0.0100564039627064,0.5323838729589251,0.5151494122228898,0.5306840073166526,0.5149045267762019,0.5062620284955615,0.290186862025741,0.0040237950013756,0.2874184446822673,0.2865165817578833,0.2869443548934088,0.2961326395161893,0.2939222892789561,1.4574318282306191,0.0066950107518031,1.4528848379850388,1.4563899002969265,1.4533040635287762,1.4539802446961403,1.4706000946462154,0.5278182013459922,0.0068112842234662,0.5405148871580682,0.5286054479912645,0.5230007106171983,0.5213192758695956,0.5256506850938346,0.2837996282899065,0.0055583786306084,0.2865788176052107,0.2865788176052107,0.2865788176052107,0.2865788176052107,0.2726828710286896,1.4566031396389008,0.0056350062591169,1.4526168815791607,1.449592925608158,1.4558662995696068,1.4659594148397446,1.4589801765978336,0.495417742935154,0.0124871364301741,0.4792296867168599,0.5150993034902305,0.5023511988411682,0.4939320188657295,0.4864765067617823,0.2882641461236558,0.0083888890338188,0.2920138538372269,0.2943755681901046,0.2956696199570467,0.2726828710286896,0.2865788176052107,13.2,7.222188034107115,19,7,24,11,5
75,1.454667578998365,0.0023502834211761,1.4558084224399768,1.4540531396865846,1.45741817574752,1.455579073805558,1.4504790833121852,0.5068515242509858,0.0098827474508416,0.5190698385826397,0.5031533605361633,0.5181157076162171,0.4957786575787477,0.4981400569411613,0.2900046111501365,0.0043116748657914,0.2862776948818322,0.2883484475023444,0.2853985478359455,0.2933847777122761,0.2966135878182847,1.4592564679682254,0.0058907792709006,1.4546926580369473,1.4549618549644947,1.4562634862959385,1.4599358141422272,1.4704285264015198,0.5186246018153968,0.0053386796740886,0.5164609955760069,0.5243968278932397,0.5187448103949721,0.5097765930207976,0.5237437821919677,0.2837996282899065,0.0055583786306084,0.2865788176052107,0.2865788176052107,0.2865788176052107,0.2865788176052107,0.2726828710286896,1.456113114207983,0.0081712633882719,1.452081959694624,1.4482452869415283,1.4505426660180092,1.4708509296178818,1.458844728767872,0.5051351265542895,0.0100662403183851,0.50831841971383,0.5185419109631222,0.4885537039736487,0.5097039344706601,0.5005576636501865,0.2880206901784478,0.0081856416454124,0.2920138538372269,0.2943755681901046,0.2944523402310067,0.2726828710286896,0.2865788176052107,7.0,1.8973665961010275,9,9,7,4,6
100,1.455444819550765,0.0114232813340684,1.4490734351308725,1.456297629757931,1.454192036076596,1.4759570837020874,1.441703913086339,0.5207635819571611,0.0148759309876925,0.5408949197142929,0.51941352366088,0.5224603485953817,0.494922972555343,0.5261261452599081,0.2895550314029348,0.0039684166572716,0.2867098488863945,0.2851793767923578,0.2873648898177602,0.2931604624241845,0.295360579093977,1.46169056892395,0.0077659728952289,1.456084206700325,1.4558631666004658,1.4563764706254003,1.4758815728127956,1.464247427880764,0.5078205977474737,0.0141860853415485,0.515023231261535,0.5174007214771595,0.5041565605045825,0.481728024874776,0.5207944506193153,0.284706351774755,0.006262912689409,0.2911124350294532,0.2865788176052107,0.2865788176052107,0.2865788176052107,0.2726828710286896,1.4593398116528988,0.0133005604626289,1.460843414068222,1.4487614780664444,1.4504455402493477,1.4846002459526062,1.4520483799278736,0.50899071814155,0.0086977533053582,0.5168282622026323,0.5188472784953956,0.5077397349102761,0.507208202809342,0.4943301122901037,0.2881440358630402,0.0082492826833068,0.2926305822601893,0.2943755681901046,0.2944523402310067,0.2726828710286896,0.2865788176052107,11.4,7.227724399837061,21,8,9,1,18
125,1.4619411659240724,0.0092688929531131,1.4538665244453832,1.4576344766114888,1.4681799725482338,1.477012979356866,1.4530118766583895,0.5124777870182836,0.0057255152646305,0.5156169947709485,0.5146030947446373,0.5077780402594321,0.5042176534289211,0.520173151887479,0.2897122794041988,0.0036018090990413,0.2876535873743017,0.2867051388998726,0.2861874286084377,0.2950705283728984,0.2929447137654838,1.466799109429121,0.0094227077281633,1.4557070806622503,1.4572451263666153,1.4680761061608791,1.4809789098799229,1.4719883240759373,0.5097289348980515,0.0182979251165796,0.5215400433930605,0.5316281826457943,0.4993646508674653,0.4796840037518891,0.5164277938320482,0.2837996282899065,0.0055583786306084,0.2865788176052107,0.2865788176052107,0.2865788176052107,0.2865788176052107,0.2726828710286896,1.4631996586918832,0.01458288963499,1.4523171670734882,1.4502133391797545,1.462716806679964,1.4908592775464058,1.459891702979803,0.4951457411411252,0.0123735173877359,0.498791908642252,0.5121265415621732,0.501345680627984,0.4874592767036724,0.4760052981695442,0.2880206901784478,0.0081856416454124,0.2920138538372269,0.2943755681901046,0.2944523402310067,0.2726828710286896,0.2865788176052107,4.6,2.65329983228432,8,6,2,1,6
150,1.4563645854749177,0.0055695505012819,1.4545372611597964,1.456408713993273,1.4666963991365936,1.4500320497312045,1.4541485033537211,0.5137852090075017,0.0080716367644528,0.5070278746337675,0.5053684012689335,0.5255048550723974,0.5212542121889362,0.509770701873474,0.2893618872627937,0.0034450186238667,0.2874154096497103,0.2851786448309806,0.287279805581367,0.2934509606479585,0.2934846156039521,1.461687745898962,0.0076560331013899,1.4558061882853508,1.4559474475681782,1.4670365452766418,1.4554103165864944,1.4742382317781448,0.5173886170614864,0.0131100115522884,0.5292047760177484,0.5176878653061008,0.4943761347361379,0.5309211940411626,0.514753115206282,0.2837996282899065,0.0055583786306084,0.2865788176052107,0.2865788176052107,0.2865788176052107,0.2865788176052107,0.2726828710286896,1.4585835181176665,0.0066178208917776,1.4523121044039726,1.4493014849722383,1.4621055461466312,1.4666859470307827,1.462512508034706,0.4985150572108505,0.0141999331772788,0.5098193964783861,0.4984614395147989,0.5082209016322156,0.5048684007701838,0.4712051476586681,0.2880206901784478,0.0081856416454124,0.2920138538372269,0.2943755681901046,0.2944523402310067,0.2726828710286896,0.2865788176052107,6.4,2.5768197453450252,8,8,2,9,5
175,1.4491321310244107,0.0059226657047574,1.4421163646798385,1.457594148736251,1.4546344995498657,1.445388186605353,1.445927455550746,0.5178738662884832,0.0091530355016762,0.5340335116247994,0.5070462418003825,0.5178173601477494,0.5188830243687437,0.5115891935007412,0.2918344615041772,0.0042643734084423,0.2916121230031787,0.2869645306786752,0.2878868877103382,0.2940396453361181,0.2986691207925758,1.4568607069551944,0.00665739026759,1.4485124610364437,1.4564363695681095,1.456702135503292,1.453848883509636,1.4688036851584911,0.5186034204061094,0.0093374192227267,0.5232321765132525,0.5237062833398204,0.5032666019005868,0.5131130935412053,0.5296989467356827,0.2858127206671849,0.0076351336812353,0.2966442794916025,0.2865788176052107,0.2865788176052107,0.2865788176052107,0.2726828710286896,1.456385249644518,0.0059865349394048,1.4613519050180912,1.4491061344742775,1.4505457356572151,1.4645972102880478,1.456325262784958,0.4982618592467682,0.0186128232490798,0.5013334521006001,0.524182923871644,0.5068080160831983,0.4911807279627973,0.4678041762156011,0.2885998633263248,0.0085423627656806,0.2949097195766126,0.2943755681901046,0.2944523402310067,0.2726828710286896,0.2865788176052107,13.8,7.467261881037788,27,7,8,17,10
200,1.457563918013322,0.0149880784837556,1.4559314777976589,1.4863585233688354,1.4531333559437802,1.4487890193336888,1.4436072136226454,0.5155733709150337,0.0083242957930588,0.5018158281337182,0.5123356431640667,0.5167918296846026,0.5202385717601432,0.5266849818326382,0.2911521288066807,0.0050872311353725,0.2880448826628975,0.2842109706840079,0.2909576042553011,0.2931858502488991,0.2993613361822979,1.465061755478382,0.0130495774536358,1.4562709853053093,1.4892837405204773,1.455651469528675,1.455695353448391,1.468407228589058,0.5169939919064183,0.0096522142264075,0.5249001076069563,0.5013484781992369,0.5290741621110056,0.5135615105413495,0.516085701073543,0.2837996282899065,0.0055583786306084,0.2865788176052107,0.2865788176052107,0.2865788176052107,0.2865788176052107,0.2726828710286896,1.4618665225803853,0.013115388929372,1.45273445174098,1.4847053326666355,1.4493191465735435,1.468249328434467,1.4543243534862995,0.5054143922099945,0.0119088794018832,0.5131932591737347,0.5227866889054374,0.5064945086862099,0.4931911923240061,0.4914063119605846,0.2880206901784478,0.0081856416454124,0.2920138538372269,0.2943755681901046,0.2944523402310067,0.2726828710286896,0.2865788176052107,9.0,5.796550698475776,7,1,9,9,19
225,1.475640849565205,0.0073809116407964,1.480880372147811,1.48389833726381,1.463078966893648,1.4782156906629864,1.4721308808577689,0.5068962001799571,0.007241557910686,0.5158508495640793,0.5066726562201267,0.502467515732353,0.4959958060637601,0.5134941733194667,0.2887121560551461,0.003959476247959,0.2847099001047302,0.2845340763944069,0.2879508131601834,0.2917071212977373,0.2946588693186724,1.4853223450481892,0.0114051182437335,1.4795293770730495,1.481187503784895,1.4712209925055504,1.489847607910633,1.504826243966818,0.5065505370328912,0.0051549265543718,0.5067417643309846,0.5045606737619747,0.5041965001861332,0.5010536845522862,0.5162000623330775,0.2837996282899065,0.0055583786306084,0.2865788176052107,0.2865788176052107,0.2865788176052107,0.2865788176052107,0.2726828710286896,1.482736212015152,0.0129790289031123,1.4774387776851654,1.4758880846202374,1.464934702962637,1.4987120069563389,1.4967074878513813,0.5007570821917786,0.0047433054907416,0.5047402438445341,0.5056632897651085,0.5018757023618496,0.4990109279153781,0.4924952470720226,0.2880206901784478,0.0081856416454124,0.2920138538372269,0.2943755681901046,0.2944523402310067,0.2726828710286896,0.2865788176052107,1.4,0.8,1,1,3,1,1
250,1.4657057272760492,0.0106648240770189,1.4801709965655678,1.454242221932662,1.459778948834068,1.476879872773823,1.457456596274125,0.5070748318667843,0.0073773909378253,0.5182905045809381,0.5036483127403185,0.5104057978569065,0.4959616975532245,0.5070678466025333,0.289525051558635,0.0030039418705724,0.2869937195649042,0.2859798127881536,0.2885415107231002,0.2927001188156836,0.2934100959013336,1.4721501827239991,0.0129394032914882,1.490838449448347,1.454786017537117,1.4608474895358086,1.4792416468262672,1.4750373102724552,0.5155267524795819,0.0068862722340936,0.5220723255189967,0.5213726539653698,0.5064442153144608,0.5078673849147922,0.5198771826842897,0.2837996282899065,0.0055583786306084,0.2865788176052107,0.2865788176052107,0.2865788176052107,0.2865788176052107,0.2726828710286896,1.4689550653100014,0.0174484364958063,1.4902799762785437,1.447298377752304,1.4547998905181885,1.488305788487196,1.4640912935137749,0.4999828122733524,0.009910204357005,0.5019327495502699,0.5033345533942383,0.5153331435787133,0.4933404811646876,0.4859731336788528,0.2880206901784478,0.0081856416454124,0.2920138538372269,0.2943755681901046,0.2944523402310067,0.2726828710286896,0.2865788176052107,4.0,3.687817782917155,1,11,4,1,3
275,1.464531461314151,0.0152230566095142,1.4843852381957203,1.458771004174885,1.4567018910458214,1.4794333395205046,1.4433658336338244,0.5062747352652899,0.0086095464156336,0.4961598200521048,0.514360472584124,0.5128312103946354,0.4953596355149792,0.5126625377806061,0.2864347570199417,0.0052869049311416,0.2807409836043477,0.284809817405294,0.2846522552706258,0.2855033954852765,0.2964673333341645,1.4690608613193037,0.0103314555965561,1.481589999049902,1.458446368575096,1.455846581608057,1.4782876931130886,1.4711336642503738,0.5100725869756725,0.0093239792815116,0.5112366691828922,0.5253804355379942,0.5039241456426174,0.4975655347308683,0.5122561497839904,0.283822312668536,0.0055130098733494,0.2865788176052107,0.2865788176052107,0.2865788176052107,0.2865788176052107,0.2727962929218371,1.4653684355318546,0.0160947428676114,1.480957742780447,1.451386008411646,1.4489012472331524,1.4882110245525837,1.4573861546814442,0.4995779107456025,0.0081122143828038,0.4911693805490489,0.5116061049833928,0.5066533160391409,0.496020021318036,0.4924407308383939,0.2880206901784478,0.0081856416454124,0.2920138538372269,0.2943755681901046,0.2944523402310067,0.2726828710286896,0.2865788176052107,6.0,4.6475800154489,1,6,9,1,13
300,1.4614262806741816,0.0142342706030678,1.4473802942978709,1.4536848846234771,1.4800404272581402,1.4772314109300313,1.448794386261388,0.5123485314578256,0.0129066742177908,0.5300381918931205,0.513054262579933,0.5054127625802233,0.492375779968803,0.5208616602670482,0.2906376718273433,0.0036665364413677,0.2893243236375823,0.2880663957728165,0.2859610248593852,0.2944926349563618,0.2953439799105709,1.4691482543945311,0.0125985762429444,1.4532990083098412,1.4560723640024662,1.484766814857721,1.4802157916128635,1.471387293189764,0.509918453725376,0.0114393065015052,0.5227012258698142,0.5020017803948453,0.5146236524661622,0.4917113310679479,0.5185542788281103,0.284202027447708,0.0058120530116044,0.2885908133942179,0.2865788176052107,0.2865788176052107,0.2865788176052107,0.2726828710286896,1.4650422684848308,0.0166927509079366,1.4490561783313751,1.448099285364151,1.4792582020163536,1.489784486591816,1.4590131901204586,0.5031255600890958,0.0248283883115386,0.510408053254006,0.5369829834225154,0.4875944077523493,0.5159508816294777,0.4646914743871307,0.2879303415389919,0.0081434530051033,0.2915621106399479,0.2943755681901046,0.2944523402310067,0.2726828710286896,0.2865788176052107,8.2,7.678541528180987,22,9,1,1,8
325,1.4550728737680536,0.0185267947817738,1.4617851094195715,1.4870998056311355,1.4514544737966435,1.4403058014417949,1.4347191785511215,0.5105886225308978,0.0222150116916658,0.4869995461696591,0.4820937050521106,0.518087666915893,0.5279321402489479,0.5378300542678782,0.2925492108535446,0.012860060730425,0.2870460048415323,0.2756558113226013,0.2849158854946128,0.3065474278579679,0.3085809247510085,1.4637434281408788,0.0098345094918067,1.4618567414581776,1.4803241975605488,1.456386175006628,1.4521990157663822,1.4679510109126568,0.5160803279537941,0.0036342663493122,0.5222037811309291,0.5127948104694927,0.5158734404501254,0.5120960826476129,0.5174335250708102,0.2848768595088494,0.0059363434864253,0.2865788176052107,0.2865788176052107,0.2865788176052107,0.2911124350294532,0.2735354096991618,1.4616580106317998,0.0088519120097917,1.4594467543065548,1.474492035806179,1.4545100815594196,1.4690049104392529,1.4508362710475922,0.4975631866695515,0.0046675638291375,0.4951054687332055,0.5000101583337692,0.4902601802495298,0.5041203492707573,0.4983197767604959,0.2893363785058799,0.0080987551836708,0.2920138538372269,0.2943755681901046,0.2957070455071826,0.2734729899654325,0.2911124350294532,15.4,11.77454882362802,4,1,17,22,33
350,1.4692230452989277,0.0147431885071964,1.4846925810763711,1.4577255148636667,1.4462269632439864,1.4770721410450185,1.480398026265596,0.5161619054762625,0.0151189834953379,0.5042373995987094,0.5260543074534033,0.5405917910074659,0.5102173097754553,0.4997087195462787,0.2890528306454871,0.0041467780558283,0.2820790475845752,0.2866923071868088,0.2934807782104711,0.2912508422291435,0.2917611780164368,1.4765190817415714,0.0174124209290635,1.485754705965519,1.4581315033137798,1.452936165034771,1.4934443570673466,1.4923286773264408,0.5057265734755033,0.0096534702362326,0.4932452006990077,0.4985312123409215,0.5166566668402006,0.503005151033786,0.5171946364636008,0.2837996282899065,0.0055583786306084,0.2865788176052107,0.2865788176052107,0.2865788176052107,0.2865788176052107,0.2726828710286896,1.4734832368791104,0.0210309741472547,1.4831888638436794,1.4506541453301909,1.4476998075842855,1.502277035266161,1.483596332371235,0.5094279642198982,0.011178627449917,0.5010573520544652,0.5281768978529316,0.502642351178462,0.5163126403792543,0.4989505796343781,0.2880686878931586,0.008223828383318,0.2920138538372269,0.2943755681901046,0.2946923288045612,0.2726828710286896,0.2865788176052107,7.8,11.267652816802618,1,6,30,1,1
375,1.4753477500614367,0.013313806261265,1.4803710510856227,1.482472546477067,1.4875653141423275,1.47665897921512,1.4496708593870464,0.5099065191828784,0.00739736250157,0.514386375243054,0.5069207332820455,0.4982566500962354,0.5096303894875276,0.5203384478055297,0.2878435055473327,0.0065162380460394,0.2856980619433095,0.2827148482888799,0.2799317736000685,0.2941134562756866,0.296759387628719,1.489692184329033,0.0123363022460366,1.4999585449695587,1.483262836933136,1.5038684755563736,1.4918877705931664,1.4694832935929298,0.5120002819261273,0.0033271353056807,0.5076888258335319,0.5087569768207727,0.5155764301396915,0.515653611912986,0.5123255649236546,0.2837996282899065,0.0055583786306084,0.2865788176052107,0.2865788176052107,0.2865788176052107,0.2865788176052107,0.2726828710286896,1.4864549845457078,0.0168343748765112,1.499377243220806,1.4777543805539608,1.498169668018818,1.4998184628784657,1.457155168056488,0.4966020271564318,0.0143748304929983,0.5090837427851421,0.4881591094688317,0.4999569628948642,0.5124948697545976,0.4733154508787239,0.2880206901784478,0.0081856416454124,0.2920138538372269,0.2943755681901046,0.2944523402310067,0.2726828710286896,0.2865788176052107,2.4,2.8,1,1,1,1,8
400,1.459672649785092,0.018207355342039,1.4456685053674798,1.4815096039521067,1.4823116829520775,1.4424646879497327,1.446408768704063,0.5149746907020666,0.0114113049333116,0.5351963643125134,0.5031822935135377,0.5049831974366568,0.5167713009553915,0.5147402972922336,0.292518297299096,0.0060920161487593,0.2900750750699332,0.2894808014676705,0.2842190848147133,0.3012176018465207,0.2975989232966425,1.469963450729847,0.0182069930603832,1.4506778977811337,1.5010698847472668,1.4781223870813849,1.4548860378563404,1.4650610461831093,0.5101048517268042,0.0062358696288952,0.5083152481100949,0.500737082086446,0.5097079151808288,0.5116062631333734,0.5201577501232781,0.2840848672809879,0.0057276945136747,0.2880050125606177,0.2865788176052107,0.2865788176052107,0.2865788176052107,0.2726828710286896,1.4687313720583917,0.0163903145664457,1.450499340891838,1.4969135634601116,1.4725882671773434,1.4691208600997925,1.4545348286628723,0.4892017154737277,0.0087900752955595,0.4927603737437144,0.474249572171789,0.500729434343102,0.4920671033556004,0.4862020937544328,0.2880206901784478,0.0081856416454124,0.2920138538372269,0.2943755681901046,0.2944523402310067,0.2726828710286896,0.2865788176052107,11.4,9.329523031752482,25,1,1,17,13
425,1.4567409733722088,0.015563832776019,1.4634180533258538,1.484246782252663,1.4451042313324778,1.4422715425491333,1.4486642574009143,0.5159219289837855,0.0119283918365318,0.5127529455644899,0.4959834461233829,0.5326709870496545,0.5178558458262167,0.5203464203551835,0.2910414330728776,0.0060463227887928,0.2874004895691249,0.2821215808342879,0.2913137979055624,0.2998682697330568,0.294503027322356,1.4635704189538956,0.0088793387701112,1.4635888449847698,1.4758283272385595,1.453844279050827,1.4537481851875782,1.470842458307743,0.5158024978593089,0.0104978034961013,0.5136201373532641,0.5021371373670594,0.534626016959568,0.5136973233581964,0.5149318742584562,0.2837996282899065,0.0055583786306084,0.2865788176052107,0.2865788176052107,0.2865788176052107,0.2865788176052107,0.2726828710286896,1.4608383491635322,0.0085360669486015,1.460232075303793,1.4711684845387936,1.446901299059391,1.4681471586227417,1.457742728292942,0.5004294799023443,0.0176643879887414,0.4955331340378212,0.4890149471024924,0.5224387559082763,0.5188551861289282,0.4763053763342036,0.2880922332187408,0.0080517435594218,0.2920138538372269,0.2943755681901046,0.2944523402310067,0.2730405862301548,0.2865788176052107,10.8,8.4,3,1,22,19,9
450,1.4686776266599957,0.016648442081588,1.4520876934653837,1.4448838309237833,1.481677037791202,1.4818466224168476,1.482892948702762,0.5158370465133519,0.0192408037041889,0.5228520657798388,0.5491611528644176,0.5123411927444584,0.4978635973128052,0.4969672238652395,0.2879885894232709,0.0066229191491285,0.2891292455812997,0.2916517112725141,0.2751717385227353,0.2940223649435294,0.2899678867962759,1.4753230914473534,0.0191128909829005,1.4558623619377613,1.4499443732202053,1.4960341155529022,1.4809190444648266,1.4938555620610714,0.5161898264116378,0.0061006809953808,0.5224258064147496,0.5216415593604036,0.5085042149571909,0.5091685330061109,0.5192090183197343,0.2837996282899065,0.0055583786306084,0.2865788176052107,0.2865788176052107,0.2865788176052107,0.2865788176052107,0.2726828710286896,1.4729474037885666,0.0203315559048005,1.4515794850885868,1.444810178130865,1.4894456453621387,1.4903590455651283,1.488542664796114,0.5050527972391976,0.0073336493815403,0.5033637041831349,0.512687844700949,0.5025068166616912,0.513239750019582,0.4934658706306307,0.2880206901784478,0.0081856416454124,0.2920138538372269,0.2943755681901046,0.2944523402310067,0.2726828710286896,0.2865788176052107,9.8,12.828094168659662,12,34,1,1,1
475,1.4545329831775866,0.0085394659496289,1.4668301180789345,1.4461378750048186,1.4438216297250046,1.4563567500365409,1.4595185430426347,0.5133888343350443,0.0110729693006677,0.5004625389173198,0.5270750919814599,0.5262300912004989,0.507380697427637,0.5057957521483061,0.2909124408645491,0.0034777197474476,0.2882176317846239,0.2854142027114451,0.2941980361642758,0.2930984209339247,0.2936339127284762,1.4630687087774277,0.0105902726507431,1.4668697007000446,1.4514328055083752,1.453267615288496,1.4629605747759342,1.4808128476142883,0.5128053865312061,0.0101968431429909,0.503155151541021,0.5066935403677195,0.526237799267703,0.5038150998116291,0.5241253416679583,0.2837996282899065,0.0055583786306084,0.2865788176052107,0.2865788176052107,0.2865788176052107,0.2865788176052107,0.2726828710286896,1.4596191637218,0.0124165095853915,1.4650197885930538,1.4434448704123497,1.446144562214613,1.473246604204178,1.470239993184805,0.4950962168424643,0.0196826138138021,0.4947783056912529,0.5010603103681742,0.4922307308227985,0.5244408471699625,0.4629708901601336,0.2880206901784478,0.0081856416454124,0.2920138538372269,0.2943755681901046,0.2944523402310067,0.2726828710286896,0.2865788176052107,14.0,13.490737563232042,2,30,31,4,3
500,1.4512211157146253,0.0056012644431051,1.4498447430761237,1.4583824258101614,1.4424845570012144,1.456088722379584,1.4493051303060431,0.5098562020955932,0.0156275096560538,0.5246897239622584,0.4961364655143414,0.5310183098919046,0.4910733803188099,0.506363130790652,0.2904720247902471,0.0042399040437966,0.2849200702178892,0.2863406057351091,0.2914534170796461,0.2935648942230172,0.2960811366955739,1.463405402749777,0.0100223743191451,1.478382259607315,1.4578786864876747,1.449272383004427,1.4614641927182674,1.4700294919312,0.5272872313706538,0.0099792731571802,0.5356232444572759,0.5305009517701331,0.5390681468505352,0.5137294494098489,0.5175143643654764,0.2849526007380071,0.006528522978647,0.2923436798457136,0.2865788176052107,0.2865788176052107,0.2865788176052107,0.2726828710286896,1.4646586447954175,0.0157800319105288,1.4919616095721722,1.4532201290130615,1.447949692606926,1.4717595875263214,1.458402205258608,0.4992026297348783,0.0133714890582561,0.4759028704250287,0.5094121686422469,0.5146614453897843,0.4964230223597365,0.4996136418575947,0.2886681333919531,0.008675039085766,0.2929360154921742,0.2943755681901046,0.2967673946435863,0.2726828710286896,0.2865788176052107,14.6,12.09297316626478,20,6,36,4,7
525,1.4607560536735935,0.0102606420975387,1.4556060251436735,1.4552577068931178,1.4545593073493557,1.457150095387509,1.4812071335943122,0.5091174823278821,0.0054003193191902,0.5076774421237518,0.5126777408520715,0.5149338654667892,0.510882546797814,0.4994158163989838,0.2883676350175177,0.0038738608503177,0.2853654035868475,0.2861752848774095,0.2848149602022986,0.2950145264216411,0.2904679999993917,1.4634273894131185,0.015395472227935,1.4536978267133236,1.4532312341034412,1.4538313299417496,1.4630452133715153,1.493331342935562,0.5144681067909784,0.0119521001094731,0.5311319642489397,0.5229591734681633,0.5013120600423409,0.5161956672279849,0.5007416689674627,0.2837996282899065,0.0055583786306084,0.2865788176052107,0.2865788176052107,0.2865788176052107,0.2865788176052107,0.2726828710286896,1.461416378617287,0.0150189549799046,1.452040571719408,1.4466679021716118,1.4500479064881802,1.4735364019870758,1.4847891107201576,0.4891500404272489,0.0107036315447837,0.4736103674572637,0.4999061201537281,0.4801143350373978,0.4916703005560755,0.5004490789317789,0.2884959375275963,0.0086035701075112,0.2920138538372269,0.2943755681901046,0.2968285769767493,0.2726828710286896,0.2865788176052107,7.6,4.63033476111609,11,12,11,3,1
550,1.4665458749469955,0.0128192940292796,1.4611187847037064,1.4575558135384008,1.4854651476207532,1.451192838267276,1.4773967906048424,0.5007017346664546,0.005286837732776,0.4916141116379343,0.5059087347695195,0.5034757248035149,0.5045526399022932,0.4979574622190109,0.2888424223089527,0.0049197201599179,0.2885957789299718,0.2859686241534653,0.2813864218244118,0.293363773920048,0.2948975127168666,1.4861299060285091,0.0337097786854561,1.46201878413558,1.4565084017813206,1.539838556200266,1.4602735079824924,1.5120102800428867,0.5102332667496341,0.0056520777099663,0.5107364503808358,0.5096109415130776,0.5027520096183318,0.5079409628972831,0.5201259693386419,0.2837996282899065,0.0055583786306084,0.2865788176052107,0.2865788176052107,0.2865788176052107,0.2865788176052107,0.2726828710286896,1.4848599314689637,0.0312190958711602,1.4612287320196629,1.4502810575067997,1.5350959412753582,1.472060389816761,1.5056335367262363,0.5012769730473813,0.008315309102443,0.4942032769303676,0.5025649822540832,0.5023543807938613,0.5155008415453043,0.4917613837132898,0.2880206901784478,0.0081856416454124,0.2920138538372269,0.2943755681901046,0.2944523402310067,0.2726828710286896,0.2865788176052107,3.8,2.7129319932501077,3,7,1,7,1
575,1.4590966618688483,0.0094030934085683,1.4514455293354236,1.45749148569609,1.4510701317536203,1.4585947513580322,1.4768814112010755,0.5104889011179966,0.0110511685205836,0.5160396737900607,0.5206016709906179,0.5215095651244883,0.4973516902791267,0.4969419054056897,0.2892780140515712,0.0030778033622003,0.2886311767907333,0.2850245058689777,0.2873215943993639,0.2935777305584822,0.2918350626402989,1.4638191036880015,0.0127692311416022,1.452752210199833,1.4565727896988392,1.4567661434412005,1.4649087488651276,1.4880956262350082,0.5211629347153871,0.004044906565528,0.524185910574583,0.5158575932891386,0.5244669316127455,0.5165849914311628,0.5247192466693056,0.2837996282899065,0.0055583786306084,0.2865788176052107,0.2865788176052107,0.2865788176052107,0.2865788176052107,0.2726828710286896,1.461894254386425,0.0135498454606577,1.453635960817337,1.4499406516551971,1.4493586421012878,1.4756639450788498,1.4808720722794533,0.5011973692461943,0.0133319673441922,0.4912171749108942,0.5237017476561165,0.502683431473829,0.4846449020121192,0.5037395901780127,0.2880206901784478,0.0081856416454124,0.2920138538372269,0.2943755681901046,0.2944523402310067,0.2726828710286896,0.2865788176052107,9.4,7.28285658241325,18,7,18,3,1
600,1.4639659929275513,0.0128761221199053,1.4589157644071078,1.4548282723677786,1.479280047667654,1.447833490371704,1.478972389823512,0.5004469997021506,0.008083203109671,0.4995350374218155,0.5079244199428258,0.5052295042060224,0.485215641776348,0.504330395163741,0.2891372469079163,0.0036712658338238,0.2894504712881572,0.2870302477107735,0.2871689846161985,0.2961125215870966,0.2859240093373558,1.4695110306143762,0.0158524202318862,1.4616837613284588,1.4541480131447315,1.4922890961170197,1.4548799842596054,1.484554298222065,0.5140851763181568,0.0119686709043948,0.525518700998233,0.5230958521575058,0.4916841799939226,0.5145119905154031,0.5156151579257193,0.2837996282899065,0.0055583786306084,0.2865788176052107,0.2865788176052107,0.2865788176052107,0.2865788176052107,0.2726828710286896,1.4681154862046242,0.0148667419880097,1.4582156501710417,1.447227269411087,1.4898303262889383,1.4672632217407229,1.4780409634113312,0.4967749675312006,0.0066643324339564,0.4957197501568432,0.5085575250044017,0.4967736392056549,0.4879047673535208,0.4949191559355825,0.2880206901784478,0.0081856416454124,0.2920138538372269,0.2943755681901046,0.2944523402310067,0.2726828710286896,0.2865788176052107,5.2,4.069397989875161,4,10,1,10,1
625,1.4516756542105422,0.0059760557608527,1.4530145130659404,1.4607452028676082,1.4540989624826532,1.4470371635336623,1.4434824291028474,0.5215485941058641,0.0080665921936528,0.5274594417544058,0.5129290133529898,0.5155875211255082,0.5174278157456326,0.534339178550784,0.2896116668811094,0.0037137054184008,0.286644589085181,0.2869474741934412,0.2861889252760144,0.2945592908059911,0.293718055044919,1.456504352390766,0.0031389562905481,1.4538574442267418,1.4616741500794888,1.4541219137609005,1.454215295612812,1.4586529582738876,0.5261397475713381,0.0087737827868267,0.5299513375623703,0.5131375166868747,0.5184623228026191,0.5347989748171041,0.5343485859877217,0.283846131266097,0.0054653726782274,0.2865788176052107,0.2865788176052107,0.2865788176052107,0.2865788176052107,0.272915385909642,1.4558422915637492,0.0063652824986142,1.457725714892149,1.4552193731069565,1.4491382986307144,1.4668973870575428,1.450230684131384,0.4913313132969785,0.0110096471597229,0.4877317658668851,0.4890036636275923,0.4887868761910253,0.5120796787339408,0.4790545820654489,0.2884230893362491,0.008154263477326,0.2920138538372269,0.2943755681901046,0.2944523402310067,0.2726828710286896,0.2885908133942179,15.8,9.516301802696256,16,4,12,14,33
650,1.456460682467411,0.0134556983874808,1.4535510238848235,1.4546992402327688,1.4823032981471012,1.4449387098613538,1.4468111402110049,0.5133653593684657,0.0040172343112921,0.5145940219521039,0.5160244988463499,0.5055323068207244,0.514119171636452,0.5165567975866983,0.289705063017465,0.0059619139615551,0.2867974619066807,0.2865061872808426,0.2819098537096479,0.297561834650564,0.2957499775395899,1.464383279532194,0.0156122919694643,1.4544950611889362,1.454512406140566,1.4941259883344171,1.4527190551161766,1.4660638868808746,0.5214718387651869,0.0084921953274325,0.5337911595546511,0.5210485683550153,0.5115187085847023,0.5278382875982834,0.5131624697332822,0.2837996282899065,0.0055583786306084,0.2865788176052107,0.2865788176052107,0.2865788176052107,0.2865788176052107,0.2726828710286896,1.4620155856013295,0.0146407126429358,1.451833788305521,1.4487072303891182,1.4892789386212826,1.4646324329078195,1.4556255377829077,0.5034228351048287,0.0104672102034025,0.4993117921982787,0.4916975857954648,0.4973762649580054,0.5067013863141782,0.5220271462582161,0.2880232524175651,0.0081868930790408,0.2920266650328141,0.2943755681901046,0.2944523402310067,0.2726828710286896,0.2865788176052107,11.0,5.932958789676531,11,9,1,17,17
675,1.4501529322172464,0.0046965091715919,1.4526803832305104,1.4538712576815958,1.455237583110207,1.4443671527661774,1.4446082842977424,0.5199020183191996,0.0045875928702445,0.5199697540354878,0.5214126261380971,0.5180930833901777,0.5129588196358362,0.5270758083963989,0.290744114952456,0.0044280168024866,0.2889702383605044,0.2870134381856219,0.2857201845206149,0.295616110582824,0.2964006031127148,1.4562895551323891,0.0033766519082165,1.4550607800483704,1.4545015916228294,1.4564497284591198,1.4528088383376598,1.462626837193966,0.5228153131950943,0.0107289280484135,0.5218671594363847,0.5299058133530464,0.5032252823678384,0.5345484408496375,0.5245298699685648,0.283846131266097,0.0054653726782274,0.2865788176052107,0.2865788176052107,0.2865788176052107,0.2865788176052107,0.272915385909642,1.4539945617318153,0.0067158044661872,1.4557920172810557,1.446913044899702,1.4491419568657875,1.4660345390439034,1.4520912505686283,0.497228111622403,0.0117228260219072,0.4967858986050059,0.4789647839421757,0.5120921513903581,0.5070564633819331,0.4912412607925423,0.2880206901784478,0.0081856416454124,0.2920138538372269,0.2943755681901046,0.2944523402310067,0.2726828710286896,0.2865788176052107,16.8,5.706137047074842,12,13,12,26,21
700,1.456615928097775,0.0145506626371273,1.47960110965528,1.4680295743440326,1.445204684608861,1.446793666638826,1.443450605241876,0.5059118099514723,0.0131842728344331,0.4896560716543077,0.4907005037425217,0.5135964727989654,0.5217802803119244,0.5138257212496427,0.2916864612513064,0.003778247259262,0.2861125591924828,0.2883344730420861,0.2934130525329717,0.2955823220229254,0.2949898994660659,1.4673640556633472,0.0147537801289612,1.4936157539486885,1.4702571965754032,1.4535350985825062,1.45329050719738,1.4661217220127585,0.5244636981360672,0.0050954862207319,0.5219525436350639,0.5278928928096397,0.5156128526893715,0.5274420569453369,0.5294181446009238,0.2838711713301995,0.0054152925500223,0.2865788176052107,0.2865788176052107,0.2865788176052107,0.2865788176052107,0.2730405862301548,1.4641957849264144,0.0150943404588167,1.4909857548773289,1.4634891487658024,1.4472477063536644,1.466411590576172,1.452844724059105,0.5066934419337108,0.0070698636799093,0.511421139949443,0.5026856980382032,0.5042092963481154,0.5176694605299041,0.4974816148028883,0.2879361491156458,0.0081207044552971,0.2920138538372269,0.2943755681901046,0.2940296349169971,0.2726828710286896,0.2865788176052107,17.6,13.46996659238619,1,2,31,23,31
725,1.4541539586217778,0.0065798568833692,1.457400171380294,1.4560787037799232,1.4637184318743257,1.4457411527633668,1.4478313333109805,0.5079090673844054,0.0101572766450109,0.5080659091321442,0.5115408976644855,0.5007007280343232,0.5245324743131324,0.4947053277779419,0.2904099125306384,0.0045441827600388,0.2868247272998172,0.2873991169266992,0.28608668527809,0.2946397411941878,0.2970992919543977,1.4604862086474897,0.0050945709714259,1.459110576659441,1.456206500530243,1.4656421467661858,1.4542994275689125,1.4671723917126656,0.5120392760534517,0.0114313115446474,0.5174333587462479,0.5084597072295336,0.4924703880855732,0.5149618556024922,0.5268710706034115,0.2837996282899065,0.0055583786306084,0.2865788176052107,0.2865788176052107,0.2865788176052107,0.2865788176052107,0.2726828710286896,1.4578340835869312,0.0060397270024786,1.4552509374916551,1.4497551135718822,1.4618944823741913,1.4671420603990557,1.4551278240978718,0.4930107104853457,0.0142716537654349,0.4939186210869855,0.4740488165656501,0.5070407489206864,0.5100740074301019,0.4799713584233048,0.2879957083470524,0.0081735984995713,0.29188894468025,0.2943755681901046,0.2944523402310067,0.2726828710286896,0.2865788176052107,8.4,4.409081537009721,6,7,3,16,10
750,1.4593351261239305,0.0119433474138116,1.455004250375848,1.4681886296523246,1.449376136378238,1.4778981522509926,1.4462084619622482,0.5080322284829736,0.0025674730189389,0.5042449505097955,0.5085034819983372,0.5116045497232747,0.5095773569858472,0.5062308031976133,0.291203479061095,0.0039574081837483,0.2875525352295028,0.2855329777897168,0.2928236470467204,0.294533712386736,0.2955745228527988,1.4659852162003515,0.0091751287637636,1.457399599254131,1.470405951142311,1.455366898328066,1.4806445203721523,1.466109111905098,0.5236541684683066,0.0160719435353393,0.5276383325819124,0.5025644387359002,0.5404989454126358,0.5072451240986965,0.5403240015123881,0.2837996282899065,0.0055583786306084,0.2865788176052107,0.2865788176052107,0.2865788176052107,0.2865788176052107,0.2726828710286896,1.461601223051548,0.0145100576468494,1.4532675854861736,1.46408548951149,1.448131375014782,1.4887112602591517,1.4538104049861431,0.5019363720586203,0.0152550023761322,0.4825493705153647,0.4922171761126366,0.506086941445436,0.5009116312483182,0.5279167409713458,0.2878361482765806,0.0080478030626751,0.2920138538372269,0.2943755681901046,0.293529630721671,0.2726828710286896,0.2865788176052107,8.6,6.529931086925803,8,2,15,1,17
775,1.4599362609260962,0.0184927291814491,1.481975148853503,1.4830101954309565,1.443223389826323,1.4478795829572175,1.443592987562481,0.5040246364150838,0.0150462334982285,0.4907079313496177,0.49269462622293,0.5270431488544968,0.4926924521670585,0.516985023481316,0.2909957011832876,0.0054660499568888,0.2844649970101746,0.2849306965390824,0.2918341796516056,0.2971339829165809,0.2966146497989949,1.471005163341761,0.0181324535549882,1.501130186021328,1.4825577847659588,1.4532770179212091,1.4580627046525478,1.4599981233477592,0.5199314895371971,0.0140910402181426,0.5087363540046557,0.5121135030558189,0.5270232238596563,0.5073856620730459,0.5443987046928087,0.2839676590438748,0.005651768651534,0.2865788176052107,0.2865788176052107,0.287418971375052,0.2865788176052107,0.2726828710286896,1.4700681738555432,0.0187687787767578,1.500531192868948,1.478294800966978,1.4483639635145664,1.470245435833931,1.4529054760932922,0.4966157112331023,0.0068864862653288,0.4954602069025922,0.5091238690335471,0.4929888749981246,0.497014914565399,0.4884906906658488,0.2879192077829532,0.0081080531168006,0.2920138538372269,0.2943755681901046,0.2939449282535346,0.2726828710286896,0.2865788176052107,12.8,12.139192724394814,1,1,31,8,23
800,1.453710238306146,0.0064949023295666,1.4628292384900543,1.4601983145663613,1.4500467024351422,1.4470595322157207,1.448417403823451,0.5090255972123682,0.0111981466603266,0.501411153207671,0.5024807832196948,0.5308539242216362,0.5083765709589121,0.5020055544539268,0.2911764016297395,0.0043559193432568,0.2874637729472616,0.2851329725499261,0.2915404819268205,0.2954684441828408,0.2962763365418486,1.4608642868697643,0.0051535510555137,1.4643014520406723,1.4632924646139145,1.4549697153270245,1.454540964215994,1.4672168381512165,0.518962514704369,0.0126195649381539,0.5111922970052807,0.5026589482561238,0.5192549133954394,0.5211779325006546,0.5405284823643469,0.2837996282899065,0.0055583786306084,0.2865788176052107,0.2865788176052107,0.2865788176052107,0.2865788176052107,0.2726828710286896,1.4576240941882133,0.0060796677735187,1.4616561457514765,1.4561270996928215,1.4484467506408691,1.4664238207042215,1.455466654151678,0.5048123936095916,0.0075838231402988,0.5003603559562775,0.4980439727527739,0.5152191985266136,0.512746075735213,0.4976923650770804,0.2880206901784478,0.0081856416454124,0.2920138538372269,0.2943755681901046,0.2944523402310067,0.2726828710286896,0.2865788176052107,9.2,5.344155686354955,3,5,18,12,8
825,1.4557594532715648,0.0035043789473516,1.4514304939069247,1.4600003117009213,1.4554189054589524,1.4524758677733571,1.459471687517668,0.5068284679881023,0.0116406862248062,0.5069189357677347,0.5195657637284472,0.5181995069506508,0.5015550994102492,0.4879030340834298,0.2906846938945039,0.0037503301263096,0.2895124821257898,0.2896235659393992,0.2851247846231862,0.296390303087741,0.2927723336964036,1.4601806208491326,0.0074361393380843,1.4516614861786366,1.4616158567368984,1.4554245173931122,1.4587137438356876,1.473487500101328,0.5133235394338194,0.0104901455670358,0.5114612576390801,0.4940714418538381,0.518885075875165,0.5176194245817509,0.5245804972192623,0.2837996282899065,0.0055583786306084,0.2865788176052107,0.2865788176052107,0.2865788176052107,0.2865788176052107,0.2726828710286896,1.4577590338885784,0.0077316048984087,1.451408535242081,1.4552334249019625,1.449120253324509,1.4699926003813744,1.463040355592966,0.4968041498063676,0.0068239658750139,0.4862334272845922,0.5014764702859662,0.5048287177326121,0.4997788767245261,0.4917032570041417,0.2885561759052877,0.0087107284200722,0.2916331783112025,0.2943755681901046,0.2975104443912314,0.2726828710286896,0.2865788176052107,8.8,6.20966987850401,19,4,13,5,3
850,1.4621139380806372,0.0120664246207047,1.4861327108583953,1.4559064287888377,1.4541499627263923,1.4577599224291349,1.4566206656004252,0.5012594716779115,0.0096309863870803,0.4934933078261238,0.5122061732758844,0.5135305059157546,0.4961492255381686,0.4909181458336262,0.2879384502730134,0.0071322483188294,0.2753082800325965,0.2884158145974894,0.2864992289302108,0.2944580648862547,0.2950108629185159,1.4687822736799716,0.0144878310646335,1.493251383304596,1.4558703489601612,1.454924624413252,1.463248547166586,1.4766164645552635,0.5188846073278187,0.0104125758206303,0.5195030561622889,0.510687838270495,0.5040369810093582,0.5289517997004947,0.5312433614964565,0.2837996282899065,0.0055583786306084,0.2865788176052107,0.2865788176052107,0.2865788176052107,0.2865788176052107,0.2726828710286896,1.4657589510083198,0.0154882755013002,1.4902264028787613,1.4497569762170317,1.4486438482999802,1.4727651104331017,1.467402417212725,0.5031101045083777,0.0155896659073396,0.4857802323309047,0.5158196325227875,0.4842806861944872,0.5227038855849346,0.506966085908774,0.2880206901784478,0.0081856416454124,0.2920138538372269,0.2943755681901046,0.2944523402310067,0.2726828710286896,0.2865788176052107,5.0,3.5777087639996634,1,7,11,3,3
875,1.451333887451573,0.0081802144398907,1.452764828581559,1.4666916295101768,1.4444044552351298,1.446565912899218,1.4462426110317832,0.5158377734536614,0.0130452189229171,0.5210983809378054,0.4975405818802113,0.5369650695015978,0.5096319748275145,0.5139528601211782,0.2909915123561052,0.0034923728778825,0.2861763080277468,0.2875165584359502,0.2927046838971658,0.2950410938504896,0.2935189175691735,1.4593234479427335,0.006769868163144,1.454177025705576,1.4691105373203754,1.4533297754824162,1.4540820382535458,1.4659178629517555,0.5276502245046464,0.0059901293491901,0.5185286517235025,0.5260116548786705,0.5367925493522969,0.5263819383932549,0.5305363281755071,0.2837996282899065,0.0055583786306084,0.2865788176052107,0.2865788176052107,0.2865788176052107,0.2865788176052107,0.2726828710286896,1.4560863971710205,0.0073852621275382,1.4501819796860218,1.4627726189792156,1.4469992145895958,1.4664065912365911,1.454071581363678,0.4983933929993238,0.0124556816768466,0.4927358595201243,0.4992795014890531,0.4803508721041132,0.5186648042538797,0.5009359276294487,0.287929467015431,0.008129803544978,0.2917579423936647,0.2943755681901046,0.2942521358594854,0.2726828710286896,0.2865788176052107,17.6,11.001818031580052,13,2,36,18,19
900,1.4590238771940531,0.0057528146010074,1.4672826817161158,1.4630789141905935,1.4567830123399432,1.4504469582909032,1.4575278194327104,0.5018446985780172,0.0078209306698276,0.4884195776598585,0.512616999668836,0.5006834521061349,0.504435981688142,0.5030674817671141,0.2893551256291379,0.0037373817428908,0.2870370048745272,0.2851434947278679,0.2869002237454749,0.2934351115764422,0.2942597932213776,1.46423492282629,0.0077270532184041,1.4733874388039112,1.4618993550539017,1.4562681578099728,1.456289768218994,1.4733298942446709,0.5079691980679245,0.0064897349203564,0.5025278265729931,0.5146545385524083,0.5068698930169483,0.5161145926735619,0.4996791395237108,0.2837996282899065,0.0055583786306084,0.2865788176052107,0.2865788176052107,0.2865788176052107,0.2865788176052107,0.2726828710286896,1.4617724053561687,0.0076817980217359,1.4714421555399897,1.4551729895174503,1.4511097744107246,1.4683506898581982,1.4627864174544811,0.4911069565470622,0.0096346885362369,0.482855920543995,0.5015982522202942,0.4963595934682298,0.4766290756435245,0.4980919408592676,0.2880206901784478,0.0081856416454124,0.2920138538372269,0.2943755681901046,0.2944523402310067,0.2726828710286896,0.2865788176052107,4.8,2.3151673805580453,2,4,7,8,3
925,1.4578980985440706,0.0143695487765655,1.4545875888121755,1.455168909775583,1.485734120168184,1.4479020909259197,1.446097783038491,0.5067506869684164,0.0066345745462108,0.5066747903469666,0.513794899996177,0.4999274596516217,0.4988074930498797,0.514548791797437,0.2890464951705792,0.0051220029233997,0.2874479601190191,0.2852432620834775,0.2826350219734622,0.2962320508494562,0.2936741808274812,1.464164874702692,0.0128872818748643,1.4597323313355446,1.452976755797863,1.4889599680900574,1.4557890594005585,1.4633662588894367,0.5132510878722415,0.0048242744180494,0.5102175699783048,0.5085711713609193,0.5092330072101727,0.5187262856517729,0.5195074051600376,0.2837996282899065,0.0055583786306084,0.2865788176052107,0.2865788176052107,0.2865788176052107,0.2865788176052107,0.2726828710286896,1.4616424970328807,0.0137309383458501,1.457775641232729,1.4459136314690113,1.4851896464824677,1.4673501551151276,1.4519834108650684,0.5007486811748965,0.0110282333166204,0.5041797056485378,0.48372710048249,0.4931774370258782,0.5148911032845431,0.5077680594330328,0.2879695078897352,0.0081612774210477,0.2917579423936647,0.2943755681901046,0.2944523402310067,0.2726828710286896,0.2865788176052107,10.0,6.099180272790763,8,14,1,8,19
950,1.4590242112310308,0.0054728470988638,1.4645408780951248,1.4646396047190615,1.4584582454279849,1.4577193875061838,1.449762940406799,0.5032001919132189,0.0061504191505057,0.4914122988218979,0.5072370450048692,0.5055019249836813,0.5085461259891407,0.5033035647665052,0.2896056318693183,0.0040112791085038,0.286534917541439,0.2854705575168264,0.2872046478985273,0.2954124895781396,0.2934055468116592,1.4643547058105468,0.0021769424508772,1.462720949202776,1.4667327553033829,1.4614929780364037,1.4638418219983578,1.466985024511814,0.5096575260506272,0.0040591214052131,0.5105676902362922,0.5104321008338679,0.5083710907960641,0.5157520110348611,0.5031647373520507,0.2837996282899065,0.0055583786306084,0.2865788176052107,0.2865788176052107,0.2865788176052107,0.2865788176052107,0.2726828710286896,1.4619455829262733,0.0064666148088223,1.4598921611905098,1.462319232523441,1.4581328704953194,1.4740488789975643,1.455334771424532,0.4918282735651049,0.0072939565784421,0.4946285732611638,0.4945994988964989,0.478107382120962,0.4997120705875277,0.4920938429593721,0.2880206901784478,0.0081856416454124,0.2920138538372269,0.2943755681901046,0.2944523402310067,0.2726828710286896,0.2865788176052107,4.4,1.9595917942265424,3,3,5,3,8
975,1.4585568950050756,0.0113583272153655,1.459603083761115,1.4788389582383006,1.4501795266803943,1.458348764871296,1.445814141474272,0.5108982570366373,0.009606867379327,0.5064312260925355,0.4994278443662278,0.5279251838089317,0.5072370230503898,0.5134700078651018,0.2910413819314279,0.0032136254584454,0.2871766205334993,0.2878542478875214,0.2910867452262446,0.2955433808688651,0.2935459151410089,1.4665762402117253,0.014918729001327,1.461769886314869,1.4954705126583576,1.4522251151502132,1.4625753089785576,1.4608403779566288,0.5141161446909154,0.0051074405730799,0.5221292911353492,0.511744761059489,0.5153608272911113,0.5064696512471003,0.514876192721527,0.2840848672809879,0.0057276945136747,0.2865788176052107,0.2865788176052107,0.2880050125606177,0.2865788176052107,0.2726828710286896,1.4649592705070973,0.0156037479683214,1.4579375423491,1.491747535765171,1.4481955096125605,1.472539097070694,1.4543766677379608,0.5002517101295825,0.0112124874382712,0.4956791355722293,0.5086213354671519,0.4802578665324085,0.5101829289281392,0.5065172841479831,0.2887840039973476,0.0088968565133139,0.2920138538372269,0.2943755681901046,0.2982689093255058,0.2726828710286896,0.2865788176052107,9.4,8.452218643646175,4,1,17,3,22
1000,1.4514239730333027,0.0028166310935547,1.4538158454393086,1.451773907008924,1.4547429147519564,1.449883873839127,1.4469033241271974,0.5089430605553764,0.0074880393021821,0.5144918509477183,0.5074974062625806,0.5098921200274805,0.4956046638032351,0.5172292617358676,0.2910575959059572,0.0039687714377159,0.2853578245989424,0.2911505803267883,0.2880840846088016,0.2947967610243837,0.29589872897087,1.4558708667755127,0.0047977897076447,1.4524109438061714,1.4513097666203976,1.4547716304659843,1.4559856988489628,1.4648762941360474,0.51999650004913,0.0058616491011521,0.5175995793735941,0.5180270037447602,0.5253314974848808,0.527674293955124,0.511350125687291,0.2837996282899065,0.0055583786306084,0.2865788176052107,0.2865788176052107,0.2865788176052107,0.2865788176052107,0.2726828710286896,1.4539280131459236,0.0067720893167798,1.4526190906763077,1.4469916336238384,1.4505194202065468,1.466824408620596,1.4526855126023293,0.5014512342911235,0.0051680522046061,0.4965600307047293,0.4957907050994458,0.5009590557356169,0.5098325715511782,0.5041138083646471,0.2888506940201461,0.0089686645137508,0.2920138538372269,0.2943755681901046,0.2986023594394984,0.2726828710286896,0.2865788176052107,12.8,3.9698866482558417,16,18,10,7,13
