lags,train_cross_entropy_mean,train_cross_entropy_std,train_cross_entropy_fold_1,train_cross_entropy_fold_2,train_cross_entropy_fold_3,train_cross_entropy_fold_4,train_cross_entropy_fold_5,train_roc_auc_multiclass_mean,train_roc_auc_multiclass_std,train_roc_auc_multiclass_fold_1,train_roc_auc_multiclass_fold_2,train_roc_auc_multiclass_fold_3,train_roc_auc_multiclass_fold_4,train_roc_auc_multiclass_fold_5,train_f1_mean,train_f1_std,train_f1_fold_1,train_f1_fold_2,train_f1_fold_3,train_f1_fold_4,train_f1_fold_5,val_cross_entropy_mean,val_cross_entropy_std,val_cross_entropy_fold_1,val_cross_entropy_fold_2,val_cross_entropy_fold_3,val_cross_entropy_fold_4,val_cross_entropy_fold_5,val_roc_auc_multiclass_mean,val_roc_auc_multiclass_std,val_roc_auc_multiclass_fold_1,val_roc_auc_multiclass_fold_2,val_roc_auc_multiclass_fold_3,val_roc_auc_multiclass_fold_4,val_roc_auc_multiclass_fold_5,val_f1_mean,val_f1_std,val_f1_fold_1,val_f1_fold_2,val_f1_fold_3,val_f1_fold_4,val_f1_fold_5,test_cross_entropy_mean,test_cross_entropy_std,test_cross_entropy_fold_1,test_cross_entropy_fold_2,test_cross_entropy_fold_3,test_cross_entropy_fold_4,test_cross_entropy_fold_5,test_roc_auc_multiclass_mean,test_roc_auc_multiclass_std,test_roc_auc_multiclass_fold_1,test_roc_auc_multiclass_fold_2,test_roc_auc_multiclass_fold_3,test_roc_auc_multiclass_fold_4,test_roc_auc_multiclass_fold_5,test_f1_mean,test_f1_std,test_f1_fold_1,test_f1_fold_2,test_f1_fold_3,test_f1_fold_4,test_f1_fold_5,num_epochs_mean,num_epochs_std,num_epochs_fold_1,num_epochs_fold_2,num_epochs_fold_3,num_epochs_fold_4,num_epochs_fold_5
-1000,0.8658810750725342,0.0120726117086517,0.8817402714306546,0.8673111323228816,0.8741424464687859,0.8594505682434004,0.8467609568969491,0.4975412363739656,0.0142820045669201,0.4982964630356743,0.5105286907132127,0.5158755277049708,0.481606719242279,0.481398781173691,0.5747022202986011,0.0124625839361469,0.5606432722384982,0.5652063905652739,0.5683236123745272,0.589488969220189,0.589848857094517,0.8728974342346192,0.0164649982187022,0.8703183260830966,0.8572674592336019,0.8663109884117589,0.8658820264267199,0.9047083710179183,0.5137619070978018,0.0175842138006536,0.5162589688845518,0.5363528591343938,0.4828674139079226,0.5112749179977748,0.5220553755643662,0.5670721592642994,0.025626556103627,0.5801479941707637,0.5797976789222576,0.5797976789222576,0.5797976789222576,0.5158197653839609,0.8648370666937394,0.0231778329074663,0.8515631773255088,0.8419034986784963,0.8676030130097361,0.908176398638523,0.8549392458164331,0.4914796062180965,0.0239701509866475,0.5299151442561513,0.5054885256582379,0.461917748007402,0.4743995944986596,0.4856770186700316,0.577654474053627,0.0313888357798753,0.6085213709316143,0.6030349932158734,0.5765496436765909,0.5200183682732927,0.5801479941707637,8.4,4.758150901348127,4,12,5,5,16
-975,0.8758613903497914,0.0212886805833813,0.8872896469745439,0.9121084465193994,0.8658735782829756,0.8594316852461431,0.854603594725894,0.4979288191603709,0.0087704941775393,0.5134468231920413,0.498805225287964,0.4964948775972395,0.4942608876473309,0.4866362820772787,0.5728672321603152,0.0123857344031913,0.559113262616725,0.5620064209298927,0.5679776628287482,0.588228488044604,0.5870103263816062,0.8800993633992744,0.0188352619308636,0.8726694674202891,0.8954632065512917,0.8585237065951029,0.8654257149407358,0.9084147214889526,0.5061226246066092,0.0151642796605215,0.482761787852443,0.5068053573709329,0.4969285871106575,0.524418254980884,0.5196991357181286,0.5670721592642994,0.025626556103627,0.5801479941707637,0.5797976789222576,0.5797976789222576,0.5797976789222576,0.5158197653839609,0.8732318719228109,0.0200213709007975,0.8541892730828488,0.8838657357475974,0.8599570267128221,0.9077090855800743,0.8604382384907115,0.5135920672304796,0.0127179056916159,0.5232280527122891,0.5016105864557701,0.5332426655654603,0.5006711309111498,0.5092079005077281,0.577654474053627,0.0313888357798753,0.6085213709316143,0.6030349932158734,0.5765496436765909,0.5200183682732927,0.5801479941707637,5.4,3.2619012860600183,3,1,10,5,8
-950,0.892355165653622,0.0303898680529653,0.9217873946907594,0.914059116668308,0.8625806275102281,0.914581181462278,0.8487675079365367,0.5068705239265395,0.0087053320010374,0.5112964308173703,0.5072758247086737,0.490046383967163,0.5114188519676954,0.5143151281717951,0.5708716577601961,0.0132587595778887,0.5582697529766416,0.5563051668896815,0.5671101291772862,0.5835524087395977,0.5891208310177735,0.8923041679642416,0.0198972202526474,0.8917721220941255,0.9076800834048878,0.8540348699598601,0.9026239532412904,0.9054098111210448,0.5153566234437484,0.0086317537344549,0.529390124608979,0.5075210366775392,0.5054752274891683,0.514987676145408,0.5194090522976477,0.5670721592642994,0.025626556103627,0.5801479941707637,0.5797976789222576,0.5797976789222576,0.5797976789222576,0.5158197653839609,0.8835610498081554,0.0295132857341375,0.8761431340015295,0.8953703172279127,0.8555901447931925,0.9347228769100072,0.8559787761081349,0.4918719232316353,0.0167961500571614,0.4815412524785185,0.5050187965530452,0.4989447614896994,0.5096437916392784,0.4642110139976349,0.577654474053627,0.0313888357798753,0.6085213709316143,0.6030349932158734,0.5765496436765909,0.5200183682732927,0.5801479941707637,7.2,7.909487973314076,1,1,20,1,13
-925,0.87684534714394,0.0139260479323709,0.8647132227101277,0.8744113605047009,0.8834550055031923,0.9000748223865155,0.8615723246151639,0.5010415660204004,0.0054100420915784,0.5060392834215199,0.4967138072860328,0.5008717498559438,0.493633206094999,0.5079497834435062,0.5730437623838679,0.0101658064959605,0.563586745550499,0.5640555563182754,0.5667317698687582,0.5857338069723338,0.585110933209473,0.8787656881592489,0.0205590498220962,0.853029216780807,0.8632548704291835,0.8755482019800128,0.8907143293005048,0.9112818223057372,0.52242397204331,0.0157635108932142,0.4945339653285707,0.5229269521024876,0.538066064031543,0.5196163147241818,0.536976564029767,0.5670721592642994,0.025626556103627,0.5801479941707637,0.5797976789222576,0.5797976789222576,0.5797976789222576,0.5158197653839609,0.8698827635158193,0.0322114857599641,0.8314997878941622,0.8485532475240303,0.8771810134251913,0.9263620430772956,0.8658177256584167,0.4916469051466201,0.0250115071690982,0.4996391845602455,0.5229516880850682,0.4468951093868289,0.488611841490824,0.5001367022101338,0.577654474053627,0.0313888357798753,0.6085213709316143,0.6030349932158734,0.5765496436765909,0.5200183682732927,0.5801479941707637,8.8,10.244998779892558,29,6,3,1,5
-900,0.8873320792139191,0.0214780471515269,0.8772336256872747,0.890538849781469,0.8722168256327049,0.9276923770757064,0.8689787178924403,0.4980869932872728,0.0055950088296479,0.4918408800134884,0.4932034381389371,0.4993281257267009,0.4983823046520886,0.5076802179051487,0.5725639343046305,0.0095596174487269,0.5608280022604721,0.5646347374023051,0.5710635947631275,0.5792680336424169,0.5870253034548308,0.8867957469188805,0.0205001115086892,0.8640474803519972,0.8839454361886689,0.8665205854358096,0.9022365230502504,0.9172287095676768,0.5164027668874998,0.0124127204317312,0.5172622078977362,0.4977699906265151,0.5367614611295827,0.5135868210428395,0.516633353740825,0.5670721592642994,0.025626556103627,0.5801479941707637,0.5797976789222576,0.5797976789222576,0.5797976789222576,0.5158197653839609,0.8786005016529199,0.0299601089310065,0.8445197741190592,0.8715496352224639,0.8679101268450419,0.934675931930542,0.8743470401474924,0.4949485350324153,0.0080583047222169,0.5066386759593928,0.4922022613066434,0.48575786388112,0.4881444169459621,0.5019994570689585,0.577654474053627,0.0313888357798753,0.6085213709316143,0.6030349932158734,0.5765496436765909,0.5200183682732927,0.5801479941707637,3.4,1.8547236990991407,6,2,5,1,3
-875,0.8695408748597213,0.0167281940675568,0.893798155268443,0.8686340733901742,0.8821654571700341,0.8528651840908011,0.8502415043791545,0.492815947852959,0.0039700815455663,0.4934941553246033,0.4959119601169133,0.4932785623836134,0.4852398258187196,0.4961552356209452,0.573480229031609,0.0116097571165797,0.5607274789234049,0.5641364498778659,0.5676579290987689,0.5878661228324004,0.5870131644256043,0.8757918928608749,0.0172883644932133,0.880727110487042,0.8573303872888739,0.8754841920101282,0.8599770827726885,0.9054406917456423,0.534773777693346,0.0102417350166027,0.5498166653521781,0.5336937396737594,0.5213920704918685,0.542156920654016,0.5268094922949078,0.5670721592642994,0.025626556103627,0.5801479941707637,0.5797976789222576,0.5797976789222576,0.5797976789222576,0.5158197653839609,0.8685530337420376,0.0211100870730849,0.863890907981179,0.8419865821347092,0.8767114082972208,0.904254133051092,0.8559221372459874,0.504116522726258,0.017907981600784,0.4950291066442398,0.495368460589379,0.5329703396888017,0.5152074234631545,0.4820072832457147,0.577654474053627,0.0313888357798753,0.6085213709316143,0.6030349932158734,0.5765496436765909,0.5200183682732927,0.5801479941707637,7.6,4.363484845854286,2,11,3,9,13
-850,0.8717266667749464,0.0169771755717782,0.8692116768089766,0.8711701760587004,0.8677550486682617,0.9016481330714274,0.8488482992673657,0.5053891498124232,0.0115376731504301,0.5082806843138302,0.4832430131800394,0.5123370172992168,0.5069177767254462,0.5161672575435832,0.5729794037128312,0.0102884652318918,0.5634077570609168,0.5628528531877267,0.5681343694097802,0.5829663229924195,0.5875357159133129,0.8748670968142424,0.0197701250613471,0.8567907539280978,0.8603368383465391,0.8602247418779315,0.8919426762696469,0.905040473648996,0.517983015996165,0.0093382048984764,0.5021057083025007,0.5156372805320875,0.5180796837422154,0.524388489296077,0.5297039181079445,0.5670721592642994,0.025626556103627,0.5801479941707637,0.5797976789222576,0.5797976789222576,0.5797976789222576,0.5158197653839609,0.8649838028532086,0.032097635997587,0.83598166884798,0.8451271544803273,0.861706433874188,0.926731358874928,0.8553723981886199,0.4924338413304553,0.0130842338181484,0.4864303917759523,0.4873982423021705,0.5076198355445593,0.5070243147702233,0.473696422259372,0.577654474053627,0.0313888357798753,0.6085213709316143,0.6030349932158734,0.5765496436765909,0.5200183682732927,0.5801479941707637,9.0,4.69041575982343,12,9,8,1,15
-825,0.8766388159437277,0.0166255514919905,0.8681095181052217,0.8782153596583101,0.8651196065637254,0.8634748925867769,0.9082747028046048,0.4998665441332386,0.0064809439615611,0.4889646450440776,0.504897518894683,0.4970798397236087,0.5009853683757258,0.5074053486280982,0.5748031841573964,0.0108039160381768,0.564616362913066,0.5663410078865786,0.567061703216028,0.5877934224709754,0.588203424300334,0.8777305884794755,0.0297568271300971,0.8573769114234231,0.8701045549277103,0.8558075933745413,0.8692966338359949,0.936067248835708,0.5120822273346084,0.0048054922754645,0.506981577379131,0.5081056341235425,0.5182944530927813,0.5174477975223901,0.5095816745551971,0.5670721592642994,0.025626556103627,0.5801479941707637,0.5797976789222576,0.5797976789222576,0.5797976789222576,0.5158197653839609,0.8726959683678366,0.0287818927214695,0.8366683306116046,0.8561470598885508,0.8573599295182661,0.9104519974101674,0.9028525244105946,0.5065297427730829,0.0154548462998502,0.4923040189090317,0.4923923025767295,0.5338886346216954,0.511669210626682,0.5023945471312761,0.577654474053627,0.0313888357798753,0.6085213709316143,0.6030349932158734,0.5765496436765909,0.5200183682732927,0.5801479941707637,6.8,4.874423042781577,11,4,14,4,1
-800,0.8827022658180944,0.0232113147578531,0.8783698081970215,0.9143073841468576,0.9041280715735918,0.8543947185437704,0.8623113466292313,0.5035224346926153,0.0110211359956896,0.5019104492180715,0.5135521227796822,0.4945109226248946,0.4892805912226867,0.5183580876177417,0.574247062928623,0.0121633282110247,0.5637301631556327,0.5606484191798665,0.569437095725093,0.5875423202512717,0.589877316331251,0.8872256138107992,0.0206082853879405,0.8670561367815192,0.8911323962789593,0.9045801198843754,0.8602253939166213,0.9131340221925216,0.5202607528118285,0.012860625444149,0.5009341920678818,0.5244712609419484,0.5232742134895653,0.5396052198486625,0.5130188777110846,0.5670721592642994,0.025626556103627,0.5801479941707637,0.5797976789222576,0.5797976789222576,0.5797976789222576,0.5158197653839609,0.8811901460994374,0.0223601534239741,0.8477877595207908,0.8786494388724818,0.9071905558759517,0.904220528674848,0.8681024475531145,0.4950977538664762,0.0232558225585558,0.5007830385554897,0.4871085699485817,0.4544292135181719,0.5126615103322951,0.5205064369778428,0.577654474053627,0.0313888357798753,0.6085213709316143,0.6030349932158734,0.5765496436765909,0.5200183682732927,0.5801479941707637,3.8,2.6381811916545836,5,1,1,8,4
-775,0.8695459010674782,0.0181010272241496,0.869402674055591,0.8910421993314606,0.8883463918548269,0.8523424329216948,0.8465958071738174,0.5012540878451681,0.0068263345542989,0.4894285302296232,0.5017722451986002,0.510616380958875,0.5009348086093222,0.5035184742294199,0.5735281480247032,0.0116801715913298,0.5607239051509467,0.5640956211419738,0.5677255838834416,0.5864435120887543,0.5886521178583994,0.8774626233360984,0.0181497217190142,0.8563991405747153,0.8844174634326588,0.8845397793885433,0.8577381553071918,0.9042185779773828,0.5225256994674545,0.00737024574568,0.5203904313966113,0.5255801537387997,0.5191364858979512,0.5347874140390508,0.5127340122648593,0.5670721592642994,0.025626556103627,0.5801479941707637,0.5797976789222576,0.5797976789222576,0.5797976789222576,0.5158197653839609,0.8698933966232069,0.0234607657314767,0.835569623744849,0.8716354153373025,0.8855713858748927,0.9026579676252424,0.8540325905337478,0.487449812932357,0.0118643993978987,0.4968086376068505,0.4951011210303451,0.4644696486130012,0.4928618804137442,0.4880077769978443,0.577654474053627,0.0313888357798753,0.6085213709316143,0.6030349932158734,0.5765496436765909,0.5200183682732927,0.5801479941707637,9.2,6.554387843269576,13,2,2,10,19
-750,0.8709335269387235,0.0259913692264631,0.9205646183072906,0.8711438277333053,0.8618208661521833,0.8515720441169345,0.8495662783839039,0.5047579170685991,0.0084188304452519,0.5052609104358995,0.511779735649776,0.5137746586834568,0.489902633269639,0.5030716473042239,0.5743439282837203,0.0113539329874852,0.5607753121317445,0.5668186658845829,0.5683247391891163,0.588027342027732,0.5877735821854256,0.8791613846114188,0.0267100451224216,0.9173713994748663,0.8621305191155636,0.8532304041313402,0.8577321406566736,0.90534245967865,0.5210821525162367,0.0076759130144341,0.5316106852792384,0.5121645555996173,0.5176253343413995,0.5152756273777859,0.5287345599831424,0.5670721592642994,0.025626556103627,0.5801479941707637,0.5797976789222576,0.5797976789222576,0.5797976789222576,0.5158197653839609,0.8728338346336827,0.0248005991396561,0.903353786829746,0.8474403944882479,0.8547886808713278,0.9026381879141836,0.8559481230649081,0.5121072144433019,0.0145882330961729,0.495909070221487,0.5048714291035677,0.5202197967022633,0.5365928758529311,0.5029429003362601,0.577654474053627,0.0313888357798753,0.6085213709316143,0.6030349932158734,0.5765496436765909,0.5200183682732927,0.5801479941707637,11.2,7.95989949685296,1,7,25,10,13
-725,0.8655685623896492,0.0148247974303256,0.8919425735768584,0.8707963603059041,0.8603354514259653,0.853060669505719,0.8517077571337985,0.5015266604642932,0.0042283686323104,0.5073599076333621,0.4991706036398721,0.499080847473014,0.5056641351926134,0.496357808382604,0.5745647395687108,0.0109511537864731,0.5623061692347558,0.5649021005641467,0.5705315137184628,0.5887495256635991,0.5863343886625895,0.8718394918875261,0.0191203407016633,0.8785744363611395,0.8610959125287605,0.8534536271384268,0.8598165313402811,0.9062569520690223,0.5288671037214371,0.0087895600261541,0.5300693085533286,0.5407392305466986,0.5134372547664928,0.5288130616942023,0.531276663046463,0.5670721592642994,0.025626556103627,0.5801479941707637,0.5797976789222576,0.5797976789222576,0.5797976789222576,0.5158197653839609,0.8646723432974384,0.0202302282221527,0.860789129228303,0.8461254437764486,0.8550040198094917,0.9039445302703164,0.8574985934026313,0.5006742503074243,0.0194365949343985,0.5095547649066506,0.4861431093647463,0.4845058499715107,0.5350298335153876,0.4881376937788259,0.577654474053627,0.0313888357798753,0.6085213709316143,0.6030349932158734,0.5765496436765909,0.5200183682732927,0.5801479941707637,10.8,7.678541528180988,2,8,25,8,11
-700,0.871847652037119,0.0137021248794939,0.8816645280602052,0.8920853758595654,0.8639121848283354,0.8687002585106289,0.8528759129268607,0.5028145643141768,0.0053381705417586,0.5026433060792358,0.5078543522034938,0.5052512731270603,0.5056592802243428,0.4926646099367512,0.5735013841695012,0.0117435575070231,0.5610967278553128,0.5638496530218152,0.5671831969243323,0.5878412611944304,0.5875360818516154,0.8799951502771088,0.0169752664393695,0.8717214067776998,0.8813701452630939,0.8554053071773413,0.8841199188521414,0.9073589733152678,0.5204687218486365,0.0111130744027058,0.5133876235183503,0.5319153485095487,0.5312495123134523,0.5027613637073037,0.5230297611945274,0.5670721592642994,0.025626556103627,0.5801479941707637,0.5797976789222576,0.5797976789222576,0.5797976789222576,0.5158197653839609,0.8720248236800685,0.0258311478973136,0.853005588054657,0.8685045531301787,0.8569663835294319,0.9226715438293688,0.8589760498567061,0.4942896487016059,0.0167759395847934,0.4688446736706288,0.482548467292646,0.4970001167938612,0.5147075454501429,0.508347440300751,0.577654474053627,0.0313888357798753,0.6085213709316143,0.6030349932158734,0.5765496436765909,0.5200183682732927,0.5801479941707637,6.6,4.841487374764082,4,2,15,3,9
-675,0.8968539376848751,0.0293068298709989,0.9428638803590204,0.9198307050872094,0.8673768688722984,0.8767818962175822,0.8774163378882653,0.4991137658250545,0.0113172657713067,0.503792785009537,0.5102207937118619,0.5041696243840679,0.4774591801877721,0.4999264458320335,0.5698387887613915,0.0153526913306147,0.5541950957962819,0.5505100071452897,0.571430009743661,0.5870357242528828,0.5860231068688424,0.8962010994102017,0.0243613431272145,0.9231353239579634,0.8957574114655004,0.8609442259326126,0.8786724625211774,0.922496073173754,0.5104000081207651,0.0186657279302801,0.4914354870975096,0.5432666477491568,0.5139161258600677,0.5100010456360203,0.4933807342610712,0.5670721592642994,0.025626556103627,0.5801479941707637,0.5797976789222576,0.5797976789222576,0.5797976789222576,0.5158197653839609,0.8916920694437893,0.0203999710268104,0.912607395287716,0.8846136710860513,0.862442135810852,0.9169897708025846,0.881807374231743,0.4950816792554995,0.0266154824263928,0.5107707602822618,0.4771433220194637,0.48301733144886,0.5391573157025019,0.4653196668244104,0.577654474053627,0.0313888357798753,0.6085213709316143,0.6030349932158734,0.5765496436765909,0.5200183682732927,0.5801479941707637,2.6,2.244994432064365,1,1,7,2,2
-650,0.8597154138014489,0.0083277606833762,0.8686305075576625,0.8682034722308523,0.8614700817570244,0.8480577948167152,0.85221521264499,0.5087725866514929,0.0077315558607665,0.51145582433835,0.5029429854012756,0.520459479436829,0.4979966713332962,0.5110079727477136,0.5736554809428674,0.012342782501481,0.5608769979612356,0.5634482925803892,0.5669385807682034,0.5905076355691491,0.58650589783536,0.8652256622458949,0.0206253829194397,0.8555690628109556,0.8561691605683529,0.8520107648589395,0.856015965794072,0.9063633571971548,0.5369776525997934,0.0115025296195107,0.5277235232404627,0.5526167414203638,0.520441995462599,0.5402676947010256,0.5438383081745156,0.5670721592642994,0.025626556103627,0.5801479941707637,0.5797976789222576,0.5797976789222576,0.5797976789222576,0.5158197653839609,0.8575233889348578,0.0235075248787199,0.8344177874651822,0.8406401294650454,0.853586014473077,0.9014392440969292,0.8575337691740557,0.4904564000960985,0.0098211143064853,0.4838576405960755,0.4746672727194992,0.4941986667977246,0.4988855869602994,0.5006728334068935,0.577654474053627,0.0313888357798753,0.6085213709316143,0.6030349932158734,0.5765496436765909,0.5200183682732927,0.5801479941707637,20.2,14.985326155943357,15,13,50,13,10
-625,0.8711375886631995,0.020906205733168,0.8665797427757499,0.8752498417785487,0.90911688755468,0.8530210871057412,0.8517203841012778,0.5107085525406415,0.0011837623127719,0.5109392139086985,0.5089528570081404,0.5098327344416447,0.5122419136946805,0.5115760436500435,0.5748914441817693,0.0114774777017856,0.5632243033622649,0.563132544316322,0.5711169824962585,0.5887018684016841,0.5882815223323169,0.8771027900955893,0.0220268291615093,0.854916614113432,0.8633330139246854,0.9002033291441022,0.8597838427081252,0.907277150587602,0.5304805881876424,0.0120278246672154,0.5358209189367221,0.5369250394578627,0.5453329799592971,0.5109198185281354,0.5234041840561948,0.5670721592642994,0.025626556103627,0.5801479941707637,0.5797976789222576,0.5797976789222576,0.5797976789222576,0.5158197653839609,0.8693743799671981,0.0284445330607897,0.8337040146191915,0.8488171136740482,0.90168286634214,0.9039235530477582,0.8587443521528533,0.5009733043510847,0.0225596884885075,0.5095515429218737,0.4809765953875888,0.4970701610159923,0.5397679571518275,0.4775002652781416,0.577654474053627,0.0313888357798753,0.6085213709316143,0.6030349932158734,0.5765496436765909,0.5200183682732927,0.5801479941707637,8.2,4.578209256903839,16,6,2,8,9
-600,0.8634111639150639,0.0124235440863963,0.885916594377498,0.8647634786428865,0.8603285747705046,0.8573878253858114,0.8486593463986191,0.502260855276069,0.0117148783727661,0.4925506787108303,0.5234202971743924,0.4914183311528411,0.5055932768307828,0.4983216925114982,0.5746451757650892,0.0122270398796204,0.5610900559824854,0.5637558244335263,0.5700883820228007,0.5877525699690141,0.5905390464176191,0.8702536203644492,0.019506794674525,0.8750514297774343,0.8534389951012351,0.8533942392378142,0.8635296243609805,0.905853813344782,0.5270722376129934,0.0177698133709013,0.4950590776851798,0.5411140376282455,0.5206911145399193,0.5361198744252328,0.5423770837863895,0.5670721592642994,0.025626556103627,0.5801479941707637,0.5797976789222576,0.5797976789222576,0.5797976789222576,0.5158197653839609,0.8626655546101656,0.0230869527462206,0.8574426535404089,0.8376048875577522,0.8549455061103358,0.90644623113401,0.8568884947083213,0.5041404775072886,0.0264641565627816,0.5135805161098311,0.4781020701408267,0.5141796321273013,0.5435611184280434,0.4712790507304402,0.577654474053627,0.0313888357798753,0.6085213709316143,0.6030349932158734,0.5765496436765909,0.5200183682732927,0.5801479941707637,14.0,9.055385138137416,3,25,24,6,12
-575,0.8647379173445948,0.0131680977218728,0.8737590687791097,0.8826553440585578,0.8678440814165725,0.8510547833344371,0.8483763091342965,0.5024165287875011,0.0091656104977304,0.4965690732262656,0.4948328543142214,0.5202357273581185,0.500992498897807,0.4994524901410928,0.5735657072796603,0.0114890184216773,0.5593656663348167,0.5663671759906315,0.5677733615166622,0.5884463560927646,0.5858759764634262,0.870441338148984,0.0174558905311316,0.8592000170187517,0.8718535647247777,0.8593280676639441,0.8579736586773035,0.9038513826601432,0.5356706344440159,0.0146253720867274,0.5271078474259631,0.5496989491104443,0.513843316041242,0.5341276755833664,0.5535753840590633,0.5670721592642994,0.025626556103627,0.5801479941707637,0.5797976789222576,0.5797976789222576,0.5797976789222576,0.5158197653839609,0.862754937735471,0.0213672161207598,0.8387753150679849,0.8580591552185289,0.8608320409601385,0.902690356427973,0.853417821002729,0.4963646180580029,0.0131831623586759,0.5198712027219522,0.4999514048389789,0.4881768923511256,0.4922878399368904,0.481535750441067,0.577654474053627,0.0313888357798753,0.6085213709316143,0.6030349932158734,0.5765496436765909,0.5200183682732927,0.5801479941707637,10.8,6.584831053261731,9,3,9,10,23
-550,0.8724566717737728,0.0244196992467745,0.9168670712058076,0.8705906874125766,0.8746314233111352,0.8493187550416926,0.8508754218976522,0.4947467587079536,0.0044754169774066,0.4969302725680339,0.4940406465817248,0.4891190098725256,0.4915971733643102,0.5020466911531735,0.5744094977353456,0.0129699323422522,0.5605431345801706,0.5637786633317666,0.5677223606985754,0.5915598520748563,0.588443477991359,0.8792603294054666,0.0213591046655538,0.9038341496929978,0.8592691873059128,0.8693328626228102,0.857800790757844,0.9060646566477688,0.5259482451238667,0.0062905128635689,0.5250908019100615,0.5377929640113853,0.5199534582864432,0.5255038589401041,0.5214001424713395,0.5670721592642994,0.025626556103627,0.5801479941707637,0.5797976789222576,0.5797976789222576,0.5797976789222576,0.5158197653839609,0.8732072830200195,0.0214813135084651,0.891424050836852,0.8441073984810801,0.870793494311246,0.9025972178488066,0.8571142536221128,0.5000217162775094,0.0205657063584211,0.5092797748555672,0.4816269409027054,0.5088311703125104,0.5285843084626735,0.4717863868540906,0.577654474053627,0.0313888357798753,0.6085213709316143,0.6030349932158734,0.5765496436765909,0.5200183682732927,0.5801479941707637,7.2,3.709447398198282,1,9,5,10,11
-525,0.8825583226901967,0.0249455486424648,0.927079390619219,0.87075930465128,0.8651351664484161,0.8580348540827171,0.891782897649352,0.4963391432888576,0.0127501779737947,0.4884131702012637,0.5114075086031644,0.5028019243972053,0.5034764382347698,0.4755966750078846,0.5748991819501732,0.0127744645923844,0.5614969276435858,0.5646768481142435,0.5676253256893508,0.5912293923420416,0.5894674159616444,0.8801872791665973,0.0270941480931105,0.8894230831753124,0.8601591623190677,0.8567312576554038,0.8653162934563376,0.9293065992268648,0.5191834190040636,0.0117090459115259,0.5209550226355761,0.5295088618453647,0.5308165894750152,0.4984058704008352,0.5162307506635269,0.5670721592642994,0.025626556103627,0.5801479941707637,0.5797976789222576,0.5797976789222576,0.5797976789222576,0.5158197653839609,0.8751882076263428,0.0224445656415934,0.8734910560376716,0.8450749335866986,0.8582510460506786,0.9077495517152728,0.8913744507413922,0.5077493914815616,0.0207325827411978,0.5094716947630633,0.4808965204942546,0.5328662609730423,0.5276848594555201,0.4878276217219281,0.577654474053627,0.0313888357798753,0.6085213709316143,0.6030349932158734,0.5765496436765909,0.5200183682732927,0.5801479941707637,5.4,4.223742416388575,1,8,12,5,1
-500,0.8659581377334202,0.0120436087920268,0.874458972326259,0.8715784432961768,0.8785771844313317,0.859821003736909,0.8453550848764243,0.5034350773787495,0.0065953764392367,0.5030329686672491,0.5092607463730882,0.5095300229012505,0.4913548873496458,0.5039967616025135,0.5733799058733717,0.0118443840416612,0.5612564270476692,0.5635341124792923,0.5666446604210619,0.5880408567396558,0.5874234726791796,0.8724379767071117,0.0157407182020599,0.8622727972088438,0.8603895703951517,0.8711642117211313,0.8653016921245691,0.9030616120858626,0.5136219164883966,0.0072076777595232,0.5057894343953473,0.524079053295096,0.5069835474155994,0.5199259071350957,0.5113316402008444,0.5670721592642994,0.025626556103627,0.5801479941707637,0.5797976789222576,0.5797976789222576,0.5797976789222576,0.5158197653839609,0.8639911015828451,0.0241939900785504,0.8424562739603447,0.8453776384844924,0.8723537976091559,0.9076457366798864,0.852122061180346,0.4924508473911371,0.0128132177078918,0.5126412975798808,0.4842835351019379,0.4813403100503854,0.5025461586333408,0.4814429355901405,0.577654474053627,0.0313888357798753,0.6085213709316143,0.6030349932158734,0.5765496436765909,0.5200183682732927,0.5801479941707637,13.4,14.867414032036642,7,8,4,5,43
-475,0.8630031969129425,0.0136511023533841,0.8712547863881612,0.8840177237373037,0.8626449827066401,0.8471170811309028,0.8499814106017044,0.5022849580240221,0.0064048553984696,0.498348769312545,0.4997183113674572,0.4938404351876272,0.5098214151647781,0.5096958590877032,0.5735449968700378,0.011050573528116,0.5607996584566862,0.5648063431591687,0.5686764463099152,0.5873682299694317,0.5860743064549874,0.8689424323313164,0.019106621202898,0.8583474701101129,0.872676569404024,0.8552174712672378,0.8537514480677518,0.9047192028074552,0.537849936967367,0.0177500665848824,0.5239235966173503,0.5526413555182703,0.5172185097600283,0.5312773338315366,0.5641888891096495,0.5670721592642994,0.025626556103627,0.5801479941707637,0.5797976789222576,0.5797976789222576,0.5797976789222576,0.5158197653839609,0.8617227698817397,0.0205690671678289,0.8377867503599687,0.8591984113057455,0.8567500367309108,0.8999934702208547,0.8548851807912191,0.5108928110236693,0.0130562338527684,0.524035314177861,0.4926244434715892,0.4983059017307569,0.5236585525764534,0.5158398431616862,0.577654474053627,0.0313888357798753,0.6085213709316143,0.6030349932158734,0.5765496436765909,0.5200183682732927,0.5801479941707637,13.2,6.177378084592201,10,3,16,21,16
-450,0.8768775517178564,0.0011973059007888,0.8775205421693546,0.8778973903852639,0.8777593429555598,0.876526951175375,0.874683531903729,0.5079387868358436,0.0055448000214017,0.5114520768096397,0.5159731755634666,0.5072316597833281,0.5054825132908676,0.4995545087319157,0.5741656022836991,0.011945318954596,0.5633168617384943,0.5626616525358715,0.5676112187825608,0.587468532239509,0.5897697461220602,0.8804383993148803,0.0207773055514444,0.8668521534312855,0.8657619808659409,0.8685235977172852,0.8804097031102036,0.9206445614496866,0.5275774298503808,0.0174124739919414,0.5224672326364251,0.506272261122112,0.5353841165890221,0.5168585192938132,0.5569050196105314,0.5670721592642994,0.025626556103627,0.5801479941707637,0.5797976789222576,0.5797976789222576,0.5797976789222576,0.5158197653839609,0.8731652342911923,0.025286300403234,0.8477657491510565,0.8513232812736974,0.8699246897841945,0.918281634648641,0.8785308165983721,0.5110540813330948,0.0189666207936604,0.5362993442527,0.5093855033971473,0.5256075275336166,0.4815056999232069,0.502472331558803,0.577654474053627,0.0313888357798753,0.6085213709316143,0.6030349932158734,0.5765496436765909,0.5200183682732927,0.5801479941707637,3.6,1.3564659966250536,5,5,4,2,2
-425,0.8740492420098216,0.0146993390627171,0.8651856300757104,0.8687486445780882,0.8643491901073259,0.9032273925456804,0.8687353527423033,0.5047417268341443,0.0052954674743116,0.5057165274665274,0.5029000135239234,0.510705225275945,0.5088008853434877,0.4955859825608375,0.5738055131419934,0.0099237788157716,0.5633833369286515,0.5673380458111065,0.5668412726614617,0.5836167398829212,0.587848170425826,0.8759958700700239,0.0249107696931476,0.8535547744144093,0.8607715892069268,0.8552434914039843,0.8944722630760886,0.9159372322487108,0.52929385563564,0.0063547085288086,0.5335874571899322,0.5332598751766704,0.5293317755301642,0.5169804894383496,0.5333096808430836,0.5670721592642994,0.025626556103627,0.5801479941707637,0.5797976789222576,0.5797976789222576,0.5797976789222576,0.5158197653839609,0.8671475179267653,0.0334632606267248,0.8321185021689443,0.8458383625203912,0.8567972436095729,0.9286611784588208,0.8723223028760968,0.5102861979915719,0.014701113243358,0.5112575408967024,0.4869860778224262,0.5199749290356969,0.5300787422569715,0.5031336999460623,0.577654474053627,0.0313888357798753,0.6085213709316143,0.6030349932158734,0.5765496436765909,0.5200183682732927,0.5801479941707637,10.4,8.546344247688598,24,8,16,1,3
-400,0.8761681954885268,0.0172247013149856,0.8685414907858544,0.8859854690807382,0.8730563920797761,0.850950041997064,0.9023075834992006,0.5003235005951783,0.0103822013192085,0.5188823978123358,0.5037007460092047,0.4902461683265477,0.4967651449072076,0.4920230459205956,0.5729497663935602,0.0110599585762213,0.5600260916104646,0.563036818719238,0.5702975656297482,0.588382234323571,0.5830061216847787,0.8760997526573412,0.0268194089067889,0.854607981262785,0.8736008243127302,0.8661600333271604,0.8580376307169596,0.9280922936670708,0.5393014581583966,0.0160584225649469,0.5204215210644813,0.537179481006531,0.5303333999947138,0.5401640477122488,0.5684088410140079,0.5670721592642994,0.025626556103627,0.5801479941707637,0.5797976789222576,0.5797976789222576,0.5797976789222576,0.5158197653839609,0.8707655823591984,0.0241536544465867,0.83344699939092,0.8599698128122272,0.8675321665677157,0.9027250932924676,0.8901538397326614,0.511571146133838,0.0144839205360601,0.5102926473281849,0.5001506054787717,0.511219425679405,0.5384873523125964,0.497705699870232,0.577654474053627,0.0313888357798753,0.6085213709316143,0.6030349932158734,0.5765496436765909,0.5200183682732927,0.5801479941707637,7.4,6.086049621881176,18,3,5,10,1
-375,0.8682326563854806,0.0164399004969085,0.868335993019576,0.8908253355124562,0.8805905512927734,0.8567804817071895,0.8446309203954087,0.4995718734158899,0.0091874854938313,0.498198649133128,0.4970382607277154,0.484370154269815,0.5093308303420644,0.5089214726067266,0.5743103409159265,0.0120794486134246,0.5604704191344068,0.5638378828284146,0.5699964638098721,0.5885573225191902,0.5886896162877483,0.8750915935545256,0.0166216339777416,0.8542425993717078,0.8793884028087963,0.8755481080575422,0.8631581031914913,0.9031207543430906,0.5447464009674688,0.0105905780617244,0.5246579973686392,0.5439629505750331,0.554463396058216,0.550258513491639,0.5503891473438173,0.5670721592642994,0.025626556103627,0.5801479941707637,0.5797976789222576,0.5797976789222576,0.5797976789222576,0.5158197653839609,0.8669140223300819,0.0245777851696281,0.8329138340372028,0.8663432652300055,0.8768067504420425,0.9062866821433558,0.8522195797978025,0.514576772649576,0.0185439129161584,0.549371410652677,0.5012025180545554,0.4977102863806067,0.5164830443009105,0.50811660385913,0.577654474053627,0.0313888357798753,0.6085213709316143,0.6030349932158734,0.5765496436765909,0.5200183682732927,0.5801479941707637,14.2,14.715977711317723,19,2,3,6,41
-350,0.8654601469482344,0.0045104506186434,0.8716234878166434,0.8670253477145716,0.8614673049179549,0.8592125890181237,0.867972005273878,0.5023634161383124,0.0059336987682142,0.4970515822890869,0.5008747813416827,0.5138526456342527,0.4988749947623004,0.5011630766642388,0.5750015675891881,0.0121845720195377,0.5601029319506928,0.5657936074185808,0.5703417039767276,0.5896017989030041,0.5891677956969346,0.8704905712243283,0.0231485364044483,0.8571459578745293,0.8577507932980856,0.855465520511974,0.8658644683433302,0.9162261160937224,0.5270873973313737,0.0074840277285991,0.5342117953606534,0.5372452370495935,0.5230641949636086,0.5171391876326695,0.5237765716503431,0.5670721592642994,0.025626556103627,0.5801479941707637,0.5797976789222576,0.5797976789222576,0.5797976789222576,0.5158197653839609,0.8634614836085925,0.0257714650982093,0.8364292166449807,0.8424634969595707,0.8570237231977058,0.9083640521222894,0.8730269291184165,0.5061913239245732,0.0175921395672573,0.5389813853573551,0.4911721142273636,0.491072380223404,0.5075628981578595,0.5021678416568837,0.577654474053627,0.0313888357798753,0.6085213709316143,0.6030349932158734,0.5765496436765909,0.5200183682732927,0.5801479941707637,9.2,4.48998886412873,12,11,15,5,3
-325,0.885270806440373,0.0156885515010806,0.8689096176747194,0.8736189775860187,0.9106946341770212,0.8959855037866179,0.877145298977488,0.5054418386383135,0.0074266968251893,0.5066905234212337,0.5053309105475664,0.4948676607342501,0.5178370066150889,0.5024830918734284,0.5736655460097826,0.0127101026283693,0.5608267748006582,0.5656169015466668,0.5637446321586371,0.5906693520768822,0.5874700694660681,0.894363951321804,0.0283320140653558,0.8557092384858564,0.8647097782655195,0.9199570327094106,0.9096955566695242,0.9217481504787098,0.520445771338569,0.0131316774048791,0.5314571282565201,0.525190937424485,0.4946390835800592,0.5264583090588514,0.5244833983729292,0.5670721592642994,0.025626556103627,0.5801479941707637,0.5797976789222576,0.5797976789222576,0.5797976789222576,0.5158197653839609,0.8847454634579744,0.0396832993260912,0.8346991575125492,0.8500819332671888,0.9203242767940868,0.9384215185136506,0.8802004312023972,0.5087260982299658,0.0179170814119752,0.5348344109651048,0.5190405436615476,0.5119007899628449,0.4923199804122516,0.4855347661480798,0.577654474053627,0.0313888357798753,0.6085213709316143,0.6030349932158734,0.5765496436765909,0.5200183682732927,0.5801479941707637,4.8,4.955804677345546,14,6,1,1,2
-300,0.86542440308738,0.0113514427812999,0.885228415125424,0.8668564865269612,0.864809728160347,0.8594164356742937,0.850810949949874,0.500643400255046,0.0063651416888336,0.5029735344783024,0.5005497558226419,0.4966941942648257,0.4920109775459654,0.5109885391634943,0.5740898447484348,0.0120613741689404,0.5624729889506194,0.5628815920579382,0.5677223606985754,0.5889679960685594,0.5884042859664816,0.8713283556880373,0.0188309471822603,0.8722591183402322,0.8546707557909416,0.8565075144623265,0.8664969314228405,0.9067074584238456,0.528841743532471,0.0099939977288178,0.5261713429689301,0.5240906277978513,0.5140766042851137,0.5382673432124353,0.5416027993980247,0.5670721592642994,0.025626556103627,0.5801479941707637,0.5797976789222576,0.5797976789222576,0.5797976789222576,0.5158197653839609,0.8635358012083805,0.0237407262573443,0.8538273934162024,0.8389687086596633,0.8580920678196531,0.9089088674747584,0.8578819686716254,0.496575912408608,0.0072444054472435,0.5035832064089201,0.5043610576918243,0.4845297998527035,0.4938213707157861,0.4965841273738062,0.577654474053627,0.0313888357798753,0.6085213709316143,0.6030349932158734,0.5765496436765909,0.5200183682732927,0.5801479941707637,9.6,5.122499389946279,3,17,13,5,10
-275,0.8634583734974418,0.0131586892465794,0.8715171303945718,0.8799010853177494,0.8700246515962267,0.8463865266632788,0.8494624735153827,0.5038963891518892,0.0063169374355164,0.5117762290322768,0.4951849140261993,0.4983903412573753,0.5094250125134093,0.504705448930185,0.5729528280010998,0.0118363912111624,0.559404603716313,0.5636593271365481,0.5675037168546556,0.5876893144548697,0.5865071778431121,0.8689109896168565,0.0186998841505613,0.8567247318499016,0.868344449635708,0.8615084597558686,0.8530880122473745,0.9048892945954294,0.5506682641320673,0.0081835468866414,0.5457118612242372,0.5635512038792189,0.5392561853138875,0.5544117959168284,0.5504102743261645,0.5670721592642994,0.025626556103627,0.5801479941707637,0.5797976789222576,0.5797976789222576,0.5797976789222576,0.5158197653839609,0.8615284728281425,0.0210123225399369,0.83579780477466,0.854157005295609,0.8630001635262461,0.8995785135211367,0.8551088770230612,0.5228732947718286,0.0173174313576937,0.5443299811007117,0.5194240379595704,0.5004842133398082,0.5411313230255966,0.5089969184334562,0.577654474053627,0.0313888357798753,0.6085213709316143,0.6030349932158734,0.5765496436765909,0.5200183682732927,0.5801479941707637,12.8,7.626270385975047,12,4,7,26,15
-250,0.8645906810907974,0.010705510760438,0.871284622506997,0.8808540118109319,0.8643960965048406,0.8516882866928258,0.8547303879383913,0.5070463261974277,0.009505474011891,0.5211021810491832,0.5135459850122296,0.4968537972540367,0.4966507093559784,0.5070789583157108,0.5732191334758154,0.0124775544523636,0.5607428709213701,0.5622350185637031,0.5664641802449427,0.5882118638434825,0.5884417338055787,0.8698294021866537,0.0200657919328158,0.857514789610198,0.8693227894378431,0.8552690274787672,0.8582774491021128,0.908762955304348,0.5325458006855363,0.0114999721923896,0.5264769855862399,0.5194630349675605,0.5243744063312936,0.5436369424984815,0.5487776340441061,0.5670721592642994,0.025626556103627,0.5801479941707637,0.5797976789222576,0.5797976789222576,0.5797976789222576,0.5158197653839609,0.8627286694266578,0.0218756361793264,0.8367659557949413,0.8556624958009431,0.8568089694687815,0.9031216736995812,0.8612842523690426,0.5177277600967993,0.0159058730680733,0.5223006220520424,0.5080133555070155,0.5006586911446452,0.546321555231306,0.5113445765489877,0.577654474053627,0.0313888357798753,0.6085213709316143,0.6030349932158734,0.5765496436765909,0.5200183682732927,0.5801479941707637,9.6,4.029888335921977,11,4,16,10,7
-225,0.8768229541090345,0.0160485760281149,0.8841499182366833,0.8800107117780706,0.8728239167596876,0.8979240772650414,0.8492061465056902,0.5035355854671908,0.0070242421362881,0.5124110679031206,0.5082925802071014,0.4937989753995548,0.4969559009132825,0.5062194029128947,0.5748759335127472,0.0111306237732557,0.563976604324247,0.563925995307022,0.5700420844185574,0.5873817422108066,0.5890532413031029,0.8875580328883548,0.0162425973612118,0.8736277692245714,0.8685476599317609,0.8822053219332839,0.907659057414893,0.9057503559372642,0.5267213956111256,0.0126446761281584,0.5233825741009682,0.5270562442308331,0.521990843203374,0.5114067689844204,0.549770547536032,0.5670721592642994,0.025626556103627,0.5801479941707637,0.5797976789222576,0.5797976789222576,0.5797976789222576,0.5158197653839609,0.8780831709052578,0.0333239163362726,0.8555082353678617,0.8544248071583834,0.8826558282881072,0.9413066361889696,0.8565203475229668,0.51173873810713,0.013233238258894,0.53415621890193,0.5184360910467853,0.4966860329622845,0.5058780007082669,0.5035373469163831,0.577654474053627,0.0313888357798753,0.6085213709316143,0.6030349932158734,0.5765496436765909,0.5200183682732927,0.5801479941707637,5.0,3.7416573867739418,3,4,5,1,12
-200,0.8623604142788761,0.0136867825091503,0.8690546068948569,0.8674216086102515,0.8815050499955404,0.8502487706154892,0.8435720352782416,0.5142863170694861,0.0113256632269959,0.5018456059949807,0.5248875010949358,0.5061423878579775,0.5079193797759498,0.530636710623587,0.5750004598919888,0.0119154327831766,0.5629956622900621,0.5648504372559143,0.5683234033012521,0.5882921381882563,0.5905406584244589,0.8696493929082697,0.0179469590391374,0.8567789720766472,0.8571068716771675,0.8741637269655863,0.8571994720083295,0.902997921813618,0.5338077752806607,0.017436175215,0.528531205068779,0.536826636666777,0.5306242993738177,0.5095264459665105,0.563530289327419,0.5670721592642994,0.025626556103627,0.5801479941707637,0.5797976789222576,0.5797976789222576,0.5797976789222576,0.5158197653839609,0.861550772551334,0.0245157159894306,0.8359847827391191,0.8417374004017223,0.8756077506325461,0.9024187850229668,0.852005143960317,0.5248998660543347,0.0109443542989937,0.5212256285497195,0.5164823049770961,0.5178405096792302,0.5463354860887389,0.5226154009768886,0.577654474053627,0.0313888357798753,0.6085213709316143,0.6030349932158734,0.5765496436765909,0.5200183682732927,0.5801479941707637,17.6,16.0822883943797,12,12,3,12,49
-175,0.8714033167386793,0.0275117640791342,0.9206122940348596,0.8651334588060674,0.8786837022329114,0.8484899137437958,0.844097214875762,0.5045931603463654,0.0113127040629989,0.4937645915686534,0.5066070942349397,0.4982692168890046,0.4986718602705242,0.5256530387687051,0.5712925411869877,0.0165981976098969,0.5442810266969796,0.5674132688380868,0.5671838148232733,0.5874759475418059,0.590108648034793,0.8793257409876043,0.0239319042930451,0.9119159922455295,0.8563894322424224,0.8707741191892913,0.8542618932146014,0.9032872680461768,0.5259173867479188,0.0102302858917805,0.5346056677605473,0.5359012543380748,0.5270402726294846,0.5073323111518585,0.5247074278596287,0.5670721592642994,0.025626556103627,0.5801479941707637,0.5797976789222576,0.5797976789222576,0.5797976789222576,0.5158197653839609,0.8733195940653482,0.024353004862237,0.9006469231663328,0.8408773649822582,0.8722676454168378,0.9003398255868391,0.8524662111744736,0.5103072809229133,0.0160309650236205,0.5179321409037222,0.4965890886196741,0.4947326702566735,0.5378940661221467,0.5043884387123501,0.577654474053627,0.0313888357798753,0.6085213709316143,0.6030349932158734,0.5765496436765909,0.5200183682732927,0.5801479941707637,14.0,11.713240371477058,1,13,4,18,34
-150,0.8623192225534891,0.0085674074077505,0.8686798688062688,0.8672198985040802,0.868760410657863,0.8606911787052745,0.8462447560939592,0.5045703136394921,0.0072266135713918,0.514003976001049,0.5078108618143942,0.5008744570699317,0.5074180230789467,0.4927442502331387,0.5738486237506409,0.0113639643153151,0.5625808784520383,0.5621279072130996,0.5698689651628777,0.5863621937625236,0.5883031741626652,0.8685432762810678,0.018272924211273,0.8563341986049305,0.8542441147746462,0.8621293902397156,0.8658614537932656,0.9041472239927812,0.5360784554220086,0.0167906690726013,0.5301587730903452,0.5176994982729113,0.561165788099609,0.5214166834185635,0.5499515342286144,0.5670721592642994,0.025626556103627,0.5801479941707637,0.5797976789222576,0.5797976789222576,0.5797976789222576,0.5158197653839609,0.8599310954411823,0.0262852876246917,0.8353547345508229,0.838524731722745,0.8636481779994387,0.9083159150499286,0.8538119178829771,0.506204515736177,0.0127582596031631,0.504864808945509,0.4953358546179063,0.4969224729931684,0.5306768500271245,0.503222592097176,0.577654474053627,0.0313888357798753,0.6085213709316143,0.6030349932158734,0.5765496436765909,0.5200183682732927,0.5801479941707637,13.0,6.324555320336759,13,19,7,5,21
-125,0.8621460233767009,0.0097061606115159,0.8760427304149903,0.8653589517799849,0.8668563476542837,0.8493172004050815,0.8531548866291636,0.5097064510768827,0.0064244432143805,0.5033243436894321,0.5078916742744797,0.5207351822752626,0.512574220660397,0.5040068344848422,0.5744825850751966,0.0131725145484258,0.5621100524603416,0.5639994785556314,0.5652557171578902,0.5889711166184113,0.5920765605837082,0.8679925467028763,0.0205450800326415,0.8641460772716638,0.8539554711544153,0.8568212227387861,0.8565221392747128,0.9085178230748032,0.5343741369109809,0.0137480557943735,0.5502286870965182,0.5148470408059532,0.5377858244539101,0.5222428918394298,0.5467662403590936,0.5670721592642994,0.025626556103627,0.5801479941707637,0.5797976789222576,0.5797976789222576,0.5797976789222576,0.5158197653839609,0.8607753139553648,0.0222059521756606,0.844669248118545,0.8381575364055056,0.8583327044140209,0.9018676551905546,0.860849425648198,0.5038729092587464,0.0254101895611376,0.4855968132357918,0.474248959367951,0.5060997725676813,0.5047002314925427,0.5487187696297652,0.577654474053627,0.0313888357798753,0.6085213709316143,0.6030349932158734,0.5765496436765909,0.5200183682732927,0.5801479941707637,11.4,4.963869458396343,6,20,12,12,7
-100,0.8686857616778502,0.0235205110240076,0.8707136991097755,0.9111373731770468,0.8678785709990668,0.848512614510723,0.8451865505926388,0.4974119985826647,0.0115157567512353,0.4827078705307271,0.4852249430032085,0.5045273476743705,0.51240665423117,0.5021931774738473,0.5741073085135617,0.0103285746205837,0.5626335271647711,0.5655106611913356,0.5695201826795706,0.5852511713510853,0.5876210001810459,0.8736519853274027,0.0200544365316333,0.8584781325224674,0.8924236279545408,0.8607895591042258,0.853586904930346,0.9029817021254336,0.5309162234575784,0.0099250158960609,0.5422932224107505,0.5354904000210602,0.5358557723705896,0.5134153605798307,0.5275263619056608,0.5670721592642994,0.025626556103627,0.5801479941707637,0.5797976789222576,0.5797976789222576,0.5797976789222576,0.5158197653839609,0.8667532046635946,0.0218881638210663,0.8378666603203976,0.8816626649914365,0.8623126889720107,0.8999350305759546,0.8519889784581733,0.5125100223522154,0.0117322679561116,0.5274677999424825,0.5061707885931929,0.4957882697188071,0.5240403149504335,0.509082938556161,0.577654474053627,0.0313888357798753,0.6085213709316143,0.6030349932158734,0.5765496436765909,0.5200183682732927,0.5801479941707637,18.4,17.083325203250098,10,2,8,22,50
-75,0.8721927397029916,0.005680420098412,0.8667299575412396,0.8669357877416709,0.8806972669571945,0.8694873538213906,0.8771133324534622,0.5077896107980766,0.0115796263444755,0.4945824917473495,0.5140790256410785,0.4934389430460735,0.5219123860962643,0.5149352074596172,0.5735648304907226,0.0110497288622774,0.561274311223287,0.5634141639647429,0.5698392571318778,0.5869311462310849,0.5863652739026202,0.8748171372847123,0.0244361861253411,0.8533823743011012,0.854753133022424,0.8729885238589663,0.872173957752459,0.9207876974886114,0.5266773832544469,0.0163265054955966,0.5140955667787093,0.5456765610647857,0.5194811498288848,0.5075551055257802,0.5465785330740749,0.5670721592642994,0.025626556103627,0.5801479941707637,0.5797976789222576,0.5797976789222576,0.5797976789222576,0.5158197653839609,0.8673025344357346,0.029211875180222,0.8319161389813279,0.8390503634106029,0.874416829961719,0.9124195846644316,0.8787097551605918,0.5108656881064382,0.0183142934680167,0.5348377036555939,0.512340937980548,0.5141869967829097,0.5148578304607373,0.4781049716524015,0.577654474053627,0.0313888357798753,0.6085213709316143,0.6030349932158734,0.5765496436765909,0.5200183682732927,0.5801479941707637,9.8,9.019977827023745,24,17,3,3,2
-50,0.866118173255134,0.0106041454807224,0.8822522439907506,0.869594878142642,0.8601042910949471,0.8503408831419405,0.8682985699053892,0.5080224802645862,0.0067504041762128,0.5092678612156651,0.5042992230135546,0.5064719431743494,0.5200842722902755,0.4999891016290863,0.5745433389066904,0.011575848509079,0.5616954013831432,0.5635050923464074,0.571195052611569,0.5874465193832515,0.588874628809081,0.8712770917198874,0.0237272355333432,0.8689927946437489,0.8584678173065186,0.8539785598263596,0.8572924408045682,0.917653846018242,0.5155770313202217,0.0079490068919948,0.5271767499389551,0.5095164235182578,0.5221525075890406,0.50577603535917,0.5132634401956847,0.5670721592642994,0.025626556103627,0.5801479941707637,0.5797976789222576,0.5797976789222576,0.5797976789222576,0.5158197653839609,0.8650976802363541,0.0213088427038906,0.8499493905992219,0.8433385292689005,0.8555476557124745,0.9024163303953228,0.8742364952058503,0.5062950479232338,0.0118178376908506,0.5121294679178591,0.5143729837558588,0.5033803497365474,0.5170757036177905,0.4845167345881129,0.577654474053627,0.0313888357798753,0.6085213709316143,0.6030349932158734,0.5765496436765909,0.5200183682732927,0.5801479941707637,9.8,6.144916598294887,4,10,20,12,3
-25,0.8784124679172163,0.0212079539962138,0.9140318392478314,0.8805021287239704,0.8829266650160563,0.8516439217882058,0.8629577848100171,0.4987489505121339,0.0114645395721612,0.4830707248218192,0.4883389725184529,0.5141968397771989,0.5020995256377133,0.5060386898054853,0.5733960384090415,0.0124576104887519,0.5591811771244924,0.5636543787094354,0.5675511903027755,0.587674215448944,0.5889192304595602,0.8818965243570732,0.0196115916212847,0.8930670709320994,0.8689425966956399,0.8758573640476573,0.8578487201170488,0.9137668699929208,0.5156191011585164,0.0083791316751097,0.5049570758837207,0.5186322904022119,0.5065170034577223,0.5223904993280738,0.5255986367208533,0.5670721592642994,0.025626556103627,0.5801479941707637,0.5797976789222576,0.5797976789222576,0.5797976789222576,0.5158197653839609,0.8761032483794473,0.0156061594308275,0.8772155118711067,0.8547625198508754,0.877318819363912,0.9026225516290376,0.8685968391823046,0.5221405210594974,0.0098842874198018,0.5100099038984455,0.5300322579614565,0.5236279000018074,0.5352010188072005,0.5118315246285771,0.577654474053627,0.0313888357798753,0.6085213709316143,0.6030349932158734,0.5765496436765909,0.5200183682732927,0.5801479941707637,4.4,3.006659275674582,1,4,3,10,4
0,0.8752202804555598,0.0178477944287205,0.8819480931635985,0.8909103538572174,0.8654682101662626,0.8926145999701982,0.8451601451205224,0.500547267124268,0.0113584325550077,0.4950589734506535,0.5072004276302672,0.4851303755407442,0.4969158776872437,0.5184306813124316,0.5733419265085867,0.0119150714300916,0.5612296648547445,0.5635144653193355,0.5663746247572348,0.5874733899141773,0.5881174876974422,0.8786391027045972,0.0162192659161786,0.8688641696265249,0.879040103970152,0.8553197600624778,0.8865775303407148,0.9033939495231166,0.5461666317576651,0.0163244669411587,0.5429599915231501,0.5602735058449617,0.5179299089444152,0.5454656386358866,0.564204113839912,0.5670721592642994,0.025626556103627,0.5801479941707637,0.5797976789222576,0.5797976789222576,0.5797976789222576,0.5158197653839609,0.8696330872449008,0.0271650480417482,0.8497546531937339,0.8660109729477854,0.8568753654306586,0.9228431058652472,0.8526813387870789,0.5191001609712016,0.0065718431064096,0.5199425558895556,0.5109182670228462,0.5212239384367365,0.5297758679608677,0.5136401755460018,0.577654474053627,0.0313888357798753,0.6085213709316143,0.6030349932158734,0.5765496436765909,0.5200183682732927,0.5801479941707637,10.4,11.001818031580054,4,2,15,1,30
25,0.8644163290249931,0.00935406595419,0.8663251178780782,0.8639776491627251,0.8631932336030547,0.8495936664109377,0.8789919780701706,0.5061526364663795,0.0109739653533146,0.5040422473511662,0.5225524060556526,0.5038232512120551,0.5113928575395139,0.4889524201735095,0.5727665615446944,0.0112304487633748,0.5606487320479419,0.5643579973113972,0.5661731737422446,0.5872895501920904,0.5853633544297981,0.8670424222946167,0.0272174631285399,0.8529331322872278,0.8524830341339111,0.8530153252861716,0.8553397456804911,0.921440874085282,0.542600961096835,0.0147330928419747,0.532855734864715,0.5519357685926114,0.539029799932527,0.565598087910578,0.5235854141837432,0.5670721592642994,0.025626556103627,0.5801479941707637,0.5797976789222576,0.5797976789222576,0.5797976789222576,0.5158197653839609,0.8607105605530017,0.0263884178589496,0.8313906734639948,0.8364938732349512,0.8545733780571909,0.9009756608442828,0.8801192171645887,0.5286392655274236,0.0142950896872857,0.5526877932461944,0.5176055138580157,0.5202801912052976,0.5372877683772599,0.5153350609503508,0.577654474053627,0.0313888357798753,0.6085213709316143,0.6030349932158734,0.5765496436765909,0.5200183682732927,0.5801479941707637,21.8,11.855800268223144,28,35,29,15,2
50,0.8594520651188093,0.0094744676732754,0.8671189478992187,0.8686884322117284,0.8656263001186332,0.8483193940723065,0.8475072512921599,0.5125746518029248,0.0080952471706824,0.5262965069255059,0.5173506092954265,0.505311198154457,0.5063646459546061,0.5075502986846289,0.5736951464415722,0.0114874575196574,0.5611591041609941,0.5660701695089835,0.5660698441514882,0.5879949432040067,0.5871816711823878,0.8656696117285527,0.0193856971085011,0.8538343220046072,0.8589593551375649,0.8564123077826067,0.85485537666263,0.9042866970553542,0.5317662604100535,0.0182019265056609,0.5522544041405913,0.5119072472163102,0.5476963463574359,0.508461094932723,0.5385122094032067,0.5670721592642994,0.025626556103627,0.5801479941707637,0.5797976789222576,0.5797976789222576,0.5797976789222576,0.5158197653839609,0.8577861775051463,0.0232090162713597,0.8324596628998265,0.8437223181580052,0.8579363064332441,0.9006887692393679,0.8541238307952881,0.5011235370960027,0.0160274778312711,0.5223359102569115,0.4815151233852913,0.483442326241627,0.5071520208680368,0.5111723047281462,0.577654474053627,0.0313888357798753,0.6085213709316143,0.6030349932158734,0.5765496436765909,0.5200183682732927,0.5801479941707637,15.8,4.534313619501853,22,9,13,16,19
75,0.8593393620756483,0.0091172066952101,0.8716604844811037,0.8652440020718526,0.8620041240121901,0.8475460459276573,0.8502421538854382,0.5029214810039224,0.009706327147166,0.5083230933113488,0.5150429992062979,0.5065162043571746,0.4977963097952696,0.4869287983495213,0.5731329267911887,0.011789503013096,0.5609779296238274,0.5619197910385548,0.56831850233614,0.5864572035226294,0.5879912074347917,0.8649049332647613,0.0206107752527329,0.858729028340542,0.8521180532195352,0.8543951818437288,0.8533961628422593,0.9058862400777412,0.5309881034974632,0.02001441933618,0.4935905430942975,0.5341584126012406,0.5399594766818941,0.5534862324317186,0.5337458526781652,0.5670721592642994,0.025626556103627,0.5801479941707637,0.5797976789222576,0.5797976789222576,0.5797976789222576,0.5158197653839609,0.8573404655312047,0.0228864759627522,0.8382563663251472,0.8360840064106565,0.8559245069821676,0.8997722123608445,0.8566652355772076,0.5136387503121542,0.0099146474704016,0.5296688351326566,0.5130956105335627,0.5088418964642415,0.5170713388050986,0.4995160706252114,0.577654474053627,0.0313888357798753,0.6085213709316143,0.6030349932158734,0.5765496436765909,0.5200183682732927,0.5801479941707637,22.0,12.884098726725126,10,46,19,23,12
100,0.8584980159690699,0.0093640427398715,0.8661816181595793,0.8706831471207216,0.8593482934322554,0.8453501739452794,0.8509268471875142,0.5008760585040248,0.0094956598892847,0.4944418464555543,0.4968891293462262,0.4979344499309586,0.4953999564136369,0.5197149103737482,0.5749281407212428,0.0104454739863204,0.562696938588578,0.5672361782975553,0.5698946277893714,0.5874984424906475,0.5873145164400617,0.8652456377491806,0.0207499460428797,0.853783520785245,0.8618275739929893,0.8523594303564592,0.8521270029472582,0.9061306606639516,0.5315559262770859,0.0221612834518785,0.5724592488881708,0.5207027642633819,0.5317651547371017,0.5062556760792416,0.5265967874175334,0.5670721592642994,0.025626556103627,0.5801479941707637,0.5797976789222576,0.5797976789222576,0.5797976789222576,0.5158197653839609,0.857864934025389,0.0222551337643989,0.8323629570729805,0.8469018123366616,0.8539304968082544,0.8989737069968021,0.8571556969122454,0.5032151957332346,0.0161036937003755,0.5142792037709416,0.4748275706426175,0.5222599455228337,0.5009069452942781,0.5038023134355019,0.577654474053627,0.0313888357798753,0.6085213709316143,0.6030349932158734,0.5765496436765909,0.5200183682732927,0.5801479941707637,24.0,14.085453489327207,22,7,37,43,11
125,0.8867762579131371,0.0151564075606644,0.9094739046293436,0.8655696019683916,0.8903939496610582,0.8753466415651066,0.893097191741786,0.4982764156001657,0.0098784580509538,0.4920075315027363,0.516788880663179,0.4995458208646512,0.4889706472319008,0.4940691977383613,0.5739320610710028,0.0112512065422271,0.5636318169599882,0.5646957161603657,0.5660171218101261,0.5886834180159493,0.5866322324085852,0.8886577761534488,0.0238816490255761,0.8890916488387368,0.8551104393872347,0.887920471754941,0.88157719373703,0.9295891270493016,0.5198566145787671,0.018964816897679,0.5337564860134173,0.5360618343727581,0.5148201476522565,0.4849289790472992,0.5297156258081045,0.5670721592642994,0.025626556103627,0.5801479941707637,0.5797976789222576,0.5797976789222576,0.5797976789222576,0.5158197653839609,0.8820331613222759,0.0260280444731204,0.8720702745697715,0.839439256624742,0.8887520847898541,0.9187015800765066,0.8912026105505048,0.5025276161838219,0.0123188794221538,0.508630212596178,0.5117625174936083,0.5127913553843478,0.4998065031060004,0.479647492338975,0.577654474053627,0.0313888357798753,0.6085213709316143,0.6030349932158734,0.5765496436765909,0.5200183682732927,0.5801479941707637,4.4,5.817215828899594,1,16,2,2,1
150,0.8702523708343506,0.0224755765713662,0.9136341355510592,0.8658426821846323,0.8643978852586648,0.8491289044163891,0.8582582467610074,0.4993971747948802,0.0101294943582768,0.4953296527533431,0.5155839212483925,0.5043295734196149,0.4851805679376987,0.4965621586153519,0.5722917713992466,0.0127640295259342,0.5559524607265004,0.5624589971124407,0.5688383705968346,0.5874086892632175,0.5868003392972398,0.8729476162881562,0.0228074758560929,0.8898400935259733,0.8527529528646758,0.8569332559903463,0.8555439204880686,0.9096678585717172,0.531383914276669,0.0052952138553982,0.5345912866858323,0.5367926748435311,0.5224687593851816,0.5282830539910551,0.5347837964777448,0.5670721592642994,0.025626556103627,0.5801479941707637,0.5797976789222576,0.5797976789222576,0.5797976789222576,0.5158197653839609,0.8665159221851464,0.021029678505827,0.8734783403801195,0.8367847565448645,0.8584402167435848,0.9011463793841276,0.8627299178730358,0.5210204239458638,0.0178269357572747,0.5024071825884101,0.5124370464833503,0.5348304943661395,0.5487915678902258,0.5066358284011935,0.577654474053627,0.0313888357798753,0.6085213709316143,0.6030349932158734,0.5765496436765909,0.5200183682732927,0.5801479941707637,12.8,10.186265262597477,1,31,12,14,6
175,0.8658942978406688,0.0167026573972404,0.8933692175088469,0.874411531330384,0.8634062366387278,0.8492580234389944,0.8490264802863917,0.5035159288010653,0.0154572406999077,0.4868619393158719,0.4906944132103939,0.5082668221661742,0.5013066763566394,0.5304497929562477,0.5730704213714496,0.0109145073856716,0.5607445005657165,0.564749681693787,0.5675644505456173,0.5871892215424123,0.5851042525097147,0.8728088176611699,0.0201475321819497,0.8813005595496206,0.8637788909854311,0.8548524596474387,0.8557643493016561,0.9083478288217024,0.5290613667922222,0.015981644452928,0.5388782168323438,0.5071987026766182,0.5412786582346988,0.5123407061413251,0.5456105500761248,0.5659919952044973,0.0276113674355206,0.5797976789222576,0.5797976789222576,0.5797976789222576,0.5797976789222576,0.5107692603334559,0.8679820934931437,0.0213799729178057,0.8634144121950323,0.8574114189003453,0.8563929525288668,0.9101679307041746,0.8525237531372996,0.5222707048374506,0.0105438624267321,0.51866279380984,0.5111949264754976,0.519424603583152,0.5424028384718408,0.519668361846923,0.5733358977251923,0.0331837567794938,0.6085213709316143,0.5906015433108054,0.5769896351278283,0.5107692603334559,0.5797976789222576,14.6,11.092339699089637,2,6,17,14,34
200,0.8633898284017425,0.0160779374370668,0.8691235160090259,0.8671693470060211,0.8886798355997223,0.846237350984947,0.8457390924089963,0.5080331852012321,0.0073492604215729,0.4979864929736214,0.5204156414912865,0.5092675585192677,0.5082356120811794,0.504260620940805,0.5751345142042555,0.0123475252455898,0.5608227270522881,0.5669782946411639,0.5681998085084785,0.5875330636696716,0.5921386771496756,0.8709396568211643,0.0215502365251589,0.8552607713323651,0.8574384703780665,0.8794486468488519,0.8529211481412252,0.9096292474053124,0.5191649883965249,0.0134494519976031,0.5274038767551678,0.5041628888538864,0.5015367804606381,0.5326397884016629,0.5300816075112698,0.5659919952044973,0.0276113674355206,0.5797976789222576,0.5797976789222576,0.5797976789222576,0.5797976789222576,0.5107692603334559,0.865769708517826,0.0260585084446587,0.8341587529037938,0.8507907607338645,0.8806483673326897,0.9085273002133224,0.8547233614054593,0.5213668384573186,0.0181120654115,0.5144159353289474,0.5132501999387165,0.4962824107001251,0.5481778381106914,0.5347078082081128,0.5733358977251923,0.0331837567794938,0.6085213709316143,0.5906015433108054,0.5769896351278283,0.5107692603334559,0.5797976789222576,14.6,8.16333265278342,16,11,2,27,17
225,0.876293536068238,0.0171181691335184,0.8929708729085234,0.8751368332154972,0.8703984716503891,0.8949819158032998,0.8479795867634803,0.4959373101322122,0.0070572304491447,0.4834910076630909,0.5023194694798118,0.497579132498368,0.493625967670925,0.5026709733488658,0.5730004772602502,0.0108133953396346,0.5608183258058065,0.562841886963279,0.5700787840159937,0.5839863649117246,0.5872770246044466,0.8818586616805104,0.0178343153202792,0.8794607538165469,0.8629934950308367,0.8637495402133826,0.8936187155318983,0.9094708038098884,0.5186070254932105,0.0239957340275703,0.5099842093553638,0.4869685059533167,0.5193624436872549,0.5157469573918425,0.5609730110782738,0.5659919952044973,0.0276113674355206,0.5797976789222576,0.5797976789222576,0.5797976789222576,0.5797976789222576,0.5107692603334559,0.8746640060887193,0.0306327381251557,0.8615753704851324,0.8565761844317118,0.8651458133350719,0.9354756257750771,0.8545470364166029,0.5017220928992826,0.0093433999627115,0.5060372609569554,0.5017067961928313,0.5063904102049185,0.4838988210361965,0.510577176105511,0.5733358977251923,0.0331837567794938,0.6085213709316143,0.5906015433108054,0.5769896351278283,0.5107692603334559,0.5797976789222576,6.4,5.6780278266313555,2,6,6,1,17
250,0.8664770179188128,0.0133297962295698,0.8799417959046119,0.883682872831207,0.8641636488363915,0.8509462088653722,0.8536505631564819,0.502366964430993,0.0055174967202507,0.5073440236780438,0.5030987387203982,0.500995865620142,0.5078013646126952,0.4925948295236863,0.5739173313080451,0.0117310602074768,0.5601908181599963,0.5663024039452372,0.5671728769869157,0.588905841431195,0.5870147160168816,0.8727911371173281,0.0207010092066476,0.8658395572142168,0.8731603459878401,0.8548261071696426,0.8579524014935349,0.912177273721406,0.5304361585917114,0.0141161464994142,0.5226625297143329,0.5313349070103902,0.5279683534048699,0.5140675637322378,0.5561474390967261,0.5659919952044973,0.0276113674355206,0.5797976789222576,0.5797976789222576,0.5797976789222576,0.5797976789222576,0.5107692603334559,0.868157385334824,0.022656166363508,0.8465515320951288,0.8672068082925045,0.8563733209263195,0.9115029447006456,0.8591523206595219,0.5162502022317379,0.0114897303540081,0.5354773380764676,0.5187312396888669,0.5020764033730597,0.5177247344404692,0.507241295579826,0.5733358977251923,0.0331837567794938,0.6085213709316143,0.5906015433108054,0.5769896351278283,0.5107692603334559,0.5797976789222576,8.8,4.833218389437829,5,3,17,10,9
275,0.8685245667536234,0.0200062563860442,0.8811153708045015,0.8913741228506737,0.8812246973981562,0.844990123178541,0.8439185195362445,0.5102130287183575,0.0173398085712625,0.5045929764045842,0.4919691357978238,0.5117276889958976,0.5003296474915238,0.5424456949019579,0.5746474250910854,0.0125074250926985,0.5619327150016881,0.5641541579461741,0.5675327990169293,0.5896386321553116,0.5899788213353241,0.8764025641210151,0.0180693064006408,0.8685478766759237,0.8795577576666167,0.8724241708264207,0.8532882079933629,0.9081948074427518,0.5327028082665095,0.0169776642611256,0.5509579646504625,0.5147354361038384,0.5197664558605533,0.5226291371562801,0.5554250475614129,0.5659919952044973,0.0276113674355206,0.5797976789222576,0.5797976789222576,0.5797976789222576,0.5797976789222576,0.5107692603334559,0.8716082764394354,0.0212633869988513,0.8492473273566274,0.874051905039585,0.8736409490758722,0.9087517767241506,0.8523494240009424,0.5139175697001658,0.0170952480121654,0.502797868521582,0.4948351049238745,0.516537085808305,0.5448288560110955,0.5105889332359718,0.5733358977251923,0.0331837567794938,0.6085213709316143,0.5906015433108054,0.5769896351278283,0.5107692603334559,0.5797976789222576,14.2,14.427751037497147,4,2,3,24,38
300,0.8677753269057913,0.0135331222303243,0.8736403166633291,0.8671453859388214,0.8901377172814202,0.8541286409515696,0.8538245736938161,0.498230062275113,0.0051631612385884,0.5053205866987239,0.5016647519648291,0.4942689204639377,0.4908258681352122,0.4990701841128622,0.5729933142718513,0.0127100484001426,0.5591454152448544,0.5637265420458496,0.5655841093802824,0.586094297445295,0.5904162072429753,0.8785187746539259,0.0253574302438227,0.8593610777999415,0.855791834267703,0.9056773854024482,0.8586288329326746,0.9131347428668628,0.513380488864766,0.011229122362883,0.5058305019154504,0.5258228123972174,0.4952035350393439,0.5200936825104703,0.5199519124613481,0.5659919952044973,0.0276113674355206,0.5797976789222576,0.5797976789222576,0.5797976789222576,0.5797976789222576,0.5107692603334559,0.8732553359233972,0.029858743395491,0.8387265476313505,0.8490728410807523,0.9056324525312944,0.9117766167178298,0.8610682216557589,0.5022834499551213,0.0135943764609828,0.5164688722817516,0.5201796221114423,0.4937995538669801,0.4853790158362555,0.4955901856791769,0.5733358977251923,0.0331837567794938,0.6085213709316143,0.5906015433108054,0.5769896351278283,0.5107692603334559,0.5797976789222576,8.2,3.867815921162743,9,14,2,9,7
325,0.8782780040170728,0.0179556992815368,0.8941035319849387,0.8799431299425892,0.8655743279407934,0.9002358470995402,0.8515331831175027,0.5053587471878017,0.0088397433063946,0.5125854920531759,0.5039452153540329,0.5166494683930068,0.4912063905071332,0.5024071696316598,0.5722628293470673,0.0114828258691781,0.5601558451088596,0.5648152851826983,0.5656628382880698,0.5793550183943486,0.5913251597613604,0.882179394274047,0.0188160198026493,0.8822648760044214,0.8719134439121593,0.8555426416975079,0.8888078205513231,0.9123681892048228,0.5185547559236472,0.0188385758158959,0.4976307312096499,0.4945877443656599,0.5305342866514533,0.5412207617321653,0.5288002556593074,0.5659919952044973,0.0276113674355206,0.5797976789222576,0.5797976789222576,0.5797976789222576,0.5797976789222576,0.5107692603334559,0.8758085482048266,0.0279952936547613,0.8651551532022881,0.8656800876964222,0.8570847420981436,0.9314199360934172,0.8597028219338619,0.518125150016466,0.0274486027042973,0.515392976350255,0.4726850916965881,0.5534402403279253,0.5380640248716091,0.5110434168359522,0.5733358977251923,0.0331837567794938,0.6085213709316143,0.5906015433108054,0.5769896351278283,0.5107692603334559,0.5797976789222576,6.0,5.0990195135927845,2,4,15,1,8
350,0.8721597945567259,0.0148136467395681,0.8722976538323864,0.8754625302000144,0.8699464005293306,0.8483013940840652,0.8947909941378328,0.4979730595303127,0.0087070193644096,0.4960856284683185,0.489000614659887,0.4892262575092702,0.5041517390531287,0.511401057960959,0.5737456537131223,0.0118589561917109,0.5597685111441558,0.5656818968290497,0.567415690587152,0.5875649119620419,0.5882972580432119,0.8742065805377383,0.0282024191211962,0.8577533021117701,0.867187171271353,0.8612820469971859,0.8548054749315436,0.9300049073768384,0.5226764669302301,0.0217221657989879,0.5306447222018067,0.480433131761921,0.5423687129183993,0.5270390699336459,0.5328966978353775,0.5659919952044973,0.0276113674355206,0.5797976789222576,0.5797976789222576,0.5797976789222576,0.5797976789222576,0.5107692603334559,0.8713413101254087,0.0247215265222629,0.836967358083436,0.8609200083848202,0.862761013435595,0.909594142075741,0.8864640286474517,0.5165586192008869,0.0391653209530492,0.5262324492481494,0.4481059723615621,0.5464961104828393,0.5590693119206563,0.5028892519912271,0.5733358977251923,0.0331837567794938,0.6085213709316143,0.5906015433108054,0.5769896351278283,0.5107692603334559,0.5797976789222576,8.0,5.138093031466052,11,5,7,16,1
375,0.8671846469653021,0.0040828799926974,0.870448507598995,0.8718211564821067,0.862201852282298,0.8624005643362852,0.869051154126826,0.5106262625967041,0.007055694302428,0.5209034066670211,0.4991699742796573,0.5085434686064538,0.5133503298042212,0.5111641336261672,0.5743244297925715,0.0120620676303592,0.5603529151723374,0.5645155760235873,0.5694724196302766,0.5897812310046316,0.5875000071320245,0.8725526600173026,0.0247711510287124,0.8565070285941615,0.8613361011851918,0.8554626432332125,0.8681849476062891,0.9212725794676578,0.5140074315209173,0.011764897432655,0.5288631228883833,0.4970612609733914,0.5198596254414236,0.520578685519925,0.5036744627814632,0.5659919952044973,0.0276113674355206,0.5797976789222576,0.5797976789222576,0.5797976789222576,0.5797976789222576,0.5107692603334559,0.8677316452517655,0.0277983370669244,0.8356044220201897,0.8548707962036133,0.8570002443862684,0.9179373546080156,0.87324540904074,0.5241900768420009,0.0231291497071389,0.5497436081643768,0.5528337248101627,0.5103338299001353,0.5139103969916778,0.4941288243436517,0.5733358977251923,0.0331837567794938,0.6085213709316143,0.5906015433108054,0.5769896351278283,0.5107692603334559,0.5797976789222576,8.6,5.083306010855534,13,7,16,4,3
400,0.8691350385085823,0.0108395436427567,0.8668564508870705,0.8857431387163929,0.8608220213467312,0.8765970394783413,0.8556565421143758,0.5100965337334895,0.0038785828702777,0.5040175441049706,0.5117692220316907,0.5099482713288662,0.5159143676209871,0.5088332635809325,0.5741437519260294,0.0121718292413037,0.5621893399143669,0.5615789642734708,0.5697624908639063,0.5873347133531004,0.5898532512253025,0.8751047990538858,0.0221385704741445,0.8535576408559625,0.8750638961791992,0.8538847168286642,0.8789057551008282,0.9141119863047744,0.5168954081886189,0.0149668653159957,0.5325911498456382,0.4885196262146308,0.5180132537480114,0.5231249616053127,0.522228049529501,0.5659919952044973,0.0276113674355206,0.5797976789222576,0.5797976789222576,0.5797976789222576,0.5797976789222576,0.5107692603334559,0.8687110904491309,0.0306669849214752,0.8320807074055527,0.8689199288686117,0.8554354544841882,0.9247794169368166,0.8623399445504853,0.507508514793694,0.0176191730606276,0.5229272377884133,0.4848977631246871,0.5327577212959749,0.4973310302522289,0.4996288215071655,0.5733358977251923,0.0331837567794938,0.6085213709316143,0.5906015433108054,0.5769896351278283,0.5107692603334559,0.5797976789222576,11.0,9.09945053286186,23,3,21,2,6
425,0.8580072834319676,0.0098271006302346,0.8642832354171989,0.8698943220462996,0.8632477589489258,0.8456549441691527,0.8469561565782606,0.505397105173673,0.009109986082765,0.5138409821270382,0.5161381495261161,0.4986194930859581,0.5064523572911216,0.4919345438381312,0.5745859558683686,0.0116456410733069,0.5647099133928086,0.5633342985205653,0.5673709798262391,0.5891173320583433,0.5883972555438866,0.8658569581580885,0.0216413725760785,0.8534622950987383,0.8589740991592407,0.8547449184186531,0.8531635385571104,0.9089399395566998,0.5124481698001268,0.0148791448514609,0.5155631048495327,0.4935373623529104,0.5257844221105286,0.4969635727692114,0.5303923869184506,0.5659919952044973,0.0276113674355206,0.5797976789222576,0.5797976789222576,0.5797976789222576,0.5797976789222576,0.5107692603334559,0.8605899948062319,0.0255587384608286,0.8319612759532351,0.8523626056584445,0.8562737143400944,0.908678361863801,0.8536740162155845,0.5148360248254116,0.0147646629816563,0.4989273845003205,0.4985925169910686,0.5358362680716184,0.5145023549144243,0.5263215996496261,0.5733358977251923,0.0331837567794938,0.6085213709316143,0.5906015433108054,0.5769896351278283,0.5107692603334559,0.5797976789222576,19.6,5.535341001239218,24,10,17,25,22
450,0.8721965953246833,0.0276134592863428,0.8706112596177563,0.9223288039571232,0.8744165522536052,0.8480781550259934,0.8455482057689392,0.5093240345689288,0.0136591093911495,0.4938038829178576,0.5002125382754995,0.5090993571789655,0.5095048926281335,0.5339995018441881,0.5724112027735793,0.0139430836506651,0.5596570327272106,0.556633407441691,0.5680396058458276,0.588922831354112,0.5888031364990551,0.881494417335048,0.0276718024460448,0.8560635014013811,0.9208259383837382,0.8663972074335272,0.8555757295001637,0.9086097099564292,0.5208883076086419,0.0181483635896079,0.5008185507804193,0.5218651167849193,0.5209859192191592,0.5073355386931251,0.5534364125655865,0.5659919952044973,0.0276113674355206,0.5797976789222576,0.5797976789222576,0.5797976789222576,0.5797976789222576,0.5107692603334559,0.87619133718086,0.0315344939449982,0.8349526163303491,0.9153041713165514,0.867681470784274,0.9099055004842354,0.8531129269888906,0.5096265647581694,0.008092729001228,0.499203601964194,0.5101304303220862,0.5195820093963943,0.5173368365968096,0.5018799455113625,0.5733358977251923,0.0331837567794938,0.6085213709316143,0.5906015433108054,0.5769896351278283,0.5107692603334559,0.5797976789222576,12.2,8.704022058795578,14,1,5,15,26
475,0.8771488201986882,0.0173697014903044,0.9084814387498442,0.8728356054148723,0.8729459188648105,0.8550112849658298,0.8764698529980847,0.5036228238677037,0.0098347442874936,0.5014949076359221,0.5202741871732404,0.5029908847312153,0.4894338418506899,0.503920297947451,0.5737874520855426,0.0116854559140821,0.5607722340098803,0.5666288868465482,0.565761166725699,0.5880681082112098,0.5877068646343756,0.8830110502965522,0.0251932837979509,0.9009013862320872,0.8640650853966222,0.8640462214296515,0.8619212797193816,0.9241212787050188,0.5424227248826501,0.0139285485036966,0.5472721594855141,0.5439806315667174,0.5642871731691643,0.522525880253272,0.5340477799385824,0.5654426466771285,0.0273402172712716,0.5788276450752868,0.5788276450752868,0.5788276450752868,0.5799610378263266,0.5107692603334559,0.8797925667329267,0.0196585758354923,0.885485726775545,0.8568162701346658,0.8646305329871901,0.913561432650595,0.8784688711166382,0.5180141806519665,0.0061140250562401,0.5211083106534659,0.5162694418043339,0.528290768341715,0.5114599722180366,0.5129424102422812,0.5733358977251923,0.0331837567794938,0.6085213709316143,0.5906015433108054,0.5769896351278283,0.5107692603334559,0.5797976789222576,4.4,2.4166091947189146,1,6,6,7,2
500,0.8752969555019103,0.015412738509016,0.8685440107719186,0.8900639980109697,0.8708006205018034,0.8523521073085746,0.8947240409162855,0.5041074833134184,0.0103684143585694,0.5054163164040859,0.5074994097990337,0.4840740536082299,0.5101278870581845,0.5134197496975583,0.574300386429248,0.0116073988975522,0.5622571221105034,0.566378938673856,0.56609374040665,0.5893099833296171,0.587462147625613,0.8819845112887297,0.0299967640048958,0.857015048012589,0.8958540865869233,0.8624832666281498,0.8596375223362085,0.9349326328797772,0.5286618815908769,0.0156467333540748,0.5331620268848545,0.522237895488988,0.5119378758787739,0.5568142269991677,0.5191573827026001,0.5654426466771285,0.0273402172712716,0.5788276450752868,0.5788276450752868,0.5788276450752868,0.5799610378263266,0.5107692603334559,0.8791284337188259,0.0271719069094184,0.8351019909887603,0.8892150376782273,0.8629715460719485,0.9124111569289004,0.8959424369262926,0.5205831062608677,0.0125181144259026,0.5362291695382027,0.5293973325763179,0.5146061211138763,0.5226216455083382,0.5000612625676033,0.5733358977251923,0.0331837567794938,0.6085213709316143,0.5906015433108054,0.5769896351278283,0.5107692603334559,0.5797976789222576,6.2,4.354308211415448,13,2,7,8,1
525,0.8723322981411649,0.0232356964184272,0.8780864593908959,0.9139448514918692,0.8677059559477973,0.8509724404394012,0.8509517834358609,0.5065486906967627,0.0028001461622048,0.5088424751230977,0.5088527974277794,0.5014375710951776,0.5078958306009351,0.5057147792368238,0.571852628884557,0.0116616989589609,0.5603547060641628,0.5601288090592322,0.5671983327234458,0.5860423326452971,0.5855389639306472,0.8812280203356888,0.0256520806537826,0.8654224746155016,0.9148955435463876,0.8599497441089514,0.8560268011960116,0.9098455382115912,0.5306016501548333,0.0259664773107816,0.5320804035259902,0.4812377135740746,0.5548969856580959,0.5480446262720392,0.536748521743967,0.5654426466771285,0.0273402172712716,0.5788276450752868,0.5788276450752868,0.5788276450752868,0.5799610378263266,0.5107692603334559,0.8761150284246965,0.027992977713255,0.8449053421165004,0.90936613444126,0.860541278665716,0.91030608885216,0.8554562980478461,0.4938494441398912,0.0112074142529526,0.4845025852384176,0.4858644169064384,0.510728167068558,0.5038717460788344,0.4842803054072074,0.5733358977251923,0.0331837567794938,0.6085213709316143,0.5906015433108054,0.5769896351278283,0.5107692603334559,0.5797976789222576,8.8,4.995998398718719,6,1,9,13,15
550,0.8815812144082846,0.0307216799161972,0.9134938938101542,0.923739019742946,0.863029395796589,0.8494585506694833,0.8581852120222505,0.5030843554939362,0.0059538994013425,0.5053672448071479,0.50984790582397,0.5079838821492219,0.4976983575805062,0.4945243871088351,0.5706309633657549,0.0150816262284529,0.554311771861383,0.5546015786008124,0.5681169698010878,0.5880462824274728,0.5880782141380184,0.8836910226128317,0.0235687676888439,0.8907984675783099,0.9002395976673473,0.8562170285167117,0.8565229213599003,0.91467709794189,0.5419937908548366,0.0174194594878021,0.5292162523632429,0.522273644417722,0.5648652639146817,0.5327427238411144,0.5608710697374216,0.5654426466771285,0.0273402172712716,0.5788276450752868,0.5788276450752868,0.5788276450752868,0.5799610378263266,0.5107692603334559,0.879982424143589,0.0199963396266706,0.8739357699047435,0.8950467651540582,0.8568233378005751,0.9104992187384404,0.8636070291201273,0.5214118662251389,0.0133075760687651,0.5253658049489659,0.5163804745378129,0.5412712352362475,0.5237199390940547,0.5003218773086131,0.5733358977251923,0.0331837567794938,0.6085213709316143,0.5906015433108054,0.5769896351278283,0.5107692603334559,0.5797976789222576,7.0,5.692099788303083,1,1,15,12,6
575,0.8821279637592354,0.0289573435669149,0.906883809369864,0.8803510573721424,0.9220688502813122,0.8496926555928496,0.8516434461800093,0.5024587749213394,0.0094636751100138,0.5115908717260863,0.5117332694548519,0.4974375792011426,0.5048103426338836,0.4867218115907328,0.5703528864433716,0.0139608305923515,0.5639052624598657,0.5643146659694295,0.55079108155179,0.5859882091220115,0.5867652131137612,0.884852615630988,0.0197118801454225,0.8910920132290233,0.8707726579723936,0.896326892303698,0.8550415183558608,0.911029996293964,0.5210327071628035,0.0245474425067209,0.5409317971316575,0.4829386239539146,0.5309320905178712,0.5024500771281777,0.5479109470823963,0.5654426466771285,0.0273402172712716,0.5788276450752868,0.5788276450752868,0.5788276450752868,0.5799610378263266,0.5107692603334559,0.8803406318028768,0.0198153879913119,0.8740273388949308,0.8636229309168729,0.8967895995486866,0.9096285556301926,0.857634734023701,0.5106101823222463,0.008323863525519,0.5029645926911518,0.5169066819170822,0.5002305918902312,0.5104822065724482,0.5224668385403183,0.5733358977251923,0.0331837567794938,0.6085213709316143,0.5906015433108054,0.5769896351278283,0.5107692603334559,0.5797976789222576,6.6,5.953150426454887,1,4,1,16,11
600,0.8781004289990847,0.0210866163283041,0.8688266854925254,0.9052337168418256,0.8642084770595905,0.9006130824384001,0.8516201831630825,0.5150759449678762,0.0038210129134383,0.5195140441237945,0.5159875229393206,0.5121588155321536,0.509331718404397,0.5183876238397158,0.5734868676579492,0.0122764762397302,0.560068189612882,0.5638604549913102,0.5669384771870003,0.5884598481477205,0.5881073683508332,0.8830285191535949,0.023033001729203,0.8555292631640579,0.8962463772658146,0.8557014086029746,0.896441223043384,0.9112243236917438,0.5323792815516997,0.0107846090542453,0.5520640383970424,0.5348833318158258,0.5213836730002358,0.5253280709702294,0.5282372935751654,0.5654426466771285,0.0273402172712716,0.5788276450752868,0.5788276450752868,0.5788276450752868,0.5799610378263266,0.5107692603334559,0.8748241970033357,0.035596393424476,0.8333401174256296,0.8907398707938917,0.8562952569036772,0.935896382187352,0.8578493577061277,0.510009403991943,0.0137266106144396,0.5130643592824977,0.5250817443426454,0.5198143103290496,0.4855706992823858,0.5065159067231361,0.5733358977251923,0.0331837567794938,0.6085213709316143,0.5906015433108054,0.5769896351278283,0.5107692603334559,0.5797976789222576,9.6,7.605261336732617,18,1,18,1,10
625,0.8648024119052691,0.0111679873120511,0.8685123521028105,0.8717163469373566,0.8641361704806692,0.8758241018069159,0.843823088198593,0.5074187352760989,0.0213972386108975,0.4978221172006469,0.4895174477016352,0.4991319877464302,0.5011478973449035,0.5494742263868789,0.5756940277988003,0.0110266996288346,0.5650233830370647,0.5645915183603467,0.5710644806561278,0.588251902668745,0.5895388542717173,0.8735157543962652,0.0186959071801141,0.8591816894935839,0.8638066523002855,0.8584166494282809,0.8780218489242323,0.9081519318349434,0.5193157385611675,0.0156599768118159,0.5411530670996707,0.5034085432776668,0.5039681081649916,0.5136232322971804,0.534425741966328,0.5654426466771285,0.0273402172712716,0.5788276450752868,0.5788276450752868,0.5788276450752868,0.5799610378263266,0.5107692603334559,0.8658782193155,0.0300028124256297,0.8376523184053826,0.8564297611063177,0.8589695529504255,0.924039748581973,0.852299715533401,0.5125590448355397,0.0149583007887164,0.5360117469980906,0.5001877909195387,0.5233654963317648,0.5070629008864455,0.4961672890418591,0.5733358977251923,0.0331837567794938,0.6085213709316143,0.5906015433108054,0.5769896351278283,0.5107692603334559,0.5797976789222576,14.0,13.371611720357423,10,7,11,2,40
650,0.8820929648949928,0.0109874876849454,0.8923879081440955,0.8799625401644363,0.8813688066816822,0.8631265396924362,0.8936190297923137,0.4973288989044862,0.0061448044659642,0.5089665171657429,0.4913942212104535,0.4949291191039013,0.4938166502431733,0.49753798679916,0.5749010595346484,0.0119310949964395,0.5626048528166151,0.5643225481294633,0.5690247535661677,0.5886394409533293,0.5899137022076667,0.8901906822666978,0.0251812813864796,0.9043332952441592,0.8703793088595072,0.8737152850989139,0.8691585551608693,0.9333669669700392,0.5071312107963334,0.010661478423511,0.5128614563321854,0.4975533983628664,0.5245190385769476,0.5053490417943896,0.495373118915278,0.5654426466771285,0.0273402172712716,0.5788276450752868,0.5788276450752868,0.5788276450752868,0.5799610378263266,0.5107692603334559,0.8872020085652668,0.0186288546921473,0.88783004247781,0.8631988167762756,0.8741535436023365,0.9181617787390044,0.892665861230908,0.5065614046642637,0.0133388282150649,0.4911258739102432,0.5205618267442211,0.5220936260385071,0.5070871492264855,0.4919385474018615,0.5733358977251923,0.0331837567794938,0.6085213709316143,0.5906015433108054,0.5769896351278283,0.5107692603334559,0.5797976789222576,2.8,1.16619037896906,2,4,3,4,1
675,0.8676048205070888,0.0172138977524423,0.8842388459087647,0.89075876265457,0.8624259651321726,0.8549413674885464,0.8456591613513907,0.512217968110721,0.0105443238122278,0.4917408168244144,0.5143994441738792,0.5204371566592284,0.5146563644889752,0.519856058407108,0.573852892676024,0.0123756733391551,0.559287429318589,0.5644180784599658,0.5683728833413951,0.5884449643926646,0.5887411078675056,0.8759556076743387,0.0185069763719507,0.8715785777930057,0.8813636013955781,0.85564944599614,0.8625060970133002,0.9086803161736692,0.5180411214364935,0.0140979183487811,0.5361993420996287,0.5007122005764387,0.529401451915545,0.5029910457961859,0.5209015667946688,0.5654426466771285,0.0273402172712716,0.5788276450752868,0.5788276450752868,0.5788276450752868,0.5799610378263266,0.5107692603334559,0.8699747143369733,0.0234663177566335,0.8516146992192124,0.874789808735703,0.8562703475807653,0.9138813127170908,0.8533174034320947,0.4986435111971029,0.0294619592194125,0.4860280968805119,0.5087800708046947,0.5506370977080071,0.4652562752160161,0.4825160153762852,0.5733358977251923,0.0331837567794938,0.6085213709316143,0.5906015433108054,0.5769896351278283,0.5107692603334559,0.5797976789222576,11.0,8.694826047713663,4,2,17,7,25
700,0.875289754892133,0.0104631092369436,0.8713959498503774,0.8828235932232178,0.8885660552486931,0.8756667879438892,0.8579963881944873,0.5085318805334821,0.0065585257070039,0.514136119633615,0.503425848474265,0.5147958368884383,0.4982409630251628,0.5120606346459295,0.5740898984883847,0.011159529591349,0.5614178460655744,0.5666630719077457,0.5673352772438254,0.5881317469351386,0.5869015502896388,0.8818423188093936,0.0177861658504676,0.8601139368432941,0.8733088554758014,0.8815627278703632,0.8802262364011822,0.9139998374563276,0.5213588876942354,0.00719093242929,0.5323916192987539,0.514398960475186,0.5161776206377848,0.527432445048568,0.5163937930108844,0.5654426466771285,0.0273402172712716,0.5788276450752868,0.5788276450752868,0.5788276450752868,0.5799610378263266,0.5107692603334559,0.8750092697866035,0.0288075873295783,0.838464314287359,0.8664642626588995,0.8821652874802098,0.9253620180216704,0.862590466484879,0.5049609558326368,0.0154443812334255,0.5054834115044293,0.5327633163086521,0.4856776720391365,0.5022678470265433,0.4986125322844229,0.5733358977251923,0.0331837567794938,0.6085213709316143,0.5906015433108054,0.5769896351278283,0.5107692603334559,0.5797976789222576,4.6,3.0724582991474434,10,3,2,2,6
725,0.8821348817078108,0.021822761809794,0.8693887105922109,0.8773529197751861,0.9248340338775792,0.8642661473185745,0.8748325969755035,0.5063383769459138,0.0085995930817814,0.506895561517643,0.4986773399270217,0.5054165071071349,0.5221348519213241,0.4985676242564447,0.5730143180667776,0.0126250517154102,0.5620365114729624,0.5680713878349576,0.5588789052047235,0.5875330338079543,0.5885517520132904,0.8846952431129687,0.0228500717839586,0.8578689929210779,0.8706055771220814,0.9058832995819324,0.8716579224124099,0.917460423527342,0.5225165875079936,0.0205531265696554,0.5384190600398199,0.486634066727496,0.537297532720009,0.5120831146037331,0.5381491634489097,0.5672752597480606,0.0229986217728043,0.5787745706344627,0.5787745706344627,0.5787745706344627,0.5787745706344627,0.5212780162024518,0.8805095145196626,0.0283883606100241,0.8361812938343395,0.8638009519288035,0.905635781360395,0.9144212133956678,0.8825083320791071,0.5080889787525612,0.0208209982537244,0.4785214066329867,0.5046670196678911,0.4957393616890259,0.5378749597025613,0.5236421460703409,0.5741519919658991,0.0312550941724961,0.6085213709316143,0.5906015433108054,0.5769896351278283,0.5158197653839609,0.5788276450752868,4.6,3.878143885933063,12,4,1,4,2
750,0.873604370392475,0.0171428023692323,0.8655293497842612,0.8890089835088277,0.8654798256982233,0.8974597460215854,0.8505439469494771,0.5151600821824127,0.0164791742612569,0.5455691191609339,0.5036041013212054,0.5197067517087529,0.5050602059476885,0.5018602327734828,0.5749937181599435,0.0110505410009531,0.5621860535025318,0.5678741496005603,0.5684454649042949,0.5893478034010808,0.5871151193912498,0.8775076392925147,0.0188372237386067,0.8537124178626321,0.8802397034384988,0.8585532957857306,0.8930130059068854,0.9020197734688268,0.5123331587752414,0.0180575186155333,0.5415932604485073,0.5047488902476936,0.498149729893219,0.4929751422381563,0.5241987710486308,0.5672752597480606,0.0229986217728043,0.5787745706344627,0.5787745706344627,0.5787745706344627,0.5787745706344627,0.5212780162024518,0.8705011967456702,0.0321113776162825,0.8311611124963472,0.873796612927408,0.8591041221763148,0.9284415660482463,0.8600025700800347,0.5131968631383718,0.0219115348603181,0.5430694502630805,0.4875599456758008,0.5351330692328341,0.5038036967829607,0.4964181537371827,0.5741519919658991,0.0312550941724961,0.6085213709316143,0.5906015433108054,0.5769896351278283,0.5158197653839609,0.5788276450752868,11.8,11.513470371699404,33,2,11,1,12
775,0.8671030934323969,0.0229265862753461,0.9098788788638164,0.8678713354867759,0.8622830909552034,0.8512607610102781,0.8442214008459111,0.512737206128469,0.0153272249669306,0.5085402780400102,0.5080747960135187,0.4924234485756908,0.5151359866030969,0.539511521410028,0.5747423690412301,0.0123604262917755,0.560333828994624,0.5660529700337823,0.5682319865942046,0.5893495798937968,0.5897434796897428,0.8739822857307665,0.0191840630849556,0.8964754415280891,0.8593035141626993,0.8553995038523818,0.8604530764348579,0.8982798926758043,0.5146512558766565,0.0213679790143037,0.5322263145357119,0.5013265143415422,0.5205256420734841,0.4803420412214524,0.5388357672110918,0.5672752597480606,0.0229986217728043,0.5787745706344627,0.5787745706344627,0.5787745706344627,0.5787745706344627,0.5212780162024518,0.8699203097459043,0.0215855142139231,0.8806880513827006,0.851761570482543,0.8559934045329238,0.9076236956047288,0.8535348267266245,0.4929975722081322,0.022069351441962,0.4564944363258097,0.4929101007985468,0.5067621978792021,0.5224773439508489,0.4863437820862535,0.5741519919658991,0.0312550941724961,0.6085213709316143,0.5906015433108054,0.5769896351278283,0.5158197653839609,0.5788276450752868,14.6,11.25344391730816,1,10,19,9,34
800,0.8895621589778624,0.0274272043922055,0.8816914202011737,0.9305257336380556,0.9078313622278036,0.8503072415430522,0.8774550372792274,0.4953602957248458,0.0080012034671443,0.5031328737288296,0.5036113587129102,0.4852848061935356,0.4984027610753932,0.4863696789135604,0.5712098777847763,0.0137801159120617,0.5621670817807001,0.5534977094724536,0.5656872866862833,0.588476840457562,0.5862204705268824,0.8889160539164689,0.0228745939341698,0.8706859621134672,0.8908137046929562,0.901694944410613,0.8582068013422417,0.9231788570230658,0.5243203846348973,0.0173631223558934,0.5361555297443535,0.4958291596328545,0.5131844417201049,0.5334539367271974,0.542978855349976,0.5672752597480606,0.0229986217728043,0.5787745706344627,0.5787745706344627,0.5787745706344627,0.5787745706344627,0.5212780162024518,0.8864624720631223,0.0196660456205631,0.8506496115164324,0.8850443923112118,0.9026757207783784,0.90606674822894,0.887875887480649,0.503015013668004,0.0222432697077032,0.493306667839016,0.5338927428785155,0.4915646364696636,0.5231333849649251,0.4731776361879005,0.5741519919658991,0.0312550941724961,0.6085213709316143,0.5906015433108054,0.5769896351278283,0.5158197653839609,0.5788276450752868,3.8,3.762977544445356,4,1,1,11,2
825,0.8710444871912297,0.017967375399493,0.8676709913715874,0.9029216606592396,0.8730724208133737,0.8481499177893412,0.8634074453226069,0.4998023187614522,0.0138766562406703,0.5148412476677309,0.4901432237884507,0.4804949244695182,0.5160821201045311,0.4974500777770305,0.5755992176349698,0.011399937429125,0.5624064763135099,0.5673153101250701,0.5698204132300513,0.5902985957413559,0.5881552927648617,0.875474348935214,0.0202303243583135,0.8563792073365414,0.8881942160201796,0.8668491172068047,0.8571578589352694,0.9087913451772748,0.5187237718481732,0.0194304309081147,0.5167230463833885,0.5524747543526137,0.5214426099453242,0.4930297572870752,0.5099486912724642,0.5672752597480606,0.0229986217728043,0.5787745706344627,0.5787745706344627,0.5787745706344627,0.5787745706344627,0.5212780162024518,0.8716556429862976,0.0231371024520639,0.8342067328366366,0.8821735309832024,0.8674814664956295,0.9054070097027402,0.8690094749132792,0.5288148341945837,0.0201824412057449,0.5184279690943862,0.5058959982813127,0.5164509012308443,0.5414572499266216,0.5618420524397538,0.5741519919658991,0.0312550941724961,0.6085213709316143,0.5906015433108054,0.5769896351278283,0.5158197653839609,0.5788276450752868,8.0,6.0,17,1,5,13,4
850,0.881792323368112,0.0185847494914001,0.8879983627919069,0.914929567538586,0.8694761266413423,0.8622185704634362,0.8743389894052879,0.4958671312148067,0.0092084546791401,0.4834164920889559,0.5113329492257848,0.4959347481813613,0.4978621056754863,0.4907893609024455,0.5727511016566927,0.0140209140017383,0.558766055662549,0.561150914197973,0.5642721621056286,0.5891882387685385,0.5903781375487746,0.8824787078481732,0.02051916762116,0.8736232428839712,0.8938875686038624,0.858461876710256,0.8698710582473062,0.9165497927954702,0.5218200999955984,0.0144295554422717,0.5203129205399973,0.5075366965181514,0.5362363866537508,0.5048154494630207,0.5401990468030714,0.5659318772166879,0.0229383801353507,0.5774010672843632,0.5774010672843632,0.5774010672843632,0.5774010672843632,0.5200551169459865,0.8789442795695681,0.0206689122806691,0.8532038945140261,0.8869466275879831,0.8630153753540732,0.9129380710197218,0.8786174293720361,0.5139761826538576,0.0251225428814532,0.5203201461179361,0.4765948494079077,0.535927758508694,0.5429624156041123,0.4940757436306375,0.5728087848171899,0.0314574683688478,0.6085213709316143,0.5906015433108054,0.5709290290672221,0.5152174101418456,0.5787745706344627,4.6,4.31740662898458,3,1,13,4,2
875,0.8772280562784255,0.0217360669757373,0.9091591927194104,0.8933806253462723,0.8684179131517705,0.8683837517020628,0.846798798472611,0.4984565958841272,0.0098112775455699,0.4887630162770016,0.4879582471048893,0.4956444021548257,0.5084384970879504,0.511478816795969,0.5726940050769108,0.0120472456280736,0.5632900589498145,0.560653965310513,0.5648628953840151,0.5884365383812404,0.5862265673589709,0.8814720150196191,0.0135762421642951,0.8886613954197277,0.8850773211681482,0.8593288190437086,0.8748545881473657,0.8994379513191454,0.5335478399385217,0.0086161115076388,0.5262866794350199,0.5435063214870037,0.5234847053385672,0.5439722895034997,0.5304892039285182,0.5659318772166879,0.0229383801353507,0.5774010672843632,0.5774010672843632,0.5774010672843632,0.5774010672843632,0.5200551169459865,0.8765425248579545,0.0214588123945087,0.8704831220886924,0.8780632615089417,0.863829771677653,0.9164168690190172,0.8539195999954686,0.5147512964121288,0.0323676377084926,0.5682441631886052,0.5328015532935448,0.5023356097170396,0.4938144286795373,0.4765607271819174,0.5728087848171899,0.0314574683688478,0.6085213709316143,0.5906015433108054,0.5709290290672221,0.5152174101418456,0.5787745706344627,9.0,10.13903348450926,1,2,11,3,28
900,0.8745396572290007,0.0203025599281755,0.870382806074988,0.8732886935017773,0.9125335787989428,0.8524302422385854,0.8640629655307102,0.5045020936834448,0.007076460647963,0.5087877332776722,0.4919554035449564,0.5073862240298566,0.5122808137504794,0.5021002938142597,0.5731532261668218,0.0117069142863578,0.5653837209458791,0.5659951867401558,0.5599088739145218,0.5880805177917474,0.586397831441805,0.87925693916552,0.019179586837614,0.8619453166470383,0.8704722595937324,0.8934843287323461,0.8608032248236916,0.9095795660307912,0.5222839231715499,0.015920542082198,0.5400271932382492,0.5009187009042303,0.5223027025650279,0.5084405396812752,0.5397304794689678,0.5659318772166879,0.0229383801353507,0.5774010672843632,0.5774010672843632,0.5774010672843632,0.5774010672843632,0.5200551169459865,0.8751251061757405,0.0243112773160329,0.8398587920448997,0.8622077251925613,0.8970677401080276,0.9072040590372952,0.869287214495919,0.4967452982735537,0.0184924937453513,0.5307286667011991,0.4780906506875314,0.4997504927661389,0.48371188236393,0.4914447988489693,0.5728087848171899,0.0314574683688478,0.6085213709316143,0.5906015433108054,0.5709290290672221,0.5152174101418456,0.5787745706344627,5.6,2.870540018881465,8,6,1,9,4
925,0.8761842531027254,0.0090702393454505,0.8930837155617389,0.8676545189827988,0.8689982239733037,0.8761661747067245,0.8750186322890606,0.506062676754139,0.0059082189220747,0.4995244781113697,0.5060669952110263,0.512461793597341,0.4993910148337587,0.5128691020171994,0.5750166745019526,0.0125237964305202,0.5615761422471424,0.5658143764619615,0.5674501936443065,0.5884866564204844,0.5917560037358687,0.8817472382025284,0.0215247525154181,0.8849826671860435,0.860654769521771,0.8621342254407478,0.8808030630602981,0.920161465803782,0.5043254339261225,0.0129079675065701,0.5094559028795134,0.4889261961159828,0.5223174589428066,0.4900695145792755,0.5108580971130336,0.5659318772166879,0.0229383801353507,0.5774010672843632,0.5774010672843632,0.5774010672843632,0.5774010672843632,0.5200551169459865,0.8778584137107387,0.0235792829905411,0.8656281684384202,0.8521689266869517,0.8665195811878551,0.9202163743250298,0.8847590179154368,0.4986298422597784,0.0241077279522168,0.4860343587687485,0.5391163150192787,0.5075943335733678,0.4670000808122511,0.4934041231252464,0.5728087848171899,0.0314574683688478,0.6085213709316143,0.5906015433108054,0.5709290290672221,0.5152174101418456,0.5787745706344627,4.8,3.487119154832538,2,10,8,2,2
950,0.8669087648391723,0.0119955157309548,0.8742470833444104,0.8794490547524285,0.8761283257572922,0.8523505760222366,0.8523687843194941,0.5069549318678842,0.0127176752716181,0.517723650767847,0.5106741952876763,0.4985040418286757,0.4867716353597392,0.5211011360954826,0.5735534318429114,0.0126684366128632,0.5606702825191748,0.5640280717104841,0.5651691700047242,0.589769933444128,0.588129701536046,0.8730643525268091,0.0154762553205928,0.8624048666520552,0.8706383650953119,0.8668055263432589,0.8620992971189094,0.9033737074245106,0.513131552874319,0.0075195437635063,0.5123231207013663,0.511291371709795,0.5093876944576301,0.5052772335763939,0.5273783439264097,0.5659318772166879,0.0229383801353507,0.5774010672843632,0.5774010672843632,0.5774010672843632,0.5774010672843632,0.5200551169459865,0.8684338031393108,0.0221782434161539,0.8402509400338838,0.8628190286231764,0.8710771148855035,0.9078991413116456,0.8601227908423452,0.5016788142477532,0.0206011783265694,0.5310275125786006,0.510850504429284,0.4816026766084227,0.5098266377182817,0.4750867399041772,0.5728087848171899,0.0314574683688478,0.6085213709316143,0.5906015433108054,0.5709290290672221,0.5152174101418456,0.5787745706344627,6.8,1.9390719429665315,8,4,5,8,9
975,0.8594791328784117,0.0093216393888538,0.8728248673615996,0.8638863766316286,0.8628011130795037,0.8503236610864856,0.847559646232841,0.5034725590373664,0.0090286300012827,0.4992600611914132,0.499678202934252,0.4989283595355613,0.4980002284755063,0.5214959430500994,0.5742036710095174,0.0104117807896601,0.561359297484561,0.5666614462595536,0.5700097159694242,0.5869796178831571,0.5860082774508915,0.8685529018893385,0.0153937610869893,0.8621333548516938,0.8670046726862589,0.8575541792493878,0.8575374213131991,0.8985348813461534,0.5081610293698603,0.0214142161004572,0.5163271726494276,0.4884770808570247,0.4897171463620033,0.5002325813873231,0.5460511655935228,0.56625277121531,0.0226806716724814,0.5774010672843632,0.5776569759342414,0.5776569759342414,0.5776569759342414,0.520891860989463,0.8620098843719021,0.0167500486597336,0.839856581254439,0.8627993735400113,0.8611901221853314,0.8913321549242194,0.854871189955509,0.4968147731368099,0.0171258792756931,0.5249432316067765,0.472452936390667,0.5011606238152424,0.4966300299892601,0.4888870438821033,0.5753728299889657,0.0240521152340687,0.6085213709316143,0.5845409372501992,0.5722042433912512,0.5341965310874006,0.5774010672843632,16.6,6.681317235396026,8,19,14,14,28
1000,0.8728507915722956,0.0160094342156463,0.8743882382038942,0.8843220718128165,0.8886924084928847,0.8739244569208204,0.8429267824310618,0.5059919024687128,0.0073850274175482,0.4987946692598325,0.5150640547413247,0.4971260925476389,0.5052712967815308,0.5137033990132376,0.5754176346139449,0.0135049167940644,0.5616844766103083,0.5637155248478685,0.5681792922152137,0.5914390946951379,0.5920697847011962,0.880946907491395,0.0115917386374424,0.8636398586359891,0.875408304460121,0.8874100157708833,0.8800369067625566,0.8982394518274249,0.5135187114523567,0.0155541564021187,0.5181061203789348,0.488545007274555,0.5125171053700223,0.5112665370344497,0.5371587872038219,0.56625277121531,0.0226806716724814,0.5774010672843632,0.5776569759342414,0.5776569759342414,0.5776569759342414,0.520891860989463,0.8737022020600058,0.0243080735007539,0.8417143785592281,0.8719489122882034,0.891673723856608,0.9087973056417524,0.8543766899542375,0.5015914964470167,0.0225115799598791,0.518714774067756,0.5117177296785793,0.473336761594905,0.5279714503342293,0.4762167665596138,0.5753728299889657,0.0240521152340687,0.6085213709316143,0.5845409372501992,0.5722042433912512,0.5341965310874006,0.5774010672843632,9.8,12.734205903785284,7,3,2,2,35
