lags,train_mse_mean,train_mse_std,train_mse_fold_1,train_mse_fold_2,train_mse_fold_3,train_mse_fold_4,train_mse_fold_5,train_cosine_sim_mean,train_cosine_sim_std,train_cosine_sim_fold_1,train_cosine_sim_fold_2,train_cosine_sim_fold_3,train_cosine_sim_fold_4,train_cosine_sim_fold_5,train_pairwise_accuracy_mean,train_pairwise_accuracy_std,train_pairwise_accuracy_fold_1,train_pairwise_accuracy_fold_2,train_pairwise_accuracy_fold_3,train_pairwise_accuracy_fold_4,train_pairwise_accuracy_fold_5,val_mse_mean,val_mse_std,val_mse_fold_1,val_mse_fold_2,val_mse_fold_3,val_mse_fold_4,val_mse_fold_5,val_cosine_sim_mean,val_cosine_sim_std,val_cosine_sim_fold_1,val_cosine_sim_fold_2,val_cosine_sim_fold_3,val_cosine_sim_fold_4,val_cosine_sim_fold_5,val_pairwise_accuracy_mean,val_pairwise_accuracy_std,val_pairwise_accuracy_fold_1,val_pairwise_accuracy_fold_2,val_pairwise_accuracy_fold_3,val_pairwise_accuracy_fold_4,val_pairwise_accuracy_fold_5,test_mse_mean,test_mse_std,test_mse_fold_1,test_mse_fold_2,test_mse_fold_3,test_mse_fold_4,test_mse_fold_5,test_cosine_sim_mean,test_cosine_sim_std,test_cosine_sim_fold_1,test_cosine_sim_fold_2,test_cosine_sim_fold_3,test_cosine_sim_fold_4,test_cosine_sim_fold_5,test_pairwise_accuracy_mean,test_pairwise_accuracy_std,test_pairwise_accuracy_fold_1,test_pairwise_accuracy_fold_2,test_pairwise_accuracy_fold_3,test_pairwise_accuracy_fold_4,test_pairwise_accuracy_fold_5,num_epochs_mean,num_epochs_std,num_epochs_fold_1,num_epochs_fold_2,num_epochs_fold_3,num_epochs_fold_4,num_epochs_fold_5
-1000,39.67537056834428,0.072447915146192,39.729993013991525,39.77971035672217,39.672962581988465,39.58958730009413,39.60459958892507,0.0318853078304415,0.0418713244076735,-0.0074924635172811,0.0058060847606855,-0.0044600884622135,0.0868147209805158,0.0787582853905011,0.5377186841571454,0.046958532680477,0.4966001759484871,0.5020502587569129,0.4998886317936415,0.6006357006190979,0.5894186536675876,39.58857114387281,0.0737027884729823,39.63876805160985,39.641505270293266,39.60696919759115,39.611817331025094,39.443795868844695,-0.0085776975971053,0.0104503478127239,-0.0232525639461748,-0.0186868434151013,-0.0042670894498852,0.0012461867634997,0.0020718220621347,0.497183510480505,0.0039772117578568,0.4999083325718388,0.5006414769273816,0.4997861502748547,0.4901128054568262,0.4954687871716239,39.65864712108266,0.1955875649649729,39.68224080403646,39.4486781611587,40.007599686131336,39.501052278460875,39.65366467562589,-0.0171907557231007,0.011383589269615,-0.0014293473778348,-0.0242106358548908,-0.0065526398971225,-0.0219169599427418,-0.0318441955429135,0.4983626419847661,0.0046857998221128,0.5003971005931045,0.500488741831346,0.5010080445896495,0.4890029186552221,0.5009164042545088,5.8,6.013318551349163,1,1,1,15,11
-975,39.637824178479384,0.1424043077139539,39.74624920874527,39.779068268451496,39.679402616835134,39.379178902537554,39.60522189582746,0.0409877116873514,0.0556085908741432,-0.0028949619784528,0.00321281972082,-0.0077868620480996,0.1309395333387188,0.081468029403771,0.5502584385503198,0.0639256674304696,0.5008551294041663,0.4991032610234526,0.502446654838385,0.6567087284068471,0.5921784190787482,39.60659170439749,0.0871260652668332,39.615360375606656,39.68562802401456,39.60536182287967,39.681376139322914,39.44523216016365,-0.0072789537861491,0.0092888373465501,-0.0078654624803951,-0.023767441285379,-0.0047008513162533,-0.0049024525126724,0.004841438663954,0.5034640608411847,0.0074877602445549,0.4992668430010478,0.5003360031229077,0.49938903613524,0.5184200776345802,0.4999083443121476,39.67110578363592,0.1912068833353178,39.69371182990797,39.470609896110766,40.01395185065992,39.51466138435133,39.662593957149625,-0.0136162036916974,0.0092248178893957,-0.0050602808707591,-0.0209811670762119,-0.0117774599824439,-0.0030880221024607,-0.0271740884266116,0.4978066769513217,0.0040725720055372,0.5003359977043036,0.500855309493614,0.500152717034022,0.4899498856428897,0.497739474881779,8.8,10.665833300778708,1,1,1,28,13
-950,39.71679248613181,0.1173531851166311,39.74467161512867,39.51655126355358,39.66466459293955,39.834947763030065,39.82312719600717,0.0118530830786054,0.037816547052057,-0.0056421790396813,0.0874296632240113,-0.0097452746632211,-0.0058591339410733,-0.0069176601870081,0.5185742672571202,0.0380893036822764,0.4984114262246594,0.5946585791012675,0.4967337938928112,0.5021853579073837,0.5008821791594791,39.59498392740885,0.0882183986102247,39.63581570712003,39.6738755197236,39.617382511948094,39.62496821085612,39.42287768739642,-0.0109009206803007,0.0063686068958418,-0.0196852685714309,-0.011921384936255,-0.0106075928179603,-0.0124407899424885,0.0001504328666311,0.4995723177086223,0.0006173299533567,0.5000916240793286,0.4985948024374066,0.500305456645561,0.4996639598499645,0.4992057455308509,39.62767154809201,0.2055558748460812,39.680278315688625,39.46749386642919,39.99685403072473,39.41836189501213,39.57536963260535,-0.005233965269431,0.0076385482467838,0.0005247666867393,-0.011123289495255,-0.0016707588184737,0.0031814131547104,-0.017081957874876,0.4972629332181179,0.004027236376683,0.4991751990535042,0.4892778432730472,0.4987475375334422,0.4988697252490304,0.5002443609815656,4.8,7.6,1,20,1,1,1
-925,39.638566085972734,0.1588579406257656,39.70526036527968,39.35866043248127,39.65220520176838,39.84624882334286,39.63045560699148,0.0361310793322117,0.051967755381353,-0.0038259842279415,0.1209300830960273,-0.0025629372163147,-0.006940848880553,0.0730550838898406,0.5453344795507254,0.0586271474997207,0.5013688132934964,0.6447099441105557,0.4987113217717593,0.5011609632944324,0.5807213552833832,39.598740340724135,0.0954452659172837,39.612900936242305,39.69634108109908,39.64222543889826,39.625713695179336,39.4165205522017,-0.0077613678901936,0.0120224202559737,-0.0111187095894958,-0.0051640277220444,-0.0168860682822538,-0.0197388455553939,0.0141008116982199,0.5012157702084743,0.0049619523395585,0.501008049105153,0.5105082925521967,0.4992057518525557,0.4996334088571144,0.4957233486753521,39.654675813154746,0.2121356974607053,39.68332961111358,39.48691368103027,40.02005525068803,39.40563375299627,39.67744676994555,-0.00934130670785,0.0137050401854304,-0.0040856309122208,-0.0056083392295421,-0.0085475699355204,0.0063721867221774,-0.0348371801841439,0.4999449975562817,0.0011181188621149,0.5004887364127419,0.5014357151407184,0.500336004929109,0.4992973912845958,0.4981671400142438,9.8,12.671227249165726,2,34,1,1,11
-900,39.71834804888853,0.090775457038781,39.73529516790331,39.568549401981315,39.67184522963062,39.81869235481184,39.79735809011558,0.0129286866284638,0.0324346949818757,-0.0008592479622241,0.0775156862092847,-0.008488067613012,-0.0037776713413138,0.0002527338495842,0.5186907292026834,0.0336851293740255,0.5029380680973997,0.5860462317761687,0.5012470723427448,0.5009694458897581,0.5022528279073459,39.587488787101975,0.0941038001899294,39.620764298872515,39.67623381181197,39.62441588893081,39.61121114095052,39.40481879494407,-0.0095818583401992,0.0075052202441971,-0.0142388082476276,-0.0104151403700763,-0.016040922735225,-0.0121555362940963,0.0049411159460291,0.5018552263577779,0.0045219971912432,0.5009469498287548,0.5107119426582799,0.4997861457593513,0.4997555992820046,0.4980754942604989,39.62490605441006,0.2131206989919132,39.69343624692975,39.43125967545943,40.002015894109554,39.42493415601326,39.57288429953835,-0.0076708481393077,0.0073268231705308,-0.0081733047792857,0.0008869682664446,-0.0056364224151228,-0.0043526603840291,-0.0210788213845455,0.5018144981427626,0.001809130747735,0.5041544301943346,0.503818412621816,0.5004581926446973,0.4997861484686534,0.5008553067843119,4.8,6.615134163416491,2,18,1,1,2
-875,39.67560411433583,0.0867425158503296,39.61140929546553,39.72775866321682,39.62305548756393,39.82176916378061,39.5940279616523,0.0284322619447772,0.0359343564804463,0.0544503527434216,0.0097583729063266,-0.0069333861303544,-0.0010737065638693,0.0859596767683619,0.532863908453086,0.0413978894689239,0.5582569112482759,0.501814198862646,0.4999955281154397,0.5014430444265149,0.6028098596125534,39.58749919082179,0.0679170124123976,39.636715628884055,39.62054697672526,39.608988444010414,39.61840230768377,39.45284259680545,-0.007108365992705,0.0067405614643703,-0.0090752167796546,-0.0155379698809349,-0.0053651709335319,-0.0102573947021455,0.0046939223327419,0.4989572954900337,0.001819188535852,0.4958658986019366,0.5011302304990364,0.5003970969807018,0.498869726152131,0.4985235252163627,39.65763488538337,0.2097498451605931,39.71702113296046,39.44270862232555,40.01101626771869,39.445122921105586,39.67230548280658,-0.0166141385720534,0.0100947512775393,-0.0050820694728331,-0.0303658684997847,-0.0097577988988522,-0.0108806914226575,-0.0269842645661397,0.4963892770536018,0.0067779296689104,0.4996028623797677,0.5006109277407328,0.4995723204179244,0.4992973903814952,0.482862884348089,5.8,5.455272678794342,9,3,1,1,15
-850,39.71683567479713,0.0759609621584984,39.75410583338787,39.69037215242681,39.66377801010289,39.63059903174331,39.8453233463248,0.0161965968672992,0.0333524312333531,-0.0084815659445047,0.0303477613812254,-0.0043670306385485,0.0755966694103841,-0.01211284987206,0.5210765656736708,0.0324784657859085,0.4991715596508734,0.5209095275279173,0.5031785802128389,0.5839291497604134,0.4981940112163111,39.578264271129264,0.0750782719842354,39.62243802619703,39.59935298110499,39.62660829948656,39.6136491948908,39.429272853966914,-0.007559247822924,0.0057331542450904,-0.0158066545810663,-0.005597278024211,-0.0124527768542369,-0.0002312341874296,-0.0037082954676765,0.5018307909821019,0.0023663815954931,0.5003360031229077,0.5043580803004178,0.4999083379904429,0.5050403096459128,0.4995112238508282,39.626271877866806,0.2141320771816164,39.68259638006037,39.398157697735414,40.011724876635,39.48301095673532,39.55586947816791,-0.0085533283933094,0.0042189215751896,-0.0027416720986366,-0.0074285462385777,-0.0077017865171938,-0.0158314410540642,-0.0090631960580746,0.4970918689713333,0.0031755403552808,0.4993584806268865,0.4921798498341531,0.4987475411458449,0.4945930946956981,0.5005803785540841,4.6,4.454211490264018,1,9,1,11,1
-825,39.75938120576525,0.0577574137752597,39.75410779972666,39.74546137544298,39.6636876371718,39.79809928186161,39.83554993462317,-0.0009555220997594,0.005269522796577,-0.0084697322334287,0.0073633206499375,-0.0036311010714889,0.0014400728066096,-0.0014801706504268,0.5006686279454182,0.0025948541229342,0.4970693238002738,0.501218862447542,0.5022284155039444,0.5043172897751799,0.4985092482001511,39.59421379782937,0.0768650787273252,39.60832433989554,39.66269961270419,39.63117888479522,39.624260411118016,39.444605740633875,-0.0166635268198495,0.0077407086889298,-0.0068107324116157,-0.0287903076545758,-0.0181565468594657,-0.0195827418938279,-0.0099773052797624,0.500574271064816,0.0011655190369319,0.5002443591753641,0.5026576058431105,0.5004276407487465,0.5004887382189432,0.4990530113379161,39.627703834302494,0.2110069331611472,39.68376864808978,39.45176650538589,40.00747426350912,39.42521736838601,39.57029238614169,-0.0113851858500504,0.0083541161691819,-0.0030429521857789,-0.0262446833605116,-0.0079524095847525,-0.0052593969598864,-0.0144264871593226,0.4981060414603262,0.0029912749072676,0.5008247621131666,0.498686440966346,0.4996639562375617,0.4923020366466407,0.4990530113379161,1.6,0.8,1,2,1,3,1
-800,39.69615143451494,0.1535099362330273,39.431681485520194,39.77719478017276,39.6193774115179,39.85424899071762,39.79825450464622,0.0190697038430989,0.0401784253532371,0.0991513622953489,-1.5195886383658831e-05,0.0030866370382766,-0.0070182904409071,0.0001440062091599,0.5264766621835453,0.0475879314933884,0.6214650777197376,0.4998678469780794,0.5075879315125573,0.4994105862587997,0.5040518684485524,39.58667255748402,0.0831930055562912,39.64957196784742,39.64076649058949,39.61380941217596,39.60571104107481,39.42350387573242,-0.0095868292631525,0.0065178829147543,-0.0096881253023942,-0.0199443264441056,-0.0124192124966419,-0.0050359843581011,-0.0008464977145195,0.5030608336130779,0.0078688944817681,0.5185422617377657,0.5004581944508986,0.499022463054368,0.5006109313531355,0.4966703174692212,39.64810723969431,0.2139291121307067,39.738478458288945,39.44171824599757,40.015001239198625,39.445260134610265,39.600078120376125,-0.0162848258221691,0.0076581270848153,-0.0043337555658636,-0.0217748095817638,-0.016911581948851,-0.0120307281613349,-0.026373253853032,0.4971305605136987,0.0033651296274189,0.4911310546325915,0.4956826134161515,0.4997250500953559,0.4994501254775307,0.4996639589468638,5.0,6.54217089351845,18,1,3,1,2
-775,39.5784372939277,0.2629296455205224,39.10876051912603,39.51163392214431,39.629406604570214,39.82964175509424,39.81274366870369,0.0496405346299876,0.0702706444565911,0.1691009396130276,0.091174550911354,-0.006764599258925,-0.0072885372138284,0.0019803190983102,0.5640320223016838,0.0829433322529955,0.707777070630457,0.6081301201250136,0.4998871508947353,0.4986118514513232,0.5057539184068897,39.60166064175693,0.1029812011292367,39.68140469175397,39.69494813861269,39.62039843472567,39.60381964481238,39.407732298879914,-0.0071067986953439,0.0059588281098388,-0.0016589604431029,-0.0133259093784021,-0.0142423103027271,-0.0068281678990884,0.0005213545466011,0.5035434825853867,0.0079513460365664,0.5115469098091125,0.5139906966325009,0.4993279368588418,0.4998777888037942,0.4929740808226845,39.646399827436966,0.2211122385571493,39.80510665431167,39.465204759077594,39.99478981711648,39.40614422884855,39.560753677830554,-0.0066881507889113,0.0099154208645454,-0.0081231252036311,-0.0065997546454044,-0.001843774155008,0.0067274745440844,-0.0236015744845975,0.4985337056896903,0.0021144463852461,0.501069145672249,0.4947763753659797,0.4981365872151924,0.499755601088206,0.4989308191068244,12.8,14.675149062275311,38,21,1,1,3
-750,39.71049588390232,0.1283911858507446,39.49319418681036,39.74895166613392,39.64722847692745,39.81722751106184,39.84587757857805,0.0156515559215175,0.032043033700536,0.079089956607708,0.0026416786341476,0.0064459409703951,-0.0066458724928808,-0.0032739241117822,0.5225343074995218,0.036598385578549,0.5948634562418633,0.5000311584816766,0.5152530833003447,0.5004661580950943,0.50205768137863,39.59282161828243,0.0824899373282398,39.662931962446734,39.62451576464104,39.62453622529001,39.62141268181078,39.4307114572236,-0.0119993457119121,0.0038562238638609,-0.0087598421977776,-0.0159982062989112,-0.0150643178459369,-0.0140343473264665,-0.0061400148904684,0.5017513638192957,0.0030143433389919,0.5073822745771119,0.5000916213700266,0.502260482672489,0.5000916249824293,0.4989308154944217,39.62445787372011,0.2148965704604716,39.700880686442055,39.4310127027107,40.00539236357718,39.43043205954812,39.5545715563225,-0.0066473027832354,0.010177319051565,0.0093839871838237,-0.0226088277995586,-0.006856015911608,-0.0048366563789772,-0.0083190010098571,0.5003604408466454,0.0003947128501329,0.5008858559709607,0.5006720252109297,0.5000305275122324,0.5003970996900038,0.4998166958491007,3.8,4.261455150532504,12,1,4,1,1
-725,39.765660449155824,0.0706034785255465,39.7387254066074,39.77165174975838,39.646111793124795,39.83688787086723,39.83492542542133,-0.0046168130078381,0.0033812685297164,-0.0096546915196573,-0.0003200843210149,-0.0015624716071431,-0.004961510397705,-0.0065853071936703,0.5011581589880678,0.0008992571478221,0.5006517356204003,0.4997000857112334,0.5018483483299767,0.5022269281529889,0.5013636971257397,39.5906222487941,0.0791924297519458,39.622047424316406,39.66540400187174,39.63448368419301,39.59172370217063,39.43945243141868,-0.011601633222943,0.0086112258116248,-0.0168313455739707,-0.0229453151537613,-0.0141679843266805,0.0015027800462011,-0.0055663011065035,0.5002443600784648,0.0002690946516322,0.5007636664491711,0.5000916240793286,0.5002138099887155,0.5001527179371227,0.4999999819379864,39.637860014944366,0.2018835600425912,39.67371252811317,39.47325377030806,40.01081166122899,39.45877421985973,39.57274789521188,-0.0127912297788443,0.0101646806988196,0.000881642949852,-0.0285712684871572,-0.0059522331946275,-0.0185246080385916,-0.0117896821236971,0.4998961199413646,0.0002501159558743,0.5001832680268721,0.4997250555139599,0.4999388835646889,0.5001221696535746,0.4995112229477275,1.0,0.0,1,1,1,1,1
-700,39.6156034646575,0.1875437896246004,39.36400053673184,39.77495987882319,39.63046547801224,39.44941794012011,39.85917348960011,0.0436805824201899,0.0560528660229917,0.1153340983137334,0.0022259631683838,-0.0033564209294764,0.1091200994116436,-0.0049208278633346,0.556215670243981,0.0682143358717786,0.6388248669117996,0.5005032715109206,0.4987365618808982,0.6406672931823534,0.502346357733933,39.620414687647965,0.1029456379423948,39.71287894971443,39.685383421002015,39.60371294888583,39.672598752108485,39.42749936652906,-0.010226943332589,0.0107186628340075,-0.0101901674360939,-0.0308628010027336,-0.0028956452328147,-0.0054428780902967,-0.001743224901006,0.5040505689201933,0.0055861740012572,0.5091336577227621,0.5003665532126571,0.4994501272837321,0.5123716881780913,0.4989308182037238,39.67404252254602,0.1990173645018296,39.78193745468602,39.4732582207882,40.0138615694913,39.54283858790542,39.55831677985914,-0.0133765899265805,0.0084292399235811,-0.0044186473118536,-0.0288847849676103,-0.0108501037977861,-0.0145296000903754,-0.0081998134652773,0.4980225491704363,0.0034108569524954,0.4977802114956307,0.5007331226811265,0.4997861475655527,0.4915078083674113,0.5003054557424603,9.2,9.66229786334493,22,1,2,20,1
-675,39.6364479143595,0.1717283889123114,39.727222796567936,39.76228493759312,39.48115500224005,39.3851277459528,39.82644908944357,0.0371416986329461,0.0524871460749118,-0.006195086769798,0.0026675888514818,0.0670602798615534,0.1269133937036253,-0.0047376824821316,0.5485826867757384,0.0648427901040781,0.5022284148894635,0.5019121873624546,0.5772928481863946,0.6638171402449461,0.4976628431954334,39.59901488333037,0.0859003158476698,39.631828076911695,39.63814856789329,39.64901166973692,39.648386521772906,39.42769958033706,-0.0087487035967183,0.0074196306908891,-0.0181085291233929,-0.0151751784212661,-0.0082376639386921,0.0027243360651261,-0.0049464825653668,0.5014295988010637,0.0054706800208027,0.4996334097602151,0.5018633685328744,0.4953873229749275,0.5115469052936091,0.4987169874436927,39.63813982876864,0.1896401725071704,39.69460215713038,39.4472050522313,39.97936318137429,39.50036563295306,39.56916312015418,-0.006234787819399,0.0117977508435723,-0.0066590795124118,-0.0199844556098634,0.0134336721490729,-0.0017446990576431,-0.0162193770661498,0.5033215044122754,0.006146123175766,0.5005192883086927,0.4991446543823589,0.5155384341875712,0.5012524263425306,0.5001527188402234,8.2,10.166612021711067,1,1,11,27,1
-650,39.72746420004933,0.0760158435831987,39.7370626705209,39.77860031914465,39.65089849098442,39.63488749867862,39.83587202091807,0.0107392405346996,0.0287312696666494,-0.0076491944515866,0.0017402840624611,-0.003263595153952,0.0678737467039645,-0.0050050384873889,0.5161199413624006,0.0317559531388496,0.5018750705669835,0.5000103724371526,0.4985895842006526,0.5795969950784113,0.5005276845288031,39.58185154307972,0.0721730550160937,39.6038879625725,39.649581562389024,39.603037285082266,39.61113322864879,39.441617676706024,-0.007923392810379,0.0085325347493621,-0.0026854692647854,-0.0240003547885201,-0.0073724802244793,0.0007484119780587,-0.0063070717521689,0.5004826300071947,0.001108902838226,0.499786146662452,0.5007636655460704,0.4995417676188729,0.5025354208368243,0.499786149371754,39.63854604778868,0.198885751425039,39.688272533994734,39.44270538561272,40.00028795184511,39.49300581036192,39.568458557128906,-0.0117147420645889,0.0071218341126552,-0.0028673104349185,-0.0237775971040581,-0.0078360839662226,-0.0147435022235819,-0.0093492165941632,0.4975745168599215,0.0045412647852807,0.4987780840107889,0.5007025725913771,0.4998777897068948,0.4885752499103546,0.4999388880801923,2.8,3.6,1,1,1,10,1
-625,39.63781286023327,0.0848589740799879,39.557606765904374,39.79333232604351,39.65168982436977,39.56856127866765,39.617874106181034,0.0462703609291809,0.0400755206815984,0.0699977778359172,0.0020884355318914,-0.0063233735932747,0.0891615904906054,0.0764273743807655,0.5586064873896923,0.0469064921804351,0.5902759469661516,0.4996986020471632,0.5041896098667813,0.6102279006820364,0.5886403773863291,39.57314233490915,0.0768857166851462,39.574668884277344,39.643240263967805,39.605358701763734,39.61664639097272,39.42579743356416,0.0023488606890719,0.0101430168620262,0.0137131277076674,-0.0151741221039132,-0.0021166035369264,0.008616328465216,0.0067055729133161,0.5103637008955985,0.0102944838815384,0.5266067792068828,0.4998166931397987,0.4992668420979471,0.5159864651434349,0.5101417248899286,39.648660937222566,0.1974957912821465,39.73085727113666,39.446374084010266,39.99578302556818,39.51189307010535,39.558397235292375,-0.0086162174628539,0.0068537654333515,-0.0139208487658338,-0.0178719664726293,0.0006939712911844,-0.0092005320457798,-0.0027817113212112,0.4986762624798399,0.0012583325521389,0.4986558962952007,0.4999388907894944,0.4988391796747843,0.4963444778413484,0.4996028677983717,7.4,5.388877434122992,10,1,1,14,11
-600,39.45770610534039,0.1342100845375217,39.45212267846176,39.218771275785784,39.54388581108801,39.45632037919821,39.61743038216817,0.0934405938674187,0.0331969257158435,0.0875701149829576,0.1464798655552962,0.0473554099228271,0.1093018568053688,0.0764957220706435,0.6145649396881614,0.0457115003180163,0.6064792097229319,0.6870531089527091,0.5537495696053063,0.6394439548561254,0.5860988553037348,39.6039498762651,0.0823344521566219,39.60882013494318,39.68836963537967,39.61965815226237,39.653884425307766,39.44901703343247,-0.0005977748356985,0.0068851607375209,0.0095778030879569,0.0001554491957931,-0.0120643475516275,0.0004744071400526,-0.0011321860506679,0.5103657373876282,0.0160614183263008,0.5259245516675891,0.5274010129047163,0.5046431882814928,0.5104166467984518,0.4834432872858914,39.65804501157818,0.1949915344941946,39.77230441931522,39.44406301325018,39.98064515084931,39.512277429754086,39.580935044722125,-0.0029986108794356,0.0090228195776588,-0.0150558994236317,0.0090167980189576,0.0058379924263466,-0.0079198846819274,-0.0068720607369235,0.499358489116033,0.0083618443524453,0.4999287020076405,0.5128909954518983,0.4878115653991699,0.49423671039668,0.5019244723247759,17.6,10.518555033843766,13,37,8,20,10
-575,39.61386986958612,0.257284924227362,39.173626299985905,39.77074078432064,39.46918102146424,39.828791903466296,39.82700933869352,0.044883119186252,0.0614672947039964,0.1548235710595072,0.0029269023270336,0.0705474161629363,-0.0022836293564322,-0.0015986642617847,0.5558415417818678,0.0768298521573697,0.6953403193926074,0.5005299931334466,0.5833471712377882,0.5005641386066515,0.4994260865388457,39.59192620479699,0.092032725746092,39.635238300670274,39.66651407877604,39.646553270744555,39.59797714695786,39.413348226836234,-0.0039446418145389,0.0113370457375082,0.0121262046706044,-0.0205617082220586,-0.0095506960977659,-0.0062486043369228,0.0045115949134483,0.5036391964464476,0.0070530426756873,0.5171879972472335,0.5002138136011182,0.5035434816822861,0.4998777879006935,0.497372901800907,39.6498154148911,0.2077359749813244,39.79525398485588,39.463149446429625,39.98164217399828,39.44351728034742,39.56551418882428,-0.0090798142902327,0.0116721502068956,-0.0086994298705548,-0.0206976124283039,0.0127479094221736,-0.0169779167538791,-0.0117720218205993,0.5041544302846447,0.0096054158533276,0.5031870996410196,0.5002749056527109,0.5225337906317278,0.4945625455090494,0.5002138099887155,10.0,13.053735097664577,35,1,11,2,1
-550,39.60747077391319,0.1694362186968665,39.64281188335615,39.303735359427854,39.6507388636009,39.61320239981425,39.82686536336683,0.0486383195140773,0.051201646991568,0.0458183473206518,0.128646457202963,-0.0070982403986002,0.0789133650778802,-0.0030883316325081,0.5649401890248369,0.0621168180451817,0.5551213674324075,0.6655452595543616,0.5006116496533463,0.5995994317777378,0.5038232367063306,39.58395593816584,0.0774157659578965,39.59251889315519,39.658183473529235,39.61976334542939,39.614289717240766,39.43502426147461,-0.0005670666722863,0.0084489272293973,0.0085999658895712,0.0052767472454544,-0.0082356875028574,0.004507543039367,-0.0129839020329668,0.5103433363365404,0.0109573952106655,0.51389905629736,0.5296615145423196,0.5003665523095564,0.5078812187368219,0.4999083397966443,39.64687002933387,0.2049730712812701,39.74285981149384,39.46139341412169,40.00463370120887,39.47756692134973,39.5478962984952,-0.0082931542825518,0.0091143508817128,-0.0254934251195553,-3.5701376019102156e-05,-0.0024688920627037,-0.0042301402850584,-0.0092376125694224,0.498694591811209,0.0063927282081906,0.4916809074806444,0.5094900501496864,0.4994806755672801,0.4926991543986581,0.500122171459776,10.8,11.408768557561327,8,32,1,12,1
-525,39.31357278725535,0.403632227427929,39.42878884384312,38.513138092670246,39.55031510972485,39.49302252543341,39.582599364605144,0.1216892445728797,0.0799809442270356,0.0997478777072248,0.2747826216761599,0.0395649115209342,0.104904858097818,0.0894459538622615,0.6560403187250354,0.1055320731709543,0.6252642473609177,0.8599710575084096,0.5543805357721663,0.6316882445640171,0.6088975084196661,39.60598435835405,0.0702997941715119,39.65203603108724,39.68212971542821,39.601733698989406,39.61707433064779,39.4769480156176,0.0033517342653464,0.0048267651147169,0.0045697806318375,0.0070946393534541,-0.0001313290135426,0.0092374232004989,-0.0040118428455157,0.5146097893064672,0.0088462180542362,0.5177174752408807,0.528745093128898,0.5122494932376978,0.5128909882270929,0.5014458966977668,39.69005956938772,0.1842839002179186,39.801783590605766,39.503074645996094,39.996053637880266,39.54224384192264,39.60714213053385,-0.0077322111549702,0.0075114709709467,-0.0147408092902465,0.0025230488937461,-0.0009823015919237,-0.0167487785220146,-0.0087122152644124,0.4976315401720278,0.008745316526178,0.486742407986612,0.5052948679887888,0.5082172345031392,0.4882086822480866,0.4996945081335125,25.8,23.86126568311078,17,73,8,18,13
-500,39.516933810833805,0.248754566308565,39.04929918112214,39.776567557423384,39.66315810213384,39.55033457647894,39.54530963701071,0.0703424557025746,0.0677195981300702,0.1756595586301739,0.0012639147354309,-0.008207280486438,0.0907894965530056,0.0922065890807005,0.5896325735087247,0.0833768477872241,0.7220725847273758,0.5006903357727012,0.499080998688629,0.6137910187244415,0.6125279296304762,39.60097374193596,0.0647985014018304,39.65471371737394,39.650244163744375,39.600434852368906,39.621946623831086,39.47752935236151,-0.0029048629725972,0.0118646526154929,0.0105315888526313,-0.0234122607348994,-0.0025693970647725,0.0067859468981623,-0.005860192814108,0.504716502717047,0.0098751343508367,0.5216580972527013,0.5002443618846663,0.4996945054242105,0.5089809208205252,0.4930046282031319,39.66273084698302,0.2052229528419495,39.77031152898615,39.44792244651101,40.01145449551669,39.50959673794833,39.57436902595289,-0.0090932478281584,0.009723839612879,0.0014431666808597,-0.0256004477427764,-0.011754092506387,-0.0095171052962541,-3.7760276234511174e-05,0.5022523467287873,0.0054428776226776,0.4994603147109349,0.500305456645561,0.4993890379414414,0.4990021053588752,0.5131048189871239,13.8,14.2464030548065,40,1,1,14,13
-475,39.62554274883466,0.1833060440706245,39.4984457664883,39.33991953269722,39.66944039728224,39.79712389916489,39.82278414854069,0.040967192252637,0.0527330463690069,0.0863468556367244,0.121690899018467,-0.0031455536709003,0.0032180032486422,-0.0032742429697482,0.555374808163987,0.0660102640801186,0.6105114663999105,0.6576692879814463,0.4991611644779284,0.5049883419090939,0.5045437800515559,39.580466969807944,0.0907020049568203,39.5987602002693,39.697750785134055,39.60648958610766,39.58124449758819,39.41808977994051,0.0043881975565895,0.0064730014261706,0.0164686115740826,1.9657679579474707e-06,0.0019857889662186,0.0052459020393364,-0.0017612805646477,0.5076979302998745,0.0126762414590408,0.5190004706382751,0.5266373283935316,0.4999999810348857,0.4977700195529244,0.4950818518797557,39.66287064985796,0.2124299344310198,39.770349791555695,39.49258815880978,40.02826771591649,39.45777789029208,39.565369692715734,-0.0137681243320306,0.0081950702986278,-0.0136422634576306,-0.0013094807438778,-0.0099126400821136,-0.0258971384980461,-0.0180790988784847,0.4959697612307289,0.0050413909070912,0.4946338240847443,0.498991922898726,0.5000916204669259,0.4866507649421692,0.4994806737610788,9.2,9.88736567544662,13,27,1,3,2
-450,39.72127481834176,0.1337546906114615,39.486977213436795,39.75201895802291,39.677112382711826,39.82300685607281,39.86725868146444,0.0144514753752071,0.0338066800652823,0.0816984489636937,0.0023616127881039,-0.0031307323202106,-0.0003947109780898,-0.0082772415774615,0.5222251079131647,0.0389451484601326,0.6000715420418179,0.5028742284504408,0.5035319208484335,0.5042668117075851,0.5003810365175464,39.5755971735174,0.0704360192987686,39.60871656013258,39.62965855453954,39.60868176546964,39.59439537741921,39.43653361002604,-0.004109213309306,0.0088387883408532,0.0072524107879761,-0.019243564513145,-0.0034808731553229,0.0011472312564199,-0.0062212709224585,0.502969189304294,0.0076333446028562,0.5180840519341555,0.500305456645561,0.5004276434580485,0.4983504188783241,0.4976783756053809,39.64580369429155,0.2211872983649998,39.75342293941613,39.42506096579812,40.02269132209547,39.45276688084458,39.575076363303445,-0.0153079335098013,0.0025219212428461,-0.0132410253087679,-0.0198198455301198,-0.0126777315004305,-0.015057121488181,-0.0157439437215075,0.4973036636005748,0.0035529523067319,0.4904895542245923,0.5003054584517623,0.4994501263806314,0.4972201676079721,0.4990530113379161,3.4,4.317406628984581,12,1,1,2,1
-425,39.36384741399706,0.4711104702916543,38.75479621493939,39.79217100635017,38.8384209072467,39.59461117773941,39.839237763709626,0.101520472575824,0.0964726375675185,0.225400941427221,0.0064933589784447,0.2009192493158517,0.0824160936682187,-0.0076272805106163,0.6317410633121568,0.1251638543600253,0.794252375352014,0.499101779202825,0.760959525698239,0.6020683701505366,0.5023232661571699,39.59374923706055,0.0857972641592103,39.62984628388376,39.6621867093173,39.62172999526515,39.630584023215555,39.42439917362098,0.0009642790777213,0.0152123458295905,0.0202243796860178,-0.023086389470281,0.0140360687210252,-0.0020515664170185,-0.0043010971311366,0.5098647603482911,0.0097356095551475,0.5121578529025569,0.500122171459776,0.5246619275121978,0.5141841678908377,0.4981976819760871,39.6596073959813,0.2033200720102504,39.7802629181833,39.46565292820786,39.99846498893969,39.47974303274444,39.5739131118312,-0.0071215157143094,0.0163957015743473,0.003331622927252,-0.0266441207266215,0.0173458187191775,-0.0065591752698475,-0.0230817242215077,0.5023806450944959,0.0056338045282495,0.5119643888690255,0.4998777915130962,0.5051624973615011,0.4959982741962779,0.4989002735325784,23.4,23.346091750012462,54,1,49,12,1
-400,39.51588411626128,0.2915095975873313,39.02010726928711,39.76937001021867,39.4749566304315,39.46636766256745,39.84861900880165,0.0673770466377747,0.0689304400881715,0.1783075126790508,0.0006312216036789,0.0569358825318745,0.106710847832032,-0.0057002314577628,0.5880610086868718,0.0876697726301274,0.7322720018858763,0.5008788833913115,0.5738930437982697,0.6333881481406615,0.4998729662182404,39.59281845092774,0.0880545657171083,39.61173941872337,39.64552376487038,39.61465546579072,39.67015861742424,39.42201498782996,-9.998875021031364e-05,0.0148584872908847,0.0202375280699043,-0.0243612401977632,0.0090729597899498,-0.0040902827838153,-0.0013589086293271,0.5081255925424171,0.0078060929293792,0.5163428494424531,0.5002138108918162,0.5175952902345946,0.5075451894239946,0.4989308227192272,39.647843031449746,0.19393920695578,39.736943678422406,39.42793401082357,39.98067902073715,39.5298615657922,39.56379688147342,-0.0044341512532396,0.0126013709919545,0.0082146033193125,-0.0173386823047291,0.0132838910389127,-0.0124371172295826,-0.0138934510901118,0.4994908592917702,0.0030887515341496,0.5048773875742247,0.4999388871770917,0.498075499679103,0.4954484186389229,0.4991141033895088,14.2,14.824304368165135,41,1,10,18,1
-375,39.203585154739855,0.354765942402678,38.79171992823021,39.43768168970482,39.42884158104965,39.59995568658888,38.759726888125705,0.1412742395750871,0.0687284926409934,0.2155846358881783,0.1013769754736693,0.0796199797931098,0.0763711936762268,0.2334184130442511,0.6831912177125203,0.0934708932262483,0.7796109429339773,0.6316362846757948,0.6000982642788248,0.5925459483849633,0.8120646482890415,39.600983174641925,0.0684315891321278,39.61054900198272,39.623658844918914,39.65830750898881,39.64426734230735,39.46813317501184,0.0082449557541897,0.0093477558429576,0.0228887120769782,0.005303873934529,0.0001446018559914,-0.0019737173887816,0.0148613082922317,0.5195238519798625,0.0120044354911398,0.5237455006801721,0.5372576388445768,0.5158540904521942,0.5001934550025247,0.5205685749198451,39.6478333791097,0.2119312046843168,39.734645612312086,39.38427312446363,39.99903291644472,39.49346588597153,39.62774935635653,0.0077840548855337,0.0083927472300396,0.0105047346741864,0.0141712926102407,0.0152206435009385,-0.007965795865113,0.006989399507416,0.5092904690540199,0.0112943953154269,0.513002996191834,0.526698418638923,0.501069142962947,0.493615574908979,0.5120662125674161,30.6,20.214846029589243,52,19,14,10,58
-350,39.44866739646676,0.1989855055898879,39.27851427215891,39.33071966269581,39.40578594404398,39.392236335990354,39.83608076744473,0.0915869326292316,0.0509701279177153,0.1287667022384319,0.1263385497648076,0.0796980737545287,0.1265882109243845,-0.0034568735359947,0.6184558596193177,0.0629774578057868,0.6622003833043206,0.6678315874227544,0.5951188136007368,0.6626205327584571,0.504507981010319,39.5900083137281,0.0796167098214236,39.62451853896632,39.623097275242664,39.62893110333067,39.64215087890625,39.4313437721946,0.0065753733485259,0.0060019247651115,0.0123556750741871,0.0087017218413,0.0103847069214239,0.0061505710367452,-0.0047158081310264,0.5180962717894352,0.0133224166543819,0.5207620452750813,0.5402716533704237,0.5181146011208043,0.5119745686198726,0.499358490560994,39.65297174164743,0.2078539612173767,39.73867982806581,39.4196662902832,40.01076276374586,39.502411004268765,39.59333882187352,-0.0008838974052306,0.0138246988865264,0.0050723311688863,0.0093182056126269,0.010795585303144,-0.0027162487421071,-0.0268893603687033,0.5071928783799662,0.0081282323141258,0.5054170548012762,0.5226661580981631,0.5065982233394276,0.5015273545727585,0.499755601088206,17.8,9.3893556754444,24,26,14,24,1
-325,39.36355116539395,0.0914119294299068,39.259374008965246,39.26691999140474,39.50381336015524,39.38734966946631,39.40029879697819,0.115141748120413,0.0292146844689004,0.1284763502705957,0.1425493894932196,0.0584797720453634,0.1223270022454335,0.1238762265474525,0.6478044767969663,0.0375640089366614,0.6651681624736983,0.6857436606564473,0.5758646311833686,0.6566968600160068,0.6555490696553102,39.602841556433475,0.0667689783712897,39.625417882745914,39.65369727394798,39.59014742302172,39.665178587942414,39.47976661450935,0.0076016384656682,0.0043347105054142,0.0143176024836121,0.006846707540028,0.0095038169035405,0.0062912110465042,0.0010488543546561,0.5152716540929043,0.0110656579680839,0.5259754657745361,0.5291218504761205,0.5144183644742677,0.5069036989501028,0.4999388907894944,39.66221187475957,0.1734746615277817,39.735234116062976,39.43603278651382,39.94813028971354,39.55450370094993,39.63715848055753,0.0027685191651636,0.012339660318781,0.0037809695314728,0.0051266429099169,0.0240186505076108,-0.0097570427495873,-0.0093266243735949,0.507455587387085,0.008525888785046,0.5066491356401732,0.5239796981667028,0.5004174655134027,0.504246074141878,0.501985563473268,21.4,6.499230723708768,24,30,10,22,21
-300,39.40541110481184,0.2572616820227982,39.27937729825678,39.050862459792306,39.456546862100815,39.402762068915614,39.837506834993654,0.098862641347937,0.0616838204942601,0.1263344715704623,0.1797667251727015,0.0708390903976006,0.1207780284019782,-0.0034051088030574,0.6298083716446591,0.081121293398,0.6592162736912364,0.7416801028644916,0.5886977843402588,0.6597744982267163,0.4996731991005927,39.59469419537169,0.0960610047805323,39.61806985103723,39.643314245975375,39.65302669640744,39.654695684259586,39.4043644991788,0.0073043579292116,0.0056091376448449,0.0160294037142937,0.0094575161170778,-0.0012736362264011,0.0065555914841366,0.0057529145569512,0.5156748787923292,0.0111932956198899,0.5240611560416945,0.5316165550188585,0.5104777478810513,0.5128909972580996,0.4993279377619425,39.645339064164595,0.1852964264934104,39.71379505504262,39.4437299786192,39.971536000569664,39.52328306255919,39.57435122403231,0.0014993076325591,0.0144598885404108,0.0094264232638207,0.0058436360577064,0.0195950030095197,-0.0043249415572394,-0.0230435826110117,0.5086876688581524,0.0057911211630229,0.5142656248627286,0.5122087652033026,0.5026270674936699,0.5136037649530353,0.5007331217780258,20.2,13.905394636614956,23,43,12,22,1
-275,39.073372508570095,0.5756275952841993,38.61593911082474,38.17466606061483,39.65888878733841,39.45332725760863,39.464041326463835,0.1557894929864242,0.119134204427379,0.2453093846741411,0.3316941485577023,-0.0080665451133642,0.1059141430005277,0.1040963338131142,0.7022455000385796,0.1502621073075302,0.8243399084228831,0.9196220445878728,0.4985257427102512,0.637366959421905,0.6313728450499859,39.600703684488934,0.0639410116462441,39.63982090805517,39.61606262669419,39.61486851085317,39.65616006562204,39.47660631122011,0.007731181577864,0.0108876578220078,0.0182032450243379,0.0216397268725841,-0.0080537155947902,0.004753858217913,0.0021127933692751,0.5170820953267994,0.0160736625608781,0.5178091264132297,0.5471753631577347,0.5000305266091318,0.5104573802514509,0.5099380802024495,39.672863908247514,0.1886810919925635,39.72318868926077,39.470405809807055,40.00216640125621,39.51235464847449,39.65620399243904,0.001166943477636,0.0106399748887512,0.0159323988482356,0.0109727653872334,-0.0035909351074334,-0.0046808323681806,-0.0127986793716748,0.5098158850814357,0.0100045287928586,0.5184811705892737,0.5244277282194658,0.5001832635113688,0.5065982233394276,0.4993890397476427,36.0,31.3878957561669,60,85,1,18,16
-250,39.33602972128957,0.2351383582571599,38.99106534977549,39.17090181960273,39.337408203439615,39.610208766976584,39.57056446665341,0.1200262851638661,0.0431315713656027,0.1865282776890341,0.1551807193642424,0.095919749920362,0.0759980017847391,0.0865046770609531,0.6527731399560712,0.0600802186240809,0.7448587012045162,0.7025422638224572,0.6183696204854041,0.59083267984931,0.6072624344186685,39.59075305823123,0.0677303516783913,39.61649056636926,39.63311605742483,39.6427949847597,39.60332650849313,39.45803717410926,0.0098592582920735,0.0072828646919197,0.0225297391104201,0.0122636177040862,0.0082131294025616,0.0048774841918864,0.0014123210514133,0.5141882374431148,0.01111341553695,0.5125753328655706,0.5324718816713854,0.5173101831566204,0.4981671427235459,0.5104166467984518,39.634905069524585,0.209212296653118,39.74788561734286,39.40275729786266,39.98325405698834,39.472446788441054,39.56818158698805,0.0075943413500984,0.0118430643505872,0.0088347139006311,0.0151755065290313,0.0221933311303005,-0.0129161275020151,0.0046842826925443,0.5081235591209297,0.0063796784174516,0.5049384778196161,0.5208027724063757,0.5043071716120748,0.5062622057669091,0.5043071679996721,23.0,13.311649033834987,43,34,18,9,11
-225,39.38260019046744,0.25642325557315,38.995524258957694,39.205256904523395,39.653964367109474,39.404815870462,39.653439551284634,0.1017231848858988,0.0656521565733411,0.1810865672593264,0.1494704532177792,-0.0056430988551415,0.1168534144970405,0.0668485883104893,0.634950506564268,0.0847044819961154,0.7411901778781537,0.6998966489870524,0.5029172811311545,0.6483146280971999,0.5824337967277802,39.5824648770419,0.0870645736879776,39.642772212173,39.64838629057913,39.58170792550752,39.624720486727625,39.41473747022224,0.0110328027414101,0.0025201961445574,0.0147458400972413,0.0123749535925912,0.0116060603071342,0.0082359375206358,0.008201222189448,0.5172816711844821,0.013017083215117,0.5317896541320917,0.5311277924161969,0.4999999819379864,0.5182673371199406,0.5052235903161945,39.64590782396721,0.1999190181316274,39.7013053894043,39.46847418582801,40.00415986956972,39.460557879823625,39.595041795210406,0.0005721007643098,0.0140854903760237,0.01751563142082,0.0059723736661853,-0.0039347426006288,0.0074074901217086,-0.0241002487865361,0.5060911362821405,0.0080753273621643,0.5101315388173768,0.5029019875959917,0.4991141015833074,0.5199270817366514,0.4983809716773755,19.8,14.218298069740978,39,32,1,19,8
-200,39.33972959223482,0.2329343573255181,39.29348428470572,38.931367421887586,39.44976515622483,39.63635592116523,39.38767517719072,0.1200103787676498,0.0480638433081492,0.126485328967731,0.203731289843923,0.0728022575272804,0.072564922782026,0.1244680947172887,0.6560086788590421,0.0686214328644268,0.6614343130711428,0.7766283197501271,0.592269804981566,0.586369882846616,0.6633410736457589,39.618123141202055,0.06361703300919,39.67077971949722,39.6316154942368,39.64172340161873,39.652924277565695,39.49357281309186,0.0049611841610661,0.0072898153220905,0.0070644300148794,0.0178141716557244,-0.0015583498911424,-0.002256401616967,0.0037420706428361,0.510787292321523,0.0110733259059555,0.5085227128231165,0.5313314398129781,0.51130252625003,0.4992668439041484,0.5035129388173422,39.66680540605024,0.1874582997607056,39.732282349557586,39.4273242372455,39.972263682972304,39.52323312470407,39.67892363577178,0.0043000565108024,0.0139598510095689,0.0109088074303034,0.0157683110993468,0.0196776918954018,-0.0136747775373585,-0.0111797503336812,0.5059750576814016,0.0165005265695956,0.5051217675209045,0.5334290338285042,0.5127382531310573,0.4908052131985173,0.4877810207280246,23.0,13.725887949418793,23,48,12,9,23
-175,39.522635855134,0.1302754720983074,39.48592136815651,39.71895972969606,39.43268848694477,39.6190499374547,39.35655975341797,0.0722319848249791,0.0394563403567366,0.0799402545263856,0.0053051600866403,0.067928224177935,0.0794031850647987,0.1285831002691357,0.592886915403543,0.0529607563764261,0.6067093229785407,0.5026871629596985,0.5847991434569212,0.6029903261931902,0.6672486214293647,39.593855008212,0.0600252549837156,39.6219306714607,39.620164813417375,39.65348758119525,39.59376086610736,39.47993110887932,-0.0007470919270858,0.0073054435672675,-0.0015025389465418,-0.0115606457164341,-0.004771880353942,0.0094541559898943,0.0046454493915944,0.5116466912356289,0.0060090325799714,0.5153347831783872,0.5001832653175701,0.5170861654209368,0.5115469052936091,0.5140823369676416,39.61738749417391,0.1834958341793663,39.678337675152406,39.40995158571185,39.92569224039713,39.454427661317766,39.61852830829042,0.0060143514959649,0.013714093067778,0.010472886292546,-0.0086829034103588,0.0304222326499946,-0.0031155510382218,0.0009750929858648,0.5122515308134483,0.0071188481683473,0.5126771619825652,0.5015578938252998,0.5189088275938323,0.5206907662478361,0.5074230044177084,11.0,7.014271166700073,10,1,11,10,23
-150,39.183809921421954,0.5678605508888451,38.758235892069706,38.30223319456749,39.436333489172235,39.84179455472022,39.58045247658012,0.1358974260897327,0.1120239033242339,0.2218313942250517,0.3058864600265149,0.0681364322561271,-0.0038554133564118,0.0874882572973819,0.6794543005142015,0.1468574929163044,0.7990180395313145,0.8988223635044295,0.5847501496678775,0.4997847089447926,0.6148962409225935,39.59150658809777,0.0694913178137409,39.61718761559689,39.61046080155806,39.64636161110618,39.628848220362805,39.45467469186494,0.0069803150243718,0.014533890148113,0.0226797813648414,0.0254923421889543,-0.0038208070239334,-0.0109020236766699,0.0014522822686668,0.5189169766324939,0.0167670847242033,0.5313518101518805,0.5451796027747068,0.5059872766335806,0.5004581899353953,0.5116080036669066,39.62489821694113,0.186830861475756,39.723469936486445,39.40967588713675,39.928221615878016,39.464244033351086,39.5988796118534,0.009684402828641,0.0169603131898339,0.0170807204011714,0.0226096033654881,0.0293481652483795,-0.0142082318550709,-0.0064082430167631,0.5166198112747885,0.0139960002854585,0.522238496578101,0.5403938428922133,0.5141434344378385,0.5004887409282454,0.5058345415375449,30.2,28.57551399362748,51,76,11,1,12
-125,39.0738567155661,0.4284295331494548,39.36999767342794,38.90703594561705,39.24894297491644,39.52383446447628,38.31947251939282,0.1662512739909064,0.0784450768234617,0.1091969484828182,0.2030969843575635,0.1157804537833351,0.0988528464258331,0.3043291369049819,0.7173426167252137,0.1040563174672631,0.6416397291360442,0.7758518617177746,0.6474995674546232,0.6261045478053928,0.8956173775122338,39.59012314767549,0.0886872227678998,39.656890869140625,39.616054650509,39.65105680985885,39.609956336743906,39.41665707212506,0.0132109994915398,0.008464055047002,0.0053503768462123,0.0206622037415703,0.0038742675925746,0.0107963102107698,0.0253718390665722,0.5226498727545594,0.0131491446846362,0.514683111147447,0.5354044310974352,0.5072804549426744,0.5147849312334349,0.5410964353518053,39.612183403246334,0.1836548847685256,39.67664603031043,39.37936979351622,39.9160815152255,39.4782758770567,39.61054380012281,0.0181986686576044,0.0135895172003743,0.0209352152817177,0.02461877329783,0.0376207326171976,-0.0027645336972041,0.0105831557884812,0.5192591071128845,0.0114396579411498,0.5185015309940685,0.5414935503945206,0.5109970488331534,0.5140314282792987,0.5112719770633813,35.0,23.177575369309015,18,47,22,13,75
-100,38.79406337934671,0.4297234944507292,39.2181607275894,39.31419341097173,38.78987538445856,38.19941817608076,38.448669197633095,0.2152044727515007,0.0803016425456073,0.131169596898187,0.1275397763808363,0.204822275499554,0.3263716365873199,0.286119078391606,0.7830891708737796,0.1023696318412379,0.6680810052095,0.6710606579928055,0.7819150932056388,0.9142090819545629,0.8801800160063911,39.565475302031544,0.0862640742351827,39.63933251120827,39.62151036118016,39.619649251302086,39.53953922156131,39.4073451649059,0.0217356539190267,0.0101526373055172,0.0131917617876421,0.0117450495052969,0.0172541186665043,0.0386110217677372,0.0278763178679527,0.5313945748589256,0.0121497317392375,0.512453146053083,0.5287145511670546,0.5267391493826201,0.546146939198176,0.542919088493694,39.62549047759085,0.1922087240337797,39.68249257405599,39.35065760756984,39.93785719438033,39.53407992738666,39.62236508456144,0.0189746163277463,0.0109816298934172,0.0211631406775929,0.0263911090001012,0.034130825858676,0.0047342832284894,0.0084537228738719,0.5300240144585118,0.0104174387013762,0.5204871116262494,0.5485601867690231,0.5232974742398118,0.5343759990099705,0.5233993006475044,49.8,24.457309745759037,22,24,49,83,71
-75,39.09686905379148,0.3173130998322169,38.67520275312601,38.97561472469999,38.90962836668663,39.393736495185145,39.530162929259625,0.1622174882128373,0.0509102293779254,0.2327374216822005,0.1946931848513711,0.1735389418131911,0.1166596416499196,0.0934582510675044,0.719404405048213,0.0718370761800814,0.8167296912252289,0.7674295459825968,0.7368550558680111,0.6532940815404519,0.6227136506247766,39.582709757486974,0.06318138884074,39.60116831461588,39.60999829841383,39.61996818311287,39.62499514493075,39.45741884636156,0.014042519879612,0.0076145234918654,0.0247468866802977,0.0187077390763795,0.0149487387671163,0.009089343193354,0.0027198916809125,0.5253706270095073,0.01152778861579,0.532522796681433,0.535536804434025,0.5357506374518076,0.5145710986672025,0.5084717978130687,39.6250524000688,0.1865865245980199,39.713058124889024,39.362331332582414,39.91073885830966,39.50053336403587,39.63860032052705,0.0133765138205931,0.0203168634980541,0.0181139034190864,0.0282585623278988,0.0399789469260157,-0.0050420690835876,-0.0144267744864478,0.5280017751635926,0.0131849226496492,0.5341214366031416,0.5480205100594144,0.5292949522986556,0.519438318230889,0.5091336586258628,32.6,15.12084653714864,52,42,39,18,12
-50,39.14766312432043,0.3005019049749483,38.57798067073232,39.174477528051,39.34695698059711,39.20216806156119,39.43673238066054,0.1540883966251132,0.0519522088595006,0.2469163893424358,0.1532112659560036,0.094478260706534,0.1579308400756305,0.1179052270449621,0.7066867580118867,0.0715817892674766,0.8346744259608161,0.7114144176551976,0.6257437817829171,0.7065359206543755,0.6550652440061274,39.58134952891957,0.0676460654803384,39.575746247262664,39.608498544404,39.64850396820993,39.61966716881955,39.454331715901695,0.0168363489605712,0.0104376622945465,0.0315014443670709,0.0218697225562099,0.001653050636929,0.0202178312183329,0.0089396960243131,0.5263074141560178,0.0133861754529773,0.5447621182961897,0.5394977827866873,0.5102944626952662,0.5173101858659224,0.5196725211360238,39.62249465711189,0.1791279335083386,39.706649549079664,39.37570323366107,39.909112872499406,39.52437695589933,39.596630674419984,0.0174085136700534,0.0131922615101285,0.0189891327736955,0.0253491786054589,0.036955710147705,0.0030244940496755,0.0027240527737321,0.523444104194641,0.0059574353139687,0.5225134293238322,0.5328079019532059,0.5235825876394907,0.5242648124694824,0.5140517895871942,31.2,14.260434775980707,57,31,17,32,19
-25,39.04947861347002,0.4059473232806105,38.64740171137544,38.609554841346345,38.93659737183876,39.53484025935537,39.51899888343418,0.1721520664170384,0.0663292079920323,0.2343641332129842,0.2560928817262354,0.1747749104481382,0.0958367983628179,0.0996916083350163,0.7306274558465506,0.0916016584424082,0.8110465223027259,0.8477926223548418,0.7410313210536524,0.6233431368144517,0.6299236767070809,39.5642722158721,0.0679336044613602,39.594853141091086,39.575109886400625,39.62602372602983,39.59295839251894,39.432415933320016,0.019909341531721,0.0079235166299483,0.0280207432806491,0.030381709450122,0.0167977811599319,0.0143026514261057,0.0100438223417961,0.5295291463534038,0.0161365550212992,0.5479696004679708,0.5478779565204274,0.5278490402481772,0.5137157747239778,0.5102333598064653,39.62329018332743,0.1842095856311202,39.72123070919152,39.39224324081883,39.9112399708141,39.46909771543561,39.622639280377015,0.013984303294935,0.0179625226167755,0.0172689853969848,0.024931958650775,0.0396190236576578,-0.0020255308146729,-0.0098729204160697,0.5265090283119317,0.0157341773698126,0.5250895908384612,0.5524600717154416,0.5219228439258806,0.5296207973451326,0.5034518377347426,35.0,19.76866206904251,51,61,38,12,13
0,39.23845489344646,0.2587628103126718,39.01605940356697,38.94004554355267,39.6521626895236,39.193529974554,39.39047685603506,0.1290505190034272,0.0724686891631323,0.1777029481438017,0.1962590907345113,-0.0070899508691863,0.1570038382232803,0.1213766687847289,0.6779983731889233,0.0961289988176815,0.7446478851062736,0.7696149238606089,0.5002627618534049,0.715917301546667,0.6595489935776622,39.57605026707505,0.0588232221117613,39.61122940525864,39.58058790727095,39.60676435990767,39.62026746345289,39.461402199485086,0.012808158711502,0.010855215215424,0.0220241275982874,0.0260627895424311,-0.003748729486357,0.0141491295600479,0.0055534763431007,0.5285577367652545,0.0186579157731878,0.5454545255863306,0.5516658316959034,0.5000305293184338,0.5273704637180675,0.5182673335075378,39.63111087914669,0.2130275062887099,39.71032287135269,39.38207424048221,39.99915221243194,39.490107102827594,39.573897968639024,0.0094967292706397,0.0088253988831787,0.0155741214526422,0.0226776049839276,-0.0022119657757381,0.0031551761891354,0.0082887095032316,0.5217314115076354,0.012105824602191,0.5259245543768911,0.5351295019641067,0.4992057455308509,0.5213628095207792,0.527034446145549,25.6,14.677874505527017,34,44,1,30,19
25,39.01401060438648,0.4049524165011288,38.89513271371114,39.07452113358016,38.334129294169315,39.19956659533314,39.56670328513863,0.176463921451173,0.0597336333835988,0.1934602968010705,0.1703999796018158,0.2731469992509822,0.1571287632603006,0.0881835683416959,0.7396209886393597,0.0818729702607524,0.7610575120473645,0.7376760576189179,0.8701986781100637,0.7132776268978709,0.6158950685225811,39.57236420602509,0.0625689341596799,39.5827363910097,39.58737922437263,39.62691151012074,39.613239866314515,39.45155403830788,0.0198234712705016,0.0080511695079092,0.0281873982061039,0.0260326920190092,0.0225094849187316,0.0166456316964644,0.0057421495121988,0.5249429599805312,0.0137109826198405,0.5383267971602353,0.5429496376803427,0.5080034046462087,0.5224726895491282,0.5129622708667408,39.62232423262164,0.1902659618119682,39.730530825528234,39.381997426350914,39.91862695867365,39.46858527443626,39.61188067811908,0.0165429826910522,0.015112510449489,0.013853677012252,0.0240907925463309,0.0406404758493105,0.0083029321818189,-0.0041729641344511,0.5287898988434762,0.0134399171947227,0.5260569245526285,0.5473586492466204,0.540536394624999,0.5190310207280245,0.5109665050651088,36.8,17.859451279364663,42,35,66,30,11
50,39.14216417922187,0.2342733026524713,38.98623649361208,39.16635473978888,38.87840420437842,39.11436564651961,39.56545981181036,0.1577556043287221,0.0360192558120909,0.1834592383700548,0.1548079492274633,0.1847851290991626,0.176724424912143,0.0890012800347866,0.7181688620257622,0.0528269966448207,0.7530598038250638,0.718065565394372,0.7607412823696726,0.7424625084572232,0.61651515008248,39.56568443991921,0.0697585518157819,39.58084291400331,39.5922675855232,39.612014308120266,39.61484227035985,39.42845512158943,0.0192097864837816,0.0054502468338302,0.0268754396361835,0.022654960355298,0.0191306865802316,0.0166127183143874,0.0107751275328072,0.5299669925010566,0.0104610497004977,0.5466458788423827,0.5379398663838705,0.5203751090801123,0.5223606851967898,0.5225134230021274,39.606133848248106,0.1812668597446868,39.69595649025657,39.352224523370914,39.88689919674035,39.49250354188861,39.60308548898408,0.0179375059959111,0.0176793855886316,0.017335313626311,0.0291473622518506,0.0447430654118458,0.0022613403923583,-0.00379955170281,0.533858735814239,0.0120636262784938,0.5314943636908676,0.5507596017736377,0.5397116180622217,0.5335206777760477,0.5138074177684206,30.8,10.205880657738458,37,31,38,37,11
75,39.22377139219304,0.4017299806047985,38.9607482595542,38.57247342768404,39.64960585918623,39.38764029434047,39.54838912020025,0.1299082326693172,0.0882474379854781,0.1820801453492076,0.2576461054922379,-0.0051186538503034,0.1256283020466259,0.0893052643088182,0.677314915669333,0.1203165827700006,0.7495352877784021,0.8572764519563655,0.5027806983166134,0.6640027220716181,0.6129794182236662,39.54876937866211,0.0657753279442603,39.57902457497337,39.53424453735352,39.61026937311346,39.5930430094401,39.4272653984301,0.017276175819676,0.0156840677792052,0.0277505676177414,0.0381908133682428,-0.0078208327406283,0.0182020422494546,0.0100582886035695,0.5239776633905642,0.0209421716651543,0.5310259705240076,0.5604329398184111,0.4990530113379161,0.5178804013765219,0.5114959938959642,39.61611567410556,0.2231718850594807,39.66133822816791,39.336137771606445,40.00186191905629,39.47582649462151,39.60541395707564,0.0103204522620547,0.0168510217048643,0.025205533104864,0.0354290415222446,-0.0048055706376379,0.0017454671306592,-0.0059722098098559,0.5244969689484799,0.0234169792273596,0.5409640588543632,0.5557897316687035,0.4986253480116526,0.5306186730211432,0.4964870331865368,26.0,21.52208168370337,37,62,1,19,11
100,39.161206597397005,0.2645814680839286,38.82326118233278,39.57942345216102,39.10489689935114,39.31870501803369,38.979746435106414,0.1511063241236603,0.0492765953385379,0.2085107924397458,0.0718153449370689,0.1403292460923957,0.1365432852936774,0.1983329518554137,0.7092643417648433,0.0684299550805935,0.7904561751896573,0.5960081075270152,0.7028852105140686,0.688395214449499,0.7685770011439765,39.549460347493486,0.0894256104206234,39.57107728900331,39.57168486624053,39.5935286319617,39.63438022497928,39.37663072528261,0.021482306744226,0.0077192398589802,0.030528171693511,0.0137180696721329,0.0186709473474007,0.0136812957511706,0.0308130492569144,0.5386607886263819,0.0114389067774952,0.5325737049182256,0.5485398254611276,0.5256088981122682,0.5309139661716692,0.5556675484686187,39.60565202886408,0.1893691611625509,39.679928635105945,39.33696359576601,39.90709270130504,39.502143397475734,39.60213181466767,0.0204672308300029,0.0132978470290614,0.0238793275573036,0.0294397250382286,0.0384197901144172,0.0031134903882489,0.0074838210518161,0.5317509620478658,0.0053397946819207,0.5348545791524829,0.5403836577227621,0.5266576942169305,0.5307103124531832,0.5261485666939707,29.4,12.289833196589774,43,11,27,23,43
125,38.8269801896872,0.7840476404240195,39.019990626069685,38.05470441051365,37.79713215778784,39.425647696268925,39.83742605779589,0.1976272306856267,0.1384064499552093,0.1693408112089658,0.3409763144463608,0.3633545375976366,0.118655373409544,-0.0041908832343736,0.7562512308051905,0.1684560717214946,0.7359716959835327,0.9331900876821932,0.9475316257820916,0.6630570154214642,0.5015057291566711,39.53842445142341,0.071213976992029,39.561975074536875,39.52442296346029,39.563911784778945,39.62894116025983,39.41287127408114,0.0245038590365738,0.0152293906293161,0.0303072743682247,0.0435209389437328,0.0351395127222393,0.0101415207045096,0.0034100484441627,0.5361049845363155,0.0261047902642965,0.5424303322127371,0.5725297187313889,0.5512483553452925,0.5153856963822336,0.4989308200099251,39.59967376246597,0.1856310891437269,39.69487242265181,39.366202267733485,39.90016567345822,39.46723255966649,39.56989588881984,0.0173060284278383,0.0212378442011076,0.018203095984504,0.0318787654466701,0.0460304286556713,0.0061726320506722,-0.0157547799983259,0.530928217642235,0.0181426041305511,0.538774828116099,0.5492424079866121,0.5444973779447151,0.5227985373049071,0.4993279368588418,44.4,35.03483980268784,32,82,89,18,1
150,39.3580805277087,0.3054321258258251,38.80694171079655,39.42488774565077,39.65210413195423,39.289423244515646,39.61704580562631,0.1033543025853938,0.0713555676653698,0.2094725844325478,0.0958789625809979,-0.0054497069813618,0.1419846396317187,0.0748850332630663,0.6397956505264204,0.0972210142540555,0.7889537301260171,0.6294241817956118,0.4983668889581543,0.690605830285967,0.5916276214663515,39.561226376620205,0.0668021222738243,39.560187021891274,39.566929903897375,39.62884509924686,39.61195928400213,39.43821057406339,0.0136264584845665,0.0153671696755997,0.0328353718769821,0.0220198132605715,-0.0127536379026644,0.0177409637606505,0.0082897814272931,0.5228372266798308,0.0159594663668505,0.5407807754747795,0.538978476415981,0.4996639607530652,0.5242546300093333,0.5105082907459952,39.65135960434422,0.2141231749848465,39.70086346250592,39.384911970658735,40.0057741800944,39.480791265314274,39.68445714314779,0.0017520916986871,0.0179463701039913,0.0200746219718095,0.0151569744797818,-0.0032328996017123,0.0072558152940914,-0.0304940536505345,0.5206602154356061,0.0159803759044668,0.5326958930853641,0.5360866604429303,0.500672027017131,0.5321969480225535,0.5016495486100515,18.4,14.16474496770062,42,15,1,25,9
175,39.033936978369645,0.3739084415154395,38.615236734606555,39.41712774689665,38.54501079284039,39.3089485168457,39.28336110065893,0.1735636609654451,0.0564967421024093,0.2402867077244925,0.1088790862254567,0.2427245372349454,0.1363132660536422,0.1396147075886886,0.7386108776343238,0.0794585946037634,0.8313745850140286,0.6479088267714707,0.8370265770204288,0.6871733597873413,0.6895710395783493,39.58057708740235,0.1091372173519785,39.64640079845082,39.60603644631126,39.63106629342744,39.654561360677086,39.364820538145125,0.0210633626123043,0.0055688365918764,0.0241923239082098,0.0230909651850886,0.0268617438321763,0.0204609027979048,0.0107108773381421,0.5344941182570023,0.006305813643159,0.5364735885099932,0.5427052622491663,0.5380009629509666,0.5309139580437632,0.5243768195311228,39.6141856916023,0.2174060910589133,39.669016404585406,39.343455863721445,39.87360069968483,39.37820469249379,39.80665079752604,0.0203317947093058,0.0193650294536479,0.0283227126029404,0.028772398321466,0.0479247859453387,0.0004956867884505,-0.0038566101116664,0.5313762466112772,0.0137961943300696,0.5412797187313889,0.5288367361733408,0.5509937938415643,0.5248961249987284,0.5108748593113639,34.6,15.265647709809109,51,18,55,25,24
200,39.01238972772027,0.5182841604062797,38.526090916899065,38.254387688390985,39.35267147575457,39.4026668194643,39.52613173809248,0.1749405598872792,0.0895325223287899,0.250749990651288,0.3119035562903611,0.0942748494052625,0.1219520676381809,0.0958223354513036,0.7356467637204631,0.1179102800253798,0.8421381607498091,0.9111789489529796,0.6364068972695734,0.66436349239546,0.624146319234494,39.583314837831445,0.1209876138624894,39.6115968877619,39.61355428984671,39.66998002023408,39.67416150642164,39.347281484892875,0.0185996381735259,0.0115054134795731,0.032204216797695,0.0330544331985892,0.0090686843702287,0.0109720079962051,0.0076988485049117,0.5350785916501825,0.0201045507115883,0.5595878010446375,0.5577040350798405,0.5151514961864009,0.529875349817854,0.5130742761221799,39.615056032122986,0.2345339781746973,39.66177449081883,39.3337906924161,39.92381899284594,39.35925922971784,39.79663675481623,0.0169692612450682,0.0210663988496586,0.0299962760711258,0.0380762692427996,0.032959453366471,-0.0013159666153969,-0.0148697258396582,0.531190925655943,0.0184837021660286,0.5439373426365129,0.5605754960667003,0.5248961204832251,0.5138074159622192,0.5127382531310573,36.0,25.219040425836983,57,75,16,19,13
225,38.84220660494775,0.3535899174882946,38.71497761834528,39.27324409091595,39.117402184869825,38.25287698962025,38.852532140987435,0.2085539612535041,0.0659843234078647,0.2308299340230902,0.1410940482290749,0.1365790369238743,0.3155023212899867,0.2187644658014946,0.7848484259290794,0.0832042916771309,0.8208911093239931,0.6906132519859629,0.6956862364847636,0.9115768302347242,0.8054747016159529,39.57873958240856,0.1535920788762978,39.624786261356235,39.641183679754086,39.67748537930575,39.67600539236358,39.27423719926314,0.0222260304275109,0.0078609469724644,0.0296567696513551,0.0177951774023699,0.0102888215333223,0.0216109299834704,0.031778453567037,0.537945974595619,0.0117940288395944,0.5465847795659845,0.527278819770524,0.5203751036615083,0.5459738337632382,0.5495173362168398,39.59807140465939,0.2498881618914339,39.66965681133848,39.36313692728678,39.93052777377042,39.26145039182721,39.76558511907404,0.0245104252092653,0.0100949111366956,0.025291122496128,0.0258664179198218,0.0336720353824961,0.0322651375423778,0.0054574127055027,0.5358931904489344,0.0126555088557388,0.5395894249280294,0.527859220902125,0.520924960121964,0.5580400643926678,0.5330522818998857,45.6,19.744366285095097,50,26,25,79,48
250,39.303080757377074,0.368526425444926,39.045081699017395,39.12923549376812,39.64456530698796,39.82866609711008,38.86785519000181,0.1077432366731317,0.092906096976657,0.169831451451041,0.1591192590668029,-7.782780478910073e-05,-0.0069308586793077,0.2167741593319116,0.6501885273407415,0.1229546388160595,0.7342876324948576,0.7162652009541226,0.505099690144824,0.50086849067629,0.7944216224336133,39.56589468753699,0.1454945349811671,39.61603962291371,39.62011926824396,39.66063944498698,39.65553144975142,39.27714365178888,0.0138284506106918,0.0175821282685933,0.0283409184070699,0.0256867919004324,-0.0089613255677801,-0.0062464635085427,0.0303223318222797,0.5279956633394415,0.0233146540353896,0.5383064331430377,0.5502606521953236,0.4999083388935436,0.5000916240793286,0.5514112683859739,39.622171714089134,0.2517898351793164,39.685814597389914,39.36625844782049,39.9972916805383,39.31859530824603,39.74289853645094,0.0073563767822854,0.0146836272569177,0.0168318573498364,0.0262929299338297,-0.0007665572462208,-0.0161646623164415,0.0105883161904233,0.5219635685284931,0.0191094688324404,0.5285007167946209,0.5347323860182907,0.5001221723628767,0.4993584833361886,0.5471040841304895,22.6,18.32593790232849,32,30,2,1,48
275,38.9990924323957,0.2396937578895882,39.39970429410639,38.76397284281622,38.85948590150814,39.1468813001495,38.82541782339823,0.1811709323705932,0.046828594961442,0.0997341441413022,0.2284300732858402,0.1931454098408984,0.1630378532194599,0.2215071813654653,0.7502174270521735,0.0648754076071374,0.6366483974702579,0.8157092541763463,0.7698475147031018,0.7252808698673838,0.8036010990437773,39.57869701963482,0.1538584399826973,39.64874591249408,39.59644907171076,39.689215342203774,39.68110691417347,39.27796785759203,0.0205243108737649,0.0100509216910847,0.0123988905865134,0.0346165878246679,0.0135541482631004,0.0112432256961862,0.0308087019983566,0.5383573479724653,0.0121442143819096,0.5342130805506851,0.5485398200425234,0.5272279101790804,0.5254154322725354,0.5563904968175021,39.59706787340569,0.2380103439531873,39.63659020626184,39.33105064160896,39.9035398309881,39.31854820251465,39.79561048565489,0.0235306755413837,0.0154699702975295,0.025836391303914,0.037460556479566,0.0415565880354155,0.0129337930543856,-0.0001339511663624,0.5387890833796877,0.0076748906208939,0.524101888591593,0.5387646474621512,0.5416360994180044,0.5443242752190792,0.5451185062076106,36.0,13.431306712304652,14,50,38,29,49
300,38.87563914662784,0.3509619884207425,38.50023603930916,38.66087321645206,38.65259080080642,39.126671702591416,39.437823973980144,0.2035007906712821,0.0542616792157505,0.2624546710363368,0.2419788634654173,0.2283512575110209,0.1712688027122586,0.1134503586313773,0.7798043424321204,0.0735026029991588,0.8547713830298984,0.8367123308869981,0.8144582049133852,0.7358321406177639,0.6572476527125565,39.597271058053686,0.1122975609983951,39.63498028841886,39.59464333274148,39.67348595821496,39.699138988148086,39.38410672274503,0.0192328911726221,0.0105885470066132,0.0283304227120948,0.0330020727759057,0.0189128039461193,0.0120798676754489,0.003839288753542,0.5367953556956667,0.0102707907478081,0.5486721920244622,0.5463404032317075,0.5384693525054238,0.5288367343671394,0.5216580963496006,39.59849053585169,0.2206863994793106,39.66964062777433,39.32835122310754,39.85522518735944,39.34837711218631,39.79085852883079,0.0239244137100423,0.0195282087979957,0.0274670409659544,0.0363161707099414,0.0505618991499597,0.0105413634499365,-0.0052644057255802,0.5345246670824109,0.0219059705603088,0.5294680532180902,0.5512381719820427,0.5503726619662661,0.5478372275829315,0.4937072206627239,41.8,14.79729705047513,56,54,49,33,17
325,39.50492173814281,0.2285800974873198,39.25691777652072,39.23568768845391,39.66648196190903,39.82041294058573,39.545108323244705,0.0751357441297588,0.0639459530681034,0.139648020613132,0.1431962125310578,-0.0001938085734229,-6.0686135914215105e-05,0.0930889822139414,0.6010934605426395,0.0843683750624457,0.6884466766082135,0.6907824972241196,0.50324093097264,0.501478676328954,0.6215185215792705,39.59218710697058,0.1262753077020652,39.65024855642608,39.61945169622248,39.660323749889024,39.6874946825432,39.34341684977213,0.0040008425176369,0.0151180863751051,0.0150366684309009,0.0236717432060024,-0.0103084987424539,-0.0163398129357533,0.0079441126294885,0.5204606381329622,0.017895073024107,0.5375122021545063,0.542766357010061,0.5009469516349562,0.4996945063273112,0.5213831735379768,39.61996401006525,0.256124069960136,39.682859709768586,39.3557392467152,39.98654232603131,39.30691175749808,39.767767010313094,0.0067848108341973,0.0134687021050328,0.0159189782359383,0.0282718417883822,0.0022274560549042,-0.0053889981866108,-0.007105223721627,0.5124612898537607,0.0117062714449443,0.5166686863610239,0.5319831244873278,0.5009469471194528,0.5000610757957805,0.5126466155052185,12.4,10.365326815879952,22,26,1,1,12
350,39.413425343307026,0.2451762543775944,39.20774172753403,39.129947269085754,39.36128911283827,39.80380630493164,39.56434230214542,0.0952798697694214,0.0595208613474041,0.145350473136017,0.1626161416013216,0.089767305276443,-0.0074747054040739,0.0861401342373994,0.6325359682446903,0.0774488813563558,0.7001272618156118,0.7202915199024161,0.6275495886802673,0.5008180156810996,0.6138934551440564,39.59992994828658,0.1299306335971687,39.67845743352717,39.62379941073331,39.69733821984494,39.65530788537228,39.344746791955195,0.00812939698949,0.0089958233875595,0.0136806789898511,0.0221425486784992,0.0023037855598059,-0.0036960040981119,0.0062159758174058,0.5184445108428145,0.0160712022291202,0.5392126729994109,0.5337956032969735,0.517595294750098,0.4998777915130962,0.5017411916544943,39.62688251842152,0.2605887813110528,39.67337614117247,39.33472985932321,39.94303073305072,39.31815696485115,39.86511889371005,0.0076412038821162,0.0258565832978219,0.0202851697350993,0.032591595878881,0.0307466606186194,-0.0131085292069297,-0.0323088776150887,0.5176258401437239,0.0124198900810222,0.5179007658452699,0.5376954936619961,0.5209860566890601,0.4996028650890697,0.5119440194332239,16.6,10.9288608738514,25,32,15,1,10
375,39.19945669272512,0.4850602752164057,39.74502909552191,38.35982894897461,39.0972047392855,39.19168782971569,39.60353285012786,0.1358278783513521,0.0999876226377431,-0.0031059658102038,0.2964915726909932,0.1516658960236716,0.1612913879690711,0.0727965008832283,0.6835445254733882,0.1329140951524678,0.5019977989884996,0.8928947282820633,0.7164200956059485,0.7188642959004825,0.5875457085899471,39.600117307720765,0.1356427172004286,39.668518413196914,39.59755868622751,39.689346891461,39.70605318474047,39.33910936297792,0.0094952244537346,0.0157843778881115,-0.0129558026339068,0.0363104820082133,0.0103662623036088,0.0088979302990165,0.0048572502917412,0.5209310683337125,0.0212429795071293,0.5005498311736367,0.5582640767097473,0.5250081293510668,0.5206500346010382,0.5001832698330735,39.59894609162302,0.2414118486273344,39.68094380696615,39.29939732407079,39.87159335974491,39.32737853310325,39.81541743422999,0.0153740120487231,0.0280196073884657,-0.0004533587418722,0.0444472875220306,0.046822281639007,0.0135446332507964,-0.0274907834263462,0.5228718474055781,0.0317131241824988,0.5000610766988812,0.5668886276808652,0.5410251536152579,0.5302724648605693,0.476111914172317,27.4,23.88807233746583,1,70,28,29,9
400,39.33716744491735,0.2850282298906638,39.17577169359345,38.92693438972395,39.69357126766874,39.26916511771605,39.62039475588455,0.1127624441547914,0.072145846008116,0.1478170633085609,0.2019650787115097,-0.0078621964119182,0.1447268813157204,0.0771653938500844,0.6546877523672949,0.0942964132239254,0.6992364826890611,0.7746319881419546,0.5027658506152556,0.6980438287725154,0.598760611617688,39.60542480006363,0.1289472426336502,39.67724967725349,39.599616426410094,39.706134564948805,39.686230977376304,39.35789235432943,0.0049062284725633,0.0199249470491445,0.0143146135025855,0.0324089159398819,-0.0275647677481174,0.0088457079096273,-0.0034733272411606,0.5242362979686621,0.0194061843143799,0.5454748941190315,0.5474808405746113,0.4998472477450515,0.5210776952179995,0.5073008121866168,39.63000155362215,0.2494805203895579,39.69584054657907,39.33748921481046,39.99085686423562,39.36032052473588,39.765500617749765,0.0074602059257978,0.0171313435253249,0.0165515805058407,0.0344074106436561,0.0024667754769325,0.0006489672161864,-0.0167737042136264,0.5173631323106361,0.0131714204716347,0.5192143059138096,0.5401698287689325,0.5002749092651136,0.5169843471411503,0.5101722704641747,20.8,14.661514246489002,24,44,1,25,10
425,39.461949724020414,0.3287022315184248,39.222342579635146,38.939339588597875,39.63142245577783,39.809794278488944,39.70684971760229,0.0760411956990809,0.0776317300598264,0.1357575438379012,0.1939178523175495,-0.0006797873347844,-0.0035391759280998,0.0547495456028384,0.6029256947261772,0.1041555309007531,0.6837780125362357,0.7643123140040132,0.5039179251366055,0.5030345667883293,0.5595856551657018,39.58497649684097,0.1246546585073377,39.6580283425071,39.60405280373313,39.65033247976592,39.672549507834695,39.33991935036399,0.0077141096533247,0.0149005870634713,0.0160788132272886,0.0312935777121421,-0.0055851906989559,-0.0097781146001635,0.0065614626263127,0.5137035505338148,0.0185020368897933,0.5337548743594777,0.5387035508950552,0.4993890316197366,0.4964259348132394,0.5002443609815656,39.65652536334413,0.2622897519241746,39.71172425241181,39.38833889816747,39.98850816668886,39.321604295210406,39.872451204242125,-0.0028784089467742,0.0199931226453191,0.0108717390420761,0.0218835806643421,0.0011627499127026,-0.0124358511106534,-0.0358742632423386,0.507251937642242,0.0078330065034878,0.5171676296176333,0.5164955872477908,0.5012829719167767,0.5002138108918162,0.5010996885371931,15.0,15.8871016865884,22,43,2,1,7
450,39.09636570252094,0.3988661140698137,38.75803092091354,39.30161592149243,39.679455943943296,39.185708232761655,38.55701749349378,0.1522576757053815,0.092506792136768,0.2180056695624725,0.1300834548304376,-0.0077469335225669,0.1575888173328232,0.2633573703237415,0.7077115487806576,0.1210412208936319,0.7977229504241157,0.6701609731949482,0.5007002310654551,0.7181056510541857,0.8518679381645832,39.5924855781324,0.1497210944470125,39.668395071318656,39.651266040224016,39.67490618156664,39.67432854392312,39.293532053629555,0.0126294113356958,0.0136398545832051,0.0197885616710691,0.0146650287576697,-0.0119803965543255,0.0116658121573202,0.0290080506467457,0.5262585340124188,0.0178593935549768,0.5321969516349562,0.5269733441598488,0.4998166931397987,0.5179313096133146,0.5543743715141759,39.64042324875341,0.2480595691583983,39.728279344963305,39.40745232321999,40.00767239657315,39.32183519999186,39.7368769790187,0.0092519017952409,0.0067490031646088,0.0121044787493619,0.0133926023475148,-0.0036234240414518,0.0090792978069547,0.0153065541138251,0.5218413815353855,0.0118888722239762,0.5350684108156146,0.5155791622219663,0.5017106334368387,0.5289894775910811,0.5278592236114271,32.0,20.06987792688336,46,24,1,29,60
475,39.208978224292245,0.7115679422741774,39.0276192733922,39.588140664641394,39.65193070087236,39.87690648344374,37.90029399911153,0.1208171031754656,0.1403350872495224,0.1755516960756065,0.0700031687534347,-0.0064389775171107,-0.0033804981287607,0.3683501266941582,0.6581580671452985,0.1695308451420232,0.7441116368647703,0.5911553416055503,0.500452300629665,0.5069356837223485,0.9481353729041582,39.558093562270656,0.1174302777539747,39.645307598692,39.58598605069247,39.6138591188373,39.61904167406487,39.32627336906664,0.0073434864763509,0.0193223932690613,0.0114333972504193,0.0109800554134628,-0.0166684763618942,-0.0082586615656813,0.0392311176454479,0.5250875527208503,0.0284612808664091,0.5254052498123862,0.5223199580654954,0.4998166976553021,0.5000916177576239,0.5778042403134432,39.5969030900435,0.2624381783031548,39.70962062026515,39.38064315102317,40.001550963430695,39.25164130239776,39.641059413100734,0.0102421103511005,0.0109978953340146,0.0145239725878292,0.0156034759217591,0.0010542846284806,-0.0053669119423085,0.0253957305597423,0.5175708516077562,0.015718088735691,0.52248287562168,0.522818897709702,0.5010996867309917,0.4996028650890697,0.5418499328873374,27.8,34.28935694935092,34,11,1,1,92
500,39.23633957695715,0.2968680752130243,39.36111587839028,39.23449124994966,39.65826014882511,39.18598937988281,38.7418412277379,0.1297061699202533,0.0778291106237406,0.1140490082505437,0.1467846410406619,-0.0054374683129879,0.1608924281965826,0.2322422404264666,0.6765795079703183,0.1038181918591057,0.6562264242123083,0.6921322253561512,0.4981164797065184,0.7202885519597948,0.8161338586168191,39.56347228541519,0.1052576232091055,39.64163450761275,39.57006072998047,39.63346573800752,39.613322749282375,39.35887770219283,0.0129265500853459,0.017170472590668,0.0100458029544714,0.0246817034697442,-0.0191234902789195,0.0205216729223276,0.0285070613591056,0.5300179046211821,0.0166555191264828,0.5275231942985997,0.5401698287689325,0.4989919183832226,0.5371150880148916,0.5462894936402639,39.59505372480912,0.2689715494274862,39.70172477490974,39.329037117235586,40.00417975223426,39.26891032132235,39.67141665834369,0.0157477294151304,0.0104551492714404,0.0134560205042362,0.0350582290892348,0.0040312639268284,0.0160180829804052,0.0101750505749474,0.5222751539764982,0.0136611274023918,0.5140517904902949,0.5387035517981558,0.5008247612100659,0.5337854163213209,0.5240102500626536,26.0,16.816658407662327,17,30,1,30,52
525,39.16261882978616,0.4382083296608957,38.59693354183866,39.28574898316688,39.66258463908717,39.565977155547785,38.70184982929033,0.1388202511148584,0.0956208773284983,0.2421547931801412,0.134698685335437,-0.0030095809638577,0.0764688124361726,0.2437885455863992,0.6885853635281632,0.1310360255965729,0.8339658619202289,0.6810705391402098,0.5033592068657433,0.5913730878190896,0.8331581218955443,39.555643717447914,0.1099732247464363,39.60991056037672,39.61014152295662,39.594924464370266,39.62662783536044,39.33661420417555,0.0167941806979025,0.0118021336130761,0.0235416745259003,0.0195356666138677,0.0015493237949682,0.0056286751095092,0.0337155634452673,0.5237271738774848,0.0187214045129832,0.5408113228552269,0.5379093181003224,0.4995112229477275,0.5021993969426011,0.5382046085415464,39.61423336375843,0.2647990752517744,39.735893018317945,39.37075620709044,40.013225902210586,39.27702244845304,39.67426924272017,0.0102888127337351,0.0108780804343148,0.0148286080044327,0.0277594882204677,2.3046593097123232e-05,-0.0023464505193811,0.011179371370059,0.5190371294816335,0.017643919880298,0.5325635229096268,0.5389173852674889,0.4997861457593513,0.496028825189128,0.5278897682825724,29.4,22.150395030337496,53,27,1,10,56
550,39.46563568115234,0.3090407562455856,38.93766820062067,39.48125288658535,39.67000776467864,39.85344538737818,39.38580416649887,0.0796683575612368,0.0758645649024474,0.1890004552497538,0.0955604990348988,-0.0057208402725608,-0.0053888703792442,0.1248905441733365,0.6094201623164502,0.098779296590743,0.7555938713329354,0.6216577776928538,0.4991789801219075,0.5017978684189394,0.6688723140156146,39.58442898374615,0.0808465018489814,39.63851061734286,39.60377016934481,39.62677614616625,39.62873805652965,39.42434992934718,0.0017527520938804,0.0139200363046324,0.01624473985849,0.0134958835092909,-0.0191928722867459,-0.0100628635987187,0.0082788729870861,0.5163978309342355,0.0136916117213288,0.5314943627877668,0.5240306149829518,0.5004581890322946,0.4993279350526405,0.526678052815524,39.61805004929052,0.2614339289743607,39.73450458411014,39.38289283983635,40.01407114664713,39.28242325060295,39.67635842525598,0.0030757111864108,0.0132154324250434,0.0117240772215705,0.017786471483608,-0.0039217116480523,-0.0192334980449893,0.009023216919917,0.5190473108580619,0.0155223709523819,0.5308834169850205,0.5371354556444919,0.5004581890322946,0.5005803794571848,0.5261791131713174,15.4,14.093970341958295,39,16,1,1,20
575,39.13897024724901,0.5094015342189974,39.747114083201616,39.17276775714048,38.4411263220089,38.69899006479794,39.634853009096126,0.1444163069354619,0.1010115045825251,-0.0077811429281863,0.1566920003940149,0.2585665671174059,0.2419764224401454,0.0726276876539299,0.6955513125227899,0.1358199312821136,0.5004676402229624,0.7066234165860206,0.8557987465071923,0.8259522195943853,0.5889145397033888,39.559339719830135,0.0815937182872712,39.61946279352362,39.580136154637195,39.58533119432854,39.61277169892282,39.39899675773851,0.0122727985409173,0.0151549205988802,-0.0136230143182205,0.0215038811844406,0.0274457072726253,0.0219970765156727,0.0040403420500683,0.521617366328384,0.0220827732253285,0.5000610730864785,0.5344269158262195,0.5457396380829088,0.537481657483361,0.4903775471629518,39.58978946570194,0.2346686696610514,39.70536688602332,39.361688845085375,39.87239537094579,39.2643019358317,39.74519429062352,0.0103176877975012,0.0301995917207335,-0.0137844000463232,0.0275193644461758,0.052167832004753,0.0185439097271724,-0.0328582671442718,0.5295698756521399,0.0248047021629961,0.5020466537186594,0.5439882531310573,0.5643633775638811,0.5369623529188561,0.5004887409282454,31.2,23.429895432971954,1,32,59,55,9
600,39.36997800217462,0.3422374843300406,38.815890557987174,39.28522153244805,39.670537575004026,39.29024096616765,39.78799937926617,0.0979097700456983,0.0814594598237255,0.2067351705327476,0.134936187416315,-0.0035829530625613,0.141607597815929,0.0098528475260611,0.633914279200367,0.1087171498238935,0.7810836981252297,0.6805626958915868,0.5056207941979477,0.692410643567744,0.5098935642193273,39.5704983104359,0.1033891969473233,39.61824902621183,39.58895515673088,39.61195974638968,39.6638210181034,39.36950660474373,0.0097375780005346,0.0099120831257916,0.0172790121569326,0.0193851178540199,-0.0085693159366421,0.0119595874213811,0.0086334885069818,0.5162837871999452,0.015053674973281,0.5365041376966418,0.5276759339101387,0.4994806728579781,0.5189393767804811,0.4988188147544861,39.622837991425484,0.2510949602442366,39.70058290886156,39.33006367538915,40.006465102687024,39.362329078443125,39.71474919174657,0.0037896246677546,0.022016064225124,0.0163770846909645,0.0343690806943358,0.0018040033508882,-0.0013398466575326,-0.0322621987398826,0.5179129833524877,0.0161216206112499,0.534915673010277,0.5383980743812792,0.5002749083620129,0.5144183617649656,0.5015578992439039,19.4,15.679285698015711,43,26,1,24,3
625,39.174422297526874,0.6026683182100783,38.22224953248329,38.76904045183634,39.67551968761326,39.3504406643897,39.854861151311816,0.1289331594947725,0.1238196766998347,0.3035186613650666,0.2248711633620803,-0.0043289978369187,0.1302782746089488,-0.0096733040253142,0.6774768181068381,0.1583361674950781,0.8983184799705584,0.8042865020712626,0.5043464874483875,0.6776722147292698,0.5027604063147122,39.56431623516661,0.1002537609626253,39.58849369395863,39.57844474098899,39.64203135172526,39.6417675596295,39.370843829530656,0.009491599520499,0.0174627255896886,0.0284750413601145,0.0254557599228891,-0.0202977900873079,0.0090097690170461,0.0048152173897533,0.522458436091741,0.0235856909410795,0.5558100992983038,0.5447824841195886,0.5000916213700266,0.5134102955008998,0.4981976801698858,39.583788993141866,0.2611045195645678,39.643468567819305,39.326944408994734,40.01297101107511,39.29423811941436,39.64132285840584,0.0123458391111908,0.0193587548508358,0.0328146132330099,0.0369382419087218,0.0001538588072765,0.0048893678538275,-0.0130668862468817,0.528722693161531,0.0283728776747403,0.5676013998913042,0.5571032717372432,0.5010385946793989,0.5178396728905764,0.5000305266091318,29.8,27.95281738930801,70,54,1,23,1
650,39.202080189813046,0.3712184982446183,39.17670047406069,39.15166406533153,39.62630230618506,38.55608049373037,39.49965360975757,0.1359002699729861,0.0875817799844562,0.146227037438105,0.1618618677111016,-0.0001048105528827,0.269732137316281,0.1017851179523259,0.6828818657963547,0.1170553940613165,0.6973575322898393,0.7155553526485089,0.503571015043357,0.8637385534257004,0.6341868755743676,39.559824579412286,0.0616527215597847,39.59387079874674,39.55356551661636,39.60872488310843,39.6004594745058,39.4425022240841,0.0142755043354224,0.0149476820719828,0.0234395107254385,0.0255721708279893,-0.0105739423835819,0.0282691844428579,0.0046705980644081,0.5228311155781602,0.0191281111907595,0.5322885919700969,0.5335410399870439,0.5034620183886904,0.5474299264676643,0.4974340010773052,39.61743713147713,0.271813202811128,39.72547034061317,39.33071853175308,40.0060042178992,39.28608535997795,39.738907207142226,0.0099992352904695,0.014795502338299,0.0109811976947116,0.0322335673439683,7.89351479122133e-05,0.0177109141015645,-0.0110084378358089,0.525729048613346,0.0193692941793673,0.5238575122573159,0.5552704361352053,0.5012218708341772,0.5381842454274496,0.5101111784125819,28.0,20.079840636817817,26,34,2,62,16
675,39.22589812131272,0.2021165047076873,39.04097464649948,39.13779571375896,39.16941507083853,39.16172216356415,39.619583011902485,0.1378758028274421,0.0440956049553974,0.1763394642429253,0.1613855014756783,0.1324279570625615,0.1646707735418044,0.054555317814241,0.6864793457321284,0.0651174504158602,0.7390934818798733,0.7149997015589291,0.6911818680075026,0.7269684027150735,0.560153274499264,39.569893993030895,0.0840139515404259,39.5980671969327,39.59058692238548,39.62832248572147,39.62782588149562,39.4046674786192,0.0138979961813399,0.0066345210376666,0.0198635092626015,0.0200469591795946,0.008237428511634,0.0175200842998244,0.0038219996530449,0.5188233001665635,0.023781176802176,0.5464422314456014,0.5224726949677323,0.510019535368139,0.5369318091508114,0.4782502299005335,39.60854030955922,0.2508481705962875,39.71722007520271,39.30640376697887,39.93301518758138,39.32205679922393,39.76400571880919,0.0115028669747213,0.0265237166048132,0.0137751469473269,0.0398886576577117,0.0353490522865093,0.0023148447049386,-0.0338133667228799,0.5278144182580891,0.0220287351975773,0.5403632937055646,0.550841057842428,0.5374205618193655,0.5229105380448428,0.4875366398782441,26.8,10.759182125050213,36,35,24,32,7
700,38.90305023979895,0.468426582235026,39.27265285216656,39.19752950766651,38.5396663233177,39.342843478487936,38.16255903735603,0.1990068395036397,0.0768052890562498,0.1267562578096217,0.1547937168902957,0.2490871596274916,0.1383665006646176,0.3260305625261719,0.7661256636540915,0.0999796086180612,0.6692425774544785,0.7039858201115402,0.8487190346127933,0.6881735060632843,0.9205073800283609,39.556000125769415,0.1080722135265477,39.61313305479108,39.53663265343869,39.61346435546875,39.66155555031517,39.35521501483339,0.020626377551393,0.0100288779510902,0.0113717206951343,0.0316111055964773,0.0206371263008226,0.007609698639223,0.031902236525308,0.5308589777260116,0.0131988448771443,0.5276148454709486,0.5411473449432489,0.5294476855884899,0.5088485506447878,0.5472364619825826,39.58864978443493,0.2131600237585388,39.698316516298235,39.342038703687265,39.887119640003554,39.34631249398896,39.66946156819662,0.0206973136882438,0.0181014366262078,0.011931520124728,0.0307970794312881,0.0489259816875512,-0.004705519725879,0.016537506923531,0.5322906309908088,0.0191494526865895,0.5234603908928958,0.5416462872967576,0.5560239363800396,0.5000305266091318,0.5402920137752186,43.4,22.267465055546847,22,32,58,25,80
725,38.80024580021494,0.576141176368654,38.152391178091776,38.90348953561684,38.586333166692675,39.84879106344635,38.51022405722706,0.205566352593338,0.1130618093788889,0.3212172622533188,0.2019730336272839,0.237362421664995,-0.006304914712637,0.2735839601337295,0.7770234503082394,0.147043619761046,0.9143532901695094,0.7704224635645286,0.8327852813238951,0.4984307273761513,0.8691254891071123,39.57232286857836,0.038803047158992,39.51555656664299,39.55434787634647,39.61473037257339,39.61731454097863,39.55966498635032,0.0203027150734807,0.0158157501189671,0.0323333680121736,0.0299623341610034,0.0183947036663691,-0.0097544198347763,0.0305775893626339,0.5395466602209843,0.0234824941020791,0.5724584424134457,0.5445686560688596,0.5329504545890924,0.5002749065558115,0.547480841477712,39.64403533935547,0.2439874384881783,39.70763963641542,39.31524588844993,40.05876113429214,39.535186767578125,39.60334327004173,0.0212017458948222,0.0167793244128319,0.0208679742716027,0.038295993355639,0.0392526129655765,-0.005786601058913,0.0133787499402057,0.5358748593113639,0.0203147091282638,0.5382758875687917,0.5482648900060942,0.5603616616942666,0.4999083361842416,0.5325635211034254,49.2,26.5058484112469,79,47,53,1,66
750,39.36626451629953,0.3331939263581703,39.32056269694849,38.87278232377829,39.674207353100336,39.17536218387564,39.7884080237949,0.0997601323501811,0.0864251831484609,0.1253731119033602,0.2068668026285073,-0.00924748009474,0.1686967740353849,0.0071114532783934,0.6345658538267784,0.1122852687484462,0.6637394486628857,0.7724385931319797,0.4982748388015118,0.7290329287961587,0.5093434597413564,39.585150158044065,0.0389373150955831,39.533303289702445,39.56678529219194,39.58968110518022,39.6524702129942,39.58351089015152,0.0118282876711225,0.0120866555693623,0.0231735933938938,0.0281450263026988,-0.0024251911902066,0.0097298609149275,0.0005181489342992,0.5172755606246717,0.0171271823057282,0.5286229063164104,0.5408622360590732,0.4985031575867624,0.5214137182091222,0.4969757849519903,39.674486010002376,0.2654921509214283,39.68630519057765,39.31763284856623,40.14020041263465,39.59446392637311,39.6338276718602,0.004846091554359,0.0226190901601948,0.0167124092466,0.0387279578682148,-0.0062329533763907,0.004028271079402,-0.0290052270460309,0.5189841785214163,0.0173364559592577,0.5274417382298093,0.5455461704369747,0.5003665468909524,0.5218413851477883,0.4997250519015572,23.0,19.462785001124583,23,52,1,36,3
775,39.38322807390665,0.463397252550262,38.97198447001349,38.68838107708803,39.665484438237456,39.83210015051144,39.758190233682846,0.0900366156285187,0.1030851102690802,0.1833207756280899,0.2422222556527128,-0.0100207150308895,-0.0011957319424554,0.0358564938351358,0.6229245456223634,0.1366935800955167,0.747394255141622,0.825810584210858,0.4974836307702605,0.5039394018576318,0.5399948561314455,39.57485008239747,0.0276590559560192,39.53767158045913,39.54876096320875,39.60665442726829,39.60188987038352,39.57927357066762,0.009519042085969,0.0157536661501277,0.0217212498413793,0.0336738054951032,-0.0071809977631677,-0.004578774286942,0.0039599271434726,0.5181288522301297,0.0247288194089711,0.5409640615636652,0.5548427646810358,0.5003054548393596,0.497372904510209,0.4971590755563794,39.68350674022328,0.2648371936024902,39.69678335478812,39.35609811725038,40.15516096172911,39.539719899495445,39.669771367853336,-0.0021517637496193,0.0240160575591174,0.0177700800087415,0.0306261159536061,-0.0095562706278129,-0.0119166160849007,-0.0376821279977307,0.5138623979958622,0.0200238366352719,0.5351295091889121,0.5412389879876917,0.5007025725913771,0.4964870286710334,0.4957538915402961,21.2,23.6,39,59,1,2,5
800,39.458095990996995,0.3261065126108642,39.08683304934158,39.09505879510309,39.470087424995974,39.84255682561815,39.79594385992621,0.0792691445117336,0.0733457754967354,0.1649058822964884,0.1603156599340979,0.0733868287319375,-0.005178114156882,0.0029154657530262,0.6047987824862765,0.0941572977480393,0.7181936391850108,0.7076571122887209,0.5921349949443463,0.501413350252761,0.5045948157605437,39.577843197909274,0.0383581321714441,39.54576029922023,39.540413827607125,39.62594442656546,39.62307057236181,39.55402686379173,0.010971295511858,0.0140082705926218,0.0203962250415122,0.0297202901971159,0.0041217596241922,-0.0112347978195457,0.0118530005160154,0.5178641073631518,0.0214632311435225,0.5342436279311324,0.5515945553779602,0.5072091754638788,0.4997861502748547,0.4964870277679328,39.65255624019739,0.2459950250529877,39.70707321166992,39.33616083318537,40.08090707027551,39.53654318144827,39.60209690440785,0.0079958296098718,0.0214943457153177,0.0165893665204445,0.0279311564271197,0.0284556123061162,-0.0060051168935994,-0.0269918703107219,0.5196928802764776,0.017779620349787,0.5334595812089515,0.5413306292259332,0.5262402106415142,0.4988086331974376,0.4986253471085519,17.2,15.43243337908834,35,36,12,1,2
825,39.46553379334125,0.2276364977874484,39.35340476281864,39.160313478450185,39.42575726066668,39.84787467091354,39.54031879385722,0.0880244379373478,0.0527444159016463,0.1112769541052198,0.1566786492608257,0.0814239787725136,-0.0044967272395709,0.0952393347877509,0.6179670867231704,0.0657624833215658,0.6456614984679467,0.7064993965257075,0.6150613660664902,0.5039075318071031,0.618705640748604,39.59989503802676,0.0163938448018922,39.57549725156842,39.58686805493904,39.60444490837328,39.61931205518318,39.61335292006984,0.0086876174068134,0.0090323402201905,0.0103001535277475,0.0236325661341349,0.0044912848424053,-0.004124543544921,0.0091386260747006,0.5151046583146759,0.0126393329230568,0.5206500318917361,0.5358931873783921,0.5137768649693691,0.4993279368588418,0.5058752704750408,39.6694698564934,0.2366511718039801,39.7072981632117,39.3673758651271,40.085858431729406,39.55893383604108,39.62788298635772,0.0087942450137978,0.0144633045885412,0.0120815170759504,0.0245438232792146,0.0232218821307249,-0.0110192202370275,-0.0048567771798733,0.5140762302008544,0.0135015476199943,0.5148765706654751,0.5386424588434624,0.5124938786029816,0.498869723442829,0.505498519449523,16.4,10.55651457631732,18,34,14,1,15
850,39.36567164155626,0.3033102472756351,38.93953162124477,39.21061647552805,39.33528569801567,39.85368331437258,39.48924109862023,0.1051946644325615,0.0641766735753357,0.1869090947600984,0.1471012008097983,0.0917470824338265,-0.0042514633051282,0.1044674074642129,0.6391985171234484,0.0818278024687412,0.7476803924619537,0.6917858105344871,0.6244270144049654,0.502703394779225,0.6293959734366112,39.65983946829131,0.04484966072318,39.62975449995561,39.61948001745975,39.64858962550308,39.65563144105853,39.74574175747958,0.0082080078057267,0.0128341498391121,0.0206782300250999,0.0221723139173153,0.0079213300098975,-0.0129631853690653,0.0032313504453861,0.5146199737534378,0.0170017202193014,0.5361986656983694,0.5330828292803331,0.5092863964312004,0.4992668420979471,0.4952651352593393,39.688965733846025,0.2867277360071613,39.76561586784594,39.162154746778086,40.03806755759499,39.721051187226266,39.75793930978486,0.0060786262041691,0.0186399262564255,0.0044820899087371,0.0279520490968769,0.026508535512469,-0.0165480827969132,-0.012001460700324,0.5180901597846639,0.0131467966511654,0.5281341455199502,0.5358015515587546,0.5190615672053713,0.4994806782765822,0.5079728563626608,21.4,14.235167719419396,42,32,15,1,17
875,39.17600614410086,0.5592708767655559,38.9762299527827,38.701686111922115,38.52603951680292,39.83896369540814,39.83711144358841,0.1323962636839252,0.1140265781142535,0.1810953994233583,0.2359638635030727,0.2532681487884718,-0.0043772163791293,-0.003968876916147,0.6833194549550715,0.1518301286679764,0.7438933935362039,0.8178686972745915,0.8503650955318176,0.5012692409692351,0.5032008474635095,39.6293610312722,0.0441452600184203,39.63995615641276,39.54647769349994,39.63626341386275,39.645071318655305,39.67903657393022,0.0144876175136728,0.0162437621082225,0.0173732773824171,0.0396512933639865,0.0196501867506991,-0.0091750333932313,0.0049383634644927,0.5220979780861825,0.0195212026031031,0.5353433363365404,0.533754870747075,0.544202084794189,0.4991752008597056,0.4980143976934028,39.65969891403661,0.2770816715223521,39.73111667055072,39.154370221224696,40.00391110506925,39.72586394801285,39.68323262532552,0.0074855176901275,0.0254750748340274,0.0119509676076246,0.0295920696278864,0.0394193806375066,-0.0201834960643089,-0.023351333358071,0.51988634557435,0.0180956958890706,0.5268511573473612,0.5313721750721787,0.5436522310430353,0.498106037125443,0.4994501272837321,32.0,26.107470195329153,41,58,59,1,1
900,39.56862103963636,0.2758248994938762,39.19681041756856,39.2860579736454,39.67547127635208,39.86478715090408,39.819978379711664,0.0548206849014098,0.0691472879417547,0.1441239333644355,0.1346609378233552,-0.0021701866626432,-0.0044285896925505,0.0019173296744522,0.574469967969914,0.0889180782208606,0.6879787236144862,0.6786144633883053,0.4995745850592544,0.5019537569935789,0.5042283107939455,39.639354844526814,0.0273567663178462,39.6414987968676,39.5999606739391,39.62087122599283,39.65516581679835,39.67927770903616,0.006759234433147,0.0138351022811968,0.0156915422077431,0.0265095435421575,0.0023482464761896,-0.0146818646427356,0.0039287045823805,0.5107954359415806,0.0146836999524106,0.5259652797019843,0.5313110766988812,0.4991141033895088,0.4999083397966443,0.4976783801208843,39.67386798280658,0.289158355959177,39.72679924242424,39.18953936027758,40.096342491381094,39.71121042424982,39.64544839570016,0.0010773744377674,0.0119144099675145,0.0128939714508526,0.0175887666304003,-0.0051594582866087,-0.0126700649658838,-0.007266342639923,0.5090359037572687,0.0123407519429001,0.5186644485502532,0.5285312614657662,0.5006414751211802,0.499969429138935,0.497372904510209,12.0,13.0843417870369,27,29,1,1,2
925,39.33277224511215,0.3299398583182612,39.1909980380658,39.26884086844847,38.866838474863584,39.86540454195947,39.47177930222344,0.1153792135609486,0.0691022599119777,0.147344167085038,0.1382144823977627,0.1967787082047806,-0.0094275434799108,0.1039862535970727,0.6573016930486738,0.0913257180419282,0.6933876300595471,0.676156310691047,0.7794610943990884,0.5000526398113093,0.6374507902823773,39.66231148459694,0.0311451342674927,39.64046131480824,39.624280987363875,39.67204608339251,39.65932857629025,39.71544046112985,0.0095442771798733,0.0101002456920109,0.0143501441079107,0.0227388036014004,0.008878703850011,-0.008128463205966,0.0098821975460106,0.5159762805158442,0.0151342389195485,0.5201612783200813,0.543071836233139,0.5117301922855955,0.5002138117949168,0.5047042839454882,39.67598241170247,0.2911353947902887,39.74651903094667,39.15043328025124,40.048626177238695,39.73069647586707,39.70363709420869,0.0105579585457841,0.0170961763901408,0.0062064817457488,0.0311505096033215,0.0286663984033194,-0.0137071995008172,0.0004736024773482,0.5162145488189929,0.0112543272663653,0.518542260834665,0.5260569218433264,0.5298448015343059,0.5008247657255693,0.5058039941570975,25.8,15.63841424185969,31,31,48,1,18
950,39.26625503854653,0.2327151888544313,38.92403891651901,39.390286750400186,39.236743297773536,39.15908534256453,39.62112088547539,0.1333436505821024,0.0437308395819519,0.1918707659717687,0.1135522082601625,0.123474424474479,0.1700512607073046,0.0677695934967973,0.6757156710034793,0.0634056715872111,0.755135217892755,0.6475542955791828,0.669066603036271,0.7307469850962924,0.5760752534128956,39.68313834450462,0.0442721575430085,39.64030803333629,39.63084758411754,39.678454196814336,39.74373857902758,39.72234332922733,0.0088666939007287,0.0082495486615003,0.0172553376689779,0.0196078696824384,0.0058059836878921,-0.0020013197579167,0.003665598222252,0.509054237242901,0.0175971388125881,0.528714550263954,0.528195245699449,0.4946847341277383,0.5088892795822837,0.4847873765410799,39.70456985704827,0.2962832801672083,39.75326919555664,39.16041108333703,40.06498036240087,39.7454140403054,39.79877460364139,0.0072316721843724,0.0216255451138938,0.0089151312907536,0.0271534635826493,0.0225417059705112,0.0113886598017856,-0.0338405997238375,0.5168316040978287,0.012080223550161,0.5233687487515536,0.5297837049672098,0.5188477319298368,0.5179924079866121,0.4941654268539313,27.8,12.576167937809991,45,23,24,38,9
975,39.42553780939161,0.2368996998999454,39.07085418701172,39.44099438067564,39.347536539294055,39.45887500723613,39.80942893274051,0.096793133681928,0.0559710352090808,0.1731587833504086,0.1038971231271004,0.0994740347233937,0.1087790104397332,-0.0013432832309957,0.6295937084660087,0.071193797225344,0.7299446912155938,0.6334843524952525,0.6340642528435618,0.6435317409407232,0.5069435048349125,39.73236608794241,0.0373687122001793,39.72707968047171,39.730047861735024,39.74519579338305,39.7879365863222,39.67157051780007,0.006633167527616,0.0049886295660041,0.0107379964073047,0.0140976259823549,0.002265839696382,0.0011806071199702,0.0048837684320681,0.5165078033100474,0.0109866868587127,0.5225745222785256,0.532685707915913,0.5127993496981534,0.5149682155161193,0.4995112211415262,39.69995494033351,0.2991995732363182,39.71283236416903,39.15846032807321,40.07268385453658,39.81753655635949,39.738261598529235,0.0078616679843628,0.0173478393703783,0.0173195706059535,0.0287304329544757,0.0181074003039887,-0.0073380040456399,-0.017511059896964,,,0.52581254641215,0.5292338548284589,0.5092558454383503,0.5013746158643202,,19.6,11.740528097151335,39,19,18,20,2
1000,39.420517298118355,0.1624969922763049,39.398371509669985,39.4008422930216,39.15980871928107,39.478460370879816,39.66510359773931,0.1024072537707529,0.0191259164835273,0.1012837472419763,0.107776844278746,0.1265175403047775,0.1084226423240814,0.0680354947041835,0.6304716576005995,0.030590098584398,0.6274900030843991,0.6375623345375061,0.672069317594017,0.6379884247927322,0.5772482079943431,39.727575082489935,0.0206587860552155,39.70248436205315,39.741681070038766,39.73152530554569,39.75624246308298,39.70594221172911,0.006322947929077,0.0034576841505835,0.0116951422144969,0.0087088415060531,0.0020521247025692,0.0052518111399628,0.0039068200823032,0.5051686068375906,0.0119981786665641,0.5042766215223254,0.5256598086068125,0.4996028714107745,0.507361908753713,0.4889418238943273,39.70697146329013,0.2859846050219728,39.759150649562024,39.175604617956914,40.0428291089607,39.75875588619348,39.79851705377752,0.0068213508464395,0.0156151471695311,0.0007580937394364,0.0223996971987865,0.0258864094362114,0.0016917152273835,-0.0166291613696199,,,0.5082783364888394,0.5192754006747043,0.5236131286982334,0.5052541395028433,,18.4,4.758150901348127,17,21,24,20,10
