lags,train_cross_entropy_mean,train_cross_entropy_std,train_cross_entropy_fold_1,train_cross_entropy_fold_2,train_cross_entropy_fold_3,train_cross_entropy_fold_4,train_cross_entropy_fold_5,train_roc_auc_multiclass_mean,train_roc_auc_multiclass_std,train_roc_auc_multiclass_fold_1,train_roc_auc_multiclass_fold_2,train_roc_auc_multiclass_fold_3,train_roc_auc_multiclass_fold_4,train_roc_auc_multiclass_fold_5,train_f1_mean,train_f1_std,train_f1_fold_1,train_f1_fold_2,train_f1_fold_3,train_f1_fold_4,train_f1_fold_5,val_cross_entropy_mean,val_cross_entropy_std,val_cross_entropy_fold_1,val_cross_entropy_fold_2,val_cross_entropy_fold_3,val_cross_entropy_fold_4,val_cross_entropy_fold_5,val_roc_auc_multiclass_mean,val_roc_auc_multiclass_std,val_roc_auc_multiclass_fold_1,val_roc_auc_multiclass_fold_2,val_roc_auc_multiclass_fold_3,val_roc_auc_multiclass_fold_4,val_roc_auc_multiclass_fold_5,val_f1_mean,val_f1_std,val_f1_fold_1,val_f1_fold_2,val_f1_fold_3,val_f1_fold_4,val_f1_fold_5,test_cross_entropy_mean,test_cross_entropy_std,test_cross_entropy_fold_1,test_cross_entropy_fold_2,test_cross_entropy_fold_3,test_cross_entropy_fold_4,test_cross_entropy_fold_5,test_roc_auc_multiclass_mean,test_roc_auc_multiclass_std,test_roc_auc_multiclass_fold_1,test_roc_auc_multiclass_fold_2,test_roc_auc_multiclass_fold_3,test_roc_auc_multiclass_fold_4,test_roc_auc_multiclass_fold_5,test_f1_mean,test_f1_std,test_f1_fold_1,test_f1_fold_2,test_f1_fold_3,test_f1_fold_4,test_f1_fold_5,num_epochs_mean,num_epochs_std,num_epochs_fold_1,num_epochs_fold_2,num_epochs_fold_3,num_epochs_fold_4,num_epochs_fold_5
-1000,1.44482177734375,0.022024654197268,1.42362869287792,1.4494600032505236,1.4188636164916189,1.479812595718785,1.452343978379902,0.555905645016771,0.0324924744471179,0.5689338329510452,0.5520415555629892,0.601383296120752,0.5008984698075059,0.5562710706415627,0.3212805736626759,0.0252830201783727,0.3495229245110384,0.3139936405610012,0.3524705661765354,0.2926546125136366,0.2977611245511678,1.4644178114831448,0.006048499384639,1.4586792066693306,1.4664270132780075,1.4560773968696594,1.4691203385591507,1.4717851020395756,0.5198721056161251,0.0069307765227477,0.5247778972685111,0.5063328384981918,0.5205149658706482,0.5243477959762273,0.5233870304670469,0.2881099900825136,0.0090231724673164,0.2895529569161769,0.2963069959136469,0.2963558814406064,0.2865788176052107,0.271755298536927,1.462742805480957,0.0083651188984617,1.4524853266775608,1.460850715637207,1.4594583101570606,1.477915946394205,1.4630037285387516,0.5083157732671622,0.0138055309855265,0.5277317406028657,0.5051882281490728,0.4850597671144333,0.512536677096204,0.5110624533732349,0.2959538544688226,0.0151291118531486,0.3015930249642903,0.3171277268670062,0.3018151654137325,0.2726828710286896,0.2865504840703945,6.8,4.261455150532504,10,6,13,1,4
-975,1.441112231204384,0.0305014811844212,1.3859721710807398,1.4584944511714737,1.438325978580274,1.4768674787722136,1.4459010764172202,0.563603698379642,0.0416578859121281,0.6332743573063071,0.5501194634541973,0.579322812138231,0.5075415005058548,0.54776035849362,0.3245333726025513,0.0498000089232797,0.4219148036453641,0.2853901501916919,0.3149652832273819,0.2928182424251885,0.3075783835231298,1.4652879290282723,0.0045437399623394,1.4572354294359684,1.465036977082491,1.4648707211017609,1.469896376132965,1.469400141388178,0.5174097027909802,0.0096203772157004,0.5177926866573969,0.4998192225844108,0.5234850794908504,0.5177645068874933,0.5281870183347496,0.2922791477166034,0.0115950786136422,0.3046961631535071,0.297938385537879,0.2998197056365538,0.2865788176052107,0.2723626666498667,1.4625971168279648,0.0095278914318658,1.4559193924069405,1.45408596098423,1.466989528387785,1.4793816730380058,1.4566090293228626,0.5089723766968504,0.0101156512585015,0.5013091463858952,0.5168912154743021,0.4928352630277431,0.5155564137391427,0.5182698448571692,0.2958435787944677,0.0140453197330463,0.3085017956489366,0.3077885473894713,0.30366586230003,0.2726828710286896,0.2865788176052107,7.4,5.462600113499065,17,4,9,1,6
-950,1.4565819996281673,0.0145528590143902,1.437328829263386,1.4580128807770578,1.4809562582718698,1.4473634606913517,1.4592485691371715,0.5419830698279036,0.0152759305102259,0.5507650769542792,0.5427771604406461,0.5122458775764124,0.5529240142966451,0.5512032198715349,0.3016447059293687,0.0162810520283338,0.329842036464739,0.2881476151571823,0.2850154774462052,0.3085130392280006,0.2967053613507167,1.4652127839624882,0.006396441964178,1.4625086709856987,1.459122333675623,1.4690608233213425,1.459527458995581,1.475844632834196,0.5196024895031796,0.003418104402878,0.5186433497670381,0.5139554725416279,0.5191317460964419,0.5227252581579633,0.5235566209528265,0.2854604466441202,0.0071526429152698,0.294882909376279,0.2865788176052107,0.2865788176052107,0.2865788176052107,0.2726828710286896,1.4619455337524414,0.0066930896790728,1.45907686278224,1.4510176293551922,1.4642778933048248,1.4712262228131294,1.464129060506821,0.5029074439063047,0.0136798107315035,0.5132769909944991,0.4786582904543485,0.5030589112846588,0.5183121022525349,0.5012309245454818,0.2892866100826486,0.0091392008772802,0.2983434533582316,0.2943755681901046,0.2944523402310067,0.2726828710286896,0.2865788176052107,4.2,2.4819347291981715,8,5,1,5,2
-925,1.4557070611652576,0.0163023646506161,1.4545603074525533,1.4770206426319323,1.4603076533267372,1.4268101190265856,1.4598365833884792,0.5477181070905071,0.0293584689932854,0.5509764849153631,0.4939453720958612,0.5523984228579975,0.5835809653848243,0.5576892901984893,0.2991120148420055,0.017067826579564,0.2916093715539412,0.2885727582935436,0.2865135684701032,0.3326125575378458,0.2962518183545937,1.4639869041740894,0.0082216776146692,1.4575615152716637,1.469957698136568,1.4598497226834295,1.4554803520441055,1.4770852327346802,0.5164794797173493,0.006518451767139,0.507569571312569,0.5165123375502029,0.5180851942742014,0.5129023453283252,0.5273279501214482,0.2864524214679874,0.0085901134158031,0.2865788176052107,0.2865788176052107,0.2865788176052107,0.2998427834956148,0.2726828710286896,1.461437590420246,0.0064803612338782,1.4540432281792164,1.463437259197235,1.4538564234972,1.4701209217309952,1.465730119496584,0.5030240406169981,0.0151159823962417,0.5256839354708155,0.4911372068190927,0.4848713816309516,0.5148054619602862,0.4986222172038448,0.289831224514429,0.0049575771355332,0.2920138538372269,0.2943755681901046,0.2944523402310067,0.2817355427085963,0.2865788176052107,4.6,3.4985711369071804,5,1,4,11,2
-900,1.472865429928428,0.0151080141734381,1.4822624783766898,1.4848589445415297,1.443377907652604,1.4787601496043958,1.4750676694669222,0.5169031317442352,0.0251660551494071,0.5051477347102681,0.4996006885975568,0.5665440243187057,0.5014619200165756,0.5117612910780698,0.2906021853383557,0.0084633919986276,0.2827555076161561,0.2794096208954409,0.302593729575039,0.2929708255981003,0.295281243007042,1.4697979345917702,0.0063701371617333,1.469509582966566,1.4693942070007324,1.4596061632037165,1.4707931876182556,1.4796865321695805,0.5216406377953484,0.0074558192804046,0.5239530474879194,0.5260266281086978,0.5282834562480655,0.5072162886903672,0.5227237684416917,0.2850064033173354,0.0065900310616052,0.2865788176052107,0.2865788176052107,0.2926126927423554,0.2865788176052107,0.2726828710286896,1.4692984119057655,0.0059925042910698,1.4659175127744677,1.462831012904644,1.467486884444952,1.4803740568459034,1.4698825925588608,0.5042960352723374,0.0116422898940259,0.5061775464273959,0.486766505720661,0.4966990019296763,0.5115021741252739,0.5203349481586799,0.2897247435485662,0.0100269472221077,0.2920138538372269,0.2943755681901046,0.3029726070815995,0.2726828710286896,0.2865788176052107,2.4,2.8,1,1,8,1,1
-875,1.4550993437516062,0.0511548805823319,1.479792298768696,1.3527946522361354,1.4809574466002615,1.4806181644138536,1.4813341567390843,0.5445567669057088,0.0874803825626583,0.4860825182996037,0.7182059669135444,0.5026606358263954,0.5191116789615394,0.4967230345274607,0.3189761057677584,0.0629986796052902,0.2841815046582428,0.4449184845454795,0.2875889253331557,0.2898708990797158,0.2883207152221983,1.4705242596566677,0.0044245841293159,1.469557262957096,1.4655719697475431,1.469454489648342,1.4691785089671612,1.4788590669631958,0.5194352345362478,0.0116021209128293,0.5320310915429128,0.5294804366611127,0.5245778463431346,0.5048113788096749,0.5062754193244043,0.2861489135331886,0.0081259063809447,0.2865788176052107,0.2983252438216211,0.2865788176052107,0.2865788176052107,0.2726828710286896,1.4673919342458248,0.0067448298304432,1.46596847102046,1.4586116932332516,1.4642327800393105,1.4790272265672684,1.4691195003688335,0.4949993863013159,0.0071098534784642,0.4934411017874876,0.4886887199907603,0.4992440742499452,0.4871701406062471,0.5064528948721398,0.2941388829963529,0.0171608449848643,0.2920138538372269,0.3249665322796305,0.2944523402310067,0.2726828710286896,0.2865788176052107,7.0,12.0,1,31,1,1,1
-850,1.429346500446922,0.0549885010487763,1.3227963422474107,1.481595882616545,1.4532630757281657,1.4435042682446932,1.4455729333977951,0.5825199275527021,0.0908010602213539,0.7605406889241071,0.5041918947229971,0.5561062330825693,0.54315105092251,0.5486097701113272,0.3367129968253423,0.0806861623464161,0.4966531516391272,0.2835050267095202,0.2883806370795211,0.3145150836865177,0.3005110850120256,1.462027707695961,0.0061846928879178,1.4556174986064434,1.4688824117183683,1.457002818584442,1.458511233329773,1.470124576240778,0.5184427454487555,0.0080901731585775,0.5279297765179014,0.5134200255512443,0.5284953795037519,0.5128571048955799,0.5095114407752998,0.2883845525820429,0.0098116372510528,0.3026115799515689,0.2865788176052107,0.2865788176052107,0.2934706767195344,0.2726828710286896,1.4631389483809472,0.0085005097816007,1.4679907523095608,1.4627439826726911,1.452211607247591,1.4763053841888905,1.456443015486002,0.495669308300215,0.0090311560044148,0.5065181847407312,0.4983048259143144,0.486915665345236,0.5031869624679979,0.4834209030327958,0.2937111043577557,0.0097119591206836,0.3106363093032891,0.2943755681901046,0.2947204379337861,0.2820957365365147,0.2867274698250839,11.2,13.04453908729626,37,1,6,6,6
-825,1.421228074525532,0.0303527221801986,1.4493036257593257,1.392821068512766,1.4658599690387124,1.403435242803473,1.3947204665133828,0.5948368067900804,0.0425895322140105,0.5473124398586425,0.6428681126212528,0.544697336576971,0.6001837514079933,0.6391223934855428,0.3449700319389905,0.0417995304371837,0.2988800516606885,0.3875992005448205,0.2902009638237939,0.3670329808545105,0.3811369628111394,1.463472869992256,0.0046173661443288,1.4566461592912674,1.4692343696951866,1.4651699140667915,1.459712978452444,1.4666009284555912,0.5183068406579199,0.0076872557908825,0.526862008917123,0.5162124092728712,0.5276814108783152,0.508867523712276,0.5119108505090149,0.2991176907988461,0.0149701428853163,0.2885956959916255,0.3243108297760506,0.2865788176052107,0.3084347781499849,0.2876683324713588,1.463574331253767,0.0063558978928937,1.457177523523569,1.4703769981861117,1.4590437598526478,1.4721849337220192,1.4590884409844875,0.4911680590657403,0.0117656994596175,0.5090258259906172,0.4729645804417258,0.4884336051147474,0.4888564541642484,0.4965598296173629,0.2999253116900903,0.0112361730025728,0.2920138538372269,0.3123755573748175,0.2944523402310067,0.2865492035550899,0.3142356034523106,12.2,6.881860213634101,6,18,2,16,19
-800,1.467492951342934,0.0118971777369076,1.4624047367196331,1.4835734844207764,1.4654423525458888,1.4492551276558323,1.4767890553725391,0.5235484979902774,0.0181001863608879,0.5301691812258642,0.5012357231750957,0.5362414222892292,0.5466210106805426,0.503475152580655,0.2899386261458385,0.0067774947660224,0.2890790971889628,0.2789207980697378,0.2888933185229701,0.2997874761523088,0.2930124407952131,1.466438242048025,0.0071689121346244,1.4615158960223198,1.469040896743536,1.464300807565451,1.45838425680995,1.478949353098869,0.5200394882156678,0.006330086535967,0.5276076227893074,0.5145140632822993,0.5262469808358866,0.520385243426527,0.5114435307443188,0.2837996282899065,0.0055583786306084,0.2865788176052107,0.2865788176052107,0.2865788176052107,0.2865788176052107,0.2726828710286896,1.4639310367405414,0.0055262947753474,1.4575769193470478,1.462607629597187,1.4587899893522265,1.4713366143405435,1.4693440310657024,0.5089761489607256,0.0211972413748025,0.5263673366573989,0.4838231832565852,0.5109685305131626,0.4864553599432039,0.5372663344332778,0.2880206901784478,0.0081856416454124,0.2920138538372269,0.2943755681901046,0.2944523402310067,0.2726828710286896,0.2865788176052107,2.4,1.4966629547095764,3,1,2,5,1
-775,1.421385783145302,0.0323298216049825,1.4208325047242014,1.385872853429694,1.3950434760043495,1.478312443432055,1.426867638136211,0.5985001206072555,0.053794225994184,0.5877066905465869,0.6627468315316006,0.6524825583857243,0.5170366729349474,0.5725278496374181,0.3546888211871578,0.0436289529952133,0.349370931507002,0.4161372251116176,0.3875911513424925,0.2919069345642388,0.3284378634104383,1.461187016218901,0.0073038548940386,1.4533910043537617,1.459506932646036,1.4536008201539516,1.4696188308298588,1.4698174931108952,0.5227722137051276,0.009349978589488,0.5197200982644291,0.5341199555926877,0.5323402009222897,0.5187354613954306,0.5089453523508012,0.2975287746728655,0.0129935622503018,0.2928837521463095,0.3179227388508966,0.3068607913268232,0.2865788176052107,0.2833977734350872,1.460941882431507,0.0093767702865089,1.4533138647675514,1.4572483226656914,1.459376934915781,1.4792660064995289,1.4555042833089828,0.508226399531736,0.011909462154485,0.5320113190455251,0.501728436631127,0.5030604528079514,0.5029021282415422,0.5014296609325346,0.2992042822224307,0.0156577977604559,0.2994947861682545,0.3178743644286064,0.3115055075579744,0.2726828710286896,0.2944638819286283,11.6,6.280127387243033,11,18,18,1,10
-750,1.4328778590654072,0.0343535168028554,1.3862851933429117,1.4006296546835648,1.457940697669983,1.4773141421769795,1.4422196074535971,0.5717672278896386,0.0504923220333321,0.6410995001814869,0.6177158261260594,0.5379183226261034,0.5048997215008306,0.557202769013713,0.3342307531560723,0.0482535900406123,0.4016519896961157,0.3839316629186878,0.2904750153199503,0.2943568082568707,0.3007382895887369,1.4605806790292264,0.0078370330835295,1.4569177627563477,1.4497824609279633,1.4570093750953674,1.4686646051704884,1.4705291911959648,0.5235748571423555,0.0144129158593713,0.5171163656760186,0.5445804558101653,0.5285665739213891,0.5268421888551912,0.5007687014490132,0.2895032152351379,0.0107353004350161,0.3097713793689273,0.2870037111258706,0.2865788176052107,0.2865788176052107,0.27758335047047,1.4583875186741353,0.0108246632255101,1.4549902342259884,1.445382345467806,1.4558159336447716,1.4783284962177277,1.4574205838143826,0.5052291059743926,0.0143204952336367,0.5263974807729098,0.5142525282175644,0.484765586379821,0.5042240703106485,0.4965058641910195,0.2933183382840925,0.012209219334807,0.3098221992481437,0.2993639234915511,0.2944523402310067,0.2726828710286896,0.2902703574210712,8.6,6.2801273872430325,17,15,4,1,6
-725,1.4287366074009946,0.0217833018162753,1.412638837412784,1.4101307203895168,1.410704665434988,1.460182365618254,1.45002644814943,0.5872260028639316,0.0260379595350803,0.6046351285283872,0.6119797427459183,0.6083426126596585,0.5519811174738578,0.5591914129118362,0.3348510664273006,0.0292394731788927,0.3525455549481736,0.3605523863936271,0.3622113230943609,0.2945088036014401,0.3044372640989017,1.4642741292715074,0.0058691500248148,1.455723516643047,1.4616111479699612,1.4653012789785862,1.4649461917579174,1.4737885110080242,0.523625577791652,0.0073422935662017,0.521182112560545,0.5207408246586097,0.5358106998062541,0.5266495785520967,0.5137446733807542,0.2979356187536778,0.013237725764901,0.2963755161843881,0.3114764369788381,0.3143751938465703,0.2865788176052107,0.2808721291533818,1.4640691444277762,0.0082265460133348,1.4553567320108414,1.456887312233448,1.472500041127205,1.4752829521894455,1.460318684577942,0.5091011276493829,0.0190551463891511,0.5265841971265608,0.4751206113523347,0.5020166804924723,0.517223453635476,0.5245606956400707,0.3011833024127739,0.0187123681903779,0.3054938887902125,0.3136281047030446,0.3257114094521512,0.2726828710286896,0.2884002380897715,9.2,5.1536394906900505,12,14,14,2,4
-700,1.417825369081999,0.0463485486929306,1.4569328446137275,1.35006574329577,1.3740752634249236,1.4475048705151206,1.4605481235604538,0.6108076396424094,0.0772997123830576,0.5360694798693927,0.724225367416503,0.6830863976601772,0.560163776819047,0.5504931764469269,0.3492413411393483,0.0677475676885211,0.2897953949155249,0.4520832530756763,0.4086845916827761,0.3007314606749815,0.2949120053477825,1.4643491566181184,0.0067813254658781,1.4608724750578403,1.4620984867215157,1.4553397558629513,1.468324612826109,1.4751104526221752,0.5253117131682556,0.0149298387861451,0.5185671536955371,0.5325882576447436,0.550050234747071,0.519186818835052,0.5061661009188745,0.3002612582952245,0.0192788730751988,0.2865788176052107,0.3276195605575773,0.3129344655134373,0.3014905767712073,0.2726828710286896,1.4661016263067723,0.0075774191271489,1.4567829221487043,1.462997268885374,1.465936254709959,1.4798573926091194,1.464934293180704,0.5037305036957255,0.0248421340852205,0.5355149606642666,0.4740163780838239,0.4911551827658807,0.4868565317013405,0.5311094652633158,0.3021266402707054,0.0151419898817912,0.2920138538372269,0.3229770492329414,0.3178750435703639,0.2911884371077843,0.2865788176052107,13.6,12.306096050332128,4,31,26,5,2
-675,1.4351115939491674,0.041172333771892,1.4856241539904946,1.4002012691999737,1.3744973847740576,1.454581580663982,1.460653581117329,0.5827414650559043,0.0682077297698098,0.486360871012829,0.6363870675507353,0.6805409278111821,0.5525996780779701,0.5578187808268052,0.3357793941547585,0.0568177253616398,0.2791164828122249,0.3860358204049818,0.4211460254257275,0.2964748178839039,0.2961238242469547,1.4636247038841248,0.0078005371286893,1.469713095575571,1.457942824810743,1.4534269906580448,1.4620797112584114,1.4749608971178532,0.5301378250784627,0.0140705673046256,0.5305371263921538,0.5256078176183313,0.5558618977530062,0.5254386518910056,0.5132436317378167,0.2961909482772256,0.018669821460422,0.2865788176052107,0.3243530346562286,0.3107612004907883,0.2865788176052107,0.2726828710286896,1.4646230436861516,0.0073220311155643,1.4662551954388618,1.4511120431125164,1.4676932953298092,1.4731883220374584,1.4648663625121117,0.5049940963968521,0.0084600372750941,0.4947260873585373,0.5104841752902586,0.4952458051791442,0.5155551945258366,0.508959219630484,0.2980988904708897,0.0187252186281011,0.2920138538372269,0.3171552237281572,0.3220636861551642,0.2726828710286896,0.2865788176052107,9.2,9.19565114605812,1,16,24,3,2
-650,1.460320456404435,0.0076965703437674,1.462959017251667,1.455729001446774,1.4576468229293824,1.4738205834438929,1.4514468569504588,0.537081089085049,0.021665313932993,0.5405629092694101,0.5510686920455015,0.546395738128345,0.4945883907784988,0.5527897152034902,0.2929563287001989,0.004758865204774,0.2857443731231854,0.2926799135056734,0.2903927091014205,0.2965589685306157,0.2994056792400997,1.4645958200097084,0.0051982547030843,1.461770325899124,1.4600051306188109,1.459712501615286,1.4689337015151978,1.4725574404001236,0.5259208074867575,0.0122184010033713,0.5118360098091196,0.5384963227586274,0.5406302596606208,0.525894583006402,0.5127468621990179,0.2837996282899065,0.0055583786306084,0.2865788176052107,0.2865788176052107,0.2865788176052107,0.2865788176052107,0.2726828710286896,1.4614536441862582,0.0089054845315306,1.458458572626114,1.454170644283295,1.4551835097372532,1.4786240831017494,1.4608314111828804,0.4984313292893807,0.0118057767979158,0.4966389943067135,0.4813466670981183,0.4976067407518724,0.4981079515129882,0.5184562927772112,0.2880206901784478,0.0081856416454124,0.2920138538372269,0.2943755681901046,0.2944523402310067,0.2726828710286896,0.2865788176052107,3.4,1.3564659966250536,3,5,4,1,4
-625,1.448864053676003,0.0065551144184271,1.4510321303417808,1.44070379106622,1.447058771785937,1.4453500321036892,1.4601755430823875,0.5676311700623673,0.0033164489737355,0.5650917031664897,0.573371442211114,0.5675520152462136,0.5637556163166678,0.5683850733713515,0.2982013389673258,0.0043304563022208,0.2908104516423249,0.3032219031619533,0.3005765708480153,0.3002349641717801,0.2961628050125556,1.460620939731598,0.0074614785799776,1.4585871323943138,1.4537644423544407,1.4559237472712994,1.4599031396210194,1.4749262370169165,0.5258473429509444,0.0067268190215773,0.5288533833745058,0.5302270106855194,0.5281985613877906,0.5294965261698357,0.5124612331370699,0.286648945757666,0.0076177126366354,0.2858843731607663,0.2889164794869197,0.2952997591572947,0.2904612459546595,0.2726828710286896,1.460198762267828,0.0097633927661339,1.453449748456478,1.4476516209542751,1.4590118043124676,1.4760283157229424,1.4648523218929768,0.5034066726184123,0.0102271431950124,0.5199921654504522,0.4979286305489765,0.4909031875633133,0.498601364503316,0.5096080150260042,0.2893900700149142,0.0075429851376523,0.2920138538372269,0.2943755681901046,0.2977922127112883,0.2761898977307404,0.2865788176052107,6.0,2.449489742783178,6,9,8,5,2
-600,1.4429228456396808,0.0286071814495608,1.4834279737974467,1.4203294139159353,1.4553709406601756,1.4020047288191946,1.4534811710056506,0.5638825863259367,0.0392548203254911,0.4991314661987446,0.5963180372017125,0.5570537003258189,0.6121529194238888,0.5547568084795181,0.3196178279361268,0.0366500340111117,0.2800797344599279,0.3604132476384563,0.296932951490098,0.3673749849588525,0.2932882211332994,1.460881168395281,0.0078292247466334,1.4687113501131537,1.4574477560818195,1.4563198052346706,1.4506541453301909,1.47127278521657,0.5304328365061554,0.0108921522894863,0.5300026299179671,0.5279005405138883,0.5476607852336848,0.5329965976547453,0.513603629210491,0.2899767141187963,0.0106149586048655,0.2865788176052107,0.2996744687656477,0.288463580936195,0.3024838322582384,0.2726828710286896,1.4601728416979314,0.0065016942326579,1.4657002799212933,1.450968123972416,1.4555855356156826,1.4688265100121498,1.4597837589681149,0.5015186793889551,0.0107447028573145,0.5006496956712223,0.5061448402000445,0.4884503711014864,0.4931174950581986,0.5192309949138239,0.2946118029752337,0.0132431846174332,0.2920138538372269,0.3184761562928878,0.2966137493360603,0.2793764378047832,0.2865788176052107,8.0,6.0,1,13,5,17,4
-575,1.4536003705074911,0.0144829525718633,1.466109740106683,1.456456819333528,1.468803004214638,1.4286776605405305,1.4479546283420763,0.55168329644172,0.0123145877443673,0.544488186856166,0.5385218568421161,0.5582779440090084,0.572618924722581,0.5445095697787277,0.2975245879036727,0.0166742053815532,0.2871186681216779,0.2871678648352637,0.2842223066734999,0.329004204232466,0.3001098956554557,1.4628353007137775,0.0044737872394574,1.465110644698143,1.4577245339751244,1.464445136487484,1.457728210836649,1.4691679775714874,0.5241677139682281,0.0071793684648943,0.5225306619640571,0.5209461812560663,0.5365501499662441,0.5260195907461709,0.514791985908602,0.2861272966286775,0.0068928094879207,0.2865788176052107,0.2865788176052107,0.2865788176052107,0.2963133728225847,0.2745866575051705,1.4608842238783837,0.0076318211407031,1.461185310035944,1.4505388401448729,1.4586064405739307,1.4742216393351557,1.4598688893020153,0.504957849758487,0.0099743447726649,0.5143171569910996,0.5174821239591325,0.5000998879360835,0.4899470388197162,0.5029430410864026,0.2913474578067861,0.0030593316647255,0.2920138538372269,0.2943755681901046,0.2944523402310067,0.2864598326337359,0.2894356941418565,4.8,2.925747767665559,2,5,2,10,5
-550,1.4400593991028634,0.0520005049461309,1.3395996947037547,1.4817210322932193,1.447391909047177,1.4532562117827563,1.47832814768741,0.5800743865735442,0.084322022033306,0.7376362893727588,0.5087053469376709,0.582879956829925,0.564415178242885,0.5067351614844811,0.3291649977911808,0.0761331730034304,0.4812663516380004,0.2853371020778146,0.2964952926899687,0.2917634370716665,0.2909628054784539,1.4640789844095707,0.0088366872851314,1.45989103987813,1.4692470729351044,1.454492785036564,1.4579594433307648,1.4788045808672905,0.5311955340796791,0.0089579224122743,0.5350026699520577,0.542566461808575,0.5341533342493135,0.5286170640191042,0.5156381403693452,0.2864830064959478,0.0078201870242941,0.2966576273886265,0.2865788176052107,0.2899168988520014,0.2865788176052107,0.2726828710286896,1.463909773528576,0.004955794099236,1.462228640913963,1.4630707427859306,1.4559156224131584,1.4689578376710417,1.4693760238587856,0.5004043943383338,0.0141180132767004,0.4944492244628469,0.4848628632580291,0.4904592760520518,0.5081758108470489,0.5240747970716927,0.2903485336345818,0.010025901102704,0.2969833046442002,0.2943755681901046,0.3011221067047035,0.2726828710286896,0.2865788176052107,9.6,12.419339757008018,34,1,7,5,1
-525,1.4522543232064498,0.0067628498867051,1.448873247598347,1.4513003236369082,1.4653029554768613,1.4458839579632408,1.4499111313568918,0.5549867463927738,0.0084458905454633,0.5527344642097622,0.5533596191020191,0.5554945756076749,0.5697684013284156,0.5435766717159971,0.2960050055665569,0.0060133301492775,0.3064898662763782,0.2957323863671032,0.287724358052472,0.2954631314110574,0.2946152857257736,1.4617644622921944,0.0045994861188312,1.457548625767231,1.4574008993804457,1.4638052098453045,1.4603743478655815,1.4696932286024094,0.5319768687189101,0.0076862891790771,0.530515629840655,0.5315229437357525,0.5463171065520934,0.5235037690754006,0.5280248943906495,0.2845573476661133,0.0061158661530666,0.2865788176052107,0.2865788176052107,0.2865788176052107,0.2903674144862442,0.2726828710286896,1.4580411307513714,0.0058941559947931,1.4542546905577185,1.4496870674192903,1.4586877562105656,1.467186976224184,1.4603891633450985,0.5081554090456446,0.0087335363654166,0.5151351108036004,0.4947521894862813,0.5093601410518805,0.5024599384811083,0.519069665405352,0.2882461849635921,0.00776472306474,0.2920138538372269,0.2943755681901046,0.2944523402310067,0.2738103449544112,0.2865788176052107,5.0,1.5491933384829668,6,6,2,6,5
-500,1.4432775522533214,0.0179228779326414,1.458523672505429,1.462010659669575,1.437905115830271,1.4118753709291156,1.4460729423322176,0.5666729414505365,0.0262533803351951,0.5670796229720569,0.5463110151483228,0.5730586139666957,0.6115272889364657,0.5353881662291414,0.3115387076447274,0.0269240655213683,0.2874588009770645,0.2852443154660763,0.3208564087691101,0.358747035491182,0.3053869775202042,1.464380183070898,0.0072239774770401,1.4595616273581982,1.4619382806122303,1.476513173431158,1.4559161625802517,1.467971671372652,0.5381798071000483,0.0048393625313938,0.5381183777974224,0.5363407704018472,0.5468224871981933,0.5376623533475026,0.5319550467552763,0.2934579177009564,0.0166096269860267,0.2865788176052107,0.2865788176052107,0.3220576645573084,0.2993914177083626,0.2726828710286896,1.4643934331834316,0.012075741148981,1.4558103159070015,1.4547507502138617,1.48569767922163,1.4700603559613228,1.4556480646133425,0.5089539750115957,0.0185634249232058,0.5091127460060587,0.475541821036724,0.5299779546464596,0.5083671988567876,0.5217701545119485,0.2960256416166524,0.0156526370491197,0.2920138538372269,0.2943755681901046,0.3259722750980534,0.2811876933526668,0.2865788176052107,6.8,3.54400902933387,4,3,8,13,6
-475,1.4541717865592556,0.0077771591664193,1.4647005068628411,1.459724739978188,1.4462172320014552,1.4557841326061047,1.4444323213476884,0.5561599834136206,0.0104701578183048,0.5522295925896054,0.5440836960217758,0.5730638494186959,0.5628069224665446,0.548615856571481,0.295112588916685,0.0065022490447007,0.2885466947793841,0.2868845770633541,0.3031319070475572,0.2959184021961604,0.3010813634969693,1.4663628853857518,0.0062421039566309,1.4645306691527369,1.4605309143662453,1.477901667356491,1.4615272544324398,1.4673239216208458,0.5361562437956477,0.0082978072754894,0.5411725280446418,0.5297840440670954,0.5495671992031643,0.5337331844073872,0.5265242632559496,0.2944711038429839,0.0233609339837303,0.2865788176052107,0.2865788176052107,0.3399361953705977,0.2865788176052107,0.2726828710286896,1.4669309072196484,0.0137950779009207,1.4616014175117016,1.4525901563465595,1.4912776798009872,1.4721345230937004,1.457050759345293,0.5110852724926964,0.0054482806449008,0.5131975776314711,0.500753740741737,0.5110710328378226,0.516490656559268,0.5139133546931832,0.2934486759336127,0.0158935699072825,0.2920138538372269,0.2943755681901046,0.3214436167869583,0.2726828710286896,0.2867274698250839,4.4,1.8547236990991407,2,4,7,3,6
-450,1.4463994741439818,0.0158330155970322,1.448877834018908,1.4181163812938489,1.4671853190974184,1.4500708856080708,1.4477469507016634,0.5612898146174193,0.0134678908446851,0.5558595701579133,0.5801191890337306,0.5409327107996217,0.5582776865724886,0.5712599165233424,0.3117657433917006,0.0276259030015707,0.3058766670112302,0.3651060375499295,0.2850450074943794,0.2995017903396001,0.3032992145633636,1.462612697482109,0.003821987070966,1.4638327732682228,1.4583036378026009,1.4646314606070518,1.4582318514585495,1.4680637642741203,0.5374306149086319,0.005796609317862,0.5403708963551359,0.5263519801984854,0.5417980632862177,0.5416005288564123,0.5370316058469079,0.2881197842789542,0.0092685113299699,0.2946401179080663,0.3001182972475936,0.2865788176052107,0.2865788176052107,0.2726828710286896,1.4603218160569669,0.0061635644533628,1.4633903093636036,1.4506960734724998,1.4586307294666767,1.4694957248866558,1.459396243095398,0.5057690049895255,0.0101476775627221,0.5135403476375979,0.4868749723691086,0.5155973901258055,0.5065947595889074,0.5062375552262082,0.2934444526605005,0.013496996210215,0.3005350281270397,0.3129732063105561,0.2944523402310067,0.2726828710286896,0.2865788176052107,6.0,3.286335345030997,6,12,2,5,5
-425,1.4539250795464769,0.0161931386736514,1.4590023166254946,1.4808395260258724,1.4451306179950112,1.4526832254309403,1.4319697116550647,0.5443244249179304,0.0277731011660828,0.5522617700968361,0.4892276933389575,0.5591812826854251,0.557680911785096,0.5632704666833372,0.3013484210554087,0.0175024459316522,0.284812176947084,0.2874571939951787,0.3076340812706575,0.2942576268800352,0.332581026184088,1.4616371631622314,0.0045988493248614,1.458640605211258,1.469154141843319,1.4557385332882404,1.4608230739831924,1.4638294614851477,0.5375071543618384,0.0054867370963941,0.5455509719630479,0.5364125465100016,0.534980723048131,0.5411462741879067,0.5294452561001048,0.2879141753176687,0.0028867141175045,0.2865788176052107,0.2865788176052107,0.2861561122912011,0.2865788176052107,0.2936783114815103,1.4602867424488069,0.0071131366756071,1.4565047025680542,1.4635073877871037,1.4495021365582943,1.4708399884402752,1.4610794968903065,0.5064465840883888,0.0092264749990909,0.5083242979188838,0.4904368699275809,0.512121026589817,0.5176695751774711,0.503681150828191,0.2901448668298004,0.0088858938162708,0.2920138538372269,0.2943755681901046,0.2944240066961905,0.2726828710286896,0.2972280343967902,5.0,2.756809750418044,4,1,7,4,9
-400,1.435732422627901,0.04261218027458,1.3760163821672138,1.4801082109150134,1.4675651562841314,1.4620871179982236,1.3928852457749217,0.583212747547174,0.0641504893268975,0.6690229894335445,0.4953502747472389,0.551590196362186,0.5557430655316137,0.6443572116612869,0.3365232985881303,0.0613344930399091,0.4315359200064752,0.285171898327042,0.2846642893911683,0.2935994484011073,0.3876449368148587,1.4658478386700151,0.0017067691084879,1.46646960824728,1.4689397253096104,1.464512638747692,1.4647204875946045,1.4645967334508896,0.5378517775033722,0.0071845957265117,0.5307655394910326,0.5288089503297434,0.5481117592203069,0.5394420181011766,0.5421306203746016,0.2957533357216458,0.0114137225691842,0.3126834677072029,0.2865788176052107,0.2865788176052107,0.2865788176052107,0.3063467580853937,1.4618935570120812,0.006903293511891,1.4551945626735687,1.462922342121601,1.4583758786320686,1.474786888808012,1.4581881128251553,0.5121532216931461,0.0175608046112361,0.5044105260516852,0.4978788951590702,0.5361792317169798,0.4924546593859558,0.5298427961520396,0.2992271916708002,0.0167678504865296,0.3179052144834863,0.2943755681901046,0.2944523402310067,0.2726828710286896,0.316719964420714,7.8,7.547184905645283,18,1,2,2,16
-375,1.4127638056403713,0.0511717043082748,1.348970523633455,1.4505906958329051,1.4675653319609792,1.3526662625764545,1.4440262141980622,0.6238941844040966,0.0825011955806755,0.7297762412572106,0.5529945775175634,0.5522851431272643,0.7196537961530244,0.5647611639654205,0.3603130799311573,0.0753333356805717,0.4651998645811866,0.3074384604020428,0.2842797176628472,0.4375502574631954,0.3070970995465149,1.4625305719673634,0.0029818139570894,1.459650944918394,1.4628064706921575,1.4641007781028748,1.4589798972010612,1.467114768922329,0.5396803720757204,0.0090807566856844,0.556486062519856,0.5345125392859089,0.5398253042781185,0.5378953690629175,0.5296825852318013,0.295006684846421,0.0155641321090219,0.3155265442196082,0.29094600275588,0.2865788176052107,0.3092991886227163,0.2726828710286896,1.4595063753426074,0.0039756821739418,1.460632435977459,1.4541156440973282,1.457744427025318,1.466223582625389,1.458815786987543,0.5204619695831629,0.0073864276989183,0.5071444435972822,0.5207436601678346,0.5298515692529202,0.5217613397406947,0.5228088351570828,0.3012858741371369,0.0132851076957061,0.3255000433618257,0.3037945841877822,0.2944523402310067,0.2961035852998593,0.2865788176052107,13.0,10.770329614269007,24,5,2,28,6
-350,1.413793548784758,0.0246390611118441,1.4020302408619931,1.3872479576813548,1.459756552545648,1.4049424309479563,1.4149905618868377,0.6032909515331605,0.0299513054446827,0.6220760349596509,0.6325447867442309,0.54639494310597,0.6081422614862749,0.607296731369676,0.3671104431232594,0.0449763364184572,0.3939096671807542,0.4221684402541703,0.2908210050806588,0.3805929935175616,0.3480601095831523,1.462845355272293,0.0051497326968684,1.4719097092747688,1.4568739496171474,1.4620315171778202,1.45930590108037,1.464105699211359,0.5412214506912674,0.0076721356362743,0.552070839375717,0.5420007571247999,0.540780655188214,0.5431512274601403,0.5281037743074657,0.311012762561259,0.0153305904997002,0.3294065800063249,0.3025555262004404,0.2865788176052107,0.3238816407816069,0.3126412482127124,1.4571812972426414,0.0069170781156324,1.4624538570642471,1.446129284799099,1.455217208713293,1.466318242251873,1.455787893384695,0.52529337732155,0.0136813380791979,0.5196672147006027,0.5023475705950451,0.5276858558765511,0.5345539920522764,0.5422122533832751,0.3111515524735287,0.0112097407721624,0.3291676307450738,0.3081241422710179,0.2944523402310067,0.3146733280638491,0.3093403210566959,11.8,4.791659420284375,14,17,3,14,11
-325,1.4252040975972229,0.0223845406156104,1.387945109919498,1.4435873721775256,1.4125685465963262,1.448802698285956,1.433116761006807,0.5912313888247107,0.0313314996951025,0.6359704383333704,0.559052424231812,0.6196997220649525,0.5602497419789848,0.581184617514434,0.343461276504322,0.0458262323425377,0.4233575802643473,0.3063448321007866,0.3628962607140148,0.2977575184913234,0.326950190951138,1.4695730790495871,0.0085327372496127,1.48283901065588,1.4710193909704683,1.4619033262133598,1.458898589015007,1.473205078393221,0.5387921819418741,0.0076982694807836,0.5414975580017437,0.5258262553906341,0.5497535963479001,0.5379496914807625,0.5389338084883297,0.3071232352391181,0.0141805156944672,0.3230530189049642,0.315455089457952,0.3157167932982682,0.2848357680676863,0.2965555064667203,1.464158195257187,0.0044503653492312,1.4703387022018433,1.4575405530631542,1.4613203704357147,1.467141218483448,1.4644501321017742,0.5207846528940007,0.0090356899657111,0.5190460191476602,0.5201529740053429,0.5099773274440524,0.5173441837231968,0.5374027601497511,0.3193279991907038,0.0249344682031837,0.3396417748235985,0.325487308745613,0.3442845131554087,0.2747356663479344,0.3124907328809649,10.0,4.0,16,7,13,5,9
-300,1.4424875638359471,0.0309396372788185,1.381871193333676,1.4586471934067575,1.4683197824578536,1.454045692243074,1.4495539577383745,0.5746049104681406,0.0441776056021865,0.6604205353702257,0.5430665501235366,0.5400347034562946,0.562511821274738,0.5669909421159086,0.3170248814394396,0.0524991511441009,0.4216763677392003,0.2876913531224739,0.2848420557744536,0.2965437770065584,0.2943708535545118,1.4668391264975071,0.0081244565415891,1.4823242388665676,1.4619315937161446,1.4648149646818638,1.4589928463101387,1.4661319889128208,0.5371295347277798,0.0067007094964628,0.5453467086191782,0.5301527233300464,0.5440666819317989,0.536697270750034,0.5293842890078413,0.2924568436221723,0.0194629176369196,0.3298648942665396,0.2865788176052107,0.2865788176052107,0.2865788176052107,0.2726828710286896,1.464018165320158,0.0098069201009642,1.4806606024503708,1.4532281458377838,1.458277691155672,1.4691834896802902,1.4587408974766731,0.5241537402279314,0.0067203730323762,0.5176172393674925,0.5241199568358808,0.5340486808632781,0.51618056568097,0.5288022583920357,0.293066213177678,0.0144612978895492,0.3172414688333784,0.2943755681901046,0.2944523402310067,0.2726828710286896,0.2865788176052107,6.2,4.995998398718719,16,4,2,4,5
-275,1.4425149129566397,0.0490176135145247,1.4806913124887566,1.4672058632499294,1.4625904083251953,1.4562873514075028,1.3457996293118126,0.5802168479757257,0.0754581380226742,0.5073920138159614,0.5501972507591841,0.5623981135154664,0.5549104919031972,0.7261863698848194,0.3216633297178461,0.0681841747027097,0.2835164229250457,0.2867148112767206,0.2861553172189111,0.2940789976810924,0.4578510994874606,1.4651634842157364,0.0030207928344102,1.4687739051878452,1.4645797200500963,1.461699079722166,1.4622080773115158,1.4685566388070583,0.5393870988582222,0.0086027363871205,0.5307505446598964,0.5357075772194096,0.5477852259868478,0.5312539297704116,0.5514382166545453,0.2957276733989584,0.0182977115874952,0.2865788176052107,0.2865788176052107,0.2865788176052107,0.2865788176052107,0.332323096573949,1.465833442658186,0.0078840386827398,1.4659703336656094,1.458284571766853,1.4560238867998123,1.472291525453329,1.4765968956053257,0.5094580321474682,0.0096796618774851,0.4932559446700308,0.5056307253911174,0.510135449048449,0.5177895975776885,0.5204784440500552,0.2945995259544963,0.0148713605322898,0.2920138538372269,0.2943755681901046,0.2944523402310067,0.2726828710286896,0.3194729964854537,7.2,9.927738916792686,1,2,3,3,27
-250,1.4585245310632806,0.0137628285360668,1.443139049881383,1.4685403911690964,1.4619111349708156,1.4767875696483412,1.442244509646767,0.5437580356458216,0.0229232660709912,0.5598607712383505,0.5290778932358713,0.5571969182334936,0.5058187689054082,0.566835826615984,0.2974176512265779,0.0132215614572595,0.3168468792463629,0.2849528905637256,0.2865243868949496,0.2890185959850632,0.3097455034427883,1.4763728737831117,0.0188694675732582,1.513597451150417,1.4658055901527405,1.4620375148952007,1.469337310642004,1.471086502075195,0.5349507729937486,0.0137562145560885,0.5448925411550596,0.526633633949369,0.5419945916097338,0.5492037391349923,0.5120293591195877,0.270971739695606,0.0287217369932555,0.2136654426272616,0.2865788176052107,0.2865788176052107,0.2865788176052107,0.2814568030351364,1.4718749560415745,0.0176700411238201,1.5030922442674637,1.4581315889954567,1.4548533372581005,1.4789943732321262,1.4643032364547253,0.5295807734503283,0.0120831598971339,0.5148477353412643,0.5424519142313219,0.5387472238472869,0.5368046871478369,0.5150523066839316,0.28820296469869,0.008324283478402,0.286313978680653,0.2943755681901046,0.2944523402310067,0.2726828710286896,0.2931900653629956,3.8,2.3151673805580453,6,2,3,1,7
-225,1.4298025833932977,0.0458657957329119,1.4846590895401803,1.4499573958547491,1.3583882934168765,1.459598635372363,1.3964095027823198,0.5876976255071427,0.0726120245289575,0.5012023309072152,0.5488597131240877,0.7114002187549435,0.5563488990614189,0.6206769656880482,0.3428702852907726,0.0624745288144402,0.2823820829866891,0.3056152753785849,0.4456741961360128,0.2962540768431603,0.384425795109416,1.4629408314824104,0.0046024234153023,1.4696102477610111,1.4564197100698948,1.4638764709234238,1.465352039784193,1.4594456888735294,0.5313762792093195,0.0075920600680763,0.5444741049267678,0.5333687259761185,0.5310490341137123,0.5253351795465105,0.522654351483488,0.2980258356885058,0.0145085359000675,0.2865788176052107,0.2891172837852846,0.3240601209608927,0.2865788176052107,0.3037941384859301,1.4619783498346806,0.009357051268992,1.466255560517311,1.4472156800329683,1.4628583528101444,1.4755740948021412,1.4579880610108376,0.509767224761391,0.0074944911931565,0.5111404919814501,0.5038054739875341,0.523702799349123,0.5034316982599256,0.5067556602289224,0.301867119756566,0.0210204191778463,0.2920138538372269,0.2948255952061194,0.3335455309014726,0.2726828710286896,0.3162677478093214,11.2,10.979981785048643,1,6,30,2,17
-200,1.4617927360534668,0.0092775174586762,1.4552332928306178,1.4640911955582467,1.4589820435172631,1.452115925989653,1.478541222371553,0.5463092956385439,0.0115348028559713,0.5514817292105231,0.5420107872977612,0.5490459398664863,0.5619111906644424,0.5270968311535066,0.2886176527461602,0.0034645995627612,0.2895067654391056,0.2849331764547618,0.2847593920890346,0.2940217022897565,0.2898672274581429,1.4647257633507251,0.0071340060955867,1.4605192579329014,1.4616525024175644,1.460744682699442,1.4617515876889229,1.4789607860147953,0.5377643676912311,0.0112884469298345,0.5462059962873614,0.550400881548338,0.542870192950383,0.5289928618446958,0.5203519058253778,0.2837996282899065,0.0055583786306084,0.2865788176052107,0.2865788176052107,0.2865788176052107,0.2865788176052107,0.2726828710286896,1.4604535676538943,0.0065300691899823,1.457012340426445,1.454114355146885,1.4544995091855526,1.4673350863158705,1.469306547194719,0.5263076463289498,0.0147716919455931,0.5125123881737509,0.5231390065437953,0.5273142730995959,0.5147627776180359,0.5538097862095708,0.2879339649240536,0.0081190665259096,0.2920138538372269,0.2943755681901046,0.2940187139590363,0.2726828710286896,0.2865788176052107,3.2,1.16619037896906,4,3,4,4,1
-175,1.4564241100612438,0.0173587594586367,1.4231769360994038,1.4638868080942251,1.466199615127162,1.4722344310660112,1.4566227599194177,0.5493180641002784,0.0276259689441637,0.5848164426793525,0.556500320871404,0.5437296278431787,0.50089634849423,0.5606475806132267,0.305653846796014,0.030538348618332,0.3663043980778915,0.2869241459193316,0.2861202489351451,0.2953281584007812,0.2935922826469208,1.464561789482832,0.0054568308643434,1.4555617049336431,1.4628106243908403,1.4643178842961788,1.4685912542045116,1.4715274795889854,0.5438050720704436,0.0061861744801685,0.5369373545078995,0.5494701437551189,0.5441387351183278,0.5517093792520773,0.5367697477187944,0.285293938209849,0.0069378211186994,0.2940503672049229,0.2865788176052107,0.2865788176052107,0.2865788176052107,0.2726828710286896,1.4613736264407635,0.0088962387985555,1.4542408622801304,1.454415675252676,1.457692999392748,1.4781639985740185,1.4623545967042446,0.5233475336258917,0.0083557258968054,0.5265542188538296,0.5090712719717266,0.5316878463057688,0.5191573908210635,0.5302669401770701,0.2885091488468881,0.0084770329383265,0.294456147179429,0.2943755681901046,0.2944523402310067,0.2726828710286896,0.2865788176052107,3.6,2.8000000000000003,9,3,2,1,3
-150,1.4707301051993118,0.0095104541044282,1.47697575719733,1.479991622974998,1.462328058794925,1.4564159443503932,1.4779391426789132,0.5231113283766169,0.024284587650815,0.5010217672535716,0.5000167087702526,0.5568920317302064,0.5478030677791863,0.5098230663498674,0.2888776848423129,0.0030725960643446,0.2881704196033356,0.2866945591986955,0.2852868576713845,0.2941233920809971,0.2901131956571517,1.469003976881504,0.0047157417434063,1.4686899557709694,1.4687062948942184,1.4637518897652626,1.466181419789791,1.4776903241872787,0.5333704873080632,0.0095762588337633,0.5521209577967764,0.5292280407051654,0.5300860032061243,0.5249806644093284,0.5304367704229217,0.284187502975126,0.0058011476837448,0.2865788176052107,0.2865788176052107,0.2865788176052107,0.288518191031308,0.2726828710286896,1.4652053616940974,0.0051402469904835,1.4654480442404747,1.4629388116300106,1.4568028897047045,1.471408162266016,1.469428900629282,0.5211901673288667,0.0118833047203086,0.5047103273299072,0.5127453998936922,0.5395006229814734,0.5227624314355392,0.5262320550037214,0.2883282494669853,0.0076123926935057,0.2920138538372269,0.2943755681901046,0.2944523402310067,0.2742206674713774,0.2865788176052107,1.8,0.9797958971132712,1,1,3,3,1
-125,1.4629212186211034,0.0268788450380122,1.4792177388542578,1.4604668705086958,1.4822755123439588,1.481073307991028,1.4115726634075767,0.536187934175129,0.0382997572451943,0.5075373279024461,0.5660443703051202,0.5080107030607365,0.5024274264326899,0.5969198431746523,0.3011298498201767,0.0306761384290802,0.2871856045473969,0.2872935519200053,0.282128757271521,0.2866792882772538,0.362362047084707,1.4679004348814488,0.0025257858645116,1.4691755846142769,1.4629028402268889,1.4693655371665957,1.4695775993168354,1.468480613082647,0.5401534121282626,0.0052006336179597,0.5360234562258452,0.5503637838941369,0.5378025896991991,0.5374390793311764,0.5391381514909559,0.295630397905705,0.0181031606009885,0.2865788176052107,0.2865788176052107,0.2865788176052107,0.2865788176052107,0.3318367191076821,1.4670695535838605,0.0080068513020514,1.466838572174311,1.4548118822276592,1.4634019173681736,1.4787726178765297,1.4715227782726288,0.5220666838231401,0.0069949251764977,0.5312694819122067,0.5201664949141005,0.527989316119327,0.5113423966833215,0.5195657294867454,0.2959631481217549,0.017217179133843,0.2920138538372269,0.2943755681901046,0.2944523402310067,0.2726828710286896,0.3262911073217468,3.6,4.2708313008125245,1,3,1,1,12
-100,1.4602040240639134,0.0119003521062356,1.4526209379497328,1.4671210163518005,1.4657461178930182,1.4745013375031322,1.441030710621884,0.541703708377389,0.0224668665605684,0.5507241887164487,0.5318589690391907,0.5604674279776185,0.502464164644131,0.5630037915095558,0.298362471104275,0.0109660590421256,0.3062077947381459,0.286582208465452,0.2879372510417468,0.2958174216865999,0.3152676795894301,1.464875338971615,0.0035907287765522,1.458336379379034,1.463858988136053,1.4669877588748932,1.4684337005019188,1.466759867966175,0.540254967421065,0.0105793008990438,0.5565683137624359,0.5467851363096738,0.5339782227611387,0.5380631006621932,0.5258800636098835,0.2861211110131704,0.0009154131840808,0.2865788176052107,0.2865788176052107,0.2865788176052107,0.2865788176052107,0.2842902846450087,1.4629549577832222,0.007673621988611,1.4561776146292686,1.4579152837395668,1.460920237004757,1.4777235388755798,1.4620381146669388,0.5237292714306714,0.0090762787442091,0.5203031949912644,0.5250741096678413,0.5368057045599745,0.5273669717300165,0.5090963762042606,0.2895875233012185,0.0085033079370579,0.2920138538372269,0.2943755681901046,0.2944523402310067,0.2726828710286896,0.2944129832190644,3.0,1.7888543819998317,4,2,2,1,6
-75,1.4531747476678143,0.0102231943746509,1.454340659944635,1.4653054940073114,1.4629834200206555,1.443958312586734,1.439285851779737,0.5489240148021967,0.0042153885814508,0.5496914800996402,0.5496382792758516,0.5441288699962732,0.545137122663327,0.5560243219758912,0.3000780701829206,0.0127395604556091,0.2984406667701409,0.2870601323988264,0.2855147680055405,0.3142515717820132,0.3151232119580822,1.4614329278469085,0.0034951398752042,1.4593224450945854,1.4647665917873385,1.4615632221102717,1.4560349807143211,1.4654773995280266,0.5495191297647356,0.0131055738323762,0.5723523018709944,0.5558859864803795,0.5426384974134546,0.5388436234066013,0.5378752396522477,0.2837996282899065,0.0055583786306084,0.2865788176052107,0.2865788176052107,0.2865788176052107,0.2865788176052107,0.2726828710286896,1.4582346633076668,0.0044136218698867,1.4561011344194412,1.4582023844122889,1.4555375166237354,1.466738559305668,1.4545937217772007,0.5179210088605682,0.011649183017402,0.4970904787105686,0.51558989050176,0.5293903979823935,0.5193359494293588,0.5281983276787605,0.2879288534437538,0.0082038587767226,0.2920138538372269,0.2943755681901046,0.2944523402310067,0.2726828710286896,0.2861196339317414,4.4,1.8547236990991407,4,2,3,6,7
-50,1.453333713631881,0.0197840119243747,1.4592575826142964,1.477838599054437,1.465633027177108,1.4433128934157522,1.4206264658978112,0.5524376962474825,0.0240043862178516,0.539597104945126,0.5148067316516848,0.5568650788084554,0.5649610248566365,0.58595854097551,0.3058303332301409,0.0248045796269827,0.2930158385469315,0.2884327313420551,0.2860029747041535,0.3088915732673468,0.3528085482902181,1.4651156909763814,0.0067414388774769,1.4621343351900578,1.4682720936834812,1.4652139693498611,1.4547727406024933,1.475185316056013,0.5452135443046965,0.0108655914868215,0.5602110194112276,0.5423727211514746,0.5554260158877343,0.5352179813395087,0.5328399837335371,0.2955174648515036,0.0178772944925857,0.2865788176052107,0.2865788176052107,0.2865788176052107,0.2865788176052107,0.3312720538366752,1.4665404543280602,0.0103985519242015,1.4591776058077812,1.46262813732028,1.4584722965955734,1.465748980641365,1.486675251275301,0.5177927664568092,0.0184306881566392,0.5134094012087583,0.5093069792450203,0.554248171956678,0.5058039389648554,0.5061953409087339,0.29445476970717,0.0146301059825903,0.2920138538372269,0.2943755681901046,0.2944523402310067,0.2726828710286896,0.3187492152488223,4.4,3.2619012860600183,3,1,2,6,10
-25,1.4326500006725913,0.0325797554119867,1.39827141008879,1.4646003484725951,1.460341437239396,1.4517875709031758,1.3882492366589998,0.5843540552539648,0.0361007889492284,0.6137008319703005,0.5447610127823044,0.557860321203314,0.5659092431842945,0.6395388671296108,0.3376101842264022,0.0577123261969243,0.4059127819915368,0.2870794767524272,0.2897386981199353,0.2948227376463959,0.4104972266217159,1.4616724990308283,0.0126505161837084,1.4441576451063156,1.4615710005164146,1.4605263732373714,1.4584825709462166,1.483624905347824,0.5450742082397622,0.0060033613011928,0.551019167524641,0.5414770249837229,0.5520584049815427,0.5448578063442222,0.5359586373646817,0.302201988991545,0.0191593489398605,0.3271822440079406,0.2865788176052107,0.2865788176052107,0.2865788176052107,0.3240912481341519,1.4630855455994607,0.0101144634723476,1.4556293450295923,1.4571160227060318,1.4533917345106602,1.4692113772034645,1.480079248547554,0.5168246595182857,0.0134915357022335,0.5236232210754936,0.5109711178104073,0.5247446955023526,0.4933185672939303,0.5314656959092445,0.2993536251357489,0.0205782562971313,0.2990647883568013,0.2943755681901046,0.2944523402310067,0.2726828710286896,0.3361925578721423,7.8,6.046486583132389,13,2,3,4,17
0,1.470256142616272,0.0094369109510757,1.48262006232613,1.4601241827011109,1.467477529927304,1.46099313811252,1.480065800014295,0.534624872769825,0.0198720712072739,0.5065579357884836,0.5439249962202258,0.5595869776283037,0.5466592019663532,0.5163952522457589,0.2892753169548094,0.0051541139869044,0.2817911620383224,0.2950408622887263,0.2846771620576319,0.2935464844241534,0.2913209139652131,1.4662460468709468,0.0062356990062994,1.468174833804369,1.458963468670845,1.4630041159689426,1.4638278745114803,1.4772599413990974,0.5410675223959774,0.0091236291549308,0.547742017849436,0.5440014328608713,0.5435140498128972,0.5469648223790685,0.523115289077614,0.2837996282899065,0.0055583786306084,0.2865788176052107,0.2865788176052107,0.2865788176052107,0.2865788176052107,0.2726828710286896,1.4641313970088958,0.0072735239298967,1.466233167797327,1.4541950859129429,1.457826238125563,1.4744915701448915,1.467910923063755,0.5280445679508723,0.020379989813595,0.5031013917663258,0.5144162842102007,0.5300529785816428,0.5290581198160101,0.5635940653801821,0.2880206901784478,0.0081856416454124,0.2920138538372269,0.2943755681901046,0.2944523402310067,0.2726828710286896,0.2865788176052107,1.8,0.7483314773547883,1,3,2,2,1
25,1.4557595453764265,0.0219111312047467,1.4798806102652298,1.4185041251935455,1.4510426282882691,1.4758456694452389,1.4535246936898485,0.5446581886140784,0.023680235903272,0.5176562180904972,0.5768141155270586,0.5609567796253597,0.5174257365183379,0.5504380933091388,0.3091925688551588,0.0276679077151022,0.2849091705307335,0.3631087985578024,0.3031754660114426,0.2945681922599887,0.3002012169158266,1.4612874440848826,0.0101254551015489,1.46804054453969,1.4448241665959358,1.4541549906134603,1.4684298262000084,1.470987692475319,0.5441290233626412,0.0136679125118641,0.551932327966831,0.5559904008099539,0.5563434725119933,0.5343190194669247,0.5220598960575031,0.288225201983613,0.0115688114049021,0.2865788176052107,0.3087066860737432,0.2865788176052107,0.2865788176052107,0.2726828710286896,1.4601925857365132,0.0112264156751904,1.4659778773784635,1.4484913758933544,1.448088213801384,1.477888721972704,1.4605167396366596,0.5227206891621656,0.0202527552824769,0.521199296779088,0.4955486511235872,0.5423449156139342,0.5062314867512316,0.5482790955429871,0.2910304344609437,0.0118950446512094,0.2920138538372269,0.3094242896025843,0.2944523402310067,0.2726828710286896,0.2865788176052107,4.2,3.7094473981982814,1,11,5,1,3
50,1.4641756760446651,0.0088345938540903,1.4644169154920077,1.4807883977890015,1.4603831717842504,1.4549499888169135,1.4603399063411513,0.5456643089381044,0.0158958321247101,0.5512198933884901,0.5155192576603332,0.5558627011997376,0.5604834949950043,0.5452361974469565,0.289810214903211,0.0052293455384667,0.2861806183994866,0.2833484038776204,0.2877326069643081,0.2945827817445091,0.2972066635301312,1.4657388269901277,0.0053769097785243,1.463243432343006,1.4691550582647324,1.4596045799553394,1.462203897535801,1.474487166851759,0.5567744181403611,0.016274940824234,0.5756167711119028,0.5680747601107291,0.5500954970183519,0.561194221106712,0.5288908413541095,0.2853866927934554,0.0070563569479461,0.2865788176052107,0.2865788176052107,0.2945141401229553,0.2865788176052107,0.2726828710286896,1.462723557651043,0.0067401802128766,1.460275113582611,1.4627879336476326,1.4527556896209717,1.4736696183681488,1.4641294330358503,0.5339515812705404,0.0104564014875819,0.5246767977096795,0.5400139880847221,0.5463823403819896,0.5186912348675315,0.5399935453087794,0.288230910015496,0.0083597619295448,0.2920138538372269,0.2943755681901046,0.2955034394162482,0.2726828710286896,0.2865788176052107,2.2,0.7483314773547882,2,1,3,3,2
75,1.4531999183955946,0.0442165575810226,1.3651933243400172,1.467266703906812,1.476199201533669,1.4804093160127338,1.4769310461847405,0.5575570515481154,0.0653324483061356,0.6837227753725509,0.5563279433194611,0.5156576808233434,0.5265072912325384,0.5055695669926835,0.317149260505012,0.0601553352751287,0.4373815182041018,0.2846189916089248,0.2850384894534754,0.2881259991185894,0.2905813041399684,1.4671656362712384,0.0062436414755209,1.459687415510416,1.462018556892872,1.4678748473525047,1.468596015125513,1.477651346474886,0.5457042067050301,0.0122320575453361,0.5547510041107172,0.544092765830907,0.5493674721754248,0.5573110266037317,0.5229987648043699,0.2937488585821288,0.0219578208317488,0.336324969066322,0.2865788176052107,0.2865788176052107,0.2865788176052107,0.2726828710286896,1.4664803862571716,0.007052132748444,1.466342959553003,1.4575356356799605,1.462168186903,1.4786701016128063,1.4676850475370884,0.5316629833940146,0.019708222720212,0.5385114903356054,0.5196829744061932,0.5572897631225561,0.5003809975416323,0.5424496915640862,0.2925999007063947,0.0136913286249488,0.3149099064769616,0.2943755681901046,0.2944523402310067,0.2726828710286896,0.2865788176052107,5.0,7.509993342207435,20,2,1,1,1
100,1.4439267959092792,0.0358345538988822,1.460050730956228,1.3791485748792949,1.4835362610064056,1.4351344974417437,1.4617639152627242,0.5702411231575999,0.0533465279941036,0.5629025164325084,0.6632388047319479,0.4965649519541058,0.5679145809625709,0.5605847617068667,0.3246734716233969,0.0520078301783612,0.2877947271401989,0.4220446421613039,0.2851288639945743,0.3354092749474923,0.292989849873415,1.4595444902777672,0.0104372408285746,1.4581748507916927,1.4455640241503716,1.4687237553298471,1.451583370566368,1.4736764505505562,0.5518469491759974,0.0144241298348921,0.5699991661752412,0.556575764775957,0.5580879210713395,0.5479023876085024,0.5266695062489473,0.2932311822703806,0.0182633857857255,0.2865788176052107,0.327245726398304,0.2865788176052107,0.2930696787144877,0.2726828710286896,1.4598363250494004,0.0031686805843316,1.4579274468123913,1.4547731056809423,1.4626624062657356,1.4604360349476335,1.4633826315402985,0.536809960664106,0.0150046915331777,0.5323463557989552,0.5162965526844788,0.5589706989317008,0.5284734547348481,0.5479627411705473,0.2934814834702645,0.0083089887167505,0.2920138538372269,0.3087370958167086,0.2944523402310067,0.2856253098611697,0.2865788176052107,6.6,6.6513156593263565,3,19,1,8,2
125,1.4585326854806195,0.0107958086558359,1.4651754303982385,1.447344960664448,1.4497620105743407,1.4540577210878072,1.4763233046782644,0.5481640627657506,0.0182587089542023,0.5591738509875797,0.5519928546350192,0.5531750531322284,0.5638216389543104,0.5126569161196154,0.295676482104222,0.0074826176400161,0.2855671286003654,0.308855389190773,0.2940173853816347,0.2945725575119648,0.2953699498363721,1.4607727110385895,0.0100959194706402,1.4623529724776745,1.451269332319498,1.4523535929620266,1.4586382322013378,1.4792494252324104,0.5475749233769419,0.0090688785623406,0.5550185800863906,0.552229170618844,0.550041043210235,0.5508289355891755,0.5297568873800648,0.2884822380524121,0.0085081873298396,0.2865788176052107,0.294058362048158,0.2931169151583512,0.2959742244216508,0.2726828710286896,1.4589924223721027,0.0098070485639789,1.4605145119130611,1.4494231641292572,1.446070335805416,1.4697672165930271,1.469186883419752,0.5206720797779888,0.010656633590252,0.5132002166285188,0.5117465488317589,0.5391424663200173,0.5129639447780803,0.5263072223315688,0.2890950315392378,0.0090356903623083,0.2920138538372269,0.2989148756822287,0.2950447509692785,0.272922859602244,0.2865788176052107,3.6,2.0591260281974,2,6,6,3,1
150,1.4379650901493273,0.0486795533681894,1.4835589810421592,1.4606736961163973,1.4559732675552368,1.4458242127769871,1.343795293255856,0.5818282899563635,0.0703692891176973,0.5205936658678448,0.5508753409803492,0.5592511048485703,0.5587239748921621,0.719697363192891,0.3275507585261301,0.0644287798504447,0.2863238838679279,0.2931163582350823,0.2875645902611743,0.3161505824024156,0.4545983778640504,1.460186143964529,0.0049957778728226,1.4679250791668892,1.4589096494019032,1.4539069421589377,1.4566432014107704,1.463545847684145,0.5507052794519092,0.0039449195991811,0.5551709412646283,0.5455878477994506,0.5553598886427406,0.5477026198145765,0.5497050997381504,0.2943218354877958,0.0131766849006585,0.2865788176052107,0.2865788176052107,0.2914714447456974,0.2865788176052107,0.3204012798776496,1.4615467101335526,0.0081541398526841,1.4664078652858734,1.4544057212769983,1.449624888598919,1.4659224599599838,1.471372615545988,0.5232245742823916,0.0181585900258512,0.5089223842179984,0.5144951313483442,0.533152751180652,0.5054504193407989,0.5541021853241644,0.2962492127338362,0.016809197097654,0.2920138538372269,0.2943755681901046,0.2937581686280086,0.2745866575051705,0.3265118155086703,8.4,10.384603988597735,1,3,4,5,29
175,1.4587665083533838,0.0070406627361062,1.4651795061011064,1.466012171695107,1.4617085983878688,1.4524384561337922,1.4484938094490454,0.5543206609396691,0.0084104523955422,0.5574419555194655,0.5424032160513088,0.5665389246290735,0.5477738428103462,0.5574453656881515,0.2952058966864309,0.0094930880678146,0.2866292456080058,0.2863125797750525,0.2897389739119088,0.305092278176193,0.3082564059609942,1.4639468692243098,0.0048798911862749,1.4635954946279526,1.4629362784326077,1.45979992300272,1.4601610377430916,1.473241612315178,0.550178135287757,0.008081383973025,0.5505065271596089,0.556229615411999,0.5601531249785743,0.5473192762427656,0.5366821326458375,0.2837996282899065,0.0055583786306084,0.2865788176052107,0.2865788176052107,0.2865788176052107,0.2865788176052107,0.2726828710286896,1.4610124066472054,0.0055130211979462,1.461737334728241,1.457578867673874,1.4536174051463604,1.470182754099369,1.4619456715881824,0.5263323538895222,0.0174181742119184,0.5043475706488871,0.5150034179561307,0.5368031437774521,0.5214021927601719,0.554105444304969,0.2880206901784478,0.0081856416454124,0.2920138538372269,0.2943755681901046,0.2944523402310067,0.2726828710286896,0.2865788176052107,2.8,0.7483314773547882,2,2,3,3,4
200,1.452761595374659,0.0049283357607425,1.4555193424224853,1.4542884839208503,1.4460436130824843,1.4596091671993858,1.4483473702480918,0.5581907145932707,0.0071506558587053,0.5634667399504721,0.5466461228158731,0.5673912667852048,0.5583975818707532,0.5550518615440502,0.3055283020346784,0.0066064645292998,0.3071997200464154,0.3132524018130536,0.3101683770761755,0.294283078335635,0.3027379329021125,1.4611245006322862,0.0038738392978619,1.4604818634688854,1.459322478622198,1.4551535472273829,1.4649390280246737,1.4657255858182907,0.5513596902361526,0.0152888885057884,0.5752053933125333,0.5524238365374902,0.5542048957748384,0.5476244964564225,0.527339829099479,0.2841424584270486,0.0056597300655908,0.2865788176052107,0.2862504911438123,0.2883813061787652,0.2865788176052107,0.272922859602244,1.4591611802577973,0.008808152255172,1.457723967730999,1.4540991857647896,1.4496600590646267,1.47558606415987,1.4587366245687008,0.5270972672811493,0.0114671746670733,0.5269260203579856,0.5063525396105406,0.5329833940823078,0.528306924667008,0.5409174576879038,0.2879994960947536,0.0081715674551974,0.2920138538372269,0.2946799513069877,0.2940419866956532,0.2726828710286896,0.2865788176052107,3.8,1.32664991614216,3,4,6,2,4
225,1.4199821838579678,0.0137868321081207,1.405555820465088,1.4049726561496132,1.4412868989141363,1.420172922234786,1.4279226215262162,0.602030205411016,0.0203455276816714,0.6290564614695222,0.6194653389496045,0.5732243822418478,0.6006435500733235,0.5877612943207823,0.3579959770631499,0.0273385297314085,0.3927461499521806,0.3817580074675714,0.3160462405329838,0.3555383760112702,0.3438911113517434,1.456224336475134,0.0041018950938622,1.4511665850877762,1.4576149694621563,1.4566252529621124,1.4528018347918987,1.4629130400717258,0.5530951249432899,0.012746447398225,0.5539072507096201,0.5499159288387455,0.5703196585791961,0.5597116078433838,0.5316211787455039,0.311405859514726,0.0166482557773538,0.3200012678170996,0.3356393943136533,0.3154617534415037,0.296703826847522,0.2892230551538514,1.456780735403299,0.0031552085201343,1.453753940761089,1.4578438214957714,1.4525627829134464,1.4610089920461178,1.4587341398000715,0.5323856620224532,0.0132239551696512,0.5341290489979709,0.5151192495278984,0.5455161855908438,0.5194765262413944,0.5476872997541581,0.3068695527822785,0.0182806748162087,0.3023734057985746,0.3319402551628158,0.314048605133812,0.2758829602048976,0.3101025376112927,10.0,2.0,11,13,7,10,9
250,1.444545643957038,0.0316054699270131,1.391403481834813,1.48146103432304,1.4612962057715968,1.428051455397355,1.4605160424583836,0.5748608830182695,0.0480261433506175,0.6551443339065104,0.5113525800201321,0.5576172063416499,0.5945420114839536,0.555648283339102,0.3229829542060362,0.049381131983031,0.4100693333224127,0.2797460547240367,0.2869291082864031,0.3456251855504477,0.2925450891468804,1.4654335610568523,0.0047648175446351,1.4663503728806973,1.4681004658341408,1.4583442620933056,1.4622284397482872,1.4721442647278309,0.5494900921291983,0.0145977434106396,0.5641030344015426,0.5447436497539802,0.5555725879584974,0.559753217171453,0.5232779713605188,0.3026867790449804,0.0304157454350995,0.3590035073990403,0.2865788176052107,0.2865788176052107,0.3085898815867504,0.2726828710286896,1.4649728290736674,0.0078759780225214,1.4698355942964554,1.4630888812243938,1.4529370814561844,1.4764685817062857,1.4625340066850183,0.5337811550526198,0.0156627514575649,0.5445724312649529,0.5132174807423615,0.5455001379250083,0.5162539595459937,0.549361765784783,0.3005586155578474,0.0162409977264198,0.3324397123888138,0.2943755681901046,0.2944523402310067,0.2949466393741015,0.2865788176052107,5.6,4.841487374764082,14,1,3,8,2
275,1.436763606824373,0.0170657712663232,1.4519133592906752,1.4084836031261243,1.427380115107486,1.454556719880355,1.441484236717224,0.5845634491699144,0.0200290176827302,0.5694351727742366,0.6188348467327416,0.5960565874569494,0.5685270281699875,0.5699636107156572,0.325991679825089,0.03003866040598,0.3011113013559861,0.3775697001703204,0.3401172624708238,0.2955930694123763,0.3155670657159387,1.4629081197082996,0.0045728861025776,1.4580365158617496,1.4593050107359886,1.4645381420850754,1.4617610201239586,1.470899909734726,0.5574587696180423,0.0092230213217779,0.5684436782255321,0.5533703573139452,0.565331531572263,0.5577191193544386,0.5424291616240329,0.3097166208620683,0.0297123152971229,0.294776558732485,0.3379874980830052,0.3515722769787775,0.2897716267272163,0.2744751437888575,1.464474731683731,0.0052562731429202,1.456917129456997,1.463479183614254,1.4694240540266037,1.471228614449501,1.4613246768712995,0.5346455029135233,0.0118225302387587,0.543948058698067,0.5142012075554673,0.5404964595297315,0.5287432495719795,0.5458385392123717,0.3015302808784376,0.0215511950311653,0.2939934582906667,0.3133452447529551,0.3373158866947921,0.276877180722033,0.2861196339317414,6.8,3.3105890714493698,4,12,9,3,6
300,1.436238943150169,0.0318828415314779,1.3759412539632696,1.4343462868740684,1.4668077970805922,1.4541437588239972,1.4499556190089176,0.5832256481082772,0.047321179150326,0.6734788675807485,0.5807869467872031,0.5494640034342392,0.5412966297990928,0.5711017929401025,0.3330646890853176,0.0532288095130729,0.4329367891968739,0.3414740794420471,0.2850715105838482,0.3035083772362167,0.3023326889676023,1.4640554308891296,0.0043485252809431,1.458906650543213,1.4689182974398136,1.4633150435984137,1.4599147588014605,1.469222404062748,0.5560883961076009,0.011982112816949,0.562282623698619,0.5590093441630589,0.5699289212225008,0.5550007456917685,0.5342203457620573,0.3037859389005931,0.027972827753767,0.326381779561481,0.3467074087023734,0.2865788176052107,0.2865788176052107,0.2726828710286896,1.4631175555288791,0.0055064275167505,1.458989504724741,1.4685855731368065,1.457438923418522,1.4708995893597605,1.4596741870045662,0.5376038439146023,0.0144472277510207,0.5484184739371684,0.5154798935178385,0.5348821333749632,0.5317479973174922,0.5574907214255489,0.2986528605414407,0.0186045330603123,0.3192878515616902,0.3202624222806063,0.2944523402310067,0.2726828710286896,0.2865788176052107,6.4,4.758150901348127,15,8,2,3,4
325,1.4519420671463013,0.0120317620097529,1.465825901533428,1.4656459695414492,1.435933992737218,1.442993442635787,1.449311029283624,0.5630943463355228,0.0128458675890386,0.5467779709258496,0.5499129197964954,0.5650075948117667,0.576181944565925,0.5775913015775773,0.3022062280480742,0.0203066918257902,0.2847122860448906,0.2858527765227261,0.3393261254327699,0.3078189021901343,0.2933210500498499,1.4709489963948728,0.0089938457073922,1.463913917541504,1.4662660285830498,1.4859408773481846,1.4621389247477057,1.4764852337539196,0.548851476913916,0.0125590132347888,0.5644172937435674,0.5464280253786212,0.5456921431219174,0.559362613310709,0.5283573090147653,0.2919269189545761,0.0180293239136023,0.2865788176052107,0.2865788176052107,0.3262559639618927,0.2875381245718768,0.2726828710286896,1.46914491802454,0.0084365390557952,1.461566984653473,1.4620499908924105,1.4837978556752205,1.4732416942715645,1.4650680646300316,0.5408776800207675,0.0194712096334814,0.5507547393364265,0.5160206516608453,0.5664448777875133,0.5202464394466972,0.5509216918723551,0.2956003784164526,0.0192404602791518,0.2920138538372269,0.2940126181320326,0.33145106495416,0.273945537553633,0.2865788176052107,4.2,2.227105745132009,2,2,8,5,4
350,1.4081687580911737,0.0468344399498619,1.380434042529056,1.3873484875026505,1.4797568923548647,1.443420238243906,1.3498841298253912,0.623391163649908,0.0744199651268678,0.6745803153655953,0.6578041184965964,0.5104518248507497,0.5637177081068231,0.7104018514297759,0.3756654603384526,0.0669802594357793,0.4096202470814862,0.4021911829967052,0.2843205843543444,0.3144326472681517,0.4677626399915756,1.4661576583981517,0.0042270056223568,1.4627755098044872,1.461363472044468,1.4684713445603848,1.465065535157919,1.4731124304234982,0.546377365963233,0.0081713056062523,0.5575736453057288,0.5397798656463887,0.5472650863250845,0.5522691787997276,0.5349990537392355,0.3102618312438482,0.0194829781481964,0.3261694111875557,0.3297522956377637,0.2865788176052107,0.2865788176052107,0.3222298141834999,1.468233761936426,0.0056840561568076,1.465056724846363,1.4642340801656246,1.462102234363556,1.4770443998277187,1.4727313704788685,0.539190291617748,0.0061199214823913,0.5395024942578955,0.5314911668284157,0.5470755640445043,0.5446678740257423,0.5332143589321818,0.3094592608692013,0.0241606514636346,0.3130197765077347,0.3244717947261045,0.2944523402310067,0.2726828710286896,0.3426695218524712,11.0,6.957010852370434,15,14,1,5,20
375,1.4287630527897883,0.0457281877978241,1.465058405775773,1.3506415592996697,1.4658748701999065,1.4024268702456826,1.459813558427911,0.6057881272924336,0.060920644342239,0.5559754602661954,0.7137852714336292,0.5567141800731678,0.6325552698452684,0.5699104548439072,0.3365973352724932,0.0625608773979756,0.286507007971916,0.4439071769257013,0.2861160997900711,0.3717886455391822,0.2946677461355958,1.465826614946127,0.0091908625677467,1.4635014720261097,1.4705615267157557,1.4658970087766647,1.4505962952971458,1.478576771914959,0.5613655907909721,0.0070765634236127,0.5728619341131216,0.564409785384663,0.5611903707519615,0.5524882581341342,0.5558776055709802,0.2968550021267407,0.020602604790866,0.2865788176052107,0.3319981814660256,0.2865788176052107,0.3064363229285668,0.2726828710286896,1.4653085201978684,0.0048299270275153,1.4613622091710567,1.4719332791864872,1.4584328718483448,1.4666663818061352,1.4681478589773178,0.5282593674185928,0.0220275657341992,0.5299056239107193,0.5251360323597679,0.5468308492816871,0.4887073788180254,0.5507169527227642,0.3004285930977621,0.0154274540145695,0.2920138538372269,0.3302480452341009,0.2944523402310067,0.2988499085812653,0.2865788176052107,8.2,8.35224520712844,2,23,2,12,2
400,1.4059024461946987,0.032292009858234,1.3838059312418889,1.408773354480141,1.359189988437452,1.4523140141838475,1.4254289426301654,0.6330467120891554,0.0471091200755416,0.6623972163840706,0.6212406731536925,0.7080241726037089,0.5769435353559944,0.5966279629483107,0.3717828401301019,0.0503861714219533,0.4014547821598715,0.3751302408097717,0.4455709146392003,0.3003013828850594,0.3364568801566066,1.4604878738522529,0.0124576278121039,1.45104593411088,1.474389187991619,1.4431947693228722,1.4594160169363022,1.4743934608995914,0.552584133900158,0.0171832007414439,0.5679055338034656,0.5628883399724811,0.5649894465488486,0.5449335945879175,0.5222037545880769,0.3178382397365452,0.0210637502526676,0.3235968302899159,0.3498514198163108,0.3235833430633965,0.2865788176052107,0.3055807879078923,1.4620530657470223,0.0104597585120852,1.4547252357006073,1.4718361757695675,1.4450418651103971,1.4704052805900574,1.4682567715644836,0.533464464371771,0.013927347985762,0.5431643701840528,0.5216209289697763,0.5275525200626832,0.5192152112836839,0.5557692913586587,0.3107353038314565,0.020345284819211,0.3188518541848426,0.3301531056305025,0.3238499473491053,0.2726828710286896,0.3081387409641425,11.6,6.343500610861483,14,11,22,3,8
425,1.419029288793865,0.0481114320368919,1.3911529039081774,1.4294154706754183,1.4570211812069542,1.3415659440191168,1.4759909441596584,0.6107738233873216,0.0663703027327188,0.6551330928063037,0.5885974940728835,0.5649443207671555,0.7152945366190039,0.5298996726712609,0.3643949280834292,0.0720809268806673,0.4051606150184458,0.3583448158659304,0.2877123139643187,0.4789706897291235,0.2917862058393276,1.468767875432968,0.0101176630658007,1.480432976037264,1.4553187787532806,1.4599783085286615,1.4684992022812366,1.4796101115643978,0.5530261134709151,0.0102005082186289,0.5516997268390006,0.5424085974343487,0.5649711480101941,0.5644945719169181,0.5415565231541144,0.3103647356542491,0.0274345096599618,0.341246816146972,0.3123136124912405,0.2865788176052107,0.3390015609991325,0.2726828710286896,1.4637634336948395,0.0104711100590291,1.476212751120329,1.450544610619545,1.4519569873809814,1.470170747488737,1.469932071864605,0.5368615714605278,0.0073619203257717,0.54203091125619,0.5253857029102427,0.5456246222730343,0.5315858784274872,0.5396807424356853,0.3123191638773803,0.0210418724946387,0.3222526263249541,0.3123277643855717,0.2944523402310067,0.3459842708401581,0.2865788176052107,9.6,7.657675887630659,12,8,4,23,1
450,1.4415775073202033,0.030654567963833,1.464829118628251,1.3956440561696102,1.4146560267398232,1.4595607180344432,1.473197617028889,0.5738607516403261,0.046659394295527,0.5556975529168026,0.6375765232839835,0.6160706024640269,0.5507533335824327,0.509205745954385,0.3289899166300539,0.0451611686369222,0.2890089440169697,0.4012676135156452,0.3631472778768067,0.2961591418651524,0.2953666058756954,1.4688177742064,0.0134820270931783,1.4640999138355255,1.4889255240559578,1.4493426606059074,1.4639821276068687,1.47773864492774,0.5465231062385935,0.0181077273104863,0.5663315476278111,0.550300312233097,0.5546435304781517,0.5488940728364005,0.5124460680175075,0.3032451323026366,0.0267758078863753,0.2865788176052107,0.3300033094956092,0.340381845778463,0.2865788176052107,0.2726828710286896,1.4693057097494602,0.0097470459453488,1.4630871638655665,1.4844992123544216,1.4560707323253157,1.4746970981359482,1.4681743420660496,0.5237487093628785,0.0123955068350717,0.5058025120121932,0.5223897931613432,0.5443786112874393,0.5200980121159173,0.5260746182374995,0.3002034437213418,0.0211065573992174,0.2920138538372269,0.3244284593047675,0.3253132168308139,0.2726828710286896,0.2865788176052107,5.8,5.114684741017769,2,13,11,2,1
475,1.436880360151592,0.0343910062852551,1.4442226284428648,1.3693787850831685,1.460517253373799,1.4613741008858931,1.4489090329722354,0.5929499656583628,0.0467060998439824,0.5809033990253957,0.6856344928945374,0.5648622563988996,0.5656566094244098,0.5676930705485714,0.3261440603203389,0.0519782934178122,0.3244844862970312,0.4269518480207825,0.2870212195817335,0.2937198058465131,0.2985429418556342,1.4683857135474685,0.0182381277587971,1.4529749155044556,1.4592234306037426,1.4609205909073353,1.464748326689005,1.5040613040328026,0.5531861938658711,0.0142977701614983,0.5520807908841118,0.5586974108519527,0.5685183015072974,0.5600604321005285,0.526574033985465,0.298752670440446,0.0280443791425901,0.2913403011980616,0.3538547439527585,0.2865788176052107,0.2865788176052107,0.2754106718409888,1.468911460787058,0.0189933071395603,1.4544984064996245,1.457165710628033,1.454058852046728,1.4753377176821232,1.5034966170787811,0.5297387271847788,0.0150723070183822,0.5373569190960423,0.5352368702928357,0.5501508169791357,0.5188428503014195,0.5071061792544606,0.2961960076339154,0.0185130619824552,0.2920138538372269,0.3297163219181249,0.2944523402310067,0.2726828710286896,0.2921146511545289,6.8,6.675327707311454,5,20,3,2,4
500,1.4362399206663434,0.0347893319504981,1.482617483640972,1.413414390463578,1.3822417510183234,1.451862338969582,1.451063639239261,0.5885256456934281,0.0565337406192852,0.5223932648421158,0.6134053626565232,0.684699492559215,0.571794686957555,0.5503354214517318,0.3356758998718496,0.0507888328635437,0.2817703928472201,0.3751817551732358,0.4150672200096683,0.3003453493958852,0.3060147819332386,1.4614661447703838,0.0082626858464239,1.4684886001050472,1.4560902677476406,1.450466226786375,1.4591283909976482,1.473157238215208,0.5469665560811221,0.0106653412602025,0.5350885111476543,0.5553863020338466,0.5594248749803734,0.5514403290078859,0.5334927632358502,0.3052524784259512,0.0290005741371837,0.2865788176052107,0.3390303762552749,0.34139150963537,0.2865788176052107,0.2726828710286896,1.4610182702541352,0.0065615864312523,1.465469565242529,1.4510507583618164,1.4566529504954815,1.4697159230709076,1.4622021540999413,0.5320428451187533,0.014852791192175,0.5147417315176254,0.5305455939362126,0.5284763938527239,0.5268142101397647,0.5596362961474403,0.3038154239761718,0.0245282334262752,0.2920138538372269,0.3350138768164267,0.3309852120197502,0.2744853596022441,0.2865788176052107,7.2,5.706137047074843,1,10,17,4,4
525,1.4351826394231697,0.0352126727364553,1.4644226864764565,1.4132234749041106,1.4672402068188315,1.4546352235894455,1.3763916053270038,0.5996003761544614,0.0471236552735024,0.5645466094556638,0.6209537343293606,0.5553314546143708,0.5748332833630898,0.6823367990098224,0.3340556928902131,0.05494986774139,0.2874200754882411,0.3734164734709749,0.2859667107186708,0.3003854975630167,0.4230897072101617,1.464555785059929,0.0099755082446377,1.4635482244193554,1.4526408836245537,1.4626993015408516,1.4609471075236795,1.482943408191204,0.5580499606223077,0.0135216077956147,0.5729511268377556,0.545540988427662,0.5715668623878727,0.5607348194145437,0.5394560060437051,0.3059390384905964,0.0237423369368363,0.2865788176052107,0.3330614711470306,0.2865788176052107,0.2865788176052107,0.3368972684903193,1.464513572305441,0.0126401349538882,1.4606952220201492,1.4482993260025978,1.456707313656807,1.4723937585949898,1.4844722412526608,0.5288170953521842,0.0145404369003779,0.5345308023380528,0.5231030264332934,0.5529675230375096,0.5090945628900652,0.5243895620619998,0.3009234538466016,0.0194641132398594,0.2920138538372269,0.3192654591242419,0.2944523402310067,0.2726828710286896,0.3262027450118428,6.6,5.571355310873647,2,10,2,3,16
550,1.4602487847679535,0.0176273004421416,1.4797238713816592,1.4663272117313586,1.4673389221492568,1.4605749067507292,1.4272790118267662,0.5669992999787468,0.0286937902677203,0.5159854025272039,0.5659020466642377,0.5661431910036498,0.5860819813700221,0.6008838783286202,0.2982549585192921,0.0239184765378358,0.2824335238099053,0.2843262239514409,0.2857355032406792,0.2932550925324054,0.3455244490620296,1.4683749333024023,0.0050696936396042,1.468875203281641,1.464731939136982,1.46538570150733,1.464835938066244,1.4780458845198154,0.5422429263420805,0.0097237214242155,0.540224978786972,0.5430957859319435,0.5492223365543678,0.5535191881368108,0.5251523423003084,0.2940646025734398,0.014971569936458,0.2865788176052107,0.2865788176052107,0.2865788176052107,0.2865788176052107,0.3240077424463558,1.4662101328372956,0.0076521320156385,1.4656898006796837,1.4570349417626858,1.458584297448397,1.4751470796763897,1.4745945446193218,0.5314657526145025,0.0078682352339543,0.5396167848951523,0.5331559672329331,0.538906467091248,0.5270409401730799,0.5186086036800991,0.2965936861720272,0.0183375962106162,0.2920138538372269,0.2943755681901046,0.2944523402310067,0.2726828710286896,0.3294437975731082,3.0,2.5298221281347035,1,2,2,2,8
575,1.4243027744795147,0.0300467990145687,1.3882984048441838,1.4587426072672791,1.4510109989266646,1.434116217964574,1.3893456433948717,0.6079125428880638,0.0497906619317511,0.6615660840281419,0.5561285651757244,0.5650062088706359,0.5828661090545664,0.6739957473112506,0.3415726190336998,0.0481157922151141,0.4099018064385282,0.292482532247585,0.2914313348459365,0.3295891343160976,0.3844582873203515,1.4604329079389573,0.0044538079480843,1.456237304955721,1.465773619711399,1.45649404078722,1.4577286578714848,1.4659309163689611,0.5434320472481808,0.0063485450173169,0.5323079596735962,0.5473039035299689,0.5457937924667989,0.5506337204725069,0.5411208600980333,0.3074207734149262,0.0198611769337476,0.3121939295304345,0.3037070798069924,0.2865788176052107,0.2917611241535948,0.3428629159783983,1.4601942650973796,0.0075484080325533,1.45472801476717,1.4598773643374443,1.449400383979082,1.467773862183094,1.469191700220108,0.5275578720823898,0.0109818140127487,0.5462340070819828,0.5335071540637807,0.5221486452660729,0.5163815768433132,0.5195179771567993,0.3055265593677457,0.0189511895695333,0.3128525425217999,0.3150044570972877,0.2964317839366804,0.273924869290249,0.3294191439927114,8.6,4.6303347611160905,13,3,5,7,15
600,1.4360391707169382,0.0213749256748698,1.430880113651878,1.4661780081297222,1.4549067434511689,1.4101035519650107,1.4181274363869114,0.5899458872923407,0.0208543969973186,0.5711169688343058,0.5696906624919751,0.578508656245242,0.6140420608742545,0.6163710880159256,0.3318789922584976,0.0320145013330484,0.3498673293228277,0.2880225732486375,0.2985513503436917,0.3642042285702221,0.358749479807109,1.4595265187323094,0.0034836827481377,1.4588315673172474,1.4635064490139484,1.4613573290407658,1.4532323218882084,1.4607049264013767,0.5441843909005586,0.0097726106282328,0.5324027581060266,0.5489966278218669,0.560183671215611,0.5427361015657104,0.536602795793578,0.2944392951871562,0.0092202210436208,0.2959899523245161,0.2865788176052107,0.2865788176052107,0.2915573745659803,0.3114915138348631,1.4576724030077457,0.0034591000833821,1.4577422142028809,1.4565731845796108,1.4531978629529476,1.4638482257723808,1.4570005275309086,0.5342394239879714,0.0221696358039141,0.5523467904845656,0.5498607166166841,0.5438256554468204,0.4918989355588719,0.5332650218329146,0.2966127433252224,0.0077964737272408,0.3040950940626893,0.2943755681901046,0.2944523402310067,0.284265051996537,0.3058756621457745,6.8,3.4292856398964497,7,2,4,11,10
625,1.439625112884923,0.0349733078969417,1.4601973659113834,1.460709942014594,1.462389077638325,1.4438469924424824,1.3709821864178309,0.5919969689128608,0.0504573155727339,0.5589260086847397,0.5710865875017944,0.570546687037443,0.5668888540684832,0.6925367072718437,0.3187796507078445,0.0519029035087278,0.2882508834297631,0.2885860875726884,0.2848078838457568,0.3114077213591663,0.4208456773318476,1.4622627265751362,0.002834541362957,1.4603950046002865,1.4596141576766968,1.4629485420882702,1.4608716666698456,1.467484261840582,0.5401232165555424,0.0098944425944066,0.5544533369933736,0.5449181645077876,0.5404052485247458,0.5364511993250505,0.5243881334267542,0.3008769283523529,0.0185330246280887,0.2865788176052107,0.2865788176052107,0.2966973861746583,0.2978496208704936,0.336679999506191,1.4595724321901795,0.0041407017848166,1.4575228728353975,1.4557036384940147,1.45946791395545,1.4675037451088428,1.4576639905571938,0.5267767774490426,0.0091593727832308,0.5360556829297759,0.5226207709622992,0.534799293758027,0.5111118112112373,0.5292963283838737,0.3058440161472159,0.0147032132523898,0.2920138538372269,0.2943755681901046,0.304552706706127,0.3049448871516514,0.3333330648509695,6.8,6.6452990903344595,3,3,3,5,20
650,1.4689204118126318,0.0153333787334313,1.4816980399583517,1.460137360974362,1.4845056408330013,1.4433101265054,1.4749508907920437,0.5369294676449217,0.0259206638563066,0.5190526768386733,0.5668513866900416,0.5087140018418993,0.5696890236122375,0.5203402492417566,0.2916893961687834,0.0130236206046438,0.281569198511406,0.2879438437441474,0.2794381317045345,0.3157133765119793,0.29378243037185,1.465958596020937,0.0077288847620663,1.468371670693159,1.4581526145339012,1.468635018914938,1.4568032957613468,1.4778303802013395,0.5445208211560715,0.0110247121088972,0.5300752348281564,0.5456820810161707,0.5489252052094948,0.5619775624900869,0.5359440222364491,0.2842217411137954,0.0058270535303512,0.2865788176052107,0.2886893817246548,0.2865788176052107,0.2865788176052107,0.2726828710286896,1.4640506103634834,0.0052478486826757,1.465260028839111,1.4545878507196903,1.4628231190145016,1.4691397659480572,1.4684422872960567,0.5282476457396938,0.0158511053704314,0.5235058905313469,0.5259978255029044,0.5559057065629802,0.5067291083222356,0.5290996977790018,0.2884640185514636,0.0085688671825183,0.2920138538372269,0.296592210055184,0.2944523402310067,0.2726828710286896,0.2865788176052107,2.2,1.6,1,3,1,5,1
675,1.3940009854969226,0.0435796500157329,1.3271265594582808,1.3913657765639456,1.449384691840724,1.431475053335491,1.3706528462861711,0.6490131699733146,0.0736472654102244,0.7642273318200522,0.6474313040502695,0.5725502977557552,0.5699907246042829,0.6908661916362131,0.3920522483827973,0.0660087369557552,0.4935210010430669,0.4162282313301282,0.3058591698496214,0.3355982464320828,0.4090545932590872,1.469390857964754,0.011896799092738,1.4598826095461843,1.482216164469719,1.4852822907269,1.462593138217926,1.456980086863041,0.5433211554072279,0.0027085120437754,0.5440400800804227,0.5452069703249989,0.5379556634737133,0.5446396590098267,0.5447634041471787,0.3234612861981856,0.013192621954314,0.3228349150917617,0.332336765468307,0.3316465826592632,0.2980828486262256,0.3324053191453704,1.4693622194230556,0.011950966823359,1.453640729188919,1.4770787097513676,1.487253189086914,1.4688047543168068,1.4600337147712708,0.5384868515940068,0.0085932724679589,0.5425118774289077,0.5483245128143993,0.531165165635005,0.525696849632158,0.5447358524595639,0.3223934202247649,0.0125226163107256,0.3167129472977052,0.332070243086551,0.3286472291801176,0.300437893401999,0.3340987881574517,17.0,10.639548862616309,35,16,5,8,21
700,1.447535880992287,0.0320730202502113,1.4587522343585366,1.4641682210721467,1.4788347608164738,1.4496804977718152,1.3862436909424631,0.5681774593353494,0.0495486308857797,0.5641840534422623,0.5388633585812415,0.511506291889254,0.5676675205408857,0.6586660722231035,0.3136282567007012,0.0437408818177805,0.2912935784026684,0.2885348951268905,0.2868772223627967,0.3008633872913099,0.4005722003198405,1.464677642285824,0.0039747643117147,1.45999501273036,1.463597111403942,1.4681534059345722,1.4703601822257042,1.4612824991345406,0.5388463600805282,0.0081759610759613,0.5451675940450738,0.5482026867452467,0.527245670352602,0.5311578622518839,0.5424579870078348,0.2989432897871563,0.0182788516667825,0.2880360427825157,0.2865788176052107,0.2865788176052107,0.2992844772528981,0.3342382936899463,1.4630682937800883,0.0047138088119848,1.4596701711416245,1.4569577537477016,1.4640499874949455,1.4708599299192429,1.4638036265969276,0.5291611761479904,0.016628762920371,0.5354944338083645,0.5498515522618467,0.5164252361598035,0.5400465236454488,0.5039881348644885,0.3000989556444435,0.0193007350896154,0.2920138538372269,0.2943755681901046,0.2944523402310067,0.2820476398874031,0.3376053760764761,5.4,5.885575587824865,3,2,1,4,17
725,1.444686915999965,0.0477170045664385,1.460419746449119,1.4525021289524278,1.4784804657885904,1.4803975218220762,1.35163471698761,0.5793185301422803,0.0729447960725863,0.5603996883159895,0.5627568266859425,0.5276318056736492,0.5241552161316494,0.7216491139041706,0.3210170373356889,0.0604804524863545,0.2905207201020618,0.3003685754211752,0.2859461286585382,0.2867087967713776,0.4415409657252916,1.4638744615018369,0.0052954054633073,1.464919988065958,1.461357407271862,1.4687226451933384,1.4693823866546154,1.45498988032341,0.5430065163785259,0.0078189041328616,0.5541736229253712,0.5340543742830078,0.5493816323675225,0.5352986805588086,0.5421242717579196,0.297095768700603,0.0212513789355176,0.2865788176052107,0.2861451913332404,0.2865788176052107,0.2865788176052107,0.3395971993541423,1.4624689012765884,0.0089593680381226,1.4606537818908691,1.4519408121705055,1.4635804072022438,1.4786418601870537,1.45752764493227,0.529263646768144,0.0094534188775152,0.5268329791469043,0.5450462977136077,0.53420201313487,0.5204180701009662,0.5198188737443713,0.294491894709727,0.0142323293333713,0.2920138538372269,0.2958125101543903,0.2944523402310067,0.2726828710286896,0.3174978982973215,7.4,10.365326815879952,3,4,1,1,28
750,1.446094388961792,0.0320323782652612,1.4567799756401465,1.4660202980041503,1.4647180908604671,1.4605935899834883,1.3823599903207076,0.583349662515882,0.0402740377131041,0.5547837288413622,0.5674953566377384,0.5629675197049692,0.5681719042481194,0.6633298031472212,0.3127806267220561,0.0422678899027153,0.2996907719503498,0.2849688065694763,0.2886001861216653,0.2939140179463002,0.3967293510224889,1.4629102267324925,0.0019106464340609,1.4604006335139277,1.4636071026325226,1.4648866839706898,1.4647712111473083,1.460885502398014,0.5365461931367808,0.0077828292475526,0.5360169685832574,0.5305652974620843,0.5453381445359996,0.5450724689125415,0.5257380861900209,0.294135754872772,0.0153316075227164,0.2861451913332404,0.2865788176052107,0.2865788176052107,0.2865788176052107,0.3247971302149875,1.4606277018785476,0.0065961799980098,1.4568707309663296,1.4568742290139198,1.4586426429450512,1.473751664161682,1.4569992423057556,0.5329216685207374,0.0126989776368142,0.5368805176523285,0.5490231228671004,0.5418776630787535,0.5145271180690675,0.5222999209364372,0.295663813950619,0.0166923117647656,0.2920138538372269,0.2943755681901046,0.2944523402310067,0.2726828710286896,0.3247944364660674,5.6,6.711184694225007,3,2,2,2,19
775,1.4651801817040695,0.0104888397465549,1.4656712268528185,1.4602754279186851,1.4846273911626715,1.4535050643117804,1.4618217982743915,0.558539223570925,0.0171745231191384,0.5712035713845334,0.5568626818380371,0.5262935097480489,0.564378117766533,0.5739582371174724,0.2886102303705193,0.0069291943330387,0.2864683286601003,0.2907551471428243,0.2763016826110968,0.296117035898339,0.2934089575402363,1.467371530085802,0.004917665871315,1.4640480913221836,1.4614234566688538,1.4682779759168625,1.467156134545803,1.4759519919753077,0.5359289202316277,0.0070580395155033,0.5347047774718173,0.5439308964367686,0.5382619810347709,0.5231090284613968,0.5396379177533847,0.2846150812870906,0.0061715495523802,0.2865788176052107,0.2865788176052107,0.2865788176052107,0.2906560825911312,0.2726828710286896,1.4634205281734467,0.0066298436245853,1.4612311571836472,1.4528220109641552,1.463878221809864,1.4732205867767334,1.4659506641328337,0.5297865417736471,0.0127352532786574,0.5155950639455051,0.5442507454212177,0.5453514319815433,0.5178278511902565,0.5259076163297127,0.2925122382523925,0.0055739401020884,0.2920138538372269,0.302039520962753,0.2944523402310067,0.2874766586257649,0.2865788176052107,2.2,0.7483314773547882,2,3,1,3,2
800,1.4634514602861906,0.0113210536626249,1.4796621084213255,1.4657772930044877,1.4681763448213276,1.445505455920571,1.4581360992632415,0.5602627505535994,0.0122016319910939,0.5382455906227369,0.5596389437967614,0.5692217983672982,0.5605694671050833,0.5736379528761174,0.2927913755945271,0.0094142976937577,0.2885104930364158,0.2846196409711102,0.2842469507985659,0.3089730612872686,0.2976067318792749,1.465651335567236,0.0060773298940476,1.4682616963982582,1.4641622677445412,1.4639312960207462,1.456663604825735,1.475237812846899,0.5374098568336242,0.0083803527555402,0.5393886890109154,0.549934617574383,0.5290898427367865,0.5414603778001535,0.5271757570458828,0.2837996282899065,0.0055583786306084,0.2865788176052107,0.2865788176052107,0.2865788176052107,0.2865788176052107,0.2726828710286896,1.4630058459937572,0.0040378958072583,1.465469852089882,1.457435563206673,1.4588074013590813,1.4669003039598465,1.466416109353304,0.5395630785399614,0.0166463632561704,0.5241162949239475,0.5717943109589196,0.5369633657330057,0.531883468411132,0.5330579526728025,0.2880206901784478,0.0081856416454124,0.2920138538372269,0.2943755681901046,0.2944523402310067,0.2726828710286896,0.2865788176052107,2.4,1.3564659966250536,1,2,2,5,2
825,1.4615325699354471,0.0195343331103475,1.4646980975803576,1.4785008606157806,1.4796835610741064,1.458938361469068,1.425841968937924,0.5411494029036655,0.0212109315067862,0.5492699779844316,0.5174390845118586,0.5143033757505249,0.5619873817702171,0.5627471945012954,0.2993939010814582,0.0232275990108309,0.2858102051836262,0.2846002401738648,0.2852883904684039,0.2962132634202847,0.3450574061611111,1.4642712786793708,0.004134290145739,1.462158426642418,1.4682888202369213,1.468845009803772,1.4644197672605517,1.4576443694531918,0.5335568369953255,0.0109332097615429,0.5291289410684576,0.5324397842182185,0.5548376642367943,0.5259523027842989,0.5254254926688585,0.2933090626152357,0.0134604900200499,0.2865788176052107,0.2865788176052107,0.2865788176052107,0.2865788176052107,0.3202300426553357,1.4631761096417903,0.0058940240270769,1.4602085389196873,1.462305698543787,1.4632307551801205,1.4739270582795143,1.456208497285843,0.525306875056455,0.0145881837986188,0.5323356487680685,0.5449376991843011,0.5321725627038155,0.5117216972244493,0.5053667674016404,0.2916043242041611,0.0103942375016027,0.2920138538372269,0.2943755681901046,0.2944523402310067,0.2726828710286896,0.3044969877337777,3.0,3.03315017762062,2,1,1,2,9
850,1.4476224801414892,0.043478807045021,1.4585740767027202,1.363326516904329,1.4811976018704869,1.479920828969855,1.4550933762600546,0.5684587540495337,0.0665447363311867,0.5674384232221841,0.6945075870743891,0.5042100026649796,0.5263073061271437,0.5498304511589721,0.3179786043232719,0.0561123476972785,0.2881806624960499,0.4294802581632754,0.2830598009675907,0.2872137349396807,0.3019585650497629,1.4661406800150871,0.0047337172007795,1.4630503691732883,1.4583922326564789,1.468837954103947,1.4692027680575848,1.471220076084137,0.5319593360128876,0.0097661700494237,0.5325755168922841,0.5356193672842826,0.5476871762523428,0.5191583042109553,0.5247563154245731,0.294283035041094,0.0229950774190119,0.2865788176052107,0.338995851361148,0.2865788176052107,0.2865788176052107,0.2726828710286896,1.4633191429078578,0.0081211146343656,1.4587860628962517,1.4549959301948547,1.4634527638554573,1.4785963855683804,1.4607645720243454,0.5273745184703725,0.0130148980361901,0.5329525830295611,0.504905651260901,0.5433061223366233,0.5225297858078483,0.533178449916929,0.2947753062167623,0.0183126623494639,0.2920138538372269,0.3281486483816773,0.2944523402310067,0.2726828710286896,0.2865788176052107,6.4,8.845337754998393,3,24,1,1,3
875,1.4297857726247687,0.0518301306153162,1.479450397742422,1.355711761273836,1.4586740656902917,1.4756800613905254,1.379412577026769,0.588597128087627,0.077719288800964,0.5052153542451321,0.7077093086935683,0.5604353035139795,0.5206276463358628,0.6489980276495921,0.3456668563828419,0.0672157778524346,0.2860354454288145,0.4429034607978311,0.2957536810175644,0.2926098970525958,0.4110317976174036,1.468601992726326,0.0048825381302598,1.4682573787868023,1.4633733108639717,1.4649822525680063,1.4689335636794567,1.4774634577333927,0.534099915298475,0.0087128148803178,0.5196722880065892,0.5411631156666105,0.543167308523005,0.5288979827471388,0.5375988815490318,0.3084881245805592,0.0277658553579731,0.2865788176052107,0.3526343859558301,0.2865788176052107,0.2865788176052107,0.3300697841313336,1.4703329071402549,0.0084146372728063,1.4655772298574448,1.468248389661312,1.4582802467048168,1.47848853841424,1.4810701310634613,0.5133452419065885,0.0131868465986095,0.5261751985587484,0.5318886058025044,0.5075263662027976,0.5011276370760489,0.5000084018928428,0.3029296936681421,0.0218490913928123,0.2920138538372269,0.3249286729392465,0.2940005970337278,0.2726828710286896,0.3310224735018194,9.8,10.067770358922576,1,24,3,1,20
900,1.4422331245321978,0.0328958527086732,1.4607750340511925,1.421538613971911,1.4809125385786357,1.4591508162649054,1.3887886197943435,0.5706945943990689,0.0360581527469186,0.5525490630598239,0.5887205029647969,0.5174120342952975,0.5692724709507608,0.6255189007246654,0.32615874696532,0.0428929791611704,0.292740053564707,0.3701454681400269,0.2849412851567648,0.2968806359497828,0.3860862920153183,1.4650681756436823,0.0021901211285701,1.4613347128033638,1.4645318984985352,1.4676823280751703,1.4650149084627628,1.46677703037858,0.5322929328580082,0.0140279225233504,0.5533085096862744,0.5297078928043322,0.5311502166221377,0.509777541409327,0.5375205037679697,0.3089172074734913,0.0280594507873557,0.2865788176052107,0.3325724720381346,0.2865788176052107,0.2865788176052107,0.3522771125136897,1.4639315716922283,0.0065501337312681,1.4577147625386715,1.4562850780785084,1.4628921374678612,1.47300735861063,1.4697585217654705,0.5218748669376899,0.0195707075746552,0.5524590111508866,0.5116929027591427,0.5372007517909726,0.5052088842051933,0.5028127847822549,0.3059342163297786,0.0253964316262949,0.2920138538372269,0.3413236112660124,0.2944523402310067,0.2726828710286896,0.3291984052859575,7.2,7.138627319029899,3,10,1,2,20
925,1.4483366873389796,0.0299780343950882,1.4641101824609857,1.4598807159223055,1.4679095958408557,1.4611467461836964,1.3886361962870548,0.5770706523700111,0.0297003409309343,0.5680445833631862,0.5527313830548118,0.5603657910961571,0.5689084897010634,0.6353030146348363,0.3095503084143981,0.0415558198261403,0.2859001962739445,0.2937609164305038,0.2830878049030463,0.2927318602243149,0.3922707642401808,1.464675872027874,0.0037785992907194,1.4625160209834576,1.460702497512102,1.4640256501734257,1.46435908973217,1.4717761017382145,0.5350050794663018,0.0114123946361773,0.5238756928746843,0.5355477525507447,0.5565915144621738,0.530046007234926,0.5289644302089801,0.2968537011184492,0.0205497670264769,0.2865788176052107,0.2865788176052107,0.2865788176052107,0.2865788176052107,0.3379532351714032,1.4645531341433524,0.0086677603915461,1.4615305960178375,1.453713025897741,1.4580945670604706,1.4740743190050123,1.4753531627357006,0.5138542963828099,0.0215028938164118,0.5106890983346136,0.5330111948533028,0.5419514684853659,0.5011238698446999,0.4824958503960669,0.2988192097749764,0.0224119756509321,0.2920138538372269,0.2943755681901046,0.2944523402310067,0.2726828710286896,0.3405714155878542,5.6,6.711184694225007,2,3,2,2,19
950,1.4683983607041209,0.0106050879071577,1.4807265244032208,1.465218008191962,1.4809003403312282,1.459762639748423,1.4553842908457706,0.5357491556330778,0.0204800985646596,0.529986433753903,0.5442222778740341,0.5015316508105607,0.5642499226591399,0.5387554930677518,0.290857101688189,0.0068500713103146,0.2830300741610326,0.2886106786729189,0.285439866739395,0.2955217378976954,0.3016831509699033,1.4675340548157692,0.0022992124741113,1.4685863368213177,1.4650727175176144,1.468158446252346,1.4648793637752533,1.4709734097123146,0.532657895156315,0.0162927507011131,0.5239000151304333,0.53172445682915,0.5577623041918097,0.5407735465995241,0.5091291530306582,0.2837996282899065,0.0055583786306084,0.2865788176052107,0.2865788176052107,0.2865788176052107,0.2865788176052107,0.2726828710286896,1.4644834153354167,0.0057605646288692,1.4657531268894672,1.4578982666134834,1.4634984396398067,1.4747091569006443,1.4605580866336825,0.5243665597225138,0.0171299888164115,0.5302174771127817,0.5478330355979695,0.4978888271136861,0.5323587350119748,0.5135347237761566,0.2880206901784478,0.0081856416454124,0.2920138538372269,0.2943755681901046,0.2944523402310067,0.2726828710286896,0.2865788176052107,1.8,0.7483314773547883,1,2,1,2,3
975,1.4550882482528684,0.0265389142739999,1.4826364140761523,1.4211745299791034,1.4843183893906442,1.459415590135675,1.427896317682768,0.5509122734874236,0.0301325156001082,0.5271168121520667,0.590850790279433,0.5065030600800904,0.5631923413805962,0.5668983635449318,0.3096569195502656,0.0276931562866248,0.2839117206869412,0.3537562646129777,0.2843519774702307,0.2963619544840267,0.3299026804971514,1.466911894828081,0.0086682369784847,1.4685608744621277,1.451845809817314,1.4682982377707958,1.46694003790617,1.478914514183998,0.5352679067674473,0.0108823167892109,0.5389555190740433,0.524403636687437,0.5475718804034219,0.5448689681793449,0.5205395294929896,0.3074759487012993,0.0261141789625316,0.2865788176052107,0.3470245733008121,0.2865788176052107,0.2865788176052107,0.3306187173900524,1.4672888323664666,0.0098489501301004,1.4662258327007294,1.4516285881400108,1.4630376510322094,1.4772282876074314,1.4783238023519516,0.5133913248561883,0.0204747185798938,0.5128639855226876,0.4851007316442082,0.5348602606472569,0.5371595495294509,0.4969720969373379,0.3060565579946631,0.0252507552580104,0.2920138538372269,0.3361275214866616,0.2944523402310067,0.2726828710286896,0.3350062033897309,4.6,4.029888335921977,1,10,1,2,9
1000,1.4648303571500276,0.0110885570726135,1.465160211763884,1.4657446635396858,1.4845841219550684,1.4555899770636307,1.4530728114278693,0.5515834333905432,0.0161177833327026,0.5598477827468368,0.5544166329416429,0.5204873396150989,0.5668576589669939,0.5563077526821433,0.2892539326669542,0.0052710264882529,0.2878927140136286,0.2874915829757083,0.2809788855430267,0.2954627432669252,0.294443737535482,1.465298094600439,0.0038244315722682,1.4638452902436256,1.46362492069602,1.4686053842306137,1.459856428205967,1.470558449625969,0.541208961290427,0.0039550206130323,0.5466490301856118,0.5394833835546293,0.5451473125261921,0.5380326798171169,0.5367324003685844,0.2837996282899065,0.0055583786306084,0.2865788176052107,0.2865788176052107,0.2865788176052107,0.2865788176052107,0.2726828710286896,1.462439152598381,0.0044073504778714,1.4609451554715631,1.457099474966526,1.463668771088123,1.4701992459595203,1.4602831155061722,0.5364307520245044,0.0022383456324103,0.538091771261785,0.5389165320340831,0.5376657075795424,0.533970212517986,0.5335095367291249,0.2880206901784478,0.0081856416454124,0.2920138538372269,0.2943755681901046,0.2944523402310067,0.2726828710286896,0.2865788176052107,2.4,1.019803902718557,2,2,1,3,4
