lags,train_mse_mean,train_mse_std,train_mse_fold_1,train_mse_fold_2,train_mse_fold_3,train_mse_fold_4,train_mse_fold_5,train_r2_mean,train_r2_std,train_r2_fold_1,train_r2_fold_2,train_r2_fold_3,train_r2_fold_4,train_r2_fold_5,train_corr_mean,train_corr_std,train_corr_fold_1,train_corr_fold_2,train_corr_fold_3,train_corr_fold_4,train_corr_fold_5,val_mse_mean,val_mse_std,val_mse_fold_1,val_mse_fold_2,val_mse_fold_3,val_mse_fold_4,val_mse_fold_5,val_r2_mean,val_r2_std,val_r2_fold_1,val_r2_fold_2,val_r2_fold_3,val_r2_fold_4,val_r2_fold_5,val_corr_mean,val_corr_std,val_corr_fold_1,val_corr_fold_2,val_corr_fold_3,val_corr_fold_4,val_corr_fold_5,test_mse_mean,test_mse_std,test_mse_fold_1,test_mse_fold_2,test_mse_fold_3,test_mse_fold_4,test_mse_fold_5,test_r2_mean,test_r2_std,test_r2_fold_1,test_r2_fold_2,test_r2_fold_3,test_r2_fold_4,test_r2_fold_5,test_corr_mean,test_corr_std,test_corr_fold_1,test_corr_fold_2,test_corr_fold_3,test_corr_fold_4,test_corr_fold_5,num_epochs_mean,num_epochs_std,num_epochs_fold_1,num_epochs_fold_2,num_epochs_fold_3,num_epochs_fold_4,num_epochs_fold_5
-2000,45.96118589513442,24.120230381021074,23.65590363670798,92.22391256444594,38.90666706982781,31.243089631024528,43.77635657366584,0.4932356312695671,0.2487339080809353,0.7062587141990662,0.0124409016440896,0.5788598625098957,0.6509427757824169,0.5176759022123674,0.6946709096431732,0.2171770976994148,0.8575265407562256,0.2673539817333221,0.78404700756073,0.8233975172042847,0.7410295009613037,376.8307777940181,303.8790560183828,137.68102565564607,967.1318423622532,289.5762901975397,162.32832256116365,327.43640819348786,-10.392409022439988,9.198803639703412,-2.4164899368035164,-27.83199347947773,-7.614225720104418,-3.495134755184776,-10.604201220629507,-0.0212318785488605,0.0355116771186421,-0.0600702427327632,-0.0199868753552436,-0.0529423877596855,-0.0129272192716598,0.0397673323750495,382.10007478145127,279.833128318755,165.31474926597193,928.36748732182,277.7085180449904,199.20402915017647,339.90559012429753,-9.48265284613559,9.851637785034212,-0.9499590219112864,-28.565906093831646,-4.962148066152606,-4.267548951140621,-8.667702097641794,0.0206181260757148,0.0315997412146497,0.0068874671123921,0.0581649132072925,0.0420709736645221,0.0288831628859043,-0.032915886491537,33.6,13.558761005342634,48,9,37,43,31
-1975,81.54793548471787,30.471677897715917,75.46212016834932,95.4431022644043,106.80843416101791,24.84086413102991,105.1851566987879,0.1145713709382449,0.3134903940342805,0.1148703939774457,-0.0250096363179823,-0.1020812308087068,0.7177533886011909,-0.1326760607607224,0.354825821518898,0.2709207626688573,0.3990102112293243,0.2324872761964798,0.1501305103302002,0.862426221370697,0.1300748884677887,433.0898481937877,172.38187688425444,377.5141277647855,540.2745232833059,369.00785907946135,184.5558289645011,694.0969018768845,-14.36169115242205,9.40782004945766,-10.649383022074112,-15.24631138851768,-10.39124856497112,-3.8126399893509713,-31.70887279719637,-0.0069693971425294,0.0395335258475697,-0.0411880798637867,-0.0389775186777114,-0.0022601876407861,-0.0192493982613086,0.0668281987309455,437.3102746126945,194.0622877786873,314.06053081311677,514.0098116690652,361.8297172680235,220.7608253746702,775.8904879385965,-10.76903677739595,6.996588694828914,-4.57705159145489,-15.117170446797422,-7.477708584383914,-4.2951543163834955,-22.378098947960034,0.0487633351236581,0.0251039949088664,0.0157110635191202,0.0778988450765609,0.0714501366019249,0.0232712663710117,0.055485364049673,16.8,16.690116836020053,17,8,5,49,5
-1950,56.603381239947154,33.103685940182935,94.25547734428856,33.834409680086026,27.048254888197956,28.148151408924775,99.73061287823846,0.3698510475719676,0.3657499886563721,-0.0878423252526451,0.6197881817817688,0.7004325856180752,0.6826617910581476,-0.0657849953455083,0.5668719261884689,0.3294578521977834,0.1636923551559448,0.8064263463020325,0.8561940789222717,0.8439977765083313,0.1640490740537643,350.05864085147255,181.25253426990497,632.246571858724,304.5575736865663,200.6022132739686,138.48474904110557,474.40209639699833,-10.639217856892367,7.479721095239135,-18.24044993467498,-7.508193578636437,-4.443943312293605,-2.220594462595488,-20.78290799626133,-2.736784517765045e-05,0.0469444646187456,0.031670156866312,-0.0556144081056118,-0.0198060646653175,-0.0310118589550256,0.0746253356337547,361.1982346384149,151.33843912138138,553.8068082039816,285.83304743181196,189.6942003484358,245.40742827298348,531.2496889348615,-7.505021762847901,4.431111956527944,-9.433094265168172,-6.95539989596919,-2.952327663438362,-3.244525016399852,-14.939761973263924,0.0571009144186973,0.0255438178307014,0.0753505080938339,0.097589798271656,0.0280865840613842,0.0404441356658935,0.044033546000719,28.0,18.708286933869708,5,37,48,44,6
-1925,81.1670275777929,23.37298713982039,86.38454533745261,36.14124203289256,85.32718932207892,102.47232360839844,95.50983758814196,0.1162112564199111,0.247783877760709,-0.0151653812212102,0.5951076577691471,0.1114788553294013,-0.0835433367420645,-0.0268215130357181,0.3604415535926819,0.230772370862156,0.2459654062986374,0.7912706732749939,0.3989977836608886,0.1436546295881271,0.2223192751407623,660.2650569581149,302.13680780553864,917.6919105931332,160.77618843212463,497.0191088224712,736.6474534419544,989.1906235008908,-22.005096630046246,13.87357841032605,-26.697528471026505,-3.01850324137169,-14.290967920370267,-21.215577301226165,-44.802906216236586,0.0137822289019823,0.0465512389930327,0.019196392968297,-0.0408144295215606,-0.0382276624441146,0.064415268599987,0.0643415749073028,643.1762297245494,316.7941275411087,813.7579110128838,151.74709828694662,485.6567720112048,667.927799157929,1096.791568153783,-17.74266426291382,11.361666156071063,-14.322847882906595,-2.4507231492745247,-10.273392294582568,-30.000860985956695,-31.665497001848724,0.0636235754936933,0.0167947983632195,0.0669976621866226,0.0691247433423996,0.0747304260730743,0.076498158276081,0.0307668875902891,15.2,12.33531515608742,9,39,15,5,8
-1900,73.45474784065695,32.646999877303834,91.69366847767547,35.522418409235335,100.93557991701014,106.79069541482365,32.33137698454016,0.1894520593390745,0.3382044294692692,-0.0788883075994603,0.6003901800688576,-0.0356046722215764,-0.1414637292132658,0.6028268256608178,0.4247656539082527,0.3140603114241782,0.188884362578392,0.7954422831535339,0.2164566069841385,0.1051284447312355,0.8179165720939636,440.5165918316758,247.8775041995587,471.99378672817295,163.51971636320414,537.998051693565,837.8296166135553,191.24178775988128,-11.83472427987216,8.098747512360346,-13.505454423134786,-3.379545816204004,-15.595423163029183,-24.185251771358026,-2.507946225634792,0.0142216607928276,0.0359639003297108,0.0203006472438573,-0.0140237864106893,-0.0378733947873115,0.0603237636387348,0.0423810742795467,398.0184747260913,231.12517226242545,399.20032166598133,168.03650290505928,524.384511579547,759.8690453244928,138.60199215537622,-11.443503555707764,11.685170656558464,-6.370925809207716,-3.0858150584655895,-11.286724034108614,-33.966069292603876,-2.507983584153025,0.0630387485027313,0.0499101206686755,0.0768754184246063,0.0799120739102363,0.0818804800510406,0.1103608757257461,-0.0338351055979728,18.8,16.117071694324622,6,38,7,4,39
-1875,55.96729300891652,30.24743359764683,30.022165124556597,79.3249158522662,43.53059390572941,102.77489832709816,24.183891834932215,0.3862262051946977,0.312885336278086,0.6044972521417281,0.1517099219210007,0.5501699040917789,-0.1053915486616246,0.7301454964806052,0.6031048029661179,0.2747301532138407,0.81501305103302,0.4322224259376526,0.7569621205329895,0.1446814984083175,0.8666449189186096,491.74496609871846,390.5350950340427,149.19198675322951,779.7937675609924,145.35855999327543,1117.5921116879113,266.7884044981839,-13.380561196804049,11.89495053949442,-3.107768223996748,-22.28252891908612,-2.6486972643618,-32.35985014731424,-6.503961429261325,-0.0011942584067583,0.0464429552188287,-0.0159057546406984,-0.0393247082829475,-0.05284084379673,0.0732770711183548,0.0288229435682296,456.2091463724772,359.2690931061965,156.72050255223326,731.8826679430509,132.5314628199527,1026.5278630842242,233.3832354629249,-15.156396368093658,17.238162055408598,-1.0493290664856894,-21.79536610109764,-1.4972029119207149,-46.12752959184479,-5.31255416911945,0.038578776596114,0.0333220646602891,0.0034808430355042,0.0745337158441543,0.0472802072763443,0.0719163566827774,-0.00431723985821,29.0,15.517731793016658,40,18,34,5,48
-1850,57.716811016307155,32.44651847256073,86.74880144455854,105.75970822502585,41.24398553511676,25.795993468340704,29.03556640849394,0.3595570951349595,0.3592260047983004,-0.0160276914344114,-0.1309985662207884,0.5566469017197104,0.7146864400190466,0.6734783915912403,0.5669981777668,0.3142109656062469,0.2402668893337249,0.1318786144256591,0.7700031399726868,0.8562929630279541,0.8365492820739746,427.7655345715974,239.30875031084383,667.445342482182,767.0054171378152,271.74310436583403,211.355224609375,221.27858426278095,-11.703527599886844,7.466341209753021,-19.22396697077835,-22.241478811230575,-6.87638114837178,-4.706082440259164,-5.4697286287943525,-0.0011758591979742,0.0343679696488254,0.0241205506026744,0.0092838332056999,-0.0692063719034195,0.0130243729799985,0.0168983191251754,410.42623869243414,210.8872325910432,565.4654059159128,750.7928102727521,248.1269341184382,262.0329417178505,225.71310143721732,-9.571127756854946,6.919595021278016,-9.55137896956059,-22.938113802357723,-4.3999961625065716,-6.013318481152518,-4.952831368697317,0.0518238916061818,0.0404455010514582,0.0766725242137909,0.1086867451667785,0.0593756474554538,0.0191789697855711,-0.0047944285906851,26.2,17.255723688098392,8,4,31,46,42
-1825,83.89707192589256,29.172607434003115,90.78852316912484,102.80626281289491,94.07764313641717,105.27134576685287,26.541584744172937,0.0921857983224532,0.3066440297389242,-0.0500587515971239,-0.1014617355430827,0.0341086275437299,-0.1179174524896285,0.6962583036983714,0.3313651978969574,0.2673888406063582,0.2121877968311309,0.1643893420696258,0.3013291656970978,0.1257911920547485,0.8531284928321838,672.8912372923734,248.98557967846497,834.1013044390762,678.0968419125205,640.5685199938322,975.9245434141995,235.7649767022384,-19.40280562722892,7.583269538122157,-24.431017331909715,-19.698887143218727,-18.713454489122356,-28.286735350625555,-5.883933821268249,0.0118259485810995,0.0402473076622862,0.0161069799214601,-0.026795819401741,-0.0403822660446167,0.0474126897752285,0.0627881586551666,626.6021455195912,213.7271420200118,722.6872911955181,663.9417398017749,632.6858442875377,879.3394314949973,234.35642081812807,-18.210847066159833,11.453566058543496,-12.75439395193468,-20.146693880097907,-13.879486272209569,-39.06038097749676,-5.213280249060246,0.0701531687751412,0.0413230179831664,0.0724862143397331,0.1084747463464737,0.0761054381728172,0.1013586297631263,-0.0076591847464442,15.0,16.14930339054908,7,5,11,5,47
-1800,81.50484582788803,27.765886455145314,91.237449017693,97.03845612021054,97.13238998861874,95.97455186282887,26.14138215008904,0.1166952725719003,0.2923239508452329,-0.0659945281112895,-0.0353040688178118,0.0076601901475121,-0.0223116047242108,0.6994263743653016,0.3460826724767685,0.2554640437270096,0.1875525861978531,0.2142997235059738,0.260309487581253,0.2133973985910415,0.854854166507721,747.8203225788318,275.00943007787595,796.7826034813596,905.9893006441886,885.9128664250959,944.0423369825932,206.37450536092123,-21.46145761933243,8.624214406417353,-23.12140621218765,-26.443079739286187,-26.076302980121813,-27.227615147306206,-4.4388840177602935,0.0070629492402076,0.0349274596255595,0.038602028042078,-0.0218956843018531,-0.0461976379156112,0.0238768048584461,0.0409292355179786,697.5945827818753,256.76129260396635,701.74064288223,876.5430843955592,865.8433259662829,844.0745656866776,199.771294978627,-20.136957205805864,11.474185656971336,-12.276878476142883,-26.964734303323848,-19.54091232701352,-37.50716076817429,-4.395100154374775,0.0711912373080849,0.0419313818490508,0.1048292443156242,0.0887149050831794,0.0928253680467605,0.0808094143867492,-0.0112227452918887,14.6,14.235167719419396,6,7,9,8,43
-1775,59.58590569888844,34.24148914409209,105.88842448066262,23.315872686049516,33.2736894607544,95.81590993544634,39.635631931529325,0.3318292713165283,0.3938741699787147,-0.2406704892130459,0.7377220413264106,0.6368199846323799,-0.0378497193841373,0.5631245392210343,0.5516599543392658,0.3351995602532747,0.059648547321558,0.8714367747306824,0.8188323974609375,0.2381331622600555,0.7702488899230957,344.07097279063447,213.997275068469,508.11369404039885,181.1124172545316,125.98247387534694,681.0470216985334,224.09925708436128,-9.236961752280855,6.661709434633141,-14.636304006241916,-3.791939713452991,-2.1202316179610134,-19.405760940752533,-6.23057248299582,0.0124580930918455,0.0401540558182914,0.0435398034751415,-0.0292930733412504,-0.0434943698346614,0.0446310229599475,0.0469070822000503,312.0339754606548,183.50348124198192,456.5543855365954,163.4356565642775,120.72589292024313,596.4264670924136,223.0274751897444,-8.595713390383803,9.106167053778094,-7.680665139566388,-2.68792192141215,-1.1653810760431125,-26.25998852545755,-5.184610289439821,0.0644890017807483,0.0240185305478023,0.0829821825027465,0.0675297006964683,0.0614531375467777,0.0895394161343574,0.0209405720233917,27.6,18.369540005128055,3,50,41,9,35
-1750,63.662056651395915,34.47910506748277,24.187959513944737,31.58522439844468,54.42397950116326,102.03888047162224,106.07423937180462,0.3066920991504893,0.3603637449659969,0.6972597129204694,0.6512124387656941,0.4243746154448565,-0.102158791177413,-0.1372274802011602,0.5251476362347602,0.3247179114455574,0.8535891175270081,0.8238808512687683,0.680148184299469,0.1432535797357559,0.1248664483428001,380.77330664919134,240.75819840122955,151.38364791870117,244.88306721469812,161.693725519013,671.7459026135897,674.1601899799548,-12.028307559406548,10.420893982440289,-2.742760818255575,-5.701426361736498,-3.4107268044823096,-19.19785973900243,-29.08876407355593,0.0022744920104742,0.0715552772838023,-0.0507137440145015,-0.0300956722348928,-0.0785375162959098,0.058823637664318,0.1118957549333572,371.96901022927807,249.0403093180276,153.65442677548057,223.5908013059382,145.6121521665339,586.8340015076755,750.153669390762,-10.94573986300251,10.382867576137068,-0.9834334264721788,-4.9314277914532445,-1.872647804126405,-25.41162541874668,-21.52956487421404,0.0752172708511352,0.0176150744704402,0.0471410453319549,0.0830492451786995,0.0676267519593238,0.1004668399691581,0.0778024718165397,24.2,16.939893742287758,46,39,26,5,5
-1725,28.458224836237285,6.261929735510776,22.962432973525104,22.953452761033,25.693680370555203,31.26826350829181,39.413294567781335,0.6769683231325712,0.0663801073933342,0.7095143489977893,0.7333349725779366,0.7327937476775226,0.6504474657423356,0.5587510806672713,0.8387585401535034,0.0383358839636193,0.8624364137649536,0.8738141655921936,0.864074170589447,0.8230555653572083,0.7704123854637146,207.1230385228207,16.476894723904774,201.06218237625924,234.9993796097605,204.02698329457064,184.36888738264116,211.15775995087205,-4.739439911591378,0.4862215914405042,-4.428963547213035,-5.393013701104281,-4.558647626324704,-4.104822989095721,-5.211751694219155,-0.0314334474503994,0.0363231196314035,-0.0649652630090713,-0.030422069132328,-0.0727890282869339,-0.0172146204859018,0.0282237436622381,189.783718778376,15.024591197813184,177.01460888511255,209.8386109335381,173.12204581812807,205.468887128328,183.47444112677323,-3.3663981818316273,1.0622072165028058,-1.637607190692634,-4.31288343667984,-2.6211689072742796,-4.262112549522467,-3.998218824988917,0.0533070361241698,0.0375089158506772,0.0266437046229839,0.1154882684350013,0.0471750386059284,0.0701401680707931,0.0070880008861422,42.6,6.019966777316964,47,48,47,38,33
-1700,45.10766536151662,27.7174015768106,24.137413552228143,28.40302366368911,53.237118092705224,96.07376013363108,23.68701136532952,0.5060188738037559,0.2898723952750983,0.7019660686745363,0.6855159542139839,0.4428122331114376,-0.0353104528258828,0.7351105658447041,0.6950737684965134,0.2450952310861264,0.8534998893737793,0.8410669565200806,0.6890712380409241,0.222304567694664,0.8694261908531189,317.0525033783494,158.96864949582138,183.72984501353483,188.2630757114343,379.5241784882127,601.4839932625754,232.26142441598992,-8.279862750622263,4.96069820517227,-4.054879569170768,-4.022453948071129,-10.554796105936951,-16.979350625422963,-5.787833504509508,0.0025401506572961,0.0497410182514615,-0.0159445852041244,-0.0384015850722789,-0.0355439186096191,0.0968387201428413,0.0057521220296621,291.9450205618875,137.6791221806064,173.47606866401537,180.0583386337548,354.3784798070004,534.3790015505072,217.43321415415983,-7.966090137289283,7.734737261577871,-1.3669265174029166,-3.397692024707794,-7.042205547031603,-22.97720455914213,-5.046422038161964,0.0533578488975763,0.0273887447036316,0.0308708157390356,0.0520079731941223,0.0487585142254829,0.1051110476255416,0.0300408937036991,35.4,15.83161394173064,47,46,27,8,49
-1675,59.839557095695945,28.65570976290628,92.6499008403105,29.69840627558091,27.174022640901452,92.21319169437184,57.46226402731503,0.3319292370010825,0.3268637394740941,-0.0966052423505222,0.6655029338948867,0.7057419061660767,0.0183320981614729,0.3666744891334982,0.5574674159288406,0.2792576157875238,0.1872720867395401,0.8328495621681213,0.855212390422821,0.271880030632019,0.6401230096817017,471.86284195749386,243.8800266909981,673.5004989891721,230.2179537321392,244.26268661231325,840.9627878289474,370.3702826248972,-13.926950952881262,7.296218003955466,-19.600813857296057,-5.457206090291341,-6.183458779987536,-24.031087984118543,-14.362188052712826,0.0091402069665491,0.0444002083622814,0.0051330146379768,-0.0444757156074047,-0.0266112219542264,0.0816015005111694,0.0300534572452306,436.0378492522658,214.21464915849273,596.7368051629318,199.10117975870767,213.20420382315652,748.5148791932223,422.6321783233107,-12.170195739101946,10.144313343587315,-10.4730503454543,-3.9567999275107137,-3.548075352844439,-31.389530102411907,-11.48352296728837,0.0855962228029966,0.0358944686060421,0.0870765596628189,0.1255278438329696,0.0656782463192939,0.1207709982991218,0.0289274659007787,26.8,16.89260193102294,6,43,48,10,27
-1650,97.98611596500174,8.454739947305303,96.15206485075107,98.37819970074824,111.29180015115178,84.75766435510972,99.35085076724782,-0.057413944566951,0.0792099491921353,-0.1058856213794035,-0.0607591688632965,-0.1439445148496067,0.0890670846490299,-0.0655475023914786,0.2056337937712669,0.0893099025704067,0.1551022678613662,0.2049176394939422,0.1112118884921073,0.3728137910366058,0.1841233819723129,785.28990564179,149.16398267890048,702.2510054738898,871.5750068530701,1038.1508596319902,647.8877579538446,666.5848982961554,-24.55832172402164,4.595952104096655,-20.50873439353809,-25.43081165614881,-30.509259198841296,-18.211929371482448,-28.130874000097577,0.0438702772262331,0.062396695452664,0.0250762328505516,-1.4691202522953972e-05,-0.0360302962362766,0.097284659743309,0.1330354809761047,763.9169050250136,174.1946027796214,623.969686407792,843.1248019034402,1045.3190039919134,547.9292072496916,759.2418255722314,-21.370919469783185,5.3697785873196695,-11.047700097686366,-26.383290721659076,-24.17281475401761,-23.48616509688528,-21.76462667866757,0.1033659294247627,0.0139340330886498,0.0901746898889541,0.1300103813409805,0.1026168093085289,0.0986860990524292,0.0953416675329208,7.6,4.317406628984581,5,6,4,16,7
-1625,72.27270045336556,39.84353095405802,97.66804226146024,103.83217290990493,24.292230224609376,23.320844930761,112.2502119400922,0.2027610233250786,0.4381010259981045,-0.1496989975957309,-0.1007184838547426,0.7345583466922536,0.7406580553335302,-0.210993803949917,0.4190419733524322,0.3709426749429518,0.1453918665647506,0.1434604972600937,0.8714457154273987,0.872305154800415,0.0626066327095031,463.8224392807275,249.37690725970887,775.7870376319216,719.3482997961212,201.68609913608483,182.70706083063493,439.5836990088747,-14.302852586277742,8.121187390299953,-22.684283465669868,-20.79616413618389,-4.838721984311154,-4.075917312973424,-19.119176032250387,0.0407997652888298,0.0475213825434558,0.044147040694952,0.0415255688130855,-0.03514064848423,0.0384563207626342,0.1150105446577072,450.3892002440336,228.70240942528773,682.6988536098547,711.4728447094299,168.96112796716525,207.06553817213629,481.7476367615817,-10.918575212620851,7.118430397395184,-12.17981435541521,-22.23668106396993,-2.550437933520267,-4.081314370297549,-13.544628339901305,0.087575477361679,0.0165839270117265,0.1099016517400741,0.089442454278469,0.0637857243418693,0.0749811232089996,0.0997664332389831,22.0,22.45885126180767,4,4,50,49,3
-1600,68.78285111819996,31.831661786612436,86.8801165636848,101.45949906741872,33.27617666581098,95.01463360505946,27.28382968902588,0.2425503640315112,0.3498002195069903,-0.0224553420263178,-0.0809166718931759,0.6457622159929837,-0.0234286052339217,0.6937902233179878,0.4659886062145233,0.3012707882569507,0.2589738368988037,0.1722314357757568,0.8188201785087585,0.2323561608791351,0.8475614190101624,566.589367702551,323.1365237825765,541.041279575281,936.2073835406388,208.475884822377,931.7116934793036,215.51059709515488,-15.806026524200774,9.992879328944785,-15.594990876683015,-27.280044313062703,-5.039449894637392,-26.77272868574711,-4.342918850873646,0.0274632863700389,0.0433713139761286,0.021015653386712,-0.0060788989067077,-0.0187636371701955,0.1051050648093223,0.0360382497310638,522.0631182888097,311.94734010606925,473.71508949681333,917.6563110351562,181.4244822451943,844.0810075726425,193.43870109424256,-16.19561618838394,13.868588640762496,-8.000239550021657,-28.825140246173792,-2.9022118376012433,-36.73520837750351,-4.5152809306194905,0.0899752140045166,0.035869411123294,0.1127357482910156,0.117654338479042,0.0617840699851512,0.1241646334528923,0.0335372798144817,21.0,17.28583234906552,8,5,39,8,45
-1575,59.423569028517775,34.99307175182422,102.21140006570256,101.14310572007123,41.9165002935073,26.269568488177132,25.577270575130687,0.3354670727954191,0.397190440916701,-0.1997180002577164,-0.0904492069693172,0.5626213287605959,0.6982414845158073,0.7066397579277263,0.5515944391489029,0.3385294512646205,0.1014370620250701,0.178690418601036,0.7654356956481934,0.854059636592865,0.8583493828773499,386.1848732396176,243.3205367314252,635.1367407012405,728.7063293457031,184.2531443813391,185.14161039653575,197.6865413732696,-10.50619162969422,7.597824043816348,-18.510732935186017,-21.009806365297553,-4.257600171524182,-4.230310251838283,-4.522508424625062,0.0351143788546323,0.0327581756755865,0.0389004945755004,0.038428783416748,-0.022696690633893,0.0415981039404869,0.0793412029743194,368.2893197578296,226.0029386358178,559.2262851648163,716.6159673322711,168.67710796155427,192.47651096812467,204.4507273623818,-8.751533389091492,7.247358234096371,-9.850150907248782,-22.40132462769224,-2.6365675121022942,-3.967762753628848,-4.901861144785295,0.0795161969959735,0.0247813301328137,0.0997242704033851,0.1147261932492256,0.0746480822563171,0.0620230585336685,0.0464593805372715,26.4,18.8849146145806,3,5,33,44,47
-1550,78.2853637672873,29.263413476504613,55.48616844626034,99.80112392201144,106.96137926438276,32.1736836938297,97.00446350995232,0.1538478781896479,0.2893730488738452,0.3311744083376491,-0.0707398740684285,-0.0944454312324523,0.64182629199589,-0.0385760040844188,0.4029559344053268,0.2638281645559895,0.6126072406768799,0.1958266794681549,0.1831843852996826,0.819210410118103,0.2039509564638137,618.5862100969282,305.214630955233,375.6854585346423,989.8241320158306,640.0293081183182,185.0286713984975,902.363480417352,-20.0764484204744,12.162066140752009,-10.693319830978126,-28.84231009399682,-18.626346558855293,-4.221437939426355,-37.99882767911543,0.0332738703116774,0.059925953811615,-0.0304887499660253,0.0281495843082666,-0.0109760547056794,0.0373749509453773,0.142309620976448,622.6858133951823,336.174381879429,307.50877888997394,970.6331091094436,637.3663924367804,184.64114379882812,1013.2796427408854,-16.732270774924963,11.475850399759818,-4.63101867834727,-30.757865972686233,-14.230130726831002,-4.5935697304575065,-29.448768766302813,0.0904563046991825,0.0297028573016014,0.0500195361673831,0.1093872040510177,0.1345814615488052,0.0687798410654068,0.0895134806632995,16.0,13.75499909123952,23,6,5,40,6
-1525,56.69464010799633,35.76850706619261,90.09404635709876,24.15259610344382,109.1060614193187,35.38409976959228,24.736396890528063,0.3745302710813635,0.3780391334642912,-0.0561979563797221,0.7260015021352207,-0.1128699432401096,0.5970315231996424,0.718686229691786,0.5732692182064056,0.3311713615078882,0.2102203518152237,0.8664861917495728,0.12977035343647,0.7971763610839844,0.8626928329467773,483.8654620789645,391.6358133004805,710.762196858724,150.90053344191168,1152.047847279331,196.04828523334703,209.5684475815087,-13.731302519430193,11.991606445688056,-20.839747755151045,-2.963830040212263,-34.05830146555315,-4.935179250282154,-5.859454085952358,0.0196988059207797,0.0350820733442231,0.0317894481122493,-0.0295532066375017,-0.0124779557809233,0.06281129270792,0.0459244512021541,471.0698974877074,383.50675633882094,635.5420259174548,144.73098580879076,1153.5818545692846,195.24369156151488,226.25092958149156,-9.998217959362163,8.908095973209832,-11.40305437539753,-2.279503477247138,-26.718039244936225,-3.922177119213238,-5.668315580016689,0.0898182801902294,0.0178495994643075,0.1125538125634193,0.0894673317670822,0.1043370217084884,0.0809658840298652,0.0617673508822917,29.4,20.264254242384546,6,49,4,39,49
-1500,54.519255791832414,33.12168752442036,21.83872064141666,95.0535155352424,33.56813020145192,27.530911759769214,94.60500082128188,0.3982540961574106,0.3555174921908488,0.7294667696251589,-0.03028425469118,0.640823870196062,0.6925301699077382,-0.0412660742507261,0.6035208642482758,0.2957158096883986,0.8686919212341309,0.2401229739189148,0.8175330758094788,0.847589373588562,0.2436669766902923,457.9087480243884,290.15098527910595,156.39609366969057,777.3193878709225,357.5371463173314,171.6325589899431,826.6585532740543,-14.76116730853131,11.920649391067425,-3.5274794823245,-22.519444080821255,-9.714196393364354,-3.818158277294092,-34.22655830885235,0.0273543309420347,0.0640217484517916,-0.0402066595852375,0.0468842051923275,-0.0305749550461769,0.0229829307645559,0.1376861333847046,468.3773539091411,322.09539062340804,160.30123011271158,758.8419253700658,312.6117897702936,167.66823872348718,942.4635855691474,-12.330093321674749,10.848537598462029,-1.1462232961989285,-23.552292029062908,-6.287283630747544,-3.439169770792911,-27.225497881571453,0.0825818944722414,0.0407952356591708,0.0118961427360773,0.1254667788743972,0.0685586482286453,0.0890997201204299,0.1178881824016571,29.0,17.75387281693772,48,7,40,42,8
-1475,42.54905155294082,28.924072618276128,22.96682195663452,98.05865173339843,44.38216731127571,22.68316691903507,24.65444984436035,0.5310670281157774,0.3036600773499476,0.7137843573794646,-0.0563865265425513,0.529973591075224,0.7442253579111661,0.7237383607555838,0.7128451615571976,0.2531716110621199,0.8613733649253845,0.2148476988077163,0.7491573095321655,0.8751229643821716,0.8637244701385498,351.6967654579564,246.141387763651,209.505122000711,830.5005054139255,338.68530701754383,168.35062943843374,211.44226341916803,-9.195097312174346,7.719768182348125,-5.367768438238847,-24.059940798240795,-9.321361142292355,-3.738045310764982,-3.488370871334745,0.0224029462784528,0.0450541526372052,-0.0367186143994331,0.0775451138615608,-0.0108829401433467,0.0109435189515352,0.0711276531219482,332.01029395387883,241.42955050403833,194.64389720715977,807.7432529382538,292.55189554314865,179.41346981650904,185.6989542643229,-8.121299285010286,8.662911999699638,-1.9974686879860728,-25.264208848016303,-5.844555978189435,-3.274844367253153,-4.225418543606474,0.0648537651635706,0.0495808095890364,-0.0041707060299813,0.118325151503086,0.1181782558560371,0.0695357918739318,0.0224003326147794,35.6,15.52546295606028,46,6,34,47,45
-1450,43.55289882098928,24.47955150643277,87.28268926283893,24.422934840707217,24.817733686110554,27.395807726242964,53.8453285890467,0.5104573009995853,0.2918102514226247,-0.0238167696139391,0.7306432008743287,0.7318112219081205,0.6956374697825488,0.4180113820468678,0.7030222594738007,0.2317210983642797,0.264615923166275,0.8654993176460266,0.8686494827270508,0.8486132621765137,0.6677333116531372,305.0979090372722,162.95866149053873,564.9448970326206,127.59670431572094,150.54185552764358,280.9711726673862,401.4349156429893,-8.91596902462474,5.9219316944154565,-16.519781472390157,-2.2998758533544708,-3.2781564373719063,-7.2939213242447165,-15.188110035762453,0.0333094557747244,0.0398845824916325,0.0675021335482597,-0.0099555207416415,-0.014978164806962,0.0403546318411827,0.0836241990327835,293.3660533436558,153.82496805853756,494.1704802931401,129.0382300259774,135.0301483555844,258.1462133307206,450.44519471285633,-6.512943264057762,4.329198943254826,-8.548858418799282,-1.6721588843747188,-1.7285527743791278,-7.620302232733944,-12.994844010001737,0.0795635722577571,0.0270959553683396,0.0898809283971786,0.1164944097399711,0.0929154604673385,0.0589113682508468,0.0396156944334507,34.4,15.081114017207083,8,46,47,44,27
-1425,63.138571297140686,28.63560166770812,41.90621213351979,55.57104136523078,107.74918778363396,28.059588264016543,82.40682693930233,0.3160752217208638,0.2858003053753654,0.5025290850330801,0.3982711616684409,-0.1121124632218304,0.6880914856405819,0.1035968394840465,0.5526672750711441,0.2527738597509075,0.7281922101974487,0.6540451645851135,0.1425129920244217,0.8443287014961243,0.3942573070526123,411.84179695530946,209.11809694250945,183.0124118202611,422.68298500462583,774.7256362647341,229.87361452872292,448.9143371582031,-12.497517197592217,6.873590523743757,-4.558293430428756,-11.798958954058197,-22.870912878136885,-5.9906297441114456,-17.2687909812258,0.0457784455735236,0.0493364839181161,-0.0032907964196056,0.0239826664328575,0.0060952305793762,0.0727472379803657,0.1293578892946243,416.3170096146433,216.64834942311865,168.229243094461,399.068000659608,765.5218687894052,220.4730802837171,528.2928552460252,-10.25294372972689,5.79261349845774,-1.6022841355256867,-11.163696554669162,-17.38676546749316,-6.026450316111247,-15.085522174835203,0.1104271784424781,0.0281029829196175,0.0916749909520149,0.1620491296052932,0.1040201485157013,0.0807454362511634,0.1136461868882179,24.2,14.034243834279064,30,25,4,46,16
-1400,75.95071335287655,28.3118607047692,84.27724755231073,40.32877272437601,111.44379840177648,45.6202766530654,98.08347143285415,0.1608539564469281,0.2967812221021726,-0.0289493795703439,0.5419652174500859,-0.134180541599498,0.5014207356116351,-0.0759862496572382,0.4169065445661545,0.273559830868291,0.280568391084671,0.7644215226173401,0.1205349564552307,0.727230429649353,0.1917774230241775,590.4188745331346,341.2795120893446,1203.5251796789337,337.02084725363216,529.5267109118009,224.3368289345189,657.6848058867873,-18.671032097465112,11.10594310174126,-35.388553418611224,-9.460582871186103,-15.290236606932522,-5.8269126394338775,-27.388874951161835,0.0840020827949047,0.0526610024759208,0.0998367518186569,0.0207532607018947,0.0491218715906143,0.0750895738601684,0.1752089560031891,568.7133709556178,312.7458738772599,1070.3843287417762,302.65954897696514,528.6223827161288,200.88641812508567,741.0141762181332,-13.254866256211937,6.314149981394131,-19.778590244159364,-7.545343894707529,-11.674850739930806,-5.846908512868379,-21.42863788939359,0.1287725314497947,0.0184899069957622,0.1371298879384994,0.1210266426205635,0.1416333317756652,0.0963129848241806,0.147759810090065,17.0,13.564659966250536,8,35,4,32,6
-1375,79.14507745854996,24.28421575558887,89.54859657287598,76.78100655499627,89.44105882083669,34.195436982547534,105.75928836149328,0.1398076645766987,0.2593145470331389,-0.037450904004714,0.1621369772097643,0.0819040389621959,0.619251735420788,-0.1268035247045404,0.3955496996641159,0.2336566145183579,0.2304689586162567,0.4577848613262176,0.357189416885376,0.8055720925331116,0.1267331689596176,450.8917906644051,141.44449724409031,494.79189795778507,470.2126389888295,570.2260988469709,176.8187470017818,542.4095705266584,-14.29331238499859,5.9738297174083055,-14.23046234616062,-13.409138993213052,-16.709632593288756,-4.319360048101659,-22.79796794422886,0.0750691559165716,0.0538498527543516,0.0951798111200332,0.0475003644824028,0.0376803763210773,0.0235635507851839,0.1714216768741607,445.25420596474095,149.83659343808625,422.7608128597862,459.47420408014665,556.7889937016002,177.08783574689895,610.1591834352728,-10.74712254289995,4.817930742268778,-6.973999855811136,-13.117129162738198,-12.251257618268331,-3.843096705905178,-17.550129371776915,0.1293925359845161,0.0137235676615877,0.1316165775060653,0.1255664527416229,0.1425868719816208,0.1051462516188621,0.1420465260744094,15.2,11.408768557561327,6,17,13,36,4
-1350,84.99842019473805,22.66934677958995,88.10432501400219,98.37836804109462,40.97415398990407,93.13252967385684,104.40272425483256,0.0754447067485136,0.2500949061997191,-0.0174379776505862,-0.0547812135780558,0.5685980754740098,0.0016146232100094,-0.1207699737128089,0.3244644790887833,0.2273650396922094,0.2356679737567901,0.2155892848968505,0.771278977394104,0.263361245393753,0.1364249140024185,574.5341994436163,266.3809348190233,919.8856404622396,582.0416398968613,294.3612598619963,815.9784974215323,260.4039595754523,-17.29677534730811,7.243149499075653,-27.047303659874096,-16.72535867021795,-8.227380185796504,-23.747945333781995,-10.73588888687,0.1012460764497518,0.0472649309531337,0.0937645956873893,0.0857715904712677,0.024546792730689,0.1546842157840728,0.1474631875753402,544.6279440361157,229.10513368900897,840.8861185709635,577.5142431426467,279.6428460907518,737.6261114823191,287.47040089389736,-15.534988873046744,9.215607672357011,-15.21479462531575,-17.595405438490083,-5.51073225966671,-31.624619806021975,-7.729392235739189,0.1195119604468345,0.0290516213928372,0.1223156824707984,0.1150548085570335,0.0673690065741539,0.1500394344329834,0.1427808701992035,11.6,11.77454882362802,6,5,35,8,4
-1325,62.896184545404765,26.086157234753895,27.533105900708367,80.06050809972426,37.87348346710205,72.3189276414759,96.69489761801329,0.3137198303026312,0.2697632377397321,0.6565361040479997,0.1497387956170474,0.5935949567486258,0.2183619586860432,-0.0496326635865604,0.5587940871715545,0.2237643552171271,0.8312868475914001,0.4287005960941314,0.7918351292610168,0.5022035837173462,0.2399442791938781,341.62420365182976,145.2191258246891,174.38714452375444,442.3404353626987,158.58999245626885,429.7234041983621,503.0800417180647,-10.624783550647267,6.0848749619122176,-4.345407696146714,-12.572625775086252,-3.712777841509434,-12.314667241615162,-20.178439198878777,0.0677730912342667,0.070824561926355,-0.0268870741128921,0.0590147972106933,0.0154204340651631,0.1214696317911148,0.1698476672172546,335.80489417628235,165.0604642522179,167.19676623428077,429.9766556589227,139.81012223896226,361.5962615431401,580.444665206106,-9.037551479172288,6.209641583767978,-1.496995440700598,-12.148335801927669,-1.8058509743004512,-13.140743211696025,-16.595831967236702,0.1203243374824523,0.0220664461168327,0.0956058651208877,0.1417319178581237,0.097117580473423,0.1181687787175178,0.1489975452423095,24.6,13.720058308913996,43,15,38,20,7
-1300,70.58928800919477,30.074153948848707,86.24327388090246,100.34197823019588,30.853295135498048,97.7287389418658,37.77915385751163,0.2218909534987281,0.3317504240338165,-0.0183427908841301,-0.0653605689020717,0.6689432645545287,-0.0595877124982721,0.5838025752235861,0.4611530035734176,0.2844668264747119,0.2794537246227264,0.2085412591695785,0.8336676359176636,0.2029984295368194,0.7811039686203003,414.1121364392732,234.3802556051643,500.5264148377536,406.75079479552153,182.4551498680784,808.0932028251782,172.7351198698345,-11.600819645429912,7.148819041973849,-14.416419204912687,-11.504216457668104,-4.568667186979662,-23.47434961586668,-4.040445761722431,0.0959190040826797,0.0413092920395659,0.1198377236723899,0.0743665695190429,0.0370648205280303,0.1590658128261566,0.0892600938677787,384.1293823777584,206.56906539137145,442.52181310821,405.53333750942295,170.04745068466454,729.3357372618558,173.2085733246385,-11.430260418799886,10.30466333927407,-7.428656192202317,-11.814839298265024,-2.6210313083832726,-31.059073950115003,-4.227701345033813,0.1181988835334777,0.0409588656217745,0.1325903981924057,0.1478548794984817,0.0929237902164459,0.1657622903585434,0.0518630594015121,19.6,16.353592877407703,8,5,42,6,37
-1275,75.64536675509285,27.93432536157843,31.96588882558486,96.49572682100184,100.15036811828614,52.9316510144402,96.6831989961512,0.1855266371895285,0.282538472037779,0.6210103771265816,-0.0300269428421469,-0.0299403997028575,0.424743313999737,-0.0581531626336714,0.4372143447399139,0.2482720798197983,0.8002303242683411,0.2388448864221573,0.2350121289491653,0.6744791865348816,0.2375051975250244,416.1901095206278,210.75811719231427,159.99557053415398,664.7661304139255,659.3170000042832,235.8801153082597,360.99173134251646,-12.619720828114891,6.494945327858823,-3.801527296241961,-19.186564642086363,-19.365080185103835,-6.223037403926515,-14.522394613215798,0.0909875653684139,0.03919451273939,0.0557766817510128,0.1112701296806335,0.0698173940181732,0.0593873709440231,0.1586862504482269,419.85385212145354,210.64057816061216,161.9154307047526,652.4606558816474,661.7089597467791,213.4238650673314,409.7603492067571,-10.49792700671313,5.919143658850968,-1.380833247251678,-18.115195395653707,-14.868500203417058,-6.737190182794604,-11.387916004448606,0.1248187020421028,0.0292770995055705,0.0860985442996025,0.1372191607952118,0.1178361102938652,0.1096151545643806,0.1733245402574539,17.0,13.130118049735882,38,6,7,27,7
-1250,83.13339586594525,19.969980932699784,94.81586007510914,84.49589922287885,98.0191141240737,94.10816215066347,44.22794375700109,0.0946397754024056,0.2190122435793619,-0.1147163959110484,0.104548841714859,-0.0082651839536779,-0.018386578910491,0.5100181940723868,0.3609678417444229,0.1984233186084964,0.1858132630586624,0.3775217533111572,0.2542876005172729,0.2493356466293335,0.7378809452056885,536.094930816115,211.0502294628071,536.3456094306812,541.6164133172286,890.5769385622259,482.7184287623355,229.21726400810377,-15.6487779657046,6.355120220829051,-15.633095297897071,-15.574025572391978,-26.577472736960964,-13.676503566273473,-6.782792654999516,0.1114481031894683,0.0403626403954699,0.1230694279074668,0.0742130577564239,0.0727521404623985,0.1827115416526794,0.1044943481683731,515.2052002220823,206.96047433230356,478.41373376679,523.4292179576138,889.6021498295299,422.1961613705284,262.3847381859495,-13.328471352761252,5.132817014426633,-7.998011501211869,-14.01008459350519,-20.333686468894022,-17.200107819155644,-7.100466381039536,0.1226332016289234,0.0462102454064137,0.1480392217636108,0.1590456217527389,0.1109747588634491,0.1580167114734649,0.0370896942913532,12.6,9.58331884056875,5,13,7,7,31
-1225,55.75987756392535,33.27950874403755,89.16161716685576,31.111497923907113,26.756997815300437,103.08827386743882,28.681001046124628,0.3810140628674451,0.364824357557968,-0.0353703775826622,0.6535890421446632,0.7054278875098509,-0.0941631895654341,0.6755869518308079,0.5881401240825653,0.3102219629612908,0.2372925877571106,0.8262442946434021,0.857536256313324,0.1807571947574615,0.8388702869415283,305.8758110447934,138.19069163283888,467.319978948225,162.39595292743883,223.49182356449597,479.4549860368695,196.71631374693752,-8.190046104841064,4.454937384446793,-13.530079611560756,-3.6783566600398014,-5.853391919219703,-13.621998912409731,-4.266403420975334,0.0916322227567434,0.0562668069995354,0.1224937662482261,0.0286199767142534,0.0520686171948909,0.1856703013181686,0.0693084523081779,277.0546586555347,123.8388847469644,419.3021224172492,152.50071067140814,208.9038215771056,434.59887534693667,169.96776326497397,-7.03610155352375,5.844764516943261,-6.829644611007289,-2.306983383078324,-3.6626579615107753,-18.349492123252467,-4.031729688769893,0.1204850509762764,0.0394270262732166,0.1387124210596084,0.1441256999969482,0.091036133468151,0.1687593460083007,0.0597916543483734,30.2,20.291870293297265,6,43,50,5,47
-1200,54.71048111298504,34.31710144285294,24.861445847679587,99.92002498402314,28.84005174636841,93.3491288353415,26.581754151512595,0.397522556922015,0.3566404488579444,0.6861403528381796,-0.0745106946019565,0.6898097024244421,-0.0022306263446807,0.6884040502940907,0.6058275282382966,0.2983923421221234,0.8494853973388672,0.2196317315101623,0.8457649946212769,0.2618649303913116,0.8523905873298645,318.04504721122873,184.91966516041543,170.74987819738556,595.190738611054,151.31960229706343,484.795619496128,188.16939745451273,-8.482961014697427,5.721835941238133,-4.38878558706819,-17.065795329579135,-3.56681552999898,-13.646949588206777,-3.746459038634049,0.0910309821367263,0.0555068468882811,0.0206902660429477,0.1254142671823501,0.0472909472882747,0.176628977060318,0.0851304531097412,300.90407854046737,174.52480560408657,170.49223836263022,582.1243061266447,148.55253052293207,430.1090842799137,173.24223341021622,-8.248594333832724,6.904795919077098,-1.626016230959641,-15.98476859561184,-2.043923610135129,-17.24458282453972,-4.34368040791729,0.1109869994223117,0.0509010525070641,0.0655830577015876,0.1556542217731475,0.0888403952121734,0.1862471997737884,0.0586101226508617,31.6,20.915066339842195,49,5,48,7,49
-1175,84.89084481632008,26.71167180033344,32.26915090224322,89.71183063282686,98.46366743199964,103.63065519893873,100.37891991559196,0.0903665999805226,0.2641654875920343,0.6076074624762816,0.0388194890583262,-0.0044801259742063,-0.1169903355486252,-0.0731234901091631,0.3468003988265991,0.2312523981091423,0.7988237142562866,0.3116423189640045,0.2582755982875824,0.1760412156581878,0.1892191469669342,516.0653991163823,277.98540658343666,122.91112424616227,839.8439288222999,767.9259375856634,271.7012690493935,577.9447358783923,-16.17002690863191,9.355177178978916,-2.49233842628044,-24.661454518636067,-22.528806853712652,-7.298487887047885,-23.86904685748251,0.1178574673831462,0.0547869556968358,0.0431587882339954,0.0720591023564338,0.1199554055929184,0.1644654721021652,0.1896485686302185,524.9836448669433,277.3470819647961,143.81417612443892,817.8898700914884,760.6290925678454,242.5663290191115,660.0187565318325,-13.810144319032366,7.775136099544592,-0.8956180078941479,-22.524509898403235,-17.375639371704636,-9.299206541295638,-18.955747775864182,0.1540120765566826,0.0212487221088387,0.1164921000599861,0.1594976484775543,0.1502136886119842,0.1809639185667038,0.1628930270671844,12.4,12.354756169184402,37,8,7,5,5
-1150,85.06298643673168,22.08608451269702,91.69111103731043,94.3324608522303,41.5791982089772,94.50972063401166,103.2024414511288,0.0685476046449998,0.2487822765322188,-0.0697654008865356,-0.0277917872456943,0.5614534199237824,-0.0118565068525426,-0.1093017017140108,0.3365313559770584,0.2198467392714291,0.2082317471504211,0.2833369672298431,0.768028199672699,0.2611901462078094,0.1618697196245193,444.0028045654297,231.23519616461843,732.4812423973752,313.45055724026867,113.72247849849232,677.0587570458127,383.3009876451994,-13.627163357692854,7.233187187238831,-21.692210364760015,-8.636962786055447,-2.1774082591659143,-19.470132727372015,-16.159102651110867,0.1301488563418388,0.0516484034000334,0.1176216676831245,0.0848395898938179,0.067804716527462,0.1871207952499389,0.1933575123548507,428.62163237186905,199.62068448724392,668.0866244132059,312.8527500085663,119.23144002546344,609.5956688596491,433.3416785524603,-11.647974745432537,7.899816605679689,-11.657651792492782,-7.631126790715937,-1.318685899701035,-25.3903625032358,-12.242046741017123,0.1496603548526764,0.030560589736041,0.1574141830205917,0.1492126435041427,0.0919036865234375,0.1755799353122711,0.1741913259029388,11.6,11.288932633336067,5,8,34,7,4
-1125,57.2549130596834,29.415398045909225,31.764364680121925,37.2028834623449,94.54166300156535,91.79742220710304,30.968231947281783,0.3792165530429167,0.2901946776225542,0.6101725956972908,0.5923409781035255,0.0385010217919069,0.0106170514050652,0.6444511182167951,0.5977947235107421,0.2530333619704482,0.8027415871620178,0.7846810817718506,0.2995747923851013,0.2772337794303894,0.8247423768043518,390.28699679458344,294.28839973498,110.322325455515,224.21767452306915,583.7692292865954,875.5493003443668,157.5764543633712,-10.636226777026526,9.23841066247484,-2.279622383284987,-5.858152111371358,-17.090879921327556,-25.59743595123291,-2.355043517915826,0.1035372659564018,0.0449730329672954,0.0775088593363761,0.0674826577305793,0.1293001919984817,0.1800589114427566,0.0633357092738151,375.0453366062098,272.0116504916626,144.3672324063485,221.51754854436507,589.1389133386444,801.3223619962994,118.88062674539133,-11.03960389672664,12.479576918036749,-0.9654873703655444,-4.433188201042643,-13.200739860534668,-34.477832639426516,-2.120771412263837,0.1197171106934547,0.0344548482373228,0.1096249595284462,0.1154032349586486,0.1559368968009948,0.1549915522336959,0.0626289099454879,27.0,15.543487382180356,41,38,8,8,40
-1100,67.97164177838492,31.441180352094587,87.35955949671128,87.27798450694365,104.31744676477769,25.085528721528895,35.81768940196318,0.2562511485464432,0.332209160824976,-0.0243046175031101,0.0636303084738114,-0.0717705197194043,0.7178533778471106,0.5958471936338088,0.4920355409383773,0.2786896298354793,0.266790509223938,0.3452700078487396,0.1936133652925491,0.8609288930892944,0.7935749292373657,380.0571204202217,167.3883817642626,561.7354174162213,457.190938046104,522.0861789636444,161.90737981963576,197.365687855503,-10.745992495093429,5.229110333535126,-16.418392030816328,-12.99226527046739,-15.26870006009152,-3.6177602169806495,-5.432844897111257,0.0953401878476142,0.0266524139169194,0.1261032074689865,0.0772141218185424,0.1113028451800346,0.0526408851146698,0.109439879655838,376.7218313384475,144.49717889447936,502.71157247978346,445.9220747027481,529.2052628366571,198.11616074411492,207.65408592893365,-8.178872442663762,3.251329722697429,-8.48806054968583,-11.54144889639135,-11.826321501480905,-3.6934695034696343,-5.345061762291088,0.1052962653338909,0.0458311484630912,0.1629602313041687,0.1278714835643768,0.1334106773138046,0.0492451228201389,0.0529938116669654,22.0,18.740330840195966,7,9,5,50,39
-1075,96.32318894330191,6.453425437370668,86.30096119151396,102.4340223200181,91.91624650394216,97.6163793002858,103.34833540074966,-0.0435448985941269,0.0672089176813766,0.0017787722980274,-0.1036786377429962,0.0598756341373219,-0.0539888140033273,-0.1217114476596607,0.2467468559741973,0.0560154372239027,0.2771436274051666,0.1906264275312423,0.3389433026313782,0.234790489077568,0.1922304332256317,472.532775236431,202.099552563429,835.66731128358,413.6360339783786,529.0487954658374,309.7614103618421,274.55032509251646,-14.255371768432752,5.682854326409225,-24.73102559541401,-11.63688806065342,-15.37803222003736,-8.481061408394261,-11.049851557664704,0.1457547441124916,0.0337165460677973,0.1122572422027587,0.1390511840581894,0.1080520525574684,0.1791831851005554,0.190230056643486,457.38349448756173,173.380524377698,754.9340017218339,408.47860985471493,535.0969971773917,287.81991898386104,300.58794470000686,-11.095285747762311,1.808396753996404,-13.585137766704223,-10.46268806122897,-11.993943331534403,-11.321518134652525,-8.11314144469144,0.1632838755846023,0.0120753328813302,0.172761395573616,0.1669454723596573,0.1413626223802566,0.1603696942329406,0.1749801933765411,6.4,2.0591260281974,7,4,10,6,5
-1050,90.53334788154152,10.116076473926531,75.89425787084242,98.1903241774615,81.0314333523021,101.28482414694392,96.26589986015767,0.0149317984020008,0.1048818413208228,0.1113869085031397,-0.0556509329992182,0.1657963419661802,-0.1076230094713323,-0.039250315988765,0.3033068120479584,0.102666586186731,0.3976788520812988,0.229752168059349,0.4550682306289673,0.2018101662397384,0.2322246432304382,462.4872331050405,145.66508095213013,373.1356439423143,540.9065219812226,265.37784295333057,441.07781179327714,691.9383448550576,-15.026709298083654,7.505622651925211,-10.676875292209155,-15.568410233447429,-7.333318003436975,-12.497176793583652,-29.05776616774107,0.1247348830103874,0.0517300089936317,0.0809792727231979,0.118004634976387,0.0576314106583595,0.1821845322847366,0.1848745644092559,471.4382231059828,171.84855164461354,368.29956215306333,532.608144124349,279.10548347339295,403.06294518186337,774.1149805972451,-13.054875996656586,6.494590316384247,-5.972261006372017,-14.10646409319158,-5.675876418749492,-16.997172769747284,-22.522605695222552,0.160502403974533,0.0281419691292601,0.1609765887260437,0.1666458845138549,0.107293426990509,0.1854281723499298,0.1821679472923278,9.8,5.5641710972974225,15,5,18,5,6
-1025,59.110337656806486,28.75938038382547,90.46898911420035,97.0260243359734,44.1450377408196,29.140728411954992,34.77090868108413,0.3402974938645082,0.3210661401997769,-0.0597378597540013,-0.0374534564859726,0.5214414631619173,0.6693521275239832,0.6078851948766147,0.5755855321884156,0.2714584833160205,0.2335051596164703,0.2562343180179596,0.7513673305511475,0.8359783291816711,0.8008425235748291,263.8965523970754,195.65088574730933,638.4716663025973,274.599983081483,116.70486811587683,122.8622419123064,166.8440025731137,-6.6150732283006635,6.412953581389961,-18.80286223010013,-7.426414031731455,-2.292974628900226,-2.5039581060409546,-2.049157144730551,0.0866673629730939,0.0360322988459125,0.1314300149679184,0.1078805848956108,0.0791832208633422,0.0911207795143127,0.0237222146242856,248.425433818081,174.9209422795313,576.8319546883566,279.1961878726357,117.6655701754386,156.61761160064162,111.8158447533323,-4.423702122244919,3.3983867296970054,-10.116644401299324,-6.5442701431742885,-1.4244635261987384,-2.3734437865123414,-1.6596887540398984,0.1128722049295902,0.0482832372961762,0.1775685250759124,0.15108223259449,0.1191769018769264,0.0601979531347751,0.056335411965847,25.0,16.037456157383563,6,6,33,45,35
-1000,63.69622169943417,26.12291723194367,95.61612948249368,94.90435952579274,39.21125940435073,38.33115783018224,50.41820225435145,0.2915222409893484,0.3037519061973583,-0.1206042177536908,-0.0262982417555416,0.5830318180953755,0.57921183144345,0.4422700149171493,0.5378023654222488,0.2638691338818792,0.1821892708539962,0.2543545067310333,0.7830659747123718,0.7773556113243103,0.6920464634895325,358.24543831808523,249.9354358278665,259.0918389035944,855.0895589192709,201.28163829602693,205.93851578026488,269.8256396912692,-10.492808691660564,7.51435329862155,-7.1474639093666745,-25.111611065111664,-4.930440996822558,-5.381315532483552,-9.89321195451837,0.0898227624595165,0.0282008526925213,0.1285497993230819,0.1140612065792083,0.0515261851251125,0.069799043238163,0.0851775780320167,361.603424982439,240.30175735121992,243.17526191577576,838.1259283768503,210.6041688082511,216.9415023536013,299.17026345771654,-8.871529029963309,7.252430633515533,-3.417625453388482,-22.98435675888731,-3.900899696768376,-5.895377990446593,-8.159385250325789,0.1166506424546241,0.0485485615039584,0.1919617056846618,0.1529556512832641,0.099965751171112,0.0714930891990661,0.0668770149350166,22.4,14.813507349712964,4,5,36,37,30
-975,72.22730565351598,27.94689590602296,24.52279235054465,97.73866752175724,85.68792937783634,96.07789486155792,57.109244155883786,0.2262311795178582,0.2796055002928089,0.7009220414301929,-0.0387798709027907,0.1259701886597801,-0.0275955357972313,0.3706390741993399,0.4743024230003357,0.239096088160044,0.8515977263450623,0.238065630197525,0.4016865789890289,0.2400062680244445,0.6401559114456177,354.2029762268066,150.68242664616676,148.76522525988128,428.4914920204564,446.3608971311334,541.8492677922834,205.54799893027857,-10.097992126356091,4.589515247041105,-3.4060410940856265,-12.23457129796346,-12.970403487222235,-15.751132525895772,-6.127812226613362,0.1094287723302841,0.0424573220508042,0.079678475856781,0.105893924832344,0.0702955052256584,0.1901459544897079,0.1011300012469291,355.46347314934985,135.06865805369063,158.96416975322524,426.18196828741776,467.6093193188048,494.4455925121642,230.11631587513705,-9.995515497734672,6.405476770007316,-1.5061507737427426,-11.026007095972696,-10.336494711407443,-20.854152968055324,-6.2547719394951535,0.14700398594141,0.0349741041112387,0.1908890902996063,0.1509397178888321,0.1098296344280242,0.1786668300628662,0.1046946570277214,19.6,17.118411141224527,50,4,13,5,26
-950,95.7257488116096,5.349291468818111,88.09371766483082,93.58989378985235,96.69387045467602,104.63171765944536,95.61954448924344,-0.0368030238852781,0.0477240964237839,-0.0323251145727494,-0.0059107391273274,0.0091860353946685,-0.127427141456043,-0.0275381596649394,0.2498688131570816,0.0326218215891951,0.25777268409729,0.2748069167137146,0.2777400314807892,0.1877578049898147,0.2512666285037994,540.2181993451035,167.41477440303098,756.7179244192023,664.7870627955386,547.8877622370135,273.97684974001163,457.7213975337514,-16.821316483564544,5.118145143563257,-22.39916087033456,-19.39737932305587,-16.046354678639194,-7.413294252596404,-18.850393293196696,0.1355108872056007,0.041880082936556,0.1288190335035324,0.0899221897125244,0.0914198383688926,0.1891203969717025,0.1782729774713516,532.2200301588626,155.81443175805944,695.7331269916735,651.3439962822094,562.8924051920573,252.1930350588079,498.93758726956554,-13.462667382390876,2.3678847440379367,-12.54154666264852,-17.369474747724702,-12.789126751715678,-10.209439509793333,-14.40374924007215,0.1748462349176406,0.0226506041815735,0.1866602897644043,0.1680746227502823,0.1335033923387527,0.1954184770584106,0.1905743926763534,5.8,0.9797958971132712,6,6,7,4,6
-925,46.57286911347333,26.93882729920316,25.817427506166347,40.732377646951115,97.9440117331112,44.6184466530295,23.75208202810849,0.4924303461523617,0.2605239748631872,0.6777511926258312,0.5446196545572842,-0.0035339194185593,0.5146145340274362,0.7287002689698163,0.6952625632286071,0.2192142347891172,0.8427628874778748,0.7621175050735474,0.2681067585945129,0.7347884774208069,0.868537187576294,278.9211131313391,176.62666083878176,180.8971210948208,215.4162612379643,630.9428732353344,195.5115090085749,171.837801080001,-7.144086402340939,5.723099300698764,-4.508068417247973,-5.399413454950902,-18.405606926533213,-4.984706552405107,-2.422636660567501,0.0812764383852481,0.0280329665209879,0.0907180234789848,0.0637184605002403,0.1314607113599777,0.0522270314395427,0.0682579651474952,278.5468350996051,184.01935784713672,193.64683666563872,219.95514130174067,641.5489170007538,206.28635286030016,131.2969276695921,-5.900581417585674,4.55466753561677,-2.252944742378435,-4.510009186309681,-14.707661277369448,-5.398026465323934,-2.6342654165468717,0.1103747032582759,0.0446715288258998,0.156149074435234,0.0890409424901008,0.1700671017169952,0.0555618070065975,0.0810545906424522,33.4,15.576905982896603,48,33,6,31,49
-900,69.7814478818108,33.84055638417539,95.20751264235552,100.7664670383229,31.285146578620463,25.63225945865407,96.01585369110109,0.2300775474660537,0.3780340529490852,-0.1126546158510096,-0.0897733790033003,0.6661981438889223,0.7167622517136967,-0.0301446634180405,0.4709777027368546,0.3062298430974554,0.1870739907026291,0.2209022343158722,0.8322878479957581,0.857555627822876,0.2570688128471374,284.0487955059922,148.69505036414645,476.9840805321409,254.26723172371848,116.49103780378375,137.329988580001,435.1716388903166,-8.819546823125137,6.200327434643539,-13.885880064546017,-6.734753403747291,-2.2556026326982597,-3.10395103797578,-18.117546976658335,0.1246396347880363,0.0508609770502443,0.1330398172140121,0.1335099786520004,0.073570005595684,0.0722367614507675,0.2108416110277176,297.00274413259405,143.92175367807707,446.9018543979578,259.2429638243558,122.09232872410824,174.91507480019018,481.8614989163583,-6.479044209237683,4.225866157789205,-7.6251374650419805,-5.941390610577767,-1.4212706381814522,-3.5945153811521697,-13.812906951235052,0.1430209301412105,0.05848322668448,0.1953935325145721,0.181607648730278,0.084432877600193,0.0600778795778751,0.1935927122831344,20.6,19.5509590557599,4,4,43,46,6
-875,83.35519311568316,18.23079825357393,77.66524438297047,87.64359278959387,99.70040195689482,100.70494456571691,51.061781883239746,0.0926430979195763,0.1800948223431745,0.0867938574622659,0.059319632544237,-0.0255883837447446,-0.0881344181649825,0.4308248015011058,0.3713750839233398,0.168419754533282,0.3739933669567108,0.3387840390205383,0.2501500844955444,0.2075672447681427,0.6863806843757629,494.81551468163207,200.96970635472175,422.924889280085,842.4488118489584,586.5352874220463,310.85816339860884,311.3104214584618,-14.630861990075363,5.714246950881091,-12.246277223553571,-24.54127584423935,-17.173010683896248,-8.544272623564067,-10.649473575123569,0.1123144932091236,0.0449791571667487,0.0887276455760002,0.104987658560276,0.1190625727176666,0.1921028196811676,0.0566917695105075,490.4066181919031,193.20174689095975,413.1474464818051,820.3878270199424,587.3951630174068,290.8281212522272,340.2745331881339,-12.825532887693038,5.221041502533859,-6.5624962166736,-22.15690240525363,-13.39383021990458,-12.244308145422684,-9.77012745121069,0.1457409471273422,0.0299924884561378,0.1653174310922622,0.1552058905363083,0.1522133946418762,0.1689255088567733,0.0870425105094909,11.6,8.777243302996675,13,8,5,4,28
-850,92.54413194992962,3.754181589394316,87.70062545327579,88.55027492747587,96.1723902982824,93.67774929719812,96.61961977341596,-0.0018863525110132,0.0358056484309326,-0.0338999551885268,0.0541069037774029,0.0186551009907442,-0.0036885215955622,-0.0446052905391244,0.2857962667942047,0.0351829006780879,0.2787363231182098,0.3481103777885437,0.2902465164661407,0.2710135281085968,0.2408745884895324,495.6006096555476,87.19837880409678,324.4818615829735,513.7571362947162,534.3418579101562,538.883564731531,566.5386277583607,-15.57569977818874,4.483758885484055,-9.076735174446776,-14.704456956763016,-15.533269376085515,-15.405843797482945,-23.15819358616545,0.1346649289131164,0.0464253575123454,0.1279388070106506,0.075725145637989,0.0954971238970756,0.1763986200094223,0.1977649480104446,492.4518043384217,101.61280386872409,310.99898033811337,504.3717298005757,543.8100457442434,484.68741701360335,618.3908487955729,-13.589862557461384,5.34767875709138,-4.573970642006188,-13.145580676563998,-12.289091672813685,-19.94851609698513,-17.992153698937933,0.1715077489614486,0.0336670519952486,0.1943073868751526,0.1357835680246353,0.1282781660556793,0.214177131652832,0.1849924921989441,6.8,1.32664991614216,7,9,7,6,5
-825,83.80771183911492,27.278625894858195,29.73765681771671,100.53831187977512,94.54794497770422,102.00739503748277,92.2072504828958,0.0944822991595548,0.2738085877556682,0.6313813514569226,-0.086875161002664,0.0344433503992417,-0.110009710928973,0.003471665873247,0.3657954186201095,0.2290363767762837,0.8165668845176697,0.2226104885339737,0.3038982152938843,0.1951042115688324,0.2907972931861877,315.10808391905664,144.37584535685502,145.22112782796225,149.55520951120477,361.5153107224849,414.74099329898235,504.5077782346491,-9.745198819093536,6.2737162772443815,-3.159808163057294,-3.417364522030479,-10.247515218299732,-11.700883965743216,-20.200422226336965,0.1390279904007911,0.0339668489642379,0.121386632323265,0.1189282611012458,0.098112553358078,0.1903149336576461,0.1663975715637207,325.9101947449801,144.7422804781036,169.23836022092584,163.25175850851494,371.6880514579907,378.3159851609615,547.0568183765076,-8.950031576240272,6.20541183328399,-1.6042783155775906,-2.985112976609615,-7.978891460519088,-16.274166182467813,-15.907708946027254,0.1650152087211608,0.0289803286944265,0.1366588473320007,0.1633999049663543,0.1382680237293243,0.2164904177188873,0.1702588498592376,12.8,14.661514246489004,42,4,7,4,7
-800,97.12047659032488,4.126544387716232,92.1137025047751,101.0646599713494,101.86003936318792,92.51667352564196,98.04730758666992,-0.0518045439439661,0.0351749518587495,-0.0730660536709953,-0.0854032902156605,-0.0463803764651803,0.0138651402557597,-0.0680381396237541,0.2430593222379684,0.0254850786840166,0.2310725599527359,0.2151050865650177,0.2427074164152145,0.2906870543956756,0.2357244938611984,426.6155812849079,239.25643376279208,133.70015770092346,767.6578454804002,252.59729646381575,641.0575786389803,338.06502814041943,-12.820245129183718,7.169523132086082,-3.041184483912953,-22.427001743985898,-6.812812876283076,-18.547033577634576,-13.273192964102092,0.1478773802518844,0.0405058189569982,0.138825312256813,0.0956094861030578,0.1253576874732971,0.1636433005332946,0.2159511148929596,426.52039392036306,223.34593544417433,145.69376192594828,754.9971538342928,255.18632882101497,601.6148135536596,375.1099114668997,-12.683464502033434,9.333252670415488,-1.160665097989534,-20.52603040870867,-5.036157434446769,-26.04883812184919,-10.645631447173,0.1758036732673645,0.0231509065602744,0.2169121354818344,0.1490709483623504,0.1759908199310302,0.1593242883682251,0.1777201741933822,5.2,0.9797958971132712,5,4,5,7,5
-775,99.43686209734749,6.299090890543043,88.42227639590993,98.07411310532514,106.6448403751149,99.79685229133158,104.24622831905587,-0.0727110277203952,0.039228156882321,-0.0119769531137803,-0.0545363654108608,-0.0921071504845338,-0.0748248847091899,-0.1301097848836113,0.2173292875289917,0.0315774926948619,0.2583268880844116,0.2357897013425827,0.1844222098588943,0.2317011356353759,0.1764065027236938,386.861600320381,105.93300325438106,547.1330304062158,309.6494518079256,476.4923979106702,272.98705733449833,328.04606414259524,-11.737177826228896,3.2828704936437725,-15.955527899558083,-8.446167069568968,-13.809459757386591,-7.367894425726774,-13.106839978904055,0.1601062923669815,0.0397002334564996,0.1204865574836731,0.1320453435182571,0.1441446244716644,0.1721734255552292,0.2316815108060836,382.7414586920487,95.07078387159956,499.3381567168654,311.98466331080385,484.09925547817295,256.7786360623544,361.506581892047,-9.346092716016267,1.278335924281963,-8.12240731716156,-7.538056139360394,-10.833093011588382,-10.123887034884673,-10.11302007708633,0.1834645599126815,0.0140687477764472,0.1870058476924896,0.1683426350355148,0.167101040482521,0.2041534930467605,0.1907197833061218,4.0,0.6324555320336759,5,4,4,4,3
-750,80.07915222841152,26.74382371218885,27.970887307559742,92.77009968477137,99.41243218814624,98.00688965741324,82.23545230416691,0.1318435251712799,0.2667231007196984,0.6546519496861626,-0.0020032419877893,-0.0205600591266856,-0.0678472518920898,0.0949762291768017,0.4048407346010208,0.2187466270027697,0.8283999562263489,0.298987865447998,0.2660446465015411,0.2336103171110153,0.3971608877182007,428.1509329277173,181.85937124172264,215.3013934754489,722.2182360197369,287.42138243558117,380.4212903474507,535.3923623603687,-13.1819131683885,6.478598219553301,-5.5885720692182845,-21.0689814969113,-7.9367073021437,-10.646378015217028,-20.66892695845219,0.1400655716657638,0.0410225336194656,0.1105925813317298,0.0987824127078056,0.1109936982393264,0.1925577670335769,0.1874013990163803,432.7002588372481,187.2752218723342,215.81181670071783,707.8555062277276,294.130525555527,350.0038778740063,595.699567828262,-11.8759859229389,6.480814373754355,-2.5104782278077646,-18.9282130818618,-5.999979809710854,-14.470883154032522,-17.470375341281557,0.1656182616949081,0.036183682236554,0.1250093132257461,0.1648417860269546,0.1751453578472137,0.2279066890478134,0.1351881623268127,14.6,15.944905142395797,46,6,5,4,12
-725,84.89276522468117,8.506283597795447,86.57544331270105,68.68404792336857,92.97934922611012,85.86479972390568,90.36018593732048,0.0754145074591917,0.0940965763067642,-0.0175776036346659,0.253644750398748,0.0395066752153284,0.0767413226997151,0.0247573926168329,0.3668835163116455,0.0882185422242606,0.2934956550598144,0.5390356779098511,0.3232931792736053,0.3545970320701599,0.3239960372447967,597.8208333333334,173.8861271964608,513.9609878272341,501.6419940078468,693.4544977556195,887.1985666375411,392.8481204384251,-18.19365167074036,4.466141659552918,-14.965520980065328,-14.16842504133258,-20.322677269316557,-26.02111389762477,-15.490521165362576,0.1249155223369598,0.0316106200731289,0.1216912791132927,0.0760947614908218,0.1108417585492134,0.1475255638360977,0.1684242486953735,579.8155072128563,150.98658271703212,462.3633776212993,495.4526993600946,691.2069450512267,820.7009619997259,429.3535520319353,-16.40639639109896,9.061315134786136,-7.401281051468431,-12.736285713681005,-15.832976240860788,-33.70506305861891,-12.35637589086566,0.1597373232245445,0.0393175210880999,0.2038071751594543,0.1064015999436378,0.1678517609834671,0.1982338726520538,0.1223922073841095,10.2,5.491812087098392,6,21,7,9,8
-700,80.51479210797478,24.229627113550848,82.55538298662971,86.72058184006634,104.46962764964384,94.4175588944379,34.410809169096105,0.1257330860811121,0.2498338082856478,0.0401619301122777,0.06410552964491,-0.0704849649878109,-0.0215375440962174,0.6164204797324012,0.399811840057373,0.2063281848268509,0.326336532831192,0.3604970574378967,0.2287811636924743,0.2805865108966827,0.8028579354286194,432.452118589167,174.26717623606845,412.70139433208266,660.0281323884662,295.2342928166975,595.066136945758,199.23063646283063,-12.1713604552704,5.490897057907087,-11.886384482969316,-19.145129425483837,-8.201188204581278,-17.237677306459663,-4.3864228568579025,0.1074776008725166,0.0400729451515453,0.1066263914108276,0.092544712126255,0.1258262991905212,0.1672916412353515,0.0450989603996276,406.9209275362784,168.74639773982236,392.7483697188528,645.5082172594572,299.4836669386479,531.280965704667,165.58341805976733,-11.065421873644778,7.23025343665545,-6.079901095022235,-17.159249483493337,-6.1144044399261475,-22.138194699036447,-3.8353596507457266,0.1663597553968429,0.0411017393495671,0.1957395374774933,0.1522033065557479,0.1661474108695984,0.2191472053527832,0.0985613167285919,12.6,12.8,8,8,4,5,38
-675,94.2741228844138,3.793637260389836,87.91974617453182,97.05809341879451,98.64930410946116,92.39461301915786,95.3488577001235,-0.0268372031520394,0.0191966543555581,-0.043910837874693,-0.0426739713724921,-0.0202530149151297,0.0076608419418334,-0.0350090335397159,0.2755745232105255,0.0132994202284607,0.2743030786514282,0.2544244825839996,0.2804045677185058,0.295714259147644,0.2730262279510498,484.5243302194696,123.29559922887282,693.7344285396107,359.8603748522307,456.6713872541461,540.783318235163,371.5721422161972,-14.7948027242694,3.424561347375368,-20.401148478190105,-9.919874199649744,-13.141313013277555,-15.631953456945586,-14.879724473284002,0.1443262547254562,0.0302497501857415,0.1256027817726135,0.1355160325765609,0.1137515753507614,0.1457765847444534,0.2009842991828918,475.1010894239995,100.47221406680846,656.2524638928866,361.86585061591967,455.90126867461623,491.2399468672903,410.2459170692846,-12.42294034916058,4.185279046728585,-10.885136568755437,-8.85990878155357,-10.09450852452663,-20.581905659876373,-11.69324221109089,0.1843882918357849,0.0326579634005568,0.2009926289319992,0.1547840237617492,0.1826349645853042,0.2368686497211456,0.1466611921787262,4.8,0.3999999999999999,5,4,5,5,5
-650,70.439672981711,27.90125488500309,78.85666041654699,92.37116526435403,100.94247663161336,56.72785365160774,23.300208944432875,0.2297672778718612,0.2921109459044604,0.0823061325970818,-0.0014924182611353,-0.0485382178250481,0.3878069376244265,0.7287539552239811,0.4915486872196197,0.2313720093279316,0.3751022815704345,0.3021212220191955,0.265797883272171,0.6434604525566101,0.8712615966796875,439.61823494894463,196.2603462875322,631.7420563279537,687.061732777378,233.24212700023983,434.0870291726631,211.9582294664885,-12.293942021696193,6.359574015818165,-18.713834804401063,-19.891961315221955,-6.230416274907296,-12.4924830658394,-4.141014648111243,0.1076922073960304,0.0309398192134858,0.0874753072857856,0.1338643282651901,0.1454620659351349,0.1114241555333137,0.0602351799607276,413.4378900896039,190.5721779447983,580.1478576660156,675.8621965374863,237.805569431238,391.45263511256167,181.92119170071783,-10.187072341065656,5.328231682552016,-9.435323002045614,-17.879109420274432,-4.5748917972832395,-14.5149721681026,-4.531065317622402,0.1445649802684784,0.0335205439488423,0.1661579012870788,0.1556762009859085,0.1894231885671615,0.1037585958838462,0.1078090146183967,18.4,17.0598944897089,9,5,4,25,49
-625,78.06266478482415,26.99664728593223,79.50509825313793,96.97158465665927,90.96432755414178,25.62322250254014,97.2490909576416,0.1462639101813821,0.2821619861631285,0.0648266515311072,-0.0445846908232745,0.0716603124842924,0.7000307865002576,-0.0606135087854722,0.421592092514038,0.2221650536211995,0.3656037449836731,0.2599171996116638,0.3576095104217529,0.8571667075157166,0.267663300037384,475.3376486125746,194.3581137014297,699.2808248954907,469.6605326334635,477.2495556212308,126.03141858284934,604.4659113298383,-15.04181565318191,7.564253363108922,-20.556316141496623,-13.414281472825168,-13.812450722644204,-2.5777488946914673,-24.8482810342521,0.1449970245361328,0.0482524490384441,0.1098540425300598,0.1355242580175399,0.1193727031350135,0.1201450154185295,0.2400891035795211,484.8653783965528,179.22887544298788,653.8160009551467,465.97355785704497,476.4446641353139,167.45745314213266,660.6352158931263,-11.22010247686453,5.041952516158804,-10.782833222757306,-11.952015772200468,-10.563194814481234,-3.467685924287428,-19.334782650596217,0.1554960444569587,0.0461660783462131,0.1879349201917648,0.1777461022138595,0.1818255633115768,0.0643214955925941,0.1656521409749984,14.2,16.975276139138355,8,4,7,48,4
-600,80.73910151313332,23.850204226801807,91.02455186282889,86.23970951753505,99.3820779463824,93.25566417469696,33.79350406422335,0.1167044309307547,0.2554793052529671,-0.0604476174887488,0.0640580282491796,-0.0335550732472363,-0.0074273319805369,0.6208941491211162,0.4002708464860916,0.207461528757147,0.2350515872240066,0.3671063780784607,0.2821709215641022,0.3107470571994781,0.8062782883644104,324.6723979146857,99.94927902097808,452.3725253991913,404.0912464878015,259.4990635922081,334.3617419861911,173.0374121080365,-8.92339655851063,3.1916844761342333,-13.054315859811348,-11.31046974449827,-7.035054372068037,-9.24381040481099,-3.973332411364505,0.1211890593171119,0.0470750162504778,0.1507551521062851,0.0981153547763824,0.1312811970710754,0.1815785318613052,0.0442150607705116,310.17603465297765,104.8400020318413,429.64267289011104,406.27959080746297,267.35613960132264,309.51576875385484,138.08600121213678,-7.392133331089688,3.262496397065784,-6.677632517981947,-10.13778621272037,-5.314535153539557,-11.934913871581095,-2.895798899625477,0.1826307788491249,0.0560184251337963,0.2022613883018493,0.1407107263803482,0.2057468444108963,0.262880265712738,0.1015546694397926,12.6,15.23942256123899,4,7,4,5,43
-575,70.88498004464542,25.459954285651055,84.21472004161161,46.31797195883358,93.9857208925135,34.49169999290915,95.41478733735926,0.2210477523943957,0.275967864447744,0.0018442942815668,0.4938482428298277,0.0344389831318574,0.6151602092911216,-0.0400529675623949,0.4956779718399048,0.2196482077338825,0.3296179175376892,0.7215055823326111,0.3424624502658844,0.8020280003547668,0.2827759087085724,323.1004785905804,129.78423805731424,513.955257482696,312.5248059724507,413.5145113760965,149.8707619382624,225.6370561833967,-9.331505550836262,3.8816771913307218,-14.965030975509109,-8.618870258331299,-11.76313703520256,-3.4024672811491445,-7.908022203989196,0.1502206146717071,0.0635937513847887,0.1414969265460968,0.0756615921854972,0.1481780409812927,0.1189194098114967,0.2668471038341522,336.4378361484461,106.54077044613403,489.1393828810307,313.96822263483415,425.9383593107525,206.81669603314316,246.32651988246985,-6.923217037895268,1.6265661385960335,-7.571675415624652,-6.9850406280735085,-9.234065917500278,-4.208361730240939,-6.6169414980369705,0.1619287870824337,0.0689630716871403,0.1988942325115203,0.167784497141838,0.2295088618993759,0.0301856659352779,0.1832706779241562,17.6,15.52546295606028,6,34,5,39,4
-550,85.70755885853487,4.604549233173688,77.98581949121812,89.55411823497099,90.80636982637292,83.53985445359174,86.65163228652057,0.0668531489372253,0.0220543681159329,0.0805014757549061,0.0277118837132173,0.0654731894240659,0.0935311931021073,0.0670480026918299,0.3711201906204223,0.0184937974953881,0.3871107399463653,0.3421545028686523,0.3635019659996032,0.3945567607879638,0.368276983499527,708.653800884046,102.82303808701914,739.1259744209156,538.8797114857456,650.1792988024259,799.3545842756305,815.7294354355126,-22.59309281633611,5.932498921382526,-21.76289643739399,-15.550513593774092,-19.04683664807102,-23.408096823775978,-33.19712057866548,0.1678176939487457,0.0441905818854644,0.1361107975244522,0.1338531076908111,0.1563801318407058,0.1589306890964508,0.2538137435913086,697.9032469632333,115.49111701000147,687.734156022992,531.2868588096217,653.1996759782758,730.2275883189419,887.0679556863349,-18.827315138097397,7.1220230511806815,-11.141394362115024,-13.333324783726743,-14.904598382481357,-28.545056633781968,-26.212201528381883,0.2114122718572616,0.0382239437815351,0.2048347145318985,0.1720832288265228,0.2424984723329544,0.2669843733310699,0.1706605702638626,6.0,0.8944271909999159,7,5,5,7,6
-525,79.44228195639216,5.296403520606863,79.15403989904067,71.98906689812155,76.09232137343463,82.54934939216164,87.42663221920238,0.1311018392618964,0.0764174312132054,0.068948498543571,0.2264001148588517,0.2184436889255748,0.0969945192337036,0.0447223747477811,0.4358340978622436,0.063310318199858,0.3873400390148163,0.5117127895355225,0.5103924870491028,0.4091173708438873,0.3606078028678894,503.3284480044716,66.65866146287848,513.5403801098205,461.83176301655016,401.9299126340632,595.2292084275631,544.1109758343613,-15.756925025320893,3.801344149241449,-14.889298397198058,-13.043792009353638,-11.367172998294496,-17.182613615404094,-22.30174810635416,0.172286719083786,0.0486738047863261,0.1643516421318054,0.1064510345458984,0.1519493013620376,0.1832395046949386,0.2554421126842499,498.0153117397375,63.29996683862788,484.7494608561198,461.1931125573944,410.045828568308,542.2045871667694,591.8835695500959,-13.208166404774314,5.210673246773777,-7.522652364613717,-11.235316642543726,-8.839056320357741,-21.2367464387626,-17.207060257593792,0.2158173501491546,0.0429573306432764,0.222429946064949,0.1664083898067474,0.2311819344758987,0.2848928272724151,0.1741736531257629,9.0,3.7416573867739418,6,13,14,7,5
-500,60.1541843515284,27.250702215948817,78.6113660251393,24.788769340515135,29.035988476697135,84.08784980773926,84.24694810755112,0.3191789643904742,0.3145633214039696,0.0318898309679592,0.7232239866957945,0.6838259297258714,0.0706920932320987,0.0862629813306471,0.5798953473567963,0.2234946825967206,0.3904635012149811,0.8623672723770142,0.8444738388061523,0.4090627133846283,0.3931094110012054,362.37395964505384,211.1794799418641,647.3171440258361,104.14752853125856,138.14421590169272,409.52770781935305,512.7332019471286,-11.176943677140956,7.626377023051155,-18.94108926204213,-1.8968963738073383,-3.2801291336093032,-11.53890287248712,-20.227700743758888,0.1989915192127228,0.0580479532777956,0.1922596991062164,0.1320927739143371,0.1644427329301834,0.2016902416944503,0.3044721484184265,363.742764777468,204.27278398094896,616.8705021373013,117.4658934609932,154.44926425866913,365.9296861615097,563.9984778688665,-8.784317907325008,6.047869466231837,-9.932369407854582,-1.314547506340763,-2.333774543645089,-14.031747596305712,-16.309150482478895,0.2482092797756195,0.0334679656288637,0.2561869621276855,0.251815915107727,0.2073047459125518,0.3042266964912414,0.2215120792388916,22.6,20.751867385852293,6,49,47,6,5
-475,79.84989612354953,9.966359716413605,67.96189086016487,75.65053219514735,98.11038560306324,77.7949348449707,79.73173711440143,0.123321244576398,0.077164232277796,0.1851023586357341,0.1756437427857343,-0.0264198075322543,0.1500743809868307,0.1322055480059455,0.4392837345600128,0.0686080048002651,0.5027909874916077,0.4806452393531799,0.3076570928096771,0.4600037038326263,0.445321649312973,539.4804429439075,133.837957734081,548.3614389519943,695.4733072916666,366.70292502955385,676.2235444721423,410.64099897418106,-16.400852456845733,3.5675126582366334,-15.907507708198146,-20.222449469984625,-10.287268655341968,-19.734239390021877,-15.852797060682065,0.2227439850568771,0.0387812114109023,0.1828562617301941,0.1981264352798462,0.2272493690252304,0.2108955979347229,0.2945922613143921,527.5241115101596,114.86895182937327,524.5797734846149,683.5447714286938,367.8533172607422,620.5619710286459,441.0807243481017,-14.036506388061923,6.235016858626477,-8.015488800249601,-17.297597220069484,-7.857855478922526,-24.39498011898576,-12.616610322082252,0.255900040268898,0.0318162373072609,0.2456685453653335,0.2512246072292328,0.2821999192237854,0.2959104478359222,0.204496681690216,6.8,2.227105745132009,10,7,3,7,7
-450,63.334016328699455,18.34306329463957,64.50820294548484,79.49356949750116,77.40680770874023,28.54408753338982,66.7174139583812,0.2939279668471393,0.1891162989252966,0.2294240211739259,0.1300466435797074,0.1805561304092407,0.6604527469943552,0.269160292078467,0.5774730086326599,0.1357308080945625,0.5342254638671875,0.4515289664268493,0.5034978985786438,0.8393144607543945,0.5587982535362244,534.3605762816312,230.90465162740364,818.0747595000686,509.03107813784953,600.3601068864789,118.7113993460672,625.6255375376919,-16.49711680746915,7.903583596211768,-23.994338587710732,-14.52005296004446,-17.436439263193233,-2.5325901152794823,-24.00216311111785,0.24948151409626,0.0423403786129061,0.2201271951198578,0.2397632002830505,0.2209211885929107,0.2337772101163864,0.3328187763690948,547.6479597995155,210.65018763905255,783.8894621196546,502.36870588336075,598.7577637789542,169.6142700262237,683.6095971893845,-12.35350693296968,5.348666586617122,-12.64475277223085,-12.590101219060127,-13.583312042972498,-3.1127679295707167,-19.8366007010142,0.2488927900791168,0.0553620535327293,0.2861956655979156,0.2808997631072998,0.285440057516098,0.1413278579711914,0.2506006062030792,15.8,14.797297050475132,10,5,7,45,12
-425,65.03237002428841,18.80459457735222,65.22930192386403,29.24003000820384,80.8789743535659,79.42401697495404,70.3895268608542,0.2791346000222598,0.2014903538857486,0.2208286082043367,0.6747096086249632,0.1404071187271791,0.134268039114335,0.2254596254404853,0.5658583104610443,0.1380973181215507,0.5310329794883728,0.8354697227478027,0.4727546870708465,0.4579631686210632,0.5320709943771362,465.0879434418261,148.93707503374335,625.4878390128152,184.06524296810753,509.469641969915,529.0279524953742,477.38904076291806,-14.256037909106205,5.095306359299018,-18.26267151246991,-4.56113096287376,-14.641444565957052,-15.240488182034408,-18.57445432219589,0.2634176760911941,0.052121005619661,0.2361394762992859,0.2170153260231018,0.2404578477144241,0.259350448846817,0.3641252815723419,459.17355705395073,140.1454824758561,587.8238064949973,187.63678915458817,509.9735316226357,481.7639497455798,528.6697082519531,-11.482869821264032,5.133136620428095,-9.144717804172585,-3.424158947509632,-11.311776753057512,-18.41996041097139,-15.113735190609043,0.2965725183486938,0.0303114341925247,0.2771143913269043,0.2657518088817596,0.3003678917884826,0.3527582883834839,0.2868702113628387,13.6,13.749181793837767,8,41,6,5,8
-400,60.71217604581047,19.10549595118624,67.45219403435202,67.83210987764247,83.71258138768813,58.41607578501982,26.147919144349935,0.3300171013439402,0.1983754915610467,0.1998332752900965,0.2642422269372379,0.1338546212981728,0.3526839389520533,0.6994714442421408,0.6016076564788818,0.1386475889588578,0.5142095685005188,0.554180920124054,0.454026460647583,0.6319701075553894,0.853651225566864,420.47716852823896,148.47333190917817,559.9130580969024,557.3199361165365,323.23257071511784,483.55475228292903,178.36552542970892,-11.745712178631832,4.701921939164406,-16.28053064931903,-15.805417232346116,-9.078933174150032,-13.722172808228878,-3.841507029115108,0.270576924085617,0.0352007515270554,0.2682322561740875,0.2977962493896484,0.2765983343124389,0.3048055171966553,0.2054522633552551,399.45230639273666,148.8736706854009,539.1468864574767,556.6524272717928,324.3530506334807,423.37648010253906,153.7326874983938,-9.695080413734704,4.517603739755793,-8.270127001561617,-14.162236178130437,-6.753236701613979,-15.619776177824589,-3.6700260095429,0.3274514615535736,0.0334971120995028,0.2984059453010559,0.3159989416599273,0.3470450043678283,0.382809579372406,0.2929978370666504,14.8,14.606847709208171,6,6,4,15,43
-375,66.68210867489086,5.4573645241526245,68.31543514027315,72.85415510289809,71.0276445052203,57.82760301477769,63.38570561128504,0.2650460295817431,0.0670549870738713,0.1862592174726374,0.2030106242965249,0.2660097125698538,0.3713412814280566,0.2986093121416428,0.564154577255249,0.0468920545465999,0.5077064633369446,0.5216478109359741,0.5630022883415222,0.6364461779594421,0.5919701457023621,389.3250277335184,128.15351211154726,550.9185362698739,438.0445449561403,165.9173728541324,353.24696805184345,438.4977165356017,-11.663656739812147,4.4285002783964185,-15.988674477527017,-12.456968729956108,-4.017471847826974,-10.006644236414056,-15.848524407336589,0.3254918098449707,0.0349743377277342,0.2990889847278595,0.3031811416149139,0.3041788935661316,0.3287634253501892,0.3922466039657593,387.6903745684707,127.0820425473201,524.7989635802152,435.9456835295025,171.63624853836862,324.0685422127707,482.0024349814967,-9.483993792115596,3.799000645944982,-8.042250131305895,-10.79214086448937,-2.845924483056654,-12.039025222000324,-13.700628259725738,0.3529305636882782,0.0274862905483682,0.3582695722579956,0.3397784829139709,0.3688991665840149,0.3893975019454956,0.3083080947399139,7.4,2.5768197453450252,5,5,7,12,8
-350,45.1877146877962,17.78603019253787,25.250533984689152,22.55919080622056,65.96685135785272,54.84138356377097,57.32061372644761,0.5024550095025231,0.1804648327241791,0.6921179487424738,0.7464210608426263,0.3029845753136803,0.3938239749740151,0.3769274876398198,0.7233067154884338,0.1148353752502608,0.8465925455093384,0.8757143020629883,0.5945408940315247,0.6580237746238708,0.641662061214447,404.38307299697607,126.113235531027,315.43649479380827,198.9559166891533,483.7910723769874,512.1545163874041,511.57736473752743,-12.221153186078656,4.748566075585901,-8.9087963815321,-5.037425112306026,-13.787249765898052,-14.706028875551723,-18.66626579510538,0.353054928779602,0.0369443649946393,0.3331494331359863,0.3372997045516968,0.3145527243614197,0.3589315414428711,0.4213412404060364,404.4014714023523,131.57359819840696,308.76316244560377,199.54741989938836,498.20334237081966,456.3321270859032,559.1613052100466,-10.539515938675194,5.704988359343405,-4.17621050696624,-4.000265785476618,-10.937111291969032,-17.545625623903778,-16.03836648506031,0.3895314514636993,0.0262964473404265,0.4308965802192688,0.3957313597202301,0.3674388825893402,0.3979552984237671,0.3556351363658905,23.8,16.737980762326142,40,48,8,12,11
-325,42.95161753710578,20.843529379366768,64.19343112496769,20.16002172021305,68.6903429031372,41.96024535684025,19.754046580370733,0.5205980739873999,0.233611100069106,0.2291441026855917,0.7738720497664283,0.2807171565644881,0.5422066074960372,0.7770504534244538,0.7338288068771363,0.1449223850387018,0.5545732378959656,0.8898807764053345,0.5812771320343018,0.7516680955886841,0.8917447924613953,280.0139707464921,144.55528313837524,491.7888467353687,194.25649957489549,169.5568384538617,413.57803906892474,130.88962989940978,-7.613725202543693,4.519838326953265,-14.214786399874772,-5.050313483204758,-4.200039780976479,-11.782350845504226,-2.8211355031582346,0.3404728770256042,0.0408974170240245,0.3288370370864868,0.385711520910263,0.3179165124893188,0.3879178762435913,0.2819814383983612,267.52950249387504,133.13337845517034,472.8354278029057,201.43565569425883,175.35853710509184,371.4876553719504,116.53023649516858,-6.142849040031433,4.2295179892741395,-7.115242228173373,-4.060542758096728,-2.9698446821748163,-13.98180355523762,-2.586811976474628,0.3833383798599243,0.0338175148207341,0.3835451602935791,0.4394212067127228,0.3883732259273529,0.3709395229816437,0.3344127833843231,25.8,19.82321870938219,5,49,5,21,49
-300,58.07321884379667,14.027952480261709,76.7527083901798,47.76296548282399,68.94229399737189,59.07243154189166,37.83569480671602,0.351572535458733,0.169123765836042,0.0792446076869964,0.4720605191062478,0.2842377529424779,0.3476221670122708,0.5746976305456722,0.6278548777103424,0.1171253883457069,0.4382190406322479,0.7133984565734863,0.5791441202163696,0.6292057037353516,0.7793070673942566,403.43283123886374,109.1574251388868,270.79192820766514,466.7999856513843,279.7089589436849,544.8542111045435,455.0090722870409,-12.14316543068802,3.8206294540133774,-7.478796162103352,-13.233338949973124,-7.824903362675717,-15.736977213307432,-16.441811465380486,0.3749385237693786,0.0328527935645023,0.3530378341674804,0.3926922380924225,0.3311997950077057,0.3711135983467102,0.4266491532325744,405.8391488058525,105.81382187313716,279.40882632606906,466.0357837342379,275.862449244449,493.1888143974438,514.6998703270627,-10.96153077535462,5.739036111249257,-3.650234766173781,-11.713520001946836,-5.520762801170349,-19.089864076229563,-14.83327223125257,0.415908944606781,0.014626000793156,0.4172648787498474,0.4243600964546203,0.3876429498195648,0.4214636981487274,0.428813099861145,10.4,7.310266752998826,3,14,5,7,23
-275,59.732412183425005,9.732468322692418,42.64252507826861,58.90996218288646,59.997160159840305,65.01535653507008,72.09705696105956,0.3398223230418037,0.0925186205010137,0.4848746299743652,0.3489870383458979,0.3709724240443285,0.2891119550256168,0.2051655678188099,0.6254516005516052,0.0641424724281705,0.7232905030250549,0.6396036744117737,0.6444492936134338,0.590441882610321,0.5294726490974426,408.69938311660496,145.17464655579155,476.23803925095945,271.80518059981495,422.4222342507881,236.08983143588952,636.9416300455729,-12.83462700132738,6.469690601995732,-13.759749558933994,-7.3915044864018755,-12.15351354448419,-6.3561403542234185,-24.512227062593425,0.3691505491733551,0.0174751461133869,0.3831758201122284,0.3482409715652466,0.367020845413208,0.3530684411525726,0.3942466676235199,415.7403256064967,165.53065570384396,467.5916935435513,277.36010206791394,434.87904491759184,212.23575899893777,686.6350285044888,-10.072769908946857,5.167561310062898,-7.046607433703908,-6.512401123841603,-9.614496251993012,-7.012623038208275,-20.177721696987486,0.4111505210399627,0.0492060712377026,0.4808119833469391,0.3665858507156372,0.4356363415718078,0.4278241693973541,0.3448942601680755,7.8,4.261455150532504,16,7,7,5,4
-250,33.31014668632956,17.970685667274495,23.346923788856056,49.900118895138014,17.405765219295727,59.6773790583891,16.22054646996891,0.6232477254727308,0.1950187609126634,0.7085174399263718,0.4372141708345974,0.8090168188599979,0.3460547973127926,0.8154354004298939,0.8017599225044251,0.1173564791500052,0.85944002866745,0.6992830038070679,0.910389244556427,0.6263226270675659,0.9133647084236144,228.81378560651817,94.54037273429694,224.71389743738007,343.4903714364035,113.13268581189608,326.56771368729443,136.16425965961656,-5.904623094357943,3.163428087158683,-6.169970292794077,-9.589600621608266,-2.5383441458668625,-9.13995963648746,-2.0852407750330473,0.3775656461715698,0.0166147853850372,0.3820439875125885,0.3885763585567474,0.3918091058731079,0.3799341917037964,0.3454645872116089,219.7992794773035,92.44058526453092,234.8489063999109,346.4195537901761,114.98221701906438,287.4003017492462,115.34541842811986,-5.149039443333944,3.503476776596143,-2.8985457629488227,-8.393990346214228,-1.645027023658418,-10.29934542534644,-2.508288658501809,0.4533775925636291,0.0339873510429986,0.4888381659984588,0.410400778055191,0.4955760836601257,0.4480593502521515,0.4240135848522186,31.0,18.275666882497067,37,13,50,6,49
-225,46.708562726413504,15.976941495650802,58.7205873152789,41.433811165304746,17.520787143707274,58.29629370745491,57.57133430032169,0.4746730826181524,0.1860310508405982,0.2960089024375467,0.5394353828009437,0.8097911357879639,0.3553958731539109,0.3727341189103968,0.7090992331504822,0.1131789750436056,0.5982983112335205,0.7562403678894043,0.9095315337181092,0.6374111771583557,0.6440147757530212,422.90014273660216,163.88948873009335,403.78138117204634,626.1239838181881,173.79765453673247,574.7072389836896,336.0904551723547,-12.72589664354659,4.771863012170282,-11.61941466833416,-18.22811939423544,-4.543059845765431,-16.64734495731822,-12.591544352079692,0.4081533908843994,0.0353782869517224,0.353296160697937,0.4268108010292053,0.4481046795845032,0.3808065056800842,0.4317488074302673,418.51028793067263,149.12759552382622,412.7281850179036,615.465077718099,175.16046691359136,521.3784575880619,367.8192524157072,-11.202737308803355,6.282784674248375,-6.068954777299312,-16.144471729010867,-3.154327438588728,-20.214846247120903,-10.431086351996974,0.4489344477653503,0.0511965168666544,0.4302301406860351,0.4614427089691162,0.5333123803138733,0.4446520507335663,0.3750349581241607,16.8,15.497096502248413,7,16,47,7,7
-200,44.17837192871991,21.484286023670705,67.01206527036778,58.97511436238008,58.65650961258832,18.50052025177899,17.747650146484375,0.5045614234138938,0.2443092745782457,0.1938516764079823,0.3651635478524601,0.3777935241951662,0.7929301230346455,0.7930682455792146,0.7249092698097229,0.1500296601761961,0.5330084562301636,0.6326847076416016,0.6557248830795288,0.8990314602851868,0.9040968418121338,307.0028153001216,242.09254779084495,144.0832982648883,763.7099395216557,348.3519252308628,134.34605514794066,144.52285833526076,-8.527587002202084,7.39056037854049,-3.6285866478033233,-22.427973738887857,-9.910129829456933,-3.1674854609004237,-3.5037593339618884,0.3963905036449432,0.0371138572754278,0.352836936712265,0.4140185117721557,0.3694468736648559,0.4585742056369781,0.3870759904384613,309.4632572240997,236.69313859460905,164.80941759076035,756.7073867530154,346.5331174616228,132.30238282053094,146.96398149456894,-7.2362017926416895,6.808984132427114,-1.5066445020207189,-20.29713745702777,-7.431103769101594,-3.3407312223785803,-3.605392012679786,0.4177650213241577,0.0119251127059201,0.4100253582000732,0.4274537265300751,0.4056225419044494,0.4094849824905395,0.4362384974956512,21.2,19.114392483152585,4,6,7,42,47
-175,57.068105612362125,7.562632912810849,55.33343697716208,57.137472242467545,44.63166585810044,60.32038453046013,67.91756845362046,0.3667995478125179,0.092107825106226,0.3354746064719032,0.3758832370533663,0.5338201287914724,0.3330045097014483,0.2558152570443995,0.6430631279945374,0.0596752763123063,0.6269224882125854,0.647377610206604,0.7488570809364319,0.6270568370819092,0.5651016235351562,426.4079564144737,161.93477504066178,411.03973335132264,228.1362251147889,703.3381567168655,474.99166763037965,314.5339992590118,-12.837437845112984,4.723536318611634,-11.87423670919318,-6.133911454886721,-20.792073396214267,-13.783502641477083,-11.603465023793673,0.4228168845176697,0.0404656777813349,0.3864661157131195,0.3845652341842651,0.4703064858913421,0.3990907669067383,0.4736558198928833,420.5748030813117,156.19634420844554,386.37691832425304,237.39193752355743,705.9078561883224,428.6541105571546,344.543192813271,-10.790018423189196,4.949763288147472,-5.615166538640072,-5.507232572948723,-16.563323307455633,-16.560838247600355,-9.7035314493012,0.4482019364833832,0.0442655779918016,0.4362814426422119,0.3905316889286041,0.5245975255966187,0.4601261615753174,0.4294728636741638,7.8,3.762977544445356,7,7,15,6,4
-150,55.02835746428546,17.496681571249898,79.02413644229665,58.02586916755227,59.293357669605925,54.217380658318014,24.581043383654425,0.3789422064668992,0.2116387803402837,0.0492939146126017,0.3548992290216334,0.3793829749612247,0.3938336428473977,0.7173012708916383,0.653973525762558,0.1335420504711945,0.4418959319591522,0.6413252949714661,0.6556405425071716,0.6676506996154785,0.8633551597595215,443.8906590779623,161.65292059738047,531.4554336280154,572.8454118695175,260.03922499271863,617.3281378495066,237.7850870500531,-13.109816973042069,4.647201479316256,-15.658043388734784,-16.761544503663714,-7.209195055459675,-18.122112663168657,-7.7981892541835185,0.4275818645954132,0.0305004882111812,0.4118439853191376,0.4036038517951965,0.4394003748893738,0.4009105861186981,0.48215052485466,434.5984459592585,137.51295818632312,510.4419962565104,567.9187525699014,255.25207225063392,558.2769641541598,281.102444565087,-11.452899610996246,6.129312703851029,-7.820062777452302,-14.988279102141398,-5.086403354218132,-21.781436734032212,-7.588316087137189,0.4579201102256774,0.0341656809057406,0.4712709486484527,0.419962614774704,0.4662164449691772,0.4212667346000671,0.5108838081359863,11.6,10.873821775254548,3,6,7,9,33
-125,51.96487881379969,9.254783838560057,40.78770962883444,47.76891048655791,62.238649828293745,45.37214120977065,63.656982915541704,0.426382087469101,0.083239278701196,0.5111706011435565,0.4728230858550352,0.3576892519698423,0.4916122092920191,0.2986152890850516,0.680886709690094,0.0582773772436794,0.7401955127716064,0.7128264307975769,0.6254928112030029,0.7290363311767578,0.5968824625015259,534.8610699034573,127.91324055189833,451.4200830292283,743.2027866296601,593.6970552143298,517.4878561454907,368.497568498578,-16.21811524190401,3.194799270341121,-13.031069981424432,-21.829150877500837,-17.542066222742985,-14.899281974424396,-13.789007153427391,0.4468942761421203,0.0299143768672085,0.4113774001598358,0.4619169235229492,0.410364031791687,0.4717413187026977,0.479071706533432,524.879048076429,124.61244652360128,422.69146728515625,738.7710405316269,593.0150151838336,452.7834499426056,417.134267438922,-13.789174432503549,4.67294781127063,-6.30680871637244,-19.837245558437548,-13.380962823566636,-17.42641666270139,-11.994438401439734,0.4639273107051849,0.0321911198774596,0.4894662797451019,0.4635320603847503,0.4266906976699829,0.509148120880127,0.4307993948459625,10.2,4.308131845707603,16,10,6,14,5
-100,44.304514751434326,15.888355858426335,62.41086055531221,50.48350904128131,41.43707482955035,51.74210834503174,15.449020985996022,0.5035519810985116,0.1881038767809602,0.2593438085387735,0.4430923609172597,0.5667328406782711,0.4237056241315954,0.8248852712266586,0.7274098873138428,0.1147857033057301,0.5669880509376526,0.6969040632247925,0.7693254351615906,0.6871252655982971,0.9167066216468812,459.9735552737589,166.66047238866318,637.0427588747259,498.23020051655016,591.235799689042,406.6171205754866,166.74189671298913,-13.399449721972148,4.9730782751515985,-18.927609690448698,-14.407695452372232,-17.274824861894572,-11.574336060306482,-4.812782544838755,0.4480085015296936,0.0215622665030324,0.4065402150154114,0.4626987874507904,0.4503117799758911,0.4537488520145416,0.4667428731918335,452.96243543122944,163.86549066031955,622.3284569455866,499.7713954992462,599.7642897221081,360.7956023634526,182.15243262575385,-10.887331817024634,3.332584616240352,-9.746250416103162,-13.165135117999297,-13.813970998713843,-12.869345206963388,-4.841957345343473,0.4876531600952148,0.0198435822212891,0.4582170248031616,0.4696261882781982,0.5025466084480286,0.5003901124000549,0.5074858665466309,16.4,12.784365451597507,5,10,16,10,41
-75,56.40931147407083,12.025120213959086,78.861428900326,46.5670810026281,48.534589913312125,58.98279991149902,49.1006576425889,0.364093396172804,0.1609549091037478,0.0573547373799716,0.4830625400823705,0.4827454798361834,0.3495439392678878,0.4477602842976065,0.6416476845741272,0.1128811313789472,0.4257461428642273,0.7230592966079712,0.7230340838432312,0.633301854133606,0.7030970454216003,476.21908149049995,202.4292196968578,83.15030589856599,660.6384116724918,554.4001577276932,571.0430860017475,511.8634461520011,-14.729804800267804,6.726732172960895,-1.5310613167913336,-19.551699646732263,-16.341423222893162,-16.82679840138084,-19.398041413541424,0.4584518611431122,0.0247881465606624,0.4108592271804809,0.4712161123752594,0.4768105149269104,0.4574236273765564,0.4759498238563537,483.7492939196135,190.978740503645,114.65485315155564,659.299819678591,560.6465325606497,506.02201174016585,578.1232524671053,-13.609937064062086,6.944291965997653,-0.5245511458631147,-17.8423126203972,-12.828354992364584,-20.00077559864312,-16.85369096304241,0.4708953559398651,0.0309058771542872,0.4183827340602875,0.479957640171051,0.5123996138572693,0.482155978679657,0.4615808129310608,8.6,3.5552777669262356,3,12,12,6,10
-50,39.7916570708331,17.454562864134502,37.89036184198716,62.56740686753217,56.58181280248306,18.752730347128477,23.16597349503461,0.5561397862434387,0.1809763314705864,0.5374468596542583,0.3153541095116559,0.408958625793457,0.7827786729616277,0.7361606632961947,0.7612418889999389,0.1117821834641887,0.758432149887085,0.6090729236602783,0.6692330241203308,0.8978873491287231,0.8715839982032776,465.1464168615509,147.22521354007884,512.2872876619037,709.4698978892544,444.168666371128,261.20622521116024,398.60000717430785,-14.202796476347403,4.5160799931524265,-15.139625281618352,-21.179413787105627,-13.075167082903675,-7.0596312660919995,-14.560144964017368,0.4330702602863311,0.0375138991183868,0.3791218400001526,0.4400007426738739,0.4632267355918884,0.4026009142398834,0.4804010689258575,466.1972650092945,156.0151532250994,496.4735069944147,709.6381123860677,442.2203299539131,219.3362508405719,463.31812487150495,-11.341408032910866,4.5178669445373005,-8.000574063836483,-19.203027547451487,-9.77008114363018,-6.529714945115541,-13.20364246452064,0.445567387342453,0.0353007331205983,0.4405125677585602,0.4258438348770141,0.4780757427215576,0.3930738568305969,0.4903309345245361,19.8,12.655433615645098,16,6,8,38,31
-25,59.569416757471416,11.452005253302302,42.71378998475916,78.5125498603372,56.13614849763758,60.46002165850471,60.02457378611845,0.3396085478277768,0.1140068094375049,0.4756605548017165,0.1386610935716068,0.4171803670770981,0.3332338094711303,0.3333069142173318,0.6269155442714691,0.0768256133508163,0.7233072519302368,0.4925530254840851,0.673093855381012,0.6225787401199341,0.6230448484420776,702.9767836185923,87.98719386132112,645.3504949201617,604.9157393606085,848.1494183456689,660.0594477067914,756.4088177597314,-22.2050215478529,4.259190680390992,-19.249302060980547,-17.944240754110773,-25.470586408648575,-19.41896973158184,-28.942008783942775,0.4271551966667175,0.0173831064639892,0.3983334004878998,0.4319526553153991,0.4442322850227356,0.4175637662410736,0.4436938762664795,705.0022002638432,114.9448394459336,634.7494806657758,600.519231963576,859.6201182582922,600.8236517655222,829.2985186660499,-19.07230793300428,5.15239074678284,-10.505823938470138,-16.521364251772564,-20.03035060982955,-23.752442679907148,-24.551558185042,0.4348244369029999,0.0198335913034438,0.4704827666282654,0.4157185554504394,0.4332300424575805,0.4169557094573974,0.4377351105213165,7.4,3.006659275674582,12,3,9,6,7
0,45.70719369776109,8.153089605717105,38.220001074847055,44.929205928129306,58.229512427834905,50.9891222336713,36.16812682432287,0.490860199507545,0.0749510924683711,0.5424623079159681,0.4964536207563736,0.3870722188669092,0.4318858525332282,0.5964269974652459,0.7262650489807129,0.0478714452905457,0.7590174674987793,0.7335385680198669,0.6575109362602234,0.6896734237670898,0.791584849357605,622.746586421498,119.84473044224784,599.9537433825041,462.1927490234375,639.3825271338748,831.2893334104303,580.9145791572437,-19.86068013801909,4.238579129358848,-17.73284996601573,-13.530398289362587,-18.914894057993305,-24.803953246066445,-24.321305130657397,0.4125188827514648,0.0402654053780832,0.4320493936538696,0.4568861722946167,0.3706057369709015,0.4448753893375397,0.3581777215003967,620.0173709267065,96.4301871677723,572.0206780684622,462.84117367393094,661.1434090597588,748.6177742941338,655.4638195372464,-17.175921721207466,7.098082158018069,-9.343005255648963,-12.32902916063342,-15.2067421068225,-29.786851575500087,-19.213980507432368,0.4274951040744781,0.065692379400922,0.4891335964202881,0.4690947532653808,0.3522897064685821,0.4841853082180023,0.3427721560001373,12.0,4.2895221179054435,17,11,7,8,17
25,46.27733398886288,14.187483018742675,50.68307055305032,58.002955021577726,52.1117899277631,18.349910253636978,52.238944188286276,0.4803627199986402,0.1570101888129517,0.3942266800824334,0.3547867683803334,0.4473630593103521,0.7885159976342145,0.4169210945858675,0.716230845451355,0.0939146116563038,0.6613233685493469,0.6403625011444092,0.6992394328117371,0.8999385237693787,0.6802904009819031,730.348771319473,261.13371932493493,914.560816714638,860.5331303111294,950.8814836468612,241.1154204251473,684.6530054995889,-22.408213731698822,8.168364405733573,-27.46265539370085,-25.28696122085839,-27.95561040075202,-6.230240733999955,-25.1056009091829,0.3854956805706024,0.0341177656085006,0.391681969165802,0.3629423081874847,0.3400983810424804,0.3908352553844452,0.4419204890727997,732.4620263082938,264.86228088142497,882.1383313630756,852.3519244277686,954.7625871624864,218.57383554023608,754.4834530479029,-18.25047944679595,5.953471379521782,-15.173672316367169,-23.50378890204848,-22.453514262249595,-7.914370685292964,-22.20705106802154,0.3775695919990539,0.056380778101032,0.4113928377628326,0.3627822697162628,0.2997322976589203,0.3489020466804504,0.4650385081768036,14.4,11.876026271442818,9,6,10,38,9
50,37.01939953972312,17.013208759830935,45.9084612678079,17.43096887364107,17.48739710976096,60.68076544368968,43.58940500371597,0.5766271550515119,0.1962488371863957,0.4384136589134441,0.7977247914847205,0.8096522937802707,0.3177248965291416,0.5196201345499825,0.7750007629394531,0.1151589042399168,0.6991437673568726,0.90564227104187,0.909787118434906,0.6195916533470154,0.7408390045166016,587.0208474677905,182.7255242624922,581.3023981462445,388.0965913471423,381.5581167120683,814.7821280496162,769.3650030838816,-18.837584119094046,7.576093648215478,-17.22900764983997,-11.065958077447457,-11.282009915301677,-23.87740325091178,-30.733541701969347,0.410767138004303,0.0607054905350576,0.4500179588794708,0.4706638157367706,0.2984397411346435,0.4001343548297882,0.4345798194408417,586.390656909608,186.2697901437689,547.0699007803934,381.1319997687089,406.3690972579153,738.4658149585389,858.9164717824835,-16.665927698110277,9.068337509624063,-8.998571732587981,-10.008865357491008,-9.066281329121503,-29.862011127304612,-25.393908944046288,0.4285443723201751,0.0659468359726221,0.4767549633979797,0.521490216255188,0.3289831280708313,0.4062952995300293,0.4091982543468475,23.0,16.14930339054908,12,45,40,6,12
75,45.09085593223572,15.68685818443342,49.34414301479564,14.088759666330674,53.57371290992288,56.71238654641544,51.735277523713954,0.4958463162534377,0.1738955302005485,0.3936475392650155,0.8415158064926371,0.4322771212633918,0.3830595118158004,0.4287316024303436,0.7237419962882996,0.1014736906505122,0.6712051033973694,0.9245555400848388,0.690153956413269,0.6477771401405334,0.6850182414054871,680.3512384247363,305.38684781618394,870.8099247447232,168.30142399302702,657.8930117958471,1084.9127507795367,619.8390808105469,-21.03099845417759,9.340310967056162,-25.68944655803212,-4.2383955466119865,-19.364257950531808,-32.08499965333102,-23.77789256238101,0.3935418367385864,0.0578686056990727,0.2825814485549927,0.4005466997623443,0.4067845046520233,0.4457108378410339,0.4320856928825378,675.3852835671944,279.05564738374363,838.0147051894874,172.15758849026864,678.5756889477111,1006.4801293088678,681.6983058996368,-18.833257814248405,11.96544098548069,-14.34065106040553,-3.8249760897536023,-15.893197549016852,-40.30031233503107,-19.807152037034953,0.408948028087616,0.060048789712652,0.3129893839359283,0.4878230988979339,0.3739506900310516,0.4319125115871429,0.4380644559860229,16.0,17.017637908946117,8,50,8,6,8
100,55.30901535707361,5.538358153835591,48.741899277182185,61.26856710770551,59.44450807010426,58.614486301646515,48.4756160287296,0.3823886715664583,0.0455103047001883,0.4109231296707602,0.3310081678278306,0.3736844995442558,0.3419130160528071,0.4544145447366378,0.6574955224990845,0.0323314289263376,0.6782950758934021,0.6163135766983032,0.6484610438346863,0.6362614035606384,0.7081465125083923,766.9525566234922,237.19031742118665,502.6818328322026,725.2685680724027,1112.090746427837,959.2943222313596,535.4273135536596,-23.42395418861456,6.39410248656505,-14.532772039112292,-21.148830037367972,-32.81021282965677,-28.219569331721257,-20.40838670521452,0.3669036448001861,0.0381882629246329,0.3556960225105285,0.3586125373840332,0.3959597051143646,0.3064139485359192,0.4178360104560852,762.3642981813666,220.9715195602719,491.7094790810033,724.6442239326343,1117.7655329118695,883.8501811780428,593.8520738032826,-21.39372167001691,9.162140937567624,-7.980173225988421,-20.31834488375145,-26.33149819625051,-35.35217568748876,-16.986416356605396,0.3555599570274353,0.0236948091344424,0.3554752171039581,0.3433018922805786,0.3766961097717285,0.3182121515274048,0.3841144144535064,8.0,1.6733200530681511,10,6,7,7,10
125,41.04168116906111,21.738450813565127,62.57432794009938,15.172210971046896,53.58337442734662,14.147111213908476,59.731381292904125,0.5361548079462612,0.2517994733241733,0.2311874445746926,0.8289980401011074,0.4408579230308532,0.8382616614594179,0.3414689705652349,0.7452306270599365,0.1489077186239779,0.5653905868530273,0.9181217551231384,0.6899238228797913,0.9240694046020508,0.6286475658416748,544.2746894702577,210.95368324903495,767.8382932428729,404.93129422371845,793.781599078262,244.80377197265625,510.0184888337788,-16.39939343887463,6.518210156892707,-22.623834333921735,-11.40435318361249,-23.27356509995042,-6.48872306890655,-18.20649150798195,0.4037051498889923,0.0503297445732517,0.3075931370258331,0.4370535314083099,0.3989256024360657,0.4399157762527466,0.4350377023220062,545.5991798400879,217.02604348486943,750.98396649277,413.1897028872841,793.8951501679002,208.1474899158143,561.7795897366708,-13.138028018307269,4.034738564062,-12.87796760441964,-11.252970289765743,-18.597815789674456,-6.872455880307315,-16.088930527369182,0.4124942541122436,0.0746380843272148,0.3741312026977539,0.5340862274169922,0.3794532418251037,0.3194048404693603,0.455395758152008,23.0,20.02997753368685,5,48,8,47,7
150,35.4628940447639,16.19089127676275,61.17445229923024,17.82179682114545,31.96088279275333,45.74315905851476,20.614179252175724,0.5977002837377435,0.1985078280011637,0.2633146047592163,0.8013252878890318,0.6587852190522586,0.4954412158797769,0.7696350911084343,0.7846228122711182,0.1207553405600378,0.5774493217468262,0.903944969177246,0.8278664946556091,0.7266592979431152,0.8871939778327942,573.4987089458266,277.8333791115279,919.7079532020972,273.5847730134663,477.68727620442706,886.1299802545916,310.38356205455045,-17.560319160996823,7.681096401869754,-27.30168458035118,-7.607242720168934,-13.860476845189146,-25.828754575628984,-13.203437083645872,0.3722188889980316,0.0721706557338986,0.3905791342258453,0.4170730412006378,0.3633385598659515,0.4502637088298797,0.2398400008678436,564.2253182394463,240.85581264096837,867.7780879505893,268.49149469743696,488.7958127741228,824.3927301774945,371.6684655975877,-15.196889366392506,9.02771487982046,-15.089386463165283,-6.815728665443888,-11.222479176103024,-32.468868456388776,-10.387984070861547,0.4018851846456527,0.0898987698722739,0.4592260718345642,0.4921645224094391,0.379967987537384,0.4404970109462738,0.2375703305006027,22.8,12.812493902437572,6,40,22,12,34
175,36.468336464377,14.215282562297002,45.30976437961354,23.051221606310676,42.80809013142305,16.739114576227525,54.43349162831026,0.5882179646632251,0.1620607551773197,0.4487144852385801,0.7446446019060472,0.5393544214613297,0.8097242712974548,0.3986520434127134,0.7825061440467834,0.0948293317579459,0.7037152051925659,0.8737553358078003,0.7614136338233948,0.9091883301734924,0.6644582152366638,623.364632482696,297.97494102331734,1073.1944344503838,411.3661110861259,446.5728026272958,306.89312342593547,878.796690823739,-19.761205621351273,10.815376677752589,-31.72302803240324,-11.874820594202008,-12.919939614178842,-8.319265652121159,-33.968974213851126,0.379671049118042,0.0443483753375674,0.4020118117332458,0.3879372775554657,0.3616937696933746,0.4399276375770569,0.3067847490310669,631.9199651617753,317.5485288193418,1059.8745224266722,414.88770548502606,462.0508604886239,261.9373336256596,960.8494037828948,-15.391460450699457,7.223484065311755,-18.637222227297332,-11.301479753695036,-10.52530398703458,-8.406754181050418,-28.08654210441991,0.3754395008087158,0.0535518402478106,0.3897941708564758,0.4730299413204193,0.3423803746700287,0.3502204716205597,0.3217725455760956,22.0,13.490737563232042,12,31,15,44,8
200,47.99472387201646,17.25121823643408,18.196846984414492,39.48532588061165,61.52483658510096,56.042711706722486,64.72389820323271,0.4681577432155609,0.1808974814754335,0.7794357482124777,0.5560034429325776,0.3454503557261298,0.3835617917425492,0.27633737746407,0.7081838846206665,0.1097974291754227,0.8926172256469727,0.7698881030082703,0.6334970593452454,0.655462384223938,0.5894546508789062,749.9770812988281,198.56306608097205,462.4569359494928,833.1983910276178,571.4264467473615,906.93699244449,975.8666403251782,-23.32365513600801,7.782286651563395,-13.46201627714592,-24.33171936503628,-16.719888561650325,-26.498350461324055,-35.60630101488348,0.3627538859844207,0.0295511798500358,0.3961123824119568,0.3840556442737579,0.3475548923015594,0.3729414939880371,0.3131050169467926,749.970463106925,204.0468405648441,462.4505023621677,820.5803758052357,586.4319602564761,836.7377758360745,1043.651701274671,-21.419073908370837,9.498822314263643,-7.612399509078578,-23.431824201031738,-13.534678252119766,-31.841704385322437,-30.674763194301672,0.3936104536056518,0.0520307129113316,0.486865758895874,0.4123069941997528,0.342143177986145,0.3657962083816528,0.3609401285648346,15.0,13.827508813954884,42,14,6,7,6
225,40.48375314151539,20.13351922324383,59.773502821080825,54.39659289191751,56.417964105045094,15.815920913920683,16.014784975612866,0.5460210673949298,0.2264807253014403,0.284090393781662,0.4029808994601754,0.4068787588792689,0.8202323103652281,0.8159229744883144,0.7503417611122132,0.1371724223395522,0.5843650102615356,0.6686301827430725,0.6708226203918457,0.9145135879516602,0.9133774042129515,653.8863456859924,263.324152551679,893.155622515762,760.2895138389185,937.0868551689282,349.0285050241571,329.87123188219573,-19.219205403118803,7.741267333629361,-26.550024802224677,-22.060878260093823,-27.462328609667328,-9.62181113895617,-10.400984204652016,0.3806019365787506,0.0505422314101495,0.3428851366043091,0.3691376745700836,0.4355368316173553,0.4416945576667785,0.3137554824352264,645.2632008067349,264.59821562937003,855.6634607147752,758.8749196905839,949.9578396981224,296.19420382851047,365.6255801016824,-15.741200579467574,5.542732119754472,-15.063400946165386,-21.82913246907686,-22.344306644640472,-9.330160518487297,-10.139002318967853,0.4112493515014648,0.0330886797974457,0.3960750102996826,0.3761835694313049,0.4502328038215637,0.3820110261440277,0.4517443478107452,22.6,19.158288023724875,6,7,8,44,48
250,41.94720752267276,21.204849263729837,64.34725809658275,17.052785419015322,15.440123092426973,55.11266492955825,57.783206075780534,0.5256682876979604,0.2458418507193456,0.2328573700259713,0.8050003805581261,0.8336173674639533,0.3893286859287935,0.3675376345129574,0.7358399987220764,0.1506086919785599,0.549288272857666,0.9078880548477172,0.9208581447601318,0.661616861820221,0.639548659324646,611.0378621419271,327.5102042240361,1201.5708382589776,289.10430506656047,338.29026151958266,544.0308377449973,682.1930681195175,-18.41690218866917,10.292229082337023,-35.6352138770254,-7.790986579761171,-9.40199507537641,-15.38158689047161,-23.874728520711265,0.4028290092945099,0.0560754325512776,0.4065377712249756,0.4717813730239868,0.4019824564456939,0.431631475687027,0.3022119700908661,606.912254199647,317.85903714946073,1161.3274643212037,289.54991069592927,347.92197779605266,495.8970114724678,739.8649067125822,-14.901194314161936,6.145089441480489,-20.70155170925877,-7.797227410893691,-7.41708439065699,-17.050480374118738,-21.5396276858815,0.4508575439453125,0.080559923273788,0.4757027924060821,0.5325056314468384,0.5222038626670837,0.4081006944179535,0.3157747387886047,21.8,17.92651667223725,5,40,47,10,7
275,49.61005916595459,7.069130223476258,43.45737944210277,48.960428978415095,55.242544106876146,59.6600757598877,40.72986754249124,0.4493057114236495,0.0696546095369601,0.4786984180702883,0.459031584332971,0.4227313560598036,0.3369312331956975,0.5491359654594871,0.6987444639205933,0.0441882078007981,0.718218982219696,0.7059845328330994,0.6809685826301575,0.6272848844528198,0.7612653374671936,662.2981154057018,96.82699844363934,844.1137106376782,666.3453529759457,617.4958490739789,561.3724167137815,622.1632476271244,-19.70644310106311,2.879705242177363,-24.516917504762347,-19.23990992495888,-17.879072787468893,-16.039906476673327,-20.856408811452095,0.3847825050354004,0.0383354803884769,0.328837126493454,0.4153066575527191,0.348008930683136,0.4160276353359222,0.4157321751117706,668.2235484340735,96.35210011273472,817.520856890762,664.4293625145627,638.0755775853207,519.5727672911527,701.5191778885691,-17.164563042657417,2.3432924611904564,-14.292300157379684,-19.55337657426533,-14.757094056982742,-17.28258816819442,-19.93745625646491,0.4074686706066132,0.0154897861769821,0.4058293402194977,0.4250472784042358,0.3809488117694855,0.404737263917923,0.4207806587219238,11.4,3.2619012860600183,14,11,9,7,16
300,54.72295930301442,4.900825661140017,49.48353370217716,60.025217011395625,61.249499107809626,51.09713104472441,51.75941564896527,0.3975758168276618,0.0420380163989839,0.4146965787691228,0.3388888650080737,0.3566520711954902,0.4421107407878427,0.4355308283777798,0.6607882142066955,0.0242281439511807,0.6695130467414856,0.6257099509239197,0.6392011642456055,0.6873335242271423,0.6821833848953247,724.4433248954907,159.97582146453473,610.0957058019806,628.2495920281661,562.5331013997396,981.583485385828,839.7547398617393,-21.98343924137584,5.603041653294791,-17.6884312797011,-18.252431501422013,-16.377875625041494,-28.43143419633832,-29.167023604376276,0.3796401560306549,0.030443495274307,0.4189731776714325,0.3382103443145752,0.3624902367591858,0.3681545257568359,0.4103724956512451,722.675896360163,144.055317866109,610.8126429507607,632.0151335063733,575.1779731616639,895.0796412417764,900.2940909402412,-19.830445519664828,7.624836595993157,-10.430932938006888,-18.94375461653659,-13.083306488237882,-30.68830710544921,-26.005926450093583,0.3983492970466614,0.0527315831509819,0.4861710667610168,0.3390157520771026,0.3686293065547943,0.3690826594829559,0.4288477003574371,8.4,1.624807680927192,10,6,7,9,10
325,39.225323194615974,20.27249356272001,54.34788359473733,41.05952633128447,17.054076127444997,67.5001926870907,16.164937232522405,0.5506280892035541,0.2363671440716895,0.3454200555296505,0.5452124676283668,0.8164933674475726,0.2357814925558427,0.8102330628563376,0.7566893577575684,0.1413909725159929,0.6340591907501221,0.7593156695365906,0.9119780659675598,0.5655896067619324,0.912504255771637,480.17355532729835,206.86956474499328,601.5863636753015,656.0844030547561,273.1660573858964,681.3473451848615,188.6836073356762,-13.578813303144354,6.273388107158932,-17.552959007129335,-18.687676772736665,-7.477121840443528,-19.611714287808063,-4.564594607604177,0.3943926930427551,0.0321079219436982,0.3955938518047333,0.4290826320648193,0.4291039705276489,0.3703284561634063,0.3478545546531677,468.475301361084,194.61873525811168,575.763492517304,656.6343062551398,275.3650140595018,640.8462047911527,193.76748918232164,-12.285745509883814,6.9885221937879285,-10.017251964201009,-19.252088617860224,-5.566035706745951,-21.76197992918784,-4.831371331424044,0.4478956818580627,0.0671799220992428,0.4526677429676056,0.4575427174568176,0.5364010334014893,0.32816943526268,0.4646974802017212,25.4,18.55370582929459,9,18,49,5,46
350,53.875845888923195,11.373943231867347,43.75517231436337,54.79467658996582,57.46091764113482,72.73000723894904,40.63845566020292,0.3997075871860279,0.1155329177703251,0.4721548178616692,0.4005838927100686,0.3910795341519748,0.1951351228882284,0.5395845683181987,0.6661105036735535,0.0790788060987857,0.7141079902648926,0.6644132733345032,0.6640968322753906,0.5256964564323425,0.7622379660606384,494.5608573512027,129.02992399852826,643.8567708333334,366.4122060139974,315.5498103091591,569.830949749863,577.1545498496607,-14.72170163539418,4.355747703898099,-18.84864358316388,-10.28986830878676,-8.83248780275646,-16.348450773640682,-19.289057708623115,0.3860400378704071,0.0621445941391832,0.4867101013660431,0.329737514257431,0.3801895976066589,0.3156478106975555,0.4179151654243469,501.3424252694113,128.85737934985278,624.1953703227796,372.83987105520146,332.835085417095,525.7498399165638,651.0919596354166,-12.935146542181048,4.4341486464825275,-10.8760707252904,-10.683766356685704,-6.957160008581061,-17.668565405042546,-18.49017021530553,0.4022557973861694,0.0889876748048862,0.5477011203765869,0.3400181829929352,0.3969945609569549,0.2874516248703003,0.4391134977340698,10.6,4.882622246293481,14,8,9,4,18
375,44.656998767852784,14.05833085243221,51.633680220211254,58.743750123416675,18.961579193788417,41.05309155408074,52.89289274776683,0.4997257315411287,0.1625856570697364,0.3814568828133975,0.3516567279310787,0.7960635539363412,0.5479413495344274,0.4215101434903986,0.7248045206069946,0.098432454217452,0.6520732045173645,0.6352953314781189,0.901810586452484,0.7604498863220215,0.6743935942649841,521.7708660192657,197.9657114940845,702.5401006330524,589.4198581628632,137.68427115992495,558.1984670538651,621.0116330866229,-15.536793679312655,6.389750631094137,-20.381160422375327,-17.041779484665184,-3.399588301516416,-15.752071213303951,-21.1093689747024,0.3706847190856933,0.0476757494205067,0.3067746758460998,0.3344686627388,0.4389645755290985,0.4066023230552673,0.366613358259201,514.3896310906662,197.49878074528297,664.3684590657552,587.2512581808526,139.28812930458471,504.1097192596971,676.9305896424411,-13.546382004754586,6.280779932416648,-11.646987670346313,-17.64485920312112,-2.094938223822075,-16.969002602393168,-19.376122324090257,0.4021199941635132,0.0474067677944882,0.3716009855270386,0.361001580953598,0.4874755144119262,0.420112669467926,0.370409220457077,17.2,13.876599006961325,10,6,44,17,9
400,29.809316734987146,10.065837785144874,46.27897197498995,18.197332657084747,21.165451588350184,28.650062460057875,34.754764994452984,0.662729811037288,0.1220090705809426,0.4558310596381916,0.7912079274654389,0.7756131038946263,0.6753386529052958,0.6156583112828872,0.8251379132270813,0.0743535708550987,0.6954989433288574,0.9016053080558776,0.8896775841712952,0.8389315009117126,0.7999762296676636,385.6205926995528,162.29538097947906,611.3705712033991,213.1468634354441,186.7098837066115,438.2073348195929,478.66831033271654,-11.07936457332812,5.16050563828899,-17.76054164401272,-5.441703890499316,-4.905455524461312,-11.99302679614017,-15.29609501152708,0.4282895684242248,0.0296518509817253,0.3971428275108337,0.472523421049118,0.4274158179759979,0.4485842287540436,0.395781546831131,394.0536625376919,165.10788279284137,602.062041700932,227.82505155864516,193.4970495659008,394.14634209348446,552.737827769497,-9.575068658067469,4.449218484960688,-10.41459540107794,-5.6347035336912725,-3.512647180180801,-12.740572998398228,-15.572824176989103,0.4452082991600036,0.041534397189616,0.4470187425613403,0.4634628295898437,0.5074610114097595,0.3814052045345306,0.426693707704544,29.8,11.805083650698965,13,46,40,26,24
425,37.23102583155913,16.5810315075149,64.1364757089054,20.41015116186703,48.33494990853702,23.471765080620266,29.801787297865925,0.5764566125589259,0.2026925149919394,0.2183956875520594,0.7648209508727578,0.4929458348190083,0.7398128015153548,0.6663077880354489,0.7723940372467041,0.1264295665083669,0.5464377403259277,0.8886514902114868,0.7249063849449158,0.8702390193939209,0.8317355513572693,374.2993487441749,115.873073339385,547.9933278937089,298.9464914422286,476.2610848410088,253.79624845270524,294.49959109122295,-10.421441969536897,3.64757881180539,-16.000042844236944,-7.991804984577915,-13.46251274410047,-6.5868787242655165,-8.065970550503646,0.3816173434257507,0.0272367409356783,0.3405925929546356,0.4018639624118805,0.3620759546756744,0.4162951409816742,0.3872590661048889,372.44727741709926,114.71042056875405,526.2334096808182,291.0449224103961,485.07142023454634,226.47499840719655,333.41163635253906,-8.631641909741518,1.3778804659777224,-9.17860570288541,-7.969603315780037,-10.6748704052808,-6.50102372545945,-8.834106399301897,0.4016719579696655,0.0416891566809334,0.4046450555324554,0.4488221108913421,0.3958593606948852,0.3273512721061706,0.4316819906234741,25.8,14.005713120009275,5,43,15,37,29
450,52.2248014124702,13.19259754441776,57.97797053841983,27.808173061819637,66.804116675433,57.43356767542222,51.10017911125632,0.41725570657674,0.1438859048485801,0.3082287623601801,0.6862216675982756,0.2908870847786174,0.3633646400535807,0.4375763780930463,0.6744544267654419,0.0913981050017353,0.5997982621192932,0.8443576097488403,0.5951597094535828,0.6451177597045898,0.6878387928009033,528.3955601742392,150.2161881014726,745.6464169150904,289.7294962029708,599.4939398514597,469.0873046339604,538.0206432677152,-15.319767785908883,4.74646287750072,-21.939272905650892,-7.668489964384782,-17.43414278197707,-13.161671441898012,-16.39526183563366,0.3530037760734558,0.0413845101677413,0.3519262969493866,0.3979362249374389,0.2991447150707245,0.3156238496303558,0.4003877937793731,527.7886023270456,151.79926496112978,718.3980755722314,283.8833752013089,609.474285460355,435.1149519535533,592.0723234477796,-13.01663802443889,3.0993118168141653,-12.882477864884494,-7.374094342976286,-13.861754442516126,-14.198322798076427,-16.766540673741122,0.35819833278656,0.0524669070278805,0.4136067926883697,0.3803330361843109,0.3017928302288055,0.2893248796463012,0.4059341251850128,11.6,8.93532316147547,6,29,5,7,11
475,51.51437156452852,12.815790845645704,60.01406373416676,59.84923737469841,64.60270826676313,42.05353097354664,31.05231747346766,0.4289482571096981,0.1438407509411136,0.277289708922891,0.3478115695364335,0.3278377476860495,0.5330621593138751,0.6587401000892414,0.6813836932182312,0.0915112291462602,0.5900526642799377,0.6274251937866211,0.6116809844970703,0.7524837255477905,0.8252758979797363,450.48833960817575,69.61202902213833,376.95818636710186,468.89743978935377,570.824533027515,448.50990429259184,387.2516345643161,-12.96569351982652,1.9286173688655917,-10.695061144075895,-13.396891999662968,-16.422326364015277,-12.165591808787564,-12.1485962825909,0.3288531363010406,0.0406081537140803,0.3121775388717651,0.2862026989459991,0.3219970166683197,0.4061648547649383,0.3177235722541809,450.1308212547971,75.46133756474526,364.25723935846696,464.4037352444833,584.7573333204838,398.823292247036,438.4125061035156,-11.228117216679088,2.7103070498316524,-5.9271084634881275,-13.065682183232225,-13.280129583258375,-12.08326290155712,-11.784402951859592,0.3590756177902222,0.0415092136531818,0.3659875690937042,0.2957587242126465,0.3350528180599212,0.3799650967121124,0.4186138808727264,14.4,9.810198774744578,7,6,7,22,30
500,48.11544549605426,15.723819033156348,42.558477592468265,60.27566716811236,60.48288378996008,57.66354940077838,19.59664952895221,0.4695158436017878,0.1645716102984512,0.4887544358477872,0.3442391030928667,0.3682773292064666,0.3638414361897636,0.7824669136720546,0.7031698226928711,0.1013484369822193,0.7237783074378967,0.620350182056427,0.6399640440940857,0.638964831829071,0.892791748046875,599.1349383437843,247.15144203011585,575.7011290433114,896.2112897906387,671.3381958007812,701.5279530307703,150.89612405341967,-16.828474812549455,7.655336677733909,-16.40924234139292,-25.80510945905719,-19.34274811075445,-19.797124235253584,-2.7881499162891457,0.3332717895507812,0.0427460250063324,0.4110478460788727,0.2907308638095855,0.3171307146549225,0.3032987713813782,0.3441507518291473,580.8552240338242,240.85442905688683,533.7445946408991,887.8646540056195,688.0727656849643,636.7728062679893,157.8212995696486,-15.089236278492107,7.84540541805005,-9.346759103892142,-25.93320454212657,-15.824798537973772,-20.52557618994462,-3.8158430185234335,0.352448558807373,0.075318075727769,0.4648112654685974,0.279157429933548,0.3275713622570038,0.2758982181549072,0.4148045182228088,18.6,16.414627622946554,20,7,8,8,50
525,48.723100380617026,13.006972989539586,24.956775323082415,55.54399894265568,63.637018517886894,51.98110794740565,47.49660117205452,0.4642474229195539,0.1202346930211747,0.6887557755498325,0.3902238670517416,0.3414111831608941,0.4288887921501608,0.4719574966851402,0.7032805323600769,0.0793566415554102,0.848614513874054,0.6590844988822937,0.6153510808944702,0.679452657699585,0.7138999104499817,489.3434530157791,153.9472585571116,196.66053022418103,505.71695106907896,646.9896481162623,567.0408442982456,530.309291371128,-14.265907308929844,4.789512995050745,-5.182443911569161,-14.184802113917836,-18.745968902320193,-15.853828814991733,-17.3624928018503,0.3463506937026978,0.0416831222960785,0.4178490340709686,0.301402747631073,0.3116269707679748,0.363006055355072,0.3378686606884002,490.9274245145028,159.79780566415278,190.9564199614943,509.4696826600192,663.9857755962171,517.4629350628769,572.7623092919065,-13.028617126690714,5.297451044310411,-2.5484367159374974,-14.451918166980407,-15.332457805934704,-16.8207822849876,-15.989490659613358,0.3551805555820465,0.0559624772822132,0.4538741707801819,0.3014738857746124,0.3258004188537597,0.3153679370880127,0.3793863654136657,16.6,12.15894732285653,40,9,6,12,16
550,40.867163952098174,17.20368648155844,44.922395100313075,20.264477454914765,21.706614432615392,54.58226022159352,62.86007255105411,0.5428548150904038,0.1925752905959861,0.4569502911146949,0.774865622029585,0.7688597083091736,0.4009921873317045,0.3126062666668611,0.7478571653366088,0.1194735706431141,0.7049899697303772,0.8893478512763977,0.8865761756896973,0.6616186499595642,0.5967531800270081,412.4469570226837,164.59374844936116,545.0703729997601,199.5207827384012,223.5151420727111,529.8868520636307,564.2416352389151,-12.017760946876129,5.520734032088291,-15.715918294170448,-4.904578564459817,-6.023969936789128,-14.730894310432568,-18.713443628528665,0.3442282617092133,0.0631728871811385,0.4139706194400787,0.3657989203929901,0.3997700810432434,0.2902522385120392,0.2513494491577148,407.1716572008635,155.1973412317292,492.97641365988216,206.01211065995065,241.1417889511376,495.6678461442914,600.0601265890557,-10.344561468927484,5.395165477377371,-8.600262441133198,-4.983913406991122,-4.683246104340804,-16.395498689852264,-17.059886702320032,0.3507382720708847,0.0788139613271707,0.4600858390331268,0.3389252424240112,0.4165197908878326,0.2435999661684036,0.2945605218410492,27.2,17.88183435780569,20,49,48,12,7
575,39.9122170605379,15.041665995936008,61.81511463838465,28.38785913130816,54.00209813959458,30.905565867704503,24.45044752569759,0.553853513282888,0.1760293406724374,0.2644577871350681,0.6856192339869106,0.4369523676002727,0.6559765356428483,0.7262616420493406,0.7573061347007751,0.1119968851585554,0.5720828771591187,0.841952383518219,0.6841009855270386,0.8243886828422546,0.8640057444572449,418.4890364797492,233.06594997984803,443.37848703484786,223.97027507581208,860.2548908434416,304.27748763770387,260.56404180694045,-11.505089419557336,7.093398375600428,-12.539513558672184,-5.472074229466288,-24.86735196699176,-7.8657645719093185,-6.780742770747135,0.327370673418045,0.0580932277476336,0.2558106780052185,0.3887243270874023,0.3680838942527771,0.3662749230861664,0.2579595446586609,418.3505243134081,239.433483947005,428.05629850688734,229.85005027369448,877.7360272323876,260.5237832320364,295.5864623220343,-9.680024768595109,5.451549477461608,-7.214276495732759,-5.68166709887354,-20.496469911776092,-7.325998298954546,-7.681712037638614,0.3243098974227905,0.0395710839055089,0.3190346360206604,0.3484119474887848,0.3791480362415313,0.2600900828838348,0.3148647844791412,28.8,15.091719583930786,7,39,16,34,48
600,46.99327164818259,17.033569108033014,61.74747557920568,70.92227426416734,44.10973830503576,26.71587141261381,31.470998679890354,0.4775105519154493,0.1933478269311431,0.2675365998464472,0.2317405290463391,0.5397233289830825,0.6979522435104146,0.6506000581909629,0.7063259243965149,0.1289177671958037,0.5689423680305481,0.538713812828064,0.751981258392334,0.8504490852355957,0.8215430974960327,429.9108093261719,114.25864410800664,542.411755478173,542.0515345523232,449.4252241703502,237.63207525956005,378.033457170453,-12.247298927892718,3.5008910835988827,-15.547872547517745,-15.477635383605955,-12.803334508025856,-6.00838948132699,-11.399262718987046,0.2977860391139984,0.0539364103579175,0.2905219197273254,0.2452609539031982,0.3840340673923492,0.3289709985256195,0.2401422560214996,433.24127942804705,121.72015844249476,521.1387232730264,543.8890873423794,486.0083195201138,208.22016913430733,406.95009787040846,-10.325689293418014,3.2417182978921977,-9.075859636591192,-15.524467043709336,-10.832716214029412,-5.473831516608858,-10.721572056151272,0.3175003737211227,0.0504954558949875,0.3208800852298736,0.2414804548025131,0.3919486701488495,0.2900038361549377,0.3431888222694397,24.0,15.0996688705415,8,5,27,41,39
625,58.12966184279499,18.32146548507704,65.87478289884679,58.66957047406365,72.44164276123047,70.89312699261833,22.769186087215648,0.3587558296848746,0.1999025328343047,0.2126984915312599,0.3583682800040526,0.2518433055456947,0.2256779765381532,0.7451910948052126,0.6208035588264466,0.1318976342352344,0.5310634970664978,0.6293294429779053,0.5377397537231445,0.5319663286209106,0.8739187717437744,638.3598101030317,324.53769747440134,417.6351926033957,626.4879878529331,1128.231603789748,829.6390054267749,189.80526084230655,-18.17593229444403,9.847670545147134,-11.930480689333196,-17.686182758264373,-33.130048408842924,-23.76793565248188,-4.365013963297794,0.2683602333068847,0.0421421558310258,0.2319865077733993,0.3297885358333587,0.278866171836853,0.289571464061737,0.2115884870290756,636.2036127726237,326.62266920171834,413.6687225877193,627.2995798211349,1164.0103449235885,772.0213767603824,204.01803977029363,-16.794949478433843,9.516427266477232,-6.9256272713343305,-17.89688653904095,-27.99677548492164,-26.201993645283213,-4.953464451589082,0.292538970708847,0.0212629753238712,0.2879864275455475,0.2917172312736511,0.3065921664237976,0.2565450072288513,0.3198540210723877,17.0,16.73320053068151,8,14,7,6,50
650,52.490202679353594,19.84177860150929,72.94374728483312,54.85704375996309,74.64943867851706,34.578412325241985,25.422371348212742,0.4200244304713081,0.2194969041902289,0.1477413454476524,0.4072301882154801,0.215120764690287,0.6172316417974584,0.7127982122056624,0.6603715598583222,0.1542504551031978,0.4555920660495758,0.6609038710594177,0.5260283946990967,0.8008458018302917,0.8584876656532288,521.4087974146793,262.88330049972456,795.6469223290159,577.2503838790091,801.6294775176467,181.2128958451121,251.30430750261272,-14.956946280337217,7.822086313795138,-23.222517381634628,-16.132763841695954,-23.37577949490463,-4.316215061304862,-7.737455622146004,0.2700554728507995,0.0421616452544331,0.2430276423692703,0.2994382381439209,0.2500088512897491,0.3369349539279938,0.2208676785230636,516.1112736149838,256.2408301250248,739.1249014871162,570.9042797423245,826.7931497138843,167.65967596622934,276.07436116536456,-12.064442696905973,5.649193990829874,-13.329495528288057,-16.156585193516914,-19.47639234860738,-4.137397280910559,-7.222343133206953,0.3001747012138366,0.0367420380276496,0.3225916624069214,0.2791424989700317,0.2797413170337677,0.2586790919303894,0.3607189357280731,22.2,15.954936540143306,6,18,7,32,48
675,64.89856897466322,16.825893315477852,68.22542506947237,71.94763345157399,72.77267382004682,32.04316534154555,79.50394719067742,0.287279374108595,0.1798767907304435,0.2016753035433152,0.2172768908388474,0.2457624523078694,0.639215743191102,0.132466480661841,0.5657345235347748,0.1294688770514153,0.4981151819229126,0.5199856758117676,0.5414149165153503,0.8177111744880676,0.4514456689357757,604.9626711661356,134.9573662179277,722.8014644154331,635.9539404082717,679.9969096936678,342.14436500950865,643.9166763037966,-17.581183935884845,4.2739147798676855,-21.102157944127132,-18.28371763647648,-20.110328837444907,-9.242741469751325,-19.166973791624372,0.2590868800878524,0.0104424927117114,0.2616774141788482,0.270938903093338,0.2459374070167541,0.2690304815769195,0.2478501945734024,601.8540710984614,156.71752399573532,681.5472690515351,632.4238741690652,715.5472369277686,293.01045655367665,686.7415187902618,-14.995621609269527,4.163493168210895,-12.236383948409769,-17.997098788880464,-16.59245569245857,-8.339790528280693,-19.81237908831814,0.246787479519844,0.0617124347646431,0.3204768300056457,0.242005705833435,0.2716769874095917,0.1344263404607772,0.2653515338897705,13.8,12.687001221722966,9,7,9,39,5
700,66.27184775857364,17.061119658437757,79.20663463368135,68.88091087341309,82.84777250850902,65.87548253676471,34.548438240500055,0.2721526159959681,0.1864076790357631,0.0688468109158908,0.2518760470783009,0.1446163258131812,0.2832627752247978,0.6121611209476695,0.5490882098674774,0.1424920376866166,0.3823243677616119,0.5456900000572205,0.4502666592597961,0.5657742619514465,0.801385760307312,689.5898664374101,198.7795917496639,813.8071631716009,636.9640122798451,866.9386816192092,806.9140560752467,323.3254190411484,-20.106384346359658,5.979772464398392,-24.044856866200764,-18.310828292578982,-25.820138546458463,-23.12578901491667,-9.230309011643392,0.2422038823366165,0.0532224481434474,0.2810162901878357,0.2610420882701874,0.2171446233987808,0.3005500137805938,0.1512663960456848,684.1575600071958,181.1801251493935,774.0829521313049,638.7547805518435,887.9483214261239,762.0191393400494,357.9826065866571,-17.93001361520667,5.974083355133328,-13.980368890260396,-18.218424652752123,-21.102023287823325,-26.909159664522136,-9.44009158067536,0.2569720804691314,0.0506360460926466,0.3462048470973968,0.2178355455398559,0.2424026578664779,0.2039769738912582,0.2744403779506683,14.2,11.889491158161478,5,10,5,14,37
725,63.56855435764088,16.694741480321404,76.12267763474408,33.74997547374052,56.56057697744931,74.45355962865493,76.95598207361557,0.3010608034274157,0.1941114375515181,0.1013050742009106,0.6247390764601091,0.4195360043469597,0.192343289010665,0.1673805731184342,0.5682937860488891,0.1462811295955342,0.4121744930744171,0.8073108196258545,0.664617121219635,0.4873488843441009,0.4700176119804382,727.2363887318394,286.9766382172104,1114.3570653011925,435.7793397066886,357.9607367264597,824.2174864651864,903.8673154596696,-21.27698098023733,8.972797363424558,-32.953959799649425,-11.675571956132588,-10.14039455171217,-23.693014830873725,-27.92196376281872,0.2669899046421051,0.0346842698855129,0.2687555849552154,0.2709909975528717,0.2986126244068146,0.2946464419364929,0.2019438743591308,723.6615661621094,272.44737210909153,1054.648745888158,419.86109576308934,394.2893398351837,787.7298824912623,961.7787668328536,-18.895210330109848,7.897728461933433,-19.400146484375,-11.220941254967135,-8.75921570836452,-27.197417054259983,-27.898331148582592,0.2633338868618011,0.0514632867573778,0.3353554308414459,0.1903388947248459,0.3062554001808166,0.2407943904399871,0.2439253181219101,17.4,12.753038853543888,7,40,23,10,7
750,71.31643185110653,21.353918085645635,83.44065486683564,77.55379079930923,30.11795011408189,74.48955686232622,90.98020661297969,0.200178967924679,0.2524439087916312,-0.0076506316661834,0.1421258148025063,0.6822436613195083,0.1824280219919541,0.0017479731756098,0.4959664940834045,0.181794355277797,0.3382652997970581,0.4682823419570923,0.8383170962333679,0.4885010421276092,0.3464666903018951,524.4520430180065,249.6509653902845,803.5641854269463,500.2260956345943,202.4319336205198,810.1966220788788,305.841378329093,-15.15584710480874,7.42365752464062,-23.7739574951038,-14.507446071557832,-5.195027727829783,-23.21047508507444,-9.092329144477844,0.2520462214946747,0.0104456344041363,0.2530586719512939,0.2462316155433654,0.2606222927570343,0.2648230195045471,0.2354955077171325,519.6963438335217,224.17086784250668,782.744504694353,501.9893070689419,230.38165898908647,762.0069676449424,321.35928077028507,-13.50737645165962,7.167021458138844,-14.115554999886898,-13.84067069438466,-4.594803550787139,-26.01193004323725,-8.973922970002157,0.2533438503742218,0.042349016420989,0.3309646546840668,0.2135509997606277,0.2538198232650757,0.2165154367685318,0.251868337392807,13.8,15.26302722267113,4,7,44,10,4
775,48.0237476348877,19.606720132813248,43.93270120059743,36.76628437042236,84.76277721629424,27.32556895087747,47.331406436246986,0.4708981880720924,0.1877580358451842,0.4670468488160301,0.5945885865127339,0.1329971278415006,0.6871639963458566,0.4726943808443406,0.6984754085540772,0.1426995597265598,0.7135146856307983,0.7873120903968811,0.431129515171051,0.8467785716056824,0.7136421799659729,385.68472268623225,158.68934395039048,178.2235037820381,365.05513348495754,667.2178623132538,329.32530453330594,388.6018093176056,-11.026779459652149,5.131183349147644,-4.516981267092521,-10.077995534528766,-20.14017032740409,-8.795013973587437,-11.603736195647926,0.2270949929952621,0.044892895819474,0.3073416948318481,0.2388273775577545,0.2069606184959411,0.2071953415870666,0.1751499325037002,400.76558364065073,174.0291421523994,194.2317736441629,370.43290175053113,712.6743174770422,300.9881455270868,425.5007798044305,-9.604251381598022,4.745815789514686,-2.3847492169915583,-9.385807480728417,-16.787969501394976,-7.632938997787342,-11.829791711087813,0.2122256599366664,0.1019693703123124,0.322696328163147,0.171091079711914,0.2483192980289459,0.0345458500087261,0.2844757437705993,30.2,13.7171425595858,32,36,6,48,29
800,76.04409557566922,21.160795190578806,35.12233177633846,80.37712896010456,81.32553650351132,87.98536042606129,95.41012021233054,0.1758115667455337,0.2097023051412665,0.5737614196889541,0.1238693090046153,0.1592850439688738,0.0572293765404645,-0.0350873154752394,0.4613734483718872,0.1705638825158306,0.7789105176925659,0.4383573234081268,0.4554641842842102,0.3518338799476623,0.2823013365268707,799.8787607828775,287.47255484876723,397.2380802087616,950.1191759611432,1048.1500190601014,1090.7888172885828,513.097711395799,-23.66518264402423,8.675485731307989,-10.875667316871777,-28.188797674681012,-31.426658136802807,-32.038901805877686,-15.79588828588787,0.2398438841104507,0.0157661657042713,0.2591663897037506,0.2446200847625732,0.2137051373720169,0.2498464882373809,0.2318813204765319,798.0702899062843,284.8547082131195,387.3124978584155,946.2404078433387,1091.9571083470394,1035.5761997155976,529.2652357670299,-21.52846522707688,9.397569876666523,-6.375543408226549,-27.00497144983526,-26.43190816410801,-32.47456753044798,-15.355335582766616,0.2350986063480377,0.0276092021922969,0.2633702754974365,0.1837846785783767,0.2467619180679321,0.231349840760231,0.2502263188362121,12.4,12.41933975700802,37,7,9,5,4
825,65.84444190530216,21.768986243402445,85.72715997134938,83.2327101314769,42.44146796955782,36.23986682891846,81.58100462520824,0.2700631355538087,0.2511745811762808,-0.0169213109156664,0.0999882684034459,0.5493149690768298,0.5938801379764781,0.1240536132279564,0.5328615248203278,0.2027396996949356,0.3005618751049042,0.401529312133789,0.7623366713523865,0.7905281782150269,0.4093515872955322,539.943207376045,316.7613229688884,414.995669983981,602.5553417540433,292.91596717165226,262.6051820453845,1126.6438759251644,-15.77218247171034,9.85439673400634,-12.349093460200123,-17.75874889106081,-8.020602625713014,-6.809241267672756,-33.92322611390499,0.2266458958387374,0.0299279268712404,0.203439250588417,0.2382563203573227,0.2697528004646301,0.1839611381292343,0.2378199696540832,554.4287236799273,340.16995658268183,417.4494072094298,598.7115301834909,319.11456432677153,244.7857481303968,1192.0823685495477,-14.126872927264165,10.956256168131471,-6.9488405679401595,-16.704770974945603,-6.759619475456706,-5.685892967801345,-34.535240650177,0.2106146119534969,0.0828467014828884,0.3012133538722992,0.1921029686927795,0.2408885508775711,0.0604096911847591,0.2584584951400757,17.8,14.551975810864995,5,6,33,38,7
850,53.94583812938017,22.624862115981685,75.07096099853516,35.65338030422435,87.21929577098173,32.76323463215547,39.02231894100414,0.4043793003699358,0.2431471314679266,0.1152152829310473,0.6064930687932407,0.0998367095694822,0.6294858518768759,0.5708655886790331,0.6393197178840637,0.1893356210831296,0.4111661612987518,0.7955294847488403,0.4048101007938385,0.8129516243934631,0.7721412181854248,425.5220634460449,296.29111413854224,793.7088928222656,233.19535506399055,780.0864611173931,160.41081719649466,160.2087910300807,-12.007986824136031,9.49751867729942,-23.60567101261072,-6.116985229023716,-23.539619437435217,-3.73941479440321,-3.0382436472072936,0.187155532836914,0.0427119019735527,0.2067887336015701,0.2395860403776168,0.1738471686840057,0.2029658257961273,0.1125898957252502,424.25072685375545,303.7579359455653,748.9572282757675,240.2872094940721,835.70002612733,160.78086143627502,135.52830893533272,-9.006388539807837,6.668013889900271,-13.472702346350015,-5.34060620006762,-19.95497000844855,-3.2619540116243195,-3.0017101325486837,0.2049004465341568,0.0687838265578087,0.2975316643714905,0.1599144488573074,0.2260465770959854,0.0989558100700378,0.2420537322759628,25.6,14.458215657542253,9,36,7,40,36
875,60.4612291728749,28.213186166622744,41.62648043352015,89.75356075062471,99.58962777081658,33.83594962849337,37.50052728091969,0.3405426483995774,0.2793449607597282,0.5030722639139961,0.038965438744601,-0.0340391492142396,0.6144489659982569,0.5802657225552728,0.5932518303394317,0.2219815755186475,0.7296156883239746,0.3564953804016113,0.2919605672359466,0.8059046864509583,0.782282829284668,227.75848940129865,83.55072797710383,306.8309607254831,308.5851919609204,90.58241807368763,255.40184114690413,177.392035099498,-5.844844265151442,2.88177372116635,-8.821540780234756,-8.789489562051338,-1.9111645002114144,-6.659632070022717,-3.0423944132369862,0.1936221987009048,0.0640179320061288,0.263598084449768,0.2358496338129043,0.194138616323471,0.1983301639556884,0.0761944949626922,232.38840323331064,81.1980610301765,307.3606264884012,319.3130364668997,111.11107665614078,258.2074601022821,165.94981645282945,-4.82491274800217,2.28297751269719,-4.691291057226951,-8.152114807513723,-1.3337238640115971,-6.143998612437332,-3.8034353988212457,0.1739256188273429,0.0703645215293693,0.2518810629844665,0.1536948978900909,0.2031686305999755,0.0478807166218757,0.2130027860403061,23.0,15.231546211727816,32,5,4,38,36
900,61.13624953887042,24.907186376545347,66.23746790044449,31.4891424964456,93.52920626472024,80.8429334303912,33.58249760235057,0.3281151319952572,0.2555613259967423,0.2192178975133334,0.6419295069049387,0.0323727428913116,0.1238963144667008,0.6231591982000014,0.5802575528621674,0.1989835649182245,0.5108057260513306,0.8213455080986023,0.3380951285362243,0.4233024418354034,0.8077389597892761,468.2828568575675,253.14316242889396,582.9233227110745,90.28282968621504,700.4164369817365,718.4244347287897,249.3672601800216,-13.542382338799928,8.345069384222104,-17.322413201917684,-1.102283232044755,-21.803537272570427,-21.185963162204676,-6.297714825262103,0.1852726593613624,0.0600673765885073,0.2172528505325317,0.231218472123146,0.1663579940795898,0.2357912510633468,0.0757427290081977,472.62370729948344,244.0375753383545,548.077656528406,120.30422578778185,744.3217034590872,692.1362915039062,258.27865921823604,-11.191141766623446,7.103721163756976,-9.51796943890421,-1.142095435083958,-17.766056481160614,-20.549134591169526,-6.9804528867989255,0.2140805900096893,0.0461955910040815,0.2902075946331024,0.146462857723236,0.1992963999509811,0.2115424424409866,0.2228936553001403,23.2,15.025311976794358,17,41,5,12,41
925,77.04189037547393,21.852489436171258,33.59654444526224,90.343177615895,90.2130314322079,83.83790186713723,87.21879651686724,0.1680104579645044,0.2123313278092668,0.5910128519815557,0.0337914768387289,0.072744751327178,0.0896512981723336,0.0528519115027259,0.4498455286026001,0.170507104429311,0.7893784642219543,0.3423693478107452,0.3750344216823578,0.3881019949913025,0.3543434143066406,608.8204163668448,198.8318415171372,238.76230393794543,670.7606806169476,588.5215909188254,737.320875736705,808.7366306238007,-18.093171440091048,6.12428865535165,-6.365968674944158,-20.13880490001879,-18.368732803746273,-21.92720189010888,-23.665148931637145,0.1925577670335769,0.0211107244879984,0.1970069855451584,0.2143023759126663,0.1566147953271865,0.2115083783864975,0.183356299996376,615.4604351646022,206.92219598579592,225.0672418694747,665.5017411081415,625.4963105854235,733.089788604201,828.1470936557703,-16.582919707214625,7.523944779393905,-3.025765630236843,-18.58737285304488,-14.756244810003984,-22.17856096384818,-24.36665427893923,0.1925254762172699,0.0307778764843696,0.2353772521018982,0.1415042132139206,0.1871366053819656,0.1899240911006927,0.2086852192878723,13.2,12.464349160706304,38,5,7,9,7
950,72.20889119540944,25.96232956295826,75.09956712161794,22.12380807539996,84.61375795252182,96.47040889964384,82.73691392786363,0.2088352446696337,0.2761674647042181,0.1033013841685126,0.7467431776663837,0.1348232118522419,-0.0450804591178894,0.1043889087789198,0.4735367715358734,0.2109739265189324,0.4173273146152496,0.8784013390541077,0.4209208488464355,0.2588571012020111,0.3921772539615631,639.8615220454701,398.0885252336605,716.2948752955386,133.431251927426,433.6883480674342,580.3256439744381,1335.5674909625136,-18.67600158097451,11.860876023742009,-21.10099262521978,-2.7579004325364767,-13.324042027456718,-17.19157582835147,-39.005496991308114,0.1845592051744461,0.0247068353401335,0.1703803986310959,0.1954850703477859,0.1437955945730209,0.2136852443218231,0.1994497179985046,651.0997174714742,408.1128671279087,666.4241027832031,157.9842987060547,471.6633959318462,566.6688350209018,1392.7579549153645,-16.698928557780754,12.965000533590848,-11.79182745908436,-2.5433304874520553,-10.77994806306404,-17.59409879383288,-40.78543798547042,0.1908624172210693,0.0679401858713809,0.2681744396686554,0.0663087368011474,0.2016988396644592,0.1889593452215194,0.2291707247495651,16.8,16.773789077009408,11,50,10,4,9
975,58.66044762330896,26.006068088626193,69.84579595677992,87.78542505152085,30.271567939309513,80.36931648254395,25.0301326863906,0.3529848154853372,0.2859729085105963,0.1876061702475828,0.0563317333950715,0.6799110973582548,0.1225930466371424,0.7184820297886344,0.5885940492153168,0.2157506867168497,0.468677669763565,0.3572245240211487,0.8375946879386902,0.4188322424888611,0.8606411218643188,534.3041515818813,265.0885032101818,615.6905292711759,739.6691921301056,220.02716318766275,866.9808563767818,229.15301694368063,-15.509925092730608,8.479364993312986,-18.772039300517033,-22.390684738493803,-5.766292856450667,-25.47135356434605,-5.149255003845482,0.1561426594853401,0.0543269290740228,0.1698834747076034,0.2026186138391494,0.1360389590263366,0.2109178155660629,0.061254434287548,521.3119229233056,244.4090458933037,545.6624905770285,732.2921485231634,249.47022501627603,838.740294339364,240.3944561606959,-12.990142045313853,7.753985933385451,-9.527606660859629,-20.132034253655817,-5.033088710224419,-24.21639015381796,-6.041590448011432,0.1776912480592727,0.0345308914424677,0.2422199100255966,0.144382432103157,0.1627273261547088,0.1824559271335601,0.1566706448793411,25.4,17.590906741836815,16,6,44,12,49
1000,86.07866762273451,4.340557665949756,84.77507725883933,85.41342620849609,81.31285328584559,84.61538021985223,94.27660114063936,0.0641084265007692,0.0679242301335633,0.0128358851460849,0.0790742456912994,0.1665931049515219,0.0923496435670291,-0.0303107468520893,0.352970540523529,0.0683387010834523,0.2953214049339294,0.3812197148799896,0.4572988450527191,0.3681273162364959,0.2628854215145111,784.2859484220805,131.72480204329713,756.5059514631305,760.9100818299411,568.5937473230194,958.403269985266,877.016691509046,-23.477888499644763,3.697750056535772,-23.188988033093903,-22.83686864585207,-17.25510783781085,-28.39006132828562,-25.71841665318138,0.1760233372449874,0.0201481431036826,0.1480240672826767,0.197427362203598,0.1565398722887039,0.1948933005332946,0.1832320839166641,775.1408916272615,116.94468330213692,703.3019559090598,745.2983494808799,611.04296875,914.4106991416528,901.6504848547148,-20.21886677030931,5.979993390463019,-12.631805819377565,-20.54386271928486,-14.33421594218204,-26.585700373900565,-26.998748996801545,0.1884025126695633,0.0329852483792792,0.2353395223617553,0.1367212235927581,0.2090695947408676,0.1829107701778412,0.1779714524745941,8.0,2.756809750418044,6,8,13,8,5
1025,76.98807255464442,22.070454873840376,82.11123327367446,33.441855060353,90.1440819684197,86.40347310234519,92.83971936842974,0.163066867870443,0.2352470740774047,0.0317991288269267,0.6303270469693577,0.0789218383676865,0.0714118796236374,0.0028744455646066,0.4357487738132476,0.1882923290555347,0.3458528816699981,0.8094491362571716,0.3670138716697693,0.3572383522987366,0.2991896271705627,547.1054386875086,216.9242503134689,692.8009445458127,280.9079018308405,526.5604997601425,875.3333322625411,359.92451503820587,-16.194838241945234,6.802313787051768,-20.97409386802138,-7.585425372709308,-16.12445580750181,-26.106955586818227,-10.183260574675442,0.1632744789123535,0.0212900699972936,0.1350786685943603,0.1961885839700698,0.147905170917511,0.1754940301179886,0.1617059409618377,545.5268466882538,200.0495629188632,666.5039565772341,277.2927570008395,570.1073324638501,836.4137691029331,377.3164182964124,-13.438387824568832,6.076548255241642,-11.875762918539214,-6.376834544173458,-13.381912398756596,-24.657479022678576,-10.899950238696317,0.1701513841748237,0.0346813174731899,0.2157549858093261,0.1088211014866828,0.1831579506397247,0.171568751335144,0.1714541316032409,13.6,12.224565431948898,9,38,7,7,7
1050,43.795974823446834,28.852351749960807,23.77965706095976,24.090402384365305,24.61767366633696,98.45425309573903,48.03788790983312,0.5146118464890648,0.305314415224597,0.7092692760860219,0.7271783407996683,0.7314703685395858,-0.0631748967310961,0.4683161437511444,0.7044886171817779,0.2502150808814867,0.8564370274543762,0.866838812828064,0.8714122176170349,0.2189886271953582,0.7087664008140564,219.30075514943977,89.19830770287274,169.05628324809828,123.36889829133686,150.42293006495424,336.47052457039814,317.18513957241123,-5.589394933089875,2.720663536464887,-4.247454346271983,-2.5115951947998583,-3.6290518746041416,-9.65713752152627,-7.9017357282471234,0.1478860914707183,0.0151741090398537,0.1470911204814911,0.1604513972997665,0.1411561220884323,0.166984811425209,0.1237470060586929,228.80670626456276,88.83030764112868,167.66217241789164,142.7314916911878,159.39343081022562,333.7037979929071,340.5426384106017,-5.131580729233591,3.7176675741247354,-1.7219828524087604,-1.9971532779827452,-2.595694319198006,-9.704318904040152,-9.638754292538293,0.1659290447831153,0.0291649563400039,0.2073642164468765,0.1217909380793571,0.1865233182907104,0.1556134521961212,0.1583532989025116,36.2,17.92651667223725,49,50,49,4,29
1075,80.29210078519932,24.82729306784327,88.24357084386489,97.24631287069882,32.7098679486443,81.38051358391257,101.8802386788761,0.1177587052653817,0.2764047926419363,-0.0317435832584605,-0.0415873720365412,0.648890385908239,0.1237710963277255,-0.110537000614054,0.3850335478782654,0.2303589005121078,0.2532760202884674,0.2452713400125503,0.823722779750824,0.4063571691513061,0.196540430188179,602.6179043284634,307.94632557834825,827.6089263380619,668.8392542788857,158.80136289094625,1003.3666960063732,354.4732821280496,-18.14728903247599,9.875907391036662,-25.999971686748037,-20.39279301542985,-3.7129002631756296,-30.395269000739383,-10.235511196287057,0.1488276436924934,0.0167258913528178,0.1199187859892845,0.1556068062782287,0.1408744752407074,0.1646924465894699,0.1630457043647766,591.6320317318566,285.75674426036323,794.480867084704,661.4942717970463,174.0846814607319,961.8937849078262,366.2065534089741,-14.802105403155611,8.184526252530912,-14.388315288644089,-18.14930187819297,-3.059870177193692,-27.776221764715093,-10.636817907032214,0.1636597663164138,0.0362701125162295,0.2241335809230804,0.1184206455945968,0.1725806593894958,0.1674346774816513,0.1357292681932449,13.2,14.218298069740978,5,4,41,12,4
1100,57.827975180008835,26.73954653855209,67.35668288960176,51.47996404311236,42.913269424438475,23.992137959424188,103.39782158346738,0.3564483063361224,0.2979915857807289,0.1976517025162192,0.4379134286852444,0.5435019429992227,0.7323617984266843,-0.1291873409467585,0.5957012593746185,0.2459262083952203,0.4990505576133728,0.6868942975997925,0.7597453594207764,0.8665906190872192,0.1662254631519317,437.5325654146965,227.09435991993632,502.4860700640762,518.7310239557635,172.79928990414268,205.3334077533923,788.3130353961075,-12.907056010396854,7.080043299387886,-15.62543287193566,-15.636632091120669,-4.626485835041916,-5.289672008731909,-23.35705724515413,0.1386653304100036,0.0124726966554947,0.1244504898786544,0.1603252738714218,0.143603891134262,0.1341406852006912,0.1308063119649887,436.620987835265,230.7076189136195,464.8179481907895,490.3418852153577,190.29430978340017,212.0216648704127,825.6291311163651,-10.567790928430725,7.779782439918059,-7.940140914498714,-12.643747678974218,-3.347587321933947,-4.229297998704408,-24.678180728042335,0.120169661194086,0.0505685996234818,0.1709762811660766,0.1286057829856872,0.1607841849327087,0.0284190289676189,0.1120630279183387,26.6,14.90771612286738,20,26,34,49,4
1125,53.74053450079525,29.28166831655955,90.43781457788803,28.24998202043421,37.874366300246294,87.91386781580307,24.226641789604635,0.3998135267986971,0.3339856693677593,-0.0563332119408775,0.6842073728056515,0.5985925039824318,0.0479928262093487,0.724608142936931,0.6109706997871399,0.2744716027225156,0.229295551776886,0.8420418500900269,0.7910669445991516,0.3272134661674499,0.8652356863021851,587.7168562236585,423.8151613617807,1123.7216165107593,280.3392213520251,206.4987079553437,1087.890330532141,240.1344047680236,-17.21293307940165,13.69795269462698,-34.90450728567023,-7.939754492358158,-5.502769976331477,-32.94143225017347,-4.776201392474928,0.1298600912094116,0.0301425847321649,0.1112749949097633,0.1398106813430786,0.1453369557857513,0.1702311187982559,0.0826467052102088,564.7100554884526,390.55621017865104,1047.44257127193,271.16205396150286,218.93960450824935,1037.7515976219847,248.25445007859616,-13.244323000782412,9.97795501505018,-19.286056434899045,-6.216164265808306,-4.112875819206238,-30.07889879795543,-6.527619686043053,0.1633562743663787,0.0391118666304287,0.2221341580152511,0.1084170490503311,0.1836603283882141,0.1666446477174759,0.1359251886606216,28.8,18.56232744027537,5,44,38,8,49
1150,71.06816688761992,26.35676867303505,82.67376949085909,47.06017718595617,32.927757835388185,92.44439044279213,100.23473948310404,0.2174585761743433,0.2931823299520374,0.0307284832000732,0.486499666817048,0.6495461400817423,0.0022447330110213,-0.0817261422381681,0.4736049205064773,0.2487024983162205,0.3361876308917999,0.7180179953575134,0.823417067527771,0.2895750403404236,0.2008268684148788,530.759786679452,276.66700935405856,800.0440941526178,300.1675437793397,129.86498240420693,835.8052833958676,587.9170296652276,-15.86029196287456,8.92719370305026,-24.96099786591111,-8.4834001189784,-2.980726440747579,-25.507808492894757,-17.36852689584096,0.135354882478714,0.0171695928198413,0.1090994328260421,0.1296537667512893,0.1420048922300338,0.1340853422880172,0.1619309782981872,514.5211091426381,254.15624565332524,745.7896696391858,291.7129468415913,139.87482639781217,776.4888685795299,618.7392342550713,-12.746288777652538,7.498182445751173,-13.46979270274179,-6.959161003430684,-2.061133721418548,-22.731938169713604,-18.50941829095807,0.1430492684245109,0.0412996060335824,0.2018757611513137,0.0756593123078346,0.164195105433464,0.1366571485996246,0.1368590146303177,18.2,14.358272876638054,10,29,41,7,4
1175,63.36126897363103,26.96821890318383,86.5306095572079,88.63176033917595,33.52842061659869,80.49543324638816,27.620121108784396,0.2971160512110766,0.3036960752258013,-0.0125506530789768,0.0411785374669467,0.6412759430268231,0.127843369806514,0.687833058834076,0.5325108945369721,0.2496212107116659,0.2617917656898498,0.3193615674972534,0.8185535073280334,0.4175963699817657,0.8452512621879578,594.5187529312936,344.5749660845168,825.1668561968887,876.3425849780701,136.64106730410927,920.7001107199152,213.74314545748527,-17.81201829471086,11.601247905151563,-26.48689497562877,-27.55040745149579,-3.3768298887369927,-27.793105761210125,-3.852853396482635,0.1104675717651844,0.0410349054885146,0.0621289126574993,0.1198510080575943,0.1495942324399948,0.1576244831085205,0.063139222562313,568.8770971733227,319.6941580347167,773.3761703758909,840.6694143194901,146.05418355841385,870.1079358552631,214.17778175755552,-13.98512636381283,9.158204726316262,-14.031654818016186,-23.27402693346927,-2.2719319096782753,-24.998771717673858,-5.349246440226572,0.1383726686239242,0.0205810640954146,0.1671240329742431,0.1524648964405059,0.1323224604129791,0.1337452828884124,0.1062066704034805,22.8,16.83330033000065,6,7,41,15,45
1200,90.25461577022776,12.42773534757634,69.26498751920812,88.03660076365752,98.8609146791346,106.1019520703484,89.00862381879021,0.0212656873815199,0.1094455655309107,0.1924230260007521,0.0469642558518578,-0.0195668536074021,-0.1464607277337242,0.0329687363961163,0.3076858162879944,0.1100152994680505,0.476993054151535,0.3301776051521301,0.2720571160316467,0.1350437402725219,0.324157565832138,728.1657068085252,223.59576662990057,460.13176098204497,986.2415011221902,461.38616300884047,834.3878473649945,898.6812615645559,-22.20274790713662,6.521518115911766,-14.62658229208829,-30.924740941900957,-14.616325257117287,-26.08829084195589,-24.757800202620658,0.0988679230213165,0.025148585257294,0.1042003333568573,0.1046627163887023,0.0628997683525085,0.0839205533266067,0.1386562436819076,720.8287632992393,231.20569095928724,414.4636423211349,954.42628880551,485.31396752073056,785.9005169784814,964.03940087034,-19.473214504593297,8.758646756696542,-6.940558092635975,-26.61362115542094,-11.280547623048747,-23.42649949224372,-29.104846159617107,0.1423096492886543,0.020286917950773,0.176309123635292,0.1229406893253326,0.1239892467856407,0.1345569491386413,0.1537522375583648,8.2,4.707440918375928,17,7,6,3,8
1225,93.783664263557,8.526481594258984,77.97389436609605,96.53988598094269,103.65567122066722,94.06271160350128,96.68615814657772,-0.0156198375365313,0.0560763112440646,0.0856859140536364,-0.0381348687059739,-0.0706672591321608,0.001151930584627,-0.0561349044827853,0.2710051000118255,0.054981495533589,0.3783687055110931,0.2370133101940155,0.2272347807884216,0.2624682784080505,0.249940425157547,596.2083091334292,64.24828275205984,544.0717794853344,666.857576069079,599.5508390727796,664.9037679036459,505.6575831363075,-18.25176124907377,2.4216289446419808,-17.233942232633893,-20.57396957330537,-19.001147721943106,-20.404672810905858,-14.045073906580608,0.1021286621689796,0.0208084673341857,0.0963912308216095,0.1084866523742675,0.0649335533380508,0.1159834191203117,0.1248484551906585,585.4527437979715,61.21026341175383,510.18581778543034,643.8245346337034,618.7028192888226,642.1667062859786,512.3838409959225,-15.084312765221847,3.473158684406336,-8.82928112515232,-17.557191315450165,-14.76764267996738,-18.946615888361347,-15.320832817178024,0.1249264940619468,0.0218960293478792,0.1655708104372024,0.1293975114822387,0.1048595309257507,0.1145042851567268,0.1103003323078155,7.0,3.03315017762062,13,5,5,6,6
1250,67.11610014971565,29.246823989309533,27.395141949373137,91.61513051425707,85.60312533659094,95.07937911538517,35.88772383297191,0.2735796092538273,0.2968364945585025,0.6638316175516914,0.0113191120764788,0.1195097288664649,-0.0259550017469069,0.5991925895214081,0.5148513197898865,0.2492035586355618,0.832273542881012,0.2901813983917236,0.409930944442749,0.2487255930900573,0.7931451201438904,567.3017445614463,303.11661974841275,257.188665825024,891.7217953330592,507.6770351476837,945.9086293003016,234.01259720116332,-17.259798650574268,9.995323356154932,-7.840370439646537,-28.021263825265983,-16.024813043443782,-29.319628514741595,-5.092917429773431,0.103207978606224,0.0161788653048857,0.1292105764150619,0.0959721952676773,0.0848587825894355,0.114033356308937,0.0919649824500083,561.7202486004746,281.18185480908386,253.8794832731548,861.5348746316474,536.1347511693051,902.132264254386,254.91986967387953,-14.589264525237835,8.961499000340961,-3.479263457289913,-23.896436423586128,-12.349733513698244,-26.052396535873413,-7.168492695741486,0.1350392386317253,0.0175203689475321,0.1150383502244949,0.1459240466356277,0.1505084782838821,0.1513154655694961,0.1124098524451255,22.0,17.28583234906552,48,6,13,6,37
1275,82.06585635690128,18.79031156012325,90.50097169315114,95.66042383979348,55.14724209729363,64.8525883842917,104.16805576997643,0.0954407570642583,0.2171071544882175,-0.0644205713973325,-0.0203695756547591,0.4361513022114249,0.26105157697902,-0.1352089468170614,0.3738135665655136,0.2096139489047248,0.2162236869335174,0.242278978228569,0.6781012415885925,0.5722030401229858,0.1602608859539032,592.630772453442,374.5506391030849,708.0615593090392,1266.0222093013294,244.37817168654055,281.9857312921892,462.7061906781113,-18.099630906707365,12.236003353114675,-23.133952504710148,-39.78290032503898,-6.995428258912606,-8.305720195435642,-12.28015324943944,0.1064023166894912,0.0364165586918444,0.0405766814947128,0.0981549471616745,0.1159718632698059,0.1332748681306839,0.1440332233905792,579.3284684566029,359.020578613157,660.1822584721081,1231.684540330318,256.20177647105436,265.02083828574735,483.55292872378703,-14.532626455708552,10.6805704156844,-11.822881094196386,-34.67376563841837,-4.994828740755717,-6.3881683684231945,-14.783488436749106,0.1296481400728225,0.0143681223058618,0.1467944979667663,0.122105486690998,0.1343243718147277,0.1392039805650711,0.1058123633265495,12.4,9.134549797335389,6,5,25,22,4
1300,67.31177971671609,32.747255664858194,93.24803475772632,28.068101439756507,29.493238830566405,78.52234004525577,107.22718351027544,0.2566152344030492,0.3662174507925252,-0.0873893758829902,0.6879108085351832,0.6866140604019165,0.1521256320616778,-0.156184953100541,0.4845933362841606,0.3110700565520803,0.1770058572292328,0.8427479863166809,0.843075156211853,0.4362231492996216,0.1239145323634147,392.83049851802355,261.6696998298494,499.1182159959224,174.8083257842482,137.21283547920092,851.0154220848752,301.997693245871,-11.60990366203743,8.706057921841353,-15.90234160841557,-4.594388039488542,-3.242360488364571,-26.637250406700268,-7.673177767218205,0.0887870371341705,0.0320637426026658,0.0440041869878768,0.0891636237502098,0.0646194741129875,0.1330618560314178,0.1130860447883606,373.1039915921395,227.6446458330048,455.5708189847177,186.43987635562297,138.9938201904297,771.8580407929002,312.65740163702714,-8.63518128792445,6.739227870462891,-7.713972093766196,-3.279116830282044,-1.9628837317751164,-20.991491213179472,-9.228442570619416,0.117383274435997,0.0386229122896109,0.155236467719078,0.0695288106799125,0.1061790511012077,0.1691282242536544,0.0868438184261322,22.6,18.895502110290693,4,47,43,16,3
1325,73.69146787980023,25.140441840821502,57.66893035664278,82.95251994413488,32.72192658817067,97.77089101006004,97.34307149999282,0.1887376680093653,0.2703957113638676,0.3059970859219046,0.1043440902934354,0.6567521586137659,-0.0721676840501673,-0.0512373107321122,0.443296793103218,0.2384809159845509,0.5951494574546814,0.3896156549453735,0.8230106234550476,0.1991081535816192,0.2096000760793686,662.0184131019994,380.3862226586514,243.42651407342208,929.5835705138088,217.52099609375,1185.3416094863624,734.2193753426535,-20.003372902619212,12.15843113065712,-7.615673989580388,-29.57717620280751,-5.98147177696228,-37.244215982002125,-19.59832656174375,0.0929680585861206,0.0227620342466233,0.0766845420002937,0.1063912212848663,0.0800101161003112,0.0704453215003013,0.1313090920448303,642.3439622845566,368.0565939681889,221.47503528260347,890.7650628340872,201.707843445895,1116.7972711931195,780.9745986670779,-17.224706200967756,11.667405694350249,-2.908497991269095,-24.726844360953883,-3.5782020688056946,-30.909067752068506,-24.0009188317416,0.1222801625728607,0.0149122253952914,0.1401038318872451,0.1247357949614524,0.1132792010903358,0.1345789581537246,0.0987030267715454,17.6,14.22111106770494,25,11,42,5,5
1350,90.21393929874196,12.940755911027557,73.07382837183336,93.97508854585536,107.5517131132238,98.7452818702249,77.72378459257239,0.0212268667361315,0.1090936471684903,0.1436637625974767,-0.0084844392888686,-0.1210510295980116,-0.0592653246486888,0.1512713646187501,0.3054074645042419,0.1149451690726906,0.4289056658744812,0.2749697566032409,0.1653685867786407,0.2081296741962433,0.4496636390686035,742.2012567888227,209.6214012507692,920.8662430612663,769.2824433979235,907.813112493147,769.4428989343476,343.60158605742873,-23.199646450762163,7.65659531973167,-29.70289773271795,-24.430320363295703,-29.20538956658882,-24.038645894903887,-8.620978696304455,0.0778774105012416,0.0360020209390471,0.0771993175148963,0.0711770132184028,0.0223377309739589,0.0831509232521057,0.1355220675468444,722.850938602916,194.6429971238425,845.8293274996573,744.5776891875686,924.7867945620887,740.5483275296396,358.51255423562566,-17.880391242629603,4.368174086877495,-15.28954219399837,-20.549264531386527,-22.460396712286432,-20.538573513951217,-10.564179261525473,0.1338550344109535,0.0311855460758389,0.1867003738880157,0.1341577172279358,0.0887468084692955,0.1286312490701675,0.131039023399353,9.8,5.946427498927402,16,6,4,5,18
1375,67.39809878405403,31.990324653838808,92.7250363069422,101.9760945039637,30.22696786768296,84.6642811719109,27.398114069770365,0.2541069584734299,0.3569520899364891,-0.0964553149307475,-0.0919808117782368,0.6817848573712741,0.0925170880906722,0.6846689736141878,0.4917783975601196,0.2940891051700229,0.1957843452692031,0.196036085486412,0.8375663161277771,0.3828567266464233,0.8466485142707825,380.97761530290575,209.77845504502372,727.7931855854235,327.46289490816883,170.46287831088952,496.3437869423314,182.82533076771517,-11.439262586936616,7.462413161811564,-23.554338480296888,-10.484915275322765,-4.626800300782187,-15.38431467926293,-3.1459441990183112,0.0759321343153715,0.0374003775166681,0.0308661591261625,0.0554211214184761,0.0806948095560073,0.142879843711853,0.0697987377643585,361.966399102462,199.3512804721523,691.6142492461623,326.5061016417386,162.1352324904057,463.7772465756065,165.79916555839674,-7.856808297257675,3.9676104662278826,-12.398215687065791,-8.15491138843068,-2.513310426159909,-11.93740789932117,-4.280196085310819,0.1242914721369743,0.0275893614380601,0.1615250259637832,0.1356688290834427,0.1140347570180893,0.1320342570543289,0.0781944915652275,23.4,19.168724527208376,5,5,45,14,48
1400,94.9192785622092,4.7930367189166665,87.8228895299575,93.34219012540927,98.32447496301988,101.8281883576337,93.27864983502556,-0.0330795372934902,0.0383948496783133,-0.027649953435449,-0.0023130767485674,-0.018498542729546,-0.1079302023438846,-0.009005911210004,0.2476464092731475,0.0311209968368735,0.2429219484329223,0.2755188941955566,0.2602349519729614,0.1894893944263458,0.2700668573379516,711.0060551158169,207.50274700087812,961.0344677306058,670.096500329804,903.8404455352248,381.3227057206003,638.7361562628495,-22.094447796386586,7.311196619799187,-30.82142586457102,-21.675044687170733,-29.54253664351346,-11.835708877496552,-16.59752290918116,0.0755104213953018,0.0300730945279529,0.0479279235005378,0.0701913386583328,0.053943820297718,0.0728751420974731,0.1326138824224472,705.9281266597279,205.6240223191824,894.0999177631579,656.1047845137747,941.6621629146108,364.0065824274431,673.7671856796533,-17.388438222282808,4.6101786842133174,-16.319153582840634,-17.89755301726492,-22.607900636237964,-9.280865039741784,-20.836718835328753,0.1229090958833694,0.0241412749140832,0.1627583354711532,0.1097970232367515,0.1007249280810356,0.1386827379465103,0.1025824546813964,6.4,0.8,7,7,6,5,7
1425,67.96947857800652,30.643249284261607,102.35882561627557,97.41665846880744,33.90625664206112,30.26011692495907,75.9055352379294,0.2321917301065781,0.3652637298702207,-0.2649538843070759,-0.043751710653305,0.6372543902958141,0.6528396091040443,0.1795702460934134,0.4867150738835334,0.2976549226432262,0.1045794263482093,0.2201876044273376,0.8160692453384399,0.8286803364753723,0.4640587568283081,595.0453557198508,310.4395758227612,1040.4232081363075,798.8098990457099,222.85719948484183,276.14320775082234,636.993264181572,-17.88868096920482,10.400450936494718,-33.248121889013994,-25.859710392199062,-5.996746102968852,-8.01255136205439,-16.326275099787797,0.0763153426349163,0.0386255234235509,0.0106853805482387,0.0561278909444808,0.0973455905914306,0.0986126288771629,0.1188052222132682,582.7636180810762,299.8826365564062,985.7988506116366,777.5849566543311,217.88989016884253,255.343433647825,677.2009593227453,-13.83508618609947,7.678145124091734,-18.085208587479173,-21.4631753783477,-3.917977602858292,-5.1653776262935835,-20.543691735518607,0.104278539866209,0.0393004273837522,0.1296927332878112,0.135873794555664,0.0697297528386116,0.044920165091753,0.1411762535572052,22.4,17.636326148038883,3,5,41,45,18
1450,84.45587962431067,27.18141389660129,96.10941260842716,38.813455918255976,113.018672135297,105.12103511585909,69.2168223437141,0.0816835856437683,0.2929040735877699,-0.1310476464383742,0.5836235961493323,-0.1640010675963233,-0.1277717197642607,0.2476147658684674,0.3425647586584091,0.2665965010333214,0.1549002081155777,0.7765771150588989,0.1084205955266952,0.140394315123558,0.5325315594673157,475.9828322293465,163.8417691083435,484.5923585055167,265.55982957806503,372.39131887335526,756.1634762412623,501.20717794853346,-14.469507302317703,5.38381644245132,-15.235333208452191,-8.449264639302305,-11.816452239689074,-24.33064661527935,-12.515839808865598,0.0651048123836517,0.038902502182156,0.0570908822119236,0.0631400346755981,0.0346735976636409,0.0316609144210815,0.1389586329460144,484.9329128332305,158.04642343065098,474.2705099540845,257.2422603138706,392.5877953244928,720.0257380970737,580.5382604766311,-11.95968922083838,5.587242521223243,-8.130625254229495,-5.5295807489177635,-8.89167056167335,-19.58729186601806,-17.65927767335323,0.1047637075185775,0.0202161153957633,0.1421732306480407,0.0925505757331848,0.0837212055921554,0.1073455885052681,0.0980279371142387,14.0,13.311649033834987,4,36,3,4,23
1475,70.03207793404074,25.198721966166705,82.89207620059743,58.632343920539405,25.73727837169871,91.69067192077635,91.2080192565918,0.2293269205794615,0.2768027948390544,0.0202833042425267,0.358060836090761,0.7184656336027033,0.0250134941409615,0.0248113348203546,0.4723007202148437,0.2362984660031346,0.3007113635540008,0.6299975514411926,0.8639284372329712,0.2745050489902496,0.2923611998558044,620.3982302749366,280.2579746635076,788.5329916435376,452.54301934493213,181.81581209416976,994.2570533083197,684.842274983724,-18.91018150689309,9.142244039964226,-25.983805798647698,-14.354396008608632,-5.022024838547957,-31.288203373289942,-17.90247751537122,0.0808612577617168,0.0355344955175494,0.0341839604079723,0.0533917248249053,0.0758617222309112,0.1098730117082595,0.1309958696365356,609.0343223973325,263.5607939378565,727.7050256561814,441.5241784882127,194.59065313506545,954.9122582151178,726.4394964920847,-15.090416740534598,8.05045607241596,-13.086301776400784,-10.90653129418691,-3.3068466542059913,-25.12182228607044,-23.03058169180887,0.1050780326128006,0.0258870358882076,0.1427232921123504,0.0651268362998962,0.1106115952134132,0.1157442927360534,0.0911841467022895,19.4,15.538339679644023,9,24,48,8,8
1500,59.47971950306612,28.056872122994996,31.66598877626307,44.110532625983744,89.93351310281193,96.80939090953154,34.87917210074032,0.3523759288647595,0.2780824755540617,0.6108989936463973,0.5080600934870103,0.0763014260460348,-0.0405886636060826,0.6072077947504381,0.5866637319326401,0.2421970641471247,0.8031884431838989,0.7386326193809509,0.3589617311954498,0.2320494800806045,0.8004863858222961,341.72317820766517,200.7576531842536,170.77625743129798,203.57717199492873,652.2762113872327,509.4667958042078,172.51945442065858,-10.057296339670817,7.159068554074436,-4.727428181129589,-6.013907936581394,-21.081000871825637,-15.888677254057766,-2.575467454759698,0.0590046346187591,0.0272152883334563,0.0201220288872718,0.032700315117836,0.0879994183778762,0.0785064622759819,0.0756949484348297,346.2480373315644,204.03891150127347,178.73435445417437,217.53522464685273,681.1910282603482,485.94209905256304,167.83748024388365,-7.789293296713578,5.4777696086402266,-1.7310947200708222,-4.311638415905467,-15.96339325737535,-12.562287437288385,-4.378052652927867,0.0869805544614791,0.0212489533995751,0.082305297255516,0.0489470809698104,0.0975412353873252,0.1120242625474929,0.0940848961472511,25.2,13.644046320648432,39,31,12,6,38
1525,55.55652163673849,30.359365653652603,87.57152707716997,29.912080529156853,31.96742664785946,97.49125155280618,30.84032237670001,0.3808820214692284,0.3386617270038405,-0.0131851192782906,0.6650890104910907,0.657062523505267,-0.0539096394005943,0.6493533320286695,0.588109377026558,0.2945066146162314,0.2490967959165573,0.8321052193641663,0.8281650543212891,0.2065087258815765,0.8246710896492004,433.80861156530545,322.1750750710958,774.9187638132196,160.84279973883378,196.72828486927767,877.1920958401864,159.36111356500993,-12.968470895917791,11.2377427792129,-25.49802033106486,-4.108761143266109,-5.215437572253378,-27.806639269778604,-2.2134961632260106,0.056133809313178,0.025396377137761,0.022764703258872,0.0320237427949905,0.0870484560728073,0.0799406841397285,0.0588914602994918,417.9315204553438,292.77389660032924,733.0232736687911,175.61724472045898,219.98470306396484,814.8566808867873,146.17569993671617,-8.854572595211497,7.2792724957671,-13.176718203645004,-2.541626263083073,-3.9571430097546494,-21.20644087122198,-3.390934628352784,0.0795272424817085,0.0370862901574066,0.1369424313306808,0.0414546988904476,0.0597458593547344,0.1092384979128837,0.0502547249197959,29.4,18.7040102651811,7,45,45,6,44
1550,73.3254407748054,35.43337365475673,32.968178592008705,27.22449031156652,102.55407936993768,105.9206932965447,97.95976230396944,0.2083178963380701,0.360285776431979,0.5986242322360769,0.6949262934572557,-0.0517525024273816,-0.1318639688632067,-0.0683445727123933,0.4405295699834823,0.3119961326239626,0.7942734360694885,0.8480653762817383,0.2134388387203216,0.1485487073659896,0.1983214914798736,440.1314772354929,160.32307544778757,234.09547638474848,280.93699010213214,615.042316102145,457.7698910361842,612.8127125522547,-13.095419076241944,4.715821452365316,-7.294345367373082,-8.221083691245632,-19.724097448482848,-14.208876061857792,-16.028692812250373,0.052336159790866,0.0376491714877206,-0.0013255287194624,0.0267565380781888,0.0604758262634277,0.0659845769405365,0.1097893863916397,440.4572040490937,172.62305563985043,213.51916878683525,290.172148988958,627.2876967045299,431.06664075349505,640.2403650116502,-10.889588440928543,6.249023666233682,-2.5305421917062056,-6.001441129466944,-14.83431517241294,-10.922649488114477,-20.15899422294215,0.0862644795328378,0.0331741271816266,0.1069810017943382,0.0257350895553827,0.1015200167894363,0.119464062154293,0.0776222273707389,20.8,20.013995103427003,40,50,5,4,5
1575,70.28686354917639,31.81800791341897,25.974771948421704,37.295431058547074,98.561338447122,92.73229475582347,96.87048153596766,0.2406627829635844,0.3167671020265541,0.675358250912498,0.5764884696287267,0.0003426783225115,0.0043512624852797,-0.0532267465310938,0.4754570484161377,0.2770194088847247,0.8428192138671875,0.7844877243041992,0.2523021399974823,0.2679877579212188,0.2296884059906005,571.9508995190001,266.8242624451901,321.4504769308525,200.5507483231394,679.4369003563596,904.7326006973,753.5837712873492,-16.97609766596242,8.184751668257098,-9.653573692890635,-5.702379010225597,-21.81299828646476,-28.10896486985056,-19.602572470380547,0.0520279081538319,0.0484236692982574,0.0258902758359909,-0.0059262542054057,0.0282929800450801,0.0803898498415947,0.1314926892518997,568.280112095883,269.19073684793005,304.5356506883052,191.01928483394155,693.7220330489309,856.00276050233,796.1208314059073,-14.391886597558074,8.954227399740804,-4.594210930037916,-3.3762206079667076,-16.418492752209044,-22.56587991379855,-25.00462878377814,0.0797486416995525,0.0102040845488178,0.0616181679069995,0.076632872223854,0.0905239954590797,0.0826106294989585,0.0873575434088707,20.6,16.965848048358797,46,36,6,8,7
1600,73.86749973521512,20.11944050892535,91.72719806222356,96.17096425224751,51.04940620871151,48.81731305963853,81.57261709325454,0.1880831151148852,0.2350131719092262,-0.0730145215988159,-0.0306275202947504,0.4677177558926975,0.4641235656598035,0.1122162959154914,0.4530663818120956,0.21595955884634,0.2171774506568908,0.2340691834688186,0.7048472166061401,0.7055657505989075,0.403672307729721,552.7628792746025,272.00541116688584,707.0533971953811,888.2242999160499,208.0818753158837,251.89978843822817,708.5550355074698,-16.566816700968825,8.740632993559226,-22.89192795753479,-28.465821299636573,-6.051877189100835,-7.229513421393277,-18.194943637178657,0.0620896752923727,0.033662421524814,0.0235960390418767,0.0442959368228912,0.1087247729301452,0.0382278338074684,0.0956037938594818,552.5704296714381,271.8601232661141,672.8793185050027,873.6241026761239,219.9641996684827,237.95288420560067,758.4316433019806,-13.64480090245866,8.578162085102225,-11.984866437159086,-23.54163675140916,-4.102210722471538,-4.935269998876672,-23.660020602376836,0.1011631146073341,0.0191617219108131,0.1261878311634063,0.1214103400707244,0.083021655678749,0.0804380103945732,0.0947577357292175,18.0,11.242775458044155,6,6,30,32,16
1625,69.64939064474667,20.35353231137127,80.2366407955394,45.43718357086182,71.30555610656738,50.15201169182272,101.115561058942,0.2381644781196818,0.2257137856492685,0.0688954451504875,0.4981085272396312,0.2744593262672424,0.4477479089708889,-0.0983888170298408,0.4999320387840271,0.2079067223766275,0.346266508102417,0.7284579873085022,0.548376202583313,0.6935638785362244,0.1829956173896789,458.9795650549102,215.64404409774565,817.6024619654605,216.3891507868181,576.5911629660088,297.86299160070587,386.45205795555785,-13.684419949012891,7.578040850416936,-26.511199373947942,-5.994596054679469,-17.96258749041641,-8.325373582672654,-9.62834324334797,0.0556692148558795,0.0336826427009409,0.003911695908755,0.0288261231034994,0.082112431526184,0.0714094117283821,0.092086412012577,451.7284273114121,199.4360839646647,750.9498569421601,209.88729804858824,601.0387942665502,288.3870082654451,408.37917903431673,-9.992094060830905,4.064339313264514,-13.524887900603446,-3.9658733940961066,-13.666838587376107,-6.271195656374881,-12.53167476570397,0.0791872471570968,0.0267906691516406,0.1286158412694931,0.0653578117489814,0.0847068727016449,0.0523661822080612,0.0648895278573036,19.8,10.303397497913004,11,30,22,31,5
1650,55.75456991756664,24.730630378487525,44.69580238566679,85.75659146028407,36.83281519272748,84.70560307222254,26.782037476932302,0.3846846189218409,0.2611536325227413,0.4494626616730409,0.0736382950754726,0.6118876593954423,0.0874134540557861,0.7010210244094625,0.6153590559959412,0.2130215528262466,0.70611572265625,0.3571740984916687,0.7988506555557251,0.3642261028289795,0.8504287004470825,468.59074040463094,254.75124233700515,396.6720171476665,822.8197953073602,201.47036180998148,708.3535889742667,213.63793878387983,-13.79825186792173,8.929620282175941,-12.0857272921947,-26.32852713267009,-5.055258735230095,-21.70955497340152,-3.8121912061122423,0.0445645856205374,0.0325206268170973,-0.001268609194085,0.0173387415707111,0.0494878254830837,0.0857228189706802,0.0715421512722969,461.93133777819185,235.45094624020368,390.8358017770868,803.8751681143777,222.18131389952543,666.8838543808251,225.88055071914405,-11.0229322878938,7.021339641237385,-6.16857341507025,-21.46371737697668,-4.079456328300008,-17.393056585077655,-6.009857734044393,0.0710418622940778,0.0470717873464575,0.0792121887207031,0.1200575456023216,0.1015022695064544,0.0710403993725776,-0.0166030917316675,28.2,14.034243834279064,30,12,38,13,48
1675,69.09462827794691,31.63857479515874,87.23157373316148,32.90137772279627,92.9369328218348,28.912873425203212,103.49038368673884,0.2460236094979679,0.3380827274614518,-0.0194418020108166,0.6341983679462881,0.0512980419046738,0.6756285379914676,-0.1115650983417735,0.4781220883131027,0.2880181398003606,0.2552021145820617,0.8137155175209045,0.3167515099048614,0.8380520939826965,0.1668892055749893,391.2692351759526,244.18921651958507,641.6205829821134,128.6470016345643,706.4611661141379,136.68475977579752,342.9326653731497,-11.06152680965892,8.31322661873514,-20.134371435433103,-2.176090743458062,-21.628489858225773,-2.9647603421880486,-8.403921668989616,0.0397940959781408,0.0315637184383178,0.0263898205012083,0.0063872002065181,0.0496503934264183,0.0201554708182811,0.0963875949382782,394.594533592358,234.62481620917612,573.2540732935855,126.36709119562516,740.9423137464022,170.14707986932052,362.2621098568565,-8.353802723215338,6.0174176243621424,-10.022144020649424,-0.9950433728987712,-17.436144605017546,-2.422845839408406,-10.89283577810254,0.0847440168261528,0.0322606142723702,0.1415510773658752,0.076733224093914,0.0957565903663635,0.05600056797266,0.0536786243319511,21.2,17.10438540258024,7,40,10,44,5
1700,76.97132444045124,22.913287010073667,89.39101923774271,93.07853597753189,53.37995744593003,45.844610663021314,103.16249887803022,0.1550102239496567,0.2566594428344151,-0.0449355199056513,0.0060890702640309,0.4403115756371442,0.4899409697336309,-0.1163549759808708,0.4106101840734482,0.2448210000766945,0.218276709318161,0.2679396569728851,0.6882292628288269,0.725327730178833,0.1532775610685348,612.5857476485403,283.7733781133148,810.7482524671053,1021.9500004283168,351.18613366913377,255.73231907894737,623.3120325991982,-18.14420069309703,9.25358488207118,-25.526834262044805,-31.757933599907055,-10.234901829769736,-7.122135547169468,-16.079198226594087,0.0316161964088678,0.0360350679576534,-0.0076049398630857,0.0184283535927534,0.0253135804086923,0.0221315175294876,0.0998124703764915,610.4705383033083,269.84064973090506,757.2413287246436,1001.0563782809072,364.62607882315655,256.0978825887044,673.3310230991297,-14.953525825132406,8.101488759775503,-13.654064147095932,-27.032319671229313,-7.654233449383786,-5.427308797836304,-20.999703060116683,0.0788441561162471,0.0300763547060916,0.1229542791843414,0.0892141461372375,0.0903324112296104,0.0548545010387897,0.0368654429912567,15.8,12.464349160706304,6,7,30,32,4
1725,84.13553747738109,19.936289599650067,86.35839197495405,47.44738174887264,107.65601876202751,86.20142573188333,93.01446916916792,0.0859493311713723,0.2045280260343248,-0.0161773906034581,0.4779383676893571,-0.1056592057732974,0.078849583864212,-0.0052046993199516,0.3433958560228348,0.1953969275139583,0.2544170916080475,0.7146292328834534,0.1535307914018631,0.346453994512558,0.2479481697082519,695.631167200992,255.25608875023343,735.6685057522958,316.7234549271433,704.0911629660088,609.8909130431058,1111.7817993164062,-20.25342520872752,6.609440174437235,-23.229905530026084,-8.955086969492728,-21.781773320415564,-18.335112881242186,-28.965247342461033,0.0241150883957743,0.0370838145143912,-0.0150663731619715,-0.0090412599965929,0.0145253324881196,0.0451604165136814,0.0849973261356353,697.8723144263552,284.171898647212,683.5536970172012,319.19144091689793,727.2709602222108,568.8697081448739,1190.475765830592,-17.764595343355545,10.400907592850372,-12.18204963834662,-7.036926873943262,-17.307451271174248,-14.881829276419522,-37.41471965689408,0.0790653638541698,0.0200622168344445,0.1064092442393302,0.0601522587239742,0.077083945274353,0.096844807267189,0.0548365637660026,12.2,9.368030742904295,7,30,4,13,7
1750,88.5135881917617,13.52874666654094,92.7554157705868,101.71129161610322,62.34435127482695,92.75676233628216,93.0001199610093,0.0400324608297909,0.1626609559025548,-0.0819886190049788,-0.084433764219284,0.3555123760419733,0.0070161440793205,0.0040561672519235,0.3039394199848175,0.1623362940533099,0.1901395618915558,0.1761763393878936,0.6196811199188232,0.2619774639606476,0.2717226147651672,733.5323731004146,217.56476332043368,774.7253733852453,533.5204018040707,435.9009846469812,928.4966858980948,995.0184197676808,-21.615056953513832,6.021995254233277,-24.512151843623112,-16.70334426143713,-12.471890564550431,-28.41019084160788,-25.9777072563506,0.0292724362807348,0.0281848845412147,0.004028839059174,-0.0016956733306869,0.0301534067839384,0.0363932885229587,0.0774823203682899,724.6292126036527,218.02434501383607,715.6607173451206,531.7163632041529,456.4407268323397,864.8765044630619,1054.4517511735885,-18.43029785616356,8.397173539730996,-12.810272737553245,-13.745708984241151,-10.001350570143314,-22.673005375945777,-32.92115161293432,0.0900909937918186,0.025341248736056,0.1105732172727584,0.1207610592246055,0.0835003107786178,0.0879895687103271,0.047630812972784,10.4,7.391887445030531,6,5,25,8,8
1775,65.80012776206522,29.066216599716206,94.3302593679989,24.72572731130263,94.0337620230282,37.9188066370347,77.99208347096163,0.2779298146332011,0.3191731825382452,-0.1047064819756676,0.7229618661543902,0.0395592714057249,0.581079311581219,0.1507551060003392,0.5110360860824585,0.268096415542155,0.1737067103385925,0.8632254004478455,0.2994628846645355,0.7788606286048889,0.43992480635643,626.7208534106874,374.58709482412246,924.4841415672972,184.69863061737595,1094.7982263397753,194.6216832211143,735.0015853078742,-18.306829745727676,12.240199940488973,-29.229510457892168,-3.931862120042767,-34.01976738478008,-5.066313197738246,-19.286695568185102,0.0093155242153443,0.0287595520205183,0.0006437218398787,-0.023182513192296,-0.0032369506079703,0.0096849054098129,0.0626684576272964,634.7671648661296,379.21308278875193,859.5415520918997,171.8983687685247,1130.4601558216832,209.8667870237116,802.0689606248287,-14.612604747947891,10.05225536674669,-15.57197183893438,-2.5858169804539597,-27.270212236203644,-3.862718370922825,-23.77230431322466,0.0669555641710758,0.0309362095269465,0.1217217221856117,0.0273636095225811,0.071578711271286,0.0577812269330024,0.0563325509428978,24.2,17.22091751330341,5,50,9,38,19
1800,68.05857413460227,28.784684801868835,88.32450471765854,39.349853683920465,27.183631689408248,95.95870110006894,89.47617948195514,0.2520887823665844,0.3188734649394204,-0.0210713800262002,0.5652441690949833,0.7089760033523336,-0.0383443902520572,0.0456395096638623,0.4848955750465393,0.2706196915983613,0.2431099116802215,0.770700991153717,0.8555736541748047,0.2412103116512298,0.3138830065727234,543.8253608168218,259.6826041171136,832.5686447411252,306.5621486463045,220.7810352392364,847.3536505448191,511.8613249126234,-15.89521299621515,8.648833452958343,-26.24728473027547,-8.614694739642896,-5.4817790734140495,-25.82910200169212,-13.303204436051216,0.0168556340038776,0.0352288423903039,-0.0210874695330858,-0.0194921307265758,0.0216973572969436,0.0291137490421533,0.0740466639399528,519.7903550532826,241.8237847129913,752.4366637112802,275.49963298596833,209.4749897739343,804.1938583641721,557.3466304310581,-12.15854206796278,6.633107093154405,-13.544076080907857,-5.868720285725176,-3.4815557954604164,-21.293682545946357,-16.6046756317741,0.0687735248357057,0.0390358291813471,0.1223073750734329,0.0294669363647699,0.1076191142201423,0.0542943626642227,0.0301798358559608,21.6,16.49969696691427,8,34,48,7,11
1825,98.51882707932415,6.61468949783605,87.10433968936695,104.25424620684456,105.86667417638442,97.36681960610782,98.00205571791705,-0.0686414436733021,0.0348718072474384,-0.0173323343781863,-0.1237812894232132,-0.0832753023680518,-0.056050056920332,-0.0627682352767271,0.2037773191928863,0.0367736358317283,0.2611980736255646,0.1489316523075103,0.1868982762098312,0.2168075442314148,0.2050510495901107,709.9299979226631,110.81559349149818,736.1627807617188,744.9924910695929,872.308090477659,661.7384573953193,534.4481699090255,-21.490528191599928,4.393898169408302,-23.488999927253055,-23.072873203377977,-26.9734122125726,-20.032490391480295,-13.884865223315725,0.0207174692302942,0.0434529365897358,-0.0156698953360319,-0.0116628259420394,0.0105977710336446,0.0162621233612298,0.1040601730346679,699.4012698524878,111.9632538086738,664.6048964115612,730.3621761924342,899.517912212171,625.7521630002741,576.7692014459979,-17.290761987786546,3.3070833539568545,-11.777994624355385,-19.536424544819617,-21.54193019030387,-16.209758407191227,-17.387702172262628,0.0841655664145946,0.0359961146546555,0.1207566782832145,0.1117936372756958,0.0742723643779754,0.094438187777996,0.0195669643580913,5.8,1.32664991614216,8,4,5,6,6
1850,60.677680704453415,36.459154285822486,30.87043520983528,30.48612232208252,31.387537339154413,106.36547270382152,104.27883594737334,0.3378021263375002,0.3805823060857781,0.6265731769449571,0.6628245693795821,0.6556958405410542,-0.1354310042717877,-0.1206519509063047,0.5455102652311326,0.3407460870406738,0.8105972409248352,0.8295568227767944,0.8308333158493042,0.1252995878458023,0.1312643587589264,418.8042225887901,225.50892815831247,219.17596181233725,148.02220408121744,363.9531484235797,673.1086067065858,689.7611919202303,-11.42910527346427,6.873650036842854,-6.08132383070494,-2.455984556884097,-10.07048395851202,-20.35286016631545,-18.184873854904843,0.0101463695988059,0.0567543600607096,-0.0287296455353498,-0.0499994680285453,-0.0071654478088021,0.0240980479866266,0.1125283613801002,418.0136106725325,234.49071567170327,225.25328023810135,135.7487978684275,351.7094175104509,628.7427389579907,748.6138187876919,-10.073317126223916,8.292176471939953,-2.729150920583491,-1.1494740958799397,-7.320932076688399,-16.284584239909524,-22.882444298058225,0.0509680725634098,0.0205314006509564,0.0642196238040924,0.0440268665552139,0.0446405187249183,0.0813400596380233,0.0206132940948009,27.6,19.31424344881259,45,41,44,4,4
1875,56.89489879608154,27.821062986286616,89.70046328376321,42.08875036800609,28.188690320183248,33.151331856671504,91.34525815178368,0.3647112142338472,0.3173772541565771,-0.0496845178744372,0.5411509492818047,0.6979806258397944,0.6213372539071476,0.0127717600149266,0.5806930124759674,0.2783022517384004,0.2078127264976501,0.7568514347076416,0.8497739434242249,0.8111281394958496,0.2778988182544708,554.3453702023155,405.8814800732156,1118.1078052186128,219.6149698223984,254.68063635575143,201.375154595626,977.9482850191886,-15.717397275933047,12.55023224832658,-35.014882263384365,-5.821916707775049,-6.71084340517981,-4.656155496312861,-26.383188507013152,-0.005063703097403,0.0334872628860006,-0.0092138350009918,-0.0237498190253973,-0.0378462448716163,-0.0134424930438399,0.0589338764548301,547.4133197315953,393.48814891199095,1023.0705834104303,216.53085273608824,234.73473291229783,227.2811658758866,1035.4492637232731,-12.246772459515356,11.036268010540354,-18.73877827326457,-3.869613764578836,-4.330240887508058,-3.2557978588238097,-31.0394315134015,0.0433403470087796,0.0448677690377301,0.1301705241203308,0.0033668524120002,0.0186958517879247,0.0261440239846706,0.0383244827389717,27.8,17.451647486698786,6,33,50,41,9
1900,90.69678810792811,28.97546380113305,33.126589752646055,99.9189842224121,103.53488648358514,107.18338156307443,109.7200985179228,0.0268952479081995,0.2908077839317265,0.5998052860007567,-0.0710964287028593,-0.0521859849200529,-0.1565285251421087,-0.185518107694738,0.2946469917893409,0.252741300465484,0.7945492267608643,0.2041838318109512,0.2180143892765045,0.133360743522644,0.1231267675757408,617.5680524324116,257.24581685874574,221.91257088644463,888.5144599780701,644.7610093501576,884.7610923365543,447.8911296108313,-18.519536831086143,8.607637058841233,-5.87646322083055,-27.86760892366108,-20.005596926337795,-27.14989931541577,-11.698115769185518,0.0054345427080988,0.0499676052641269,-0.0614901222288608,-0.0082304393872618,-0.016366884112358,0.0242194551974535,0.0890407040715217,614.7998153954221,240.09758345847283,219.5870157877604,873.1920026812637,667.6143772058319,828.4954180801124,485.1102632221423,-15.533737958314124,7.379661269318082,-2.565562286920714,-23.39509855236923,-15.361027106904148,-21.938863160317403,-14.408138685059129,0.067434486746788,0.0221600603754289,0.069037452340126,0.0988667830824852,0.0491023585200309,0.0826730132102966,0.0374928265810012,12.4,14.82700239428051,42,6,6,4,4
1925,67.38360482159783,33.66153774344605,26.422025871276855,25.97013510535745,93.63855373158174,93.3803985820097,97.50691081776338,0.2725395627582774,0.3437043441010478,0.6798157502623166,0.7037039023988387,0.0411890405065873,-0.0077181156943826,-0.0542927636819727,0.4958647936582565,0.2882780382758081,0.8388635516166687,0.8557047247886658,0.3075917661190033,0.2552037835121155,0.2219601422548294,633.5181893867359,390.7124844955554,155.04546991984049,195.70512410214073,895.1540998492325,1133.9445790073328,787.741674055133,-18.208336740836764,12.486773704039788,-3.5028333287490043,-4.245172794450793,-27.935336154803895,-34.54822813837152,-20.8101132878086,0.0026504784822463,0.0592680697930476,-0.0473294034600257,-0.0377606153488159,-0.0406815074384212,0.0333602018654346,0.1056637167930603,634.0117715935959,384.9266539698936,167.63615845797355,171.27227997361567,913.0271670692846,1059.1720356188323,858.951216848273,-15.898101427680569,11.56281898281726,-1.4358877194555182,-2.554633188665959,-21.400993619048805,-28.122134698064706,-25.97685791316785,0.0487887978553771,0.0129964063743869,0.0695294439792633,0.0348128303885459,0.0358551517128944,0.0559182502329349,0.0478283129632473,23.6,19.15828802372488,45,49,9,8,7
1950,78.6915899927476,25.666998407690524,69.94425102682675,93.87204248764937,98.14718390072092,32.032408388923194,99.46206415961773,0.1486043883071226,0.2594790624909681,0.1834242494667277,-0.0085533208706799,-0.0104598725543302,0.6399055985843434,-0.0612947130904478,0.4002519279718399,0.228289465622527,0.4657661318778991,0.248003214597702,0.2602469325065613,0.8200542330741882,0.2071891278028488,795.9177048532587,354.0038112464444,735.8601047448944,1136.0670273094847,1167.3944230999864,189.93770800138773,750.3292611105401,-23.90226968380443,11.732322760255064,-23.125058383272407,-35.51681514371906,-36.428281123178046,-4.381230145169978,-20.05996362368266,0.0034461248666048,0.0477735844607188,-0.017486099153757,-0.0308036673814058,-0.0463921278715133,0.0259405076503753,0.0859720110893249,795.9740375184176,339.2469791431382,642.2179854543585,1115.801847759046,1169.1179488332648,239.2262848971183,813.5061206483005,-19.43697084188461,10.362860901174985,-11.240453625980177,-30.139962489144843,-27.82885023167259,-3.371843481272982,-24.60374438135247,0.0540215171873569,0.0370620806238522,0.1066907346248626,0.0889723151922226,0.025497693568468,0.01197150349617,0.0369753390550613,16.4,14.136477637657832,19,7,7,43,6
1975,35.77939294590669,8.40177225292156,28.556106971291936,52.157934076645795,34.33123460657456,32.52567028718836,31.326018787832822,0.5969695182407604,0.0884415921582352,0.6474060423233929,0.4204314722734339,0.6342627486761878,0.6356373702778536,0.6471099576529334,0.7918555021286011,0.0560723513925129,0.8246814012527466,0.680044412612915,0.8134648203849792,0.8167800903320312,0.8243067860603333,254.01143362480295,53.095393990494095,235.58581275270697,356.01325587222453,239.15563670375892,239.26993895413585,200.03252384118863,-6.004334482602906,2.338812552169575,-6.2347140667731304,-9.907085276486582,-5.5435101588567095,-5.766681897012811,-2.5696810138852975,-0.0223607177846133,0.0389019368999026,-0.063356727361679,-0.0667595267295837,-0.0203591603785753,0.0046108965761959,0.0340609289705753,231.97244413944708,61.167074710141385,209.7581179434793,334.60954766524463,219.97680329439933,248.72048856500993,146.7972632291024,-4.178111327321906,1.835776938646555,-2.3833334163615576,-7.4841223149968865,-3.7845162843403064,-4.599081572733428,-2.639503048177351,0.044103505462408,0.0371091121304816,0.0876338854432106,0.0517000295221805,0.0734189972281456,0.0243510920554399,-0.0165864769369363,39.8,6.046486583132388,43,28,41,42,45
2000,57.621443692375635,24.077649956067447,30.000494766235352,38.2821387908038,60.09985140632181,60.2883944679709,99.4363390305463,0.3713998856264002,0.2485891841251698,0.639783376455307,0.5724445953088648,0.3800766794120564,0.3350377426427953,-0.0703429656870224,0.6046628087759018,0.2263620657485622,0.8157368302345276,0.77763432264328,0.6379834413528442,0.6122203469276428,0.1797391027212143,431.02715699045285,339.381478330834,211.90952475029127,293.6257457398532,277.5415328176398,264.4864697372704,1107.5725119072094,-11.479064819269013,9.28785808619546,-5.310966606725726,-7.564401009626556,-7.624888164955273,-6.915454914695339,-29.97961340034217,-0.0239997166674584,0.0490587592045088,-0.0605260543525218,-0.0630868300795555,-0.0573909319937229,-0.0020231546368449,0.0630283877253532,436.61144609953226,367.7016862064853,214.93311979059587,262.4086586132384,267.45122086374386,267.3115099187483,1170.952721311335,-10.876287657963603,12.571258036662398,-2.290895234074509,-5.330876081659083,-5.11427214480283,-5.745245149261073,-35.90014968002052,0.0360798546113073,0.0309964997969108,0.0576753132045269,0.0772620216012001,-0.0077151018194854,0.0430720150470733,0.0101050250232219,27.8,13.905394636614956,47,36,26,25,5
