lags,train_cross_entropy_mean,train_cross_entropy_std,train_cross_entropy_fold_1,train_cross_entropy_fold_2,train_cross_entropy_fold_3,train_cross_entropy_fold_4,train_cross_entropy_fold_5,train_roc_auc_multiclass_mean,train_roc_auc_multiclass_std,train_roc_auc_multiclass_fold_1,train_roc_auc_multiclass_fold_2,train_roc_auc_multiclass_fold_3,train_roc_auc_multiclass_fold_4,train_roc_auc_multiclass_fold_5,train_f1_mean,train_f1_std,train_f1_fold_1,train_f1_fold_2,train_f1_fold_3,train_f1_fold_4,train_f1_fold_5,val_cross_entropy_mean,val_cross_entropy_std,val_cross_entropy_fold_1,val_cross_entropy_fold_2,val_cross_entropy_fold_3,val_cross_entropy_fold_4,val_cross_entropy_fold_5,val_roc_auc_multiclass_mean,val_roc_auc_multiclass_std,val_roc_auc_multiclass_fold_1,val_roc_auc_multiclass_fold_2,val_roc_auc_multiclass_fold_3,val_roc_auc_multiclass_fold_4,val_roc_auc_multiclass_fold_5,val_f1_mean,val_f1_std,val_f1_fold_1,val_f1_fold_2,val_f1_fold_3,val_f1_fold_4,val_f1_fold_5,test_cross_entropy_mean,test_cross_entropy_std,test_cross_entropy_fold_1,test_cross_entropy_fold_2,test_cross_entropy_fold_3,test_cross_entropy_fold_4,test_cross_entropy_fold_5,test_roc_auc_multiclass_mean,test_roc_auc_multiclass_std,test_roc_auc_multiclass_fold_1,test_roc_auc_multiclass_fold_2,test_roc_auc_multiclass_fold_3,test_roc_auc_multiclass_fold_4,test_roc_auc_multiclass_fold_5,test_f1_mean,test_f1_std,test_f1_fold_1,test_f1_fold_2,test_f1_fold_3,test_f1_fold_4,test_f1_fold_5,num_epochs_mean,num_epochs_std,num_epochs_fold_1,num_epochs_fold_2,num_epochs_fold_3,num_epochs_fold_4,num_epochs_fold_5
-1000,1.45478106599105,0.0120008075140254,1.448825844965483,1.4774837694670024,1.446042167512994,1.4452639504482871,1.456289597561485,0.5167769307244445,0.0134560306238637,0.5250072758770843,0.5078804933960331,0.5357011731175327,0.5184559925378107,0.4968397186937616,0.2905610536569589,0.0036985947307696,0.2872343028900299,0.2892954249025256,0.2863980295007201,0.2947521929073709,0.2951253180841479,1.4906234651803971,0.0490969387804054,1.4566010534763336,1.5870766937732697,1.479417845606804,1.4562296122312546,1.4737921208143234,0.5205400683481053,0.0064705724585227,0.5263995018603405,0.5166245148483255,0.5300229063058104,0.5163213434142452,0.5133320753118048,0.2793390298200126,0.0236828230837755,0.2865788176052107,0.2392013354754134,0.3116533073855388,0.2865788176052107,0.2726828710286896,1.4938234634697438,0.0496980943787015,1.459593117237091,1.5908427350223064,1.4902310855686665,1.4641101323068142,1.4643402472138405,0.5021660617674126,0.0174765903311031,0.4888402929355214,0.5268589176898303,0.4846184481786474,0.490889268900517,0.5196233811325467,0.2782640928382709,0.017391784300842,0.2920138538372269,0.2467074313925984,0.2933374903276286,0.2726828710286896,0.2865788176052107,19.4,17.315888657530692,23,1,49,21,3
-975,1.4576031993564809,0.0104198876515866,1.455836248397827,1.4620839043667442,1.450622537261561,1.4445406248694972,1.4749326818867734,0.5103849574139937,0.0143240960639486,0.5260196275807256,0.5047225165086979,0.5264345271672739,0.5061272513459217,0.4886208644673493,0.2900262662905149,0.003619720357708,0.2868554224942001,0.2888850161767184,0.2860115294202914,0.2954875660318213,0.2928917973295433,1.4813162505626678,0.0404880258434214,1.455510564148426,1.4657509550452232,1.4679055884480476,1.4557550698518753,1.561659075319767,0.5160385099233396,0.0050362232376782,0.5224538990100466,0.51163153509369,0.5193756178333948,0.5178832418056187,0.5088482558739478,0.2891145162335856,0.016881813336601,0.2865788176052107,0.2865788176052107,0.3191550118945337,0.2865788176052107,0.2666811164577617,1.4843147948384283,0.0427998165317098,1.4523669816553593,1.4613761454820633,1.4765157364308834,1.4628053344786167,1.5685097761452198,0.5025289983620687,0.0082688462774775,0.4884773178560189,0.5127481461356438,0.5019989520011702,0.5008249700181032,0.5085956057994068,0.2904071539629898,0.012740054394152,0.2920138538372269,0.2939791622704429,0.3108813193274266,0.2726828710286896,0.282478563351163,12.4,10.836973747315254,8,3,29,21,1
-950,1.4561713316566067,0.0094648404485286,1.4565418745342054,1.4542845562884683,1.4501184563887746,1.4461911515185708,1.473720619553014,0.5140953546219588,0.0090248479762933,0.5237575412007788,0.5165407237645417,0.5170910502266677,0.5161581304686871,0.4969293274491185,0.2908171769745932,0.0037767844500311,0.2870631018589369,0.2880263219554508,0.2885127549289595,0.2936650407381425,0.2968186653914763,1.4777156554162505,0.0386687830992864,1.457644883543253,1.4562375880777836,1.4664541073143482,1.45366819947958,1.5545734986662865,0.5158489984083435,0.0043672471951035,0.5152256103540991,0.513872345648308,0.5240954176933104,0.5149131678531635,0.5111384504928368,0.2897823946446096,0.0142988733560055,0.2865788176052107,0.2865788176052107,0.3163284720411824,0.2865788176052107,0.2728470483662336,1.4824843876063825,0.0415020495693476,1.4554002322256565,1.4501826167106628,1.4775983542203903,1.465907797217369,1.563332937657833,0.4990983392653299,0.0138334158895098,0.4944826605158406,0.5245984068847539,0.4920862395415679,0.4837995010073853,0.500524888377102,0.2904872977453029,0.0108860115971596,0.2920138538372269,0.2943755681901046,0.306203875896559,0.2726828710286896,0.2871603197739344,14.4,11.377170122662314,7,9,32,23,1
-925,1.4514516935850446,0.0033723236471311,1.4524078344043931,1.454680565783852,1.4472925524962577,1.455195366708856,1.4476821485318636,0.5107407859388358,0.0053179720448136,0.5176648390182775,0.5039489320031707,0.5126497336981827,0.5051592301079622,0.5142811948665852,0.2899087395579603,0.0034549897385292,0.2870004359993552,0.2865295831126238,0.2878713007967617,0.2933624167045096,0.2947799611765513,1.4610218979418277,0.0054622136254076,1.4548563919961452,1.454473901540041,1.4664417617022991,1.4621872194111347,1.4671502150595188,0.5137593123618832,0.0048747011257934,0.5183608701925401,0.5088687773987733,0.5203555644485756,0.5128772919706076,0.5083340577989194,0.2916227765321351,0.0178657825659674,0.2865788176052107,0.2865788176052107,0.3256945588163537,0.2865788176052107,0.2726828710286896,1.4623612396419048,0.01336059952448,1.4529792666435242,1.447566740214825,1.4832683801651,1.472456894814968,1.455534916371107,0.4988110975200156,0.0122736329810991,0.4841322046434601,0.5204613538222523,0.491142065428815,0.5013903370559171,0.4969295266496335,0.2900593155708363,0.0104810377984856,0.2920138538372269,0.2943755681901046,0.3046454671929497,0.2726828710286896,0.2865788176052107,15.6,10.55651457631732,17,10,35,4,12
-900,1.449759988533823,0.0040035265868222,1.453100481786226,1.4537260494734112,1.4512840070222552,1.4429012976194684,1.4477881067677547,0.519471133317454,0.0017674367265646,0.5202608591460217,0.5201729667982036,0.5202628221944419,0.5159557418204725,0.5207032766281299,0.2907779086403655,0.0053159808829577,0.286433501618683,0.2884256752217218,0.2849238028072881,0.2984425654413131,0.2956639981128219,1.4610970705747603,0.0094800313841149,1.454376120120287,1.4540751837193966,1.477064874023199,1.4530049413442612,1.4669642336666584,0.5144402542708392,0.0099915636101558,0.51546815508975,0.5084102669675247,0.533059125510625,0.5109761562975312,0.5042875674887648,0.2917749938112092,0.0181563073084709,0.2865788176052107,0.2865788176052107,0.326455645211724,0.2865788176052107,0.2726828710286896,1.4613070368766783,0.0135126642238644,1.4545086584985256,1.4473130106925964,1.486291166394949,1.4635653533041475,1.4548569954931736,0.5002723607997097,0.0101815215008708,0.4912119110811044,0.5195845317058675,0.4991852994095259,0.4925208031492951,0.4988592586527552,0.2904391631301479,0.0110231718753433,0.2920138538372269,0.2943755681901046,0.3065447049895075,0.2726828710286896,0.2865788176052107,17.4,7.172168430816443,14,11,27,25,10
-875,1.4499977458150766,0.0028945140970552,1.4514693272741217,1.4539083832188655,1.4512583795346712,1.4473006110442312,1.446052028003492,0.5136991486862197,0.0045734832183524,0.5130177559529827,0.5226363865063629,0.5115053880513785,0.5099407110529,0.5113955018674741,0.2903000466602859,0.0037829031992056,0.2878282595331063,0.2866188845823827,0.287244753935171,0.2946209505105692,0.2951873847402008,1.456207412481308,0.0050163605465988,1.4523891545832155,1.452513117343187,1.4552942253649237,1.4548857547342775,1.4659548103809357,0.5168806471745155,0.0066611773438096,0.5191514560848768,0.5118040790741649,0.5280151581041876,0.5086996237703539,0.5167329188389946,0.2837996282899065,0.0055583786306084,0.2865788176052107,0.2865788176052107,0.2865788176052107,0.2865788176052107,0.2726828710286896,1.4558070689439773,0.0068142287425227,1.452482271939516,1.4460744746029377,1.4623032212257383,1.4646852761507034,1.453490100800991,0.4965061186023224,0.0064049825609378,0.4870315751576363,0.5040450023617296,0.493660257045879,0.503312015999974,0.4944817424463937,0.2879275529235457,0.0081142698303262,0.2920138538372269,0.2943755681901046,0.2939866539564969,0.2726828710286896,0.2865788176052107,16.6,3.6110940170535577,18,15,22,11,17
-850,1.4521404216164036,0.0053423257342228,1.4502092399095234,1.4537725323124937,1.4492259828667893,1.4459160942780345,1.4615782587151778,0.5082728009080597,0.0053980293846862,0.5102632961913137,0.507481069306192,0.5063763550199332,0.5169061096633141,0.5003371743595454,0.2904759494537315,0.0042043907700435,0.2855512806500248,0.2873433739874966,0.2885058558656878,0.2957760584755317,0.2952031782899164,1.462994323670864,0.0112389017664566,1.4569376707077026,1.4528228379786017,1.4689811691641808,1.453917469829321,1.4823124706745148,0.5166178333764863,0.006016348335028,0.5236742736727534,0.5143471872817227,0.5217008215865445,0.5167578806033081,0.5066090037381024,0.2918991633701401,0.0184319105370075,0.2864919866690555,0.2865788176052107,0.3271633239425343,0.2865788176052107,0.2726828710286896,1.467482226341963,0.013199043441235,1.46314886957407,1.4469114765524864,1.4852562882006168,1.4644213914871216,1.4776731058955193,0.4975881438881945,0.012242170889024,0.5150907013873083,0.4991513503855835,0.4772122353156781,0.5017456951023693,0.4947407372500334,0.290889494742182,0.0113525785466976,0.2925761851040616,0.2943755681901046,0.3077259611854185,0.2726828710286896,0.2870868882026358,17.0,9.423375191511797,28,13,26,16,2
-825,1.4543875546204414,0.0052609249013556,1.454210440736068,1.4546566423616911,1.4565223254655535,1.445173366446244,1.4613749980926514,0.5172682637491572,0.0091232794611492,0.5180495758404741,0.5286741606551979,0.5250847457203536,0.5107517440191771,0.5037810925105832,0.290362314900899,0.0059340494672537,0.2852750545497742,0.2853540597814047,0.2864937455661498,0.2998581410307046,0.2948305735764621,1.4592227727174758,0.0093838312037283,1.4528226144611835,1.4531652070581913,1.4584136717021463,1.4541522040963173,1.4775601662695408,0.517218152099626,0.002707665639497,0.5167583623202211,0.5157502683455184,0.5143778237622993,0.5168766447580665,0.5223276613120247,0.2837996282899065,0.0055583786306084,0.2865788176052107,0.2865788176052107,0.2865788176052107,0.2865788176052107,0.2726828710286896,1.458323072642088,0.008156347235621,1.4537031389772892,1.4470660537481308,1.455706000328064,1.4657394848763945,1.4694006852805614,0.5004806566808949,0.0090869527928827,0.4915212991935251,0.5161211769258561,0.4913186323594571,0.5010327676008499,0.5024094073247865,0.2879275529235457,0.00820414599132,0.2920138538372269,0.2943755681901046,0.2944523402310067,0.2726828710286896,0.286113131330701,9.0,4.1952353926806065,12,14,7,10,2
-800,1.452609907451429,0.0022497995711717,1.4534437681499282,1.4561321660092,1.452973515109012,1.4495658510609677,1.4509342369280362,0.5150169998398052,0.005191431708695,0.5141756165897472,0.5052856459241212,0.5177090349205944,0.5182335223209652,0.5196811794435978,0.2899912259678299,0.0039276955099865,0.287112620198103,0.2869558668998304,0.2865129893957374,0.2933778743189086,0.2959967790265702,1.4599009081721306,0.0045615527487002,1.4624177068471909,1.4573162756860256,1.4576534628868103,1.4546051397919657,1.4675119556486609,0.518426712772084,0.0019062890938273,0.5168541430125059,0.5201070539906363,0.5163985662512992,0.5212464526399694,0.5175273479660087,0.2864914519620866,0.0086510928157343,0.3000379359661108,0.2865788176052107,0.2865788176052107,0.2865788176052107,0.2726828710286896,1.4619171775877475,0.00761984174725,1.4735978431999683,1.4513447433710098,1.4607141762971878,1.466472551226616,1.457456573843956,0.5088996175713263,0.0092560782991665,0.5054897278709612,0.5220474296807444,0.4942277787758081,0.5142343272593981,0.5084988242697199,0.2887682620967172,0.0086724009519721,0.2957517134285747,0.2943755681901046,0.2944523402310067,0.2726828710286896,0.2865788176052107,10.0,3.4641016151377544,13,7,15,9,6
-775,1.4499294961126226,0.0017101903272463,1.4481294519022891,1.4531005646053117,1.4497781891571848,1.4487899341081318,1.4498493407901965,0.517757618919658,0.0023951999616562,0.5149595335410079,0.5158936225902875,0.5201252838934854,0.5167667044329285,0.5210429501405806,0.2894765514394579,0.0041703344919412,0.2861139627948906,0.2868550469954481,0.2853356083417336,0.2949712571685362,0.2941068818966806,1.468581857532263,0.0106703563420761,1.4812238924205303,1.459217693656683,1.480708085000515,1.4555842727422714,1.4661753438413143,0.5148695224264573,0.0041353346669457,0.5161151595563945,0.5068566161238136,0.5187218328183069,0.5169005421648973,0.5157534614688737,0.2990312583716649,0.0215959481259428,0.3220015782197357,0.2865788176052107,0.3273142073994775,0.2865788176052107,0.2726828710286896,1.4740683123469354,0.0162194552167648,1.4948873072862623,1.4626693315804005,1.4917513243854046,1.4665172323584557,1.4545163661241531,0.5074450822286485,0.0072540447667293,0.5017313312116698,0.502913574121693,0.5003943233885123,0.518399060860599,0.5137871215607683,0.2940737439722684,0.0145151400169815,0.3002697396672779,0.2943755681901046,0.3164617233700592,0.2726828710286896,0.2865788176052107,17.4,7.735631842325486,22,18,29,8,10
-750,1.4508198763194835,0.0043834345931862,1.4552620799917924,1.455176574305484,1.452355186562789,1.4465481356570595,1.4447574050802934,0.5232929800919266,0.0039540034035909,0.520707242855765,0.5189932910974433,0.5288047596880162,0.5206878294405868,0.5272717773778214,0.2904451228914689,0.0049000382950428,0.2902310250768379,0.2853585205886899,0.2847690104868126,0.295020003837863,0.2968470544671413,1.4628549091517926,0.0090632368409154,1.470167938619852,1.453157801181078,1.4761487916111946,1.4537286460399628,1.4610713683068752,0.5134923420154098,0.004407785084141,0.5071137952595903,0.5167883760097491,0.5135754439797593,0.5195245968858736,0.5104594979420768,0.2945720769237399,0.0163049390964136,0.3150986834250811,0.2865788176052107,0.3119211949545069,0.2865788176052107,0.2726828710286896,1.4650694102048871,0.0139687520138999,1.4772435314953327,1.4471808411180973,1.4841627329587936,1.463545624166727,1.4532143212854862,0.5036075960334154,0.0092241267148767,0.4994050416175841,0.5049354317490892,0.4936463205200824,0.4994333890877039,0.5206177971926175,0.2937934915593833,0.013947996376112,0.3009628130624153,0.2943755681901046,0.3143673879104963,0.2726828710286896,0.2865788176052107,14.2,4.707440918375928,6,12,17,17,19
-725,1.4522276313681353,0.0046328158088647,1.4512460156490927,1.4580920671161852,1.456455797898142,1.4451644194753546,1.450179856701901,0.5217239531888698,0.0063000914381522,0.5222144356515335,0.5213874389365738,0.5145623122519514,0.5174092504837943,0.5330463286204957,0.2891551788176878,0.0045988332966628,0.2842730537327659,0.2872625174474777,0.2851027574316037,0.2958518829168725,0.2932856825597192,1.4612157553434373,0.0039237444574628,1.4654136933386326,1.458558402955532,1.456977616995573,1.4586469791829586,1.4664820842444897,0.5162953183372169,0.0088248344842967,0.5114941497183565,0.5239956653004262,0.5104303147185161,0.5293593714123906,0.5061970905363948,0.2912425247931461,0.0161102904475173,0.3213228171651958,0.2865788176052107,0.2865563557219067,0.2890717624447277,0.2726828710286896,1.4606764659285545,0.0091929397973427,1.4754089303314686,1.4522617273032663,1.4519287683069706,1.4671461060643196,1.4566367976367474,0.5036245961390147,0.0096539553449692,0.5084962628842981,0.5061921266778973,0.5051599156051177,0.4851187654800368,0.5131559100477235,0.2946548287717238,0.0060984911014133,0.30541442622005,0.2943755681901046,0.2944523402310067,0.2924529916122472,0.2865788176052107,12.4,6.887670143089026,23,5,8,18,8
-700,1.4536032754496524,0.0041380369948782,1.4507080931412546,1.4563201126299403,1.4507071068412378,1.4498142129496523,1.4604668516861763,0.5194015193149312,0.0071383837316714,0.5160102490701026,0.5165878146680333,0.5208667614517113,0.532306695274376,0.5112360761104326,0.2899507491618673,0.0049216802910135,0.2856050031073923,0.2859083809645453,0.286532952199344,0.2943508193534341,0.2973565901846209,1.4710617423057557,0.0152969555261247,1.483485847711563,1.4554445296525955,1.4659748189151287,1.4563394635915756,1.4940640516579151,0.5156007195236418,0.0028630191610521,0.5187483644542557,0.5158443819770641,0.5142477910821873,0.5182632038468266,0.5108998562578755,0.3005778163827613,0.0134380749448553,0.3226668982484164,0.2865788176052107,0.3052026301161968,0.2865788176052107,0.3018619183387719,1.4744882203638554,0.0169368479546505,1.4971048086881638,1.4497089833021164,1.4701210968196392,1.466169223189354,1.4893369898200035,0.5064677833232941,0.0035699648061813,0.5089651473225615,0.5118698653258315,0.5018164858347051,0.5056786114473825,0.5040088066859898,0.3006631998483672,0.0155053755281014,0.3113423513324262,0.2950324637406766,0.31442030888494,0.2726828710286896,0.3098380042551034,11.2,7.249827584156742,22,8,17,7,2
-675,1.4526611250325252,0.0037496436928078,1.4526630489449752,1.455721310565346,1.4534536901273225,1.4455919504165649,1.4558756251084175,0.5201890917883565,0.0064429686747227,0.5132135212130929,0.524739617041002,0.5156718623480566,0.5168158734465345,0.5305045848930962,0.2896460339574889,0.0047832527038912,0.2886298523935106,0.2851539418331524,0.2843556055159036,0.2969016445114691,0.2931891255334089,1.465081436932087,0.0064853597999918,1.4591572545468807,1.455932904034853,1.4724040105938911,1.4669746607542038,1.470938354730606,0.5099943015106974,0.0012014891912449,0.5104779672744021,0.509826506792491,0.5084675008616075,0.511994667432728,0.509204865192258,0.2921652187848564,0.0125029906418324,0.3036412441366427,0.2860475563984752,0.307387896712811,0.2910665256476636,0.2726828710286896,1.4640195742249489,0.0101403046288797,1.4605647549033165,1.4481171183288095,1.4762816801667211,1.4736406691372397,1.4614936485886574,0.5087538524567233,0.0069338565054603,0.5162611185987495,0.5142055882684003,0.5103098449612131,0.5063206539937339,0.4966720564615198,0.2990511891796844,0.0139367687617878,0.2993549771348568,0.2979633564862016,0.3247380648011217,0.2866207298710312,0.2865788176052107,11.6,4.498888751680798,12,10,15,17,4
-650,1.451168774554604,0.0038573032913575,1.4506934517308283,1.4507805385087666,1.450311070994327,1.4460377341822577,1.4580210773568405,0.5167956869943314,0.0074563825031651,0.5127459448150257,0.5230106546498614,0.5160746307803527,0.5265949908408928,0.5055522138855248,0.2890978766474542,0.003668519391626,0.2873478241400348,0.286395843048179,0.2848382986767305,0.2928071975510009,0.2941002198213259,1.4774916119873525,0.0048793880982579,1.4725894555449486,1.4794489555060863,1.486084908246994,1.473835989832878,1.4754987508058548,0.5122973633886546,0.0082228619918271,0.5156206971696256,0.5136099223310122,0.509173634769003,0.5240794019627077,0.4990031607109244,0.3135896912259661,0.0248055910378519,0.3352180318750474,0.3297389359805333,0.2968548617122715,0.3334537555332889,0.2726828710286896,1.483810218423605,0.0108198799876679,1.486253522336483,1.4882524497807026,1.497598972171545,1.482299257069826,1.464646890759468,0.5088170998408144,0.007285365175569,0.5199832338304998,0.5104247968560288,0.5110194959964027,0.4980792745863434,0.5045786979347971,0.3055360638439731,0.0180289491651926,0.3211710605021632,0.3020476441588078,0.2867375355840552,0.3311452613696284,0.2865788176052107,18.2,9.303762679690406,16,20,32,20,3
-625,1.454300184249878,0.0074901161071972,1.4477038559160735,1.4670376438843578,1.456405604513068,1.4459155019960903,1.4544383149398,0.5190865761190973,0.0026253168016744,0.5229210851864198,0.5167845387488794,0.5159265712845157,0.5211550424712781,0.5186456429043935,0.2901132123666352,0.0043534328634708,0.287668619465301,0.2882751930087994,0.284280926011364,0.2955144550352036,0.2948268683125079,1.4688727475702763,0.0109948288790855,1.4868074245750904,1.4672315195202827,1.457590188831091,1.4579937011003494,1.4747409038245678,0.5120806481471559,0.0080888820748485,0.5214553980714153,0.513410767989944,0.5049225909841998,0.5197932101402563,0.500821273549964,0.2893151723489479,0.0123709652367264,0.3109428166861626,0.2858644386336098,0.2905069177910662,0.2865788176052107,0.2726828710286896,1.4708361506462098,0.0193026614313335,1.5080725736916063,1.4656627848744392,1.45247970148921,1.467045035213232,1.4609206579625609,0.5091961870878168,0.0125008534275595,0.515508821216071,0.4955198896216212,0.5297260067001954,0.4978006827835122,0.5074255351176835,0.2868245817713482,0.0088425704813642,0.2826188742009569,0.2965487752298734,0.29569357079201,0.2726828710286896,0.2865788176052107,10.2,8.158431221748456,25,2,8,12,4
-600,1.4565132572776391,0.0072626174389564,1.4540499925613404,1.451075255243402,1.468213909550717,1.4610929777747703,1.4481341512579666,0.5187483113817265,0.0026539881186327,0.5145162125422023,0.5187980324197601,0.5203499061686948,0.5176502090587229,0.5224271967192525,0.2890815034026945,0.0047435966080771,0.2874316599206659,0.2848362663895925,0.2837831995675989,0.2939548100629992,0.295401581072616,1.4668101482093334,0.0067920146577706,1.4538669176399708,1.4740286208689213,1.468893375247717,1.4687945321202278,1.4684672951698303,0.510378888772175,0.0092935621271028,0.5104448128187764,0.5151030114367299,0.505709356714774,0.5242419574235962,0.4963953054669986,0.2892554073105693,0.0130352934985589,0.2865788176052107,0.3128600357782499,0.2863301249081196,0.2878251872325765,0.2726828710286896,1.4671288073062896,0.0121529297451388,1.4540524408221245,1.4791779778897762,1.4643110297620296,1.483315985649824,1.454786602407694,0.5094382299432393,0.0099044711671854,0.520167746419099,0.5079427624728124,0.5125983610209228,0.4912757832343541,0.5152064965690082,0.2920609666852133,0.0133269606783974,0.2920138538372269,0.3122618402467508,0.2978072065771553,0.2716431151597229,0.2865788176052107,9.4,8.089499366462674,11,24,2,2,8
-575,1.4556494537152744,0.00797957879787,1.4509279891064293,1.4677178796968962,1.4524554491043091,1.445461130142212,1.4616848205265245,0.5120677119729733,0.0062696027448601,0.5098428440996366,0.5057044481347311,0.50634384848485,0.5220449869992826,0.5164024321463658,0.2897981481534216,0.0032895219356229,0.2892375780152482,0.2859644563364182,0.2865971372849908,0.2936331060390916,0.2935584630913594,1.4623877957463265,0.0128991694454242,1.453670423477888,1.4694639891386032,1.4507213532924652,1.4535299092531204,1.4845533035695553,0.5160546443667553,0.0118062116759458,0.5187155978572202,0.5193038772587396,0.517272001831965,0.5305520474181759,0.494429697467676,0.2841044778094204,0.0045871724959411,0.2865788176052107,0.2858378316057526,0.2865788176052107,0.2865788176052107,0.2749481046257172,1.461773844063282,0.0104268827913515,1.4517325274646282,1.4708013460040092,1.4465998448431492,1.4699043706059456,1.4698311313986778,0.5063037817467553,0.0138449029242269,0.5291879042270515,0.494941338482883,0.5129417773609704,0.4902716560197785,0.5041762326430927,0.2887439774182485,0.0087528841623542,0.2920138538372269,0.2942187717233233,0.2944523402310067,0.2713841259048166,0.2916507953948689,9.8,6.4621977685614045,16,2,16,13,2
-550,1.453529792584871,0.0054635999118683,1.448328171278301,1.4550042077114709,1.4554873002202888,1.4468441034618178,1.4619851802524768,0.5140576029785171,0.0047596037299297,0.5165501227770796,0.5165728821512965,0.5092684470743498,0.520184062767135,0.5077125001227243,0.2895135061567931,0.0036141637135112,0.2887301529402103,0.2865961127917741,0.2848834419216675,0.2938328127975836,0.2935250103327295,1.4625678189098834,0.0099276690750107,1.4703291058540344,1.4538094736635685,1.4551278874278069,1.4552775584161282,1.4782950691878796,0.5129545891258381,0.0052992141178006,0.5166988373152269,0.5109109526022209,0.5139185679252269,0.5192947521136687,0.5039498356728469,0.2921553109157794,0.0171875883723476,0.3243274801564037,0.2865788176052107,0.2868084677015152,0.2903789180870776,0.2726828710286896,1.4623757384717464,0.0101144450689344,1.4764426946640017,1.4484224505722525,1.453463777899742,1.467410683631897,1.4661390855908394,0.5049052851618006,0.0100519863898319,0.513988567017127,0.5047331638152112,0.5165756346771965,0.4885038762715746,0.5007251840278935,0.294436372129192,0.0094485326769619,0.3118188467867117,0.2939652146547511,0.2944523402310067,0.2853666413682798,0.2865788176052107,11.8,7.467261881037788,25,9,11,12,2
-525,1.4520461933236373,0.0011944307579039,1.449785836119401,1.451894988511738,1.452997989403574,1.4528982902828016,1.452653862300672,0.5150376873686684,0.0059563093665107,0.5190843271029381,0.507562406124647,0.5080151407822144,0.5194876666084801,0.5210388962250622,0.2897192702058482,0.0037249398448004,0.2881834804289177,0.2852816241029216,0.2868522593218536,0.2940211082804621,0.294257878895086,1.4583106979727745,0.0066987635434626,1.4512938857078552,1.451272215694189,1.4607550650835035,1.459006879478693,1.4692254438996315,0.510898776147778,0.0117049733322191,0.5169528634523718,0.5112653006350137,0.5172696072264966,0.5207179814200104,0.4882881280049977,0.2879842471587254,0.0082897603153701,0.2907200763070354,0.2938710013989641,0.2960684694537268,0.2865788176052107,0.2726828710286896,1.458049114048481,0.0082174457283208,1.4527623318135738,1.447036299854517,1.463492639362812,1.470542587339878,1.456411711871624,0.5019198175949154,0.0041061117277481,0.4972180249722573,0.5055655380683798,0.5051865903557833,0.4965843825914477,0.5050445519867091,0.2897277310223548,0.0096481316081942,0.293100042313739,0.2956751277189283,0.3006017964452064,0.2726828710286896,0.2865788176052107,14.2,7.547184905645283,24,20,16,5,6
-500,1.45146819365652,0.0054101143369373,1.448783779144287,1.4475597896073993,1.4532750167344746,1.4464737867054187,1.4612485960910195,0.5144208737588392,0.0069762420858725,0.521707209659614,0.5179985979990669,0.5136898975655327,0.5172781864424401,0.5014304771275421,0.2906557007843844,0.0030130500349598,0.2879409475861641,0.288884085720885,0.2880970860223616,0.2928512700486195,0.2955051145438917,1.4582296460866928,0.0093097505910478,1.4524477012455463,1.455550491809845,1.4538199305534365,1.4526136219501495,1.476716484874487,0.5093687209510392,0.01172222761076,0.5178447911420405,0.5160241498372808,0.5187804961345744,0.5066140931572127,0.4875800744840877,0.2837996282899065,0.0055583786306084,0.2865788176052107,0.2865788176052107,0.2865788176052107,0.2865788176052107,0.2726828710286896,1.4576739870011806,0.0077081272018662,1.4523863345384598,1.4517542347311974,1.450095433741808,1.4673692993819714,1.4667646326124668,0.4995583486520628,0.0122239427266971,0.4938680179048884,0.5209091311630781,0.5034805784254247,0.4846795966265377,0.4948544191403852,0.288373160418933,0.0081538479188384,0.2920138538372269,0.2943755681901046,0.2944523402310067,0.2726828710286896,0.2883411688076372,17.8,12.496399481450648,22,39,10,16,2
-475,1.4525095924578215,0.0065112962704786,1.444376802444458,1.4564691004000212,1.452700954989383,1.4623172157689144,1.446683888686331,0.5188365310181029,0.0064075093386006,0.5282090036768122,0.5204212988640122,0.5216838697550772,0.5095326164415934,0.5143358663530193,0.2903963924113047,0.0036424046111179,0.2878458916673729,0.2877999184687523,0.2868872885809132,0.2934377365934552,0.2960111267460304,1.461328535526991,0.0065074781933574,1.4516566842794418,1.4566181600093842,1.4618765003979206,1.46817372366786,1.4683176092803478,0.5065700877097187,0.0102870017160749,0.5212494905314001,0.5029193605882925,0.508920309331014,0.5100117386283781,0.4897495394695088,0.2844540899078905,0.0059274776616423,0.28676375118009,0.2865788176052107,0.2885407295047816,0.2877042802206807,0.2726828710286896,1.4599050171673298,0.0098354882189405,1.452461827546358,1.4507844001054764,1.46431764960289,1.477201133966446,1.4547600746154783,0.4977726021511466,0.0097592423786312,0.4792829666440329,0.5052587644891422,0.5064443867630142,0.4984988004534513,0.4993780924060922,0.2880765920648366,0.0081428779742997,0.2921447110492977,0.2943755681901046,0.2944523402310067,0.2728315232485628,0.2865788176052107,15.6,14.759403781996074,44,7,14,2,11
-450,1.451444350794742,0.0032797737213322,1.4526355040700811,1.4542753407829687,1.4543660151331048,1.4503918346605802,1.445553059326975,0.5163780384181139,0.0073034206103158,0.5211264385656522,0.5032106321042817,0.5174233860177007,0.5246742981504544,0.5154554372524804,0.2891012562540134,0.0043132251539257,0.2879333214033454,0.2850289380758778,0.2842221016702975,0.2939815801325279,0.2943403399880184,1.4597870104014874,0.010428804672708,1.4540495052933693,1.4520572274923325,1.4554498270154,1.4569883793592453,1.4803901128470898,0.5041201282684791,0.0092790186904242,0.5193188279999825,0.5046281510669741,0.5038289517013758,0.5027502597567174,0.4900744508173459,0.2892038999096334,0.0052501646088453,0.2865788176052107,0.2865788176052107,0.2865788176052107,0.2865788176052107,0.2997042291273241,1.4577899433672428,0.0100504425142105,1.4519825503230095,1.4441789649426937,1.453924797475338,1.469241987913847,1.469621416181326,0.4976820666391798,0.0088939106941931,0.4934613554367509,0.5100476861343877,0.5032025415778862,0.483745210904898,0.4979535391419764,0.2946682927429772,0.0149865678839324,0.2920138538372269,0.2943755681901046,0.2944523402310067,0.2726828710286896,0.3198168304278581,16.2,5.912698199637793,16,22,13,7,23
-425,1.4516502940027336,0.0049127852432018,1.4521792198482313,1.4601518505497983,1.4523706411060533,1.4469521221361663,1.4465976363734194,0.5118120310696879,0.0030683643870343,0.5087758313527505,0.5108344414907807,0.5155190885778952,0.5085660740612027,0.5153647198658106,0.2897909381100217,0.0048458289251514,0.2875450040141904,0.2843420839812628,0.2858944067199282,0.2959826765086837,0.2951905193260433,1.4605063393712043,0.0066212159817987,1.452559769153595,1.4604380391538143,1.4673990607261658,1.4537219852209091,1.4684128426015377,0.4989079280438931,0.0096923860799849,0.5109036759273206,0.4862926862080515,0.507913749164788,0.4997346942404342,0.4896948346788713,0.2837996282899065,0.0055583786306084,0.2865788176052107,0.2865788176052107,0.2865788176052107,0.2865788176052107,0.2726828710286896,1.4598603159189223,0.0080701737573771,1.4502201564610004,1.4541983418166635,1.4704724177718165,1.46841149777174,1.4559991657733915,0.4939888733468351,0.0146204160353767,0.4767247720125837,0.5177702853240912,0.5029427406927344,0.4846211599551482,0.4878854087496183,0.2880206901784478,0.0081856416454124,0.2920138538372269,0.2943755681901046,0.2944523402310067,0.2726828710286896,0.2865788176052107,13.4,5.161395160225576,17,6,21,12,11
-400,1.448754492558931,0.0045028280111421,1.453108567940561,1.4518049578917651,1.4522750553331878,1.4425705934825697,1.444013288146571,0.5181229042423798,0.0049580378548319,0.5205355139495187,0.5168081574520222,0.5094324986431051,0.5195723745209722,0.5242659766462809,0.2892564259838782,0.0049230852251089,0.2862808117163851,0.2850180699055427,0.2844996436129709,0.2954532962262746,0.2950303084582176,1.459485809504986,0.0079600042817271,1.4525559805333614,1.449365708976984,1.4598866030573845,1.4640947431325912,1.4715260118246078,0.5088766050349888,0.0094575548643822,0.520219458752777,0.5205756084193873,0.5028949333482702,0.5007905562664788,0.4999024683880304,0.2909463225849037,0.0136974179393288,0.2865788176052107,0.2865788176052107,0.2865788176052107,0.317435396420785,0.2775597636881018,1.4597647935152054,0.0118693946426251,1.4509291760623455,1.445065826177597,1.4626562595367432,1.479803737252951,1.4603689685463903,0.4936877213517984,0.0165733773694672,0.4670080045384156,0.5193455774058848,0.4927257299469084,0.4942565289802773,0.495102765887506,0.2952672519752609,0.0060952479198027,0.2920138538372269,0.2943755681901046,0.2944523402310067,0.3067310032262787,0.2887634943916872,26.4,10.091580649234292,13,42,19,32,26
-375,1.4487590536318329,0.0040524639175347,1.449717967133773,1.4492328141864976,1.4554205392536363,1.443327189746656,1.4460967578386006,0.5169644296955872,0.004193316426141,0.5146693937220129,0.5227432055780109,0.5208510487748712,0.511409602005334,0.5151488983977067,0.2895921079942259,0.003454027283895,0.2879626461289905,0.2881873684255533,0.284723915745147,0.2933198384747648,0.2937667711966742,1.460189923644066,0.0097726852713254,1.4511125534772873,1.4493714608252048,1.4586383625864985,1.4756930768489838,1.4661341644823551,0.5160748886267761,0.0183003874660086,0.5236811337287597,0.5453044569483204,0.4925090105792579,0.517150370913407,0.5017294709641356,0.29183910921923,0.0160835610275964,0.2865788176052107,0.2865788176052107,0.2920019447345925,0.3213530951224466,0.2726828710286896,1.4589634381234646,0.0155756548898518,1.4505525641143322,1.445050284266472,1.456369023770094,1.4891918897628784,1.4536534287035463,0.4917886106477807,0.0151351668551401,0.4713241699620409,0.5059384477612041,0.4947863807997875,0.4774490925241079,0.5094449621917629,0.2914096322864415,0.0054455941382815,0.2920138538372269,0.2943755681901046,0.2996221511942413,0.2844577706054244,0.2865788176052107,24.6,12.893409169028956,22,31,10,46,14
-350,1.44870244603408,0.0041106103505594,1.4483167522831968,1.4513071762888057,1.454990301634136,1.4434920587037738,1.4454059412604885,0.51523644790736,0.0056257704582656,0.5240417222651717,0.5146226420671332,0.5063230687966569,0.516157736808253,0.5150370695995853,0.2902507992483772,0.0040738120545721,0.2873437196572274,0.2861359899745873,0.2873701524193418,0.2955686209332121,0.2948355132575175,1.4570828393101691,0.0074360998262444,1.4494548998773098,1.4501612931489944,1.4559587836265564,1.4601086229085922,1.4697305969893932,0.5129086230457416,0.0203435134213802,0.5389067505347503,0.5272959106414655,0.4905643575966248,0.5200804581131954,0.4876956383426722,0.287737551035385,0.0107150819332419,0.2865788176052107,0.2865788176052107,0.2865788176052107,0.3062684313326033,0.2726828710286896,1.4552179396152496,0.011085829833774,1.4479698725044727,1.4448344819247725,1.4503793567419052,1.475893933326006,1.457012053579092,0.4937504479277178,0.0098063933253526,0.4799059767210207,0.5048942881411438,0.494252509428353,0.4858413123656585,0.5038581529824133,0.2911315560590622,0.0032073164333692,0.2920138538372269,0.2943755681901046,0.2944523402310067,0.2882372004317625,0.2865788176052107,24.0,10.237187113655782,41,25,9,24,21
-325,1.4465966272354125,0.0038469416257199,1.4483779317454288,1.4523496188615497,1.4462638064434654,1.4405789237273368,1.4454128553992824,0.5194279201166941,0.0056453907573426,0.5210790879311477,0.5211659408116563,0.5277357801687159,0.5107356217802921,0.5164231698916592,0.2909834973625299,0.0045384956966606,0.2886754724907976,0.2866822193106795,0.2867196863063933,0.2973868417449314,0.2954532669598474,1.4623983561992646,0.0160465591469529,1.4511592760682106,1.4519873447716236,1.4927154444158075,1.451134130358696,1.4649955853819847,0.523600593964489,0.0098118648439945,0.5349564776979495,0.5315624009890134,0.5157835009701773,0.5268441311601503,0.5088564590051541,0.276326818027018,0.0151735993685939,0.2870404373844389,0.2865788176052107,0.2480699755158688,0.2872619886008817,0.2726828710286896,1.4642662830650806,0.0187503923796741,1.453810852020979,1.44877640157938,1.500063519924879,1.4656117334961891,1.453068908303976,0.4991729905527254,0.0083015409786104,0.4879864797085785,0.5010868850689654,0.4984421590805981,0.4950860320007155,0.5132633969047697,0.2789344264312684,0.0183472227132693,0.293367422490258,0.2943755681901046,0.2447786372118806,0.2755716866588882,0.2865788176052107,31.0,12.617448236470002,30,20,54,32,19
-300,1.4615288511075473,0.0146190428492319,1.4515272391469856,1.448939259428727,1.4833824383585077,1.4747856516587108,1.449009666944805,0.512985950938251,0.010053626599586,0.5229747290519045,0.5235704996325671,0.4961068338033488,0.5101795515835077,0.5120981406199266,0.2891092545234167,0.0060449691563319,0.2865222413642387,0.2890171678943026,0.2793200872944075,0.296450299778129,0.2942364762860054,1.519186320900917,0.077451602151778,1.450767420232296,1.4493456706404686,1.6245624460279942,1.6019232198596,1.4693328477442265,0.5068212621094443,0.0208705237102973,0.5312393449488355,0.5321594879991987,0.4909421153232059,0.4974208170351128,0.4823445452408689,0.2340877824740286,0.0614277263926329,0.2865788176052107,0.2865788176052107,0.1343758330770271,0.1902225730540047,0.2726828710286896,1.5145694598555566,0.0799095888329423,1.4482798017561436,1.4437079578638077,1.6218087077140808,1.6022042408585548,1.4568465910851955,0.4914946992485792,0.0104206020446633,0.4884385445798286,0.5111893742125471,0.4838890113386924,0.4821263807208907,0.4918301853909371,0.2375469848162605,0.0675338379466125,0.2920138538372269,0.2943755681901046,0.1313888349590886,0.183377849489672,0.2865788176052107,14.8,14.119490075778232,28,35,1,1,9
-275,1.4554914143210964,0.011900262237042,1.4491032023178905,1.4503614601336028,1.4778344480614911,1.443630899881062,1.4565270612114354,0.5122753631565268,0.0154234720890438,0.5260329830457553,0.5106584354837863,0.4846951390111517,0.5276656101779679,0.5123246480639727,0.2903391251599101,0.0038943871378504,0.2860168160061591,0.2875926074922162,0.2880550800707625,0.2955858994886668,0.2944452227417461,1.4832947947084905,0.0451117640375483,1.4473720826208591,1.4519482031464577,1.5700814090669155,1.464051228016615,1.4830210506916046,0.5100751886883547,0.0195951901213385,0.5353068980254662,0.5249861980790378,0.4898647212845848,0.5151717604646268,0.4850463655880578,0.2811906772066262,0.0079107503041675,0.2896008292647153,0.2865788176052107,0.2714466670956431,0.2865788176052107,0.2717482544623514,1.4818604663014412,0.0454920699671151,1.448049109429121,1.4437460750341415,1.5692248828709126,1.4742116667330265,1.4740705974400043,0.4855870952232016,0.0121545229565343,0.4849471483451036,0.5002666644386726,0.4832553355063083,0.4647533653462475,0.4947129624796764,0.2847074830185006,0.0079623535204638,0.2920138538372269,0.2943755681901046,0.2796539304535952,0.2726828710286896,0.2848111915828865,19.2,15.954936540143306,44,27,1,21,3
-250,1.4517832512604565,0.0031627449078757,1.4509817537508514,1.4535012433403416,1.4538590983340616,1.4546249766098829,1.4459491842671444,0.5213209285631446,0.006861678098741,0.5234858371263754,0.5274232160259434,0.508156009583824,0.5217474827569741,0.5257920973226057,0.2894428894734686,0.0046514024498315,0.2864818584363017,0.2851324119627498,0.2855401867643601,0.2937715803185232,0.2962884098854078,1.457454527914524,0.0066031251812805,1.4517692252993584,1.452223014086485,1.4527004323899746,1.4627478644251823,1.4678321033716202,0.5065203543052033,0.0091244819934875,0.5171357028827471,0.5162115370854009,0.5047612147836184,0.5014047087311605,0.4930886080430897,0.2837996282899065,0.0055583786306084,0.2865788176052107,0.2865788176052107,0.2865788176052107,0.2865788176052107,0.2726828710286896,1.4549062170088292,0.0103836721929886,1.4484772272408009,1.4455775395035744,1.4500849395990372,1.4745700135827065,1.4558213651180267,0.4981550674623971,0.0125447657257763,0.52015053394955,0.500031204778103,0.4936554595261355,0.4816995896801582,0.4952385493780388,0.2880206901784478,0.0081856416454124,0.2920138538372269,0.2943755681901046,0.2944523402310067,0.2726828710286896,0.2865788176052107,16.8,7.520638270785266,25,22,20,4,13
-225,1.4523014977103783,0.005817155661365,1.4523453938333613,1.450443612901788,1.4604057048496446,1.4428207259429129,1.455492051024186,0.5174333546640693,0.0072457646031201,0.527228137859039,0.5178949883751063,0.5046595595436676,0.5186020393703702,0.5187820481721633,0.2899781572160301,0.0035232403762403,0.2859210968447679,0.2882294084048094,0.2873445602953868,0.2941800830930081,0.2942156374421785,1.459803545475006,0.0098747690772148,1.4517636187374592,1.4527560956776142,1.463445670902729,1.4533917903900146,1.4776605516672134,0.507708234322877,0.0120879284378744,0.5062842517584937,0.5259450361100473,0.4891382888420007,0.5135664953504652,0.5036070995533785,0.2841328608295643,0.0050313039518922,0.2865788176052107,0.2865788176052107,0.286855318830701,0.2865788176052107,0.2740725325014884,1.457158521562815,0.0093368150040639,1.448732417076826,1.4451040774583817,1.456703256815672,1.467950701713562,1.467302154749632,0.4874941103812583,0.0085442368261989,0.4762306782998939,0.4971941993115641,0.4790056746466185,0.495798003530552,0.4892419961176628,0.2886363521376992,0.0083634643521202,0.2920138538372269,0.2943755681901046,0.2944523402310067,0.2722236873552202,0.2901163110749377,17.2,13.24235628579748,18,20,4,40,4
-200,1.4572530397615937,0.0138535072177991,1.4503012745003951,1.483995307119269,1.4564752829702277,1.445028647623564,1.4504646865945114,0.510554885601081,0.0118523958798846,0.5083285258169837,0.4914645386648139,0.506659954541881,0.523075297487764,0.5232461114939617,0.288740634616634,0.004219081248657,0.2868702483370629,0.2847411703477827,0.2844810331793525,0.2936291924066323,0.2939815288123394,1.4888938643038272,0.0562629604021224,1.450685504823923,1.60009491071105,1.4532497562468052,1.4660909250378609,1.4743482246994972,0.4919307720378854,0.0082599360678215,0.5058020032494907,0.4885823323597584,0.4802480506219015,0.4929296148067768,0.4920918591514998,0.2712685702244075,0.0359727775635956,0.2865788176052107,0.2023951447319662,0.2865788176052107,0.3066154576660992,0.2741746135135507,1.488070947676897,0.0603945058353387,1.447939746081829,1.6069800406694412,1.4462663009762764,1.474897377192974,1.4642712734639645,0.4948079972787789,0.0151847063857876,0.5173005190235962,0.5074975382619955,0.4900635699551274,0.4799086636705781,0.4792696954825974,0.2649053543408711,0.0518010405905284,0.2920138538372269,0.1616681827102697,0.2944523402310067,0.2824514799671097,0.2939409149587425,14.6,10.892199043352084,33,1,14,18,7
-175,1.4524438709961742,0.0053844892089036,1.452529313689784,1.4499964375244945,1.450241460298237,1.446861629737051,1.462590513731304,0.5154857075516694,0.0078451450709419,0.5076252275515543,0.5275508391523016,0.5082803461588808,0.521674217581674,0.5122979073139369,0.2896158936365371,0.0030087800699029,0.2859571075739783,0.2869476891914762,0.2889761076795847,0.2932998359870029,0.2928987277506433,1.459302819520235,0.0145307181995191,1.4505168162286282,1.4501604028046131,1.4521143734455109,1.455615807324648,1.4881066977977753,0.5043420170397399,0.0134850734566806,0.5167216870259226,0.5223740770414562,0.4974253609158587,0.4852809572249397,0.499908002990522,0.2835772492167127,0.0060031367769961,0.2865788176052107,0.2865788176052107,0.2865788176052107,0.2865788176052107,0.2715709756627203,1.458707284927368,0.0149570691585403,1.4493937529623508,1.4467685408890247,1.4458481445908546,1.467332623898983,1.4841933622956276,0.4894181984781548,0.0142787490067241,0.4894809722807057,0.5130936501677207,0.493299251482947,0.4811945939574369,0.4700225245019637,0.2877580681196482,0.0082485117213715,0.2920138538372269,0.2943755681901046,0.2944523402310067,0.2726828710286896,0.285265707311213,19.8,10.342146779078316,27,31,24,15,2
-150,1.453112581403632,0.0107901352148307,1.4498706039629483,1.4455805176182797,1.4522845883118478,1.4439652957414326,1.473861901383651,0.5187215776340783,0.0097765591795529,0.5195815555458208,0.5309165585844293,0.5167245385059436,0.5246669688351933,0.5017182666990045,0.2900222577037027,0.0037761063348513,0.288258320030844,0.2878054267314004,0.2855909959454911,0.2962595128055009,0.2921970330052774,1.480226455628872,0.0521411755731447,1.4494232535362244,1.4544163942337036,1.4533286578953266,1.459660343825817,1.584303628653288,0.5103189426262025,0.0104007618149156,0.5223364669296896,0.5221070334097003,0.5064855037746427,0.5049890381243959,0.4956766708925841,0.2746435730444868,0.023741215930994,0.2865788176052107,0.2884076101864585,0.2865788176052107,0.2844243783963328,0.2272282414292215,1.4819362588226794,0.0560361874031355,1.4513772390782833,1.4515898562967775,1.4469913616776466,1.4664945267140863,1.5932283103466034,0.4936446291620006,0.0123493649194783,0.484648680736028,0.5023366490306763,0.5047195993369197,0.5028432288092264,0.4736749878971528,0.2692324130447185,0.0385470700635031,0.2920138538372269,0.2949952093547427,0.2944523402310067,0.2703637932538809,0.1943368685467353,24.0,13.130118049735882,26,42,26,25,1
-125,1.4511395469464756,0.0041263500483952,1.4520815359918695,1.452956045301337,1.4526168271114952,1.4431143120715493,1.454929014256126,0.5147689032547561,0.0065576389149687,0.5184013692309044,0.5126850140711707,0.5028615943261049,0.520958236114897,0.5189383025307029,0.289264280413804,0.0039319374891588,0.2862932403242003,0.285274860736015,0.2866830933628226,0.2936026255470882,0.2944675820988938,1.4566039524972438,0.0078168049781223,1.4504774659872055,1.4533499963581562,1.4518289268016815,1.4554841071367264,1.4718792662024498,0.5189562583456768,0.0125007127455672,0.5338541218155478,0.5289087288724563,0.5109200859214724,0.521827541985622,0.4992708131332858,0.2837996282899065,0.0055583786306084,0.2865788176052107,0.2865788176052107,0.2865788176052107,0.2865788176052107,0.2726828710286896,1.4546925865113736,0.0071930525629181,1.4509092718362808,1.446477860212326,1.4494247324764729,1.463103074580431,1.4635479934513569,0.4879810706661763,0.0122672721058392,0.4700031120337993,0.4982278864995893,0.5046893143862057,0.4819488209796345,0.4850362194316526,0.2880206901784478,0.0081856416454124,0.2920138538372269,0.2943755681901046,0.2944523402310067,0.2726828710286896,0.2865788176052107,21.8,11.46123902551552,24,20,21,40,4
-100,1.451132651630201,0.0037038955163225,1.448997277962534,1.4522404821295487,1.4515557853799117,1.4458471285669428,1.457022584112067,0.5196231745143719,0.0069973648677015,0.5301238093510929,0.511782029635525,0.5140865055160907,0.5166871264917792,0.5254364015773717,0.289746296030506,0.0039129641168115,0.2862045957260407,0.2873394214397697,0.2862505474936907,0.2953056776035931,0.2936312378894357,1.460494700074196,0.0119857264177339,1.464328732341528,1.4527259580790997,1.4495160318911076,1.4536074101924896,1.4822953678667543,0.5162918149780825,0.011874685642892,0.5321795297216195,0.5293748139435699,0.5071558123002963,0.5071750929958972,0.5055738259290299,0.2899894500320682,0.0154752351577408,0.3186656556139012,0.2865788176052107,0.2865788176052107,0.2865788176052107,0.2715451417308075,1.4605277270078658,0.0125156170527812,1.4671423584222794,1.4468322321772575,1.4458324238657951,1.4643862023949623,1.4784454181790352,0.4910058334486103,0.0198223785565615,0.476234412649505,0.5128676371132356,0.5075153342308258,0.4981460507599241,0.4602657324895613,0.2888865382318711,0.0088138836011875,0.2965354526709519,0.2943755681901046,0.2944523402310067,0.2726828710286896,0.2863864590386027,18.0,8.67179335547152,29,16,23,19,3
-75,1.4485530386473002,0.004921342915056,1.4490682790153906,1.4459916591644286,1.4485971814707703,1.4420618408604673,1.4570462327254443,0.5167565249479313,0.0082113794867337,0.5212470292219479,0.5219629381914594,0.5142535933526733,0.5245112061933281,0.5018078577802483,0.2909992185812914,0.0046197836152878,0.2878316741917463,0.289797118649605,0.2847803883248441,0.2967943924206671,0.2957925193195949,1.4658187240362168,0.0137067334739146,1.453762475401163,1.453816469758749,1.487504955381155,1.4576011635363102,1.4764085561037064,0.5169138960299298,0.012180678392177,0.5178610335844662,0.5301187413732495,0.5236613325694542,0.518765788932755,0.494162583689724,0.2965760144491266,0.0150393714127861,0.2979618819371172,0.2917958839109399,0.3011931012822153,0.3192463340866708,0.2726828710286896,1.4687738679349422,0.0151771901486169,1.4546881392598152,1.4550447463989258,1.4963245205581188,1.4672080837190151,1.4706038497388365,0.4969020085641095,0.0177020455351831,0.4911146486268762,0.5101434449663007,0.5191513881708686,0.4965726832809681,0.467527877775534,0.2955219352996968,0.0058817648687893,0.2928252964186081,0.3002119695764904,0.2945482667496472,0.3034453261485278,0.2865788176052107,30.8,18.301912468373352,27,28,36,60,3
-50,1.454196440797103,0.0107906504404677,1.4486199717772634,1.4499117675580475,1.4547906122709575,1.4431863358146266,1.47447351656462,0.5160384061585113,0.0091458264276103,0.5288421032482364,0.5242348974584212,0.5040053379557627,0.5105266865857286,0.5125830055444073,0.2901655662777721,0.0034974982270554,0.2878851877971774,0.2888627262583221,0.2858242896726745,0.2955454628018028,0.2927101648588834,1.48043018206954,0.0473578880006558,1.4579313658177853,1.450544834136963,1.4528668448328972,1.4662791788578031,1.5745286867022514,0.5104968869355049,0.017709607508038,0.5140107452823863,0.5436833185409593,0.4995332915594119,0.4988685799354838,0.4963884993592827,0.2953034256434168,0.0130830758949485,0.3009151006120975,0.2865788176052107,0.2865788176052107,0.3185721561083532,0.2838722362862116,1.4809112071990966,0.0488066251994965,1.4568024463951588,1.448017694056034,1.450934298336506,1.471647061407566,1.5771545358002186,0.491051437332458,0.0083248025206594,0.4864717547983412,0.499979204451162,0.5022181520152117,0.4839197981329047,0.4826682772646704,0.2952775716974454,0.0067637635245511,0.2973341604435203,0.2948964015234379,0.2944523402310067,0.3054195312124856,0.2842854250767762,17.0,10.936178491593852,23,33,10,18,1
-25,1.4519409867336874,0.008484069471235,1.4466432797281366,1.4488301289708991,1.4687752071179845,1.446450030176263,1.4490062876751548,0.5148446209716547,0.0122063156911526,0.5267066812729054,0.5257168644954674,0.4955059934809921,0.5058560785235845,0.5204374870853239,0.2905983243125353,0.0038768542984713,0.2904358749424769,0.2889483216825499,0.2843209445017843,0.2950126391413151,0.2942738412945501,1.4617277815937997,0.0101320732634503,1.4577406197786331,1.4512019529938698,1.4765938594937325,1.4524533972144127,1.47064907848835,0.5089734479675319,0.0137430336065016,0.5243087350107289,0.5271328613017539,0.4969195368914879,0.4997140541800632,0.4967920524536255,0.2953496150753062,0.0071724845307905,0.3054153502761724,0.2921287787170433,0.2846677493009198,0.2937992049350406,0.3007369921473552,1.4598665215075015,0.0085785183374272,1.4597874656319618,1.4433473721146584,1.466475531458855,1.4657257907092571,1.463996447622776,0.4941406606644962,0.0198497634600938,0.4727926328116472,0.5316508096659235,0.4909707182397476,0.490181211484092,0.4851079311210708,0.2973597795709738,0.0140442591470425,0.2952060678209887,0.3030456327673811,0.2947312432697797,0.2752063501024636,0.3186096038942563,15.8,10.57166022912201,23,32,2,13,9
0,1.4542390938809044,0.0150280593077984,1.44168413689262,1.4486517768157157,1.4585781059767071,1.44081493176912,1.4814665179503592,0.5150842744339752,0.0082143388901499,0.5282771511986811,0.5084001019821915,0.5074361986748687,0.5101993973031793,0.5211085230109551,0.2929402566494177,0.0068914619524064,0.3040098798613282,0.2918770332743007,0.2847578315496629,0.2967810955334818,0.287275443028315,1.487687424570322,0.0540400200084508,1.4531624913215635,1.4725544229149818,1.4590232968330383,1.458687487989664,1.5950094237923622,0.5025254467731556,0.006886938451941,0.5044073702873115,0.5109118547867935,0.4939362254470284,0.5083225965096609,0.4950491868349837,0.2887566859737034,0.0276422118030823,0.2992080334186796,0.2965643997014457,0.2865788176052107,0.3226459286967799,0.2387862504464012,1.485948348045349,0.0569075917588202,1.4471665881574154,1.4624117389321327,1.4542677961289885,1.4669447131454945,1.5989509038627148,0.4986868917763819,0.0155505040380383,0.5022370791855036,0.5184383176751837,0.5025951926990122,0.4995888931843553,0.4705749761378545,0.2898149831666448,0.0225193984402663,0.3007107140550509,0.316792468895406,0.2944523402310067,0.288104968449984,0.2490144242017765,24.8,19.507947098554475,51,24,6,42,1
25,1.4512226747211656,0.0031376517012641,1.4493566111514442,1.4460697688554462,1.4541317688791375,1.4522096019042166,1.4543456228155838,0.512097330182708,0.0045285162865443,0.5153865800570576,0.5080426417457101,0.5057709423728183,0.5178912927857183,0.5133951939522357,0.2904480055853798,0.004042037301481,0.287391327771943,0.2911439613416746,0.2844127263970185,0.2943364252621526,0.2949555871541106,1.4595239877700803,0.0080168986072161,1.4515613242983818,1.4563287310302258,1.4549453258514404,1.4602174796164036,1.4745670780539513,0.5068554550812882,0.0125761101264515,0.519358789626351,0.5230143120446124,0.501387821967466,0.4891564582967421,0.5013598934712692,0.283879697958001,0.0056227822635122,0.2863467942990596,0.2876544516631818,0.2861355551938633,0.2865788176052107,0.2726828710286896,1.457912554591894,0.0091373561210599,1.4522944018244743,1.450546022504568,1.4487706571817398,1.4702525287866592,1.4676991626620293,0.4923302635502201,0.0126978073299666,0.480927171980786,0.5154557085470832,0.492501251274448,0.4923249662425956,0.4804422197061879,0.2882384153709851,0.0084491182845781,0.2911814351139236,0.2962966128760949,0.2944523402310067,0.2726828710286896,0.2865788176052107,15.6,11.217842929904126,28,30,11,5,4
50,1.4521601072110628,0.0139401152847185,1.4467684871272035,1.445682550731458,1.4798821148119474,1.4424392650001927,1.4460281183845118,0.5157668357923534,0.0101969321017719,0.5324751896028009,0.5209291329745079,0.504140399643576,0.5070099838275647,0.514279472913317,0.2895137010721068,0.005297099461136,0.2866683494026295,0.288474713202294,0.2819153913535163,0.2971864583325211,0.2933235930695733,1.4792143501341344,0.0399546782123519,1.4554602168500423,1.4535850137472153,1.5585275813937187,1.4675868228077888,1.4609121158719065,0.526812932003865,0.0095969672904506,0.5305442681042181,0.540345240610193,0.5137634646144823,0.5182137552303708,0.5311979314600607,0.2868655920729864,0.0079035482792407,0.2894583111642791,0.2941158208365154,0.2844270095231377,0.2936439478123103,0.2726828710286896,1.4775062382221222,0.0404149040707351,1.4551391303539276,1.4469721354544165,1.5569823756814003,1.4699035622179508,1.458533987402916,0.5025269990181743,0.0128552186599258,0.499303590032585,0.5128361404612132,0.4807021612300448,0.5020012900115061,0.5177918133555227,0.2914350104210964,0.0083645703730843,0.293277039615887,0.3051492623699098,0.2926868452346318,0.2802441138979835,0.2858177909870697,24.6,12.370933675353692,27,36,1,33,26
75,1.448127350305256,0.0045745863411935,1.4483789644743268,1.4488399794227198,1.4556414014414738,1.4463028819937456,1.4414735241940146,0.5145268216742116,0.0052826475662701,0.5159829064820836,0.5177643259210151,0.521831933928942,0.5094166077415403,0.5076383342974771,0.2911202756673982,0.0047027856427998,0.2883810427970822,0.28926331570221,0.2850952391905667,0.2945703868459109,0.298291393801221,1.4600667081773282,0.0057296976145288,1.4537576586008072,1.469216350466013,1.4621905088424685,1.4541353099048138,1.4610337130725384,0.5240578595972567,0.0070687861448109,0.5249897391815723,0.5225383847944968,0.5123517025078884,0.5260780422887421,0.534331429213584,0.2896174687507886,0.0062744637372506,0.2855636943868165,0.3021202522232731,0.2865788176052107,0.2865788176052107,0.2872457619334322,1.4595947869122028,0.0045510400809175,1.4522871486842632,1.4619206003844738,1.4590509124100208,1.4661777392029762,1.45853753387928,0.5001012294559455,0.0145812496389338,0.4767982539953298,0.5075174673303705,0.4896561655238808,0.5111161177217213,0.5154181427084252,0.2927345930783088,0.0110134096713711,0.2916331783112025,0.3048369734583544,0.2944523402310067,0.2726828710286896,0.3000676023622907,18.2,6.910861017268398,20,15,9,17,30
100,1.4545390543184782,0.0065327851016561,1.4523245761269017,1.4597363597468327,1.4644156518735385,1.4488970367532028,1.4473216470919157,0.5135538334922446,0.0049599385385035,0.5142638770760191,0.5158210936980896,0.5054044305874242,0.5118055867711528,0.5204741793285371,0.2889247079073259,0.0050457706983251,0.2859193376601284,0.2847402681625392,0.2839098720694949,0.2942747160596874,0.2957793455847794,1.4606740541756154,0.0035396410065779,1.4561051428318024,1.4609066396951675,1.4653760455548763,1.4573654681444168,1.4636169746518135,0.5157708607039357,0.0072395783954396,0.5282704068479361,0.5118216972514374,0.5063030996568118,0.5159435077791473,0.5165155919843458,0.2837996282899065,0.0055583786306084,0.2865788176052107,0.2865788176052107,0.2865788176052107,0.2865788176052107,0.2726828710286896,1.4571324676275252,0.0049768258468082,1.45078394562006,1.4549641646444798,1.4581630118191242,1.4658633172512054,1.4558878988027573,0.5074633980434671,0.0103962239891048,0.4873070305446885,0.5154985360182069,0.5147761272024456,0.5113722956109854,0.5083630008410093,0.2880206901784478,0.0081856416454124,0.2920138538372269,0.2943755681901046,0.2944523402310067,0.2726828710286896,0.2865788176052107,8.0,3.286335345030997,12,6,3,8,11
125,1.455674504731831,0.0124395860653301,1.4497440099716186,1.441913077705785,1.4491622598547684,1.477816232882048,1.459736943244934,0.5164891496311969,0.0146546796108423,0.5202791428540621,0.5362636749243864,0.5244415100234883,0.4933650666406017,0.5080963537134455,0.2914686248874756,0.0048047664579974,0.2867321430258304,0.295341267654321,0.2853155417887975,0.2921915652967765,0.2977626066716528,1.484118165820837,0.0451245065630868,1.4551256224513054,1.4519373662769794,1.4578199721872809,1.5713723450899124,1.4843355230987072,0.5170716964803213,0.0109819474399044,0.5218220105195515,0.5358506239861413,0.5125066384876936,0.5039056962672096,0.5112735131410105,0.272407099783672,0.0259756027336521,0.2853177867917437,0.2950035221700866,0.2865788176052107,0.222452501322629,0.2726828710286896,1.4809105597436427,0.0485964566645575,1.4497040137648582,1.4457436725497246,1.4543468914926052,1.5751977190375328,1.4795605018734932,0.5009678669062995,0.0085724654424986,0.5059825526847191,0.5127487006085519,0.493341983289355,0.5035700334172286,0.4891960645316426,0.2780010840467199,0.02846830128923,0.2917640355232733,0.2949221090790271,0.2944523402310067,0.221305141003629,0.2875617943966636,13.8,10.796295661012625,17,29,20,1,2
150,1.4535400674217624,0.0112479048370006,1.4481633211437024,1.4506079887088976,1.4481287052756862,1.4450433103661788,1.4757570116143477,0.5133524902161468,0.0120855820006713,0.5227710419979251,0.509496768008024,0.526309621873684,0.5160789395792665,0.4921060796218346,0.2901259485837322,0.0042100758682794,0.2895353798825257,0.2867761733099311,0.2847277107673377,0.2933275198454733,0.2962629591133934,1.4725540958344936,0.0325566278629278,1.4524702467024326,1.4539937265217304,1.464954674243927,1.4542945586144924,1.5370572730898855,0.5290138777932711,0.0096766231518991,0.5458828609408631,0.529458488177184,0.5270441331136492,0.5269019967302229,0.5157819100044362,0.2853119335136582,0.0054665374282435,0.2865788176052107,0.2866891624921251,0.2916226449958649,0.2865788176052107,0.2750902248698797,1.4731316708028317,0.0337363650033862,1.449917208403349,1.448109369724989,1.4622127078473568,1.4662625789642334,1.5391564890742302,0.502213647272154,0.0150561432556752,0.5030584485947601,0.5296980006763303,0.5013254358888009,0.4886385580384628,0.4883477931624156,0.2879657678298752,0.0082531426561423,0.2920138538372269,0.2943755681901046,0.2947309722123896,0.2726828710286896,0.2860255738809653,17.2,8.328265125462805,22,24,21,18,1
175,1.4485052128842002,0.0035465259764786,1.4528535642121967,1.4490131378173827,1.4512336818795455,1.4427744953255903,1.4466511851862858,0.5192954300996793,0.0091859562330187,0.5323004869621007,0.5167372540773997,0.5254234399477764,0.5050365031279825,0.5169794663831371,0.2910065402489247,0.0035325419961585,0.2882877029928007,0.2896474668876233,0.2868034465121641,0.2943719311987046,0.2959221536533306,1.4607076451182366,0.0092781869895312,1.456681706011295,1.4532774053514004,1.476943962275982,1.4518382139503956,1.4647969380021095,0.5276790618066542,0.0060060435695044,0.5250418126265276,0.5333898606310198,0.5200890758337328,0.5359782858772502,0.5238962740647407,0.2889498688519097,0.0114016059499257,0.2865788176052107,0.2884656020054164,0.3084276792596484,0.2885943743605834,0.2726828710286896,1.4592551425099374,0.0093978723479867,1.4557448029518127,1.448902502655983,1.476243868470192,1.4614736996591091,1.4539108388125896,0.5075164866892736,0.0079862671342011,0.5158074516198241,0.5010985361608338,0.495857676228625,0.5088623182107075,0.5159564512263779,0.2940095689794959,0.0169560653346449,0.2920138538372269,0.2943755681901046,0.3243967342362475,0.2726828710286896,0.2865788176052107,16.2,5.564171097297422,9,19,16,25,12
200,1.4543758224186143,0.0039717174405659,1.4573111659602116,1.4529592187781082,1.4570823468660052,1.44716426949752,1.457362110991227,0.5187173772828755,0.0034129889972019,0.5160995384578244,0.5249937630026494,0.5187734768034525,0.5152641334151957,0.5184559747352553,0.2899864022304262,0.003782350111816,0.2867432985824165,0.2881441364903551,0.285966115344575,0.2945404091282607,0.2945380516065239,1.4641261234879497,0.0112132381132795,1.4576320685446262,1.4596101865172386,1.4625183381140232,1.4548798203468325,1.4859902039170263,0.5249570618675323,0.0061370889992144,0.5247315504661731,0.5230859419326791,0.5209160824446505,0.5366746450251074,0.5193770894690517,0.2838973199029185,0.0053629954045845,0.2865788176052107,0.2865788176052107,0.2865788176052107,0.2865788176052107,0.2731713290937494,1.4637361750006677,0.0092712944703893,1.455000538378954,1.455108821392059,1.4614112563431263,1.4672623053193092,1.479897953569889,0.5040368352641293,0.0100778361370101,0.5113836505527868,0.517841000185671,0.4910196457093148,0.5054815977104912,0.4944582821623831,0.2878535329761579,0.0082218327664227,0.2920138538372269,0.2943755681901046,0.2944523402310067,0.2726828710286896,0.2857430315937616,7.2,2.7129319932501073,6,9,7,11,3
225,1.4523444936149998,0.0024862155270444,1.4528654286735936,1.449555240179363,1.4534201120075427,1.4497014911551225,1.4561801960593777,0.5135389386309559,0.0054165136893117,0.5115452069958337,0.5154768687503755,0.5144768718995197,0.5213952749600619,0.5048004705489888,0.2912924748913686,0.0040724897479529,0.287541699968049,0.2884914208890325,0.2880573987667918,0.2950339345945522,0.2973379202384172,1.4609204299747944,0.0073469109970397,1.45646920055151,1.4596111625432968,1.4561944156885147,1.4569160044193268,1.4754113666713238,0.5305070867806305,0.0064942253764496,0.5394104795691587,0.5265627617475628,0.5359287130014164,0.5293647812013349,0.5212686983836798,0.2848104675009431,0.0063045051433355,0.2865788176052107,0.291519591767246,0.2865788176052107,0.2865788176052107,0.2727962929218371,1.4591287471354009,0.0073284513776417,1.453312821686268,1.4547154009342194,1.4515744149684906,1.4681473709642887,1.4678937271237371,0.509031538876988,0.0116635240552846,0.5169744688095126,0.5199013078947605,0.4868794132420219,0.509549211184934,0.5118532932537116,0.2881408335496846,0.0084771932088429,0.2920138538372269,0.295858174033768,0.2944523402310067,0.2726828710286896,0.2856969286177317,9.0,3.847076812334269,12,14,9,7,3
250,1.4537818712937205,0.0042771753176356,1.4509065941760415,1.4552160225416484,1.459248063438817,1.4471235174881785,1.4564151588239167,0.5145075007942473,0.0023933137765582,0.5191249313374905,0.5142917079109636,0.5128187256913191,0.5137596538567337,0.5125424851747298,0.2913706289464658,0.0040676633015795,0.2904503051701079,0.2852221804551405,0.2896350056845332,0.2946985989554063,0.2968470544671413,1.4619030624628069,0.0081630546667293,1.4545515552163124,1.4580558203160765,1.4656739756464958,1.4550688713788986,1.4761650897562504,0.5331506048991977,0.0083762638753543,0.5359150990430908,0.5295573157195399,0.536595661668327,0.5443916572465003,0.5192932908185309,0.283822312668536,0.0055130098733494,0.2865788176052107,0.2865788176052107,0.2865788176052107,0.2865788176052107,0.2727962929218371,1.4604304507374763,0.0070906345092124,1.4515525586903095,1.452612515538931,1.4625149555504322,1.4673130996525288,1.4681591242551804,0.5109145623843513,0.0144237493548677,0.5017241911670335,0.5330623989613833,0.4900847670147081,0.5152784972289504,0.5144229575496811,0.2878443123809519,0.0082242199796931,0.2920138538372269,0.2943755681901046,0.2944523402310067,0.2726828710286896,0.2856969286177317,8.8,4.749736834815167,13,9,4,15,3
275,1.453419774958962,0.0053033049530352,1.450963723032098,1.4555422720156217,1.4517811474047209,1.446485696340862,1.462326036001507,0.5191249608672616,0.004791463250115,0.5261488232269442,0.5125798080716629,0.5194048828307339,0.5154101679548899,0.5220811222520768,0.2900286924774302,0.0042059175443802,0.2872386031067916,0.2868493435157421,0.285861513722264,0.2960496215299723,0.2941443805123809,1.4605077728629112,0.0103702044254516,1.4516054652631285,1.459700807929039,1.4551995247602465,1.4554295763373375,1.480603490024805,0.5347251304898852,0.0079534077695746,0.5399364416556134,0.5348330436607964,0.5371274766933692,0.5421233743374407,0.5196053161022063,0.2844373810779698,0.0059359743609695,0.2865788176052107,0.2865788176052107,0.289645019338868,0.2865788176052107,0.2728054332353486,1.4604163832962511,0.0093785015926124,1.450502876192331,1.4553836546838284,1.4535090699791908,1.467491164803505,1.475195150822401,0.5146913480899348,0.0054624912511766,0.5143138845736347,0.5246729634825535,0.5080146496791588,0.5127005372895396,0.5137547054247871,0.2881576106452752,0.0086797740248889,0.2920138538372269,0.2943755681901046,0.296736157967927,0.2726828710286896,0.2849796022024275,10.0,5.019960159204453,17,8,13,10,2
300,1.4530402098203958,0.0062979521269454,1.4556758566906578,1.4586242851458098,1.459779974033958,1.4467594109083477,1.444361522323207,0.5157245732942947,0.004793959074667,0.5070536366701066,0.5200858333116773,0.5169775247387798,0.5145638081835453,0.519942063567364,0.2899387873652674,0.0041796090977389,0.2871810118224369,0.2848948335836169,0.2877935862115028,0.2945759013045486,0.2952486039042318,1.4592365883290768,0.0043745212529349,1.454792618751526,1.4593550711870191,1.464146289974451,1.4538629725575447,1.4640259891748428,0.5357485366741448,0.0088468444896747,0.541852328258473,0.5399409340106952,0.5309029579225363,0.5452331990534981,0.5208132641255216,0.2837996282899065,0.0055583786306084,0.2865788176052107,0.2865788176052107,0.2865788176052107,0.2865788176052107,0.2726828710286896,1.457972130924463,0.0049821305965128,1.453527495265007,1.4561522006988523,1.4611019976437092,1.466109562665224,1.4529693983495235,0.5145776031063731,0.0088569602949266,0.5121258958804321,0.5147026515184422,0.5046567899214047,0.5103868007382704,0.5310158774733164,0.2880206901784478,0.0081856416454124,0.2920138538372269,0.2943755681901046,0.2944523402310067,0.2726828710286896,0.2865788176052107,9.8,5.74108003776293,7,6,4,12,20
325,1.4501526365782085,0.0042588008786036,1.4508367274936878,1.454375891936453,1.4550590000654522,1.4455252509368093,1.4449663124586407,0.5165929984548203,0.003033020750385,0.5191335074891575,0.5128689745463604,0.5192022134881311,0.518867556999351,0.5128927397511014,0.2898009460031853,0.0045142943369833,0.2864137605543929,0.2843176798642489,0.2880335647690211,0.2945499264574077,0.2956897983708561,1.4573493503034114,0.0059735190055841,1.4515564180910587,1.4587788805365562,1.4552088156342506,1.452950157225132,1.4682524800300598,0.5356244594772536,0.0081490789884535,0.5417365090389471,0.544012451730994,0.5318437086202871,0.5389991199675362,0.5215305080285029,0.2836808107552707,0.00550669677862,0.2858713080388843,0.2866922394983582,0.2865788176052107,0.2865788176052107,0.2726828710286896,1.4548883944749833,0.0055987173792172,1.4496602155268192,1.4540797546505928,1.4499524310231209,1.4650745578110218,1.4556750133633614,0.5007897879070651,0.0101575391528581,0.5040656041814177,0.4960596222027453,0.4896499146690548,0.4952680885925289,0.5189057098895785,0.2880206901784478,0.0081856416454124,0.2920138538372269,0.2943755681901046,0.2944523402310067,0.2726828710286896,0.2865788176052107,13.2,3.54400902933387,17,10,8,16,15
350,1.4509799344916092,0.0061568870421681,1.4452457064076474,1.4576334790179604,1.4576700461538217,1.4427777227602507,1.4515727181183664,0.5194186280504337,0.0079126428016319,0.5263020971034003,0.519956369207375,0.5075754155098859,0.5292236904872142,0.5140355679442932,0.2895379647377595,0.0038772802218854,0.2882965755553904,0.2843902755716451,0.2870011724539215,0.2946550637865881,0.2933467363212524,1.4594565764069558,0.006514822062633,1.4537732303142548,1.4565417356789112,1.462300542742014,1.4537670612335205,1.4709003120660782,0.535869072571009,0.0053537474517919,0.5458388337799247,0.533752410536347,0.5338510833430928,0.5359797289171803,0.5299233062785004,0.2845839347018359,0.0061413020762943,0.2905003496648579,0.2865788176052107,0.2865788176052107,0.2865788176052107,0.2726828710286896,1.456925603747368,0.0049146345120968,1.4518313631415367,1.4513550326228142,1.4570797234773636,1.4642454758286476,1.4601164236664772,0.511292936618255,0.0056970345353576,0.5025243911717006,0.5149766038849868,0.5074925885958574,0.5127432302777486,0.5187278691609818,0.2882733273341797,0.0083233211097007,0.293277039615887,0.2943755681901046,0.2944523402310067,0.2726828710286896,0.2865788176052107,16.0,11.593101396951552,33,7,6,27,7
375,1.449681087795057,0.0034599782070909,1.4511034777289942,1.444186470383092,1.449765403647172,1.4485378152445745,1.4548122719714516,0.5182387855227959,0.0032684273310133,0.5179085609699999,0.5147209052242778,0.5168427934731786,0.5244125579268388,0.517309110019684,0.2929212118800303,0.0047025021341288,0.2870433568240854,0.2999803552328905,0.2884343085654461,0.2940303742860812,0.295117664491648,1.4573290653526785,0.0073322618776631,1.453762423247099,1.4524052254855633,1.4545313492417336,1.4540203362703323,1.4719259925186634,0.5372952775232782,0.0045403048069845,0.5379006081183713,0.5363559181660996,0.5415303425398439,0.5415204455905609,0.5291690732015155,0.2841078899010868,0.0061068257992337,0.2865788176052107,0.2865630398097176,0.2888019444920831,0.2865788176052107,0.2720168299932119,1.4568092577159404,0.0074751582432441,1.4528386406600475,1.4481033831834793,1.4515878185629845,1.4662057235836985,1.4653107225894928,0.5027089090745992,0.0078211957471585,0.4931358159523358,0.4946494422150718,0.5082985691805888,0.5039608528651233,0.5134998651598764,0.2878683188243475,0.0081003775250683,0.2920138538372269,0.2943755681901046,0.2938548979581885,0.2726828710286896,0.2864144031075277,15.8,8.37615663654877,15,30,17,13,4
400,1.4500980121211002,0.002260813916312,1.447339941325941,1.4493438846186588,1.4520316575702867,1.4483977267616674,1.4533768503289477,0.5154646883928796,0.0070316563390174,0.5141927912529541,0.5092795230129434,0.5077456033527523,0.5270903951428523,0.519015129202896,0.2905219498878927,0.0036979294475807,0.2864203357029122,0.2888076716035203,0.2881406723069791,0.2967820321607531,0.2924590376652988,1.4574336767196656,0.0058944968751244,1.4518953077495098,1.4548064395785332,1.455095387995243,1.4565408676862717,1.46883038058877,0.5374220731872987,0.0038816284614047,0.534513347324321,0.5363408553131803,0.53823972325114,0.544485683128461,0.5335307569193913,0.283748475016097,0.0055336886763588,0.2865788176052107,0.2863230512361631,0.2865788176052107,0.2865788176052107,0.2726828710286896,1.4546313658356669,0.0080510717813351,1.4474776424467564,1.447304978966713,1.4506817683577538,1.467958439141512,1.4597340002655983,0.5050019812662403,0.0099654587492869,0.5016501172848093,0.4944394547995051,0.497896619658102,0.5083582312533017,0.5226654833354832,0.2880206901784478,0.0081856416454124,0.2920138538372269,0.2943755681901046,0.2944523402310067,0.2726828710286896,0.2865788176052107,14.6,8.593020423576334,29,19,12,8,5
425,1.4516194893184462,0.0051312607628492,1.4595857193595485,1.4554151146035446,1.4488706701680234,1.445438430183812,1.448787512277302,0.5175421951895476,0.0083452448367785,0.5091960852969645,0.5155554604778051,0.5133436052983698,0.5161072963541671,0.5335085285204317,0.2912410125565758,0.0042986064397545,0.2894623793751968,0.2870262852636501,0.2869975355358464,0.2956317272789108,0.2970871353292752,1.4615288071334362,0.0051727085668631,1.4623028300702572,1.4591242112219334,1.4620407596230507,1.45413463935256,1.4700415953993795,0.536402015197732,0.0075689570559828,0.5281834772967808,0.5328990692477219,0.5422858811940161,0.5481234313765514,0.5305182168735897,0.2836543321467615,0.0054929414616295,0.2865788176052107,0.2865788176052107,0.2858523368894855,0.2865788176052107,0.2726828710286896,1.4590960450470447,0.004066120183635,1.459963172674179,1.4544183500111103,1.4560998268425465,1.466233767569065,1.4587651081383228,0.5071850970098113,0.0130509146099386,0.4915073095984966,0.492466691995826,0.5115844880137045,0.5161875051509339,0.5241794902900957,0.2886156292277809,0.0087220077145473,0.2920138538372269,0.2943755681901046,0.2974270354776729,0.2726828710286896,0.2865788176052107,10.8,6.493073232299171,4,7,22,14,7
450,1.4596497849414225,0.0086241897232472,1.4524559824090255,1.4550935845626027,1.4675923234538029,1.450852087924355,1.4722549463573256,0.5112556912775847,0.0076329603717546,0.5096645553967517,0.5189503302812741,0.5104474524483569,0.5189738218962584,0.4982422963652826,0.2897453274603243,0.0039490673170736,0.2863963466016606,0.2874518500032204,0.2859995427060889,0.2931357054737378,0.2957431925169137,1.491390361636877,0.0604581514489754,1.4559488743543625,1.4568223915994167,1.4769317470490932,1.4560086205601692,1.6112401746213436,0.5360293745566292,0.0031447869902126,0.5372819934462097,0.5352791617297942,0.5306296564405256,0.5402341291417057,0.5367219320249111,0.2753381691440293,0.0228913930377898,0.2865788176052107,0.2865788176052107,0.2873946482966359,0.2865788176052107,0.2295597446078785,1.4911197148263455,0.0621545453562508,1.4543239548802376,1.4499835073947906,1.468995075672865,1.467749584466219,1.6145464517176151,0.5005762088634139,0.0139337037441181,0.4854215879298388,0.4854840092663447,0.5113243201425866,0.5205157977484771,0.5001353292298221,0.2765683780318974,0.0240826566780892,0.2920138538372269,0.2943755681901046,0.2926898374400173,0.2726828710286896,0.2310797596634486,6.2,4.1182520563948,12,8,2,8,1
475,1.4523397694135969,0.0058970663009225,1.4601786914624666,1.4517434107629876,1.4576611656891671,1.447611625571,1.444503953582362,0.5151599626150173,0.0049860675744962,0.5139263721082323,0.5129688684040744,0.5096375522109245,0.5245048261006482,0.5147621942512066,0.2891962860975347,0.0047389233455829,0.286791468148232,0.2855934557218723,0.283828206887305,0.2948418804514188,0.2949264192788458,1.4608043111860751,0.004861293834257,1.4632128439843657,1.4544771015644071,1.4648761972784996,1.4554487727582457,1.4660066403448582,0.5349874774003921,0.0061019326260446,0.5288611842586702,0.5351705375101049,0.5401426331091346,0.5275803377251727,0.5431826943988782,0.2837114806970928,0.0055234877010068,0.2868371084215373,0.2858797888248157,0.2865788176052107,0.2865788176052107,0.2726828710286896,1.4570240423083305,0.0078546915859906,1.4605807773768902,1.4441084526479244,1.4585672989487648,1.4678634591400623,1.454000223428011,0.5121763367682568,0.0166511753667157,0.4849249718530841,0.5117415084214326,0.5054628619613806,0.5275400179730495,0.5312123236323372,0.2880206901784478,0.0081856416454124,0.2920138538372269,0.2943755681901046,0.2944523402310067,0.2726828710286896,0.2865788176052107,12.2,6.337191807101944,4,21,8,10,18
500,1.450306355325799,0.0025928305199075,1.4529813678641068,1.45182720360003,1.451922345161438,1.4489243971674066,1.4458764628360146,0.5173912795802892,0.0033394487548513,0.5119589584558679,0.5151604739188232,0.5198702277473808,0.520902592813008,0.5190641449663664,0.2897703476799448,0.0034864595875079,0.2862370414537458,0.2857634482266344,0.2893228395281211,0.294024451101839,0.293503958089384,1.458083277195692,0.0038005761154981,1.455630645155907,1.45754723995924,1.4567430838942528,1.4550154283642769,1.465479988604784,0.537226503025845,0.0049635480067784,0.5371428116754978,0.5451112180560601,0.5341816595636416,0.5393443339509818,0.5303524918830433,0.2836611591794363,0.0054956895868293,0.2865788176052107,0.2865788176052107,0.2858864720528594,0.2865788176052107,0.2726828710286896,1.4554143115878104,0.0060400521483773,1.453996915370226,1.4501855596899986,1.4512991607189178,1.4670489616692066,1.4545409604907036,0.513097908780807,0.0134145180816998,0.5005523006068214,0.5110996698835624,0.4969062255589566,0.5270774706064221,0.5298538772482722,0.2880206901784478,0.0081856416454124,0.2920138538372269,0.2943755681901046,0.2944523402310067,0.2726828710286896,0.2865788176052107,12.2,2.1354156504062622,12,11,14,9,15
525,1.4564015506443224,0.0122702877143769,1.453207876807765,1.4488449021389609,1.4555585183595356,1.4797707018099333,1.4446257541054173,0.5147269261644104,0.0029951415905689,0.5161936504126893,0.512112492027936,0.5129095660411022,0.5124565155298035,0.5199624068105212,0.2894911993152056,0.0039025244639031,0.2864701117920239,0.2868987403481116,0.2868568048236419,0.290504995126072,0.2967253444861786,1.487358393520117,0.0528772552639621,1.456528972834349,1.4571968875825403,1.4647331573069096,1.5928536728024485,1.465479277074337,0.5371877879222026,0.006786398180043,0.5377752624100357,0.5485801764598377,0.5386349065026277,0.5284857940747715,0.5324628001637398,0.2773469350230974,0.0127113359730281,0.2865788176052107,0.2865788176052107,0.2865788176052107,0.2543153512711648,0.2726828710286896,1.4813609696924686,0.0562185871643297,1.4528481028974056,1.4490637816488745,1.4569484069943428,1.5936828777194023,1.4542616792023182,0.5079747780621292,0.01994233927785,0.4786740013868155,0.4981609099519068,0.5052011111250622,0.5202983654810306,0.5375395023658308,0.2830711919745896,0.0177995470642583,0.2920138538372269,0.2943755681901046,0.2944523402310067,0.2479353800093989,0.2865788176052107,10.0,5.477225575051661,10,14,8,1,17
550,1.4511270598361368,0.0059239950178088,1.4609608060435244,1.4525620535800332,1.4518726587295532,1.446530338337547,1.4437094424900256,0.5131012784142793,0.0060929917462101,0.5210097801017418,0.5139541400296708,0.5177755642985391,0.5086466028606585,0.5041203047807861,0.2920933329242668,0.0046263707261928,0.2861114833531052,0.2878695453183923,0.2920001835522832,0.2976625151056624,0.2968229372918911,1.4599645242094994,0.0045599605759175,1.4646585956215858,1.4568580947816372,1.4562545530498028,1.4557216353714466,1.4663297422230244,0.5354784470965691,0.009275805509077,0.5352721481242566,0.5442857514248052,0.5462502955375731,0.5208470621871386,0.5307369782090715,0.2844776541409725,0.0060417856318827,0.2865788176052107,0.2865788176052107,0.2899689468605404,0.2865788176052107,0.2726828710286896,1.4562274664640429,0.0069862271278507,1.4601542130112648,1.4485433734953403,1.4504944495856762,1.467742849141359,1.4542024470865726,0.5026688041275577,0.0150203913611949,0.4853978538345416,0.4845113080697488,0.5191359485601043,0.5071922348412505,0.5171066753321432,0.2879320376961782,0.0081176229718474,0.2920138538372269,0.2943755681901046,0.2940090778196592,0.2726828710286896,0.2865788176052107,13.0,5.291502622129181,4,16,18,10,17
575,1.458721096892106,0.0103502788580016,1.4508422261790226,1.4565913413700304,1.4527769026003383,1.4790758998770464,1.4543191144340917,0.5067284197469696,0.0113757337290397,0.5109883587701403,0.5131286483252193,0.5117559654712329,0.4840589401236731,0.5137101860445822,0.2883922725263156,0.0036955889482473,0.2858562151905339,0.2853727419140244,0.2864197571122597,0.2889539228217813,0.2953587255929787,1.4862883269786835,0.0500092804644421,1.4549209959805012,1.457682140171528,1.4595779180526731,1.5854510739445686,1.4738095067441463,0.523234715756484,0.0109782952392019,0.5276716077430939,0.5292172237195869,0.5326113907779966,0.5018633593706197,0.5248099971711224,0.2774741168522547,0.0124813607106736,0.2865788176052107,0.2865788176052107,0.2865788176052107,0.2549512604169517,0.2726828710286896,1.4813620075583458,0.0496353164381288,1.4556957855820656,1.451895892620087,1.452581416815519,1.5800736658275127,1.4665632769465446,0.5025140732503243,0.011006252682052,0.4835983326738706,0.5060243333071426,0.5033929441261542,0.5178171919816272,0.5017375641628267,0.2830591145618928,0.017943923810089,0.2920138538372269,0.2943755681901046,0.2944523402310067,0.2475984917204246,0.286855318830701,8.6,5.462600113499065,15,9,14,1,4
600,1.4533676812523288,0.0062987796201297,1.4632588562212492,1.453094122284337,1.456931085335581,1.4474462948347393,1.4461080475857384,0.5114422601792749,0.008099598477383,0.5077239488038872,0.5155833132643763,0.5159265286333165,0.497480165275124,0.5204973449196698,0.2898863782261326,0.0047726669362008,0.2871434166286848,0.2860727402904873,0.284910978175614,0.2951157389728888,0.2961890170629885,1.4633276484906674,0.0095982639843935,1.4801620952785015,1.4561376348137856,1.4574510864913464,1.4549665972590446,1.4679208286106586,0.5245910627768655,0.003646562526145,0.5218884756798449,0.5309049330794866,0.5210131737991613,0.5263794015276742,0.5227693297981605,0.2830618765614665,0.0053825625876912,0.2828900589630108,0.2865788176052107,0.2865788176052107,0.2865788176052107,0.2726828710286896,1.4608765721321106,0.010829583323048,1.4788114093244076,1.4510997906327248,1.4510237760841846,1.4676670841872692,1.4557808004319668,0.5110351688892398,0.0166048774266838,0.4815423562406908,0.5083081860898423,0.5314521887632028,0.5196605135872935,0.5142125997651702,0.2878692929041239,0.0081170995742362,0.2912568674656079,0.2943755681901046,0.2944523402310067,0.2726828710286896,0.2865788176052107,11.6,5.314132102234569,3,14,8,16,17
625,1.4539271623209902,0.0088086139463462,1.465161959748519,1.450543180264925,1.4636784177077444,1.444749987752814,1.4455022661309491,0.5107250866046593,0.005858147542102,0.5029000188027255,0.5121479850913674,0.5057451407283458,0.5194785781073971,0.5133537102934608,0.2904792893636718,0.0042139340503959,0.2891244616959665,0.2858067085844286,0.2865529910589959,0.2957422146987291,0.295170070780239,1.4642950505018235,0.0076591898762522,1.4736109599471092,1.4543140195310116,1.469779372215271,1.4561749920248983,1.4675959087908268,0.5251843306531422,0.0061177575897918,0.517180952889078,0.5321044160051309,0.5209175459803643,0.5232400597843381,0.5324786786067992,0.283238912825727,0.0053157158593782,0.2853028085410085,0.2865788176052107,0.285051249348515,0.2865788176052107,0.2726828710286896,1.4602558679878712,0.0086522158002704,1.4696838706731796,1.4468254782259464,1.4611639715731144,1.468853883445263,1.4547521360218525,0.5120788199415524,0.0176307947951454,0.4800695296898831,0.5202854070338405,0.5230203350308036,0.5071107285329401,0.5299080994202943,0.2877468556446342,0.0080042604992317,0.291548167562717,0.2943755681901046,0.2935488538364489,0.2726828710286896,0.2865788176052107,11.0,7.014271166700073,2,18,3,15,17
650,1.452551232388145,0.003803486005696,1.453576502047087,1.450148286317524,1.4510538176486367,1.4594262348978142,1.448551321029663,0.5129380032868127,0.0106122696918121,0.5113292787661176,0.5056910927036593,0.5102563791387051,0.5039714649653273,0.5334418008602546,0.29073830861442,0.0024062106536527,0.2896835165085843,0.2880652640822386,0.2887154199819579,0.2934347912569407,0.2937925512423789,1.4620891310274602,0.0072894031742015,1.459188126027584,1.454685240983963,1.4556864798069,1.473750364035368,1.4671354442834854,0.5243304499744754,0.004717759281973,0.5215666642498556,0.5305232689136143,0.5268280613071803,0.5168121235787567,0.5259221318229697,0.2833453895217481,0.0053776420944843,0.2865788176052107,0.2862158675471387,0.2865788176052107,0.2846705738224906,0.2726828710286896,1.457674613595009,0.0118126447246419,1.4576554745435717,1.4469694718718529,1.4487557746469977,1.4799585305154324,1.45503381639719,0.5010472160035223,0.0132516275633983,0.4766780114418892,0.5094504303986676,0.5154593397312381,0.5033472154492823,0.5003010829965344,0.2879334355934618,0.0083493576211895,0.2920138538372269,0.2943755681901046,0.2944523402310067,0.2722465981037603,0.2865788176052107,9.8,3.9698866482558417,8,14,11,3,13
675,1.4576123312899942,0.0119562011548038,1.4469527319857949,1.4525655231977763,1.4786049604415894,1.462747197402151,1.4471912434226588,0.5112427704016167,0.0080814970428749,0.5153797921274099,0.5035291944132744,0.5122976404982941,0.5014210457117941,0.5235861792573111,0.2904508857042903,0.0037027233302844,0.2924422128593933,0.287988142041453,0.2843667831233692,0.2936375666022842,0.2938197238949515,1.4948369547724725,0.0638630772973757,1.4531771540641785,1.4567717500030994,1.6215885616838932,1.475580643862486,1.467066664248705,0.525328522974562,0.0071692348590111,0.5216136750726692,0.5284279290852224,0.5226179283299421,0.5164866697836714,0.5374964126013051,0.2654897042577037,0.0334014284357808,0.2854965665229597,0.2854965665229597,0.1993907230121411,0.2843817942017684,0.2726828710286896,1.4906705394387243,0.0654137584827179,1.4483919851481917,1.4487334340810776,1.6191507801413536,1.4819872863590715,1.4550892114639282,0.5202908012622446,0.0146850439543166,0.535105402264159,0.5277146144629998,0.516162829652216,0.5288797427308665,0.4935914172009819,0.2659623389192965,0.0427864610712022,0.295220756753432,0.2943755681901046,0.1820942045974767,0.2715423474502588,0.2865788176052107,10.6,8.212186067059125,22,11,1,2,17
700,1.466207769544501,0.0088422350204533,1.457088017463684,1.454598098052175,1.468682871366802,1.4756777060659307,1.4749921547739129,0.5070947401044578,0.0064187996193189,0.516829791160073,0.5100063225898197,0.5083461994980305,0.498627180068278,0.501664207206088,0.288315524750681,0.0032983641658936,0.2865518149374291,0.2854928747611996,0.2850578933742523,0.2932228488620507,0.2912521918184731,1.5107230938971044,0.056221598338181,1.4599888920783997,1.4586747884750366,1.4771477691829205,1.5719262063503263,1.585877813398838,0.5201571996799625,0.0074767855416178,0.5202817009250924,0.5338735008991506,0.5180899961161233,0.5112890377582879,0.5172517627011584,0.2759482159125351,0.0132856296225367,0.2865788176052107,0.2851336164648876,0.2834439987777858,0.2736061408599595,0.2509785058548318,1.507889050245285,0.0617325650580051,1.4564550518989563,1.4511907659471035,1.4667710438370705,1.568988636136055,1.59603975340724,0.5069747837751812,0.0114598840866699,0.5185079268034314,0.5161388887990164,0.5063187753085783,0.5078719137101084,0.4860364142547719,0.2739627502415037,0.0289863955065112,0.2920138538372269,0.2943755681901046,0.2953027677699503,0.2687070606703484,0.2194145007398885,3.8,3.1874754901018454,6,9,2,1,1
725,1.454850604408666,0.0085855328291411,1.4671290974867972,1.4485124286852384,1.4498657941818238,1.463099768287257,1.445645933402212,0.5150475994948462,0.0063834176501381,0.5109596597543759,0.5184627117521368,0.5084857391476305,0.5113801134116548,0.5259497734084334,0.291156948137434,0.0024425217117921,0.2871992448246313,0.2928159145249459,0.2893993669748917,0.2934064969033916,0.2929637174593097,1.465425194054842,0.0080203945869055,1.4741202406585217,1.4552562646567822,1.4572323262691498,1.474051758646965,1.4664653800427914,0.5181472430931924,0.0066790388769473,0.5156960335874516,0.5291700929401993,0.5176657680853567,0.5085084608875368,0.5196958599654172,0.2843213350945887,0.0059314732270426,0.2865788176052107,0.2894472862521392,0.2865788176052107,0.2863188829816929,0.2726828710286896,1.461492481827736,0.0149680518496311,1.474096067249775,1.445667739957571,1.449361678212881,1.4841006807982922,1.4542362429201603,0.5025247502080469,0.0096803314223952,0.4889647192511018,0.5092238463918703,0.511796390525989,0.5100062463524313,0.4926325485188418,0.2879189426602512,0.0083765929495838,0.2920138538372269,0.2943755681901046,0.2944523402310067,0.2721741334377071,0.2865788176052107,10.4,7.391887445030531,2,19,11,2,18
750,1.4633002215937565,0.0068846094129541,1.4629359282945331,1.4542481259295814,1.4675311854011135,1.4580325678775186,1.4737533004660357,0.5093971977824534,0.0116007986466379,0.5120971761193153,0.516036238144805,0.5120627719491742,0.5198625286174023,0.4869272740815705,0.2887813710016365,0.0036963908645443,0.2861745128176357,0.2846390995608097,0.2866557779261858,0.2937003480754765,0.2927371166280748,1.4911523692309856,0.0444428904775077,1.4706656709313393,1.462356898933649,1.4735492058098316,1.4694576002657411,1.579732470214367,0.5190048575558694,0.0058906714030395,0.5134935992624142,0.5217437551049628,0.5188567330200232,0.5285687401841902,0.5123614602077564,0.2763715168661301,0.0202708593384594,0.286544556080175,0.2854965665229597,0.2873900117612057,0.2865788176052107,0.2358476323610991,1.4918514139950276,0.0471702503909788,1.4731092266738417,1.453995145857334,1.4673277288675308,1.4802158176898956,1.5846091508865356,0.5081841784750692,0.0075599788530483,0.4938979552184735,0.5142843841432452,0.5108400385073663,0.5076241404617662,0.5142743740444952,0.2786799339285989,0.0221615571109803,0.2921987874121061,0.2943755681901046,0.2964061116702547,0.2726828710286896,0.2377363313418396,3.6,2.8000000000000003,3,9,2,3,1
775,1.4593641785571452,0.010845169934337,1.478994769799082,1.447196408321983,1.456416652077123,1.4528761675483302,1.4613368950392072,0.5104633823767981,0.0103441702633783,0.4921373241764068,0.5227088442507649,0.5135559031298402,0.5161517952119193,0.5077630451150594,0.2895523785787678,0.0041718314751367,0.2837993966184263,0.2893531792973771,0.2862926706288027,0.2935144053476129,0.2948022410016201,1.494645607471466,0.0582045950407381,1.6087917797267437,1.4551886022090912,1.4609524682164192,1.4604161381721497,1.4878790490329266,0.519361457413939,0.0086558517222444,0.5181700457223012,0.5256866505479564,0.5233770082747827,0.526517339537502,0.5030562429871531,0.2691847136543789,0.0266936477551795,0.2173101718918752,0.2854965665229597,0.2865788176052107,0.2865788176052107,0.269959194646638,1.4940741568803788,0.063449416657594,1.6189274080097675,1.4457558430731297,1.455974578857422,1.4720340371131897,1.4776789173483849,0.5040906178823201,0.010218362861822,0.510590510475404,0.5157285173272573,0.4918413468720611,0.4917388228764146,0.510553891860463,0.2622349734200669,0.0502697603543559,0.1629565615037848,0.2943755681901046,0.2944523402310067,0.2726828710286896,0.2867075261467491,6.2,5.706137047074843,1,17,6,5,2
800,1.4539336676346628,0.0041616793158389,1.45760985675611,1.4549600927453292,1.457842499331424,1.4527642237512688,1.446491665589182,0.5212202797274397,0.0063281353927777,0.5170429750279547,0.520110275800921,0.5141404038170991,0.5221623915323461,0.5326453524588773,0.2901565225578111,0.003807765864413,0.2855069438860377,0.2872364406106918,0.2888927473436875,0.293641032909395,0.2955054480392434,1.4638630621135236,0.0039125493242079,1.462458159774542,1.4571293145418167,1.4652311578392982,1.4657598473131657,1.468736831098795,0.5249751110131904,0.0028557487905649,0.5229769270519787,0.5264428047979981,0.5276100091205896,0.5274917084696595,0.5203541056257258,0.2836835653476248,0.0055049372066631,0.2865788176052107,0.2865788176052107,0.2865788176052107,0.2859985028938021,0.2726828710286896,1.4605514727532865,0.0091456595223908,1.4616079181432724,1.449703250080347,1.4580541104078293,1.4771283753216269,1.4562637098133564,0.5064895770389565,0.004250253398721,0.5088152908674252,0.509650001209106,0.5032745276776142,0.4997857933296109,0.5109222721110259,0.2877214353001628,0.0087488729263519,0.2920138538372269,0.2943755681901046,0.2944523402310067,0.271186596637265,0.2865788176052107,8.6,4.317406628984581,6,11,5,5,16
825,1.4585965891888268,0.01221526203948,1.4811632206565457,1.460544104325144,1.4500991620515522,1.4546220578645406,1.4465544010463514,0.5179128530608341,0.0153677261498229,0.4934909095127084,0.5153248666528203,0.5158584824901317,0.5237525119160109,0.5411374947324992,0.2904861065491949,0.0064529286854707,0.2811411981888434,0.2865862928252765,0.2897898197308687,0.2994572238828017,0.2954559981181843,1.4927596770226956,0.056358958755316,1.6052003763616085,1.467786319553852,1.4577934071421623,1.469179384410381,1.4638388976454737,0.5242186939425973,0.0056444520328653,0.5282866254769141,0.5289965407422242,0.529147741983191,0.5179456386873178,0.5167169228233398,0.2712170765565497,0.0239836633668023,0.2244313072247145,0.2865788176052107,0.2865788176052107,0.2858135693189229,0.2726828710286896,1.4934907920658589,0.0644927648073172,1.6208972297608852,1.4635534062981606,1.4499072171747684,1.4791295044124126,1.453966602683067,0.4993413585124724,0.0097239405330412,0.4873498942182291,0.5120057358090543,0.4887832651821693,0.5063163978628725,0.5022514994900367,0.2618326300642453,0.0506253528628131,0.1619356499988469,0.2943755681901046,0.2944523402310067,0.2718207742960571,0.2865788176052107,7.2,5.635601121442148,1,4,14,3,14
850,1.455023593400654,0.0107348386311459,1.4469315227709318,1.4676403459749725,1.4684257218712256,1.4484284614261829,1.4436919149599576,0.5201821773577932,0.0051445720204846,0.5115708294061172,0.5172387232232881,0.5237821761822151,0.5225920280994634,0.5257271298778814,0.2905511290445128,0.004180813038609,0.2921722559726815,0.2858116824784953,0.2853160566643842,0.2946570432710254,0.2947986068359776,1.4643061988055706,0.0084528122864723,1.4533739686012268,1.4739321693778038,1.4730193242430687,1.4560350626707077,1.465170469135046,0.5246087932599235,0.003197598242057,0.5226924799904694,0.5231310160736931,0.5205629378226234,0.527547182249184,0.5291103501636476,0.284413576917227,0.0049298945018343,0.2865788176052107,0.2871711096176511,0.2871711096176511,0.2865788176052107,0.2745680301404112,1.4612186551094055,0.0071848010993625,1.4493134245276451,1.4676541276276112,1.4642891511321068,1.4680151976644993,1.4568213745951653,0.5109845785136431,0.0090394933582401,0.5032678803197619,0.5223354848160566,0.4986935874728076,0.5113359554065048,0.5192899845530843,0.2879889070243315,0.0081901957579188,0.2917579423936647,0.2937160457375066,0.2952088583565861,0.2726828710286896,0.2865788176052107,13.2,11.338430226446691,19,2,2,11,32
875,1.459749839682328,0.0056094702039741,1.4628938725120142,1.4537002425444754,1.4674826898072897,1.4528977343910618,1.4617746591567993,0.5166485923562568,0.0037056317869142,0.521710748730556,0.5113934600398815,0.5192618365548638,0.5171205398880393,0.5137563765679436,0.2890625169141851,0.0038019669398088,0.2870474793843514,0.2846590648080513,0.286378952034449,0.2939288041379134,0.2932982842061608,1.4691725499927997,0.0111791241314879,1.4683561697602272,1.4543320871889591,1.4740319140255451,1.461881686002016,1.4872608929872513,0.5150403595456504,0.0076855773190616,0.518645654413461,0.5181414694325718,0.516235653106106,0.5220457486839766,0.5001332720921368,0.2838810168971465,0.0055256524134614,0.2865788176052107,0.2865788176052107,0.2868371084215373,0.2865788176052107,0.2728315232485628,1.4655583962798118,0.0108896641245565,1.4647314250469208,1.4460219331085682,1.4660621620714664,1.4729279913008213,1.4780484698712826,0.5006664610780833,0.0078828823178915,0.503465642997179,0.487889866069988,0.5093262889460005,0.4956789391976401,0.5069715681796084,0.2881052766446131,0.0082535695142926,0.2920138538372269,0.2943755681901046,0.2948752725618337,0.2726828710286896,0.2865788176052107,5.0,4.147288270665544,3,13,2,5,2
900,1.4680301791743229,0.0141987009186938,1.477208978251407,1.4805107442956222,1.4802673465327212,1.4557597863046747,1.446404040487189,0.5121718069266625,0.0093438890789942,0.5150333923381266,0.5052047245494301,0.4982990840255418,0.5247492153567562,0.5175726183634579,0.2887698130385011,0.0054804106294327,0.2854944560148054,0.2867878832102102,0.2813615033285392,0.2955645490670776,0.2946406735718732,1.5471854515373706,0.0697586654735856,1.6348829194903374,1.568913251161575,1.600803755223751,1.464691985398531,1.4666353464126587,0.5115094396008534,0.0029979061081,0.5136706610921778,0.5095401689071495,0.5148192274857685,0.5128652177308763,0.5066519227882942,0.2481623768787832,0.0506102141094299,0.149136689257375,0.2778816293390727,0.254531877163568,0.2865788176052107,0.2726828710286896,1.5479627273976804,0.0721242050914632,1.6429334245622158,1.5742590725421906,1.5939775854349136,1.474058035761118,1.4545855186879637,0.5051463815775269,0.0079751764786101,0.5072595902692077,0.5196253595502616,0.4999061938638656,0.4970191336598266,0.501921630544473,0.2399220851025779,0.075845342871292,0.0894363905280381,0.2885170554594936,0.2623952908914573,0.2726828710286896,0.2865788176052107,4.0,4.6475800154489,1,1,1,4,13
925,1.4591436687268708,0.010472507760689,1.479378897265384,1.453760746905678,1.4527854329661318,1.4508085413982994,1.4589847250988608,0.5165629868631337,0.0154526371531533,0.4890286895398194,0.5188076932133379,0.5170258933207127,0.5367976884925951,0.5211549697492034,0.2886650879654527,0.004448776297464,0.2839106666456026,0.2863882611279009,0.2851111981056219,0.2950794599050269,0.2928358540431108,1.4977259144186974,0.0660051117800483,1.6288279853761196,1.455806478857994,1.46311903744936,1.4617348983883858,1.4791411720216274,0.5105406182577761,0.0021210562785654,0.5100010564962193,0.5142127899520802,0.5098627895068638,0.510932795463574,0.5076936598701426,0.2586352653770577,0.0497483647006107,0.1598419961678649,0.2865788176052107,0.288219620769728,0.2865788176052107,0.2719570747372742,1.4982471659779548,0.0711339065035653,1.6394647881388664,1.4482977613806725,1.4602628462016582,1.4720568880438805,1.4711535461246967,0.5023303286985947,0.0088520496053746,0.4936524277596124,0.5126682632045715,0.4930627493507991,0.4992497115233383,0.5130184916546524,0.2521452452152961,0.0760897630783631,0.1014969073927771,0.2943755681901046,0.3057462600107828,0.2726828710286896,0.2864246194541264,6.2,3.867815921162744,1,11,10,6,3
950,1.4626915846372903,0.0117709994967369,1.4595685732992072,1.4816604338194197,1.4670768649954544,1.459623434669093,1.4455286164032786,0.5152622576415917,0.0112762740977909,0.5116969467074822,0.4986625285427254,0.5133778263684459,0.5191852799180444,0.5333887066712604,0.2888909774312097,0.003801347444569,0.2877176475060045,0.2844024357932224,0.2856642972607128,0.2926977339107352,0.2939727726853738,1.4836153760552406,0.0316719032681127,1.4617122448980808,1.5453204102814198,1.4818887487053871,1.4650490805506706,1.4641063958406448,0.5113143571609198,0.0033007978394915,0.506474168895068,0.5086781543808154,0.5127662538880855,0.5129402287697662,0.5157129798708638,0.2833256919507261,0.00539997388842,0.2865788176052107,0.2842091359093084,0.2865788176052107,0.2865788176052107,0.2726828710286896,1.4828575015068055,0.0366270822889754,1.4584645479917526,1.5540888905525208,1.4738345742225647,1.474958136677742,1.452941358089447,0.5001118482224679,0.0079510939218879,0.5080544415396372,0.4887733508295016,0.5098048917856098,0.4992731577681378,0.4946533991894529,0.2876399224904822,0.0079211868340737,0.2920138538372269,0.2924717297502771,0.2944523402310067,0.2726828710286896,0.2865788176052107,7.2,9.45304183847718,4,1,2,3,26
975,1.468242196032875,0.0145734616095272,1.4815707394951267,1.4616951942443848,1.478983067211352,1.4764003841500533,1.4425615950634605,0.5023677741968366,0.0125742502464321,0.4886879581799414,0.5102880249983783,0.4902149713613938,0.5005403125971846,0.5221076038472852,0.2878823705599527,0.0043937477977362,0.2849977281699203,0.2854830806901186,0.2841078646564083,0.2887256162860407,0.2960975629972754,1.538954248279333,0.0591589697117238,1.5747068598866465,1.4630602151155472,1.5795139782130718,1.6051363050937653,1.472353883087635,0.5174796199648408,0.0053954302900547,0.5205317254290989,0.5130642473400329,0.509809351036039,0.5190717457823043,0.5249210302367292,0.272813803262473,0.0402802803427813,0.2785634765290043,0.2865788176052107,0.2737093489711445,0.2006374039567199,0.324579969250286,1.538309982419014,0.05947375796085,1.582666765898466,1.4580599181354046,1.575919721275568,1.6001497469842434,1.4747537598013878,0.4934904613320626,0.0082168391013945,0.5015887734803369,0.4915745266923463,0.5026853864048751,0.4915268163497727,0.4800768037329819,0.2761123380141539,0.0429895200292215,0.2818003371781301,0.2939238249928257,0.2834316187962432,0.1960406715334533,0.325365237570117,7.4,11.359577456930342,1,4,1,1,30
1000,1.4614535705666791,0.0121168381635046,1.4607206583023071,1.4647520692724931,1.481613826751709,1.4554759853764585,1.4447053131304288,0.5157039216316482,0.004518003821866,0.5222626880889888,0.5158268027082676,0.508538083352454,0.5178906013928434,0.5140014326156871,0.2901094203631272,0.0035436663242,0.2868247621129287,0.2909984616291013,0.2852513060773275,0.29293040207027,0.2945421699260082,1.489038571715355,0.044962046155352,1.4651400111615658,1.4776591435074806,1.5781740993261335,1.464542482048273,1.4596771225333214,0.5155160164881043,0.0043423011539523,0.5139169864696246,0.512858018290827,0.51537634926385,0.5115918209125622,0.5238369075036576,0.2816080870076161,0.0052091438058593,0.2865788176052107,0.2841946574856418,0.2760834746341293,0.2865788176052107,0.2746046677078876,1.4885238990187646,0.0434929172784462,1.4596295729279518,1.4830245785415173,1.5728177018463612,1.474587146192789,1.4525604955852032,0.4980844120389118,0.0058340427382055,0.5059878518084958,0.4938942639591802,0.5041042648285539,0.4950279356386451,0.4914077439596842,0.2863693954283171,0.0072902527994217,0.2920138538372269,0.2930998829594044,0.2874715517110537,0.2726828710286896,0.2865788176052107,7.4,9.372299611087984,4,2,1,4,26
