lags,train_bce_mean,train_bce_std,train_bce_fold_1,train_bce_fold_2,train_bce_fold_3,train_bce_fold_4,train_bce_fold_5,train_roc_auc_mean,train_roc_auc_std,train_roc_auc_fold_1,train_roc_auc_fold_2,train_roc_auc_fold_3,train_roc_auc_fold_4,train_roc_auc_fold_5,train_f1_mean,train_f1_std,train_f1_fold_1,train_f1_fold_2,train_f1_fold_3,train_f1_fold_4,train_f1_fold_5,val_bce_mean,val_bce_std,val_bce_fold_1,val_bce_fold_2,val_bce_fold_3,val_bce_fold_4,val_bce_fold_5,val_roc_auc_mean,val_roc_auc_std,val_roc_auc_fold_1,val_roc_auc_fold_2,val_roc_auc_fold_3,val_roc_auc_fold_4,val_roc_auc_fold_5,val_f1_mean,val_f1_std,val_f1_fold_1,val_f1_fold_2,val_f1_fold_3,val_f1_fold_4,val_f1_fold_5,test_bce_mean,test_bce_std,test_bce_fold_1,test_bce_fold_2,test_bce_fold_3,test_bce_fold_4,test_bce_fold_5,test_roc_auc_mean,test_roc_auc_std,test_roc_auc_fold_1,test_roc_auc_fold_2,test_roc_auc_fold_3,test_roc_auc_fold_4,test_roc_auc_fold_5,test_f1_mean,test_f1_std,test_f1_fold_1,test_f1_fold_2,test_f1_fold_3,test_f1_fold_4,test_f1_fold_5,num_epochs_mean,num_epochs_std,num_epochs_fold_1,num_epochs_fold_2,num_epochs_fold_3,num_epochs_fold_4,num_epochs_fold_5
-1000,0.7007481739395542,0.0075295696785551,0.7011177590018824,0.6939266907541375,0.7045332362777308,0.691619274490758,0.7125439091732627,0.5091936056078118,0.0174986129046655,0.4939534184081531,0.5133531966159764,0.5056560565747071,0.5406074746996029,0.492397881740619,0.5055050727275258,0.0152808960052166,0.4991485287300952,0.498733282338324,0.5054453608617595,0.5343959596405903,0.4898022320668595,0.6947208441793918,0.0013830378675404,0.6928183101117611,0.6933647505939007,0.6952758245170116,0.6963395811617374,0.6958057545125484,0.5272234313802928,0.009798962628733,0.5261306519777066,0.5222445544436642,0.5382422696647554,0.5374080957946664,0.5120915850206716,0.3882165160224541,0.0639389399289837,0.4654178392781676,0.3901709750085239,0.3911185510636193,0.4216923437332697,0.2726828710286896,0.6951769191771746,0.0023363052850452,0.6926724966615438,0.6929123606532812,0.695386216044426,0.6991078350692987,0.6958056874573231,0.5205394876455818,0.0204058662133562,0.5347000470427539,0.5530472505988041,0.5103792634325034,0.5075328195456196,0.497038057608228,0.3856463179229965,0.0555781748366573,0.4439506463428259,0.3838252913057152,0.3812393886033031,0.4326374457579276,0.2865788176052107,5.6,3.8262252939417984,5,10,2,10,1
-975,0.6956461529982716,0.0040320248246266,0.6920855785671033,0.6948983179895502,0.6917969553094161,0.6965658765090139,0.7028840366162752,0.5253330347709192,0.011143426443665,0.535189588287248,0.5145456227969423,0.5410890532949999,0.5228810522310229,0.5129598572443831,0.524804508780235,0.0092312168440371,0.5379248691360446,0.5168212303986627,0.5338997954766903,0.5194484144204606,0.5159282344693163,0.697801848128438,0.0049620751606141,0.6925836578011513,0.6926927641034126,0.7059506699442863,0.6995990909636021,0.6981830578297377,0.5231280418247961,0.0083950384831775,0.524526355649599,0.5290814732978497,0.5186340928646946,0.5337553796067274,0.50964290770511,0.4253975460738298,0.0359709584995107,0.4740073587374851,0.4632783678279724,0.3911185510636193,0.3911185510636193,0.4074649016764532,0.6979434370994568,0.0055332770818359,0.6926677357405424,0.6915661729872227,0.7066890299320221,0.700788427144289,0.6980058196932077,0.5205931529444842,0.0200568855271515,0.5209826300968607,0.555379516957052,0.5006627524380581,0.5009763116220787,0.5249645536083714,0.4351577688762876,0.0521305148403046,0.5043231057683667,0.491642897269696,0.3812393886033031,0.4074649016764532,0.3911185510636193,7.6,3.4409301068170506,10,12,8,6,2
-950,0.6921202443775377,0.0115188121763509,0.6956033280021265,0.6988482481554935,0.7028243541717529,0.6933399005940086,0.6699853909643073,0.5371882908608165,0.0433265884868151,0.5266765332251317,0.5020759166782055,0.504833813999581,0.5317059941419515,0.6206491962592133,0.5311141805279729,0.0321959131193951,0.5341035652583196,0.4991267295586117,0.5061008789247282,0.5259758799249018,0.590263848973303,0.6990391246974468,0.0091088246567027,0.6926037259399891,0.6928514838218689,0.6930340267717838,0.7004289515316486,0.7162774354219437,0.5301343017864403,0.0042599225000124,0.5339325942932572,0.5267573957143029,0.5239631448259666,0.5352775641302847,0.5307408099683897,0.3983868436669991,0.0908287615378293,0.5074724687300611,0.4922930603213833,0.3237504310925579,0.3921880749013473,0.2762301832896457,0.6993219368159771,0.0092315973657606,0.6925261802971363,0.6924200542271137,0.6931235808879137,0.7023435812443495,0.7161962874233723,0.5199628330287919,0.0173007942575772,0.5216070768850495,0.5517473127752127,0.5060120983051811,0.5031771480756014,0.5172705291029142,0.4049041943787433,0.0920505648940599,0.5107148512150471,0.5021358266061831,0.3190407274083918,0.4074649016764532,0.285164664987642,10.6,9.32952303175248,7,7,3,7,29
-925,0.6952285214474326,0.0049593216127442,0.7016534554330927,0.696738472737764,0.6922081081490767,0.6873761158240469,0.698166455093183,0.5231395217762407,0.0269304638813751,0.5111635856525548,0.4924051300824045,0.5402101764513396,0.5669280512084682,0.5049906654864361,0.5189837199153466,0.0198220711354721,0.5130184746261908,0.4995638634265275,0.5284202452670324,0.5528001344667675,0.5011158817902152,0.6971305582672358,0.0051972167173636,0.707102419808507,0.6934449225664139,0.6938410829752684,0.6974655501544476,0.693798815831542,0.528674129531381,0.0103875587033411,0.5364276810905706,0.5325951239693559,0.5224796431356633,0.5402628807602624,0.511605318701053,0.3568884731108389,0.0578026545198316,0.2865788176052107,0.2865788176052107,0.3917363317040684,0.4120834969632517,0.4074649016764532,0.6975691363215446,0.0054819593832146,0.7073907982558012,0.6932032331824303,0.6939993109554052,0.6998051013797522,0.6934472378343344,0.5225348603844244,0.019226028809873,0.5028540271859284,0.5509162484619603,0.5156490383493316,0.504216271121289,0.5390387168036131,0.3568927778713026,0.054133082066471,0.2920138538372269,0.2943755681901046,0.3812393886033031,0.4261927613342475,0.390642317391631,7.6,3.3823069050575527,2,11,8,11,6
-900,0.6932419849696912,0.0054315275261725,0.70345559873079,0.6927288638918023,0.6911986175336335,0.6872414275219566,0.6915854171702737,0.5368019650182714,0.0211120511296564,0.5019051931602874,0.5298675952388399,0.5428288061190285,0.5666503816917711,0.5427578488814305,0.5279072837979296,0.0166812197070868,0.504756844447783,0.5181083193642816,0.5261839026484858,0.554055085300686,0.5364322672284116,0.7026944492012263,0.0129505882170466,0.6929213460534811,0.692926125600934,0.6942898239940405,0.7263247612863779,0.7070101890712976,0.5230948277202156,0.0129426100688739,0.5374177319941517,0.5112253318536577,0.5230452807342592,0.5375235324450447,0.5062622615739651,0.4184409656446625,0.0339708119139927,0.3992769667183032,0.4851453157556468,0.4072242263580838,0.3911185510636193,0.4094397683276591,0.7025740310549736,0.0140138692144477,0.6931559704244137,0.6915585175156593,0.6945613492280245,0.7291077934205532,0.7044865246862173,0.523559897947771,0.019455756730246,0.5077979379306355,0.5562372177534961,0.5137146509667245,0.5049506317671708,0.5350990513208277,0.4198443722994371,0.0464189801148094,0.3917639884848485,0.5119860211199421,0.3957729303538488,0.4074649016764532,0.3922340198620928,7.8,2.9933259094191533,2,10,8,10,9
-875,0.6988294085703398,0.0066103404526584,0.6947033122966164,0.7050561992745651,0.7077092327569661,0.6899078055431969,0.6967704929803548,0.5183415054068684,0.0218343445869022,0.5176349692415316,0.4975113729601298,0.4921576975696225,0.5501101466771321,0.5342933405859263,0.5143130771458082,0.0159814037435572,0.5128002771915547,0.5033254888710446,0.4914126967724073,0.5332333053321507,0.5307936175618838,0.7020353335887194,0.0103379157041656,0.6928588394075632,0.6931050345301628,0.6950461771339178,0.7127594985067844,0.7164071183651686,0.5256444001680258,0.011501333778537,0.5258455017631227,0.5184166361576777,0.5222884246708742,0.5473275386484376,0.5143438996000175,0.3681318784823172,0.0450720568844069,0.3529017311366794,0.4030716246016124,0.2865788176052107,0.390642317391631,0.4074649016764532,0.7024767566472292,0.0108455966830178,0.6929820366203785,0.6928321551531553,0.6951312925666571,0.715339008718729,0.7160992901772261,0.5233024425660414,0.0148297619941719,0.5222760869530957,0.5499947467564442,0.5218339188767874,0.5044523433108582,0.5179551169330218,0.3616987189407199,0.0431632330130633,0.3277150785863414,0.3877427231461791,0.2944523402310067,0.4074649016764532,0.3911185510636193,5.6,3.3823069050575527,8,3,2,11,4
-850,0.7021322582897387,0.0086303439776607,0.6950573952574479,0.7104154109954834,0.6990813945469103,0.6920366362521523,0.7140704543966996,0.5126093612111722,0.0138144836583868,0.5206950015309059,0.4955342712480479,0.5049519608476085,0.5350761402936043,0.5067894321356947,0.5068944335572818,0.0131281388449027,0.5208370759692516,0.4942083513624863,0.5126113389635437,0.51839784033713,0.4884175611539975,0.6931997012346983,0.0003649065768869,0.6931869946420193,0.6928689051419497,0.692893547937274,0.6938790995627642,0.6931699588894844,0.528661798291995,0.0114354869363076,0.5265303200240403,0.5317195992405213,0.5241189072808534,0.5479740936992896,0.5129660712152705,0.3936217713024718,0.0624758883478171,0.4154418136993216,0.4534195643077293,0.4075813321109663,0.4189832753656524,0.2726828710286896,0.6935170136392117,0.001015248626894,0.6931458208709955,0.6926299966871738,0.6930827312171459,0.6955052316188812,0.6932212878018618,0.5131371831180145,0.0199512910302759,0.5188395363766941,0.5462187303651926,0.5115261248464492,0.5037664784482643,0.485335045553472,0.4069642518020867,0.061655274934871,0.4182925167521639,0.4597649554039308,0.4378829163691539,0.432302052879974,0.2865788176052107,5.2,3.4292856398964493,8,2,5,10,1
-825,0.6922680583753085,0.0163361200977787,0.7074806194556387,0.7039105754149587,0.698844187510641,0.6890673649938484,0.6620375445014552,0.5449566863519889,0.0482554904990583,0.5155430570222908,0.4956710357275036,0.5232775906228851,0.5574574640078703,0.6328342843793952,0.533098135945566,0.0333754223621239,0.5058630834383108,0.5005734660402282,0.5247100298697177,0.5409273529697579,0.5934167474098155,0.699069133773446,0.0109797543954894,0.694508658722043,0.6930918488651514,0.6943461615592241,0.692425437271595,0.7209735624492168,0.5271387882041785,0.0101127326629842,0.5245372580380683,0.525659275215816,0.5187725257078126,0.5466838117273943,0.520041070331801,0.3989381470248083,0.0686171575823155,0.3911185510636193,0.2926824566334881,0.3921494029386158,0.5085637074438994,0.4101766170444186,0.6990237079560757,0.009877500847523,0.6945245675742626,0.692942526191473,0.694616811349988,0.6942928954958916,0.7187417391687632,0.5084453817601423,0.0170627793430263,0.4826514912350372,0.5264384316796049,0.5084719860013047,0.4975609482735898,0.5271040516111748,0.3930286479597559,0.052549123703967,0.3853802563314487,0.316577124874467,0.3812393886033031,0.4807687450783436,0.4011777249112169,10.0,11.171392035015153,1,3,3,12,31
-800,0.6970286592684294,0.0047121844421088,0.7043575531557986,0.691956257192712,0.6940510272979736,0.6940384720501147,0.7007399866455479,0.524041620459718,0.0111921851959995,0.5054142513160307,0.5363776907303321,0.52852109039357,0.5322090954857879,0.5176859743728695,0.5211795686091591,0.0079297687156116,0.5127593239263695,0.5350790914227772,0.5149875042039495,0.5239560041753571,0.5191159193173427,0.6950134508311748,0.0026087331165768,0.69623002409935,0.6929214801639318,0.693818224593997,0.692541716620326,0.6995558086782694,0.5271908641793823,0.0112723594243224,0.5268300014983027,0.5213495670344608,0.5264776367450275,0.5476288327910238,0.5136682828280967,0.4275217082229307,0.038576378507072,0.3911185510636193,0.4734361914632249,0.3906668078663404,0.4749220890450154,0.4074649016764532,0.6951570764183999,0.0026794829090827,0.6962510794401169,0.6921845860779285,0.694113664329052,0.6934158280491829,0.6998202241957188,0.517537076081236,0.0139068866567341,0.5079611697383472,0.5375580304927454,0.5055163376809991,0.5055044038455654,0.5311454386485226,0.4199377517387061,0.0433836427424374,0.3853802563314487,0.4893969167952112,0.3812393886033031,0.4525536458999483,0.3911185510636193,6.4,3.2,3,11,6,9,3
-775,0.7002683220411602,0.0055409263971988,0.696265823590128,0.7013900537239878,0.7023579076716774,0.6925536814488863,0.7087741437711214,0.5085623837046599,0.0150531630630496,0.4958775069397748,0.5042806152267163,0.4934831938928105,0.5349027431052829,0.5142678593587151,0.5098045456476828,0.0114933126758734,0.5089275770076889,0.5010864338973114,0.4993794163692674,0.5315325623433399,0.508096738620807,0.6932024985551835,0.0008638820066398,0.6926250234246254,0.6934277731925249,0.6946902591735125,0.6921402215957642,0.6931292153894901,0.5259472425227587,0.0084782431930054,0.5270145825556828,0.528718290725429,0.5196657863902657,0.5395813534355706,0.5147561995068455,0.4340719003952983,0.0463574283469942,0.4932848400003814,0.3911185510636193,0.3911185510636193,0.4873726581724181,0.4074649016764532,0.693419710919261,0.0008090239745397,0.6922637149691582,0.6933945696800947,0.6947635468095541,0.6935797221958637,0.6930970009416342,0.5217962980094566,0.0123394876262369,0.52517379922286,0.5334763626341281,0.5192951597066773,0.499263919832756,0.5317722486508616,0.4267016325986806,0.0511899734019438,0.4864603300273218,0.3808275663743966,0.3812393886033031,0.4917912836637077,0.3931895943246738,5.8,3.3105890714493698,10,4,5,9,1
-750,0.6914093042674818,0.0091260605537653,0.7013119371313797,0.698803172613445,0.6934522685251738,0.6877608801189222,0.6757182629484879,0.5461160151591586,0.0346516464890348,0.5087595971118481,0.5154192680842461,0.5402538772964506,0.5618629370118853,0.6042843962913627,0.5343025940794404,0.025356133128656,0.5185382078647536,0.5074559509822464,0.5240968894487734,0.5413919390944999,0.5800299830069284,0.6958200793713332,0.0035483653677974,0.6935794726014137,0.6929591335356236,0.6942526791244745,0.7026939727365971,0.6956151388585567,0.5310063623441508,0.0084877615925365,0.5332905807354034,0.5351925465735056,0.5188131449418153,0.54315267245567,0.5245828670143597,0.4019484295194643,0.0696036866272945,0.2865788176052107,0.4146789240431773,0.3926256366106041,0.4110438646767281,0.5048149046616012,0.6960658855736256,0.0043784996381454,0.6936543099582195,0.6928754020482302,0.6944152005016804,0.7047338597476482,0.6946506556123495,0.5199877980626343,0.008803549861518,0.5182375507907931,0.5285812062557068,0.5106083113930153,0.5107819173862386,0.5317300044874177,0.3925604570785015,0.0583563952480016,0.2920138538372269,0.39783913353073,0.3812393886033031,0.4226053640032731,0.4691045454179745,9.4,7.964923100695951,3,3,4,14,23
-725,0.699212044665688,0.0088527556292899,0.6986802107409427,0.6946646978980616,0.6933960418952139,0.6928758169475354,0.7164434558466861,0.516586018158643,0.013316335020772,0.4923594812799733,0.5181365386363045,0.529141996890498,0.5282956424670309,0.5149964315194083,0.5124975118263604,0.0135184778147704,0.5016181311185175,0.5190012411823922,0.5300209356960567,0.5193322878200711,0.4925149633147648,0.6959129650145769,0.003135827844673,0.699127921834588,0.6939068660140038,0.6930983103811741,0.7002932317554951,0.6931384950876236,0.5316589093139343,0.0089723272893166,0.5435573376414097,0.5268971052942881,0.5240759920314086,0.5413864149991519,0.5223776966034136,0.4130084842929619,0.0361651341981013,0.3911185510636193,0.3911185510636193,0.4842218665974986,0.3911185510636193,0.4074649016764532,0.696014266461134,0.0032066810220934,0.6988500691950321,0.6935499459505081,0.6936589572578669,0.70086520165205,0.6931471582502127,0.5191544606751186,0.0176678980982276,0.531668828078298,0.5472847688028655,0.4992610244151594,0.509725867257203,0.5078318148220673,0.4060448332129017,0.0307442402030751,0.3853802563314487,0.3808275663743966,0.4648316021730555,0.4074649016764532,0.3917198395091548,7.0,3.40587727318528,6,8,9,11,1
-700,0.6990956748159308,0.0106935235449766,0.6936760456938492,0.6956426156194586,0.7165907188465721,0.6851094735296149,0.7044595203901592,0.5227990574555804,0.0304860404867662,0.5276742505067126,0.5281049891434991,0.4814596723356981,0.573024324136024,0.503732051155968,0.5210833161248472,0.02305772473187,0.5162939854527181,0.5266292168564257,0.4958783716488357,0.5622077448026809,0.5044072618635754,0.695102171599865,0.0016787722314999,0.6938402820378542,0.6942422334104776,0.6932033933699131,0.6969233620911837,0.6973015870898962,0.525439975753633,0.0097371955040377,0.5189482280315895,0.5249143151838903,0.528771960261732,0.5416658805959854,0.5128994946949678,0.3855699365423186,0.0609005771641274,0.4197503059695391,0.3911185510636193,0.3911185510636193,0.4531794035861255,0.2726828710286896,0.6955478191375732,0.0027662032401721,0.6932007968425751,0.6938211359083652,0.6932635419070721,0.7001998275518417,0.6972537934780121,0.5206610845174343,0.0140419447249199,0.5276909178215896,0.5433217572694754,0.5018367491396936,0.513041223308472,0.5174147750479413,0.3897755458399891,0.0603103525225527,0.4429654366945558,0.3808275663743966,0.3812393886033031,0.4572665199224796,0.2865788176052107,6.8,5.564171097297422,10,5,1,16,2
-675,0.6909602896790755,0.0021470413647676,0.6925497136617962,0.6928159569439135,0.6884498276208576,0.6927667360556753,0.6882192141131351,0.5415413478398821,0.0139196459950398,0.5327276602555082,0.526005177201166,0.5568364794679581,0.5323794096977514,0.5597580125770258,0.5303212367293447,0.0131697387302079,0.5197302201333757,0.5228497690844137,0.5461501514224155,0.5165020134525564,0.5463740295539627,0.6961539290845394,0.0040527574342351,0.6928945556282997,0.6930655557662249,0.6930990684777498,0.6988026779145002,0.7029077876359224,0.525139480472545,0.0075152571065632,0.5216260576348799,0.5191334247641843,0.5199368684871871,0.5395198367942903,0.5254812146821837,0.4370915076799879,0.0345011804161659,0.4501377430761712,0.4479507143516038,0.488785628232092,0.3911185510636193,0.4074649016764532,0.6963380955159664,0.0042152391743807,0.6923327632248402,0.6925849784165621,0.6944090519100428,0.6991734020411968,0.7031902819871902,0.5240216757200848,0.0116982309005339,0.5341350663712282,0.5336187584362738,0.5067593283561218,0.5130797665859304,0.5325154588508704,0.4516957202492871,0.046637023544803,0.5170025651498869,0.4540991370162267,0.4867122388572562,0.4074649016764532,0.3931997585466126,11.8,1.833030277982336,12,10,12,10,15
-650,0.6909747598045751,0.0044680100661777,0.6957145308193408,0.6960717747085973,0.6912347291645251,0.6855197115948326,0.6863330527355797,0.5410467258223477,0.0260418577690329,0.5142376870548716,0.5070363016338681,0.5477207064194954,0.5665305018902328,0.5697084321132709,0.5271862961290825,0.0143384415490789,0.5091934953731918,0.5134386511418337,0.5268810149583221,0.5422985539546491,0.544119765217416,0.6949434675276279,0.0009681593394778,0.6964429877698421,0.6935160364955664,0.6950204316526651,0.6953068394213915,0.6944310422986746,0.5211522503437944,0.0051530521745567,0.5168851678054192,0.5184123070419298,0.5190976950932598,0.531240788979548,0.5201252927988156,0.4267417753144406,0.0263500363121049,0.3911185510636193,0.4077741988340312,0.4220494695742257,0.4507451588529237,0.4620214982474028,0.6952262550592423,0.0012726820816707,0.6959807518869638,0.6929256822913885,0.6958515644073486,0.6965297814458609,0.6948434952646494,0.5193551464639679,0.0140708240972716,0.5356469994815342,0.5310038672616655,0.4953575643681497,0.5189907823066536,0.5157765189018364,0.4207960922486984,0.0294122649752577,0.3853802563314487,0.4052951527665366,0.4027214970377279,0.4631737346375293,0.4474098204702495,11.4,3.2,8,8,11,14,16
-625,0.7011904478073121,0.0078977148500116,0.7048936887791283,0.6976210293016936,0.7035457824405871,0.6881821707675332,0.7117095677476181,0.5134157752176925,0.024870762880569,0.4975384305223238,0.4976577301245586,0.5092562805587079,0.5624132970189232,0.5002131378639492,0.5128590963400159,0.0181160339208228,0.5030091878413954,0.5041365105110184,0.5041327430038272,0.5490815842051063,0.5039354561387324,0.6961690586060285,0.0061104714339159,0.6930357776582241,0.6930116917937994,0.6930597834289074,0.7083875313401222,0.6933505088090897,0.5296059896335754,0.0062132080260675,0.5287368880439293,0.5284330735806162,0.5301761657091028,0.5400753692237039,0.5206084516105252,0.3816209432108124,0.0544814288050615,0.337109546629876,0.4638579940499647,0.308553722634149,0.3911185510636193,0.4074649016764532,0.6963986191898585,0.0065277742163348,0.6931217331439257,0.692756487056613,0.6933105699717999,0.7094473168253899,0.6933569889515638,0.5147046348593328,0.0143208326590722,0.5214563494788558,0.5360297337254069,0.4922092903471208,0.510596929298374,0.5132308714469065,0.3818144988696771,0.0621193474486553,0.3089255777715526,0.4798932083549887,0.3216702554817719,0.4074649016764532,0.3911185510636193,5.2,4.4,3,7,2,13,1
-600,0.6956505996302556,0.010870175630142,0.6924196092705978,0.6961763607828241,0.6887637031705756,0.6848477187909578,0.7160456061363221,0.5309877671784118,0.0291653768321964,0.5313054886774057,0.5099539983129777,0.5488703537429249,0.5741583866011739,0.4906506085575766,0.5249597522974463,0.0194007430608061,0.5298938321885959,0.502749171111286,0.5345869132450867,0.5537078117247134,0.5038610332175499,0.6968587696552276,0.0033514950525298,0.7021530624479055,0.694767476990819,0.6993733737617731,0.6947384867817163,0.6932614482939243,0.5229342660850282,0.0059937680545257,0.5175996959666446,0.5283856312773296,0.5175950967287679,0.5318425926824213,0.5192483137699776,0.3721031573741821,0.0853138676015857,0.2886177527392257,0.3911185510636193,0.4004457224467384,0.5076508895926373,0.2726828710286896,0.6973766535520554,0.003847171555743,0.7026963345706463,0.6946171410381794,0.7013030294328928,0.6950377244502306,0.6932290382683277,0.5181173483922703,0.0151111542048512,0.5285216194144182,0.5392097415839093,0.4946668688915737,0.5123192253416549,0.5158692867297955,0.3727453729663499,0.0806437337158891,0.2920138538372269,0.3808275663743966,0.3948531645745737,0.5079438006045928,0.2880884794409595,8.8,4.791659420284375,13,6,10,14,1
-575,0.6951277007554707,0.0156179831524798,0.7000270567442242,0.6825382176198458,0.7230933478004054,0.6899639957829525,0.6800158858299256,0.544136485268823,0.0401010126778634,0.5049656267322483,0.5849384600347511,0.4918550055768697,0.5491489122948622,0.5897744217053835,0.5303928178664483,0.0302689775146721,0.5039512273101396,0.5581387925253188,0.4875510917950186,0.5367745278044743,0.5655484498972905,0.7183707986027003,0.0237062489399998,0.6937122754752636,0.7447934374213219,0.6966446619480848,0.7079500146210194,0.7487536035478115,0.5224896382548156,0.0088316697191605,0.5180951252634266,0.521049104208042,0.5272076282759665,0.5361958230058044,0.5099005105208393,0.3742672506151654,0.0445424150806894,0.3911185510636193,0.2865788176052107,0.3911185510636193,0.3911185510636193,0.4114017822797583,0.7171476688235998,0.022502675769381,0.6934459786862135,0.740909218788147,0.6967184655368328,0.7075755279511213,0.7470891531556845,0.5143920933074894,0.0100895305812278,0.5304106834411262,0.4992722417147451,0.5175407074656625,0.5106826394460595,0.5140541944698533,0.3724303739101779,0.0400432649557721,0.3853802563314487,0.2943755681901046,0.3812393886033031,0.4074649016764532,0.3936917547495803,11.0,8.12403840463596,4,17,1,10,23
-550,0.7012439121698079,0.0063654775682978,0.69587857974203,0.7094858514635186,0.699634922178168,0.7077685914541546,0.6934516160111678,0.5082156994943406,0.0118460729083857,0.5130004078042149,0.5090379958743496,0.5051703848058183,0.4886931092040347,0.5251765997832855,0.5037258433289298,0.009056796164226,0.5116904694256891,0.4906284440607494,0.5044805266530301,0.4968320124669395,0.5149977640382404,0.694316316395998,0.0019875484196619,0.694013012573123,0.6930860131978989,0.6982296146452427,0.6931072864681482,0.6931456550955772,0.5256341450415519,0.0069985195720149,0.5173670410300725,0.5176964736145482,0.5331423398710369,0.5330934237611522,0.5268714469309497,0.4001051159841317,0.0660374068320484,0.3911185510636193,0.4784095407909075,0.3911185510636193,0.2871999275098897,0.4526790094926222,0.694522424787283,0.0021578174726631,0.6939328070729971,0.6930511258542538,0.6988010257482529,0.6933747008442879,0.6934524644166231,0.5194519583113115,0.0068474239544816,0.516178252183779,0.5302752684597908,0.5202747661561082,0.5093138944034815,0.5212176103533979,0.3964091806202933,0.0732188896303999,0.3853802563314487,0.4988110278142503,0.3812393886033031,0.2774878392998262,0.439127391052638,4.6,3.4985711369071804,5,1,4,2,11
-525,0.6847253970095986,0.022154947041005,0.6844922322975961,0.6970107436180115,0.6419741197636253,0.7015472474851107,0.6986026418836493,0.5545425577937408,0.0672593535577408,0.574899259639931,0.5025999090529806,0.6779852647718566,0.503627443141163,0.5136009123627725,0.5386371899877826,0.0477870685116551,0.5496886213776907,0.5029573940174786,0.6276933715350337,0.5035630072949904,0.5092835557137196,0.6960015285760164,0.0028735962598768,0.6951351556926966,0.6931979302316904,0.6993976850062609,0.6928899250924587,0.6993869468569756,0.5328893029944468,0.0122872659296842,0.5273328260459254,0.5177504002567646,0.5422917208172776,0.5516249541292927,0.5254466137229737,0.3992359986936694,0.0917709763388542,0.5196653072337567,0.3956233615419228,0.480032474461237,0.3281759792027408,0.2726828710286896,0.6969393931329251,0.0049928533398532,0.693503113463521,0.6932007409632206,0.7057706974446774,0.6929892152547836,0.6992331985384226,0.514513674754139,0.0151549727110694,0.5242428490606885,0.5146349195756735,0.4860649584111278,0.5297884683125608,0.5178371784106444,0.3952446465453977,0.0896714697282071,0.5141347849229376,0.3889675266342779,0.4775756858377074,0.3089664177268549,0.2865788176052107,11.6,10.36532681587995,16,6,30,3,3
-500,0.6848277399414464,0.0038103667029228,0.6824868133193568,0.6906648623315912,0.6880300540673105,0.6818984276369998,0.6810585423519737,0.570716931286771,0.0180428718323458,0.5815155166123223,0.5442946947423232,0.5541931414019241,0.5833834921835603,0.5901978114937251,0.5506736066995611,0.0125021486663497,0.5605243183266057,0.5381062313960151,0.5335798775410542,0.5562129265661804,0.5649446796679498,0.6976764760911465,0.0047995751362949,0.7063592746853828,0.694709125906229,0.6931286323815584,0.6992857214063406,0.6948996260762215,0.5236167463386379,0.002392499437401,0.5225201622671327,0.523564520535136,0.5250508723823019,0.527032010644007,0.5199161658646112,0.4230717036687446,0.08853431694988,0.2921294924320846,0.3435783976925281,0.5027651379431388,0.5087994199443103,0.4680860703316615,0.6974878456443548,0.0049223433446948,0.7069118171930313,0.6937984004616737,0.6940495036542416,0.6978001724928617,0.6948793344199657,0.5181631101921619,0.0057026830654686,0.5122179227533088,0.5227186279492302,0.510667154850571,0.5202779984678935,0.524933846939806,0.4283998974959659,0.0809626129701665,0.2920138538372269,0.3791470333270249,0.4880366067759276,0.5026462590585692,0.4801557344810808,15.6,3.878143885933063,20,10,12,18,18
-475,0.6961486771232204,0.0084158230552769,0.6847745813821492,0.7078303776289288,0.7013703296059056,0.6886014649742528,0.6981666320248654,0.5295413272463467,0.0316131697245186,0.5739593432769368,0.4904413533916615,0.4999314301807397,0.5544034114493989,0.5289710979329963,0.5256919559811323,0.0195915110797435,0.556332112291348,0.5013058435126281,0.5081136930103946,0.5338561220386192,0.5288520090526713,0.701049042865634,0.0067135065555887,0.6986496802419424,0.6948651149868965,0.7120492476969957,0.7051993496716022,0.6944818217307329,0.5287881530212877,0.0046798912968383,0.5277659240293027,0.5298071880681963,0.5261407145408905,0.5370741326929649,0.5231528057750838,0.3544684442045708,0.0474488257024091,0.3199899954334301,0.3911185510636193,0.3911185510636193,0.3926256366106041,0.2774894868515808,0.7005511373281479,0.006770864354925,0.6970464494079351,0.694736871868372,0.7118263933807611,0.7047734446823597,0.6943725273013115,0.5246882354494755,0.0113756710560155,0.5349790303667377,0.5408509257811325,0.5102976918516369,0.5184964284034801,0.5188171008443903,0.3550354582638143,0.0447513330737197,0.3179941227660637,0.3808275663743966,0.3812393886033031,0.4074649016764532,0.287651311898855,7.4,5.851495535331117,15,2,4,14,2
-450,0.690144805908203,0.0023832606654933,0.6947985504802905,0.6892269121973138,0.6887747977909289,0.6881794967149434,0.6897442723575391,0.5464020831883962,0.0112120660290856,0.5250591509929261,0.548031412244406,0.5522193443957802,0.5578213819667519,0.5488791263421169,0.5305602584231577,0.0070029414288307,0.5208282979493202,0.5275786101992076,0.5375252492477715,0.5396220653019508,0.5272470694175384,0.6987727470695972,0.0085312969154174,0.6944754216820002,0.6927615944296122,0.6973519064486027,0.7155577298253775,0.6937170829623938,0.5324389415497284,0.0050826560148763,0.5324426144826778,0.5344367208399777,0.5254507670084446,0.540585069380345,0.5292795360371968,0.4200059325223362,0.0613730094171247,0.3911185510636193,0.5244765463237785,0.446496941183363,0.3931895943246738,0.3447480297162463,0.698982784897089,0.0085175696559854,0.6942063607275486,0.6925048623234034,0.6982632447034121,0.7155942879617214,0.6943451687693596,0.5174197920327795,0.0058559545169117,0.5185517008096311,0.5207212278100629,0.510998817475258,0.5107953372155922,0.5260318768533534,0.4121110331192694,0.0491418509321752,0.3853802563314487,0.4992028476754746,0.417430582865207,0.4074649016764532,0.3510765770477639,10.8,3.867815921162743,4,11,11,16,12
-425,0.6949907162314968,0.0102233769829461,0.6830732653015539,0.7071489359203138,0.7034946473021256,0.6828021168708801,0.6984346157626102,0.533608266557164,0.040570296165593,0.5835486032591769,0.498830298333563,0.5012826233368829,0.5830185956877553,0.5013612121684419,0.5271422906226796,0.02809049314566,0.5649092259095995,0.5034219335463965,0.50434620747487,0.557959848916617,0.5050742372659147,0.6953504104167223,0.0032307602443231,0.701571786776185,0.6933459099382162,0.6934108342975378,0.695458859205246,0.6929646618664265,0.5368712725504029,0.0064439592171475,0.5303713854192762,0.5351609749365621,0.5302002647278413,0.5424115912450526,0.5462121464232825,0.3767878541475308,0.0837964501184313,0.4181899366342377,0.2876913706181228,0.3911185510636193,0.5045889489190348,0.2823504635026391,0.6952795661985874,0.0029659154900179,0.7010573651641607,0.6936152409762144,0.6937593296170235,0.6950214020907879,0.6929444931447506,0.5181068877772503,0.0162450802436261,0.5312696146833203,0.5047254178353268,0.4929071569835613,0.5286811533558078,0.5329510960282353,0.3761570700176364,0.0748149608220163,0.4294267721475173,0.2943755681901046,0.3812393886033031,0.4831614121916219,0.2925822089556351,8.4,6.711184694225007,17,2,2,16,5
-400,0.6912846954245317,0.0051918443051847,0.6888158120607075,0.6915779634525901,0.683686331698769,0.6927735692576358,0.6995698006529557,0.5338553166736701,0.0347824688223861,0.5554868667221551,0.5397962380084625,0.5751617222250487,0.5265038201697909,0.4723279362428935,0.5258486932338022,0.027517579019164,0.5543455993554123,0.531163951888565,0.5533448722255018,0.5076517235913047,0.4827373191082277,0.6945335183292627,0.0033220303601974,0.6923499628901482,0.693365128710866,0.7011322528123856,0.6925693433731794,0.6932509038597345,0.5380593746568307,0.0112488532791548,0.5359418011217396,0.5191972274301179,0.5378079535535575,0.5535213297973312,0.543828561381408,0.4107417333879232,0.0828143798717685,0.5073113487543784,0.3911185510636193,0.3985619346226173,0.4840339614703114,0.2726828710286896,0.6950201537460089,0.0042002653981537,0.6928274631500244,0.693309236317873,0.7033857759088278,0.6922706887125969,0.6933076046407223,0.5233992695910638,0.0101579089490348,0.5201256011484673,0.5285056159656096,0.510174799914929,0.5400347914834797,0.5181555394428332,0.3959820732953899,0.064197236022641,0.4432823740694583,0.3833198063026978,0.3918629821950872,0.4748663863044955,0.2865788176052107,9.6,3.2,11,7,15,9,6
-375,0.6842856773577237,0.005319879870944,0.6814192596234774,0.6904377912220202,0.677422739330091,0.6814948602726585,0.6906537363403722,0.5750126653556162,0.0233375908322023,0.5876589094996814,0.5477137488935072,0.600797325750458,0.5928052683143795,0.5460880743200552,0.5529630500445135,0.0219811459163539,0.5627072801284999,0.5280792570520307,0.5744974415988205,0.5744387361453385,0.5250925352978777,0.7055150259286165,0.0115463793266175,0.7088374365121126,0.6947571281343699,0.723269946873188,0.7096111457794905,0.6910994723439217,0.5402970459252026,0.0082893024145679,0.5531248395902879,0.5298273400894852,0.532909731758945,0.5417684255063014,0.5438548926809933,0.4111000950872833,0.0339851745353328,0.4141382951189227,0.4082298781542253,0.4027639710480412,0.3620116096236583,0.4683567214915691,0.7049314133822918,0.0131682385352877,0.7044668458402157,0.6957004405558109,0.7299437634646893,0.7016699314117432,0.6928760856389999,0.52520638006463,0.0157453899544936,0.5412977460172187,0.5133195262996335,0.5017592018431705,0.5420542927998829,0.5276011333632451,0.4161169731945632,0.0339290147708385,0.4294450404520316,0.4059030512540436,0.3875547693671284,0.3822881974327304,0.4753938074668823,16.0,4.33589667773576,21,10,20,17,12
-350,0.6979358049442894,0.0142676834452681,0.6778519749641418,0.7179579935575786,0.6876887214811225,0.7083555290573522,0.6978248056612517,0.5300270278618927,0.0458272796302059,0.5999604978982128,0.4766132789735808,0.5635501827576206,0.4912028300729785,0.5188083496070709,0.5245890340932735,0.0355332600239561,0.5791852254046428,0.4894339427935114,0.553354717802271,0.4931703591878831,0.5078009252780598,0.6948363084346056,0.0029573190470064,0.6949539389461279,0.6930475365370512,0.7005236148834229,0.6930572371929884,0.6925992146134377,0.5435701283482196,0.0057029483228874,0.553508960258035,0.5380971245084841,0.5381692163088648,0.5455000152365398,0.5425753254291739,0.4125212328099532,0.0632261031619916,0.5315408530004544,0.4003078553807516,0.3978186051805614,0.3911185510636193,0.3418202994243794,0.6949374452233315,0.004022949499842,0.692529508844018,0.6931074298918247,0.7029675133526325,0.6932665891945362,0.6928161848336458,0.5238753152172808,0.0148551315232756,0.5363010475298535,0.5142747151473478,0.5161760403901697,0.5064926129004121,0.5461321601186213,0.4133020046730258,0.0540525369907732,0.5185452072480808,0.3853724384265736,0.3866100697705068,0.4074649016764532,0.3685174062435145,7.8,7.222188034107115,20,1,12,2,4
-325,0.6956636189159594,0.0133048273003007,0.6794618568922344,0.6956576403818633,0.7153204830069291,0.6832093207459701,0.7046687935528002,0.5371825893984119,0.0450348402279267,0.6006087834143817,0.5083048011357247,0.5019003960073865,0.5824870679145501,0.4926118985200166,0.5232118530354974,0.0348425112348039,0.5679025552851876,0.4997869799855471,0.4864470198867457,0.562994594641667,0.4989281153783401,0.7077273979783059,0.0197444625937066,0.7457021344453096,0.6980431228876114,0.6938341520726681,0.7081672139465809,0.6928903665393591,0.5478517217639325,0.0082435471292301,0.5506021709222445,0.5378667016322118,0.5386668046714395,0.5586452858938286,0.553477645699938,0.3812450922342373,0.0499626784390908,0.3962522453261546,0.2865788176052107,0.3911185510636193,0.3966196829022244,0.4356561642739772,0.7048981584608555,0.0144021147775142,0.7317729219794273,0.6983219683170319,0.6938550397753716,0.7075787540525198,0.6929621081799269,0.5243623005484112,0.0108769903497742,0.5296335788381188,0.5077309082946453,0.5159109598191599,0.5311468915967906,0.5373891641933409,0.3764665284403625,0.0422273729765324,0.3946230315767735,0.2943755681901046,0.3812393886033031,0.4121441830941365,0.399950470737495,9.2,6.881860213634102,19,8,1,15,3
-300,0.6825337513497001,0.0233000916164217,0.6968708609279833,0.6362644688079232,0.6916368340191088,0.6904395693226865,0.6974570236707989,0.5575660793712749,0.0664385600265699,0.5140316843459256,0.6879037601918142,0.5323017194772377,0.5448997807674576,0.5086934520739398,0.5392422860698439,0.0500180682330312,0.5049196240150747,0.6369861090026456,0.5212816548510227,0.5310244563313863,0.5019995861490902,0.6981492910534144,0.0054749770738042,0.6945540402084589,0.7044154461473227,0.704807898029685,0.6912676226347685,0.6957014482468367,0.5525302977495036,0.0076979769979741,0.5661761896698799,0.5540041222567557,0.5428929014936357,0.5497422308386114,0.5498360444886352,0.4219480870961932,0.0861084835689412,0.2865788176052107,0.4871365308813049,0.3911185510636193,0.537441634254378,0.4074649016764532,0.6981392942368985,0.0057147992229163,0.6949709188193083,0.7037544883787632,0.7056876793503761,0.6904218140989542,0.6958615705370903,0.5302291713399836,0.0159493130144613,0.5054800536023627,0.5444380187059314,0.5247323310653401,0.5504682635572573,0.5260271897690266,0.4158957485343757,0.0826407281553995,0.2920138538372269,0.4979754886469758,0.3812393886033031,0.5171314605207535,0.3911185510636193,11.6,9.58331884056875,4,30,10,10,4
-275,0.6375613637346971,0.0563457901297406,0.6535944819450379,0.6381431077655993,0.6805719438352082,0.6851738785442553,0.5303234065833845,0.6621106809897652,0.0823876972860763,0.6554833385446298,0.6842795739974635,0.5935697097664484,0.5717751487688992,0.8054456338713852,0.6146682158154035,0.0601415173474672,0.6031604748586462,0.6305522889666565,0.5661126953849206,0.5520030467586764,0.7215125731081174,0.7533881891518831,0.0699519996848661,0.711233688518405,0.8063871432095766,0.6932443622499704,0.6912968065589666,0.864778945222497,0.5651339534663969,0.0096490468178028,0.5750388395228487,0.5711088692580263,0.5500268672356972,0.5575645762070182,0.5719306151083946,0.4717453548969398,0.028755492881992,0.4900290302240481,0.4183007638462398,0.4969912495594693,0.4653612222538474,0.4880445086010949,0.7599337961524725,0.0773301455015248,0.7111164350062609,0.8158704470843077,0.6964639741927385,0.6912287138402462,0.8849894106388092,0.5340294400471858,0.011743616475893,0.5417897733347073,0.5400908858623615,0.5113673496416229,0.5429190950019473,0.5339800963952898,0.4615490101101789,0.0188972821380225,0.4879307622560728,0.4299937486176528,0.462354738274064,0.4572669501617326,0.4701988512413728,23.4,11.412274094149684,26,24,12,12,43
-250,0.6546932105014199,0.0483437515422405,0.6977824512280916,0.6045696255407835,0.6890988431478802,0.6946647832268162,0.5873503493635278,0.6122088598532772,0.107904910001366,0.510873263628974,0.7338356174474686,0.5521773731277051,0.5121583181910576,0.751999726871181,0.5850337954426061,0.0762282227019789,0.5147852840863618,0.6716317672163753,0.5447214421251251,0.5112613741362179,0.6827691096489507,0.7083185221999884,0.0164205560135643,0.6960573308169842,0.7241709381341934,0.6971131954342127,0.6922259405255318,0.7320252060890198,0.5684299216373718,0.0095405672094627,0.5669246290912524,0.5722682591937351,0.5570710934225894,0.5613592470162195,0.5845263794630625,0.4529912159103401,0.099470195179272,0.2865788176052107,0.5423905896615849,0.3911185510636193,0.5099156682846039,0.5349524529366817,0.7173106513917447,0.0278640538706811,0.6969617381691933,0.7335085105150938,0.6990342661738396,0.692330053076148,0.7647186890244484,0.5355951803141626,0.0155030233496499,0.5096588418776947,0.553064262444143,0.5279811190986397,0.5479123954075665,0.5393592827427695,0.4504604234325355,0.0967020769983642,0.2920138538372269,0.5360884790863554,0.3832746511255507,0.5189707450267429,0.5219543880868018,16.8,12.6554336156451,4,29,9,7,35
-225,0.6033441335590263,0.116886401193347,0.6527702864847685,0.6094777483689158,0.6874508023262024,0.6900425409015857,0.3769792897136588,0.6828626100758342,0.1317053399448623,0.6576252213441984,0.7317525432572556,0.5640539535559111,0.5500778487159894,0.9108034835058164,0.6383758541372015,0.1030637062337771,0.6169641596560868,0.6690137599993355,0.5485641814506895,0.5365412634555485,0.8207959061243474,1.0422791991382838,0.6163807255627717,0.7974381074309349,0.7388643734157085,0.7118995077908039,0.6902477536350489,2.2729462534189224,0.5750695063072566,0.0155888577511802,0.5872041047661302,0.5661916460641636,0.5580007913181106,0.5646222361367697,0.5993287532511096,0.4458929939354945,0.0623144666502005,0.3911185510636193,0.4862975587968087,0.3911185510636193,0.5489924743624941,0.4119378343909311,1.05670857578516,0.6471057290655755,0.7917499784380198,0.7373726069927216,0.7152542676776648,0.689988512545824,2.34917751327157,0.5494215115144202,0.0151931084532431,0.5677984267543816,0.5614260228035266,0.5269541244618788,0.5537177919023585,0.5372111916499553,0.436457454419865,0.0633456208480295,0.3853802563314487,0.4850223027759738,0.3812393886033031,0.537365977326419,0.3932793470621807,23.8,15.740393895960802,22,24,9,11,53
-200,0.5394781139963551,0.1249776515239499,0.5965881611171522,0.6084467633774406,0.3444500730225914,0.6957433688013177,0.4521622036632738,0.7555011880445415,0.1414909705598337,0.7424001169593404,0.725539202630461,0.9252897014137452,0.5158272218300274,0.8684496973891332,0.6941491626480583,0.1119272412038168,0.6650179198371532,0.6629795735335717,0.8441206051613709,0.518343400278687,0.7802843144295082,0.861922824382782,0.2031066392089993,0.696716358885169,0.7029205448925495,1.160061003640294,0.6954303625971079,1.0544858518987894,0.592193491315568,0.0132650367363166,0.5946881754806728,0.5861898746725142,0.5863614215665599,0.5773716998837933,0.6163562849742997,0.4494860329143335,0.0901293875329663,0.5219954419122954,0.5241565826083454,0.4968515156121317,0.2865788176052107,0.4178478068336843,0.8839455559849739,0.2229506218354495,0.7002255003899336,0.7101663649082184,1.1644481550902128,0.6955775283277035,1.1493102312088013,0.5589238963520449,0.0132543415177875,0.5729193710509771,0.5614509297102513,0.5365373922175938,0.5529738945215942,0.570737894259808,0.4350629218922692,0.0921811720439125,0.5162073080205831,0.5065492196103785,0.4867207981001902,0.2726828710286896,0.3931544127015046,27.8,13.46699669562594,26,23,43,6,41
-175,0.6154603818215821,0.052315903426954,0.7043208912799233,0.6386786404408906,0.5515573595699511,0.5930222947346536,0.5897227230824922,0.6895802273233178,0.1080337490421456,0.4850226990827375,0.6806002484962043,0.7892679539226787,0.7439067344080513,0.7491035007069177,0.6371879380159717,0.0814269128197213,0.4805529526933671,0.6361784469810899,0.7045122846923187,0.6838878712575102,0.6808081344555725,0.7885529100894928,0.0947582418509782,0.6926138196140528,0.8917003683745861,0.7628047596663237,0.9078616257756948,0.6877839770168066,0.5956991254319112,0.0083817031231528,0.589472802541053,0.584373904473284,0.6042803395569214,0.594252748918662,0.6061158316696356,0.4522769540158659,0.0989229093518533,0.4711373961764565,0.2923994036783079,0.538234094399739,0.3958196395183035,0.5637942363065229,0.7949349962174892,0.0877408544142399,0.6928667910397053,0.9042224865406752,0.7874711714684963,0.8847090229392052,0.7054055090993643,0.5689897762611165,0.0205794865020308,0.5512541781313397,0.5530295163653713,0.5576418083784335,0.6057427377567871,0.5772806406736511,0.4278994228529976,0.0844034778365912,0.3886206143239052,0.2979474844286045,0.5028792754343884,0.4153347937418059,0.5347149463362838,21.4,10.170545708072895,3,18,28,27,31
-150,0.6118080586508701,0.0100528547156342,0.6152519106864929,0.6023674221415268,0.5980834499785774,0.6249461130092019,0.6183913974385512,0.7197997622940517,0.0135294850401673,0.7127207230612106,0.7336389453469918,0.7379127604610208,0.7031098546998817,0.7116165279011537,0.6614283683034776,0.0101784123491912,0.6575028958492495,0.6763373680677941,0.6703230227249012,0.6528359121390207,0.6501426427364223,0.8036023166030646,0.1887097481936791,0.7029119972139597,0.7524428497999907,0.6928491853177547,0.6914344634860754,1.1783730871975422,0.5990813485589639,0.0063105287198984,0.6044914283527656,0.5939390127507055,0.6058999157524488,0.5895465103573598,0.6015298755815393,0.4876055648183611,0.0518853078921981,0.4931558636874201,0.4537997224173397,0.5572261584899183,0.5242999703376807,0.4095461091594464,0.8104197841137648,0.1909471383472636,0.7097578104585409,0.7501507010310888,0.7129132095724344,0.6890030913054943,1.1902741082012651,0.5825239169177341,0.0117715738122939,0.5879320791461157,0.5879428024195317,0.560914015374779,0.5953016283586929,0.5805290592895506,0.4757766052929635,0.0559375957817863,0.4632471433523386,0.4532338559021768,0.5536035830661595,0.5176798930805235,0.3911185510636193,24.6,0.7999999999999999,24,26,24,24,25
-125,0.6498488414914985,0.0321611811223656,0.6656713893539027,0.6441488429119713,0.6413784049059216,0.6980928973147743,0.5999526729709224,0.6476147183344435,0.0755762296907752,0.6313631913609842,0.6762501187130995,0.6795241731097548,0.5126062550762727,0.7383298534121062,0.6089223872237859,0.0521972422603859,0.598543562489083,0.6291269037645886,0.6269900791369307,0.516263065857511,0.6736883248708158,0.7515947088599205,0.0777426940555066,0.7058320268988609,0.7455326020717621,0.706239489838481,0.6969626527279615,0.903406772762537,0.597760218017511,0.0069156177693395,0.6042299553305233,0.5945167628430921,0.5861592318986831,0.5990234777568035,0.6048716622584525,0.3511040510074983,0.0655154795932408,0.3374850375550556,0.325059771415487,0.4773821333479303,0.2865788176052107,0.3290144951138079,0.7613660518079997,0.0833089796450385,0.7116401307284832,0.7580590285360813,0.7165224254131317,0.6975713241845369,0.9230373501777648,0.565307634009225,0.0127181037796385,0.5739648824093515,0.56230284274828,0.5450267571504736,0.5624615092175542,0.5827821785204659,0.3388634491906274,0.0584100251431757,0.3241531551123399,0.3219265427156739,0.4485654852681973,0.2726828710286896,0.326989191828236,15.8,6.705221845696084,14,18,19,4,24
-100,0.6512389400758242,0.0260040257550174,0.6676201098843625,0.642183277167772,0.6492073655128479,0.6874027898437098,0.6097811579704284,0.6503448433952591,0.0565010498600267,0.6247378815581041,0.6758407925481552,0.6618771782917563,0.5596110524655832,0.7296573121126965,0.6075899866508437,0.0431348451018486,0.5885437780196554,0.6272491827577386,0.6169936865542095,0.5377154897297776,0.6674477961928377,0.7456572603434324,0.1064051909938201,0.6854564119130373,0.7134709190577269,0.6824465524405241,0.689573286101222,0.9573391322046518,0.6016071225417029,0.0046548939223426,0.6091114556678031,0.599447250773728,0.5990464724443809,0.595918218311643,0.6045122155109592,0.449615493543687,0.0551118664110689,0.4477207482996626,0.4418828995128124,0.5517664519122953,0.3890694674301565,0.417637900563508,0.7536186255514622,0.1099047633997071,0.6953321527689695,0.7186364512890577,0.6904315073043108,0.6912364009767771,0.9724566154181956,0.5763562197806861,0.0089045418502435,0.5725888688597909,0.5703563194505695,0.5702091512884204,0.5747780937786098,0.5938486655260401,0.4286021198371378,0.0580218525187658,0.3966126526210615,0.4370052479255182,0.5377081791939593,0.3764137176374827,0.395270801807667,14.8,5.455272678794342,11,16,17,7,23
-75,0.6764387812112507,0.0209500331014639,0.644441953458284,0.6877413454808687,0.699822743942863,0.6907870436969556,0.659400819477282,0.5860799169623402,0.060134595729201,0.6719642702149532,0.5652882514197727,0.5123605233329726,0.5414000382296144,0.6393865016143877,0.5599826081823358,0.0411939487175756,0.6159983696823765,0.5508237388829007,0.508052861067475,0.52678745949487,0.5982506117840569,0.6889300964772701,0.0067152840480679,0.6835907399654388,0.6999908871948719,0.6922360993921757,0.6878037378191948,0.6810290180146694,0.5990399508419298,0.0030699799049917,0.5957902435286699,0.5987535251609846,0.5989494573164061,0.5969869450023312,0.6047195832012573,0.4314296831380528,0.1099322283135406,0.5272288290101563,0.2961739707316752,0.3211437035347304,0.4370930171298519,0.5755088952838504,0.6929141484200955,0.0062745571115226,0.6930766142904758,0.704000536352396,0.6926765479147434,0.6899810340255499,0.684836009517312,0.568937011858554,0.0115770097640702,0.562718764139466,0.557201181301694,0.55992067559453,0.5774854437651737,0.5873589944919068,0.4091672463281681,0.0938782156682653,0.485665876341193,0.3002977175664943,0.3096247974430699,0.4128675251859098,0.5373803151041736,9.8,5.635601121442148,17,6,3,7,16
-50,0.6412821043165107,0.039458221921569,0.6920111844414158,0.6465445869847348,0.6072404343830912,0.6738036456860994,0.586810670087212,0.6608255935122386,0.0742760912373264,0.5475529985820883,0.6681267884303436,0.7264632700708095,0.6117862733250098,0.7501986371529415,0.6154459672878774,0.0547165369399593,0.5338388450890518,0.6136729409149841,0.666483404683967,0.5807312463991066,0.6825033993522772,0.7069835569709539,0.0255116050173431,0.6920731831341982,0.7275893166661263,0.6895031183958054,0.6794673725962639,0.746284794062376,0.6006923751391698,0.0037346936511835,0.6009343709752931,0.5961363023811173,0.606482903222938,0.5972799064060644,0.6026283927104369,0.4311787795453525,0.0995343337880276,0.3145189896990484,0.3760073781584435,0.538559969490387,0.5615730386875037,0.3652345216913799,0.7139766260981559,0.0246999741090129,0.6959806997328997,0.7400645911693573,0.7035005409270525,0.6840767040848732,0.7462605945765972,0.5641536796959838,0.0176395663454251,0.5382531214163373,0.5599024858781845,0.5550506102400657,0.5811807486598536,0.5863814322854782,0.436886185459825,0.0983961800464766,0.3115009218344338,0.3732469506714888,0.5339303864093297,0.5694495985438949,0.3963030698399783,15.8,7.249827584156743,5,16,22,11,25
-25,0.671245179803748,0.011374055160884,0.6694557974213048,0.6841934768777145,0.6720367444188972,0.6794817629613374,0.6510581173394856,0.6113443196846318,0.0277108146514879,0.624228081954925,0.5765597415892503,0.6152049522811517,0.586557167620756,0.6541716549770763,0.5814893721510703,0.0178999230949573,0.5906980269821691,0.5579925293585537,0.5845614949408479,0.5659692565500558,0.6082255529237248,0.7069512657821179,0.0342398972115163,0.7730594091117382,0.7073137518018484,0.682715617120266,0.6833668611943722,0.6883006896823645,0.5980504918608287,0.0076003535213279,0.6100723887570229,0.5960026548505379,0.5931534729554394,0.6026966168080208,0.5883273259331222,0.45788201749998,0.092514105822253,0.3940906649802087,0.3120423524225635,0.5394393088115873,0.4858444931508303,0.5579932681347097,0.7075187999755144,0.028889927658022,0.7619900330901146,0.7123134508728981,0.6886110361665487,0.6849793139845133,0.6897001657634974,0.5665628551743568,0.0166939381426693,0.5656817932954585,0.5466154976410286,0.5499230774276138,0.588120905623718,0.5824730018839654,0.4526254373580342,0.0916924994271478,0.3890347580064885,0.3066887680893042,0.509121402218458,0.4991812388417326,0.5591010196341878,11.4,3.7202150475476543,11,7,12,9,18
0,0.6832050024835687,0.007337861771691,0.6905199603030556,0.676686259947325,0.6890257496582834,0.6875595908415945,0.6722334516675849,0.57783929611368,0.0243182978082353,0.5560729791310892,0.601924236553305,0.5569206392361368,0.5617181572315856,0.6125604684162832,0.5521824540818123,0.0150214707201713,0.541415366149815,0.567709086047192,0.5395489182615728,0.5390811060180057,0.5731577939324757,0.6910622686147689,0.0090760875283971,0.6848424803465605,0.7082405555993319,0.6849132888019085,0.6848679296672344,0.6924470886588097,0.5968560457342442,0.0084888271079927,0.606617411000015,0.5963429111741292,0.59688028124931,0.6027498522047913,0.5816897730429753,0.4693002879765179,0.0878525690077506,0.4411326625692412,0.3965956023718654,0.5659749387869095,0.5790006624236785,0.3637975737308952,0.6962546404451132,0.0104929728230835,0.694119518622756,0.7165580466389656,0.6894590798765421,0.6871862467378378,0.6939503103494644,0.5676666787520069,0.0079857688272247,0.5568644974712814,0.5658348265067628,0.562197659722585,0.5783071182877959,0.5751292917716098,0.4510184719944478,0.081613381335663,0.3984607224670444,0.3817469197181486,0.5338778029940211,0.5656818610107627,0.3753250537822623,8.6,2.870540018881465,6,9,7,7,14
25,0.6696892979270533,0.0243550210106097,0.6629811713570043,0.6958225256518313,0.6750271627777501,0.6881525522784183,0.6264630775702628,0.6085320867798752,0.0566136798723368,0.6336744053262201,0.5405707358969624,0.6060939191813971,0.5613587862951099,0.7009625871996863,0.5778288607212938,0.0369976550439524,0.5864002454384935,0.5329744790749268,0.5739736947678544,0.553522555738452,0.6422733285867425,0.6997932825237513,0.0246455730861754,0.6798396222293377,0.6894977986812592,0.7477090079337358,0.6845997627824545,0.6973202209919691,0.5960936215508019,0.0078320145309235,0.604208535247607,0.5877565947873157,0.5940948451192986,0.6062838002221136,0.5881243323776749,0.5033404077385852,0.0570207907605698,0.5149154121115165,0.5298739188392071,0.3911185510636193,0.5341238746263502,0.5466702820522332,0.705324636027217,0.0269714108728603,0.6877501923590899,0.6918664872646332,0.7583297546952963,0.6873970609158278,0.7012796849012375,0.5649972672723098,0.0153305130675481,0.5598730968893509,0.5383938627802827,0.5681587040752735,0.5758804762334595,0.5826801963831824,0.4771562014928228,0.0565780317864812,0.450046438432697,0.4952964593970324,0.3812393886033031,0.5186276846475216,0.5405710363835597,11.2,6.910861017268399,16,3,9,6,22
50,0.6821155800317463,0.0034897816723667,0.6784055176534151,0.6829625179893092,0.6874923925650748,0.6835365696957237,0.6781809022552089,0.5843557134585089,0.0135969856525962,0.6009122900082202,0.5837464383926522,0.5624834036885381,0.5785447389652623,0.5960916962378716,0.55726926744292,0.0126440032600523,0.5759122004966937,0.5604269405750341,0.5362632235771857,0.5572288449487416,0.5565151276169453,0.687955117598176,0.0044793025831873,0.6814063806086779,0.6916033066809177,0.6844282858073711,0.6888202577829361,0.6935173571109772,0.597415809699601,0.0093256491869484,0.6112955273775315,0.5914741255969881,0.5959616420106757,0.6037591161616566,0.584588637351153,0.4348118914520045,0.0584848510211429,0.4794123149401101,0.3908974504980781,0.5254779207115616,0.4090329858983499,0.3692387852119227,0.6923857592046261,0.0041763092156478,0.694878963753581,0.6989637669175863,0.6877343282103539,0.6919532958418131,0.6883984412997961,0.5741808866157353,0.0203070709809589,0.5650531693793714,0.5469487411348362,0.5684636709173779,0.5825890285544574,0.6078498230926337,0.4261647747034838,0.0425109817372087,0.4019975603728016,0.3995362377909466,0.5067520978210024,0.4313276413890916,0.391210336143577,7.8,1.16619037896906,9,7,6,8,9
75,0.677179821039501,0.0081813415707182,0.6626172523749502,0.6826540903041237,0.6797970420435855,0.6747211330815366,0.686109587393309,0.5961467776587096,0.0240208436964469,0.6373490832114439,0.5823240839595786,0.5864714505446847,0.6066075197401278,0.5679817508377127,0.5700321137047979,0.0129935549346801,0.5907618730746294,0.5668636902030989,0.5666209565855567,0.5750535268410073,0.5508605218196967,0.684569026902318,0.0052360021558191,0.6793558429926634,0.6816159207373857,0.6918303743004799,0.6801202818751335,0.6899227146059275,0.5981228754042589,0.0105539786408684,0.6131274237780624,0.6000597329515976,0.5918746253773102,0.6035427271534688,0.582009867760856,0.5058728546404752,0.0693519168130423,0.5401630684912168,0.5540184354915226,0.4572967040375513,0.5828092830492144,0.3950767821328705,0.6906360726803541,0.0056882008955776,0.6876830607652664,0.6913717109709978,0.7014004644006491,0.6861188262701035,0.6866063009947538,0.5689162649517026,0.0200045700487416,0.5527785559232837,0.5537884135220768,0.5543965268214134,0.5805690967689557,0.6030487317227835,0.4795584322658484,0.04751962930673,0.4770832811411372,0.5056163677833242,0.4284842335129808,0.5550251681181249,0.4315831107736747,10.2,3.249615361854384,15,7,9,13,7
100,0.6713740666289079,0.0142834396601007,0.6442108844455919,0.6834518752600017,0.6737565686828212,0.6827261786711843,0.6727248260849401,0.6090922591491928,0.0332678003085583,0.671220774839196,0.5773822694676347,0.6063723611361466,0.5834689921664509,0.6070168981365358,0.5750548792874923,0.0251330569318984,0.6221698401166899,0.549450055634662,0.571037921558367,0.5587655906935534,0.5738509884341892,0.6908735819160938,0.008860334991779,0.7050007339566946,0.6890810020267963,0.6958096958696842,0.6793891694396734,0.6850873082876205,0.5967796851798072,0.0093073075999863,0.6115167339124262,0.5945586794298217,0.5967861009849418,0.5986612554797178,0.5823756560921283,0.4543236612075942,0.068831673422106,0.3952494608244652,0.4058546896111602,0.393592293065368,0.5371315575646597,0.5397903049723178,0.6954672440886498,0.0100674698402958,0.7091243881732225,0.6973942928016186,0.702277597039938,0.687384445220232,0.6811554972082376,0.5698500222334213,0.0170862034351249,0.56746341770907,0.548117870878137,0.557322686385753,0.5794178612872796,0.5969282749068663,0.4488422502746875,0.0803239346012923,0.3857975747918518,0.3833259432120895,0.3812393886033031,0.5373748018230474,0.5564735429431462,10.8,5.035871324805669,20,5,10,8,11
125,0.6751503188986527,0.0109399856518518,0.6644383392835919,0.6859464425789682,0.6837538261162607,0.6821059546972575,0.6595070318171853,0.5996653391532825,0.0293425853163214,0.6323015673167692,0.5712090039210032,0.5735555265806964,0.5831724479899385,0.6380881499580049,0.5671000153741724,0.0178651065307902,0.589871489807203,0.5472551090161132,0.5604683724812659,0.5511676248467409,0.5867374807195392,0.6883302740752697,0.0037290874191815,0.6863322034478188,0.6864723190665245,0.6869038604199886,0.6957725062966347,0.6861704811453819,0.5952355908531876,0.0110802397299852,0.6125444365877986,0.5916260796166285,0.5962961936560736,0.5976326641242048,0.578078580281232,0.4534074790834831,0.0608333357323023,0.445314172806068,0.4521273014510858,0.4672322282253521,0.355695453063981,0.5466682398709283,0.6931123521178961,0.0052920318403398,0.6937737092375755,0.6958033125847578,0.6928557306528091,0.6995486076921225,0.6835804004222155,0.5627282924906714,0.0143733749455415,0.5478781012243396,0.5474929430516244,0.5603014508911295,0.5741934283455409,0.5837755389407231,0.4437661125359295,0.071399864875557,0.4472763313797208,0.4289564516615597,0.4579245018466452,0.3304136540981778,0.554259623693544,11.4,5.9531504264548865,17,5,7,8,20
150,0.6763960067849409,0.0025031145889914,0.6729359651866712,0.673860175986039,0.6790671743844685,0.6776953025868064,0.6784214157807199,0.6021034151645293,0.0081191735713222,0.6088745047704236,0.6146445840043805,0.5968646604609567,0.5950633128533769,0.5950700137335083,0.5723536323766373,0.0047891224608424,0.5670194907041778,0.5781223821301801,0.5717281903786146,0.5673237424106857,0.5775743562595281,0.6845596499741078,0.0037266438231201,0.6827271580696106,0.6792263649404049,0.6882392205297947,0.6833009738475084,0.6893045324832201,0.5953071725705895,0.013340842170462,0.6126898430080573,0.5971316671190141,0.5956192121653555,0.5995798062879594,0.5715153342725608,0.5213288197813609,0.0509237657985314,0.5771818811394575,0.5636514059583573,0.4558252185180619,0.4647999442368365,0.545185649054092,0.6894881363958121,0.003611191452133,0.6887018606066704,0.6888948418200016,0.6953658573329449,0.690367080271244,0.6841110419481993,0.5622393483514375,0.016758932280364,0.547336095574277,0.555938457632595,0.5463228722895365,0.570794747328988,0.5908045689317912,0.4932939768916956,0.0455181891994132,0.5151615478646742,0.5321427432079044,0.4261105162068102,0.4527235364703711,0.540331540708718,9.8,1.6,12,8,10,11,8
175,0.6735034559902392,0.0094421620908071,0.6665057671697516,0.659320254702317,0.6780444954570971,0.686099940852115,0.6775468217699151,0.6063665173107842,0.0254136422129403,0.62399722012884,0.6430647792192339,0.5950038646868163,0.5687665985390177,0.6010001239800135,0.571924791371291,0.0208447957434605,0.5892931396722958,0.6026995639347934,0.5589028885434775,0.5460737822587043,0.5626545824471845,0.6858896896243095,0.0030733931293041,0.6801974475383759,0.6891247183084488,0.6871423609554768,0.6854753363877535,0.6875085849314928,0.5988673219527909,0.0122340390976268,0.6116137222931438,0.610221886873366,0.5954285682816577,0.5992989568947539,0.5777734754210331,0.4900295333221865,0.0306728476849333,0.5404267445616353,0.4806413151950718,0.4447473945072785,0.4950382484444437,0.4892939639025029,0.68815659545362,0.0027846962799114,0.68852105922997,0.689930384978652,0.6900768745690584,0.6895602717995644,0.682694386690855,0.5721454550892529,0.0165259963283932,0.5540261931588364,0.5710795022085117,0.5578759639189455,0.5771922299613577,0.6005533861986129,0.4750073442061101,0.0238598229444171,0.4658666987913649,0.4733724466212808,0.4360327565099293,0.4985268233756036,0.5012379957323716,10.8,3.709447398198282,13,17,8,7,9
200,0.6757628009193821,0.0074007992256844,0.6615957762065686,0.6751630262324685,0.6808884219119423,0.680736157768651,0.6804306224772805,0.5997001353329334,0.0177951607839818,0.6326078430366456,0.603200656640072,0.5821722674583398,0.5914235032934823,0.5890964062361272,0.5696210753858539,0.0124087129712887,0.5921798460244976,0.5732482024252441,0.5576791370838314,0.5638723263722625,0.5611258650234343,0.6858727600425482,0.0026085317346364,0.6840598620474339,0.6855294536799192,0.6822593193501234,0.6880806870758533,0.689434478059411,0.5928354751129068,0.0090392211496878,0.6036264458053745,0.5930872347268771,0.5958269978410448,0.5954256329732066,0.5762110642180313,0.4923885809738794,0.055248368174968,0.4482891635999987,0.4951423417130128,0.5412873527231926,0.4148219344259277,0.562402112407265,0.6896018553525209,0.0018501766150109,0.6897827405482531,0.6905698478221893,0.6882155146449804,0.692384785041213,0.6870563887059689,0.564484496301185,0.0136374027497968,0.5604396279117824,0.5564205796661901,0.5499601109051301,0.5659081129467189,0.5896940500761038,0.4705296402503898,0.0612050772028465,0.4475478003553816,0.4538489115563766,0.5117885848268424,0.3796750227621636,0.5597878817511851,10.0,2.6076809620810595,15,8,10,8,9
225,0.6781001861471878,0.005320837400962,0.6689336682620801,0.6807937314635829,0.6761361002922058,0.6799920540106924,0.6846453767073782,0.5918074073821282,0.0140511096116808,0.6151094117422188,0.5864481965980771,0.5977475191705752,0.5867573386968774,0.5729745707028921,0.5604636364062686,0.0062969028116059,0.5709341971680391,0.5565190567501511,0.5603926783902341,0.5623461090679359,0.552126140654983,0.6861517671495676,0.0045133383795666,0.6787484548985958,0.6922426745295525,0.6847483143210411,0.686045914888382,0.6889734771102667,0.5931008475824218,0.0112371420501015,0.6088960275221128,0.5885890690336469,0.6012867566531793,0.5906114259582116,0.5761209587449586,0.4940843101311965,0.0639032142426686,0.5672864126637809,0.3984413855453267,0.5633585615903047,0.4735294256134793,0.4678057652430907,0.6899298582226038,0.0047167711226544,0.6891264300793409,0.6990972403436899,0.6879826225340366,0.687764186412096,0.6856788117438555,0.5635310543264564,0.0185864748616775,0.5437584790735337,0.5507205901569352,0.553933640481709,0.5748612388718346,0.59438132304827,0.4727230794153794,0.0523420444132789,0.5184945967468655,0.3798842421057199,0.5258663960286022,0.4781021942242354,0.4612679679714737,10.0,3.4641016151377544,15,6,13,9,7
250,0.6778736076856914,0.0082782257612834,0.6730661599259627,0.6673398017883301,0.6740078813151309,0.689618896810632,0.6853352985884014,0.5934982386261891,0.0273717784292296,0.6138013225558125,0.6259389733350411,0.6046584408713358,0.5539619441149694,0.569130512253787,0.5661389416875688,0.0210915981362788,0.5805064636948607,0.5886928070972671,0.5801682644116327,0.5379835028377705,0.5433436703963133,0.6878454312682152,0.0055752069107736,0.6822360754013062,0.6814226284623146,0.696607856079936,0.6900149583816528,0.6889456380158663,0.5888635355240688,0.0095289115336091,0.6006102654896918,0.5816390544275638,0.5975863808983791,0.589312681654149,0.5751692951505604,0.4888847733709784,0.0755764385160289,0.5576882613482075,0.55074010361178,0.4096171521869244,0.3844646389000292,0.541913710807951,0.6932240720838309,0.0061131557599301,0.6900428216904402,0.6935424394905567,0.7039943411946297,0.693102452903986,0.6854383051395416,0.5614779656965789,0.0161143352030797,0.548936974305982,0.5553582733854184,0.5469423503931199,0.5650118385243814,0.5911403918739929,0.4688782679557602,0.0776071694378848,0.5238555402737265,0.5137170632773765,0.3896125588853634,0.3621999392145979,0.555006238127737,9.8,2.5612496949731396,10,12,13,6,8
275,0.6750611310256155,0.0064688581242225,0.6764752808370088,0.6808072272099946,0.679187442127027,0.662580690885845,0.676255014068202,0.6069348659333145,0.0182748697191437,0.6097970535450112,0.5856536088484323,0.5977699612956268,0.6400185222313077,0.6014351837461935,0.5709650116069537,0.0116859857395723,0.5636993423579665,0.5634408348581424,0.5731958995575676,0.5928900579497701,0.5615989233113221,0.6910021729767323,0.0065620615305084,0.6844621393829584,0.6924194246530533,0.6847214251756668,0.7024508751928806,0.6909570004791021,0.5895158692604594,0.0114817851341575,0.6005109764790433,0.5998411716818559,0.5954631353446176,0.5793834348969314,0.572380627899849,0.4894299915819877,0.0493585478165627,0.5136807111699104,0.4070774730525462,0.5393465920589734,0.4597133408669797,0.5273318407615288,0.6949584811925889,0.0086876358904974,0.6897474750876427,0.7030051872134209,0.6879703383892775,0.7077121436595917,0.6863572616130114,0.5593769787244747,0.0163986322274369,0.5456500717312442,0.5447674464846265,0.5483863546594642,0.574110676926973,0.5839703438200652,0.4888184467844103,0.0498354289868439,0.5164489890441797,0.3915138283635657,0.5014770334129526,0.5031736044873637,0.5314787786139895,10.2,4.069397989875161,9,6,9,18,9
300,0.6710854349638287,0.0115291784717652,0.6679625260202509,0.6763893158812272,0.6829179054812381,0.6780166193058617,0.6501408081305654,0.6145469886520752,0.0271940285760467,0.6215024792474484,0.6041971157559896,0.580408267742002,0.6043976445520334,0.6622294359629028,0.5804689843542641,0.0198232314818316,0.5918985521478924,0.5749087345441941,0.5545515291382362,0.5689225552259972,0.6120635507150004,0.6884113166481256,0.0035769377582601,0.6850793696939945,0.6863304227590561,0.687489727512002,0.6952952910214663,0.6878617722541094,0.5971810014466927,0.0074535028883109,0.6096094327633367,0.5943404124805901,0.6011859871231093,0.5922307020978382,0.5885384727685887,0.4862690823037454,0.0504554682284787,0.5000772066910917,0.5047472938429535,0.4586799571163444,0.4083411442862122,0.5594998095821252,0.6924700241535902,0.0044202266787243,0.6922898143529892,0.6944301631301641,0.6914076432585716,0.6989094596356153,0.6853130403906107,0.5633236532327703,0.011998115617048,0.5506316658041365,0.5523255604998659,0.5585506885631003,0.5753330538154771,0.5797772974812722,0.4815635387922469,0.0438087915793176,0.4907660653100191,0.4683403409086729,0.4450904942442107,0.4418672647457258,0.5617535287526058,13.4,6.468384651518491,13,9,10,9,26
325,0.6765692370816282,0.0012061187455437,0.6763646985355176,0.6767373016006069,0.6785852024429723,0.6748113048704047,0.676347677958639,0.6003109105390505,0.0038646519208673,0.6005434923057197,0.5990268056658292,0.5939617496895819,0.6056357136189072,0.6023867914152145,0.569341335582042,0.0055691716112197,0.569734112279688,0.5661888626392084,0.5605516577491845,0.574397153445265,0.5758348917968644,0.6897320177406072,0.006030146683615,0.6980879213660955,0.6893488261848688,0.6814513579010963,0.6852368712425232,0.6945351120084524,0.5919738287788611,0.0103574515400364,0.6072886972277757,0.585936300855349,0.6012975694987442,0.5810218009131848,0.5843247753992517,0.4612669108454953,0.0564581645700723,0.4196280781037074,0.4058574465024316,0.5612544369859166,0.4835859037256807,0.4360086889097406,0.6936883360147477,0.0044971940285321,0.701993877068162,0.6945911850780249,0.6891901660710573,0.6913342624902725,0.6913321893662214,0.5661247414341801,0.0150072161882104,0.5595614833293668,0.5525758993450908,0.5519413892454359,0.5758502474954549,0.5906946877555521,0.4458901836902161,0.034664651182282,0.4261468975981251,0.4180322362156995,0.5045768008133261,0.4662005935739268,0.4144943902500032,11.2,1.7204650534085253,11,9,10,14,12
350,0.6847127397436845,0.0051832075443435,0.690920479046671,0.6823874624151932,0.68152124505294,0.6906902658311944,0.6780442463724237,0.5744533985007998,0.0162161309081459,0.5563131393409471,0.576930810286423,0.5841118616526992,0.5566193756101084,0.5982918056138214,0.5548136681540806,0.0090208879429696,0.5474526809012025,0.5537995284816566,0.5631657349121667,0.5429527048439514,0.566697691631426,0.6885530855506659,0.0006222922344121,0.6886090710759163,0.6895984057337046,0.6878903061151505,0.688724322244525,0.687943322584033,0.5929555364653357,0.0078718144781198,0.6069054606978339,0.5867197905421407,0.5964180268291355,0.5883404959551892,0.5863939083023794,0.4444031318032492,0.0312748170061702,0.4371950471503421,0.4000399307000129,0.4767228439845697,0.4253876419141515,0.48267019526717,0.6913207847625017,0.0021937848177596,0.6914197746664286,0.6941222827881575,0.6923587750643492,0.6912714466452599,0.6874316446483135,0.5589351532592477,0.0161482297478943,0.5421907219286374,0.5509970222808694,0.545047146634616,0.5747769225161979,0.5816639529359181,0.4290727713429585,0.0346471404322034,0.3873762035326814,0.4105569629012884,0.4746729517112213,0.4069293515693203,0.465828387000281,8.0,1.6733200530681511,6,7,10,7,10
375,0.6738709358165138,0.0088625206836105,0.6830034914769625,0.680410689429233,0.6666116908976906,0.6602181622856542,0.6791106449930291,0.6064440429194077,0.0250531042276895,0.5809636357861095,0.5887877498465139,0.6269424143094838,0.6451572224496055,0.5903691922053256,0.571520505626286,0.0196320437758233,0.5492748132883175,0.5639481786177016,0.5839255506901135,0.6033503983390358,0.5571035871962617,0.6879461843520402,0.0022814690630673,0.6904122158885002,0.6847673859447241,0.6858549751341343,0.6884720623493195,0.6902242824435234,0.5944970525325266,0.0105234145256948,0.5994668992854492,0.5947760209474425,0.6072487012703097,0.5956042725418421,0.5753893686175898,0.4862179138651196,0.0456447770700936,0.4005613219632624,0.5112317575870747,0.5075812379484538,0.4810921654862635,0.5306230863405434,0.6912995614111423,0.0019790173434288,0.6921936050057411,0.69083072245121,0.6921056564897299,0.6936126984655857,0.687755124643445,0.5635423764819257,0.0181460571265601,0.5465202830670765,0.5478475972274952,0.5520514338489345,0.5863919236700411,0.5849006445960812,0.4803666650552934,0.0362040818027247,0.4099208937672414,0.4993735964684154,0.4853162211677133,0.4957156529517715,0.5115069609213259,12.2,4.833218389437829,7,8,18,18,10
400,0.68151308335756,0.0052239399289173,0.672899329662323,0.6808707883483485,0.6810726347722506,0.6836563900897378,0.6890662739151403,0.5858590570422373,0.0185915043853206,0.6131468817981688,0.5961749374855334,0.5873212143247677,0.5738083947645639,0.5588438568381524,0.5602557219533972,0.0108583073002146,0.5755981065446916,0.5658724556178027,0.5624322371780762,0.5536984809452442,0.5436773294811712,0.7001847475767136,0.0103437059811769,0.6910540871322155,0.719548350200057,0.6922413520514965,0.6967028118669987,0.7013771366328001,0.587414138035095,0.0154606200138517,0.6088326028180815,0.5944038558221238,0.5923547767145539,0.5780563255862725,0.5634231292344438,0.3691296168842231,0.0507754845957919,0.4380997642288633,0.3139012535870282,0.3846099469943692,0.4015137151100992,0.3075234045007557,0.7015161424875259,0.0111246626672757,0.6950992513448,0.7235486507415771,0.6937298271805048,0.698274914175272,0.6969280689954758,0.5614857621617256,0.0117794580746215,0.5506481864305097,0.5563547676800313,0.5495145756491969,0.5725943732264012,0.5783169078224892,0.386044191256773,0.0471155225219076,0.4415971966278485,0.3232552384990161,0.3949516177815443,0.4298740656980525,0.340542837677403,8.4,1.624807680927192,11,8,8,9,6
425,0.6819966411590576,0.0062543710197544,0.6874933223975332,0.6755005014570136,0.6898645413549322,0.6829029760862652,0.6742218644995438,0.5822654327272812,0.0231514263601335,0.5603218709728661,0.6104488726761441,0.5525557020270626,0.5829091138714864,0.6050916040888462,0.5614676418165804,0.0153177711057459,0.5476584597316119,0.577539834546268,0.5389558218305943,0.5691048301422655,0.574079262832162,0.6909419912844896,0.0038700627238376,0.6903265807777643,0.6915883030742407,0.6979596242308617,0.6873831637203693,0.6874522846192122,0.5960050337695056,0.0104110168741714,0.6048321358978891,0.6050031820846208,0.5990254301203292,0.5944328789186418,0.5767315418260479,0.4243884439975688,0.0914763127670239,0.3655845759635677,0.3602695813412073,0.3261011437788497,0.5265340483773574,0.543452870526862,0.6931035429239273,0.0051772587602558,0.6957231387495995,0.6961704753339291,0.6992499604821205,0.6894191019237041,0.6849550381302834,0.5646941962529738,0.012203431649442,0.5553354706737753,0.5569132891322282,0.5559715850807685,0.5679822200014362,0.5872684163766607,0.4303175307045338,0.0948736902408668,0.3379214199314922,0.3827035989557247,0.3418286529257216,0.5330605157821642,0.5560734659275663,8.6,3.4985711369071804,5,9,6,8,15
450,0.6774265403496592,0.0068638456302749,0.6748839735984802,0.6835700072740254,0.6777256909169649,0.6850593215540836,0.6658937084047418,0.5986344576899579,0.020901420441304,0.6109607914829972,0.5787051248207158,0.5960009442378179,0.5756822527764406,0.6318231751318183,0.569060114327619,0.0162353827091456,0.581524564053429,0.5563802512572273,0.5600091115850926,0.5527536120112367,0.5946330327311099,0.6936160631477832,0.0073815582583989,0.6847359836101532,0.6856072824448347,0.6987908650189638,0.6953468061983585,0.7035993784666061,0.5931724706265324,0.0086787106443153,0.602957916634221,0.5997451958744409,0.5976667508238747,0.5826168208024857,0.58287566899764,0.4432296954493182,0.0989225526264583,0.5439832966915389,0.5501144870649043,0.3405152536929291,0.3156081032617629,0.4659273365354561,0.6960309952497482,0.0053001403238158,0.6901635974645615,0.6896512284874916,0.7027364652603865,0.69721894338727,0.7003847416490316,0.5601573206091351,0.0089173775882936,0.5538751634784311,0.5579291580656328,0.5555329341918261,0.5556449013888655,0.5778044459209201,0.4216481405611835,0.0862975667634324,0.5126878004317263,0.5106731883043562,0.3438781573790676,0.3007068110415684,0.4402947456491989,13.0,5.215361924162119,15,8,12,8,22
475,0.6750338203028629,0.0078878251695998,0.6600392868644313,0.6748212193187915,0.6803843084134553,0.6778404417790864,0.6820838451385498,0.6035124783468205,0.0234664854541675,0.6458426698080132,0.6100766376343009,0.5838999710947564,0.596120100644338,0.5816230125526943,0.5725161054953712,0.0182892440892086,0.6067073041516905,0.5755045972639233,0.5556449498091756,0.5610092642162543,0.5637144120358124,0.6856546871364116,0.002972296552332,0.6824096255004406,0.6820528544485569,0.6874202005565166,0.686671918258071,0.6897188369184732,0.5927584135472184,0.016154190053129,0.6074246271350446,0.6037457254275143,0.6037535098442365,0.5838287169936563,0.5650394883356405,0.5209772169763622,0.0349535800167402,0.5348085029724884,0.5636970268586179,0.4639877914141622,0.5006466073805161,0.5417461562560266,0.6899132806807756,0.0021946211238338,0.6938691437244415,0.6895950622856617,0.6899713184684515,0.6889312602579594,0.6871996186673641,0.5642870603601368,0.0119302036572427,0.5510723927462904,0.566826586982701,0.5543538679806382,0.5641138192578974,0.5850686348331563,0.5007081862268956,0.0414422070835188,0.4391690665996671,0.5252268476969802,0.468574686739852,0.5155956003410473,0.5549747297569314,12.8,1.7204650534085253,16,12,11,13,12
500,0.6489182089504443,0.0344822229797491,0.5835266721876045,0.6748022004177696,0.676918069312447,0.6460442235595302,0.6632998792748702,0.6561241860313363,0.0560960668945825,0.7582091206910737,0.6085264840069005,0.6040409453090684,0.6677949312363763,0.6420494489132624,0.6130332100958718,0.0423449280815817,0.688693470681569,0.5738763321547985,0.5741126971871149,0.6239885943179362,0.6044949561379397,0.7395093161612749,0.0742482023113559,0.884540606290102,0.7053342964500189,0.6854348331689835,0.731438796967268,0.6907980479300022,0.5952855624242105,0.0132684363514958,0.6124686268381091,0.6056697699703788,0.5977366555241824,0.5834864086503533,0.5770663511380285,0.430913719678339,0.0828104859714505,0.3405302145441274,0.337598982527419,0.4937653806757689,0.4358447344198209,0.5468292862245591,0.7513324033468962,0.0945182162848757,0.937428342178464,0.7093536239117384,0.6886198818683624,0.7333053108304739,0.6879548579454422,0.5601310763548287,0.0094512379805388,0.551686187934268,0.5535081311163109,0.5569033982943177,0.5605132982162678,0.578044366212979,0.4321423953978959,0.0783556279827432,0.3368542134716531,0.3645652208477316,0.4778971647065613,0.4270558539988627,0.5543395239646708,19.4,6.3118935352238,25,10,14,26,22
525,0.6787698866191663,0.0062503322712339,0.686214848568565,0.6803605857648347,0.6826238732588918,0.6767663892946745,0.6678837362088655,0.5953605665558017,0.0179081109955031,0.5728184538118427,0.5921928975672636,0.5840287933363235,0.6022436092344547,0.6255190788291243,0.5663097283878409,0.0150526197033971,0.5449609124628805,0.5614361564726407,0.5609871384311551,0.5740975325988059,0.590066901973722,0.692210765555501,0.0047721669469625,0.7000347971916199,0.6951822806149721,0.686846174299717,0.6898800190538168,0.6891105566173792,0.5890536952723123,0.0113868770223131,0.5935704674136038,0.6043040340426903,0.5947687150901644,0.5806715193098041,0.5719537405052995,0.4397604822229666,0.0904403894218992,0.3118109997901716,0.3583144271830036,0.518638905937041,0.4653099341138708,0.5447281440907458,0.6941084362566471,0.0071768532420997,0.7052583359181881,0.6993014309555292,0.6888981554657221,0.6914690807461739,0.6856151781976223,0.5641979601901659,0.0066123335381595,0.5574956431385871,0.5664328560850944,0.5583695632776279,0.5629534199621026,0.5757383184874175,0.4408851227151804,0.0853871302411368,0.307170644868139,0.3830155829889226,0.5133081489998846,0.4625077523672148,0.5384234843517413,11.2,3.7094473981982814,6,9,11,13,17
550,0.673679638034419,0.0123055515145452,0.6573158841384085,0.6751150790013765,0.6813203516759371,0.6915073194001851,0.663139555956188,0.6062270780617404,0.0355844546689764,0.6551430003295777,0.6033063012221483,0.5894512523014037,0.5514822962589075,0.6317525401966646,0.5725871601803092,0.0249313711940609,0.6115430432233343,0.5645456598363807,0.5694805129503253,0.5349203647676936,0.5824462201238124,0.7102125819772482,0.0288168468268741,0.7663539908826351,0.6965298485010862,0.6906299702823162,0.6896136961877346,0.7079354040324688,0.5925401915588119,0.0165516180420276,0.6063146798568355,0.6063975453618452,0.6005635253589614,0.5867125587583211,0.562712648458096,0.4236424947179283,0.0703493782226818,0.3212548420147537,0.3978773026153483,0.3936805668080804,0.5127058975636412,0.4926938645878183,0.7162599492818117,0.0398116246107341,0.7954003252089024,0.7040302585810423,0.6937279161065817,0.6909370999783278,0.6972041465342045,0.55992446526602,0.0077549549289766,0.5565649199925032,0.5617799877401158,0.5596195811551437,0.5489075493528981,0.5727502880894394,0.4340205663635887,0.0752764457779046,0.3103210087933815,0.4295939158171828,0.4058600958944057,0.5138617893257001,0.5104660219872734,13.0,5.440588203494177,18,10,12,5,20
575,0.6546112135836953,0.0393623976195892,0.6636440854323538,0.6812587135716488,0.6710218598968104,0.6801857747529683,0.576945634264695,0.6409587018345472,0.0670688891958342,0.6412199468795843,0.5889204179009329,0.6174716102173162,0.5880392897305013,0.7691422444444017,0.6011358551026762,0.0505407563925909,0.6048625859194762,0.5670996720779683,0.5801602784898936,0.5566198415160786,0.696936897509964,0.7289046168327331,0.0556960113816802,0.8318870048969984,0.699813287705183,0.6836450230330229,0.6863024961203337,0.7428752724081278,0.5947617484008763,0.0113675332723516,0.6106696025097275,0.5995321344901847,0.5989336648765616,0.5870333511933864,0.5776399889345212,0.4415237317381512,0.1091134052702219,0.2948544966213339,0.3290868503132043,0.5543739498812976,0.5458301476320359,0.4834732142428846,0.739757203310728,0.0662746007749877,0.8616900965571404,0.7031579222530127,0.6866765338927507,0.6888687405735254,0.7583927232772112,0.5652185947676771,0.0045195943606334,0.5595431555683498,0.5701221232942668,0.5709109580365443,0.5635860270184345,0.56193070992079,0.4446828318626273,0.1016511325279054,0.2999682618821573,0.3501544834459401,0.5349615603163076,0.5548120483734085,0.4835178052953234,16.0,6.511528238439882,13,9,17,13,28
600,0.6695427809263531,0.0122443797413601,0.6736218690872192,0.6714611166401914,0.6890362814853066,0.6602912438543219,0.6533033935647262,0.617926078637662,0.0372920013636092,0.6118965531903958,0.6134320724542192,0.5548649358794068,0.6444020288342869,0.6650348028300016,0.5850672201772469,0.0275138499576976,0.5896121617470345,0.5828166816756083,0.5354767106454208,0.5991848274301318,0.6182457193880386,0.6972343109548091,0.0122970095569951,0.6833335198462009,0.7139235958456993,0.7009851299226284,0.68280965462327,0.7051196545362473,0.5935153917036982,0.0125536919020759,0.6059689357830264,0.6041865126684569,0.5920351581115688,0.5945797339562607,0.5708066179991782,0.4492212336764504,0.088418580262779,0.5145220540696287,0.3851747183787629,0.312119215276006,0.5538793342850796,0.4804108463727748,0.7019978232681752,0.0102750806726963,0.6951180305331945,0.7219245042651892,0.7008487600833178,0.6936632469296455,0.6984345745295286,0.5616278109487025,0.0097591184436179,0.5535012073977068,0.5601050436367919,0.5538791589774816,0.560415862478297,0.580237782253235,0.4349426728956899,0.0721594881316284,0.4192727293446426,0.4168407263800827,0.3178432443009217,0.5239499471635926,0.4968067172892095,15.4,4.715930449020639,14,14,8,20,21
625,0.6673481049035725,0.0160574407991373,0.6598183933057283,0.6650462414089002,0.6734130802907442,0.6935556141953719,0.6449071953171178,0.6208757420758991,0.0479018452895309,0.6482763576477546,0.629754274975565,0.6117185909690404,0.5359296712719208,0.678699815515215,0.586414625395282,0.035833828339221,0.6062740399444421,0.5949757433968306,0.5782667177397205,0.5229831484376013,0.6295734774578152,0.6954906664788723,0.0079124045318576,0.6818217933177948,0.7057864423841238,0.6934497505426407,0.6973704714328051,0.6990248747169971,0.5857269374513582,0.0148138980150877,0.5997698425172636,0.5983824158626729,0.5903845901609784,0.5806931507547829,0.5594046879610929,0.4470879317201138,0.0807315493236333,0.5528323338562031,0.4226094472280287,0.4181978282589747,0.3244619889239639,0.5173380603333986,0.698900829255581,0.0082731539507002,0.6996375769376755,0.7132442742586136,0.6943343002349138,0.6991132944822311,0.6881747003644705,0.5606754859044427,0.0103521332846212,0.5505164087010153,0.5603757692329017,0.5711872795374935,0.5479596710688447,0.5733383009819584,0.4258357088930767,0.0779200007961901,0.4759188968105215,0.4048107708121246,0.4222198478998927,0.2967733634083522,0.5294556655344929,16.6,5.6780278266313555,19,18,17,6,23
650,0.6782938255761799,0.0165584369238773,0.6908036357478091,0.6786717170163205,0.6477679133415222,0.6950780567369963,0.6791478050382513,0.5908700746249884,0.0456752425365533,0.5564953416614515,0.5958484744478766,0.6695678038040689,0.5360856266803085,0.5963531265312367,0.5668170938605502,0.0356520091638469,0.5450080259306651,0.5670238322700164,0.6292961771856374,0.5224981783503043,0.5702592555661279,0.6909137208014726,0.0059185726000009,0.6876234225928783,0.692401984706521,0.6842465233057737,0.7015432976186275,0.6887533757835627,0.5826701965529756,0.0118826996849471,0.587399500887386,0.5956839011051834,0.5880548098373236,0.5815426783794928,0.5606700925554924,0.4557898329877913,0.1008021151249234,0.5074193370953219,0.3969697144843256,0.5404841021725824,0.2856922927825157,0.5483837184042113,0.6941813431680203,0.0054185653713503,0.691341595724225,0.6968783773481846,0.6938967388123274,0.7024972792714834,0.6862927246838808,0.5567969132544122,0.0108996315086947,0.54861651659086,0.5526846924585799,0.5542388279113521,0.5501979090876544,0.5782466202236148,0.4419884704248932,0.0953299026951379,0.4605883538260684,0.411899585875992,0.5214917137397237,0.2746510811404782,0.5413116175422038,11.0,4.09878030638384,8,11,18,6,12
675,0.6612126608898765,0.0318819493281373,0.6433962028277548,0.6778519944140785,0.6874384346761202,0.6904405292711759,0.6069361432602531,0.6223095624115885,0.0685561144572348,0.6733640910659997,0.596880434084759,0.5605524637460174,0.5515502753977487,0.7292005477634176,0.5889162497855006,0.0483954958689283,0.6265623762315611,0.5645834854422866,0.5465128496365553,0.542305147512032,0.664617390105068,0.7025609862059354,0.0249782176259108,0.6816263347864151,0.6876142621040344,0.7047400213778019,0.6887101978063583,0.7501141149550676,0.5922129602175669,0.0193551047385673,0.6077600548907148,0.6160283306452642,0.5839908606192409,0.5926389062511143,0.5606466486815003,0.4544721749946773,0.0730344570699103,0.5508000085487815,0.4144262883163292,0.3414585483730857,0.5093532321479047,0.4563227975872853,0.703288521245122,0.0167117787728061,0.6952947843819857,0.6908291336148977,0.7046649865806103,0.690539775416255,0.7351139262318611,0.5574484835637635,0.0099965227498839,0.5469147495957613,0.5709815952658993,0.5598111672450143,0.5451344484881501,0.5644004572239927,0.4528935986152421,0.0535242088499739,0.5166957406667383,0.4391313644471933,0.3577852015782919,0.4742235381652663,0.4766321482187209,15.4,7.787168933572714,21,10,10,8,28
700,0.6538103524007295,0.0234416008298011,0.622165048122406,0.6708748993120696,0.6619035927872908,0.6832110862982901,0.6308971354835912,0.6499203093496171,0.0485744665749644,0.7093390897615511,0.6250104939940339,0.6404356491768857,0.5772282725922223,0.6975880412233929,0.6078168305036977,0.0355457107229801,0.6525738222896,0.5951187280842806,0.5962201509185615,0.5539438670179582,0.6412275842080883,0.7112847525626421,0.0186376725528713,0.7336159236729145,0.7339050341397524,0.6910096053034067,0.7012826465070248,0.6966105531901121,0.5892381902129206,0.0108270065625176,0.6060552834050652,0.5938748390932655,0.5846950032131073,0.5884700198926567,0.5730958054605082,0.4107727451002776,0.0874005658296574,0.4184018207148703,0.3208788081019653,0.4372702579181876,0.3207622824119867,0.5565505563543781,0.7196609295904637,0.0282615793023443,0.7649135533720255,0.7401196602731943,0.6933357510715723,0.7053795997053385,0.6945560835301876,0.5507666189068031,0.0106811739933361,0.5428118056687196,0.5604023532978935,0.5598975501093482,0.5336883112632242,0.5570330741948298,0.4022458217829339,0.0831091436125017,0.392900744457844,0.3568743068669798,0.4359900854865837,0.2881704564588331,0.5372935156444292,19.6,5.851495535331117,25,16,19,11,27
725,0.6395606397955041,0.0312955107826551,0.5947017804572456,0.6497123090844406,0.6313014112020794,0.6909637413526836,0.6311239568810714,0.6693903224991177,0.065552206238292,0.7464676043311662,0.66141315068705,0.6912721906624072,0.5501998091979753,0.6975988576169897,0.6210873123659799,0.0461102621960721,0.6731402913595156,0.6112571119813229,0.6361407438758481,0.5378701453219823,0.6470282692912307,0.7255011782050133,0.0421653883422217,0.8080296441912651,0.7185766585171223,0.6914562359452248,0.7027129828929901,0.7067303694784641,0.5807589046532435,0.0087818608245563,0.593326693922397,0.5889488992702882,0.5762562886627746,0.5706075536299088,0.5746550877808487,0.4303190250244906,0.087846100033101,0.4374404172803059,0.3913681937582478,0.5459828775082554,0.2880908673439192,0.4887127692317248,0.7274211384356022,0.0418565906239958,0.8096613250672817,0.7216794807463884,0.7003682740032673,0.7048385888338089,0.7005580235272646,0.5480680524574713,0.0126423621468917,0.5330921964471423,0.5499546951165968,0.5558481481353157,0.5349636826264198,0.5664815399618818,0.4301675118085913,0.0898883372250972,0.4330867123215181,0.4277417156122475,0.5555071099691095,0.2757136616260116,0.4587883595140702,23.4,8.593020423576334,31,23,28,7,28
750,0.6433122716451946,0.0569550486758016,0.5383134484291077,0.6381859133118077,0.6983135242211191,0.6885362556106166,0.653212216653322,0.6392013120689664,0.1039021411010426,0.7983523481231606,0.6819910962776704,0.4979044668266914,0.5588063159183525,0.6589523331989569,0.6037934732682906,0.07685429283457,0.7235882877718087,0.6363532691331607,0.5017332559743864,0.5437111740020554,0.6135813794600421,0.7235249150544405,0.0289433553861294,0.7551214303821325,0.7099570017307997,0.6931053623557091,0.6980656590312719,0.7613751217722893,0.5772829756171571,0.0097270512148006,0.589876594002631,0.5862993230029561,0.5636554655039501,0.5704975527873801,0.5760859427888684,0.3916447673873223,0.1074463176026679,0.54588405505113,0.4904496774695687,0.2865788176052107,0.3506991978268347,0.2846120889838675,0.7354148242622613,0.0395267573759587,0.7916562277823687,0.7193465568125248,0.6928228866308928,0.7007526513189077,0.772495798766613,0.5504002968998669,0.0150854047956928,0.5331027836290841,0.548288415283637,0.5741345839774901,0.5368029382420961,0.5596727633670268,0.3787496803915806,0.0909362373902485,0.4960500962521478,0.4825695625460731,0.2944523402310067,0.3234290075065719,0.2972473954221035,19.8,10.57166022912201,36,25,6,11,21
775,0.6604028509165111,0.032432769944997,0.6225779282419305,0.6631230166083888,0.7023996221391778,0.6888458703693591,0.6250678172236994,0.6225144989555828,0.0815013928561021,0.7126634465943227,0.6395627957419087,0.5033493255460355,0.5559624248603726,0.7010345020352741,0.5915028404348056,0.056978092216286,0.6521909710611039,0.607357478045898,0.509581446578562,0.5414071333417041,0.6469771731467603,0.6998116482049227,0.0037377185710433,0.7003014013171196,0.6978929806500673,0.6942372750490904,0.7010400891304016,0.7055864948779345,0.5674878984153141,0.0096660856657126,0.5817908462789522,0.5694417688780383,0.5520488836327742,0.5639106726120107,0.5702473206747951,0.4003308869641485,0.0969871013851508,0.5301930296241977,0.4461073560533155,0.2865788176052107,0.2880908673439192,0.4506843641940997,0.7095245495438576,0.0113694358500927,0.7229554038494825,0.705384848639369,0.6942922603338957,0.7025170363485813,0.7224731985479593,0.5372374462636822,0.0129597590918699,0.5444685708145187,0.5441261729748161,0.5412117411477629,0.544931624315097,0.5114491220662158,0.392517078847752,0.0882054974268914,0.4857861003631954,0.4627557087774515,0.2944523402310067,0.2776056200212343,0.4419856248458725,18.0,10.99090533122727,23,19,3,10,35
800,0.6823502358637358,0.0101222956996584,0.6851868171440928,0.6623228223700273,0.687119322074087,0.6898391535407619,0.6872830641897101,0.5788754880719679,0.0318343105657173,0.5781729699434475,0.6402732350051114,0.5627815732260866,0.5519225688850318,0.5612270933001624,0.557593626782179,0.0221698424395747,0.5626274614207105,0.5986355344705295,0.5461897118501258,0.5373754563400596,0.5431399698294701,0.7006442815065383,0.0182319159347678,0.6909155957400799,0.6904639191925526,0.7370749451220036,0.6922229304909706,0.6925440169870853,0.553699601492571,0.0115436363143845,0.5596156345361188,0.5691471035246733,0.542897013698188,0.5589117496404981,0.5379265060633777,0.4346069095697183,0.0657631031055559,0.4705061626037186,0.5465461573293644,0.3911185510636193,0.3671174061854955,0.3977462706663938,0.7047852400690318,0.0188889004136835,0.6939090974628925,0.7027905657887459,0.7417937461286783,0.6933246925473213,0.6921080984175205,0.5437687776652684,0.0070611394355028,0.5395889847401857,0.5325918799081902,0.5495213220152378,0.5522919500228586,0.5448497516398694,0.4025645157824065,0.0561476974718264,0.3782619915992857,0.5040146841906742,0.3812393886033031,0.3367901317193635,0.4125163827994059,14.4,5.1613951602255765,12,22,19,9,10
825,0.6840838157503228,0.0068523924626057,0.681794307733837,0.6756109739604749,0.6944730978263052,0.6892572697840239,0.6792834294469733,0.571647892868498,0.0329462805344663,0.5902741726896243,0.6057668838821859,0.5164337800403,0.5520905208723689,0.593674106858011,0.5519867571864132,0.0244730732035883,0.5631041978712056,0.5798311905465555,0.5167982132680833,0.5294797869556397,0.5707203972905821,0.6993195213377476,0.0049629148731274,0.704419706016779,0.7044626213610172,0.6970906220376492,0.6994114797562361,0.6912131775170565,0.5545906215549165,0.0101328344145756,0.5522175404101591,0.5708404794789458,0.539862988624266,0.55865040788621,0.5513816913750017,0.3505323841363877,0.0865717634938872,0.3312236709076716,0.3249962738515414,0.2865788176052107,0.2899536936177593,0.5199094646997557,0.7022836107760668,0.0074060153246575,0.7125237267464399,0.7088581472635269,0.6963201873004436,0.7008406966924667,0.6928752958774567,0.5380055865224485,0.0096294048702829,0.5285827194713612,0.5319374898662941,0.5555007523696333,0.5331352992393491,0.5408716716656049,0.3545589287883975,0.0849183385687111,0.325094307329526,0.3594918118479079,0.2944523402310067,0.2786230740004619,0.5151331105330851,14.6,2.0591260281974,14,17,12,13,17
850,0.6952895261112013,0.0105834656149449,0.7058164671847694,0.6814193788327669,0.7093856234299509,0.6895014041348507,0.6903247569736681,0.5431624772265207,0.0282071630805503,0.5161416424623901,0.5878818692527726,0.509900934542624,0.5541717579868235,0.547716181887993,0.5316760520170801,0.0231808829201777,0.5080860662719169,0.5691274875858007,0.5075202169505773,0.5435751947144468,0.5300712945626593,0.6992114245891571,0.0059015274119373,0.6944287493824959,0.6933522559702396,0.6955283172428608,0.7069939393550158,0.7057538609951735,0.5475476278189276,0.0105205215737655,0.5550119086038445,0.5553650506871198,0.5286081316394814,0.5553424709629359,0.5434105772012566,0.3063342930755125,0.0428459965088409,0.2865788176052107,0.3918772818181883,0.2865788176052107,0.2865788176052107,0.280057730743742,0.6998566798865795,0.0053778160042236,0.6945229191333055,0.6966934651136398,0.6955267377197742,0.7078726813197136,0.7046675961464643,0.5295074560407775,0.0090083986018188,0.519406106093715,0.5185996793748111,0.5319984364494956,0.5406471555651533,0.5368859027207123,0.3136318939393219,0.0489232048235597,0.2920138538372269,0.4101324071639372,0.2944523402310067,0.2741949207673981,0.2973659476970408,8.0,5.865151319446072,1,15,1,11,12
875,0.6806162773935418,0.0125396624760611,0.6864833819238763,0.6783020521465101,0.6992597272521571,0.6782508210131997,0.660785404631966,0.5791574628207959,0.0504054381250073,0.565234464732871,0.5970871133436975,0.4913108967932425,0.5992069600791446,0.642947879155024,0.5598844154668413,0.0378053643154243,0.5485653778642242,0.5783201984591154,0.4930686844646017,0.5750386233597184,0.6044291931865464,0.703328051045537,0.0155208618359949,0.7037102710455656,0.6899006944149733,0.6938539054244757,0.7330366391688585,0.6961387451738119,0.5466380916470144,0.0108653184845329,0.5443850429860038,0.5637280456397801,0.5311107990558606,0.5418941870946847,0.5520723834587428,0.4046099306693023,0.1088238676122137,0.2865788176052107,0.5332574645430925,0.3911185510636193,0.2865788176052107,0.525516002529378,0.7073508612811565,0.0125278953442544,0.7076975125819445,0.6977712456136942,0.6938900034874678,0.7299705743789673,0.707424970343709,0.526782516232197,0.0136496316032614,0.5197727644856459,0.5052494822759358,0.5387472729188957,0.5433836639806605,0.5267593974998467,0.3897002845822117,0.0985429999880614,0.2920138538372269,0.4881475301597362,0.3812393886033031,0.2726828710286896,0.5144177792821027,17.8,7.807688518377254,13,18,6,24,28
900,0.6863483854344017,0.0075784800988792,0.6775789781620628,0.689785181221209,0.6976509803219846,0.6885055592185573,0.6782212282481946,0.5645430938777677,0.0334445981478736,0.5997807377085045,0.558080307639316,0.5087525795057063,0.5576580040343885,0.5984438405009231,0.5488597452525645,0.0293866612356608,0.5832885474019759,0.5440386508273061,0.5025539467137549,0.5368906481850898,0.5775269331346963,0.7207961071282625,0.0163843630903141,0.7225847691297531,0.7223189137876034,0.6930626034736633,0.7446121536195278,0.721402095630765,0.5417731542054854,0.0037339098054152,0.5418422896413657,0.5460860375357491,0.5360162133758968,0.5453775568538896,0.5395436736205257,0.3067895672221011,0.042938445984658,0.2978547465331324,0.2861355551938633,0.3911185510636193,0.2865788176052107,0.27226016571468,0.7230879060924054,0.0176714549599203,0.7306585069745779,0.723509518429637,0.693039033561945,0.7474902216345072,0.7207422498613596,0.5262167988816205,0.0126196598976466,0.5145932082562851,0.512832918136363,0.5456886109997511,0.5223676152847568,0.5356016417309469,0.3095030154822667,0.037472699905742,0.3064842458301817,0.2943755681901046,0.3812393886033031,0.2726828710286896,0.2927330037590546,15.6,6.019966777316964,20,12,6,17,23
925,0.6937010559282805,0.0130660047759654,0.6877300394208807,0.679827428491492,0.7184358145061293,0.690332165517305,0.6921798317055953,0.5451503220225569,0.0349307035812213,0.5631630865798531,0.5926876590402982,0.4874562060746272,0.5500835620679517,0.532361096350054,0.530604787720631,0.0237470513093376,0.547383121455629,0.5620663068820562,0.4919977939117723,0.5281733739541749,0.5234033423995228,0.7086774334311485,0.0178475170654078,0.7141519263386726,0.7413559015840292,0.6975283771753311,0.6968945041298866,0.6934564579278231,0.5354526081778535,0.007451950388039,0.5385564469191475,0.5458142234113655,0.5282635703767096,0.5389957911606609,0.5256330090213838,0.2909506777327946,0.0057497174054951,0.2865788176052107,0.2909880718092262,0.2865788176052107,0.2886266979757524,0.3019809836685727,0.7102643106132746,0.0202907843880074,0.714903898537159,0.7480208184570074,0.6974874641746283,0.6976458299905062,0.6932635419070721,0.5225043737739092,0.020193463076946,0.5099089237246377,0.4985623047461243,0.5579962860486337,0.5181903786359725,0.5278639757141778,0.2956361792723424,0.0119905186116045,0.2920138538372269,0.3071616319527309,0.2944523402310067,0.2757095576251056,0.3088435127156422,11.6,6.151422599691879,14,20,1,12,11
950,0.6896533116541411,0.0044588313595892,0.6864003808874833,0.6834049099370053,0.6960818585596587,0.692556193000392,0.6898232158861662,0.5463171593597187,0.0264438715993964,0.5682122218196111,0.5771907952574301,0.5033880515176317,0.5321102897164038,0.5506844384875168,0.5326886662060922,0.0241626400617415,0.5499797339887509,0.5684251446384122,0.4990617585832086,0.5195150449659476,0.5264616488541418,0.7045837461948394,0.0156839802624818,0.733041949570179,0.6938999127596617,0.693036450073123,0.7102221883833408,0.6927182301878929,0.5309821170557354,0.0055794711773829,0.5269613157065538,0.538211884305589,0.5258760918512333,0.5373779031147542,0.5264833903005469,0.3708695387064185,0.0994271474462909,0.2865788176052107,0.4814434081736806,0.296650466503972,0.2865788176052107,0.5030961836440184,0.7062660541385413,0.017924176169025,0.7397353183478117,0.6964383143931627,0.6928610447794199,0.7100223936140537,0.6922731995582581,0.524260745226207,0.0214243437607686,0.4982051060522241,0.5103424833307256,0.5619258473757103,0.5246826882768978,0.5261476010954774,0.364618463963377,0.0963528042560352,0.2920138538372269,0.4712731007749749,0.2944523402310067,0.2726828710286896,0.4926701539449867,12.8,3.059411708155671,12,17,8,12,15
975,0.7018066401230661,0.0143412552064728,0.7236543586379603,0.6807886456188402,0.7022031376236364,0.6938324802800229,0.7085545784548709,0.5173327936425411,0.0418587264091933,0.4838062346815328,0.5933066290977325,0.4840536302935764,0.5316588030525138,0.4938386710873499,0.5156989278659886,0.0314879688428575,0.4884100732058982,0.5745204026195296,0.4935877006050403,0.5214650090069193,0.5005114538925548,0.7055816493928433,0.0201722412638238,0.6934150774031878,0.7453857138752937,0.6933297198265791,0.7019961792975664,0.6937815565615892,0.5254674160874304,0.0068841953903039,0.5341442338006984,0.5254801748778504,0.5134462668129434,0.524723256000361,0.5295431489452992,0.284986339570211,0.0034960089593437,0.2865788176052107,0.2871851325193018,0.2865788176052107,0.2865788176052107,0.278010112516121,0.7062666438519954,0.0215698288245768,0.6934134792536497,0.7488598357886076,0.6930271312594414,0.7022286038845778,0.6938041690737009,0.5279069621240942,0.0155428734313738,0.5266860298334788,0.5105567787760942,0.5565239246218204,0.5186416942662525,0.5271263831228248,0.2886054855000851,0.0087066226104922,0.2920138538372269,0.2972995447982917,0.2944523402310067,0.2726828710286896,0.2865788176052107,8.0,7.127411872482185,1,20,5,12,2
1000,0.6936366627090855,0.0083210040137859,0.7031417765115436,0.6794244396059137,0.6995288873973645,0.690007618226503,0.6960805918041029,0.5266562003649741,0.0400458681091446,0.4839671357476204,0.5952516787641507,0.5115551331659193,0.5457916798200916,0.4967153743270879,0.5197003668157449,0.0252496442679723,0.4996972543157933,0.5653528232838768,0.5109255993738027,0.5268207001077553,0.4957054569974966,0.7005530677735805,0.0056181950634557,0.6980175990611315,0.6976358741521835,0.7078703586012125,0.7062389403581619,0.6930025666952133,0.5249142371588023,0.002137446770562,0.5285543506775275,0.5230664799106713,0.5226593896430661,0.5244428186323775,0.5258481469303685,0.3672232412756814,0.0989277463952448,0.2865788176052107,0.4870844806116354,0.2865788176052107,0.2861981420791864,0.4896759484771639,0.7015867192298174,0.0052800319331842,0.69859304651618,0.7022534124553204,0.707566749304533,0.7063766121864319,0.6931437756866217,0.5152645369465574,0.0236289807396286,0.5027810490730593,0.4986931075167556,0.5602612142555508,0.5175265227750598,0.4970607911123615,0.3623427319080273,0.0881597338642654,0.2920138538372269,0.4879183339224867,0.2944523402310067,0.2866393440006585,0.450689787548758,10.2,7.166589146867567,4,22,4,15,6
