lags,train_mse_mean,train_mse_std,train_mse_fold_1,train_mse_fold_2,train_mse_fold_3,train_mse_fold_4,train_mse_fold_5,train_corr_mean,train_corr_std,train_corr_fold_1,train_corr_fold_2,train_corr_fold_3,train_corr_fold_4,train_corr_fold_5,train_cosine_sim_mean,train_cosine_sim_std,train_cosine_sim_fold_1,train_cosine_sim_fold_2,train_cosine_sim_fold_3,train_cosine_sim_fold_4,train_cosine_sim_fold_5,train_cosine_dist_mean,train_cosine_dist_std,train_cosine_dist_fold_1,train_cosine_dist_fold_2,train_cosine_dist_fold_3,train_cosine_dist_fold_4,train_cosine_dist_fold_5,val_mse_mean,val_mse_std,val_mse_fold_1,val_mse_fold_2,val_mse_fold_3,val_mse_fold_4,val_mse_fold_5,val_corr_mean,val_corr_std,val_corr_fold_1,val_corr_fold_2,val_corr_fold_3,val_corr_fold_4,val_corr_fold_5,val_cosine_sim_mean,val_cosine_sim_std,val_cosine_sim_fold_1,val_cosine_sim_fold_2,val_cosine_sim_fold_3,val_cosine_sim_fold_4,val_cosine_sim_fold_5,val_cosine_dist_mean,val_cosine_dist_std,val_cosine_dist_fold_1,val_cosine_dist_fold_2,val_cosine_dist_fold_3,val_cosine_dist_fold_4,val_cosine_dist_fold_5,test_mse_mean,test_mse_std,test_mse_fold_1,test_mse_fold_2,test_mse_fold_3,test_mse_fold_4,test_mse_fold_5,test_corr_mean,test_corr_std,test_corr_fold_1,test_corr_fold_2,test_corr_fold_3,test_corr_fold_4,test_corr_fold_5,test_cosine_sim_mean,test_cosine_sim_std,test_cosine_sim_fold_1,test_cosine_sim_fold_2,test_cosine_sim_fold_3,test_cosine_sim_fold_4,test_cosine_sim_fold_5,test_cosine_dist_mean,test_cosine_dist_std,test_cosine_dist_fold_1,test_cosine_dist_fold_2,test_cosine_dist_fold_3,test_cosine_dist_fold_4,test_cosine_dist_fold_5,num_epochs_mean,num_epochs_std,num_epochs_fold_1,num_epochs_fold_2,num_epochs_fold_3,num_epochs_fold_4,num_epochs_fold_5,test_word_avg_auc_roc_mean,test_word_avg_auc_roc_std,test_word_avg_auc_roc_fold_1,test_word_avg_auc_roc_fold_2,test_word_avg_auc_roc_fold_3,test_word_avg_auc_roc_fold_4,test_word_avg_auc_roc_fold_5,test_word_train_weighted_auc_roc_mean,test_word_train_weighted_auc_roc_std,test_word_train_weighted_auc_roc_fold_1,test_word_train_weighted_auc_roc_fold_2,test_word_train_weighted_auc_roc_fold_3,test_word_train_weighted_auc_roc_fold_4,test_word_train_weighted_auc_roc_fold_5,test_word_test_weighted_auc_roc_mean,test_word_test_weighted_auc_roc_std,test_word_test_weighted_auc_roc_fold_1,test_word_test_weighted_auc_roc_fold_2,test_word_test_weighted_auc_roc_fold_3,test_word_test_weighted_auc_roc_fold_4,test_word_test_weighted_auc_roc_fold_5,test_word_perplexity_mean,test_word_perplexity_std,test_word_perplexity_fold_1,test_word_perplexity_fold_2,test_word_perplexity_fold_3,test_word_perplexity_fold_4,test_word_perplexity_fold_5,test_occurence_perplexity_mean,test_occurence_perplexity_std,test_occurence_perplexity_fold_1,test_occurence_perplexity_fold_2,test_occurence_perplexity_fold_3,test_occurence_perplexity_fold_4,test_occurence_perplexity_fold_5,test_word_top_1_mean,test_word_top_1_std,test_word_top_1_fold_1,test_word_top_1_fold_2,test_word_top_1_fold_3,test_word_top_1_fold_4,test_word_top_1_fold_5,test_occurence_top_1_mean,test_occurence_top_1_std,test_occurence_top_1_fold_1,test_occurence_top_1_fold_2,test_occurence_top_1_fold_3,test_occurence_top_1_fold_4,test_occurence_top_1_fold_5,test_word_top_5_mean,test_word_top_5_std,test_word_top_5_fold_1,test_word_top_5_fold_2,test_word_top_5_fold_3,test_word_top_5_fold_4,test_word_top_5_fold_5,test_occurence_top_5_mean,test_occurence_top_5_std,test_occurence_top_5_fold_1,test_occurence_top_5_fold_2,test_occurence_top_5_fold_3,test_occurence_top_5_fold_4,test_occurence_top_5_fold_5,test_word_top_10_mean,test_word_top_10_std,test_word_top_10_fold_1,test_word_top_10_fold_2,test_word_top_10_fold_3,test_word_top_10_fold_4,test_word_top_10_fold_5,test_occurence_top_10_mean,test_occurence_top_10_std,test_occurence_top_10_fold_1,test_occurence_top_10_fold_2,test_occurence_top_10_fold_3,test_occurence_top_10_fold_4,test_occurence_top_10_fold_5
-1000,87.39380961826869,1.2856386265058857,88.00997379847935,88.58941650390625,87.5388434273856,84.91214043753487,87.91867392403739,0.0405882738530635,0.0141763753707585,0.0435772128403186,0.0415830984711647,0.0204930454492568,0.0334565639495849,0.0638314485549926,0.0386178425646253,0.0157726393123724,0.0440361286912645,0.029832160366433,0.0181073640872325,0.0358670122389282,0.0652465474392686,0.9613821642739432,0.0157726356466806,0.9559638925961086,0.9701678497450692,0.9818926198141916,0.9641330071857998,0.934753452028547,80.92408701578776,2.708390877549854,83.45531717936198,81.65764872233073,81.83317565917969,82.0147705078125,75.6595230102539,-0.0708450146950781,0.0393354744967407,-0.0071941618807613,-0.0618726648390293,-0.0855862647294998,-0.0705285221338272,-0.1290434598922729,-0.0412771687532464,0.0659858107930137,0.0588425382350881,0.0006483234465122,-0.089398759106795,-0.1286272381742795,-0.0478507081667582,1.0412771662076314,0.0659857928985325,0.9411574800809224,0.999351680278778,1.0893987814585369,1.1286271810531616,1.0478507081667583,84.8665517171224,9.763353217310106,84.14583587646484,76.16453552246094,102.76331329345705,75.9299545288086,85.32911936442058,-0.0799159429967403,0.0293741833732428,-0.1252510994672775,-0.0637419745326042,-0.0408260710537433,-0.0993722155690193,-0.0703883543610572,-0.1024192494650682,0.0417232028175161,-0.1574795047442118,-0.0710097004969914,-0.0822428825000922,-0.054460788766543,-0.1469033708175023,1.1024192730585731,0.041723205499038,1.157479564348857,1.0710097153981526,1.0822429259618125,1.0544608036677043,1.146903355916341,6.0,7.155417527999327,20,3,1,1,5,0.5346020005703637,0.0327331840275139,0.5730219458286882,0.5585662034162214,0.4774105148754051,0.5286453446968641,0.5353659940346395,0.529486440552862,0.0205615093596537,0.5546999278624477,0.5442717933997823,0.4975083273633431,0.5355950192303832,0.5153571349083538,0.5257459320191288,0.0179710316764809,0.5509098906731938,0.5364790883902358,0.5005367270464848,0.5297225110643927,0.5110814429213366,439.4017028808594,11.352958741714362,434.0179138183594,428.9962158203125,431.0128173828125,459.9914855957031,442.9900817871094,1027.2,0.4002445427107365,1028.00048828125,1026.99951171875,1026.99951171875,1027.0009765625,1026.99951171875,0.0011680729454383,0.0003887261729687,0.0019455252913758,0.0009737098589539,0.0009737098589539,0.0009737098589539,0.0009737098589539,0.0009735204163007,3.788853064179421e-07,0.0009727626456879,0.0009737098589539,0.0009737098589539,0.0009737098589539,0.0009737098589539,0.0054516385309398,0.0007784026598061,0.0058365757577121,0.0048685492947697,0.0048685492947697,0.0048685492947697,0.0068159690126776,0.0048676020465791,1.8944963812828069e-06,0.0048638130538165,0.0048685492947697,0.0048685492947697,0.0048685492947697,0.0048685492947697,0.0105139825493097,0.0007281125001206,0.0107003888115286,0.0097370985895395,0.0107108084484934,0.0097370985895395,0.0116845183074474,0.0097352040931582,3.7889927625656137e-06,0.0097276261076331,0.0097370985895395,0.0097370985895395,0.0097370985895395,0.0097370985895395
-975,89.61786586216517,3.825815532065832,91.65192195347376,85.15607670375279,87.02570234026227,88.26644243512835,95.9891858782087,0.0418912284076213,0.0162118844977254,0.0439500175416469,0.0436456948518753,0.0225808359682559,0.0698120221495628,0.0294675715267658,0.0464569553200687,0.0187393892483836,0.0656958440584795,0.0578899053590638,0.0249829035518424,0.0612428731151989,0.0224732505157589,0.953543048245566,0.0187393931776263,0.9343041607311794,0.9421100957053048,0.9750171048300608,0.9387571215629578,0.9775267583983284,81.11113840738933,3.116658945350493,83.66434478759766,81.65242258707683,81.78653208414714,83.3610356648763,75.0913569132487,-0.0590616753324866,0.0290834854178173,-0.00910001154989,-0.0565583892166614,-0.0729087814688682,-0.0585035383701324,-0.0982376560568809,-0.041867795586586,0.0602017612351381,0.0299112237989902,0.0181334055960178,-0.0735006680091222,-0.1328896333773931,-0.0509933059414227,1.0418677926063538,0.0602017471353984,0.9700887799263,0.9818665981292723,1.073500672976176,1.1328895886739094,1.0509933233261108,84.8621726989746,9.57521054974255,84.10275777180989,76.30956013997395,102.78255462646484,76.91743087768555,84.1985600789388,-0.0950437374413013,0.039560613080948,-0.123597115278244,-0.0736777931451797,-0.0486709438264369,-0.1572699099779129,-0.072002924978733,-0.1020616869131724,0.0423270763170982,-0.1667102252443631,-0.0563976677755514,-0.0818614947299162,-0.0688724517822265,-0.1364665950338045,1.1020616849263507,0.0423270723706728,1.1667102177937825,1.0563976367314656,1.0818614959716797,1.0688724915186565,1.1364665826161702,6.4,5.276362383309167,15,6,1,9,1,0.543343707068692,0.0421691450405353,0.5771519047951739,0.5693802802419161,0.518859115517604,0.5797266372227466,0.4716005975660188,0.5284392400493566,0.0254877070831298,0.545851649186127,0.5406818118483252,0.5157003604597618,0.5552635306393247,0.4846988481132445,0.5313397693583061,0.0216371436893853,0.5435689973246955,0.537486228249377,0.5399672883368608,0.5471167961485479,0.4885595367320491,439.4053039550781,11.356781971338906,434.0228576660156,428.99029541015625,431.0216369628906,460.00439453125,442.9873352050781,1027.2001953125,0.3999025226075607,1028.0,1027.0009765625,1027.0,1027.0,1027.0,0.0009735204163007,3.788853064179421e-07,0.0009727626456879,0.0009737098589539,0.0009737098589539,0.0009737098589539,0.0009737098589539,0.0009735204163007,3.788853064179421e-07,0.0009727626456879,0.0009737098589539,0.0009737098589539,0.0009737098589539,0.0009737098589539,0.0052570859901607,0.0004777950172406,0.0048638130538165,0.0048685492947697,0.0058422591537237,0.0058422591537237,0.0048685492947697,0.0048676020465791,1.8944963812828069e-06,0.0048638130538165,0.0048685492947697,0.0048685492947697,0.0048685492947697,0.0048685492947697,0.0114878818392753,0.0018898550695743,0.0097276261076331,0.0097370985895395,0.0126582281664013,0.0107108084484934,0.0146056478843092,0.0097352040931582,3.7889927625656137e-06,0.0097276261076331,0.0097370985895395,0.0097370985895395,0.0097370985895395,0.0097370985895395
-950,88.87477264404296,1.5556474770358253,88.5688945225307,90.6054938180106,90.69498334612165,86.7870123726981,87.7174791608538,0.0413052637130022,0.0115752295854805,0.0432319045066833,0.0457570031285285,0.0230815093964338,0.0361794643104076,0.0582764372229576,0.0444814583818827,0.014953312160748,0.0623000030006681,0.0573478772171906,0.0197046401777437,0.0428724966144987,0.0401822748993124,0.9555185471262252,0.0149533134568924,0.9376999991280692,0.942652131829943,0.9802953686032976,0.957127502986363,0.9598177330834524,80.86082255045572,2.807866907114392,83.41091918945312,81.6864751180013,81.81459045410156,82.00920867919922,75.38291931152344,-0.0682488558581098,0.0391376312477407,0.0010406757937744,-0.0640671402215957,-0.0833798646926879,-0.0760940387845039,-0.1187439113855362,-0.0413131951044003,0.0743787093294347,0.0674956974883874,0.0202303950985272,-0.0913539404670397,-0.135324935739239,-0.0676131919026374,1.0413132230440776,0.0743787383880263,0.9325043161710104,0.9797695875167848,1.091353972752889,1.135325034459432,1.0676132043202715,84.68469746907552,9.72504196194711,83.80453999837239,76.25917561848958,102.69903055826823,75.93255360921223,84.72818756103516,-0.0836117044091224,0.0300140878533102,-0.1319284290075302,-0.0725423097610473,-0.0439942330121994,-0.1002051681280136,-0.0693883821368217,-0.0917389454940954,0.0476899545547438,-0.1342963278293609,-0.0361716362337271,-0.0671619822581609,-0.0597269386053085,-0.1613378425439199,1.0917389392852783,0.0476899529839969,1.1342962980270386,1.0361716349919636,1.0671619574228923,1.0597269535064695,1.1613378524780271,5.4,5.0039984012787215,12,11,1,1,2,0.5347433190148768,0.0376070959500486,0.5634712679622816,0.5799867407949254,0.4732297492659288,0.541508424798134,0.5155204122531141,0.5245970223787328,0.0285023699692303,0.549313580771351,0.5586075269075454,0.4823831038700335,0.5300507730565549,0.502630127288179,0.5238441264606588,0.0235924153391022,0.5483865528164108,0.547426491431006,0.4914462226142811,0.5310016682094789,0.5009596972321174,439.4055419921875,11.354277185809554,434.0168762207031,428.9972534179687,431.0218505859375,459.9985046386719,442.99322509765625,1027.2001953125,0.3999024033691958,1028.0,1027.00048828125,1027.0,1027.0,1027.00048828125,0.0009735204163007,3.788853064179421e-07,0.0009727626456879,0.0009737098589539,0.0009737098589539,0.0009737098589539,0.0009737098589539,0.0009735204163007,3.788853064179421e-07,0.0009727626456879,0.0009737098589539,0.0009737098589539,0.0009737098589539,0.0009737098589539,0.0052570859901607,0.0007794436697219,0.0048638130538165,0.0048685492947697,0.0048685492947697,0.0048685492947697,0.0068159690126776,0.0048676020465791,1.8944963812828069e-06,0.0048638130538165,0.0048685492947697,0.0048685492947697,0.0048685492947697,0.0048685492947697,0.0105141719803214,0.0007306900562005,0.0097276261076331,0.0107108084484934,0.0107108084484934,0.0097370985895395,0.0116845183074474,0.0097352040931582,3.7889927625656137e-06,0.0097276261076331,0.0097370985895395,0.0097370985895395,0.0097370985895395,0.0097370985895395
-925,87.32868074689591,2.1555794317606507,86.41452898297992,91.26940046037946,85.1975577218192,87.86204746791294,85.89986910138812,0.0548064790666103,0.011660214856926,0.0439910925924778,0.0456309989094734,0.0463243275880813,0.0698608383536338,0.0682251378893852,0.0600785080875669,0.0081969605915685,0.0516739274774278,0.0587092196302754,0.0509322104709489,0.0689070160899843,0.070170166769198,0.9399214914866856,0.0081969580514626,0.9483260682650976,0.9412907787731716,0.9490677884646824,0.9310929775238036,0.9298298444066728,81.47718633015951,2.869674191211672,83.75295511881511,81.60238138834636,82.69886525472005,83.40258026123047,75.92914962768555,-0.0753302536904811,0.0432232536063228,-0.0182417742908,-0.0531229376792907,-0.0929453819990158,-0.0650826096534729,-0.1472585648298263,-0.0496221557259559,0.0680793051221787,0.0244374970595041,0.0286913675566514,-0.1087048724293708,-0.1393591277301311,-0.0531756430864334,1.0496221780776978,0.0680793101503555,0.9755625327428182,0.9713086684544882,1.1087048848470051,1.13935919602712,1.0531756083170574,85.22844772338867,9.868230455052675,83.74180857340495,76.29276021321614,103.44519297281902,76.71458562215169,85.94789123535156,-0.0915855094790458,0.0376333798170366,-0.1153381019830703,-0.0819647163152694,-0.0464350283145904,-0.1512817591428756,-0.0629079416394233,-0.0926055857290824,0.0526052662824187,-0.1260001709063848,-0.0351340447862943,-0.0758790622154871,-0.048562948902448,-0.1774517018347978,1.0926056027412414,0.0526052758313697,1.126000205675761,1.0351340373357136,1.0758790572484334,1.0485629836718242,1.177451729774475,12.4,1.3564659966250536,12,15,12,12,11,0.5532264212910519,0.020667011408664,0.5522222217128692,0.5919678732627347,0.5371913271517414,0.5507748125240667,0.5339758718038474,0.5346133346984574,0.0179105462928052,0.5327623236996746,0.5662079000955144,0.5268096983644773,0.5359054879602846,0.5113812633723356,0.5336469358577176,0.0135930619032119,0.5328535298812933,0.5541768874627536,0.5419856278323172,0.523974233234492,0.5152444008777318,439.40558471679685,11.359285226808884,434.000732421875,428.9970397949219,431.0263977050781,460.0096740722656,442.99407958984375,1027.20009765625,0.3997073294915513,1027.99951171875,1027.00048828125,1027.0,1027.0009765625,1026.99951171875,0.0011682623880915,0.0003895788376357,0.0009727626456879,0.0009737098589539,0.0009737098589539,0.0009737098589539,0.0019474197179079,0.0009735204163007,3.788853064179421e-07,0.0009727626456879,0.0009737098589539,0.0009737098589539,0.0009737098589539,0.0009737098589539,0.0060354855842888,0.000951253452319,0.0077821011655032,0.0048685492947697,0.0058422591537237,0.0058422591537237,0.0058422591537237,0.0048676020465791,1.8944963812828069e-06,0.0048638130538165,0.0048685492947697,0.0048685492947697,0.0048685492947697,0.0048685492947697,0.0114873135462403,0.0011330047525669,0.0126459142193198,0.0097370985895395,0.0116845183074474,0.0107108084484934,0.0126582281664013,0.0097352040931582,3.7889927625656137e-06,0.0097276261076331,0.0097370985895395,0.0097370985895395,0.0097370985895395,0.0097370985895395
-900,90.32110879080638,2.2795799849170875,91.2899649483817,86.02100481305804,90.86794607979913,90.623051234654,92.80357687813895,0.0370174642652273,0.008906511281411,0.0419498421251773,0.0455226600170135,0.0205550361424684,0.0420210659503936,0.0350387170910835,0.0463963501255161,0.0132897050738408,0.054357500480754,0.0616172504212175,0.0327847823334325,0.0549706321741853,0.028251585217991,0.9536036474364143,0.0132897070345853,0.9456424968583244,0.9383827447891236,0.9672152314867292,0.9450293609074184,0.9717484031404768,80.90369466145833,2.989923199748479,83.8034159342448,81.68755594889323,81.85371907552083,82.0537109375,75.12007141113281,-0.0657385962083935,0.0330540115051319,-0.0081791738048195,-0.0574785694479942,-0.0754700526595115,-0.0793970003724098,-0.1081681847572326,-0.054048632333676,0.0587369699096077,0.0006160326302051,0.0203149020671844,-0.0997869099179903,-0.1355144530534744,-0.0558727333943049,1.0540486296017966,0.0587369764344201,0.9993839859962464,0.9796850681304932,1.099786917368571,1.135514458020528,1.0558727184931438,84.47507349650066,9.688283322807576,83.36395263671875,76.22065989176433,102.53885904947916,75.8942756652832,84.35762023925781,-0.0838205151259899,0.0260934885466963,-0.1198850944638252,-0.0780964493751525,-0.0449361912906169,-0.1042547672986984,-0.0719300732016563,-0.0801136833926041,0.0599027484686422,-0.1225381270051002,-0.035009233901898,-0.0234830044209957,-0.042161559065183,-0.1773764925698439,1.080113704999288,0.059902721013586,1.1225381294886272,1.0350093046824138,1.0234830379486084,1.0421615839004517,1.1773764689763386,3.6,4.715930449020639,2,13,1,1,1,0.5315787702632967,0.0239306872024218,0.5291872502334873,0.5691655178821604,0.4939805050405719,0.5290127207270119,0.5365478574332522,0.5203361623237256,0.018631723610178,0.524327288078333,0.5482342257439169,0.4925902762273744,0.5092351996099825,0.527293821959021,0.5238516477034899,0.011783341022299,0.5304170457420763,0.5439797660025903,0.5149956632747404,0.5128746302984087,0.5169911331996342,439.4015686035156,11.352628639697995,434.00531005859375,428.991943359375,431.0273742675781,459.9906005859375,442.99261474609375,1027.19970703125,0.3999024033691958,1027.99951171875,1027.0,1027.0,1026.99951171875,1026.99951171875,0.0009735204163007,3.788853064179421e-07,0.0009727626456879,0.0009737098589539,0.0009737098589539,0.0009737098589539,0.0009737098589539,0.0009735204163007,3.788853064179421e-07,0.0009727626456879,0.0009737098589539,0.0009737098589539,0.0009737098589539,0.0009737098589539,0.005256896559149,0.0004756297159821,0.0058365757577121,0.0048685492947697,0.0048685492947697,0.0048685492947697,0.0058422591537237,0.0048676020465791,1.8944963812828069e-06,0.0048638130538165,0.0048685492947697,0.0048685492947697,0.0048685492947697,0.0048685492947697,0.0107087245211005,0.00106665385122,0.0107003888115286,0.0097370985895395,0.0107108084484934,0.0097370985895395,0.0126582281664013,0.0097352040931582,3.7889927625656137e-06,0.0097276261076331,0.0097370985895395,0.0097370985895395,0.0097370985895395,0.0097370985895395
-875,89.17635607038225,2.625680517069995,92.8785879952567,84.82566506522042,88.3292465209961,89.92435128348214,89.92392948695591,0.045667877793312,0.0144310565405117,0.0432341359555721,0.0452851131558418,0.0207668393850326,0.0634645745158195,0.0555887259542942,0.0516489222645759,0.0129332500284395,0.058611583496843,0.0621649441974503,0.0265501165496451,0.0584835686853953,0.0524343983935458,0.9483510749680656,0.0129332477651421,0.9413883941514152,0.9378350632531304,0.973449877330235,0.9415164419582912,0.947565598147256,80.99245554606121,2.995079748329327,83.66955820719402,81.57122039794922,81.82067362467448,82.71371205647786,75.18711344401042,-0.0602011596783995,0.0324437097313451,-0.0029010577127337,-0.0552488788962364,-0.0751091763377189,-0.0663783252239227,-0.1013683602213859,-0.0319845543242991,0.0663397578073114,0.0463262729657193,0.0354973934590816,-0.0859544724225997,-0.1236668676137924,-0.0321250980099042,1.0319845716158549,0.066339758513473,0.953673760096232,0.9645026127497356,1.0859545071919758,1.1236668825149536,1.0321250955263774,84.90807418823242,9.600518633715792,84.25431315104167,76.34033584594727,102.69470977783205,76.50415547688802,84.74685668945312,-0.0924167230725288,0.0338282784945504,-0.1279525756835937,-0.0794984772801399,-0.0441030785441398,-0.1337930858135223,-0.0767363980412483,-0.0996168153981367,0.0486271689370573,-0.1477873747547467,-0.0535075267155965,-0.0605205632746219,-0.0673296476403872,-0.1689389646053314,1.0996168255805967,0.0486271701783236,1.1477874120076497,1.0535075267155964,1.0605205694834392,1.0673296650250752,1.168938954671224,9.2,8.953211714239757,25,13,1,5,2,0.5500734271916032,0.03149074462887,0.5806286559612606,0.5926057903251268,0.5091357724844149,0.5373903801535347,0.5306065370336792,0.5300873085358571,0.0214270998183126,0.5459463160538761,0.5608604323792042,0.5005745769411288,0.5278352037654812,0.5152200135395951,0.5309193762834477,0.0146674795427672,0.5449121265663095,0.5514959709608767,0.518184275149295,0.5252905229463405,0.5147139857944162,439.4035949707031,11.358388566987037,434.00634765625,428.9970397949219,431.0187683105469,460.0063781738281,442.9894409179687,1027.1998046875,0.3996094943258008,1027.9990234375,1027.00048828125,1027.0,1026.99951171875,1027.0,0.0009735204163007,3.788853064179421e-07,0.0009727626456879,0.0009737098589539,0.0009737098589539,0.0009737098589539,0.0009737098589539,0.0009735204163007,3.788853064179421e-07,0.0009727626456879,0.0009737098589539,0.0009737098589539,0.0009737098589539,0.0009737098589539,0.0054516385309398,0.0004760948907766,0.0058365757577121,0.0048685492947697,0.0058422591537237,0.0048685492947697,0.0058422591537237,0.0048676020465791,1.8944963812828069e-06,0.0048638130538165,0.0048685492947697,0.0048685492947697,0.0048685492947697,0.0048685492947697,0.0109034664928913,0.0014313450137645,0.0107003888115286,0.0097370985895395,0.0107108084484934,0.0097370985895395,0.0136319380253553,0.0097352040931582,3.7889927625656137e-06,0.0097276261076331,0.0097370985895395,0.0097370985895395,0.0097370985895395,0.0097370985895395
-850,89.4736842564174,3.473474907805109,87.4507827758789,85.78467232840401,86.84780011858258,94.33882250104632,92.94634355817524,0.0435181211680173,0.013697737191226,0.0442027747631073,0.0456772409379482,0.0255223009735345,0.0668162256479263,0.0353720635175704,0.0470298321318945,0.0104786319442243,0.0483873481197016,0.0610973031393119,0.0330372653302869,0.0550444354968411,0.0375828085733311,0.9529701607567924,0.0104786245778587,0.9516126343182156,0.9389027016503472,0.966962729181562,0.9449555703571864,0.9624171682766506,81.01382395426432,3.0054338280691786,83.52035013834636,81.75765228271484,81.85888671875,82.7888666788737,75.14336395263672,-0.0646954231895506,0.0334653543725683,-0.007416081149131,-0.0646818801760673,-0.0817515924572944,-0.0601326450705528,-0.1094949170947074,-0.0407026254261533,0.0641630619001895,0.0548846861347556,0.0076381166776021,-0.085807812710603,-0.1232295663406451,-0.0569985508918762,1.0407026290893555,0.0641630522983966,0.945115327835083,0.9923619230588278,1.0858078002929688,1.1232295831044514,1.0569985111554463,84.77291717529297,9.68665755684726,84.06157684326172,76.24579620361328,102.8356653849284,76.44018809000652,84.28135935465495,-0.0918118305504322,0.039843002119342,-0.1276226937770843,-0.0702403932809829,-0.0445216931402683,-0.1496109515428543,-0.067063421010971,-0.0977022680531566,0.046914891565847,-0.1551191210746765,-0.0463095489346111,-0.0866338945925235,-0.0505660672982533,-0.1498827083657185,1.0977022687594098,0.0469148887064206,1.1551191012064617,1.046309530735016,1.0866339206695557,1.0505660772323608,1.149882713953654,12.6,15.094369811290566,41,15,1,5,1,0.5562394691803546,0.0260632116340233,0.585664407606734,0.587450220771587,0.5443070667577286,0.5425679388714486,0.5212077118942752,0.5389283416124867,0.0186290787437623,0.5550383827139718,0.56571292597085,0.5309946269992857,0.5279359143752659,0.51495985800306,0.536191267321801,0.0165387585001198,0.5508435648490233,0.5569735943116614,0.5377186370780285,0.5219310732476181,0.5134894671226735,439.3999084472656,11.360068422952205,433.998046875,428.991943359375,431.0140380859375,460.00396728515625,442.9915466308594,1027.20048828125,0.4000003576277088,1028.00048828125,1027.00146484375,1027.00048828125,1027.0,1027.0,0.0009735204163007,3.788853064179421e-07,0.0009727626456879,0.0009737098589539,0.0009737098589539,0.0009737098589539,0.0009737098589539,0.0009735204163007,3.788853064179421e-07,0.0009727626456879,0.0009737098589539,0.0009737098589539,0.0009737098589539,0.0009737098589539,0.0058411224745213,0.0008709155410817,0.0058365757577121,0.0048685492947697,0.0068159690126776,0.0048685492947697,0.0068159690126776,0.0048676020465791,1.8944963812828069e-06,0.0048638130538165,0.0048685492947697,0.0048685492947697,0.0048685492947697,0.0048685492947697,0.0114876924082636,0.000730894037551,0.0107003888115286,0.0116845183074474,0.0116845183074474,0.0107108084484934,0.0126582281664013,0.0097352040931582,3.7889927625656137e-06,0.0097276261076331,0.0097370985895395,0.0097370985895395,0.0097370985895395,0.0097370985895395
-825,88.82079554966518,1.3174692861632389,87.14256613595145,91.14009857177734,88.57744598388672,89.03708103724888,88.20678601946149,0.0525538049638271,0.0096217249161978,0.0444186739623546,0.0452754348516464,0.0458946824073791,0.0688716247677803,0.0583086088299751,0.0555655922740697,0.0089722268998057,0.0523567316787583,0.0682714650673525,0.0420653745532035,0.0620671718248299,0.0530672182462045,0.9444344094821384,0.0089722339095167,0.9476432715143476,0.9317285418510436,0.9579346435410636,0.9379328063556126,0.9469327841486248,81.33568598429362,3.0609946622172357,83.81636555989583,81.4953104654948,82.62559509277344,83.32545216878255,75.41570663452148,-0.0666843108832836,0.0353333909584209,-0.0121864601969718,-0.0577749088406562,-0.0883156880736351,-0.0571393631398677,-0.118005134165287,-0.0416933683678507,0.06425320476061,0.0168754070376356,0.0453485287725925,-0.1018095761537551,-0.1188438571989536,-0.0500373442967732,1.041693385442098,0.064253223999102,0.983124613761902,0.954651435216268,1.1018096208572388,1.1188438733418782,1.0500373840332031,85.05149714152017,9.802254338517333,83.95377095540364,76.20530573527019,103.34946695963542,76.92162068684895,84.8273213704427,-0.0949378170073032,0.0384819972555496,-0.1222527399659156,-0.0770851373672485,-0.0509764738380909,-0.1558440029621124,-0.0685307309031486,-0.0873731359839439,0.0451668649896261,-0.1398655126492182,-0.0270591328541437,-0.0710454806685447,-0.0591438462336858,-0.1397517075141271,1.0873731573422751,0.0451668337951549,1.139865517616272,1.0270591974258425,1.0710455179214478,1.059143881003062,1.139751672744751,15.2,8.304215796810677,19,28,11,15,3,0.5550225553031012,0.0262461572517379,0.5665253847006152,0.5916093926146525,0.5233086159559233,0.5672495873061012,0.5264197959382135,0.5402888676372039,0.0220683485997182,0.5424452745267669,0.5730485657524524,0.5145803951518765,0.5537667594339766,0.5176033433209465,0.5404717257229559,0.0135894926347058,0.5456081167226882,0.5581781401881544,0.5325444475466735,0.5473211929112337,0.5187067312460292,439.40496215820315,11.359763759443537,434.01129150390625,428.99273681640625,431.0212097167969,460.01031494140625,442.9892578125,1027.19990234375,0.4000488728230248,1028.0,1027.0,1027.0,1027.0,1026.99951171875,0.0009735204163007,3.788853064179421e-07,0.0009727626456879,0.0009737098589539,0.0009737098589539,0.0009737098589539,0.0009737098589539,0.0009735204163007,3.788853064179421e-07,0.0009727626456879,0.0009737098589539,0.0009737098589539,0.0009737098589539,0.0009737098589539,0.0050623440183699,0.0003899618819644,0.0048638130538165,0.0048685492947697,0.0058422591537237,0.0048685492947697,0.0048685492947697,0.0048676020465791,1.8944963812828069e-06,0.0048638130538165,0.0048685492947697,0.0048685492947697,0.0048685492947697,0.0048685492947697,0.0103192405775189,0.0004753321701263,0.0107003888115286,0.0097370985895395,0.0107108084484934,0.0097370985895395,0.0107108084484934,0.0097352040931582,3.7889927625656137e-06,0.0097276261076331,0.0097370985895395,0.0097370985895395,0.0097370985895395,0.0097370985895395
-800,89.61156529017858,4.262177587470038,98.0996802193778,87.00347246442523,87.10256958007812,87.96834128243583,87.88376290457589,0.0423937253654003,0.011197417421415,0.0435164868831634,0.0448397882282733,0.0264013744890689,0.0366317741572856,0.06057920306921,0.0456443679718566,0.0141025461194048,0.0500305385461875,0.0496566899652992,0.0214475603840713,0.0423902089574507,0.0646968420062746,0.9543556366647992,0.0141025560357383,0.9499694619859969,0.950343302318028,0.9785524691854204,0.9576097897120884,0.9353031601224628,80.85932642618815,2.7755351216566995,83.50805918375652,81.3926010131836,81.89901479085286,82.00620015462239,75.49075698852539,-0.0678383254446089,0.0389293694369754,-0.0066452180035412,-0.0553645752370357,-0.0780233889818191,-0.071663424372673,-0.1274950206279754,-0.0403137100239594,0.0779899428896429,0.050913892686367,0.05262324710687,-0.1013625885049502,-0.134633582085371,-0.0691095193227132,1.0403136928876242,0.0779899398503368,0.9490861097971598,0.9473767280578612,1.1013625462849934,1.1346335808436077,1.0691094994544983,84.67792714436848,9.731158302204712,83.68528493245442,76.2938855489095,102.71051279703777,75.90232213338216,84.7976303100586,-0.0846706412732601,0.0293578301906933,-0.1246955618262291,-0.0775480940937995,-0.0441545210778713,-0.1106827557086944,-0.0662722736597061,-0.0878514799832677,0.0401589476541268,-0.1210324714581171,-0.0534614962137614,-0.0645770529905955,-0.0504009450475374,-0.1497854342063268,1.0878514925638836,0.0401589388688408,1.121032476425171,1.0534615516662598,1.0645770231882732,1.050400972366333,1.1497854391733806,5.4,6.406246951218788,4,18,1,1,3,0.5394581690214496,0.0296639006702152,0.5710776267220679,0.5778327754543985,0.5283404500340229,0.5040820335683195,0.515957959328439,0.5285697910505134,0.0199042330923359,0.5441994070338535,0.5590390522912184,0.5208342215807893,0.511890233562573,0.5068860407841327,0.5314889060249252,0.0129465318484409,0.5414485938954331,0.5517298655940813,0.5251107746429123,0.5211163019810136,0.5180389940111856,439.4005187988281,11.353249087149065,434.0065002441406,428.998046875,431.0185546875,459.99322509765625,442.98626708984375,1027.1998046875,0.4000979542003711,1028.0,1026.99951171875,1027.00048828125,1026.9990234375,1027.0,0.0009735204163007,3.788853064179421e-07,0.0009727626456879,0.0009737098589539,0.0009737098589539,0.0009737098589539,0.0009737098589539,0.0009735204163007,3.788853064179421e-07,0.0009727626456879,0.0009737098589539,0.0009737098589539,0.0009737098589539,0.0009737098589539,0.0050623440183699,0.0003899618819644,0.0048638130538165,0.0048685492947697,0.0048685492947697,0.0048685492947697,0.0058422591537237,0.0048676020465791,1.8944963812828069e-06,0.0048638130538165,0.0048685492947697,0.0048685492947697,0.0048685492947697,0.0048685492947697,0.0105136036872863,0.0011308862386061,0.0126459142193198,0.0097370985895395,0.0097370985895395,0.0097370985895395,0.0107108084484934,0.0097352040931582,3.7889927625656137e-06,0.0097276261076331,0.0097370985895395,0.0097370985895395,0.0097370985895395,0.0097370985895395
-775,89.59824502127512,0.9349282723244212,90.9212897164481,90.13170078822544,88.10498373849052,89.27585710797992,89.55739375523159,0.0511345140635967,0.0094734789798757,0.0439912676811218,0.0457372665405273,0.0410740189254283,0.0648806020617485,0.0599894151091575,0.0545451655185648,0.0106724251358067,0.0403468046071274,0.0585049901689801,0.0448583130325589,0.0699797863406794,0.0590359334434781,0.9454548410006932,0.0106724174956143,0.9596531902040754,0.9414950353758677,0.9551416805812292,0.9300202216420856,0.9409640772002084,81.08938674926758,2.9722059193917785,83.40413920084636,81.88072967529297,82.10645802815755,82.81271107991536,75.24289576212566,-0.0686986144166439,0.0388462219068238,-0.0036393085028976,-0.0656172558665275,-0.0888358056545257,-0.0631600096821785,-0.1222406923770904,-0.0380523889015118,0.0650266984221111,0.0658654551953077,-0.0064366273581981,-0.0918839325507481,-0.1183269806206226,-0.0394798591732978,1.0380524118741352,0.0650267127603892,0.9341345429420472,1.0064366658528645,1.0918839772542317,1.118327021598816,1.0394798517227173,84.91701176961263,9.75678664669082,84.04476674397786,76.20229848225911,103.04253896077472,76.50773493448894,84.7877197265625,-0.0908534809947013,0.0384183410377262,-0.1300265341997146,-0.0701681226491928,-0.0392546653747558,-0.1406266689300537,-0.0741914138197898,-0.0995995198686917,0.0540703959387737,-0.1475328952074051,-0.0377875951429208,-0.0791044905781745,-0.0555944045384724,-0.1779782138764858,1.09959952433904,0.0540704082854308,1.1475329001744587,1.0377875566482544,1.0791045029958088,1.0555944244066875,1.177978237469991,9.2,9.019977827023745,26,11,2,5,2,0.5589813235558793,0.0247358476996602,0.5699774789806659,0.5979530544830477,0.5413744913002593,0.5599177487528948,0.5256838442625288,0.5394605060879784,0.024281762752795,0.5459407107549389,0.5784086206246714,0.5224349453078373,0.5439117844685811,0.5066064692838631,0.5397998372551531,0.0198574572068309,0.5493237085339993,0.5684017946249842,0.5276187496699436,0.5438256027227018,0.5098293307241367,439.40240478515625,11.360851130064102,434.0069580078125,428.99560546875,431.0080871582031,460.0074768066406,442.993896484375,1027.19970703125,0.4001467673933181,1028.0,1026.99951171875,1026.9990234375,1026.99951171875,1027.00048828125,0.0013630043598823,0.0004771732670206,0.0009727626456879,0.0009737098589539,0.0019474197179079,0.0009737098589539,0.0019474197179079,0.0009735204163007,3.788853064179421e-07,0.0009727626456879,0.0009737098589539,0.0009737098589539,0.0009737098589539,0.0009737098589539,0.0062302275560796,0.0011664332970408,0.0077821011655032,0.0048685492947697,0.0068159690126776,0.0048685492947697,0.0068159690126776,0.0048676020465791,1.8944963812828069e-06,0.0048638130538165,0.0048685492947697,0.0048685492947697,0.0048685492947697,0.0048685492947697,0.0114871241152286,0.0015542937444484,0.0136186769232153,0.0097370985895395,0.0116845183074474,0.0097370985895395,0.0126582281664013,0.0097352040931582,3.7889927625656137e-06,0.0097276261076331,0.0097370985895395,0.0097370985895395,0.0097370985895395,0.0097370985895395
-750,91.17410866873604,2.4593451270123556,88.99723597935268,89.13004411969867,93.6789256504604,94.6377661568778,89.42657143729073,0.0385722141712904,0.0181941485982736,0.023844439536333,0.0453746728599071,0.0193047244101762,0.07021015137434,0.0341270826756954,0.0406706186011433,0.0192991254356726,0.0282191988080739,0.0573547376053673,0.0176854667120746,0.0690828513886247,0.031010838491576,0.9593293837138586,0.0192991225560961,0.9717808025223869,0.9426452687808444,0.9823145270347596,0.9309171523366656,0.9689891678946358,81.09261525472004,3.1080161787327216,83.69056447347005,81.46101379394531,81.8807881673177,83.32292938232422,75.10778045654297,-0.0617579575628042,0.0292506109174827,-0.0176543351262807,-0.0482601001858711,-0.0784734115004539,-0.0594476237893104,-0.1049543172121048,-0.0453702085961898,0.0703638738783372,0.024542486295104,0.0441055657962958,-0.1057585080464681,-0.1355790831148624,-0.0541615039110183,1.0453702449798583,0.0703638881611307,0.9754575689633688,0.955894430478414,1.105758547782898,1.1355791489283245,1.054161528746287,84.57646840413412,9.591502817580476,83.06260172526042,76.19950485229492,102.63082122802734,76.73717371622722,84.25224049886067,-0.0929715491831302,0.039071221133865,-0.1077693626284599,-0.0867337957024574,-0.0415808595716953,-0.1580714285373687,-0.0707022994756698,-0.0829946465790271,0.0465430626331234,-0.1237626075744628,-0.036272257566452,-0.0478202663362026,-0.054045170545578,-0.1530729308724403,1.0829946478207906,0.0465430710452529,1.123762607574463,1.0362722675005596,1.047820250193278,1.0540451606114705,1.153072953224182,7.4,7.838367176906171,1,17,1,17,1,0.5518252384989004,0.0185417787236008,0.5525606524428992,0.5786099399766991,0.5518711084286954,0.5556644313572326,0.5204200602889757,0.5354793617039233,0.022245366019763,0.518961066465911,0.5674445068338165,0.5491346285417259,0.5378061594608642,0.5040504472172987,0.5330175050515289,0.0195550411462708,0.51391706550622,0.5568701320758438,0.5543413235019593,0.5295591494825586,0.5103998546910626,439.406005859375,11.357816788358637,434.0086059570313,429.0025634765625,431.01568603515625,460.0054931640625,442.9976806640625,1027.20009765625,0.4001954316510925,1028.00048828125,1027.0,1026.99951171875,1027.00048828125,1027.0,0.0011682623880915,0.0003895788376357,0.0009727626456879,0.0009737098589539,0.0019474197179079,0.0009737098589539,0.0009737098589539,0.0009735204163007,3.788853064179421e-07,0.0009727626456879,0.0009737098589539,0.0009737098589539,0.0009737098589539,0.0009737098589539,0.0056465699337422,0.0007296721448961,0.0048638130538165,0.0048685492947697,0.0058422591537237,0.0058422591537237,0.0068159690126776,0.0048676020465791,1.8944963812828069e-06,0.0048638130538165,0.0048685492947697,0.0048685492947697,0.0048685492947697,0.0048685492947697,0.0110978296026587,0.0009891338892462,0.0126459142193198,0.0097370985895395,0.0107108084484934,0.0107108084484934,0.0116845183074474,0.0097352040931582,3.7889927625656137e-06,0.0097276261076331,0.0097370985895395,0.0097370985895395,0.0097370985895395,0.0097370985895395
-725,88.9869406563895,2.874660438527098,89.1905495779855,85.57407924107143,86.04412732805524,93.07420458112443,91.05174255371094,0.0471802584826946,0.0116015771668672,0.0435274876654148,0.0441273748874664,0.0425327345728874,0.0696537718176841,0.0360599234700202,0.0514872088296605,0.0091988114269897,0.0457695131855351,0.0518358429627759,0.0499037520161696,0.0684468091598578,0.0414801268239638,0.9485127874783108,0.0091988106206084,0.9542304873466492,0.9481641565050396,0.9500962495803832,0.9315531849861144,0.9585198589733668,81.19887771606446,3.117247177452551,83.69896189371745,81.5789311726888,82.20157114664714,83.35915120442708,75.1557731628418,-0.058887780830264,0.0332391867796077,-0.0048136804252862,-0.0507665388286113,-0.081169992685318,-0.053932212293148,-0.1037564799189567,-0.0407762059941887,0.0619882920892702,0.0310249729081988,0.0304817147552967,-0.0803331322968006,-0.124609537422657,-0.0604450479149818,1.0407762289047242,0.0619882661173443,0.968975067138672,0.9695183436075846,1.080333153406779,1.1246095101038616,1.0604450702667236,84.8877176920573,9.713861399597231,83.7039311726888,76.21112060546875,103.14254252115886,77.0409164428711,84.34007771809895,-0.0982304453849792,0.0406831944848611,-0.1279805451631546,-0.0808762162923812,-0.048712745308876,-0.1612230837345123,-0.0723596364259719,-0.0894401555260022,0.042815703517974,-0.110764925678571,-0.0340124405920505,-0.069896796097358,-0.0725709795951843,-0.1599556356668472,1.08944015900294,0.0428156955528449,1.1107649405797322,1.034012456734975,1.0698968172073364,1.0725709597269697,1.159955620765686,11.8,8.352245207128439,14,16,4,24,1,0.5594321846768097,0.0240646296189606,0.5669433298758667,0.5946450945401455,0.5342363697775073,0.5708015811807574,0.530534548009771,0.5383667840077747,0.0231440271599268,0.5364237918109203,0.5704414642021285,0.5345859972283286,0.5505309297992103,0.4998517369982861,0.5435909871482879,0.0150398662750647,0.5446405199518018,0.5633743917249927,0.5469825876862304,0.5462026137203622,0.5167548226580523,439.4041442871094,11.360029346425431,434.0094299316406,428.9913330078125,431.0152587890625,460.0057373046875,442.99896240234375,1027.19990234375,0.3993167047833013,1027.99853515625,1027.0,1027.00048828125,1026.99951171875,1027.0009765625,0.0009735204163007,3.788853064179421e-07,0.0009727626456879,0.0009737098589539,0.0009737098589539,0.0009737098589539,0.0009737098589539,0.0009735204163007,3.788853064179421e-07,0.0009727626456879,0.0009737098589539,0.0009737098589539,0.0009737098589539,0.0009737098589539,0.0050623440183699,0.0003899618819644,0.0048638130538165,0.0048685492947697,0.0058422591537237,0.0048685492947697,0.0048685492947697,0.0048676020465791,1.8944963812828069e-06,0.0048638130538165,0.0048685492947697,0.0048685492947697,0.0048685492947697,0.0048685492947697,0.0116826238110661,0.0021350235092192,0.0097276261076331,0.0097370985895395,0.0116845183074474,0.0155793577432632,0.0116845183074474,0.0097352040931582,3.7889927625656137e-06,0.0097276261076331,0.0097370985895395,0.0097370985895395,0.0097370985895395,0.0097370985895395
-700,89.41324462890626,2.3143374831157875,91.12665339878627,85.64865112304688,90.56259482247488,87.87102399553571,91.8572998046875,0.0422604851424694,0.0123797359953869,0.043737880885601,0.0462131649255752,0.0261796973645687,0.0328689739108085,0.0623027086257934,0.0438396912134651,0.0112559142465268,0.0388643800147942,0.0593348922474043,0.0285976749312664,0.0382901681254484,0.0541113407484122,0.9561603103365216,0.0112559218729597,0.961135617324284,0.9406651088169644,0.97140234708786,0.9617098314421516,0.9458886470113482,80.95599619547525,2.831502093759251,83.72400665283203,81.66965738932292,81.90818786621094,81.99326070149739,75.48486836751302,-0.0698130804114043,0.0400211686217854,-0.0075183971785008,-0.056277260184288,-0.0850759893655777,-0.0694582536816597,-0.1307355016469955,-0.0485771941952407,0.0647619679458256,0.0281802153525253,0.0221853653589884,-0.1007750816643238,-0.1336798804501692,-0.0587965895732243,1.0485772013664243,0.0647619733082319,0.9718197584152222,0.9778146545092264,1.100775122642517,1.1336798667907717,1.0587966044743855,84.79770838419596,9.761701059527132,84.18831888834636,76.29215749104817,102.79900360107422,75.87078221638997,84.8382797241211,-0.0853349089622497,0.0289381585993415,-0.124614231288433,-0.0814434438943862,-0.0428569912910461,-0.1088745445013046,-0.0688853338360786,-0.0883470823367436,0.0484353215149542,-0.1480520367622375,-0.0328117199242115,-0.0779470515747865,-0.0416954755783081,-0.1412291278441747,1.088347065448761,0.0484353081934185,1.1480519771575928,1.0328116814295452,1.0779470602671306,1.041695495446523,1.1412291129430134,9.0,9.549869109050658,15,25,1,1,3,0.5353521615032448,0.0395707376321269,0.55949133530788,0.5953094832098199,0.5225799422552779,0.4779537579518095,0.5214262887914369,0.5220351500342544,0.032796808611871,0.5393047011237674,0.5763456065850963,0.5149108273638214,0.4887427527031381,0.4908718623954485,0.5270783960231432,0.0258220315685341,0.5425000833098368,0.5632224858045983,0.5327349997377023,0.4907062356560309,0.5062281756075474,439.4053466796875,11.354972702998095,434.0055236816406,429.0023498535156,431.0201721191406,459.998046875,443.0006408691406,1027.20009765625,0.4001957891041574,1028.00048828125,1027.0009765625,1027.0,1027.0,1026.9990234375,0.0009735204163007,3.788853064179421e-07,0.0009727626456879,0.0009737098589539,0.0009737098589539,0.0009737098589539,0.0009737098589539,0.0009735204163007,3.788853064179421e-07,0.0009727626456879,0.0009737098589539,0.0009737098589539,0.0009737098589539,0.0009737098589539,0.0052570859901607,0.0007794436697219,0.0048638130538165,0.0048685492947697,0.0068159690126776,0.0048685492947697,0.0048685492947697,0.0048676020465791,1.8944963812828069e-06,0.0048638130538165,0.0048685492947697,0.0048685492947697,0.0048685492947697,0.0048685492947697,0.0103194300085306,0.0007803966641795,0.0097276261076331,0.0097370985895395,0.0116845183074474,0.0097370985895395,0.0107108084484934,0.0097352040931582,3.7889927625656137e-06,0.0097276261076331,0.0097370985895395,0.0097370985895395,0.0097370985895395,0.0097370985895395
-675,87.38010864257812,2.2409844418442795,85.64139883858817,89.28174809047154,84.4764164515904,86.97800663539341,90.5229731968471,0.0440834365785121,0.0167634109114226,0.0264040082693099,0.0452447868883609,0.023911964148283,0.0600618906319141,0.0647945329546928,0.0464447025309449,0.0143413045852303,0.0284511364963171,0.0567038229533604,0.0338478428976876,0.0674266682139464,0.0457940420934132,0.9535552978515623,0.0143413030595831,0.971548855304718,0.9432961685316904,0.9661521741322108,0.9325733440262932,0.9542059472629002,80.9889638264974,2.8107976221704103,83.63497416178386,81.6093521118164,81.90804290771484,82.25128428141277,75.54116566975911,-0.0716295754536986,0.0403499590399142,-0.013038239441812,-0.0612816102802753,-0.0745517089962959,-0.0699041783809661,-0.1393721401691436,-0.0420844230800867,0.0665384848140251,0.0400710298369328,0.0283342053492863,-0.1103514929612477,-0.1175119367738564,-0.0509639208515485,1.0420844276746115,0.0665384794387809,0.9599289894104004,0.9716657996177672,1.1103514830271404,1.1175119479497273,1.0509639183680215,84.62536900838217,9.713023269018809,83.05745951334636,76.20544306437175,102.60586547851562,75.98570760091145,85.27236938476562,-0.0853712350130081,0.0283348909712799,-0.1132879555225372,-0.0735224708914756,-0.0502105355262756,-0.1238662898540496,-0.0659689232707023,-0.0775173002233108,0.057358005153334,-0.1116862744092941,-0.0325510644664367,-0.0376942952473958,-0.0307401766379674,-0.1749146903554598,1.0775173107783,0.0573579987858654,1.1116862297058103,1.0325510899225872,1.0376943349838257,1.0307401816050212,1.1749147176742554,3.4,3.006659275674582,1,9,1,2,4,0.5321183740638784,0.0307668392780449,0.4977656505146153,0.5897275659440717,0.5303352080780053,0.5217893708583106,0.5209740749243897,0.521432890956899,0.0230159263689164,0.4976165044635002,0.5638405092655306,0.5147683470066508,0.5246210192858576,0.5063180747629558,0.5263494758555218,0.0166530535022078,0.5088491014327999,0.5527433655252602,0.5386031777714375,0.5180079997063928,0.5135437348417189,439.40211791992186,11.353230863754067,434.0003051757813,428.994384765625,431.0265502929687,459.9908142089844,442.99853515625,1027.2,0.399756023387845,1027.99951171875,1027.00048828125,1027.0,1027.00048828125,1026.99951171875,0.0011682623880915,0.0003895788376357,0.0009727626456879,0.0009737098589539,0.0009737098589539,0.0009737098589539,0.0019474197179079,0.0009735204163007,3.788853064179421e-07,0.0009727626456879,0.0009737098589539,0.0009737098589539,0.0009737098589539,0.0009737098589539,0.0056460016407072,0.0011326724717993,0.0077821011655032,0.0048685492947697,0.0048685492947697,0.0048685492947697,0.0058422591537237,0.0048676020465791,1.8944963812828069e-06,0.0048638130538165,0.0048685492947697,0.0048685492947697,0.0048685492947697,0.0048685492947697,0.0114873135462403,0.0015560953816036,0.0126459142193198,0.0097370985895395,0.0097370985895395,0.0116845183074474,0.0136319380253553,0.0097352040931582,3.7889927625656137e-06,0.0097276261076331,0.0097370985895395,0.0097370985895395,0.0097370985895395,0.0097370985895395
-650,86.72352916172574,1.3668620477939402,88.88191877092633,85.11428833007812,86.37371608189174,85.63618196759906,87.61154065813336,0.0485845424234867,0.0152905976313521,0.0444610081613063,0.0428446605801582,0.0250459238886833,0.0671760067343711,0.0633951127529144,0.0543760430733008,0.0144827931519276,0.0492565046463693,0.0619431382843426,0.0282201059827847,0.0659965771649565,0.0664638892880507,0.9456239666257586,0.0144827959981842,0.9507435049329486,0.9380568776811872,0.9717799084527152,0.9340034297534398,0.9335361123085022,81.11407318115234,2.8007997838716245,83.61508178710938,81.44720967610677,81.8802261352539,82.90476735432942,75.72308095296223,-0.0654595280997455,0.0399628532135687,-0.0076970434747636,-0.0512908585369586,-0.0757306590676307,-0.0613509006798267,-0.1312281787395477,-0.0432590611899892,0.0692581811175863,0.035998820948104,0.0420857730011145,-0.1044892370700836,-0.1206926628947258,-0.0691979999343554,1.043259048461914,0.0692581695658836,0.9640011787414552,0.9579142332077026,1.1044892072677612,1.1206926504770915,1.0691979726155598,84.89356384277343,9.605871865104127,84.07514190673828,76.06057866414388,102.57555135091144,76.53231938680013,85.22422790527344,-0.0936216548085212,0.0377818026309401,-0.1271007657051086,-0.0779708996415138,-0.0476117879152298,-0.1480703055858612,-0.0673545151948928,-0.088334857362012,0.0526996603900087,-0.144858402510484,-0.0537926914791266,-0.0322308437898755,-0.0516916066408157,-0.1591007423897584,1.088334878285726,0.0526996501672672,1.1448584000269573,1.0537927150726318,1.0322309335072837,1.0516915718714397,1.1591007709503174,7.2,7.573638491504595,22,3,1,6,4,0.5461252180789808,0.0164240058719634,0.5634877414045979,0.5649076333080403,0.5231297305470023,0.5458456108512503,0.5332553742840133,0.533526043370436,0.0133468212842526,0.5394590940956138,0.5511739273995718,0.5154904244238947,0.5408375432367041,0.5206692276963955,0.5400437226258564,0.0106006130662786,0.5542012149123905,0.5471531940484252,0.5344201750739502,0.5410793079699413,0.5233647211245747,439.4064392089843,11.357041613746013,434.0141906738281,428.9986572265625,431.0203857421875,460.0054931640625,442.9934692382813,1027.19970703125,0.3996588444224009,1027.9990234375,1027.0,1027.00048828125,1026.99853515625,1027.00048828125,0.0009735204163007,3.788853064179421e-07,0.0009727626456879,0.0009737098589539,0.0009737098589539,0.0009737098589539,0.0009737098589539,0.0009735204163007,3.788853064179421e-07,0.0009727626456879,0.0009737098589539,0.0009737098589539,0.0009737098589539,0.0009737098589539,0.0054518279619514,0.0007796803012969,0.0048638130538165,0.0058422591537237,0.0048685492947697,0.0048685492947697,0.0068159690126776,0.0048676020465791,1.8944963812828069e-06,0.0048638130538165,0.0048685492947697,0.0048685492947697,0.0048685492947697,0.0048685492947697,0.0112929504364728,0.0015828660991602,0.0107003888115286,0.0136319380253553,0.0097370985895395,0.0097370985895395,0.0126582281664013,0.0097352040931582,3.7889927625656137e-06,0.0097276261076331,0.0097370985895395,0.0097370985895395,0.0097370985895395,0.0097370985895395
-625,89.16528799874443,0.8360063020133092,89.93206351143974,88.10997009277344,88.23602185930524,89.46773856026786,90.08064596993584,0.0525248542428016,0.0088243209063516,0.0442985109984874,0.0446752868592739,0.0471445769071579,0.0625734701752662,0.0639324262738227,0.0564397889721606,0.0050870477933945,0.0567495312009538,0.0495978554577699,0.0563564875296184,0.0542433110198804,0.0652517596525805,0.9435602239200048,0.005087043681348,0.9432504858289448,0.95040214913232,0.9436435273715428,0.945756699357714,0.9347482579095024,81.18610916137695,2.9589559612673813,83.68684895833333,81.58157348632812,82.68270619710286,82.55894215901692,75.42047500610352,-0.0723193941637873,0.0394418183586801,-0.0122262043878436,-0.0563449896872043,-0.0910596624016761,-0.0700193420052528,-0.1319467723369598,-0.0411249621460835,0.0675450428521552,0.0328962256511052,0.0373211397478977,-0.1073187539974848,-0.1234762532015641,-0.0450471689303716,1.041124963760376,0.0675450365495768,0.9671037991841634,0.962678849697113,1.1073187192281086,1.123476266860962,1.0450471838315327,84.96226450602214,9.91422406449643,83.84754180908203,76.21148681640625,103.3567886352539,76.28697967529297,85.10852559407552,-0.0896896660327911,0.0302232219826306,-0.1214430704712867,-0.0759625136852264,-0.0508620291948318,-0.1287832856178283,-0.0713974311947822,-0.0937771094342072,0.0529437905036915,-0.136291300257047,-0.0369543321430683,-0.0672116540372371,-0.0532310456037521,-0.1751972151299317,1.0937771121660869,0.052943772387099,1.136291265487671,1.0369543433189392,1.067211667696635,1.0532310803731282,1.1751972039540608,16.4,11.672189169131896,22,34,19,4,3,0.5594621426417553,0.0273664526468014,0.575217971293277,0.5993985530755391,0.5504371683640216,0.5170093617933786,0.55524765868256,0.5422772619019278,0.018676345922974,0.5488644869613774,0.5749061527992266,0.5381153322951097,0.5262119795254864,0.5232883579284395,0.5454478511727092,0.0165645154481388,0.5607611606009114,0.5637231358112254,0.5468033239563018,0.5377495369835699,0.5182020985115375,439.4036926269531,11.352546344720288,434.01025390625,428.994384765625,431.0265502929687,459.99212646484375,442.9951477050781,1027.2,0.4002450192562715,1028.00048828125,1027.00048828125,1027.0009765625,1026.99951171875,1026.99853515625,0.0009735204163007,3.788853064179421e-07,0.0009727626456879,0.0009737098589539,0.0009737098589539,0.0009737098589539,0.0009737098589539,0.0009735204163007,3.788853064179421e-07,0.0009727626456879,0.0009737098589539,0.0009737098589539,0.0009737098589539,0.0009737098589539,0.0052570859901607,0.0004777950172406,0.0048638130538165,0.0048685492947697,0.0058422591537237,0.0048685492947697,0.0058422591537237,0.0048676020465791,1.8944963812828069e-06,0.0048638130538165,0.0048685492947697,0.0048685492947697,0.0048685492947697,0.0048685492947697,0.0103194300085306,0.0007803966641795,0.0097276261076331,0.0097370985895395,0.0116845183074474,0.0097370985895395,0.0107108084484934,0.0097352040931582,3.7889927625656137e-06,0.0097276261076331,0.0097370985895395,0.0097370985895395,0.0097370985895395,0.0097370985895395
-600,91.46424887520928,3.8883789087928737,98.04013388497488,87.34331730433873,91.4192134312221,92.75601087297711,87.76256888253349,0.0483947411179542,0.0108959080539952,0.044168084859848,0.0452322661876678,0.0457976125180721,0.0693429708480835,0.0374327711760997,0.049435533799364,0.0106107590624936,0.0385528478239263,0.0484874475514516,0.0470777422721896,0.0695181270795209,0.0435415042697319,0.9505644696099416,0.0106107552965409,0.961447162287576,0.9515125581196376,0.9529222590582712,0.9304818851607186,0.9564584834235056,81.21672210693359,3.136715823151849,83.54885609944661,81.49198404947917,82.85962677001953,83.08836110432942,75.09478251139323,-0.0640982243232429,0.0349557987448077,-0.0064338012598454,-0.0577778220176696,-0.0908522009849548,-0.0568721815943717,-0.1085551157593727,-0.0339947800152003,0.0697078332576063,0.0449975019631286,0.0462590890626112,-0.1112035190065701,-0.1088453357418378,-0.0411816363533337,1.0339947819709778,0.0697078294902743,0.95500248670578,0.9537409146626792,1.1112035115559895,1.108845313390096,1.0411816835403442,85.01241073608398,9.828504671953192,83.85635375976562,76.36831283569336,103.50225830078124,76.97224426269531,84.36288452148438,-0.0957223013043403,0.0402340563525663,-0.127459704875946,-0.0762609243392944,-0.0471340268850326,-0.1568189561367035,-0.0709378942847251,-0.0971761415402094,0.0440546126368819,-0.1262406309445699,-0.0455137851337591,-0.0726234056055545,-0.0734446023901303,-0.1680582836270332,1.097176166375478,0.044054602681848,1.126240611076355,1.0455138285954793,1.0726234515508015,1.073444624741872,1.1680583159128826,16.6,8.777243302996675,23,19,26,14,1,0.5659145310250651,0.0180144854989814,0.5724721861882572,0.5973551498323308,0.55390621761617,0.5603071914644288,0.5455319100241389,0.5449810929827688,0.0172079721051204,0.5442369193754799,0.5748795134995751,0.5319559555270056,0.5488826128935564,0.5249504636182268,0.5491320820621083,0.013925444500748,0.5562531090749467,0.5643862193031408,0.54608937133116,0.5551193265743142,0.52381238402698,439.4053039550781,11.361359261366312,434.0069580078125,428.99847412109375,431.0132141113281,460.0120849609375,442.9957885742187,1027.19970703125,0.3999024033691958,1027.99951171875,1026.99951171875,1027.0,1026.99951171875,1027.0,0.0009735204163007,3.788853064179421e-07,0.0009727626456879,0.0009737098589539,0.0009737098589539,0.0009737098589539,0.0009737098589539,0.0009735204163007,3.788853064179421e-07,0.0009727626456879,0.0009737098589539,0.0009737098589539,0.0009737098589539,0.0009737098589539,0.0054516385309398,0.0007784026598061,0.0058365757577121,0.0048685492947697,0.0068159690126776,0.0048685492947697,0.0048685492947697,0.0048676020465791,1.8944963812828069e-06,0.0048638130538165,0.0048685492947697,0.0048685492947697,0.0048685492947697,0.0048685492947697,0.011097640171647,0.0014527104201707,0.0136186769232153,0.0097370985895395,0.0116845183074474,0.0097370985895395,0.0107108084484934,0.0097352040931582,3.7889927625656137e-06,0.0097276261076331,0.0097370985895395,0.0097370985895395,0.0097370985895395,0.0097370985895395
-575,88.52364545549665,1.3571404272741112,88.17654527936664,86.16523742675781,88.66234152657645,90.13345990862165,89.48064313616071,0.0369175139814615,0.0068715019096667,0.0438690371811389,0.0449664108455181,0.0263551045209169,0.0338134057819843,0.0355836115777492,0.0369530254642346,0.0107647955727394,0.0469456943018095,0.0489885394927114,0.0211556205925132,0.0395703405540968,0.0281049323800419,0.9630469730922154,0.0107647838741775,0.953054291861398,0.9510114789009094,0.9788443446159364,0.960429676941463,0.9718950731413704,80.91330159505209,2.980882764444232,83.79488372802734,81.71689860026042,81.87748209635417,82.03398895263672,75.14325459798177,-0.0650873318314552,0.0304827902431113,-0.0161976553499698,-0.0542588643729686,-0.0779776275157928,-0.0675732493400573,-0.1094292625784874,-0.0545213340471188,0.0622469615328753,0.0201704495896895,0.0104104690253734,-0.1027298048138618,-0.1394462424019972,-0.061011541634798,1.0545213540395102,0.0622469718902153,0.9798295497894288,0.98958953221639,1.1027298370997112,1.139446258544922,1.0610115925470989,84.56267929077148,9.738351048271303,83.83995310465495,76.13763173421223,102.65169270833331,75.8796755472819,84.304443359375,-0.0836716666817665,0.026223807057754,-0.1173861026763916,-0.0801975056529045,-0.0446951314806938,-0.1071758344769477,-0.0689037591218948,-0.082387318710486,0.0542156526398688,-0.1344243610898653,-0.0261365957558155,-0.0504564444224039,-0.0406603813171386,-0.1602588109672069,1.0823873321215312,0.0542156484392675,1.134424328804016,1.026136616865794,1.0504564841588335,1.040660381317139,1.1602588494618733,6.8,7.277362159464101,18,13,1,1,1,0.5460745478842544,0.0391805319157788,0.5847049296288673,0.6018404775946092,0.5110192653552833,0.5099281780477128,0.5228798887947993,0.5323692162443879,0.0276247054792164,0.5539518473999911,0.5742674696524817,0.501563821411294,0.5085638080086131,0.5234991347495598,0.5309787174583273,0.0267929539745396,0.564050804066443,0.5608674593418387,0.4965684132820784,0.5190031135982611,0.5144037970030151,439.3989318847656,11.35458168324245,434.0050964355469,428.9960021972656,431.0123901367187,459.9925842285156,442.9885864257813,1027.1998046875,0.399853560344858,1027.99951171875,1027.0,1026.99951171875,1027.0,1027.0,0.0009735204163007,3.788853064179421e-07,0.0009727626456879,0.0009737098589539,0.0009737098589539,0.0009737098589539,0.0009737098589539,0.0009735204163007,3.788853064179421e-07,0.0009727626456879,0.0009737098589539,0.0009737098589539,0.0009737098589539,0.0009737098589539,0.005256896559149,0.0004756297159821,0.0058365757577121,0.0048685492947697,0.0058422591537237,0.0048685492947697,0.0048685492947697,0.0048676020465791,1.8944963812828069e-06,0.0048638130538165,0.0048685492947697,0.0048685492947697,0.0048685492947697,0.0048685492947697,0.0118766080588102,0.000949166800671,0.0136186769232153,0.0116845183074474,0.0107108084484934,0.0116845183074474,0.0116845183074474,0.0097352040931582,3.7889927625656137e-06,0.0097276261076331,0.0097370985895395,0.0097370985895395,0.0097370985895395,0.0097370985895395
-550,89.0243913922991,0.6462770486786018,89.48027801513672,88.34276580810547,89.99708012172154,88.34202030726841,88.95981270926339,0.0430486686527729,0.0143764098553966,0.0401593521237373,0.044155865907669,0.0253046974539756,0.0367128141224384,0.068910613656044,0.045006804534101,0.0108144016598837,0.0483898211802755,0.047567173306431,0.0272914304597569,0.0413107377743082,0.0604748599497335,0.9549931951931546,0.0108143984505791,0.9516101820128304,0.952432828290122,0.9727085658482144,0.9586892553738184,0.9395251444407872,81.04683125813803,2.6046917570703574,83.63497416178386,81.61389923095703,81.8853047688802,82.06861877441406,76.03135935465495,-0.0736097623594105,0.0474689516271507,-0.0065107219852507,-0.059900052845478,-0.0801823586225509,-0.0672677010297775,-0.1541879773139953,-0.0529424080625176,0.0701049272689207,0.0296151281024018,0.0220703122516473,-0.1049174703657627,-0.1496391482651233,-0.0618408620357513,1.052942407131195,0.0701049268528429,0.9703848958015442,0.9779296517372132,1.1049174865086873,1.149639129638672,1.0618408719698589,84.82109146118164,9.72113782206262,83.35984293619792,76.28229904174805,102.63062286376952,75.92721303304036,85.90547943115234,-0.0811119064688682,0.0274919312332101,-0.1196251064538955,-0.0729166567325592,-0.0469120070338249,-0.1059814095497131,-0.0601243525743484,-0.091198015337189,0.0448096332365078,-0.1124093582232793,-0.0739947793384393,-0.0468730218708515,-0.0542766327659289,-0.1684362844874461,1.0911980708440143,0.0448096383127605,1.1124093929926555,1.073994795481364,1.0468730926513672,1.054276704788208,1.1684363683064778,3.2,2.6381811916545836,2,4,1,1,8,0.5637545704465529,0.0292355724520075,0.579092530057161,0.6007305192754845,0.5620185679568278,0.5121118350449423,0.5648193998983492,0.5481931703737959,0.0175247091496146,0.5593170185332342,0.5730228017807503,0.5395914749798261,0.5213400754763761,0.5476944810987927,0.5472718369362735,0.0120030789767501,0.5664412410192837,0.5547648731000036,0.5324416792400462,0.5395086915612316,0.543202699760802,439.40289306640625,11.355248807542711,434.0040283203125,428.99560546875,431.0245361328125,459.998291015625,442.9920043945313,1027.19951171875,0.399756023387845,1027.9990234375,1026.9990234375,1027.0,1026.99951171875,1027.0,0.0009735204163007,3.788853064179421e-07,0.0009727626456879,0.0009737098589539,0.0009737098589539,0.0009737098589539,0.0009737098589539,0.0009735204163007,3.788853064179421e-07,0.0009727626456879,0.0009737098589539,0.0009737098589539,0.0009737098589539,0.0009737098589539,0.0056460016407072,0.0011326724717993,0.0077821011655032,0.0048685492947697,0.0048685492947697,0.0048685492947697,0.0058422591537237,0.0048676020465791,1.8944963812828069e-06,0.0048638130538165,0.0048685492947697,0.0048685492947697,0.0048685492947697,0.0048685492947697,0.0109030876308679,0.0011317341200728,0.0126459142193198,0.0097370985895395,0.0107108084484934,0.0097370985895395,0.0116845183074474,0.0097352040931582,3.7889927625656137e-06,0.0097276261076331,0.0097370985895395,0.0097370985895395,0.0097370985895395,0.0097370985895395
-525,88.35633130754744,2.53139224223262,86.68423570905414,85.39746202741351,87.07595716203961,90.48206111363002,92.14194052559988,0.0449448324739933,0.0075189764948151,0.043403998017311,0.0420885980129241,0.0464410670101642,0.0348692648112773,0.0579212345182895,0.052878647084747,0.0060677711321854,0.055201058941228,0.0491159739238875,0.0549306151057992,0.0436246022582054,0.0615209851946149,0.9471213476998466,0.0060677772448936,0.9447989548955644,0.9508840101105828,0.9450693811689104,0.956375403063638,0.9384789892605372,81.0370610555013,2.9657890251916013,83.61649068196614,81.61425526936848,82.73254903157552,81.9536641438802,75.26834615071614,-0.0682007271796465,0.0387692469100124,-0.0080601330846548,-0.0551004074513912,-0.0882236212491989,-0.063908539712429,-0.1257109344005584,-0.041071045709153,0.0598996839194202,0.0363702100391189,0.0166890143106381,-0.0952956651647885,-0.1161105589320262,-0.0470082287987073,1.0410710573196411,0.0598996913765387,0.9636298418045044,0.9833109378814696,1.0952956676483154,1.1161106030146282,1.0470082362492878,84.8198216756185,10.149840571557723,83.72613525390625,76.08315658569336,103.76030985514323,75.94436772664388,84.58513895670573,-0.0837435282766819,0.0291097768553412,-0.1241235136985778,-0.0724692195653915,-0.0514616817235946,-0.1120905429124832,-0.0585726834833622,-0.0977862084905306,0.0404126165611378,-0.1422094851732254,-0.0452706993867953,-0.0948450521876414,-0.0622841666142145,-0.1443216390907764,1.0977862040201822,0.0404126061101873,1.1422094504038494,1.0452707211176555,1.0948450565338137,1.0622841517130537,1.1443216403325398,4.2,3.54400902933387,4,3,11,1,2,0.5595296491695209,0.0408675795943012,0.5995610084402792,0.6091197121461412,0.5534707186641892,0.4982412816956728,0.5372555249013217,0.5324811209209044,0.0305153465062233,0.5704974928276746,0.5584933668104465,0.5388226750537951,0.4943081816040357,0.5002838883085696,0.5384021234992047,0.0255988320961323,0.5746731158349143,0.5548499409977625,0.5430827889413491,0.506452237559621,0.5129525341623763,439.4002624511719,11.35398794431372,434.00592041015625,428.9974670410156,431.0160827636719,459.9934387207031,442.9884033203125,1027.2001953125,0.4001466482277349,1028.00048828125,1027.00048828125,1027.0,1027.00048828125,1026.99951171875,0.0009735204163007,3.788853064179421e-07,0.0009727626456879,0.0009737098589539,0.0009737098589539,0.0009737098589539,0.0009737098589539,0.0009735204163007,3.788853064179421e-07,0.0009727626456879,0.0009737098589539,0.0009737098589539,0.0009737098589539,0.0009737098589539,0.0056465699337422,0.0009548119159326,0.0048638130538165,0.0048685492947697,0.0068159690126776,0.0048685492947697,0.0068159690126776,0.0048676020465791,1.8944963812828069e-06,0.0048638130538165,0.0048685492947697,0.0048685492947697,0.0048685492947697,0.0048685492947697,0.0116820555180311,0.0010644065219479,0.0126459142193198,0.0097370985895395,0.0116845183074474,0.0116845183074474,0.0126582281664013,0.0097352040931582,3.7889927625656137e-06,0.0097276261076331,0.0097370985895395,0.0097370985895395,0.0097370985895395,0.0097370985895395
-500,88.71789005824499,1.0499383908954536,90.32709285191127,88.55676596505302,89.02883584158761,87.04699053083148,88.62976510184151,0.0469492431730032,0.0108313438310869,0.0450551062822341,0.0458464249968528,0.0283191259950399,0.0584107339382171,0.0571148246526718,0.0529323303872453,0.0074372961368099,0.0629115583641188,0.0535696563976151,0.0407400205066161,0.05737272596785,0.0500676907000264,0.9470676626477924,0.0074372993353368,0.937088429927826,0.9464303510529656,0.959259978362492,0.9426272596631732,0.9499322942325048,80.93258031209311,2.903000446496214,83.65412902832031,81.53646087646484,81.91823323567708,82.24844614664714,75.30563227335612,-0.065497593767941,0.0351479763841148,-0.0059285210445523,-0.0591542534530162,-0.082485482096672,-0.0664779916405677,-0.1134417206048965,-0.0414972729980945,0.0697520786267287,0.0376829616725444,0.0376874506473541,-0.1071832254528999,-0.1276970878243446,-0.0479764640331268,1.041497278213501,0.0697520942763538,0.9623170296351116,0.9623125394185384,1.1071832577387493,1.1276971101760864,1.0479764540990193,84.74219538370768,9.7287924461884,83.91640218098958,76.2185796101888,102.74354044596356,76.03235753377278,84.8000971476237,-0.0902300842106342,0.032070825351203,-0.1307394057512283,-0.0776621475815773,-0.0475784949958324,-0.1241970062255859,-0.0709733664989471,-0.0933264686415592,0.0529904508362898,-0.1430335541566213,-0.0384332599739233,-0.0715895903607209,-0.0446551889181137,-0.1689207497984171,1.093326465288798,0.0529904337641533,1.143033544222514,1.038433273633321,1.0715895891189575,1.044655203819275,1.1689207156499226,4.2,3.124099870362662,8,8,1,2,2,0.5660920751827747,0.0344668169162879,0.5756402710681217,0.6272921563245304,0.5282834162860263,0.5415233323475052,0.5577211998876903,0.5459070159538084,0.0265077631952176,0.5552968328220568,0.5935333284336249,0.5214170866647261,0.5258929317133668,0.5333949001352678,0.5501705335052405,0.0215216941370899,0.5694483446247083,0.5811023564119803,0.5268400174740354,0.5431320858324821,0.530329863182996,439.4039794921875,11.360013486582808,434.0042419433594,428.99029541015625,431.0208435058594,460.0061950683594,442.9983215332031,1027.19990234375,0.4000488728230248,1028.0,1027.0,1026.99951171875,1027.0,1027.0,0.0009735204163007,3.788853064179421e-07,0.0009727626456879,0.0009737098589539,0.0009737098589539,0.0009737098589539,0.0009737098589539,0.0009735204163007,3.788853064179421e-07,0.0009727626456879,0.0009737098589539,0.0009737098589539,0.0009737098589539,0.0009737098589539,0.0058411224745213,0.000615832382981,0.0058365757577121,0.0048685492947697,0.0058422591537237,0.0068159690126776,0.0058422591537237,0.0048676020465791,1.8944963812828069e-06,0.0048638130538165,0.0048685492947697,0.0048685492947697,0.0048685492947697,0.0048685492947697,0.0107087245211005,0.000615842290512,0.0107003888115286,0.0097370985895395,0.0107108084484934,0.0116845183074474,0.0107108084484934,0.0097352040931582,3.7889927625656137e-06,0.0097276261076331,0.0097370985895395,0.0097370985895395,0.0097370985895395,0.0097370985895395
-475,89.79721069335938,1.450366096069977,89.95716421944755,88.2603018624442,88.46703556605748,89.98963601248605,92.3119158063616,0.0488668944686651,0.0163031174834024,0.0440308190882205,0.0446063801646232,0.0231377873569726,0.0693633332848548,0.0631961524486541,0.0466610386169382,0.0126525170276939,0.0434387375467589,0.0399629191628524,0.0308687343661274,0.0686062382800238,0.0504285637289285,0.953338953426906,0.0126525080867722,0.9565612418310984,0.9600370696612768,0.969131248337882,0.931393768106188,0.9495714391980852,81.17762502034505,2.918567615087393,83.53697204589844,81.72621663411458,81.88791402180989,83.22029113769531,75.51673126220703,-0.0692237112671136,0.0402377696460718,-0.0097735431045293,-0.0562544278800487,-0.0805388838052749,-0.0651495158672332,-0.134402185678482,-0.0431905498728156,0.0697097024338579,0.0523188539470235,0.0179965669910113,-0.1041787378489971,-0.130615551645557,-0.0514738808075586,1.043190558751424,0.0697096947307602,0.9476811687151592,0.9820034503936768,1.104178746541341,1.1306155522664387,1.051473875840505,84.98657531738282,9.597995551716858,84.00960540771484,76.2511380513509,102.7428232828776,76.73918279012044,85.19012705485027,-0.0927771009504795,0.0379603423632653,-0.1232818663120269,-0.0771145522594451,-0.047077041119337,-0.1498262286186218,-0.0665858164429664,-0.0974485864241917,0.0496274392510591,-0.1410817876458168,-0.0400004535913467,-0.0746557936072349,-0.0613433718681335,-0.1701615254084269,1.0974486033121744,0.0496274193585845,1.1410818099975586,1.0400004585584004,1.0746558507283528,1.0613434116045637,1.170161485671997,8.2,5.706137047074843,12,17,1,7,4,0.5788742096180213,0.028109789547015,0.5862998708736181,0.6287894261502058,0.5456028642727104,0.5687731494581001,0.5649057373354721,0.5555618203503834,0.0240595255343869,0.5591327629652704,0.5987530815458211,0.5263962362757192,0.5490673510163918,0.5444596699487139,0.5550920384140741,0.020019362255988,0.5706908584742972,0.5811436039594995,0.5250347306842122,0.5567528983443835,0.5418381006079781,439.4054870605469,11.358296073142045,434.00634765625,429.0036010742187,431.0146789550781,460.006591796875,442.9962158203125,1027.19931640625,0.399853560344858,1027.9990234375,1026.99951171875,1026.99951171875,1026.9990234375,1026.99951171875,0.0013628149172291,0.0004765548010965,0.0019455252913758,0.0009737098589539,0.0019474197179079,0.0009737098589539,0.0009737098589539,0.0009735204163007,3.788853064179421e-07,0.0009727626456879,0.0009737098589539,0.0009737098589539,0.0009737098589539,0.0009737098589539,0.005256896559149,0.0004756297159821,0.0058365757577121,0.0048685492947697,0.0058422591537237,0.0048685492947697,0.0048685492947697,0.0048676020465791,1.8944963812828069e-06,0.0048638130538165,0.0048685492947697,0.0048685492947697,0.0048685492947697,0.0048685492947697,0.0110982084646821,0.0007800202899689,0.0107003888115286,0.0116845183074474,0.0116845183074474,0.0097370985895395,0.0116845183074474,0.0097352040931582,3.7889927625656137e-06,0.0097276261076331,0.0097370985895395,0.0097370985895395,0.0097370985895395,0.0097370985895395
-450,87.2612768990653,1.2869222411280934,86.95548793247768,85.31353432791573,86.67636435372489,88.57295554024833,88.78804234095982,0.0453516528010368,0.0088106819257318,0.0425094105303287,0.0453762412071228,0.0401055999100208,0.06203318759799,0.0367338247597217,0.0505806167210851,0.0092371324108487,0.0442122657384191,0.0668808046196188,0.0476550523723874,0.0536830917532954,0.0404718691217047,0.9494193843432835,0.0092371375699378,0.9557877268110004,0.9331191948481968,0.9523449625287738,0.9463168893541608,0.959528148174286,80.99820378621419,3.043208390158063,83.82763926188152,81.49037424723308,82.10591888427734,82.45921834309895,75.10786819458008,-0.0621831762604415,0.0337454632858229,-0.0036864294670522,-0.0572815313935279,-0.0804749131202697,-0.0635705739259719,-0.1059024333953857,-0.0462074610715111,0.0688171007576342,0.0182976955547928,0.0425237516562143,-0.1086361582080523,-0.1341816186904907,-0.0490409756700197,1.0462074518203734,0.0688171048244315,0.9817022879918416,0.9574762582778932,1.1086361805597942,1.1341816186904907,1.049040913581848,84.63254038492838,9.694586800385578,83.74186706542969,76.22414779663086,102.70743306477864,76.1690050760905,84.32024892171223,-0.0906714111566543,0.0336564632782233,-0.1256860792636871,-0.076659582555294,-0.0454906076192855,-0.1336459666490554,-0.0718748196959495,-0.0819613985717296,0.05049946168459,-0.1231516028443972,-0.0340635254979133,-0.0415744570394357,-0.0506448596715927,-0.1603725478053093,1.0819613854090373,0.0504994452934267,1.1231515407562256,1.0340635776519775,1.0415743986765544,1.050644874572754,1.160372535387675,9.0,11.260550608207398,8,31,2,3,1,0.5514637187504001,0.0478695475753842,0.5829037537043653,0.6264498386404573,0.4910087107946547,0.5202747072694908,0.5366815833430322,0.5432997192555477,0.0298905310051256,0.5602215970684433,0.5928249380906935,0.5112872511876619,0.5186509840066563,0.5335138259242834,0.5465659281529668,0.0237841626163756,0.5733285106412125,0.5766693501201117,0.5184262989515477,0.5330799725447507,0.5313255085072112,439.40183715820314,11.356747264221648,433.9951477050781,428.99847412109375,431.02349853515625,460.0013427734375,442.99072265625,1027.2001953125,0.3996583671779214,1027.99951171875,1027.0,1027.0009765625,1027.00048828125,1027.0,0.0009735204163007,3.788853064179421e-07,0.0009727626456879,0.0009737098589539,0.0009737098589539,0.0009737098589539,0.0009737098589539,0.0009735204163007,3.788853064179421e-07,0.0009727626456879,0.0009737098589539,0.0009737098589539,0.0009737098589539,0.0009737098589539,0.0052570859901607,0.0004777950172406,0.0048638130538165,0.0048685492947697,0.0048685492947697,0.0058422591537237,0.0058422591537237,0.0048676020465791,1.8944963812828069e-06,0.0048638130538165,0.0048685492947697,0.0048685492947697,0.0048685492947697,0.0048685492947697,0.0118767974898219,0.0016740954651052,0.0126459142193198,0.0097370985895395,0.0116845183074474,0.0107108084484934,0.0146056478843092,0.0097352040931582,3.7889927625656137e-06,0.0097276261076331,0.0097370985895395,0.0097370985895395,0.0097370985895395,0.0097370985895395
-425,89.24286891392299,2.080348698436627,90.96427699497768,91.13958631243024,86.30896650041852,87.1348855154855,90.66662924630302,0.0507877513766288,0.0168784287089568,0.0440442077815532,0.0448009856045246,0.0257161185145378,0.0696185752749443,0.0697588697075843,0.0491482347649123,0.0164973061202203,0.0365314861493451,0.0527571998536586,0.024842012074909,0.0704363611127649,0.0611741146338837,0.9508517691067286,0.0164972977528807,0.963468509060996,0.9472428049360004,0.975157984665462,0.9295636670930044,0.9388258797781808,81.28057708740235,2.7753184219147435,83.51413218180339,81.66712443033855,81.86128743489583,83.41607411702473,75.94426727294922,-0.0710140480659902,0.048938926810159,-0.0068341228179633,-0.0514651499688625,-0.0884891673922538,-0.0542725026607513,-0.1540092974901199,-0.042347701638937,0.0691090382805944,0.051234936962525,0.0190018440286318,-0.0938413813710212,-0.135039247572422,-0.0530946602423985,1.042347713311513,0.0691090213347578,0.9487650990486144,0.980998158454895,1.0938413937886555,1.135039210319519,1.053094704945882,85.1508389790853,9.573413647150431,83.96420288085938,76.2555643717448,102.73610941569012,76.9088757832845,85.88944244384766,-0.0941619828343391,0.0443158675501552,-0.1272744536399841,-0.0816545486450195,-0.0391608960926532,-0.1611091047525406,-0.0616109110414981,-0.0960511231174071,0.0494910864827988,-0.1435263852278391,-0.0388872275749842,-0.0706321901331345,-0.0613419463237126,-0.1658678663273652,1.0960511406262714,0.0494911037016924,1.1435263951619463,1.0388872226079304,1.0706322193145752,1.061341941356659,1.1658679246902466,9.0,5.019960159204453,6,13,1,15,10,0.5765632198157176,0.0272781406151801,0.5965838148311116,0.6120418336287858,0.5340713915238843,0.5793001212071793,0.5608189378876266,0.5522725295693813,0.0219870894135174,0.5578252991849214,0.585568535143728,0.5200028563748179,0.5593446668309637,0.5386212903124754,0.5494021532909793,0.0216896393599603,0.5656927576001985,0.5693785412381033,0.5129383872083896,0.5628821846612868,0.5361188957469181,439.40240478515625,11.36468893339572,434.0048522949219,428.99273681640625,431.0047912597656,460.0144958496094,442.9951477050781,1027.1994140625,0.3995607109680175,1027.99853515625,1026.99951171875,1027.0,1027.0,1026.9990234375,0.0009735204163007,3.788853064179421e-07,0.0009727626456879,0.0009737098589539,0.0009737098589539,0.0009737098589539,0.0009737098589539,0.0009735204163007,3.788853064179421e-07,0.0009727626456879,0.0009737098589539,0.0009737098589539,0.0009737098589539,0.0009737098589539,0.0050623440183699,0.0003899618819644,0.0048638130538165,0.0048685492947697,0.0048685492947697,0.0048685492947697,0.0058422591537237,0.0048676020465791,1.8944963812828069e-06,0.0048638130538165,0.0048685492947697,0.0048685492947697,0.0048685492947697,0.0048685492947697,0.0114871241152286,0.0012873773077432,0.0136186769232153,0.0097370985895395,0.0116845183074474,0.0107108084484934,0.0116845183074474,0.0097352040931582,3.7889927625656137e-06,0.0097276261076331,0.0097370985895395,0.0097370985895395,0.0097370985895395,0.0097370985895395
-400,88.74417746407646,1.8453438493127328,87.15017700195312,90.85536520821708,86.53953661237445,88.21963391985211,90.9561745779855,0.0473061062395572,0.0117340066623399,0.0432541258633136,0.0442695878446102,0.0448783338069915,0.0695516914129257,0.0345767922699451,0.04854170529704,0.0119728905650903,0.0317281835845538,0.0479727700751807,0.0535087558840002,0.0676333052771432,0.0418655116643224,0.951458295754024,0.0119728865856658,0.9682718089648656,0.9520272186824252,0.946491266999926,0.9323666947228568,0.9581344894000462,81.2698875427246,3.1769457095799503,83.77277374267578,81.65885416666667,82.50426483154297,83.33064270019531,75.08290227254231,-0.0664205502718687,0.0337889544174995,-0.0111959371715784,-0.0623467415571212,-0.0893835350871086,-0.0576190017163753,-0.1115575358271598,-0.0435263605167468,0.0568364606866719,0.0099424806733926,0.0218180964390436,-0.081055212765932,-0.1305965166538953,-0.037740650276343,1.0435263474782306,0.056836475045251,0.9900574684143066,0.9781818787256876,1.081055204073588,1.1305965185165403,1.037740667661031,84.9189214070638,9.900535090244665,83.63348134358723,76.24910227457683,103.5525639851888,76.81044260660808,84.34901682535808,-0.0922653086483478,0.040670041637111,-0.1207284182310104,-0.0690235048532486,-0.0463765896856784,-0.1572489738464355,-0.0679490566253662,-0.0952101368457079,0.0451817111875718,-0.1160578181346257,-0.0471599176526069,-0.0881902544448773,-0.0538892497618993,-0.1707534442345301,1.0952101469039917,0.0451817168507423,1.1160577932993572,1.0471599102020264,1.0881902774175007,1.053889274597168,1.1707534790039062,8.8,4.995998398718719,5,13,11,14,1,0.5695310314131661,0.0362893090679975,0.5882440724044148,0.6201601290527025,0.533471972489128,0.583030401502587,0.522748581616998,0.5493267838672682,0.0259691349482362,0.5492829119324661,0.5884600757471465,0.5276690347442942,0.5653048112645889,0.5159170856478457,0.5516504001666194,0.01912100453699,0.561197764762603,0.5696837973042957,0.5396713825802065,0.567792214000288,0.5199068421857036,439.40593872070315,11.363692548149563,434.0119018554687,428.98681640625,431.0201721191406,460.0171203613281,442.9936828613281,1027.19990234375,0.4002932665549942,1028.00048828125,1027.00048828125,1027.0,1026.9990234375,1026.99951171875,0.0011682623880915,0.0003895788376357,0.0009727626456879,0.0009737098589539,0.0019474197179079,0.0009737098589539,0.0009737098589539,0.0009735204163007,3.788853064179421e-07,0.0009727626456879,0.0009737098589539,0.0009737098589539,0.0009737098589539,0.0009737098589539,0.0058411224745213,0.000615832382981,0.0058365757577121,0.0058422591537237,0.0068159690126776,0.0048685492947697,0.0058422591537237,0.0048676020465791,1.8944963812828069e-06,0.0048638130538165,0.0048685492947697,0.0048685492947697,0.0048685492947697,0.0048685492947697,0.0112929504364728,0.0007805403955096,0.0107003888115286,0.0107108084484934,0.0116845183074474,0.0107108084484934,0.0126582281664013,0.0097352040931582,3.7889927625656137e-06,0.0097276261076331,0.0097370985895395,0.0097370985895395,0.0097370985895395,0.0097370985895395
-375,89.09662301199776,2.3567608063390773,90.15648106166294,86.83813367571149,86.28568158830915,89.42692347935268,92.77589525495256,0.0433020368218421,0.0150606117487409,0.0417953804135322,0.0434292256832122,0.0229216553270816,0.0386945717036724,0.0696693509817123,0.0433409646951726,0.0144678306359213,0.0392852315147008,0.0380006554935659,0.025512061614011,0.0444403616711497,0.0694665131824357,0.956659037726266,0.0144678425021487,0.9607147744723727,0.9619993652616228,0.9744879518236432,0.955559628350394,0.9305334687232972,81.06125259399414,2.5295008142595052,83.60188293457031,81.61597442626953,81.90451304117839,81.98693593343098,76.19695663452148,-0.073235947539797,0.0497328015700411,-0.0004586684226524,-0.0582597032189369,-0.0871518924832344,-0.0658473446965217,-0.1544621288776397,-0.0484672623996933,0.0666464905313557,0.0446259463205933,0.0120426292220751,-0.1127220913767814,-0.122812437514464,-0.0634703586498896,1.0484672665596009,0.0666464954769046,0.9553740620613098,0.9879573583602904,1.1127220789591472,1.1228124698003132,1.0634703636169434,84.89781392415367,9.778345346130006,83.74885813395183,76.07556788126628,102.68186950683594,75.88574854532878,86.09702555338542,-0.0828262634575367,0.033171865318175,-0.1284954249858856,-0.0713712200522422,-0.039955511689186,-0.1137026771903038,-0.0606064833700656,-0.086444479227066,0.0492763077632589,-0.1225164458155632,-0.0433307153483231,-0.0605683165291945,-0.0405760283271471,-0.1652308901151021,1.0864445209503173,0.049276310074476,1.1225164731343586,1.0433307687441509,1.0605683326721191,1.0405760804812114,1.1652309497197468,7.4,9.00222194794152,6,4,1,1,25,0.570453483460157,0.0298936706032647,0.5919465959985097,0.615173529838875,0.5566678226069892,0.529374413136645,0.5591050557197659,0.5474328995404594,0.0193142792984024,0.5597770193593451,0.5770467473809167,0.5371239853611222,0.5209138732465816,0.5423028723543319,0.553651064362099,0.0142053288414189,0.573497545356941,0.5677952608818195,0.5382609316777248,0.5459584947125327,0.5427430891814766,439.4042602539063,11.353367407678006,434.0125427246094,428.9962158203125,431.0212097167969,459.99322509765625,442.99810791015625,1027.20048828125,0.3997559041057826,1028.0,1027.00048828125,1027.0009765625,1027.00048828125,1027.00048828125,0.0009735204163007,3.788853064179421e-07,0.0009727626456879,0.0009737098589539,0.0009737098589539,0.0009737098589539,0.0009737098589539,0.0009735204163007,3.788853064179421e-07,0.0009727626456879,0.0009737098589539,0.0009737098589539,0.0009737098589539,0.0009737098589539,0.005841311905533,0.0010675117546096,0.0048638130538165,0.0077896788716316,0.0058422591537237,0.0048685492947697,0.0058422591537237,0.0048676020465791,1.8944963812828069e-06,0.0048638130538165,0.0048685492947697,0.0048685492947697,0.0048685492947697,0.0048685492947697,0.0112927610054612,0.0009921114475912,0.0116731515154242,0.0126582281664013,0.0107108084484934,0.0097370985895395,0.0116845183074474,0.0097352040931582,3.7889927625656137e-06,0.0097276261076331,0.0097370985895395,0.0097370985895395,0.0097370985895395,0.0097370985895395
-350,87.23983524867467,2.047044941107245,84.42562648228237,90.1167700631278,85.9772698538644,86.734865461077,88.94464438302177,0.0461649470031261,0.0148424895797616,0.0441455692052841,0.0452437400817871,0.0203035846352577,0.058017898350954,0.0631139427423477,0.0581548902605261,0.0180192678516184,0.0524763645870344,0.0686123727687767,0.0259247411574636,0.0776380460177149,0.0661229267716407,0.941845110484532,0.0180192729911576,0.9475236279623848,0.9313876117978778,0.9740752748080662,0.9223619614328656,0.9338770764214652,80.96076736450196,2.8836543650467,83.60770416259766,81.57063293457031,81.87999216715495,82.38234965006511,75.36315790812175,-0.0711620019748806,0.0385593316192246,-0.0122636826708912,-0.0581708438694477,-0.0811850950121879,-0.0722443908452987,-0.1319459974765777,-0.0388455711305141,0.0692102601641334,0.0425337813794612,0.0312032488485177,-0.0996830289562543,-0.1321842906375726,-0.0360975662867228,1.0388455708821611,0.0692102705454211,0.9574662248293558,0.968796730041504,1.0996830463409424,1.1321843067804973,1.0360975464185078,84.80194447835285,9.703907545882316,83.89159393310547,76.24826176961263,102.72306315104169,76.10645421346028,85.04034932454427,-0.0856556043028831,0.0301802591348837,-0.1220125406980514,-0.0766724571585655,-0.0422528833150863,-0.1175390556454658,-0.0698010846972465,-0.0904847534994284,0.048420242982549,-0.1244009137153625,-0.0419338680803775,-0.0672115286191304,-0.0504685839017232,-0.1684088731805483,1.0904847701390583,0.0484202345431724,1.1244009335835774,1.0419338941574097,1.0672115484873457,1.0504686037699382,1.1684088706970217,5.2,4.166533331199932,8,12,1,2,3,0.5629436422884023,0.0429980664591504,0.5769890848531511,0.6225775168045865,0.5335568059755228,0.4980996439146301,0.5834951598941212,0.5432215092786896,0.0298419562456224,0.5500110319072741,0.5947300311777881,0.5326529321283455,0.5035021159274911,0.5352114352525493,0.5499853467462005,0.0192866423118247,0.5626191601068029,0.5774182525267465,0.5448095639774423,0.5200455228145892,0.5450342343054215,439.4014953613281,11.353066745387968,434.0048522949219,429.0038146972656,431.0132141113281,459.99169921875,442.993896484375,1027.1998046875,0.400341960647797,1028.00048828125,1027.0,1027.0,1026.9990234375,1026.99951171875,0.0011682623880915,0.0003895788376357,0.0009727626456879,0.0009737098589539,0.0019474197179079,0.0009737098589539,0.0009737098589539,0.0009735204163007,3.788853064179421e-07,0.0009727626456879,0.0009737098589539,0.0009737098589539,0.0009737098589539,0.0009737098589539,0.0050623440183699,0.0003899618819644,0.0048638130538165,0.0048685492947697,0.0058422591537237,0.0048685492947697,0.0048685492947697,0.0048676020465791,1.8944963812828069e-06,0.0048638130538165,0.0048685492947697,0.0048685492947697,0.0048685492947697,0.0048685492947697,0.0110982084646821,0.0013214252608725,0.0107003888115286,0.0097370985895395,0.0126582281664013,0.0097370985895395,0.0126582281664013,0.0097352040931582,3.7889927625656137e-06,0.0097276261076331,0.0097370985895395,0.0097370985895395,0.0097370985895395,0.0097370985895395
-325,89.78151986258369,3.2943003673069113,95.537962777274,85.37399727957589,89.68136705671039,89.83146667480469,88.48280552455357,0.0385022491216659,0.0163814424524494,0.030989745631814,0.0460313558578491,0.0185956750065088,0.0306349359452724,0.0662595331668853,0.0378802447513278,0.0144854424150963,0.0252201727458408,0.0505681449015225,0.0176324408301817,0.0404575471101062,0.0555229181689875,0.96211975642613,0.0144854415895034,0.9747798272541592,0.949431870664869,0.9823675581387112,0.959542453289032,0.9444770727838788,80.93794657389323,2.793596454806869,83.72305297851562,81.57474772135417,81.8364486694336,81.99630482991536,75.55917867024739,-0.0715658919885754,0.0406710125301424,-0.0122887166216969,-0.0581701956689357,-0.0758959129452705,-0.0723958536982536,-0.1390787810087204,-0.043023170158267,0.0610421240994348,0.010800074165066,0.0378034934401512,-0.0966294258832931,-0.1225523414711157,-0.0445376510421435,1.043023165067037,0.0610421174783989,0.989199916521708,0.9621965090433756,1.0966294209162395,1.1225523153940835,1.0445376634597778,84.67019526163736,9.720537744636331,83.01841481526692,76.4426663716634,102.67440795898438,75.87144978841145,85.34403737386067,-0.0819825626909732,0.02495543576778,-0.1168836280703544,-0.0785060748457908,-0.0450065322220325,-0.1005864664912223,-0.0689301118254661,-0.0858298225638767,0.0481095792808641,-0.1059684256712595,-0.0542958793230354,-0.0601725752154986,-0.0379183118542035,-0.1707939207553863,1.0858298142751055,0.0481096034646129,1.1059683958689372,1.0542958577473958,1.0601725578308103,1.0379182895024617,1.1707939704259236,6.2,8.541662601625049,1,23,1,1,5,0.5622476348483337,0.0352014125467658,0.5585854503111407,0.6266819850974756,0.519431412105437,0.5490232963930193,0.5575160303345957,0.5426254127458952,0.0293927490809376,0.5335914551668723,0.598855925062543,0.512139875623806,0.5323740453929183,0.5361657624833356,0.5411926617164037,0.0250113780971953,0.5513082499752742,0.5819522252735034,0.5062027381668613,0.5358685429407357,0.5306315522256437,439.4014831542969,11.352646927292822,434.00592041015625,428.9933471679687,431.02349853515625,459.989501953125,442.9951477050781,1027.200390625,0.400049111212406,1028.00048828125,1027.0009765625,1026.99951171875,1027.00048828125,1027.00048828125,0.0009735204163007,3.788853064179421e-07,0.0009727626456879,0.0009737098589539,0.0009737098589539,0.0009737098589539,0.0009737098589539,0.0009735204163007,3.788853064179421e-07,0.0009727626456879,0.0009737098589539,0.0009737098589539,0.0009737098589539,0.0009737098589539,0.0048676020465791,1.8944963812828069e-06,0.0048638130538165,0.0048685492947697,0.0048685492947697,0.0048685492947697,0.0048685492947697,0.0048676020465791,1.8944963812828069e-06,0.0048638130538165,0.0048685492947697,0.0048685492947697,0.0048685492947697,0.0048685492947697,0.0114873135462403,0.0015560953816036,0.0126459142193198,0.0097370985895395,0.0116845183074474,0.0097370985895395,0.0136319380253553,0.0097352040931582,3.7889927625656137e-06,0.0097276261076331,0.0097370985895395,0.0097370985895395,0.0097370985895395,0.0097370985895395
-300,89.18118177141463,2.3494148650188262,93.25574384416852,86.39410727364677,89.36407034737724,89.47421046665737,87.41777692522321,0.044895039498806,0.0083386882716927,0.04428656026721,0.0460872761905193,0.0409867689013481,0.0593063384294509,0.0338082537055015,0.0460417709845517,0.0065224679685895,0.0506114241267953,0.0470912251621484,0.0367429996840655,0.0548634632889713,0.0408997426607779,0.9539582354681834,0.006522472630999,0.9493885721479144,0.952908788408552,0.9632570147514344,0.9451365385736736,0.959100263459342,80.93930206298828,3.0089574635446024,83.74237569173177,81.6272201538086,82.11747233072917,82.11542256673177,75.09401957194011,-0.0656372318044304,0.0310496104164006,-0.0103283235803246,-0.0616553910076618,-0.0877714902162551,-0.0674042701721191,-0.1010266840457916,-0.0408427738895018,0.0618394303206209,0.0303232359389464,0.027632538229227,-0.1037370935082435,-0.114332936083277,-0.0440996140241622,1.0408427755037946,0.0618394634864788,0.9696767528851828,0.9723674058914183,1.1037371158599854,1.1143329938252766,1.0440996090571086,84.7199577331543,9.781198240793652,84.09090932210286,76.26170984903972,102.89559682210286,76.00633239746094,84.34524027506511,-0.0876364670693874,0.0317356739555575,-0.1236867010593414,-0.0750550925731659,-0.0421837158501148,-0.1238301619887352,-0.0734266638755798,-0.0899564784020185,0.0474780543592386,-0.1294386511047681,-0.0452724682788054,-0.0662205715974171,-0.0464027871688207,-0.1624479138602813,1.089956486225128,0.0474780299779239,1.1294386386871338,1.0452725092569988,1.0662205616633098,1.0464028318723042,1.1624478896458943,5.0,4.516635916254486,13,7,2,2,1,0.5709674726810379,0.0449223963737175,0.6120219460506026,0.6273301785065187,0.5217207139981037,0.5755392523334932,0.5182252725164711,0.5509587902293178,0.0351351485095681,0.5768280636819405,0.5975187422412566,0.5242716848288306,0.5561677274817501,0.5000077329128112,0.5520792418311496,0.0326366796569887,0.5971470312237328,0.5788469070548681,0.5195597162076758,0.5517572550684962,0.5130852996009759,439.40366821289064,11.35798841184547,434.007568359375,428.9945983886719,431.0152587890625,460.0011291503906,442.9997863769531,1027.19951171875,0.3995117784274888,1027.99853515625,1027.0,1026.99951171875,1027.0,1026.99951171875,0.0009735204163007,3.788853064179421e-07,0.0009727626456879,0.0009737098589539,0.0009737098589539,0.0009737098589539,0.0009737098589539,0.0009735204163007,3.788853064179421e-07,0.0009727626456879,0.0009737098589539,0.0009737098589539,0.0009737098589539,0.0009737098589539,0.0052570859901607,0.0004777950172406,0.0048638130538165,0.0048685492947697,0.0058422591537237,0.0048685492947697,0.0058422591537237,0.0048676020465791,1.8944963812828069e-06,0.0048638130538165,0.0048685492947697,0.0048685492947697,0.0048685492947697,0.0048685492947697,0.0109036559239029,0.0014326064125056,0.0097276261076331,0.0107108084484934,0.0107108084484934,0.0097370985895395,0.0136319380253553,0.0097352040931582,3.7889927625656137e-06,0.0097276261076331,0.0097370985895395,0.0097370985895395,0.0097370985895395,0.0097370985895395
-275,89.39753396170481,2.352244442142618,91.71140725272042,85.99642399379185,87.13323102678571,91.08412715366909,91.06248038155692,0.0455494511872529,0.0131887004353371,0.0437923297286033,0.0453223772346973,0.0221987161785364,0.0586550273001194,0.0577788054943084,0.0464952663052827,0.0185355264131923,0.0440267385648829,0.0617428555020264,0.0114155980824892,0.0575984641909599,0.057692675186055,0.9535047377858844,0.0185355232992738,0.9559732675552368,0.9382571492876324,0.9885843992233276,0.942401545388358,0.9423073274748666,80.93978983561199,2.9252952353128676,83.6896260579427,81.60462443033855,81.91091410319011,82.22701263427734,75.2667719523112,-0.0669531701132655,0.0345026101299364,-0.0108996843919157,-0.0580963194370269,-0.0824174284934997,-0.0664758831262588,-0.1168765351176261,-0.0441032273073991,0.0648616733945436,0.0313747736314932,0.0272541816035906,-0.1110164721806844,-0.1199475675821304,-0.0481810520092646,1.0441032330195108,0.0648616612339594,0.9686252474784852,0.9727458357810974,1.1110164721806843,1.1199475526809692,1.0481810569763184,84.73334757486978,9.737542956741944,84.13049062093098,76.14997863769531,102.72001393636069,75.98473612467448,84.6815185546875,-0.0869796983897686,0.0322642844851214,-0.1225981190800666,-0.0777740180492401,-0.0408953242003917,-0.1245125159621238,-0.0691185146570205,-0.0900329682976007,0.0594362251130632,-0.1618122160434723,-0.0300320635239283,-0.0651775486767292,-0.032510370016098,-0.1606326432277759,1.090032994747162,0.0594362246860367,1.1618122259775798,1.0300321181615193,1.0651775598526,1.0325103799502056,1.1606326897939043,7.8,7.547184905645283,16,18,1,2,2,0.5699156189682463,0.0383270933051288,0.5896834001143071,0.6325178004327707,0.5198592200156803,0.5556700980195945,0.5518475762588789,0.5517090517823474,0.0288797932943087,0.5673511068945477,0.5985013553259199,0.5206153498447623,0.5478302895324705,0.5242471573140369,0.5604839701906622,0.0245849080250138,0.5878496326305707,0.5850279291500727,0.5312806236445106,0.5658667253675117,0.5323949401606454,439.4038330078125,11.361185888157804,434.012939453125,428.9964294433594,431.00787353515625,460.0107727050781,442.99114990234375,1027.2,0.399512017137355,1027.9990234375,1027.0,1027.0009765625,1027.00048828125,1026.99951171875,0.0011680729454383,0.0003887261729687,0.0019455252913758,0.0009737098589539,0.0009737098589539,0.0009737098589539,0.0009737098589539,0.0009735204163007,3.788853064179421e-07,0.0009727626456879,0.0009737098589539,0.0009737098589539,0.0009737098589539,0.0009737098589539,0.0050621545873582,0.0003872105851769,0.0058365757577121,0.0048685492947697,0.0048685492947697,0.0048685492947697,0.0048685492947697,0.0048676020465791,1.8944963812828069e-06,0.0048638130538165,0.0048685492947697,0.0048685492947697,0.0048685492947697,0.0048685492947697,0.0126561444252729,0.0048888170322912,0.0107003888115286,0.0097370985895395,0.0107108084484934,0.0097370985895395,0.0223953276872634,0.0097352040931582,3.7889927625656137e-06,0.0097276261076331,0.0097370985895395,0.0097370985895395,0.0097370985895395,0.0097370985895395
-250,88.30230364118304,2.2843422406979172,87.78890010288784,85.28352355957031,88.3736103602818,87.71751403808594,92.34797014508928,0.0368692975491285,0.0087334755837228,0.0439547896385192,0.0461666323244571,0.0212533194571733,0.0370199829339981,0.0359517633914947,0.0391872518097183,0.0138647612980992,0.0464745728032929,0.049859950285671,0.0125320263739143,0.038747259216117,0.0483224503695964,0.9608127508844648,0.0138647637658949,0.9535254325185504,0.9501400334494454,0.9874679786818368,0.961252748966217,0.9516775608062744,80.83037465413412,2.944867839792009,83.58633677164714,81.66566721598308,81.86034393310547,81.9351323445638,75.1043930053711,-0.0666352190077304,0.0323545929873334,-0.010404847562313,-0.0576212145388126,-0.08435670286417,-0.0738478302955627,-0.1069454997777938,-0.0393983045903345,0.064421479192836,0.042080299463123,0.0263341230650742,-0.1049452275037765,-0.1130952909588813,-0.0473654270172119,1.0393983046213786,0.0644214851547376,0.9579196770985922,0.9736658732096354,1.104945182800293,1.1130953232447307,1.0473654667536418,84.63361333211263,9.719044293335036,83.824951171875,76.35431162516277,102.72356414794922,75.92939885457356,84.33584086100261,-0.0854248575866222,0.0281990076777774,-0.122720755636692,-0.0798831954598426,-0.0431875698268413,-0.1095778942108154,-0.0717548727989196,-0.095229632469515,0.0438049087330174,-0.127093993127346,-0.0499386827771862,-0.0742879162232081,-0.0599800323446591,-0.1648475378751754,1.0952296296755475,0.0438049003311227,1.1270939509073894,1.0499386588732402,1.074287970860799,1.059980034828186,1.1648475329081218,6.4,7.472616676907761,20,9,1,1,1,0.5581534682730445,0.0458264309998285,0.5976759043134843,0.6268308590626427,0.5359124903234325,0.5192100681200014,0.511138019545661,0.5420931528794484,0.0328124777181505,0.567136153100174,0.5917139338738729,0.5311284519140013,0.5017316028897655,0.5187556226194281,0.5430559666948411,0.0298344403075841,0.5803914805426961,0.578269828200311,0.5242649085054361,0.5131411610732566,0.5192124551525066,439.4029907226562,11.3510994721819,434.0139770507813,428.99664306640625,431.0216369628906,459.9884033203125,442.9942932128906,1027.19990234375,0.3995605916276479,1027.9990234375,1027.0,1027.00048828125,1027.0,1027.0,0.0009735204163007,3.788853064179421e-07,0.0009727626456879,0.0009737098589539,0.0009737098589539,0.0009737098589539,0.0009737098589539,0.0009735204163007,3.788853064179421e-07,0.0009727626456879,0.0009737098589539,0.0009737098589539,0.0009737098589539,0.0009737098589539,0.0052570859901607,0.0004777950172406,0.0048638130538165,0.0048685492947697,0.0058422591537237,0.0048685492947697,0.0058422591537237,0.0048676020465791,1.8944963812828069e-06,0.0048638130538165,0.0048685492947697,0.0048685492947697,0.0048685492947697,0.0048685492947697,0.0114873135462403,0.0018865751784535,0.0126459142193198,0.0097370985895395,0.0107108084484934,0.0097370985895395,0.0146056478843092,0.0097352040931582,3.7889927625656137e-06,0.0097276261076331,0.0097370985895395,0.0097370985895395,0.0097370985895395,0.0097370985895395
-225,90.38572518484932,2.215443798900707,90.42428588867188,88.2538321358817,94.54974256243024,88.84461975097656,89.85614558628627,0.0453445844352245,0.0081579886471047,0.0435392744839191,0.0449502356350421,0.0445469990372657,0.0341109372675418,0.0595754757523536,0.0440792953395949,0.012231354532252,0.0449569576552936,0.0451566084354583,0.0432821839515652,0.0242027784697711,0.0627979481858866,0.9559206996645246,0.0122313559532077,0.9550430348941258,0.954843384878976,0.9567177976880756,0.9757972274507796,0.9372020534106664,80.99765574137369,2.90305910348484,83.66153462727864,81.60254414876302,82.36808776855469,81.99750264485677,75.35860951741536,-0.0689908953383564,0.0373787534223705,-0.0109932469204068,-0.0569966696202755,-0.0857828110456466,-0.0657481104135513,-0.1254336386919021,-0.041144055314362,0.0660628180379731,0.0408349313462773,0.0267652124166488,-0.080821211139361,-0.1339440134664376,-0.0585551957289377,1.041144041220347,0.0660628169721286,0.959165076414744,0.97323477268219,1.08082115650177,1.133944034576416,1.0585551659266157,84.85676193237305,9.966529228530971,83.95045216878255,76.38933817545573,103.38769022623698,75.87263107299805,84.68369801839192,-0.0841294102370739,0.0260093993257852,-0.1204606369137764,-0.0774334445595741,-0.0491842068731784,-0.1065629720687866,-0.0670057907700538,-0.0989925179630518,0.0445143073368865,-0.1492896402875582,-0.0681684153775374,-0.0854295461128155,-0.0402420038978258,-0.1518329841395219,1.0989925026893617,0.0445143074805046,1.149289608001709,1.0681684017181396,1.085429549217224,1.0402419765790305,1.1518329779307048,5.6,4.029888335921977,12,8,5,1,2,0.5717115959217328,0.0305217932345121,0.5967274961964161,0.6190976691523851,0.5463741690571384,0.5438698485551472,0.5524887966475774,0.5545078138331918,0.022943182269716,0.5757599005684747,0.5885711251002443,0.5361486006870613,0.535876112618061,0.5361833301921175,0.5593749139330757,0.0186184920582438,0.5842916110969384,0.5772631048270851,0.5422607939690627,0.5557358097219276,0.5373232500503647,439.40240478515625,11.352657502965512,434.0137634277344,428.9964294433594,431.0181579589844,459.9914855957031,442.9921875,1027.2,0.4000001192092718,1028.0,1026.99951171875,1027.0,1027.0,1027.00048828125,0.0009735204163007,3.788853064179421e-07,0.0009727626456879,0.0009737098589539,0.0009737098589539,0.0009737098589539,0.0009737098589539,0.0009735204163007,3.788853064179421e-07,0.0009727626456879,0.0009737098589539,0.0009737098589539,0.0009737098589539,0.0009737098589539,0.0056463805027306,0.0007283574314425,0.0058365757577121,0.0048685492947697,0.0068159690126776,0.0048685492947697,0.0058422591537237,0.0048676020465791,1.8944963812828069e-06,0.0048638130538165,0.0048685492947697,0.0048685492947697,0.0048685492947697,0.0048685492947697,0.0110982084646821,0.0009938189012757,0.0107003888115286,0.0097370985895395,0.0116845183074474,0.0107108084484934,0.0126582281664013,0.0097352040931582,3.7889927625656137e-06,0.0097276261076331,0.0097370985895395,0.0097370985895395,0.0097370985895395,0.0097370985895395
-200,89.8313461303711,3.175995382457495,85.80893925258091,90.64718300955636,90.02245003836495,95.14738246372768,87.53077588762555,0.0461811639368534,0.0119907349003482,0.0437789224088192,0.0447082631289958,0.0436091497540473,0.0309175811707973,0.0678919032216072,0.0389553515805995,0.0070851022391626,0.0425250390710841,0.0394502032016004,0.0314468379531587,0.0313045707132135,0.050050106963941,0.9610446538243976,0.0070851053692976,0.9574749725205558,0.9605497888156346,0.9685531684330532,0.968695444720132,0.949949894632612,81.01797765096029,2.654697970568915,83.33831787109375,81.62378184000652,82.38457743326823,81.90514373779297,75.83806737263997,-0.0730488005792722,0.0488707582035296,-0.0006622801302,-0.0576664842665195,-0.0905797854065895,-0.0652065947651863,-0.1511288583278656,-0.0349064979081352,0.075848941379728,0.0735276741907,0.0360525269061327,-0.1022735262910525,-0.1149914426108201,-0.0668477217356364,1.0349065065383911,0.0758489436219791,0.9264723261197408,0.9639474948247274,1.1022735436757405,1.1149914662043254,1.0668477018674214,84.92709986368814,9.8686339379188,84.0514424641927,76.32338841756184,103.09921518961588,75.8822504679362,85.27920277913411,-0.0841035552322864,0.0333168535504884,-0.1318505704402923,-0.0747555866837501,-0.0425961427390575,-0.1126318499445915,-0.0586836263537406,-0.0888912296543518,0.04375263231621,-0.1444957007964452,-0.0535172993938128,-0.0582642996062835,-0.0480663826068242,-0.1401124658683935,1.0888912320137023,0.0437526448161634,1.144495725631714,1.0535173018773396,1.0582642555236816,1.0480663975079854,1.1401124795277913,12.6,14.093970341958292,40,11,4,1,7,0.5654094343043468,0.0446827886005051,0.5947009929586548,0.6314773104495851,0.5565734801683332,0.500484731567986,0.5438106563771747,0.5506600924107744,0.0239314705028376,0.5680848664615867,0.5884713462631109,0.5372640162899488,0.5235953180882269,0.5358849149509988,0.5530307742117294,0.0229315319313154,0.585511111392733,0.5753713047370275,0.5413350877013087,0.5294036659337437,0.5335327012938345,439.399560546875,11.35624843245022,434.0069580078125,428.9935607910156,431.00970458984375,459.99456787109375,442.9930114746094,1027.2,0.4000008344641565,1028.0,1026.9990234375,1027.0,1027.00146484375,1026.99951171875,0.0009735204163007,3.788853064179421e-07,0.0009727626456879,0.0009737098589539,0.0009737098589539,0.0009737098589539,0.0009737098589539,0.0009735204163007,3.788853064179421e-07,0.0009727626456879,0.0009737098589539,0.0009737098589539,0.0009737098589539,0.0009737098589539,0.0054518279619514,0.0007796803012969,0.0048638130538165,0.0048685492947697,0.0058422591537237,0.0048685492947697,0.0068159690126776,0.0048676020465791,1.8944963812828069e-06,0.0048638130538165,0.0048685492947697,0.0048685492947697,0.0048685492947697,0.0048685492947697,0.0110982084646821,0.0014578782788154,0.0107003888115286,0.0097370985895395,0.0116845183074474,0.0097370985895395,0.0136319380253553,0.0097352040931582,3.7889927625656137e-06,0.0097276261076331,0.0097370985895395,0.0097370985895395,0.0097370985895395,0.0097370985895395
-175,88.23452399117605,3.376929163369517,86.41281563895089,94.74336787632534,87.77244785853794,85.0742574419294,87.16973114013672,0.0488121561706066,0.015159112333488,0.0421116054058074,0.0446784421801567,0.0263162702322006,0.0619069300591945,0.0690475329756736,0.0489871160792452,0.0176300778808532,0.0592168122529983,0.0459030838683247,0.0158535701089671,0.0634682386049202,0.0604938755610159,0.9510128923824854,0.0176300759549751,0.9407831856182644,0.954096930367606,0.9841464332171848,0.9365317736353193,0.9395061390740532,81.20686467488608,2.7063874565915955,83.80712890625,81.71525573730469,81.91573842366536,82.60064188639323,75.99555842081706,-0.0760202787816524,0.0455876519565466,-0.0198146551847457,-0.0616760216653347,-0.0797515362501144,-0.0605416893959045,-0.1583174914121627,-0.0565364539002378,0.0551155794176191,0.0023120970775683,0.0121751899520556,-0.1135631750027338,-0.1169493747875094,-0.06665700674057,1.0565364678700766,0.0551155559673395,0.9976880153020224,0.98782479763031,1.1135631402333577,1.1169493993123372,1.0666569868723552,84.89346872965494,9.640852941554176,83.32315317789714,76.34937413533528,102.69851684570312,76.4291623433431,85.6671371459961,-0.0846846528351306,0.0325027475141554,-0.1090156137943267,-0.0724830254912376,-0.0505748502910137,-0.1352742463350296,-0.0560755282640457,-0.0920371554791927,0.0381603782543686,-0.109588233133157,-0.064196303486824,-0.0629091685016949,-0.0639307697614034,-0.1595613025128841,1.0920371890068057,0.0381603881236077,1.1095882654190063,1.0641963481903076,1.0629091660181682,1.0639308094978333,1.1595613559087117,5.6,4.223742416388575,2,12,1,4,9,0.56555887857027,0.0325270642226458,0.5527025091804479,0.6301837034875195,0.5435342924621924,0.5474493500010943,0.5539245377200959,0.5484650456593434,0.0201991991345902,0.5422656620459664,0.5886252674818586,0.5384843021403808,0.5355736819135059,0.5373763147150058,0.5529453418813193,0.0130192966071115,0.5632870487205217,0.5732696149237332,0.5437477980190205,0.5447052930732645,0.5397169546700564,439.4039794921875,11.355619265556436,434.0017700195313,429.00439453125,431.02142333984375,460.0022277832031,442.9900817871094,1027.20009765625,0.3999514550315274,1028.0,1027.0,1027.0009765625,1026.99951171875,1027.0,0.0009735204163007,3.788853064179421e-07,0.0009727626456879,0.0009737098589539,0.0009737098589539,0.0009737098589539,0.0009737098589539,0.0009735204163007,3.788853064179421e-07,0.0009727626456879,0.0009737098589539,0.0009737098589539,0.0009737098589539,0.0009737098589539,0.0052570859901607,0.0004777950172406,0.0048638130538165,0.0048685492947697,0.0058422591537237,0.0048685492947697,0.0058422591537237,0.0048676020465791,1.8944963812828069e-06,0.0048638130538165,0.0048685492947697,0.0048685492947697,0.0048685492947697,0.0048685492947697,0.0109030876308679,0.0011317341200728,0.0126459142193198,0.0097370985895395,0.0116845183074474,0.0097370985895395,0.0107108084484934,0.0097352040931582,3.7889927625656137e-06,0.0097276261076331,0.0097370985895395,0.0097370985895395,0.0097370985895395,0.0097370985895395
-150,89.53476388113839,1.7234123675644362,91.77410452706474,90.4041748046875,87.53099496023995,87.48985072544643,90.47469438825335,0.0478707145899534,0.0133452770592707,0.0447180420160293,0.0450922399759292,0.0259211715310812,0.0607215762138366,0.0629005432128906,0.0522458397991223,0.0143933119198949,0.049349805606263,0.0556440374680927,0.0261620432512635,0.067077239709241,0.0629960729607514,0.9477541634014676,0.0143933180167403,0.9506502236638752,0.9443559561456952,0.9738379631723676,0.9329227549689156,0.9370039190564836,80.94744084676107,2.8837665014921683,83.63487497965495,81.62756093343098,81.87446848551433,82.25084431966145,75.34945551554362,-0.0683164774673059,0.0419351635232095,-0.0013032961869612,-0.0569198243319988,-0.0855585485696792,-0.0672451630234718,-0.1305555552244186,-0.0436376862848798,0.0673176998636801,0.0348878884688019,0.0239882518847783,-0.1023927641411622,-0.1355417259037494,-0.0391300817330678,1.0436376929283142,0.0673176824177141,0.9651121298472086,0.9760117928187052,1.1023927529652913,1.1355417172114055,1.0391300717989604,84.73175633748373,9.72010145534954,83.9666239420573,76.14066950480144,102.65787506103516,75.97789510091145,84.91571807861328,-0.0902384586632251,0.0349513896816695,-0.1339235454797744,-0.0788665786385536,-0.043188352137804,-0.1271703243255615,-0.0680434927344322,-0.0810040449102719,0.0540961327856982,-0.1371370802323023,-0.0247633432348569,-0.0533906457324822,-0.0349843005339304,-0.1547448548177878,1.081004059314728,0.0540961137532622,1.1371370553970337,1.0247634053230286,1.053390661875407,1.0349843104680378,1.1547448635101318,5.2,3.9698866482558417,10,10,1,2,3,0.5673701752390088,0.040602886740171,0.5885915983795299,0.6341940303101611,0.556818351328782,0.5389490699552424,0.5182978262213286,0.5469031806715383,0.0283940409579598,0.5593655081574025,0.5962368460745469,0.5294074824420609,0.5335459324985183,0.5159601341851627,0.5480370499244851,0.0269198924215483,0.5727165924371651,0.5866241234637404,0.5306477699328307,0.5343344236969112,0.5158623400917787,439.4060302734375,11.361856847959372,434.0071716308594,428.9941711425781,431.0183715820313,460.01318359375,442.9972534179687,1027.19990234375,0.3998049260349802,1027.99951171875,1027.00048828125,1026.99951171875,1026.99951171875,1027.00048828125,0.0009735204163007,3.788853064179421e-07,0.0009727626456879,0.0009737098589539,0.0009737098589539,0.0009737098589539,0.0009737098589539,0.0009735204163007,3.788853064179421e-07,0.0009727626456879,0.0009737098589539,0.0009737098589539,0.0009737098589539,0.0009737098589539,0.0054518279619514,0.0007796803012969,0.0048638130538165,0.0048685492947697,0.0058422591537237,0.0048685492947697,0.0068159690126776,0.0048676020465791,1.8944963812828069e-06,0.0048638130538165,0.0048685492947697,0.0048685492947697,0.0048685492947697,0.0048685492947697,0.0105141719803214,0.0011368362545985,0.0097276261076331,0.0097370985895395,0.0107108084484934,0.0097370985895395,0.0126582281664013,0.0097352040931582,3.7889927625656137e-06,0.0097276261076331,0.0097370985895395,0.0097370985895395,0.0097370985895395,0.0097370985895395
-125,90.56103755405972,1.3834080067934296,89.0240227835519,91.15586417061942,91.4048080444336,92.36182621547154,88.8586665562221,0.0431684274226427,0.019439502111619,0.0440094470977783,0.0242141410708427,0.019059045240283,0.0696117579936981,0.0589477457106113,0.0470327470584639,0.0173108734234789,0.0648037253745964,0.034151497496558,0.0202176375314593,0.0633426878069128,0.052648187082793,0.952967255456107,0.0173108805794785,0.9351962634495328,0.9658485054969788,0.9797823769705636,0.9366573095321656,0.9473518218312944,81.1283566792806,2.996137916633821,83.63142395019531,81.56503804524739,81.84539031982422,83.25142161051433,75.34850947062175,-0.067249078862369,0.0356098895941395,-0.0116471974179148,-0.0602740943431854,-0.0820633322000503,-0.0607988350093364,-0.1214619353413581,-0.047656978542606,0.0631633695105597,0.0406265333294868,0.0060592927038669,-0.0986549196143945,-0.1287049272408088,-0.0576108718911806,1.0476569692293802,0.0631633728641809,0.9593734939893088,0.9939406712849936,1.098654866218567,1.1287049849828084,1.057610829671224,84.76513799031575,9.616576661406262,83.91165415445964,75.76479466756184,102.5923309326172,76.83751424153645,84.71939595540364,-0.0899496331810951,0.0418606576069495,-0.1216242015361785,-0.0663319900631904,-0.0393862500786781,-0.1544489413499832,-0.0679567828774452,-0.0842918178687493,0.0506418457510213,-0.1327182625730832,-0.0247609242796897,-0.0435315848638614,-0.0659095694621404,-0.1545387481649716,1.0842918395996093,0.050641855665,1.1327183246612549,1.0247608820597331,1.0435316562652588,1.0659095843633015,1.1545387506484983,6.2,6.177378084592201,16,1,1,11,2,0.5600231749042255,0.0250866634309155,0.5838236676883933,0.5720263113408897,0.5258679172826285,0.5843805744571186,0.5340174037520976,0.5463628701759801,0.0169134610775305,0.5600034261572261,0.5558731339887002,0.5279972334884403,0.5640335578066507,0.523906999438883,0.5472783172260656,0.0182790132522923,0.5744459520792505,0.5470880093917625,0.5266318426662466,0.5597042069868722,0.5285215750061961,439.40443725585936,11.358760402465592,434.0121154785156,428.9982604980469,431.0128173828125,460.006591796875,442.9924011230469,1027.19990234375,0.3998050453024169,1027.99951171875,1027.0,1027.00048828125,1027.00048828125,1026.9990234375,0.0009735204163007,3.788853064179421e-07,0.0009727626456879,0.0009737098589539,0.0009737098589539,0.0009737098589539,0.0009737098589539,0.0009735204163007,3.788853064179421e-07,0.0009727626456879,0.0009737098589539,0.0009737098589539,0.0009737098589539,0.0009737098589539,0.0054518279619514,0.0007796803012969,0.0048638130538165,0.0048685492947697,0.0048685492947697,0.0058422591537237,0.0068159690126776,0.0048676020465791,1.8944963812828069e-06,0.0048638130538165,0.0048685492947697,0.0048685492947697,0.0048685492947697,0.0048685492947697,0.0112929504364728,0.001321732339141,0.0107003888115286,0.0097370985895395,0.0116845183074474,0.0107108084484934,0.0136319380253553,0.0097352040931582,3.7889927625656137e-06,0.0097276261076331,0.0097370985895395,0.0097370985895395,0.0097370985895395,0.0097370985895395
-100,88.50860813685826,2.7068792520511753,86.54175458635602,89.84021541050502,86.26209259033203,93.25063868931362,86.6483394077846,0.0426780749112367,0.0126214304871106,0.0447833947837352,0.0438739955425262,0.0258908625692129,0.0638760551810264,0.0349660664796829,0.0451077701390853,0.0176705678086924,0.0490934220807893,0.056723697909287,0.0241628356410988,0.0696593884910855,0.0258995065731661,0.9548922334398542,0.0176705733116419,0.9509065662111554,0.9432763031550816,0.975837162562779,0.9303406136376516,0.9741005216326032,81.03288599650065,3.0405056936390844,83.55057525634766,81.85005950927734,81.89158884684245,82.7887954711914,75.0834108988444,-0.0639893379062414,0.0335655280876837,-0.0063976105302572,-0.057435505092144,-0.0827438831329345,-0.0655713602900505,-0.1077983304858207,-0.0500394008432825,0.0660861756323558,0.050839491498967,-0.015066672116518,-0.1128708769877751,-0.1302730664610862,-0.0428258801500002,1.0500393867492677,0.0660861754111027,0.9491604963938396,1.015066663424174,1.1128708521525066,1.1302730639775591,1.0428258577982583,84.70827306111654,9.686164725888007,84.04530588785808,76.12942123413086,102.72275034586588,76.31747436523438,84.32641347249348,-0.0918021641671657,0.0352290453988273,-0.1288181990385055,-0.0730315670371055,-0.0447531752288341,-0.1366545259952545,-0.075753353536129,-0.0930225779612859,0.0536883934410047,-0.1454917540152867,-0.0389337899784247,-0.0698123474915822,-0.0426416744788487,-0.168233323842287,1.093022624651591,0.0536883916320834,1.1454917589823406,1.038933793703715,1.0698124170303345,1.0426417589187622,1.1682333946228027,4.6,3.7202150475476543,11,6,1,4,1,0.5638869427449312,0.0285948837484768,0.5847822086690201,0.6088513644007212,0.5309887592621372,0.5488902185646976,0.5459221628280805,0.5441127424357659,0.0245937944571979,0.5624597436991031,0.582537320034466,0.5209377115542142,0.5347228061658104,0.5199061307252356,0.5486168552578509,0.0233236378856432,0.5777680994119962,0.575501531316928,0.532966833976603,0.535017311444165,0.5218305001395619,439.4024230957031,11.356430191304208,434.0050964355469,428.99212646484375,431.01898193359375,459.99652099609375,442.9993896484375,1027.2001953125,0.3996583671779214,1027.99951171875,1027.00048828125,1027.0,1027.0,1027.0009765625,0.0009735204163007,3.788853064179421e-07,0.0009727626456879,0.0009737098589539,0.0009737098589539,0.0009737098589539,0.0009737098589539,0.0009735204163007,3.788853064179421e-07,0.0009727626456879,0.0009737098589539,0.0009737098589539,0.0009737098589539,0.0009737098589539,0.0050623440183699,0.0003899618819644,0.0048638130538165,0.0048685492947697,0.0048685492947697,0.0048685492947697,0.0058422591537237,0.0048676020465791,1.8944963812828069e-06,0.0048638130538165,0.0048685492947697,0.0048685492947697,0.0048685492947697,0.0048685492947697,0.0110982084646821,0.0007800202899689,0.0107003888115286,0.0116845183074474,0.0116845183074474,0.0097370985895395,0.0116845183074474,0.0097352040931582,3.7889927625656137e-06,0.0097276261076331,0.0097370985895395,0.0097370985895395,0.0097370985895395,0.0097370985895395
-75,87.05099803379603,3.22873864486962,87.83087812151227,83.78096825735909,84.51487949916294,86.26573290143695,92.86253138950892,0.052556174993515,0.0126056000298801,0.0411011800169944,0.0436572805047035,0.042300671339035,0.0655744224786758,0.0701473206281662,0.0550655408895441,0.0168890837463016,0.0412137771823576,0.0543215008718626,0.0342302214620368,0.0635078070419175,0.0820543978895459,0.9449344754219056,0.0168890835807528,0.9587862406458172,0.9456784980637688,0.9657698018210276,0.936492213181087,0.9179456233978271,81.33706461588541,2.7435569026756537,83.64825693766277,81.8582051595052,82.19835917154948,82.98732503255208,75.99317677815755,-0.074885756522417,0.0475985748267509,-0.0096284933388233,-0.0554541870951652,-0.0872373655438423,-0.0667648315429687,-0.1553439050912857,-0.0559768016760547,0.0653398465609827,0.0318109390015403,-0.0051398401459058,-0.1237809620797634,-0.1358292537430922,-0.0469448914130528,1.0559768040974935,0.0653398414977404,0.9681890805562338,1.0051398277282717,1.1237810055414836,1.135829210281372,1.046944896380107,85.09514668782552,9.721126357589362,83.6455790201823,76.16593678792317,102.88245137532552,76.55155944824219,86.23020680745442,-0.0872593611478805,0.0356588148292165,-0.1187173500657081,-0.0740593150258064,-0.0436588153243064,-0.1384778916835785,-0.0613834336400032,-0.0951455308745304,0.0585231606496773,-0.1451759139696757,-0.0233035335938135,-0.0661005315681298,-0.0600606972972551,-0.181086977943778,1.0951455314954122,0.0585231529078845,1.1451758941014607,1.0233035484949748,1.066100557645162,1.0600606799125671,1.1810869773228962,6.4,4.317406628984581,3,8,2,5,14,0.5695916955754036,0.0334348268982154,0.5679032000962647,0.6340547199706629,0.5410351003606242,0.5485973012227829,0.5563681562266828,0.5489968518806583,0.0234615375217285,0.5359833406614646,0.5956170554225247,0.5331817191162629,0.5408206698248771,0.539381474378162,0.5507463331832956,0.019272185317915,0.5496355188664778,0.5874021018096248,0.5445082276379257,0.5314106711113183,0.5407751464911313,439.4016967773438,11.361451143392587,434.0096435546875,428.9837341308594,431.0166931152344,460.0079345703125,442.990478515625,1027.19970703125,0.3999028803224422,1027.99951171875,1026.99951171875,1026.99951171875,1026.9990234375,1027.0009765625,0.0011682623880915,0.0003895788376357,0.0009727626456879,0.0009737098589539,0.0009737098589539,0.0009737098589539,0.0019474197179079,0.0009735204163007,3.788853064179421e-07,0.0009727626456879,0.0009737098589539,0.0009737098589539,0.0009737098589539,0.0009737098589539,0.0050623440183699,0.0003899618819644,0.0048638130538165,0.0048685492947697,0.0048685492947697,0.0048685492947697,0.0058422591537237,0.0048676020465791,1.8944963812828069e-06,0.0048638130538165,0.0048685492947697,0.0048685492947697,0.0048685492947697,0.0048685492947697,0.0112925715744495,0.0011655854424103,0.0126459142193198,0.0097370985895395,0.0107108084484934,0.0107108084484934,0.0126582281664013,0.0097352040931582,3.7889927625656137e-06,0.0097276261076331,0.0097370985895395,0.0097370985895395,0.0097370985895395,0.0097370985895395
-50,91.2427461896624,3.629679379032307,96.16753823416572,89.41294315883091,85.44125039236886,93.2856238228934,91.90637534005302,0.0463256180286407,0.0056570242049027,0.0431526191532611,0.0452958606183528,0.0472515299916267,0.0395184755325317,0.0564096048474311,0.0484975370312375,0.0062907054361115,0.0450440586677619,0.0495190743489989,0.0429237961236919,0.0446970849963171,0.0603036710194179,0.951502469607762,0.0062907012454661,0.9549559354782104,0.9504809294428144,0.9570762174470084,0.9553029196602958,0.9396963460104806,80.9834358215332,2.95502298366986,83.39862060546875,81.67126973470052,82.6814448038737,81.97013346354167,75.19571050008138,-0.0680477092042565,0.0392095054619391,0.0027897683903574,-0.0653868094086647,-0.0947920456528663,-0.0707647651433944,-0.1120846942067146,-0.0346838152656952,0.0697689257868675,0.0636859349906444,0.0189355549712975,-0.0980737420419852,-0.122822202121218,-0.035144622127215,1.0346838275591532,0.0697689293487116,0.9363141059875488,0.9810644388198853,1.0980737606684368,1.1228222449620564,1.0351445873578389,84.8465560913086,10.075427461922423,83.9049809773763,76.19970830281575,103.60682932535808,75.90704727172852,84.61421457926433,-0.0864233694970607,0.0314343860393309,-0.1333768218755722,-0.0697154626250267,-0.0460722111165523,-0.1111934855580329,-0.0717588663101196,-0.0985195512262483,0.0464253584705074,-0.1499782502651214,-0.0471205989209314,-0.0898466737320025,-0.0509878695011138,-0.1546643637120723,1.0985195636749268,0.0464253406608711,1.149978240331014,1.0471206506093342,1.0898466904958088,1.0509878794352214,1.1546643575032551,9.4,9.93176721434811,28,5,11,1,2,0.570325518210676,0.0362291291505734,0.5869750258107564,0.6311534418650611,0.5635850634882522,0.539328124847735,0.5305859350415754,0.5572949492739738,0.0213261673698734,0.580289539826285,0.5860647802937812,0.5439607400091037,0.5388956115167475,0.5372640747239517,0.5582504896973806,0.0221340279332055,0.5919824344067774,0.5758331536079576,0.5480317230874444,0.5428854487982558,0.532519688586467,439.40374145507815,11.354558051999255,434.0088195800781,428.9949645996094,431.0212097167969,459.9947509765625,442.99896240234375,1027.19970703125,0.4001466482277349,1028.0,1027.0,1026.99951171875,1026.9990234375,1027.0,0.0011682623880915,0.0003895788376357,0.0009727626456879,0.0009737098589539,0.0009737098589539,0.0009737098589539,0.0019474197179079,0.0009735204163007,3.788853064179421e-07,0.0009727626456879,0.0009737098589539,0.0009737098589539,0.0009737098589539,0.0009737098589539,0.005841311905533,0.0012324064678503,0.0048638130538165,0.0048685492947697,0.0068159690126776,0.0048685492947697,0.0077896788716316,0.0048676020465791,1.8944963812828069e-06,0.0048638130538165,0.0048685492947697,0.0048685492947697,0.0048685492947697,0.0048685492947697,0.0110982084646821,0.0014578782788154,0.0107003888115286,0.0097370985895395,0.0116845183074474,0.0097370985895395,0.0136319380253553,0.0097352040931582,3.7889927625656137e-06,0.0097276261076331,0.0097370985895395,0.0097370985895395,0.0097370985895395,0.0097370985895395
-25,88.62673830304826,2.3331337095220017,87.2203619820731,87.39109693254743,91.23743438720705,91.5489981515067,85.73580006190709,0.0496374439448118,0.0167282485482181,0.0440723821520805,0.0453988574445247,0.0233268607407808,0.0659813284873962,0.0694077908992767,0.0594418632132666,0.0208804697757829,0.0566578321158885,0.0718733173395906,0.02133463163461,0.0826310297208172,0.0647125052554266,0.9405581423214504,0.0208804689268302,0.9433421662875584,0.9281266757420132,0.9786653774125236,0.9173689910343716,0.9352875011307852,81.2594711303711,2.702412189526172,83.87626647949219,81.56335957845052,81.84291076660156,82.90559641520183,76.10922241210938,-0.0722543998621404,0.0479714116709735,-0.0045172679238021,-0.0524092502892017,-0.0851648896932601,-0.0673439130187034,-0.1518366783857345,-0.0494738664478063,0.0621335498444931,0.005608324582378,0.037685228511691,-0.1009095447758833,-0.125728544468681,-0.0640247960885365,1.0494738737742106,0.0621335492154574,0.9943917195002238,0.96231476465861,1.1009095509847004,1.1257285674413045,1.064024766286214,85.11619389851889,9.583873606703962,83.74960835774739,76.40053049723308,102.68653106689452,76.64613978068034,86.09815979003906,-0.0910332791507244,0.0376473744515503,-0.1294417530298233,-0.0828381106257438,-0.041035022586584,-0.138666346669197,-0.0631851628422737,-0.0974846178355316,0.0458340366132503,-0.1192283804217974,-0.0538415891739229,-0.0661491391559441,-0.0705884024500846,-0.1776155779759089,1.097484616438548,0.0458340463562235,1.1192283630371094,1.0538415710131328,1.066149155298869,1.0705883900324504,1.1776156028111775,7.4,4.127953488110059,10,13,1,5,8,0.562082130863196,0.0423053688243652,0.5590215638039739,0.6416229712270368,0.5159739339793812,0.5433315823508266,0.5504606029547616,0.5464515967747978,0.0303361076406127,0.5550950477404794,0.5966131387587831,0.5029690289559081,0.5398825231745777,0.5376982452442407,0.5437677373568486,0.027292348828711,0.5539472470499546,0.5868881068229969,0.5027510874955075,0.5389618651251733,0.5362903802906105,439.40260009765626,11.358694127750004,434.0083923339844,428.99664306640625,431.0091247558594,460.0024108886719,442.9964294433594,1027.19951171875,0.4000000000000001,1027.99951171875,1026.99951171875,1026.99951171875,1026.99951171875,1026.99951171875,0.0009735204163007,3.788853064179421e-07,0.0009727626456879,0.0009737098589539,0.0009737098589539,0.0009737098589539,0.0009737098589539,0.0009735204163007,3.788853064179421e-07,0.0009727626456879,0.0009737098589539,0.0009737098589539,0.0009737098589539,0.0009737098589539,0.0050623440183699,0.0003899618819644,0.0048638130538165,0.0048685492947697,0.0048685492947697,0.0048685492947697,0.0058422591537237,0.0048676020465791,1.8944963812828069e-06,0.0048638130538165,0.0048685492947697,0.0048685492947697,0.0048685492947697,0.0048685492947697,0.0105139825493097,0.0003884629416845,0.0107003888115286,0.0107108084484934,0.0107108084484934,0.0097370985895395,0.0107108084484934,0.0097352040931582,3.7889927625656137e-06,0.0097276261076331,0.0097370985895395,0.0097370985895395,0.0097370985895395,0.0097370985895395
0,90.71842367989676,3.069265623306861,89.91846575055804,86.9070292881557,92.37515912737165,88.67254856654576,95.71891566685268,0.0466971695423126,0.0099705671225892,0.0407409593462944,0.0454753749072551,0.0421429313719272,0.0661744624376297,0.0389521196484565,0.0449033812087561,0.0121745674533609,0.03847845364362,0.0441483285810266,0.0503382464604718,0.0640542070780481,0.027497670280614,0.955096617766789,0.0121745754268046,0.9615215318543572,0.955851674079895,0.9496617487498692,0.935945783342634,0.97250235080719,81.1120531717936,3.0476286780864013,83.62317657470703,81.70100911458333,82.06133778889973,83.00449879964192,75.17024358113606,-0.0638126263394951,0.0327323262560827,-0.0094284387305378,-0.0555211156606674,-0.0811491012573242,-0.0640962943434715,-0.1088681817054748,-0.0478684678673744,0.0610011499580848,0.0294281772027413,0.0169637265304724,-0.0912276431918144,-0.1261494532227516,-0.0683571466555198,1.0478684743245443,0.0610011397099037,0.9705718358357748,0.9830362796783448,1.091227650642395,1.1261494159698486,1.0683571894963582,84.69729512532552,9.652537029370714,83.22447967529297,76.27221934000652,102.8728764851888,76.81048838297527,84.30641174316406,-0.0914248935878276,0.0336337289009932,-0.1188328340649604,-0.079703114926815,-0.047351274639368,-0.1404190212488174,-0.0708182230591774,-0.0897814359515905,0.0386383068887901,-0.1053829838832219,-0.0450647802402575,-0.0632607042789459,-0.0790598715345064,-0.1561388398210207,1.0897814432779949,0.0386382962006245,1.105382998784383,1.0450647672017417,1.0632607539494832,1.0790598789850872,1.156138817469279,7.4,8.662563131083088,2,24,2,8,1,0.5801044993552583,0.0365056286197155,0.5720662043030084,0.6519517632055137,0.5560022901277168,0.5660576343184028,0.55444460482165,0.5586743348537672,0.026343777033405,0.5584526159600597,0.6076278499592286,0.5298667083895031,0.5534615409224872,0.5439629590375572,0.5565212172649553,0.0225964077705114,0.5649664988775065,0.5950454954659937,0.5333548922834083,0.5540421743603009,0.5351970253375674,439.4039916992187,11.361384782917096,434.00732421875,428.9906921386719,431.0205993652344,460.0125427246094,442.9888000488281,1027.19970703125,0.3999031187988521,1027.99951171875,1026.99853515625,1027.0009765625,1026.99951171875,1027.0,0.0009735204163007,3.788853064179421e-07,0.0009727626456879,0.0009737098589539,0.0009737098589539,0.0009737098589539,0.0009737098589539,0.0009735204163007,3.788853064179421e-07,0.0009727626456879,0.0009737098589539,0.0009737098589539,0.0009737098589539,0.0009737098589539,0.0056460016407072,0.0011326724717993,0.0077821011655032,0.0048685492947697,0.0048685492947697,0.0048685492947697,0.0058422591537237,0.0048676020465791,1.8944963812828069e-06,0.0048638130538165,0.0048685492947697,0.0048685492947697,0.0048685492947697,0.0048685492947697,0.0109028981998562,0.0015532965113644,0.0136186769232153,0.0097370985895395,0.0097370985895395,0.0097370985895395,0.0116845183074474,0.0097352040931582,3.7889927625656137e-06,0.0097276261076331,0.0097370985895395,0.0097370985895395,0.0097370985895395,0.0097370985895395
25,89.22267761230468,0.855705877447531,88.27114868164062,90.83301762172154,89.10656411307198,88.98147691999164,88.92118072509766,0.0427120100706815,0.0158739180219533,0.043351624161005,0.0440147295594215,0.0210160929709672,0.0697932392358779,0.035384364426136,0.0485567151834922,0.0140064077110596,0.0438971758953162,0.0612723758178097,0.0267669389556561,0.0661099116717066,0.0447371735769723,0.9514432873044696,0.0140063993734178,0.9561028225081308,0.9387276342936924,0.9732330441474916,0.933890095778874,0.9552628397941588,81.16153004964193,3.0790932870878764,83.37463124593098,81.81408437093098,81.93862406412761,83.5139872233073,75.16632334391277,-0.0639019332127645,0.0341753639370932,-0.0015285942936316,-0.0659280344843864,-0.0854000970721244,-0.064241886138916,-0.1024110540747642,-0.0511250230173269,0.0735734622706331,0.0614642196645339,-0.0004379674792289,-0.12181339909633,-0.1330325237164894,-0.0618054444591204,1.0511250416437783,0.073573473853898,0.9385357896486918,1.0004379550615947,1.121813416481018,1.1330325603485107,1.0618054866790771,84.90119374593098,9.492127371746388,84.12141927083333,76.2991943359375,102.6328633626302,77.07744598388672,84.37504577636719,-0.0907463900744915,0.0427493237644811,-0.1292315274477005,-0.0669727027416229,-0.0361365415155887,-0.1513960361480713,-0.069995142519474,-0.0985338645676771,0.0461438010771619,-0.1427661155660947,-0.0599468623598416,-0.0512046081324418,-0.0741433228055636,-0.164608413974444,1.0985338846842447,0.0461437956006156,1.1427661180496216,1.059946894645691,1.0512046416600545,1.0741433302561445,1.1646084388097129,9.6,9.666436778875658,15,5,1,26,1,0.5692649536850446,0.0400605868748411,0.5835232302289373,0.6143678824896472,0.5104301538355398,0.6030972656136,0.5349062362574987,0.5492550747535214,0.0336463206076619,0.5693216930292216,0.5849079491951373,0.5058731454489397,0.5749334145931135,0.5112391715011947,0.5508647094274147,0.0313675809394649,0.586761203881546,0.5738183975963098,0.5124729961892235,0.5672906564561039,0.5139802930138904,439.40330810546874,11.36026339247264,434.0094299316406,428.9970397949219,431.0086975097656,460.0074768066406,442.993896484375,1027.20009765625,0.3999519319262785,1028.0,1027.0,1027.0,1027.00146484375,1026.9990234375,0.0009735204163007,3.788853064179421e-07,0.0009727626456879,0.0009737098589539,0.0009737098589539,0.0009737098589539,0.0009737098589539,0.0009735204163007,3.788853064179421e-07,0.0009727626456879,0.0009737098589539,0.0009737098589539,0.0009737098589539,0.0009737098589539,0.0050623440183699,0.0003899618819644,0.0048638130538165,0.0048685492947697,0.0048685492947697,0.0058422591537237,0.0048685492947697,0.0048676020465791,1.8944963812828069e-06,0.0048638130538165,0.0048685492947697,0.0048685492947697,0.0048685492947697,0.0048685492947697,0.0105141719803214,0.0007306900562005,0.0097276261076331,0.0097370985895395,0.0116845183074474,0.0107108084484934,0.0107108084484934,0.0097352040931582,3.7889927625656137e-06,0.0097276261076331,0.0097370985895395,0.0097370985895395,0.0097370985895395,0.0097370985895395
50,88.11918182373047,2.792625447996192,86.15140206473214,86.39161355154855,93.5197296142578,86.3955579485212,88.13760593959263,0.0488007757812738,0.0131267554489582,0.0437589287757873,0.0457761846482753,0.0283857006579637,0.0645608380436897,0.061522226780653,0.0460054320856995,0.0120240471217006,0.0458823261516434,0.049739872059685,0.0238919147689427,0.0503192011799131,0.0601938462683132,0.9539945602416992,0.012024045622451,0.9541176642690388,0.9502601368086678,0.9761080741882324,0.949680779661451,0.939806146281106,81.08865432739258,2.8729527084334574,83.61671956380208,81.6912129720052,81.8819808959961,82.74517567952473,75.50818252563477,-0.0692583166062831,0.0378420116813407,-0.0090672485530376,-0.0594873651862144,-0.0849906504154205,-0.0670157298445701,-0.1257305890321731,-0.0441199140623211,0.0644309997818824,0.036455822798113,0.0239556804299354,-0.0935061735411485,-0.1273995364705721,-0.0601053635279337,1.044119910399119,0.0644310046378529,0.9635441700617472,0.9760442972183228,1.0935061772664387,1.1273995240529378,1.060105383396149,84.85772501627604,9.654983342027077,83.89194997151692,76.38752873738606,102.74463399251302,76.2868054707845,84.97770690917969,-0.0893983229994773,0.0359253145336317,-0.1245964914560318,-0.0763734951615333,-0.0393875017762184,-0.1361502707004547,-0.0704838559031486,-0.0885267975429694,0.0485889466801619,-0.1373493522405624,-0.0440817357351382,-0.0632886166373888,-0.0415512472391128,-0.1563630358626445,1.0885268211364747,0.048588936810171,1.1373494068781536,1.0440817872683208,1.063288648923238,1.0415512522061663,1.156363010406494,7.8,6.43117407632541,17,14,1,4,3,0.5756900787017909,0.0277289249460723,0.5885835438989463,0.6225694058897187,0.563085919940493,0.5623343691727625,0.5418771546070347,0.5516225346662689,0.0187204474273828,0.5610583592279712,0.5808972499551808,0.5449623077536486,0.5467387900638547,0.5244559663306887,0.546742719480988,0.0206319172028095,0.5694699064132026,0.5712893976029662,0.537643977456905,0.5376014761048046,0.5177088398270617,439.4050842285157,11.354287423016295,434.01666259765625,428.9974670410156,431.0210266113281,459.9985046386719,442.99176025390625,1027.20009765625,0.3999512165839387,1028.0,1027.00048828125,1027.0,1027.0,1027.0,0.0009735204163007,3.788853064179421e-07,0.0009727626456879,0.0009737098589539,0.0009737098589539,0.0009737098589539,0.0009737098589539,0.0009735204163007,3.788853064179421e-07,0.0009727626456879,0.0009737098589539,0.0009737098589539,0.0009737098589539,0.0009737098589539,0.0050623440183699,0.0003899618819644,0.0048638130538165,0.0048685492947697,0.0048685492947697,0.0048685492947697,0.0058422591537237,0.0048676020465791,1.8944963812828069e-06,0.0048638130538165,0.0048685492947697,0.0048685492947697,0.0048685492947697,0.0048685492947697,0.0132405597716569,0.0065357643351085,0.0097276261076331,0.0097370985895395,0.0107108084484934,0.0097370985895395,0.0262901671230793,0.0097352040931582,3.7889927625656137e-06,0.0097276261076331,0.0097370985895395,0.0097370985895395,0.0097370985895395,0.0097370985895395
75,90.9161860874721,2.6226525929414484,93.02520969935826,87.12157004220145,88.55413273402623,91.99835423060826,93.8816637311663,0.0533831000328064,0.0124827014301741,0.0414812043309211,0.0444986186921596,0.0437029786407947,0.0692043676972389,0.0680283308029174,0.0487511551007628,0.0050512434731481,0.0428693078990493,0.0535127435411725,0.0436864207897867,0.0554163151287606,0.0482709881450448,0.9512488416263036,0.0050512520962888,0.9571306960923333,0.9464872479438782,0.9563135930470058,0.944583671433585,0.9517289996147156,81.28942184448242,2.886890524059534,83.65257263183594,81.59516906738281,82.26227569580078,83.23783620198567,75.6992556254069,-0.0693900156766176,0.0497618867384526,0.0021593403071165,-0.051457829773426,-0.0872119441628456,-0.0601910427212715,-0.1502486020326614,-0.0471912189076344,0.0662605261458396,0.0319118381788333,0.0246010844906171,-0.109754038353761,-0.128272478779157,-0.0544425000747044,1.0471912264823913,0.0662605387619138,0.968088150024414,0.9753988981246948,1.1097540458043416,1.128272493680318,1.054442544778188,84.95825729370117,9.705978194592252,83.44500986735027,76.18480173746745,102.96414693196614,76.7534573872884,85.4438705444336,-0.0945367492735385,0.0409621602474952,-0.1303705871105194,-0.0806809291243553,-0.0466995686292648,-0.1537842601537704,-0.0611484013497829,-0.0885207111636797,0.0525028447551756,-0.1305397202571233,-0.0261336900293827,-0.0638431211312611,-0.0540282974640528,-0.1680587269365787,1.0885207096735638,0.0525028480490393,1.1305396954218547,1.0261336962382,1.0638430913289387,1.054028312365214,1.1680587530136108,6.4,3.6110940170535577,2,11,3,10,6,0.573394437839061,0.0326958195928705,0.570178886909176,0.6328513872461043,0.5327273778465457,0.5691090335532526,0.5621055036402263,0.553227713256228,0.0247922268313275,0.5634474265307665,0.5949502835718032,0.5211108935544236,0.5431691626291802,0.5434607999949664,0.5481232015977976,0.0206340031244286,0.5561878196200887,0.5832855521819565,0.5285377646221965,0.545366957606342,0.527237913958404,439.4073913574219,11.363392310021055,434.0021667480469,428.9905090332031,431.0267639160156,460.0171203613281,443.0003967285156,1027.19970703125,0.3999026418458901,1027.99951171875,1027.0,1026.9990234375,1027.00048828125,1026.99951171875,0.0011682623880915,0.0003895788376357,0.0009727626456879,0.0009737098589539,0.0019474197179079,0.0009737098589539,0.0009737098589539,0.0009735204163007,3.788853064179421e-07,0.0009727626456879,0.0009737098589539,0.0009737098589539,0.0009737098589539,0.0009737098589539,0.0054518279619514,0.0007796803012969,0.0048638130538165,0.0048685492947697,0.0068159690126776,0.0048685492947697,0.0058422591537237,0.0048676020465791,1.8944963812828069e-06,0.0048638130538165,0.0048685492947697,0.0048685492947697,0.0048685492947697,0.0048685492947697,0.0105141719803214,0.0009555900344813,0.0097276261076331,0.0097370985895395,0.0116845183074474,0.0097370985895395,0.0116845183074474,0.0097352040931582,3.7889927625656137e-06,0.0097276261076331,0.0097370985895395,0.0097370985895395,0.0097370985895395,0.0097370985895395
100,89.49089093889509,1.8144587016127316,88.7624010358538,91.90137481689452,87.29984283447266,91.35630471365792,88.13453129359654,0.0427342914044857,0.0152800952203394,0.0438436046242713,0.0415079891681671,0.0236588045954704,0.0347717367112636,0.0698893219232559,0.0422347400071365,0.0199024742495981,0.0296626985073089,0.0531465017369815,0.0200801303477159,0.0325897089205682,0.075694660523108,0.9577652709824698,0.0199024767412959,0.9703373142651148,0.9468534929411752,0.9799198848860604,0.9674103089741298,0.9243053538458688,80.99185053507486,2.6073996147767455,83.51063028971355,81.62870534261067,81.92062377929688,81.95289611816406,75.94639714558919,-0.0734347663819789,0.0453862298526243,-0.0101246424019336,-0.055219791829586,-0.0827223807573318,-0.069154217839241,-0.1499527990818023,-0.0446609091634551,0.0685244364055135,0.0550257243836919,0.0022804662585258,-0.1151960405210654,-0.1243415077527364,-0.0410731881856918,1.0446609099706017,0.0685244192515102,0.9449743231137594,0.9977195064226786,1.1151960293451946,1.1243414878845217,1.041073203086853,84.91994806925456,9.837613063311958,83.85853322347005,75.94912974039714,102.75608571370442,75.83568445841472,86.20030721028645,-0.0837312906980514,0.0283347314601452,-0.1224815472960472,-0.0717296674847602,-0.0476051792502403,-0.1109987720847129,-0.0658412873744964,-0.0916410355518261,0.0566949586020551,-0.141886718571186,-0.0392060906936725,-0.0738772228360176,-0.029913584391276,-0.1733215612669786,1.0916410406430563,0.0566949288396293,1.1418867508570354,1.0392061670621235,1.073877215385437,1.029913584391276,1.1733214855194092,6.4,6.248199740725323,15,2,1,1,13,0.5509369638858073,0.0311565652757377,0.5810862955167929,0.5647264829658083,0.4943743647051136,0.5726682678420327,0.5418294083992884,0.538735341900247,0.0236094726611047,0.56647688989831,0.543279798310949,0.5014512900213546,0.5584709497446243,0.5239977815259966,0.5404627569093081,0.0229972664071416,0.5749593936488917,0.5460685467760233,0.5092725530027156,0.5503312015416361,0.5216820895772741,439.4005615234375,11.356531112826364,434.004638671875,428.9906921386719,431.0177307128906,459.99652099609375,442.99322509765625,1027.19931640625,0.3993652791495344,1027.998046875,1026.99951171875,1026.99951171875,1027.0,1026.99951171875,0.0013630043598823,0.0004771732670206,0.0009727626456879,0.0009737098589539,0.0019474197179079,0.0009737098589539,0.0019474197179079,0.0009735204163007,3.788853064179421e-07,0.0009727626456879,0.0009737098589539,0.0009737098589539,0.0009737098589539,0.0009737098589539,0.0054518279619514,0.0007796803012969,0.0048638130538165,0.0048685492947697,0.0058422591537237,0.0048685492947697,0.0068159690126776,0.0048676020465791,1.8944963812828069e-06,0.0048638130538165,0.0048685492947697,0.0048685492947697,0.0048685492947697,0.0048685492947697,0.0112925715744495,0.0013182692362824,0.0126459142193198,0.0097370985895395,0.0116845183074474,0.0097370985895395,0.0126582281664013,0.0097352040931582,3.7889927625656137e-06,0.0097276261076331,0.0097370985895395,0.0097370985895395,0.0097370985895395,0.0097370985895395
125,88.86103145054408,1.7072325947881943,89.58806392124721,90.03584943498883,86.73677825927734,86.95638820103237,90.98807743617466,0.045063804462552,0.0139180879267489,0.0439048036932945,0.0443299412727355,0.0254675392061471,0.0690707042813301,0.0425460338592529,0.0512985786007318,0.0125391799793799,0.0395237146211521,0.0645292832383087,0.0393166344396637,0.0682554276926176,0.0448678330119167,0.9487014157431466,0.0125391761472617,0.9604762707437788,0.9354707087789264,0.960683354309627,0.9317445755004884,0.9551321693829128,81.19584401448567,3.151316566445811,83.62182871500652,81.78587849934895,81.87007649739583,83.60259246826172,75.09884389241536,-0.0640379424672573,0.0373289300570709,-0.0034764760639518,-0.0600132308900356,-0.0815095379948616,-0.0570321269333362,-0.1181583404541015,-0.0491718998178839,0.0686829605418599,0.0424050102010369,0.0046247243881225,-0.0998635590076446,-0.1477688861389955,-0.0452567885319391,1.0491718928019205,0.0686829643316688,0.9575949907302856,0.9953752358754476,1.0998635292053225,1.1477688948313396,1.0452568133672078,84.79666392008463,9.573275126578327,83.99231974283855,76.1843770345052,102.67926788330078,76.83569844563802,84.29165649414062,-0.0945532478392124,0.0421704822858215,-0.1302376985549926,-0.0740228816866874,-0.0433979667723178,-0.156893253326416,-0.068214438855648,-0.0880828117330869,0.0499186968928733,-0.1401748458544413,-0.03943449507157,-0.052613745133082,-0.0511413713296254,-0.1570496012767156,1.0880828460057577,0.0499187020935447,1.1401748657226562,1.0394344925880432,1.0526137749354043,1.0511414408683777,1.1570496559143066,8.2,7.984985911070851,22,5,1,12,1,0.564812922960787,0.0349585162005304,0.5921673232849274,0.6161795664692415,0.5383442081270479,0.5568244014234914,0.5205491154992263,0.5507957621701763,0.0249655749283351,0.5744840646009087,0.5819362373844341,0.5350176398065558,0.5482131144328946,0.5143277546260884,0.5485779241048254,0.0253644211228356,0.5803048575891936,0.5720869718203982,0.5420993698201224,0.5388088077729135,0.5095896135214995,439.4100708007812,11.36453688188476,434.0098571777344,428.9986572265625,431.0181579589844,460.0228271484375,443.0008544921875,1027.1998046875,0.3998540373563652,1027.99951171875,1027.0009765625,1026.99951171875,1026.9990234375,1027.0,0.0009735204163007,3.788853064179421e-07,0.0009727626456879,0.0009737098589539,0.0009737098589539,0.0009737098589539,0.0009737098589539,0.0009735204163007,3.788853064179421e-07,0.0009727626456879,0.0009737098589539,0.0009737098589539,0.0009737098589539,0.0009737098589539,0.0052570859901607,0.0004777950172406,0.0048638130538165,0.0048685492947697,0.0058422591537237,0.0058422591537237,0.0048685492947697,0.0048676020465791,1.8944963812828069e-06,0.0048638130538165,0.0048685492947697,0.0048685492947697,0.0048685492947697,0.0048685492947697,0.0114876924082636,0.000730894037551,0.0107003888115286,0.0126582281664013,0.0116845183074474,0.0107108084484934,0.0116845183074474,0.0097352040931582,3.7889927625656137e-06,0.0097276261076331,0.0097370985895395,0.0097370985895395,0.0097370985895395,0.0097370985895395
150,88.1155968802316,1.1093143386145392,88.7452643258231,87.8571537562779,89.92591530936105,87.15288870675224,86.89676230294364,0.043834787979722,0.0151969445483459,0.0438526049256324,0.0449443347752094,0.0237499270588159,0.0364255346357822,0.07020153850317,0.0478101073697741,0.013392543031423,0.0515691167009728,0.054341193820749,0.0245719689077564,0.043887523036184,0.0646807343832084,0.9521898984909056,0.0133925381951515,0.9484308872904096,0.9456587944711956,0.9754280362810408,0.9561124784605844,0.9353192959512984,81.0137685139974,2.6223871469117057,83.69613647460938,81.60191599527995,81.83915456136067,81.94693247477214,75.98470306396484,-0.0770116634666919,0.0459028518177472,-0.0155550576746463,-0.0607869401574134,-0.084340400993824,-0.0676528662443161,-0.1567230522632599,-0.0402364885434508,0.0597039435219883,0.0288025944804151,0.0286209024488925,-0.0808986003200213,-0.1199535181125005,-0.0577538212140401,1.040236477057139,0.0597039406415487,0.9711973865826924,0.9713791012763976,1.0808985630671184,1.1199535131454468,1.05775382121404,84.96129404703777,9.747036211687208,83.79369099934895,76.39793141682942,102.83579762776692,76.00728098551433,85.77176920572917,-0.081168108433485,0.0295479345398846,-0.1165553405880928,-0.0735879391431808,-0.0420656017959117,-0.113861046731472,-0.0597706139087677,-0.1008695503696799,0.0329668872319045,-0.1155090282360712,-0.0601896985123554,-0.088446586082379,-0.0835576197132468,-0.156644819304347,1.1008695602416991,0.0329668712319089,1.115509072939555,1.060189723968506,1.0884466171264648,1.0835576057434082,1.1566447814305625,10.6,8.708616422830897,23,17,1,1,11,0.5585841978555566,0.0494159863841599,0.5832236035780919,0.6432668984755978,0.5136347585563816,0.5133773760848762,0.5394183525828352,0.5437136077526542,0.0400489573278996,0.5690266189479167,0.6093662702948014,0.5082326468335923,0.5043437190470771,0.5275987836398832,0.544077778016547,0.0358511011203752,0.5778009806403139,0.5952731039296514,0.5116372174213776,0.5069087223215434,0.5287688657698487,439.4028076171875,11.358191574636043,434.00531005859375,429.0025634765625,431.0066528320313,460.00201416015625,442.99749755859375,1027.19970703125,0.3994141818841508,1027.99853515625,1026.99951171875,1027.0,1027.00048828125,1027.0,0.0011682623880915,0.0003895788376357,0.0009727626456879,0.0009737098589539,0.0009737098589539,0.0009737098589539,0.0019474197179079,0.0009735204163007,3.788853064179421e-07,0.0009727626456879,0.0009737098589539,0.0009737098589539,0.0009737098589539,0.0009737098589539,0.0056465699337422,0.0009548119159326,0.0048638130538165,0.0048685492947697,0.0068159690126776,0.0048685492947697,0.0068159690126776,0.0048676020465791,1.8944963812828069e-06,0.0048638130538165,0.0048685492947697,0.0048685492947697,0.0048685492947697,0.0048685492947697,0.0112925715744495,0.0013182692362824,0.0126459142193198,0.0097370985895395,0.0126582281664013,0.0097370985895395,0.0116845183074474,0.0097352040931582,3.7889927625656137e-06,0.0097276261076331,0.0097370985895395,0.0097370985895395,0.0097370985895395,0.0097370985895395
175,88.79190303257533,1.0535797507318685,89.51944732666016,86.9277114868164,89.33958326067243,89.81858389718192,88.35418919154576,0.0466993167996406,0.0110643754690051,0.0429724231362342,0.0428675226867198,0.0401419699192047,0.0686048865318298,0.0389097817242145,0.0524616403239113,0.0089818320794733,0.0580743961036205,0.0446260502961065,0.044550678559712,0.0674415805510112,0.0476154961091067,0.9475383673395432,0.0089818316038958,0.9419256108147758,0.9553739513669696,0.9554493171828132,0.9325584258352008,0.9523845314979552,83.62178471883138,5.079770111691072,85.65016428629558,85.51062520345052,86.11486053466797,87.29329681396484,73.539976755778,-0.0644941793754696,0.0364889541675829,-0.0095762321725487,-0.0482696592807769,-0.0831942334771156,-0.0619646683335304,-0.1194661036133766,-0.0435462709826727,0.0554690484659825,0.0091774387595554,0.0318414767583211,-0.0812493835886319,-0.1153268944472074,-0.062173992395401,1.0435462872187298,0.0554690548818379,0.9908225735028584,0.9681585431098938,1.0812493562698364,1.115326960881551,1.0621740023295083,86.21219533284504,11.934312201611924,82.20311991373698,79.48727162679036,108.83887990315756,74.42817687988281,86.10352834065755,-0.0925345875322818,0.0386631537490203,-0.1220004707574844,-0.0801044553518295,-0.0432660169899463,-0.1505113691091537,-0.0667906254529953,-0.0936708769450585,0.0291906314396569,-0.1205502028266588,-0.0846085349718729,-0.0641569153716166,-0.0640485535065333,-0.1349901780486107,1.0936708569526672,0.0291906585057641,1.1205501953760784,1.0846084753672285,1.0641568501790364,1.0640485485394795,1.1349902153015137,3.8,2.4819347291981715,5,3,2,8,1,0.5651107944504918,0.0256990869120657,0.5740872063337805,0.6029729489256119,0.5704568285335081,0.5531234629773678,0.5249135254821911,0.5451572463995593,0.0196550447583348,0.5571709435176424,0.5767866842304942,0.5390020928217321,0.5312243562691744,0.521602155158753,0.5435434784410329,0.0181512343621667,0.556232138762348,0.5553317684086634,0.5587437127230522,0.5365342285641338,0.5108755437469668,439.40648193359374,11.670406336486275,434.02142333984375,429.0011291503906,431.0146789550781,461.00836181640625,441.98681640625,1026.9994140625,0.0005694288959809,1026.9990234375,1027.00048828125,1026.9990234375,1026.99951171875,1026.9990234375,0.0009737098589539,0.0,0.0009737098589539,0.0009737098589539,0.0009737098589539,0.0009737098589539,0.0009737098589539,0.0009737098589539,0.0,0.0009737098589539,0.0009737098589539,0.0009737098589539,0.0009737098589539,0.0009737098589539,0.0058422591537237,0.0008709125739931,0.0048685492947697,0.0068159690126776,0.0058422591537237,0.0048685492947697,0.0068159690126776,0.0048685492947697,0.0,0.0048685492947697,0.0048685492947697,0.0048685492947697,0.0048685492947697,0.0048685492947697,0.0109055504202842,0.0009540369247818,0.0097370985895395,0.0116845183074474,0.0116845183074474,0.0097370985895395,0.0116845183074474,0.0097370985895395,0.0,0.0097370985895395,0.0097370985895395,0.0097370985895395,0.0097370985895395,0.0097370985895395
200,90.34964229038783,3.1580009853692736,93.51782771519252,88.54614366803851,86.27893393380302,94.56122807094027,88.84407806396484,0.0386750422418117,0.0162698261570717,0.0408193580806255,0.0273734126240015,0.023555876687169,0.0690882429480552,0.0325383208692073,0.0412790981254407,0.014966580083961,0.0439799342836652,0.0356801285275391,0.0231058892926999,0.0680795067123004,0.0355500318109989,0.9587208935192651,0.0149665807048333,0.956020074231284,0.9643198677471706,0.976894097668784,0.9319204773221698,0.9644499506269184,83.62607955932617,5.1106570351478515,85.60382843017578,85.61892191569011,85.94558461507161,87.46488444010417,73.49717839558919,-0.0650671120733022,0.0336686516475588,-0.0070555228739976,-0.0652418509125709,-0.0827349349856376,-0.0608248077332973,-0.1094784438610076,-0.0507714352880914,0.0570010627449865,0.0192367834970355,0.0068065797289212,-0.0974017456173896,-0.1271514209608236,-0.0553473730882008,1.050771423180898,0.0570010594332394,0.9807632366816202,0.9931934078534445,1.0974016984303792,1.1271514495213826,1.0553473234176636,86.04131164550782,11.90004880877059,81.8857905069987,79.04841868082683,108.64358520507812,74.59473673502605,86.03402709960938,-0.0897173434495925,0.0400057469773133,-0.1181372478604316,-0.064208872616291,-0.0434073060750961,-0.1529954075813293,-0.0698378831148147,-0.0872396409511566,0.0271021236506378,-0.1115614175796508,-0.0569140600661436,-0.067422479391098,-0.0733606219291687,-0.1269396257897218,1.08723965883255,0.0271021237937669,1.1115614175796509,1.0569140513737996,1.0674225489298503,1.0733606219291687,1.1269396543502808,3.6,4.2708313008125245,3,1,1,12,1,0.5461367876506358,0.0351755179162443,0.5363313727359329,0.5621390144852169,0.4967022642216602,0.6027973751199797,0.5327139116903896,0.5422727893960749,0.0285156183738378,0.5553967374401844,0.5409069476452594,0.5037026458270427,0.5876514547330016,0.5237061613348868,0.5449122904211315,0.0203175621422647,0.5534284930472874,0.5453280828010124,0.5185474756918313,0.5775479708515829,0.5297094297139435,439.4050231933594,11.680474468249193,433.99224853515625,428.9949645996094,431.0138549804687,461.0233154296875,442.000732421875,1026.99970703125,0.000390625,1027.0,1026.9990234375,1027.0,1026.99951171875,1027.0,0.0011684518307447,0.0003894839435815,0.0009737098589539,0.0009737098589539,0.0019474197179079,0.0009737098589539,0.0009737098589539,0.0009737098589539,0.0,0.0009737098589539,0.0009737098589539,0.0009737098589539,0.0009737098589539,0.0009737098589539,0.0052580332383513,0.0004770184623909,0.0048685492947697,0.0048685492947697,0.0058422591537237,0.0048685492947697,0.0058422591537237,0.0048685492947697,0.0,0.0048685492947697,0.0048685492947697,0.0048685492947697,0.0048685492947697,0.0048685492947697,0.011100292392075,0.0013208043142496,0.0126582281664013,0.0097370985895395,0.0107108084484934,0.0097370985895395,0.0126582281664013,0.0097370985895395,0.0,0.0097370985895395,0.0097370985895395,0.0097370985895395,0.0097370985895395,0.0097370985895395
225,88.20821206229074,1.5729034866783933,88.94776698521206,85.66575077601841,90.49281638009208,87.85863712855748,88.07608904157367,0.047556172311306,0.0136658873654387,0.0403066985309124,0.0448172092437744,0.0281918197870254,0.0680615603923797,0.0564035736024379,0.0528480714985302,0.012078058785798,0.0458485979054655,0.0628908798098564,0.040719094553164,0.0713758910340922,0.043405894190073,0.9471519333975656,0.0120780573208599,0.9541513919830322,0.9371091382844108,0.959280925137656,0.9286241105624607,0.956594101020268,83.5766960144043,4.963692015482125,85.58878580729167,85.5734125773112,85.99266052246094,87.0231424967448,73.70547866821289,-0.0649292435497045,0.0330391476569959,-0.0155423190444707,-0.0501099750399589,-0.0788979679346084,-0.0641421824693679,-0.1159537732601165,-0.0442382954992353,0.0607625907569084,0.0150262435587743,0.0376443490386009,-0.1028700582683086,-0.1119660660624504,-0.0590259457627932,1.044238289197286,0.0607626201856364,0.9849737286567688,0.9623555938402812,1.1028700669606526,1.111966093381246,1.0590259631474812,86.10462188720703,11.844709054132045,81.81646728515625,79.396422068278,108.5476303100586,74.51205825805664,86.25053151448567,-0.09136593490839,0.0346630979697125,-0.1120440885424614,-0.0829124823212623,-0.0472510159015655,-0.1463878005743026,-0.0682342872023582,-0.0805395911137263,0.0310787411677789,-0.1224821905295054,-0.0466064090530077,-0.0431484468281269,-0.0885574618975321,-0.1019034472604592,1.080539608001709,0.0310787680251331,1.122482220331828,1.0466063817342122,1.043148438135783,1.088557481765747,1.1019035180409749,4.6,3.6110940170535577,2,9,1,9,2,0.5729331249820261,0.0342112601996894,0.5702131168744882,0.6300079964446302,0.5281364028387496,0.5845046947180602,0.5518034140342022,0.5525422985761514,0.0239574460407976,0.5615451353450435,0.5889249720237283,0.5246045796049349,0.5601327717112293,0.527504034195821,0.5483413200434398,0.022009821303493,0.5599887966652102,0.5719257338230128,0.519829170581697,0.5661327232705267,0.5238301758767527,439.4043762207031,11.67356828733556,434.0015563964844,429.000732421875,431.0171203613281,461.0122985839844,441.99017333984375,1026.9998046875,0.000390625,1027.0,1026.99951171875,1027.00048828125,1026.99951171875,1026.99951171875,0.0009737098589539,0.0,0.0009737098589539,0.0009737098589539,0.0009737098589539,0.0009737098589539,0.0009737098589539,0.0009737098589539,0.0,0.0009737098589539,0.0009737098589539,0.0009737098589539,0.0009737098589539,0.0009737098589539,0.0056475171819329,0.0009540369247818,0.0048685492947697,0.0048685492947697,0.0068159690126776,0.0048685492947697,0.0068159690126776,0.0048685492947697,0.0,0.0048685492947697,0.0048685492947697,0.0048685492947697,0.0048685492947697,0.0048685492947697,0.0116845183074474,0.0016293282328578,0.0136319380253553,0.0097370985895395,0.0126582281664013,0.0097370985895395,0.0126582281664013,0.0097370985895395,0.0,0.0097370985895395,0.0097370985895395,0.0097370985895395,0.0097370985895395,0.0097370985895395
250,89.99427708217077,2.8150177226623865,93.88175637381416,87.57975115094867,87.23941476004464,88.36936732700893,92.9010957990374,0.0412845902144908,0.0115883744360501,0.0422691479325294,0.0257184989750385,0.0454577766358852,0.0331359133124351,0.059841614216566,0.0442188625490026,0.0089913920365018,0.038579154094415,0.0306175891975207,0.049870131271226,0.0453946570466671,0.0566327811351844,0.9557811413492476,0.0089913971503477,0.9614208596093314,0.9693824223109654,0.950129875114986,0.9546053324426924,0.9433672172682626,83.5477434794108,4.941044618213502,85.60110219319661,85.60254414876302,86.72891743977864,86.10565948486328,73.70049413045247,-0.0683137357700616,0.0401938775675106,-0.0019418450538069,-0.0572343617677688,-0.0914271250367164,-0.067740760743618,-0.1232245862483978,-0.0533787059908111,0.0595051988968817,0.0175491742168863,0.0083509484926859,-0.1059159462650616,-0.1314732891817887,-0.0554044172167778,1.053378717104594,0.0595051987735306,0.982450822989146,0.9916490713755288,1.105915943781535,1.1314733028411863,1.0554044445355732,86.00674057006836,12.30765233835298,81.95441436767578,79.05019124348958,109.16232299804688,73.50593185424805,86.36084238688152,-0.0852083452045917,0.0288511363692019,-0.1279893517494201,-0.0743431076407432,-0.0461466275155544,-0.1069791540503501,-0.0705834850668907,-0.080722419048349,0.0301357110973735,-0.1131867592533429,-0.0618520689507325,-0.0576513409614563,-0.0497286270062128,-0.1211932990700006,1.0807224273681642,0.0301357307151017,1.113186796506246,1.0618520577748616,1.0576513210932414,1.0497286319732666,1.1211933294932048,3.2,2.6381811916545836,4,1,8,1,2,0.5474155844064106,0.0231223824839159,0.5760792351016868,0.5604448749522146,0.5587754337290082,0.5123595318798203,0.5294188463693228,0.5366630091917006,0.0213098155186511,0.57179794174477,0.5309600061224379,0.5478667746518066,0.5214637184208831,0.5112266050186054,0.5369093553460894,0.021949502387121,0.5707927378179678,0.508438944089141,0.552130010095787,0.5282827729844641,0.5249023117430871,439.40422973632815,11.669437366298071,433.9957580566406,429.0058288574219,431.017333984375,461.0008850097656,442.0013427734375,1027.00009765625,0.000717623948081,1027.0,1026.99951171875,1026.99951171875,1027.0,1027.00146484375,0.0013631938025355,0.0004770184623909,0.0009737098589539,0.0009737098589539,0.0019474197179079,0.0009737098589539,0.0019474197179079,0.0009737098589539,0.0,0.0009737098589539,0.0009737098589539,0.0009737098589539,0.0009737098589539,0.0009737098589539,0.0052580332383513,0.0004770184623909,0.0048685492947697,0.0048685492947697,0.0058422591537237,0.0048685492947697,0.0058422591537237,0.0048685492947697,0.0,0.0048685492947697,0.0048685492947697,0.0048685492947697,0.0048685492947697,0.0048685492947697,0.0107108084484934,0.0012316563737823,0.0097370985895395,0.0097370985895395,0.0116845183074474,0.0097370985895395,0.0126582281664013,0.0097370985895395,0.0,0.0097370985895395,0.0097370985895395,0.0097370985895395,0.0097370985895395,0.0097370985895395
275,89.10711539132255,2.3131424212808263,88.95812007359096,89.0511714390346,87.65130615234375,86.52945600237165,93.34552328927175,0.0442023869603872,0.018622584998818,0.0212257802486419,0.045824434608221,0.024909907951951,0.0661317184567451,0.0629200935363769,0.0431439108215272,0.0180536850893187,0.0179076856002211,0.0483089479883866,0.0274892257792609,0.0674448162317276,0.0545688785080398,0.9568560923848832,0.0180536762119407,0.98209228685924,0.9516910825456892,0.9725107806069512,0.9325551816395352,0.9454311302730016,83.66855189005534,4.895820884320567,85.67780049641927,85.70390065511067,85.9833501180013,87.0495834350586,73.92812474568684,-0.0735084135085344,0.0368710604600291,-0.0215797442942857,-0.0620501041412353,-0.0794554054737091,-0.0684315636754036,-0.1360252499580383,-0.0611126661300659,0.0542313697305482,-0.0277534835040569,0.0227157187958558,-0.099851369857788,-0.1318599060177803,-0.0688142900665601,1.061112662156423,0.0542313720604054,1.027753472328186,0.9772842725118002,1.099851369857788,1.1318598985671997,1.0688142975171406,86.09373346964517,11.946395129888568,81.39221445719402,79.57336171468098,108.60868581136069,74.19130325317383,86.7031021118164,-0.0850752912461757,0.0316789630919761,-0.0984767749905586,-0.0757820755243301,-0.0473980419337749,-0.1390673518180847,-0.0646522119641304,-0.085103407377998,0.0301378954112613,-0.0985629484057426,-0.0669254052142302,-0.054361006245017,-0.0677907715241114,-0.1378769055008888,1.0851034283638,0.0301379144475794,1.0985629955927532,1.0669254064559937,1.0543609857559204,1.0677908062934875,1.1378769477208457,4.2,3.7094473981982814,1,11,1,5,3,0.5633256225001793,0.0295314421650169,0.5408819814044811,0.6201588904997352,0.5637111192237186,0.5492539154188688,0.5426222059540924,0.5403252064090832,0.0238175637067423,0.5222645562847152,0.5857489103026213,0.5375117615223316,0.5363457207088972,0.5197550832268506,0.5356973659905309,0.0196077843795804,0.5211700705599241,0.5732308498841665,0.5316509676248523,0.5335116863094299,0.5189232555742819,439.4072021484375,11.674150099173067,434.0135803222656,428.9911193847656,431.0212097167969,461.0130004882813,441.9971008300781,1026.9998046875,0.0007307924583542,1026.99853515625,1026.99951171875,1027.00048828125,1027.00048828125,1027.0,0.0009737098589539,0.0,0.0009737098589539,0.0009737098589539,0.0009737098589539,0.0009737098589539,0.0009737098589539,0.0009737098589539,0.0,0.0009737098589539,0.0009737098589539,0.0009737098589539,0.0009737098589539,0.0009737098589539,0.0058422591537237,0.0010666457084285,0.0077896788716316,0.0048685492947697,0.0058422591537237,0.0048685492947697,0.0058422591537237,0.0048685492947697,0.0,0.0048685492947697,0.0048685492947697,0.0048685492947697,0.0048685492947697,0.0048685492947697,0.0107108084484934,0.0010666457084285,0.0126582281664013,0.0097370985895395,0.0107108084484934,0.0097370985895395,0.0107108084484934,0.0097370985895395,0.0,0.0097370985895395,0.0097370985895395,0.0097370985895395,0.0097370985895395,0.0097370985895395
300,88.16508571079798,1.4834421709466368,86.68387167794364,90.113521030971,87.60578373500279,86.6788809640067,89.74337114606585,0.0433284420520067,0.0141638298801869,0.0431104525923728,0.0449465848505497,0.0253911670297384,0.0680578723549842,0.0351361334323883,0.0506141833694917,0.012801416614916,0.0534143171140125,0.0481743577069469,0.0354352290076868,0.07327786726611,0.0427691457527024,0.9493858201163154,0.0128014219728123,0.9465856722423008,0.9518256528036936,0.9645648002624512,0.9267221348626272,0.957230840410505,83.60312245686849,5.079941962231883,85.67046864827473,85.60890706380208,85.99681599934895,87.22872924804688,73.5106913248698,-0.0628019507043063,0.0354110180829721,-0.0056766807101666,-0.0553271956741809,-0.083192154765129,-0.0570006072521209,-0.112813115119934,-0.0445045430213213,0.0574017558221874,0.0115832950298984,0.0309619804223378,-0.103594089547793,-0.1082743514950076,-0.053199549516042,1.0445045312245689,0.0574017432050025,0.9884167114893596,0.9690380295117696,1.1035940647125244,1.1082743406295776,1.0531995097796123,86.16765467325845,11.79156401898846,82.0343729654948,79.5459098815918,108.53758748372395,74.59797668457031,86.12242635091145,-0.0932932257652282,0.0408327822567432,-0.1255062967538833,-0.0778261795639991,-0.0403117537498474,-0.1538145393133163,-0.069007359445095,-0.0889737914005915,0.0362395983156387,-0.1184568131963412,-0.0656766220927238,-0.0397566904624303,-0.0804363911350568,-0.1405424401164055,1.0889737963676454,0.0362395897340159,1.1184568405151367,1.0656766096750896,1.0397567351659138,1.080436368783315,1.1405424276987712,9.4,10.011992808627062,6,28,1,11,1,0.5569655941871988,0.0447773030629716,0.5670271908691017,0.6297394129904708,0.5007670033885596,0.5672557406152939,0.5200386230725681,0.5437938990326561,0.0355553638634842,0.5607483869534595,0.5974477495644441,0.4969828531049426,0.5503384028966988,0.5134521026437353,0.5427943124706085,0.0304960430960911,0.570983740941433,0.5790553268184511,0.4991346397134599,0.546859962990775,0.5179378918889233,439.40305786132814,11.671098587127188,433.9978332519531,429.0003356933594,431.0185546875,461.0046081542969,441.9939575195313,1027.00009765625,0.00078125,1027.0,1026.99951171875,1027.0009765625,1027.0009765625,1026.9990234375,0.0011684518307447,0.0003894839435815,0.0009737098589539,0.0009737098589539,0.0009737098589539,0.0009737098589539,0.0019474197179079,0.0009737098589539,0.0,0.0009737098589539,0.0009737098589539,0.0009737098589539,0.0009737098589539,0.0009737098589539,0.0054527752101421,0.0007789678871631,0.0058422591537237,0.0048685492947697,0.0048685492947697,0.0048685492947697,0.0068159690126776,0.0048685492947697,0.0,0.0048685492947697,0.0048685492947697,0.0048685492947697,0.0048685492947697,0.0048685492947697,0.0114897763356566,0.0017848396534325,0.0136319380253553,0.0097370985895395,0.0107108084484934,0.0097370985895395,0.0136319380253553,0.0097370985895395,0.0,0.0097370985895395,0.0097370985895395,0.0097370985895395,0.0097370985895395,0.0097370985895395
325,89.05310908726283,2.7756618284586403,89.40609741210938,87.84082467215401,86.04239436558315,87.79637799944196,94.17985098702567,0.0390504840761423,0.0150163124223138,0.044198665767908,0.0277276989072561,0.0245662443339824,0.0659562721848487,0.032803539186716,0.0453961628090058,0.0162613281674455,0.055571475731475,0.0481150810207639,0.0299231058784893,0.0686910727194377,0.0246800786948629,0.9546038372176032,0.0162613292727415,0.944428529058184,0.951884925365448,0.9700769100870404,0.9313089166368756,0.9753199049404688,83.49421539306641,4.997906560534733,85.4982401529948,85.61293284098308,86.01619211832683,86.80336252848308,73.54034932454427,-0.0655806560069322,0.0316051604969284,-0.0115311760455369,-0.0606606304645538,-0.0860825330018997,-0.063735194504261,-0.1058937460184097,-0.0454013987754782,0.061661095150782,0.0385841388876239,0.014359351247549,-0.1058082257707913,-0.1122089282919963,-0.0619333299497763,1.045401422182719,0.0616610991942696,0.9614158868789672,0.9856406648953756,1.1058082580566406,1.1122089624404907,1.0619333386421204,86.10463282267253,11.93849266163299,82.52354685465495,79.07558949788411,108.6350835164388,74.15539169311523,86.13355255126953,-0.0885878108441829,0.0382358058837118,-0.1231073513627052,-0.0689302533864975,-0.0407311730086803,-0.1431461721658706,-0.0670241042971611,-0.0946930666764577,0.0399917759742321,-0.1438838963707288,-0.0560002215206623,-0.0599473851422468,-0.0709100986520449,-0.1427237316966056,1.094693092505137,0.0399917679184508,1.1438839038213091,1.0560002724329631,1.059947411219279,1.070910116036733,1.1427237590154011,3.8,3.919183588453085,11,1,1,5,1,0.5387648087022978,0.0264403491469435,0.5678989151543463,0.5431997146965368,0.5304625543326118,0.5595893420738787,0.4926735172541152,0.5301854500276609,0.0249329341464538,0.5637331009889459,0.5351873962213892,0.5160213295602677,0.5450097769367219,0.4909756464309797,0.5323018710126157,0.0271730650402367,0.5719492547423447,0.5214097682588874,0.5058156636515146,0.5566352635623434,0.5056994048479884,439.4045043945313,11.670294634837534,434.00445556640625,428.9964294433594,431.0144653320313,460.9989013671875,442.0082702636719,1027.00009765625,0.0005694288959809,1026.99951171875,1026.99951171875,1027.00048828125,1027.0009765625,1027.0,0.0009737098589539,0.0,0.0009737098589539,0.0009737098589539,0.0009737098589539,0.0009737098589539,0.0009737098589539,0.0009737098589539,0.0,0.0009737098589539,0.0009737098589539,0.0009737098589539,0.0009737098589539,0.0009737098589539,0.0054527752101421,0.0004770184623909,0.0048685492947697,0.0048685492947697,0.0058422591537237,0.0058422591537237,0.0058422591537237,0.0048685492947697,0.0,0.0048685492947697,0.0048685492947697,0.0048685492947697,0.0048685492947697,0.0048685492947697,0.0118792602792382,0.0011355310694194,0.0107108084484934,0.0126582281664013,0.0116845183074474,0.0107108084484934,0.0136319380253553,0.0097370985895395,0.0,0.0097370985895395,0.0097370985895395,0.0097370985895395,0.0097370985895395,0.0097370985895395
350,88.79507620675223,4.054388752884752,91.37723868233816,84.14749363490513,86.24620492117745,86.81385585239956,95.39058794294084,0.0438378974795341,0.0103136613731603,0.0435433499515056,0.0459391586482524,0.0423693619668483,0.0274647623300552,0.0598728545010089,0.0514641536599291,0.0090043001706382,0.0492524754788194,0.0595092486057962,0.0566140876284667,0.0348160178733191,0.057128938713244,0.9485358493668692,0.0090043067738699,0.9507475239889962,0.9404907482010978,0.9433859246117728,0.9651839988572256,0.9428710511752536,83.43438135782877,4.848760420789333,85.58236694335938,85.47832489013672,86.31017049153645,86.04520924886067,73.75583521525066,-0.0680799257010221,0.0345858842619119,-0.0155388284474611,-0.0539668314158916,-0.0838534608483314,-0.0663361996412277,-0.1207043081521987,-0.0434834056223432,0.0724238005495195,0.027137693328162,0.0539688449352979,-0.1100608222186565,-0.1270832295219103,-0.0613795146346092,1.0434834082921345,0.0724237828598828,0.9728623429934184,0.9460311532020568,1.1100608110427856,1.1270831823349,1.0613795518875122,86.14903182983399,12.10190435850748,82.19536590576172,79.7185656229655,108.85066986083984,73.5067138671875,86.47384389241536,-0.084554872661829,0.0232886050474102,-0.1160847917199134,-0.0829832777380943,-0.0502568297088146,-0.1029946058988571,-0.0704548582434654,-0.0868239479760329,0.0291224493061393,-0.103520651658376,-0.0762080873052279,-0.0621846740444501,-0.0569253166516621,-0.1352810102204481,1.0868239243825275,0.0291224286162211,1.1035205920537312,1.0762080748875935,1.0621846516927085,1.0569253365198772,1.135280966758728,9.6,10.326664514740468,27,16,2,1,2,0.5534730151349214,0.0492605204631888,0.5896272312441104,0.6194691645891519,0.5620349543771985,0.5097026573742851,0.4865310680898612,0.5409789740157624,0.0418608325096028,0.5819155925348253,0.5940389639050294,0.5370621095310294,0.5058878524553605,0.4859903516525676,0.5447457347788478,0.0371526021943167,0.586366497441732,0.5842184068346564,0.5442678150295672,0.5178830598710866,0.4909928947171971,439.40720825195314,11.667739593422164,434.0135803222656,429.00543212890625,431.0181579589844,461.0013427734375,441.9975280761719,1027.0001220703125,0.0010415395023291,1026.99951171875,1027.0,1026.9990234375,1027.0,1027.0020751953125,0.0009737098589539,0.0,0.0009737098589539,0.0009737098589539,0.0009737098589539,0.0009737098589539,0.0009737098589539,0.0009737098589539,0.0,0.0009737098589539,0.0009737098589539,0.0009737098589539,0.0009737098589539,0.0009737098589539,0.0050632912665605,0.0003894839435815,0.0048685492947697,0.0048685492947697,0.0058422591537237,0.0048685492947697,0.0048685492947697,0.0048685492947697,0.0,0.0048685492947697,0.0048685492947697,0.0048685492947697,0.0048685492947697,0.0048685492947697,0.0116845183074474,0.0017418251479862,0.0136319380253553,0.0097370985895395,0.0116845183074474,0.0097370985895395,0.0136319380253553,0.0097370985895395,0.0,0.0097370985895395,0.0097370985895395,0.0097370985895395,0.0097370985895395,0.0097370985895395
375,89.39437626429967,1.5852139285921487,89.5278069632394,91.73958042689732,87.13416399274554,88.30682046072823,90.26350947788784,0.0476158887147903,0.0115906193180154,0.0447917208075523,0.0450386628508567,0.0414928197860717,0.0700093507766723,0.0367468893527984,0.0460216711674417,0.015321106910501,0.0336423489664282,0.043455528893641,0.035357887457524,0.0757410196321351,0.0419115708874804,0.953978329045432,0.0153211035686489,0.9663576568875994,0.956544475896018,0.9646421160016742,0.9242589899471828,0.9580884064946856,83.67682139078775,5.104622653820201,85.60468292236328,85.65823364257812,86.18131764729817,87.39100901285808,73.54886372884114,-0.0634843157604336,0.0324182862101996,-0.0107310386374592,-0.0575052946805954,-0.0769010037183761,-0.0613498874008655,-0.1109343543648719,-0.0445189606398344,0.0577334597196746,0.019517866273721,0.0256221132973829,-0.0921306299666563,-0.1163638439029455,-0.0592403089006741,1.0445189754168192,0.057733457933095,0.9804821411768596,0.9743779102961222,1.0921306610107422,1.1163638432820635,1.0592403213183086,86.25327326456706,11.852854642590698,82.24805450439453,79.49112065633138,108.78202056884766,74.71692911783855,86.02824147542317,-0.0945504240691661,0.0393049823333976,-0.1262998431921005,-0.0761197581887245,-0.0495097003877162,-0.1542570739984512,-0.0665657445788383,-0.0854188627563417,0.0298020195864142,-0.1321961581707,-0.0495547734511395,-0.0581692978739738,-0.086861103773117,-0.1003129805127779,1.0854188720385234,0.0298020180133207,1.1321961879730225,1.0495547850926716,1.0581693251927693,1.0868611137072246,1.1003129482269287,11.0,9.18694726228468,11,15,2,26,1,0.5697615999140694,0.0353177147069255,0.564002745600591,0.6176088331272054,0.5539039195703577,0.597381321104877,0.5159111801673159,0.55589510929698,0.0352686996200065,0.5808793268271962,0.5933654406202086,0.5305897300946355,0.5751409976962852,0.4995000512465745,0.551206477896291,0.0290669311063733,0.5809237523328656,0.5774949274234746,0.5288870518273032,0.5625119819207148,0.5062146759770965,439.40492553710936,11.670471794875704,434.0148010253906,428.9964294433594,431.0144653320313,461.0035095214844,441.9954223632813,1027.00048828125,0.0005348853100636,1027.0,1027.00048828125,1027.00048828125,1027.00146484375,1027.0,0.0009737098589539,0.0,0.0009737098589539,0.0009737098589539,0.0009737098589539,0.0009737098589539,0.0009737098589539,0.0009737098589539,0.0,0.0009737098589539,0.0009737098589539,0.0009737098589539,0.0009737098589539,0.0009737098589539,0.006426485069096,0.0022710621388388,0.0048685492947697,0.0048685492947697,0.0048685492947697,0.0107108084484934,0.0068159690126776,0.0048685492947697,0.0,0.0048685492947697,0.0048685492947697,0.0048685492947697,0.0048685492947697,0.0048685492947697,0.0122687442228198,0.0022710621388388,0.0136319380253553,0.0097370985895395,0.0097370985895395,0.0155793577432632,0.0126582281664013,0.0097370985895395,0.0,0.0097370985895395,0.0097370985895395,0.0097370985895395,0.0097370985895395,0.0097370985895395
400,87.63952048165456,1.5496969997152426,88.39295741489956,84.91696166992188,89.63793618338448,87.7547116960798,87.49503544398716,0.0422762539237737,0.0114011914641249,0.0435991175472736,0.0452869646251201,0.0245745535939931,0.038087923079729,0.0598327107727527,0.0583324506878852,0.0142781635039475,0.0502326999391828,0.0797436077679906,0.0369792221380131,0.060483825259975,0.0642228983342647,0.9416675584656852,0.0142781702009622,0.9497673170907156,0.9202564018113272,0.9630208015441896,0.9395161781992232,0.9357770936829704,83.33115641276041,4.822598090999628,85.44467163085938,85.57786305745442,85.87978108723958,86.05779520670573,73.69567108154297,-0.0659522324800491,0.0368771107802574,-0.0083326213061809,-0.0527533553540706,-0.080549918115139,-0.0665681362152099,-0.121557131409645,-0.0337275729204217,0.0603713442756026,0.0376552290593584,0.0364822844664255,-0.0758784525096416,-0.1106287601093451,-0.056268165508906,1.0337275624275206,0.0603713453140275,0.962344745794932,0.9635177055994668,1.0758784612019856,1.1106287240982056,1.0562681754430134,86.06516850789389,12.019105276656829,82.33963267008464,79.56568145751953,108.61773427327472,73.51511764526367,86.28767649332683,-0.0868156805634498,0.0293956922926015,-0.1247000694274902,-0.0822990834712982,-0.0457308664917945,-0.1146238148212432,-0.0667245686054229,-0.0831225955237945,0.0364194883996717,-0.1402358114719391,-0.0539973316093285,-0.0593808852136135,-0.0497824028134346,-0.1122165465106566,1.0831225991249085,0.0364194730151468,1.1402357816696167,1.0539973576863606,1.0593808889389038,1.0497824152310689,1.112216552098592,4.0,3.794733192202055,5,11,1,1,2,0.5473681912551862,0.0375858235085001,0.5309264249186271,0.6151019455792819,0.5009075328705401,0.5407683993908419,0.5491366535166404,0.5405902625728842,0.0203530775123085,0.5402849222733499,0.5741203703618737,0.5099254688589335,0.538031378956378,0.5405891724138859,0.5362388532811929,0.0175514886997519,0.5449923692549378,0.5648770571173595,0.5129117464620748,0.5296768845273352,0.5287362090442576,439.403857421875,11.666394422768835,434.0158386230469,429.000732421875,431.0160827636719,460.99603271484375,441.9906005859375,1027.00009765625,0.00078125,1027.0,1027.0009765625,1026.99951171875,1027.0009765625,1026.9990234375,0.0009737098589539,0.0,0.0009737098589539,0.0009737098589539,0.0009737098589539,0.0009737098589539,0.0009737098589539,0.0009737098589539,0.0,0.0009737098589539,0.0009737098589539,0.0009737098589539,0.0009737098589539,0.0009737098589539,0.0054527752101421,0.0007789678871631,0.0048685492947697,0.0048685492947697,0.0068159690126776,0.0048685492947697,0.0058422591537237,0.0048685492947697,0.0,0.0048685492947697,0.0048685492947697,0.0048685492947697,0.0048685492947697,0.0048685492947697,0.0107108084484934,0.0012316563737823,0.0097370985895395,0.0097370985895395,0.0116845183074474,0.0097370985895395,0.0126582281664013,0.0097370985895395,0.0,0.0097370985895395,0.0097370985895395,0.0097370985895395,0.0097370985895395,0.0097370985895395
425,90.01217106410436,1.3812744377433186,90.55294581821988,89.27659279959542,91.34113202776228,91.21946389334542,87.67072078159877,0.044989651069045,0.0137326866442639,0.0449457578361034,0.0415440760552883,0.0269113611429929,0.0694053098559379,0.0421417504549026,0.0461136928027761,0.0137446980748448,0.0513288996049336,0.0460359264896916,0.0368061201380831,0.0684725509158202,0.0279249668653522,0.953886306285858,0.0137446960843423,0.9486710940088544,0.9539640971592496,0.9631938764027188,0.9315274442945208,0.9720750195639474,83.65747909545898,5.111145532513934,85.62154134114583,85.81747182210286,85.9024429321289,87.42904154459636,73.51689783732097,-0.0641560753807425,0.0355566542629861,-0.0067774830386042,-0.0629086121916771,-0.0801044106483459,-0.0549787431955337,-0.1160111278295517,-0.0447452843189239,0.0482645488217168,0.0182486244787772,0.002663530409336,-0.0800936669111251,-0.1084011737257242,-0.0561437358458836,1.0447452942530315,0.0482645394183391,0.9817514022191366,0.997336486975352,1.0800936619440715,1.1084011793136597,1.0561437408129375,86.19149424235026,11.84387155929785,82.24985758463542,79.4385159810384,108.65132395426431,74.53856786092122,86.07920583089192,-0.0938608698546886,0.0434284771731019,-0.1298342198133468,-0.0614395774900913,-0.0470123365521431,-0.1599661856889724,-0.0710520297288894,-0.090236023068428,0.0322150124871413,-0.1318329696853955,-0.0671363783379395,-0.0672814523180325,-0.0579082568486531,-0.1270210581521193,1.0902360240618387,0.0322150298807406,1.1318329970041912,1.0671363671620686,1.067281444867452,1.0579082369804382,1.127021074295044,6.4,5.642694391866353,11,4,1,15,1,0.553516058093372,0.0430552751064915,0.5787381947176122,0.6036804173867246,0.5001699046681891,0.5814025959049853,0.503589177789349,0.5468224482466982,0.0380249070936447,0.5826931014114464,0.5762388933433763,0.505456676126589,0.5741058597067102,0.4956177106453695,0.5426911637156879,0.0373005905900032,0.589877174464928,0.5660982867933415,0.4991062612805383,0.5601538953640228,0.4982202006756087,439.40137939453126,11.673841775484416,434.0082092285156,428.9825134277344,431.01898193359375,461.006591796875,441.9906005859375,1026.9998046875,0.0004979511243742,1026.9990234375,1027.00048828125,1027.0,1026.99951171875,1027.0,0.0011684518307447,0.0003894839435815,0.0009737098589539,0.0009737098589539,0.0019474197179079,0.0009737098589539,0.0009737098589539,0.0009737098589539,0.0,0.0009737098589539,0.0009737098589539,0.0009737098589539,0.0009737098589539,0.0009737098589539,0.0054527752101421,0.0004770184623909,0.0058422591537237,0.0048685492947697,0.0058422591537237,0.0048685492947697,0.0058422591537237,0.0048685492947697,0.0,0.0048685492947697,0.0048685492947697,0.0048685492947697,0.0048685492947697,0.0048685492947697,0.0118792602792382,0.0018880934680875,0.0107108084484934,0.0146056478843092,0.0107108084484934,0.0097370985895395,0.0136319380253553,0.0097370985895395,0.0,0.0097370985895395,0.0097370985895395,0.0097370985895395,0.0097370985895395,0.0097370985895395
450,87.91315460205078,0.9579563722165244,87.52337973458427,88.35263933454242,86.8217032296317,89.55417088099888,87.31387983049665,0.0381987739354372,0.0136127984725384,0.0437878184020519,0.0246273782104253,0.0232976898550987,0.0603000670671463,0.0389809161424636,0.0393936321937612,0.013401315458043,0.044517055686031,0.0281494998905275,0.0229487825584198,0.061170719563961,0.0401821032698665,0.9606063672474452,0.0134013168938791,0.9554829256875176,0.9718504888670784,0.9770512325423104,0.9388292857578824,0.9598179033824376,83.45617396036783,4.962833618250711,85.5586446126302,85.60696411132812,85.97329457600911,86.58433024088542,73.55763626098633,-0.0687227545306086,0.031692607918466,-0.0139166628941893,-0.0645370781421661,-0.0886421650648117,-0.0677556172013282,-0.1087622493505477,-0.049799571186304,0.0565891782174735,0.0223593935370445,0.0075229083498318,-0.0994890158375104,-0.1202444670101006,-0.0591466749707857,1.0497995654741925,0.0565891776011652,0.9776405890782676,0.9924771189689636,1.0994889736175537,1.1202445030212402,1.0591466426849363,85.99953867594401,11.9691358352371,82.26901245117188,79.09815979003906,108.56248219807942,73.93098958333333,86.13704935709636,-0.081760449707508,0.0339978390795663,-0.1191991046071052,-0.0616401433944702,-0.0348966941237449,-0.1224185600876808,-0.0706477463245391,-0.0893390004833539,0.0316132882382632,-0.1232070699334144,-0.0786152134339014,-0.0464646990100542,-0.070031148691972,-0.1283768713474273,1.089339029788971,0.0316132818217772,1.1232070922851562,1.0786152283350627,1.0464648008346558,1.0700311064720154,1.1283769210179646,2.8,2.7129319932501077,8,1,1,3,1,0.5357710887253495,0.0243709991658654,0.5688619889928577,0.5296463644097495,0.5181487107254301,0.5583297478303139,0.5038686316683959,0.5350440540062792,0.0237747411385512,0.5696615760756707,0.5399332068217411,0.5092805395342062,0.5487360219437457,0.5076089256560321,0.5343544768001953,0.0257190099242623,0.5785553836324883,0.5269989560461388,0.5146480511836816,0.5453336322458681,0.5062363608928002,439.40314331054685,11.671177185687156,434.0032043457031,429.0005187988281,431.0130004882813,461.00396728515625,441.9950256347656,1026.9994140625,0.0005694288959809,1026.9990234375,1027.0,1026.99853515625,1027.0,1026.99951171875,0.0009737098589539,0.0,0.0009737098589539,0.0009737098589539,0.0009737098589539,0.0009737098589539,0.0009737098589539,0.0009737098589539,0.0,0.0009737098589539,0.0009737098589539,0.0009737098589539,0.0009737098589539,0.0009737098589539,0.0056475171819329,0.0007286577372659,0.0058422591537237,0.0048685492947697,0.0058422591537237,0.0048685492947697,0.0068159690126776,0.0048685492947697,0.0,0.0048685492947697,0.0048685492947697,0.0048685492947697,0.0048685492947697,0.0048685492947697,0.0112950343638658,0.0009929931142767,0.0107108084484934,0.0097370985895395,0.0116845183074474,0.0126582281664013,0.0116845183074474,0.0097370985895395,0.0,0.0097370985895395,0.0097370985895395,0.0097370985895395,0.0097370985895395,0.0097370985895395
475,89.29128494262696,3.17496418594547,84.96327263968331,90.35333469935826,86.3865716116769,91.1384048461914,93.61484091622488,0.0525326296687126,0.0099596527446718,0.0428465865552425,0.0458147935569286,0.046167142689228,0.069269098341465,0.0585655272006988,0.05508807141866,0.006240954959577,0.0457772687077522,0.0511027047676699,0.0617046340235642,0.062039379030466,0.0548163705638476,0.944911927836282,0.0062409554634672,0.9542227387428284,0.9488972851208278,0.938295372894832,0.9379606161798748,0.9451836262430464,81.91856206258139,4.120556061338201,83.30694071451823,83.43399302164714,84.23730723063152,84.85961151123047,73.75495783487956,-0.0672923703445121,0.0388815660204378,-0.0010266735916957,-0.0659141018986702,-0.0879689380526542,-0.0621810518205165,-0.119371086359024,-0.0218733546634515,0.0536425303377507,0.0398843474686145,0.0453888028860092,-0.0507920589298009,-0.0819981961200634,-0.0618496686220169,1.02187336285909,0.053642536197619,0.9601156711578368,0.9546111822128296,1.0507920980453491,1.0819982290267944,1.0618496338526409,87.33133239746094,12.23901078499196,82.59274291992188,79.5934066772461,109.55128987630208,74.53990936279297,90.37931315104169,-0.0947384998202323,0.0390598530782936,-0.1304651200771331,-0.0710740536451339,-0.0507627725601196,-0.1516150832176208,-0.0697754696011543,-0.0921603986993432,0.034108529171468,-0.1508021106322606,-0.0504320856804649,-0.0883376294126113,-0.0692358215649922,-0.1019943462063868,1.0921603798866273,0.0341085309496134,1.1508020957310994,1.0504320859909058,1.0883375803629558,1.0692357818285625,1.1019943555196126,11.2,7.11055553385247,16,22,6,10,2,0.5690090842884452,0.0341386782744706,0.5713587895453912,0.6085070175836179,0.5442884802894502,0.6023016478358664,0.5185894861879007,0.5522314095734642,0.0269110393302534,0.5658263660767886,0.5888392319039871,0.5302349533305266,0.5627699029176951,0.5134865936383233,0.5526653204250564,0.0206896965933591,0.5675906749120745,0.5766750454348183,0.5469635664319564,0.5554953497235904,0.5166019656228426,439.4033264160156,11.67337245577428,434.00299072265625,428.9958190917969,431.0126037597656,461.0070495605469,441.9981689453125,1026.7999267578125,0.3996585014029888,1027.00048828125,1027.0,1026.9990234375,1026.99951171875,1026.0006103515625,0.0009738996624946,3.7960708141326906e-07,0.0009737098589539,0.0009737098589539,0.0009737098589539,0.0009737098589539,0.0009746588766574,0.0009738996624946,3.7960708141326906e-07,0.0009737098589539,0.0009737098589539,0.0009737098589539,0.0009737098589539,0.0009746588766574,0.0060385195538401,0.0011378763830865,0.0058422591537237,0.0048685492947697,0.0068159690126776,0.0048685492947697,0.0077972710132598,0.0048694983124732,1.8980354070663452e-06,0.0048685492947697,0.0048685492947697,0.0048685492947697,0.0048685492947697,0.0048732943832874,0.0114922437816858,0.0011380779175595,0.0126582281664013,0.0097370985895395,0.0116845183074474,0.0107108084484934,0.0126705653965473,0.0097389966249465,3.7960708141326904e-06,0.0097370985895395,0.0097370985895395,0.0097370985895395,0.0097370985895395,0.0097465887665748
500,89.09891139439173,2.361568884428811,89.26198904854911,90.89678519112724,84.96299198695591,88.5809326171875,91.79185812813895,0.0431277323514223,0.0136488543557942,0.0438234359025955,0.0447199009358882,0.0236506555229425,0.0658882483839988,0.0375564210116863,0.0396699598724288,0.013305970052457,0.0418516839189188,0.043107736456607,0.0206916226473237,0.0608279731656823,0.0318707831736121,0.9603300469262258,0.0133059756790472,0.958148317677634,0.9568922519683838,0.9793083838054112,0.9391720294952391,0.9681292516844612,81.67311604817708,4.084860830984795,83.39832051595052,83.35725657145183,83.6189956665039,84.44949849446614,73.54150899251302,-0.0673489110544323,0.0346447738079864,-0.013347596861422,-0.0557383522391319,-0.0831542089581489,-0.0652318373322486,-0.1192725598812103,-0.0258210233102242,0.0446033556105076,0.0194023797909418,0.0352046241362889,-0.0470202279587586,-0.0758247965325911,-0.060867095987002,1.0258210221926372,0.0446033825533639,0.9805975755055746,0.9647953510284424,1.0470202763875325,1.0758248567581177,1.0608670512835183,86.98075358072917,11.952228069244878,82.30074818929036,79.67465082804362,108.63619486490886,74.29462051391602,89.99755350748698,-0.0894713655114173,0.0353642638813327,-0.1204404011368751,-0.0780064538121223,-0.0448597744107246,-0.1398222148418426,-0.0642279833555221,-0.0871048646668593,0.0214685803757805,-0.1275025755167007,-0.0820221826434135,-0.0636675618588924,-0.0775024195512135,-0.0848295837640762,1.0871048808097838,0.0214685613415039,1.1275025606155396,1.082022190093994,1.06366761525472,1.077502429485321,1.084829608599345,4.4,2.870540018881465,8,6,1,6,1,0.5477643564482833,0.0215142211935325,0.5691769440710647,0.5698058786122725,0.5499805786725016,0.5376213081909859,0.5122370726945916,0.5337859887571016,0.0206718203805831,0.5586055500772862,0.5533284043246113,0.5287330215521354,0.5271808624488887,0.501082105382586,0.5307016517625154,0.0199952703181828,0.5624741403710826,0.5426852206131946,0.5241948123850162,0.5194887273536996,0.5046653580895841,439.4062438964844,11.673104838503194,434.0137634277344,429.00152587890625,431.0123901367187,461.0125427246094,441.9909973144531,1026.8002197265623,0.3998052092950842,1027.0009765625,1027.00048828125,1027.0,1026.9990234375,1026.0006103515625,0.0009738996624946,3.7960708141326906e-07,0.0009737098589539,0.0009737098589539,0.0009737098589539,0.0009737098589539,0.0009746588766574,0.0009738996624946,3.7960708141326906e-07,0.0009737098589539,0.0009737098589539,0.0009737098589539,0.0009737098589539,0.0009746588766574,0.0058433979749679,0.0010666481401869,0.0077896788716316,0.0048685492947697,0.0058422591537237,0.0048685492947697,0.0058479532599449,0.0048694983124732,1.8980354070663452e-06,0.0048685492947697,0.0048685492947697,0.0048685492947697,0.0048685492947697,0.0048732943832874,0.0116866061463952,0.001375562908921,0.0136319380253553,0.0116845183074474,0.0126582281664013,0.0097370985895395,0.0107212476432323,0.0097389966249465,3.7960708141326904e-06,0.0097370985895395,0.0097370985895395,0.0097370985895395,0.0097370985895395,0.0097465887665748
525,88.87245614188058,2.3439965540724836,87.62442997523716,86.17391095842633,87.25984845842633,92.1901648385184,91.11392647879464,0.0525394439697265,0.0098947028836426,0.0426943637430667,0.0456425249576568,0.0455154627561569,0.0669997781515121,0.0618450902402401,0.0579391844836728,0.0078969258466456,0.0644962202225412,0.0443522046719278,0.0606274828314781,0.0659218297473022,0.054298184945115,0.9420608179909842,0.0078969296133228,0.9355037808418274,0.9556478091648648,0.939372513975416,0.934078173977988,0.9457018119948252,81.9175661722819,4.138352524280955,83.4595718383789,83.42162068684895,84.2645746866862,84.74094136555989,73.70112228393555,-0.0696749456226825,0.0382878724852923,-0.0094267986714839,-0.0626472681760788,-0.0883044749498367,-0.0614382401108741,-0.1265579462051391,-0.0274116760740677,0.0468340146873229,0.0078211830308039,0.0415416024625301,-0.0442284432550271,-0.0919734848042329,-0.0502192378044128,1.027411703268687,0.0468340073755404,0.9921788374582926,0.9584584434827168,1.044228474299113,1.0919735034306843,1.0502192576726277,87.2119349161784,12.232311017008508,81.90808359781902,79.75943247477214,109.44035339355467,74.55397288004558,90.39783223470052,-0.0917970240116119,0.0361038204987644,-0.1210900917649269,-0.0733511075377464,-0.0479237362742424,-0.146051749587059,-0.0705684348940849,-0.0914243432382742,0.0132830777504016,-0.1050494785110155,-0.0814892500638961,-0.0733703896403312,-0.0894208711882432,-0.107791726787885,1.0914243300755817,0.013283065174221,1.10504945119222,1.0814892053604126,1.0733704169591267,1.0894208749135337,1.1077917019526164,6.8,3.9698866482558417,3,8,13,8,2,0.5555481206932827,0.0414214705715226,0.552017474614914,0.5981731397636699,0.5681285166350665,0.5809743986727143,0.4784470737800491,0.548552674161871,0.0297856102883309,0.5646582308347582,0.584298036984093,0.5361570387264969,0.5601840936951458,0.4974659705688615,0.5476708912328817,0.0249759416388004,0.5607101935152283,0.5761487978204616,0.5463554172772813,0.5533397106123272,0.50180033693911,439.40358276367186,11.670338119483056,434.0027770996094,428.996826171875,431.02001953125,461.00244140625,441.995849609375,1026.80029296875,0.3996584864890947,1026.99951171875,1027.0,1027.0009765625,1027.0,1026.0009765625,0.0011686416342854,0.0003893892152819,0.0009737098589539,0.0009737098589539,0.0019474197179079,0.0009737098589539,0.0009746588766574,0.0009738996624946,3.7960708141326906e-07,0.0009737098589539,0.0009737098589539,0.0009737098589539,0.0009737098589539,0.0009746588766574,0.0060381399467587,0.0011353380310211,0.0077896788716316,0.0048685492947697,0.0068159690126776,0.0048685492947697,0.0058479532599449,0.0048694983124732,1.8980354070663452e-06,0.0048685492947697,0.0048685492947697,0.0048685492947697,0.0048685492947697,0.0048732943832874,0.0120762798935174,0.0009921098050444,0.0136319380253553,0.0126582281664013,0.0116845183074474,0.0107108084484934,0.0116959065198898,0.0097389966249465,3.7960708141326904e-06,0.0097370985895395,0.0097370985895395,0.0097370985895395,0.0097370985895395,0.0097465887665748
550,88.06327514648437,1.5227639151595056,88.39542279924665,85.50880868094308,89.03627668108258,89.95901598249164,87.41685158865792,0.0489021979272365,0.0104908754653091,0.0420897342264652,0.0457999818027019,0.0456273481249809,0.0414159037172794,0.0695780217647552,0.0530518738552927,0.0124879389960796,0.0433169204209532,0.0600731213177953,0.0631920652730124,0.0334440401888319,0.065233222075871,0.9469481195722308,0.0124879438600818,0.9566830907549176,0.9399268627166748,0.9368079134396144,0.966555953025818,0.934766777924129,81.82804005940754,3.605195788276842,83.35001118977864,83.32867940266927,83.98526255289714,83.83974965413411,74.6364974975586,-0.0773113334551453,0.045283031907489,-0.0143233956769108,-0.0605413988232612,-0.0881636962294578,-0.0698576718568801,-0.1536705046892166,-0.0227364053328832,0.0577053354929578,0.0292115658521652,0.0543151671687761,-0.0291296069820721,-0.0991551578044891,-0.068923994898796,1.0227364102999368,0.0577053292037739,0.9707883993784586,0.9456848700841268,1.029129644234975,1.0991551478703816,1.0689239899317424,87.2565778096517,12.43206559102246,82.26947530110677,79.62783940633138,109.26978810628256,73.58639017740886,91.5293960571289,-0.0825644835829734,0.0269824618690626,-0.11262758821249,-0.0757872313261032,-0.0488034002482891,-0.1151504889130592,-0.0604537092149257,-0.0879807757834593,0.0257233693047852,-0.1262915829817454,-0.0561677776277065,-0.0733252881715695,-0.0750211781511704,-0.1090980519851048,1.0879808028539022,0.0257233565549554,1.1262915929158528,1.0561678409576416,1.0733253161112468,1.0750211874643962,1.1090980768203735,13.2,10.087616170334794,7,31,15,1,12,0.5693007945930948,0.0320187449960073,0.5879427655745321,0.6202449918230118,0.5567349465771819,0.5266554505883825,0.5549258184023657,0.5495244965819954,0.0316715702143402,0.5779340828897767,0.5912246678545735,0.5406998038122321,0.5028565447755146,0.53490738357788,0.5519361089802036,0.0249921040163571,0.5773682648560299,0.5813403746265915,0.5490280820338319,0.5146828633977318,0.5372609599868331,439.40623779296874,11.667365292,434.0104675292969,428.9958190917969,431.0253601074219,460.99713134765625,442.0024108886719,1026.800390625,0.4001954316510925,1027.0009765625,1027.0,1027.00048828125,1027.00048828125,1026.0,0.0011688314378261,0.0003902431577444,0.0009737098589539,0.0009737098589539,0.0009737098589539,0.0009737098589539,0.0019493177533149,0.0009738996624946,3.7960708141326906e-07,0.0009737098589539,0.0009737098589539,0.0009737098589539,0.0009737098589539,0.0009746588766574,0.0058433979749679,0.0010666481401869,0.0077896788716316,0.0048685492947697,0.0058422591537237,0.0048685492947697,0.0058479532599449,0.0048694983124732,1.8980354070663452e-06,0.0048685492947697,0.0048685492947697,0.0048685492947697,0.0048685492947697,0.0048732943832874,0.0114922437816858,0.0011380779175595,0.0126582281664013,0.0097370985895395,0.0116845183074474,0.0107108084484934,0.0126705653965473,0.0097389966249465,3.7960708141326904e-06,0.0097370985895395,0.0097370985895395,0.0097370985895395,0.0097370985895395,0.0097465887665748
575,89.57052830287388,1.6183340463405549,88.08207702636719,90.53783307756696,87.30138724190849,91.63723972865512,90.29410443987165,0.047314790636301,0.0141919260035934,0.0419959984719753,0.045033685863018,0.0250500850379467,0.0662406161427497,0.0582535676658153,0.0486999649820583,0.0112076802015369,0.0440330430865287,0.0438281712787491,0.0337472913254584,0.066379324133907,0.0555119950856481,0.951300038610186,0.0112076776041011,0.95596695797784,0.95617185320173,0.96625269310815,0.93362067426954,0.9444880144936698,81.74876276652019,4.057889145814973,83.53116099039714,83.3177973429362,83.62054443359375,84.59375508626302,73.68055597941081,-0.0678441321477294,0.0386307651622794,-0.0048572262749075,-0.0572149492800235,-0.0871119797229766,-0.0673303976655006,-0.1227061077952385,-0.0299812180921435,0.0456150105178062,-0.0041489157204826,0.0452905433873335,-0.0525626875460147,-0.0846969373524189,-0.0537880932291348,1.0299812356630962,0.0456150214350057,1.0041489402453103,0.9547094504038492,1.052562654018402,1.0846969683965046,1.053788165251414,86.93352330525718,12.02733388454067,81.95485941569011,79.65624618530273,108.60678354899088,74.11731211344402,90.33241526285808,-0.0887888893485069,0.0373714090072705,-0.1244782209396362,-0.0762124210596084,-0.040516585111618,-0.1394770145416259,-0.0632602050900459,-0.0785888879249493,0.0245606369638283,-0.1070714915792147,-0.0684894522031148,-0.0574096366763114,-0.051260657608509,-0.1087132015575965,1.078588891029358,0.0245606379918973,1.1070715188980105,1.0684894323349,1.057409644126892,1.051260670026143,1.108713189760844,4.4,3.5552777669262356,3,11,1,5,2,0.549510993568773,0.0299741106510458,0.5527123632009929,0.6059692839872749,0.5333957470786486,0.5343224816666586,0.5211550919102899,0.5452890449597908,0.0219018524413315,0.5605039476279613,0.5812448970411087,0.5278101590397583,0.5277162425729948,0.529169978517131,0.538697893849226,0.0202262927283862,0.55537862012983,0.5698103550273976,0.5234774669892253,0.5267201651687906,0.5181028619308864,439.403125,11.6723905576935,434.000732421875,429.00396728515625,431.00726318359375,461.0057067871094,441.9979553222656,1026.8003173828124,0.399853813757292,1026.99951171875,1027.0,1027.0009765625,1027.00048828125,1026.0006103515625,0.0011686416342854,0.0003893892152819,0.0009737098589539,0.0009737098589539,0.0019474197179079,0.0009737098589539,0.0009746588766574,0.0009738996624946,3.7960708141326906e-07,0.0009737098589539,0.0009737098589539,0.0009737098589539,0.0009737098589539,0.0009746588766574,0.005454103834927,0.0007812940396241,0.0048685492947697,0.0048685492947697,0.0058422591537237,0.0048685492947697,0.0068226121366024,0.0048694983124732,1.8980354070663452e-06,0.0048685492947697,0.0048685492947697,0.0048685492947697,0.0048685492947697,0.0048732943832874,0.0109080178663134,0.0011393438630486,0.0097370985895395,0.0116845183074474,0.0107108084484934,0.0097370985895395,0.0126705653965473,0.0097389966249465,3.7960708141326904e-06,0.0097370985895395,0.0097370985895395,0.0097370985895395,0.0097370985895395,0.0097465887665748
600,88.33159157889229,1.3483301840418795,88.12589917864118,87.92240578787667,86.65184020996094,88.17008972167969,90.78772299630302,0.0410938642919063,0.0042160826511075,0.0441257655620574,0.0457045026123523,0.0436425358057022,0.0360091030597686,0.035987414419651,0.043015833544944,0.0091982308346231,0.0481055043637752,0.0483951416930982,0.0524530958916459,0.0266985788143106,0.0394268469618899,0.9569841708455769,0.0091982312263985,0.9518945046833583,0.9516048601695468,0.9475469078336444,0.9733014277049472,0.9605731538363864,81.6723233540853,4.070525551775513,83.4641342163086,83.49869791666667,84.04040781656902,83.81602223714192,73.54235458374023,-0.0649688207544386,0.0331042501093252,-0.0062938858754932,-0.0604760311543941,-0.0835253521800041,-0.0688746944069862,-0.1056741401553154,-0.0325036347533265,0.0469369133012749,0.0144458894307414,0.0283514161904652,-0.0465272590517997,-0.0954203183452288,-0.063367901990811,1.0325036287307738,0.0469368996598515,0.9855541388193766,0.9716485738754272,1.0465272466341655,1.095420281092326,1.0633679032325745,86.91499226888021,12.348797621498136,82.24135843912761,79.58578745524089,109.2194315592448,73.50724283854167,90.0211410522461,-0.0874986566603183,0.0287225559206495,-0.1279925405979156,-0.0747440457344055,-0.0489705763757228,-0.1126399487257003,-0.0731461718678474,-0.0835420973598956,0.0247873011979028,-0.1253971184293429,-0.0686439300576845,-0.0747865512967109,-0.0537538876136144,-0.0951289994021256,1.0835421005884809,0.024787294917618,1.1253970861434937,1.0686439275741575,1.0747865438461304,1.0537538925806682,1.0951290527979534,7.8,7.249827584156743,18,15,4,1,1,0.5553395838759838,0.0356072230023187,0.577366635997165,0.6115912819594439,0.5189719760011843,0.5500213439896252,0.5187466814325006,0.5495115540743395,0.0248400930724667,0.5828996257346705,0.570542865081475,0.5206413795305724,0.5503053646455295,0.5231685353794502,0.5540188208858966,0.0195655394091135,0.5810146892131031,0.5705239867093392,0.5410641813653989,0.5505458451512018,0.5269454019904403,439.4046630859375,11.668357686225953,434.00634765625,429.0046081542969,431.0142517089844,460.9991149902344,441.9989929199219,1026.7999267578125,0.39965838209182,1027.0,1026.9990234375,1027.0,1027.0,1026.0006103515625,0.0009738996624946,3.7960708141326906e-07,0.0009737098589539,0.0009737098589539,0.0009737098589539,0.0009737098589539,0.0009746588766574,0.0009738996624946,3.7960708141326906e-07,0.0009737098589539,0.0009737098589539,0.0009737098589539,0.0009737098589539,0.0009746588766574,0.005454103834927,0.0007812940396241,0.0048685492947697,0.0048685492947697,0.0048685492947697,0.0058422591537237,0.0068226121366024,0.0048694983124732,1.8980354070663452e-06,0.0048685492947697,0.0048685492947697,0.0048685492947697,0.0048685492947697,0.0048732943832874,0.0109078280627727,0.0007311027762309,0.0107108084484934,0.0097370985895395,0.0116845183074474,0.0107108084484934,0.0116959065198898,0.0097389966249465,3.7960708141326904e-06,0.0097370985895395,0.0097370985895395,0.0097370985895395,0.0097370985895395,0.0097465887665748
625,90.24079197474887,1.0095679204753527,88.69428035191127,89.54379054478237,90.44459206717356,91.4807379586356,91.04055895124164,0.0453228801488876,0.011110807121442,0.0437945425510406,0.0448554754257202,0.0396028272807598,0.0657971873879432,0.0325643680989742,0.0482545782146709,0.0054222378120425,0.0390306357294321,0.0505117055560861,0.0499740844326359,0.0553561645959104,0.0464003007592899,0.9517454283578056,0.0054222409613909,0.9609693799700056,0.9494882992335728,0.950025907584599,0.9446438465799604,0.9535997084208896,81.67785847981771,4.100709922469423,83.3616460164388,83.36038462320964,83.7353286743164,84.41900126139323,73.51293182373047,-0.0632599345139169,0.0368924891277634,-3.797128374571912e-05,-0.0592321045696735,-0.0822610929608345,-0.0622145347297191,-0.1125539690256118,-0.0286380680898825,0.0518261350036061,0.0269517643998066,0.0391141225894292,-0.0588551641752322,-0.0910111864407857,-0.0593898768226305,1.0286380807558697,0.05182613471892,0.973048230012258,0.9608859221140544,1.058855136235555,1.0910112460454304,1.05938986937205,86.97036692301432,12.05291921532729,82.36132049560547,79.53248469034831,108.78975931803386,74.14806238810222,90.02020772298177,-0.0919625177979469,0.0399177830889202,-0.1331973671913147,-0.0752169787883758,-0.0393455997109413,-0.1435915976762771,-0.0684610456228256,-0.0870716627687215,0.027036780903692,-0.1342271789908409,-0.065497135122617,-0.0624834075570106,-0.0731447413563728,-0.1000058508167664,1.087071673075358,0.0270368064561796,1.1342272361119587,1.0654971202214558,1.0624833901723223,1.073144753774007,1.100005865097046,10.4,12.208193969625484,34,10,2,5,1,0.544191887237037,0.0355185247975318,0.5635595152219844,0.5957163639308073,0.5079208017776393,0.5529874322923299,0.5007753229624238,0.5349365835259673,0.0308381554753823,0.5645225630550175,0.5755653231948102,0.5022347657554336,0.5312784228081896,0.5010818428163857,0.5358100522529547,0.0269697657370737,0.5675096593999109,0.5686872451377909,0.508711837510727,0.5246348522317329,0.5095066669846113,439.4053771972656,11.6747136010861,434.0032043457031,428.9939880371094,431.01751708984375,461.0114440917969,442.000732421875,1026.8005859375,0.3995607109680175,1027.0,1027.0009765625,1027.00048828125,1027.0,1026.00146484375,0.0009738996624946,3.7960708141326906e-07,0.0009737098589539,0.0009737098589539,0.0009737098589539,0.0009737098589539,0.0009746588766574,0.0009738996624946,3.7960708141326906e-07,0.0009737098589539,0.0009737098589539,0.0009737098589539,0.0009737098589539,0.0009746588766574,0.0052591720595955,0.0004784166164388,0.0048685492947697,0.0048685492947697,0.0058422591537237,0.0048685492947697,0.0058479532599449,0.0048694983124732,1.8980354070663452e-06,0.0048685492947697,0.0048685492947697,0.0048685492947697,0.0048685492947697,0.0048732943832874,0.0111025700345635,0.0014582353919949,0.0136319380253553,0.0097370985895395,0.0107108084484934,0.0097370985895395,0.0116959065198898,0.0097389966249465,3.7960708141326904e-06,0.0097370985895395,0.0097370985895395,0.0097370985895395,0.0097370985895395,0.0097465887665748
650,88.7427775791713,1.1569085944392703,89.24609266008649,90.33428301130024,86.88192858014789,89.08177512032645,88.16980852399554,0.0442649509757757,0.0141907736784076,0.0436578430235385,0.0437321327626705,0.0277606006711721,0.0700897946953773,0.0360843837261199,0.0447113699512556,0.0124689358132251,0.0382702430444104,0.0514503153307097,0.02713307844741,0.0641258023679256,0.0425774105658222,0.9552886298724584,0.0124689389911456,0.9617297564234052,0.9485496963773457,0.972866918359484,0.9358741811343602,0.9574225970676968,81.81065317789714,4.186726060906851,83.30237070719402,83.53839619954427,83.6560567220052,85.03152974446614,73.52491251627605,-0.063737071910873,0.0360199720136096,-0.0029019631911069,-0.0610675513744354,-0.0824977084994316,-0.0594053119421005,-0.1128128245472908,-0.0298084926481048,0.0470781146024138,0.033299045326809,0.018083152671655,-0.0610380706687768,-0.0877029014130433,-0.051683689157168,1.0298084855079652,0.0470781068679205,0.9667009711265564,0.981916844844818,1.0610380570093791,1.0877029101053874,1.0516836444536846,87.06715316772463,11.888470109846264,82.25559488932292,79.61482238769531,108.65501658121744,74.7082125345866,90.10211944580078,-0.0938947759568691,0.0417828619832491,-0.1293754130601883,-0.0708681792020797,-0.0468143038451671,-0.1566165387630462,-0.0657994449138641,-0.0866241239011287,0.0198161857900285,-0.1169376174608866,-0.0740735655029614,-0.0648290831595659,-0.0744305153687795,-0.1028498380134503,1.0866241256395974,0.019816162740364,1.1169375975926716,1.0740736325581868,1.0648291110992432,1.074430485566457,1.102849801381429,7.6,6.343500610861483,10,8,1,18,1,0.5600339042335637,0.0341508342323796,0.5698144828368003,0.6022548327466568,0.53183086288621,0.5860459878904231,0.5102233548077285,0.5431925836179052,0.0296513843342465,0.5619349315958478,0.5797108276922021,0.5105151080211163,0.5582482189873252,0.5055538317930355,0.5422718695157307,0.0233039727747667,0.5644833083074275,0.5672658592523673,0.5177154587357835,0.5501544151581219,0.5117403061249532,439.4038879394531,11.672188038336897,434.0013427734375,429.0003356933594,431.01959228515625,461.0094604492187,441.98870849609375,1026.8000244140626,0.3997071952828808,1026.99951171875,1026.99951171875,1027.00048828125,1027.0,1026.0006103515625,0.0009738996624946,3.7960708141326906e-07,0.0009737098589539,0.0009737098589539,0.0009737098589539,0.0009737098589539,0.0009746588766574,0.0009738996624946,3.7960708141326906e-07,0.0009737098589539,0.0009737098589539,0.0009737098589539,0.0009737098589539,0.0009746588766574,0.005454103834927,0.0007812940396241,0.0048685492947697,0.0048685492947697,0.0058422591537237,0.0048685492947697,0.0068226121366024,0.0048694983124732,1.8980354070663452e-06,0.0048685492947697,0.0048685492947697,0.0048685492947697,0.0048685492947697,0.0048732943832874,0.0111025700345635,0.0009943426930177,0.0107108084484934,0.0097370985895395,0.0126582281664013,0.0107108084484934,0.0116959065198898,0.0097389966249465,3.7960708141326904e-06,0.0097370985895395,0.0097370985895395,0.0097370985895395,0.0097370985895395,0.0097465887665748
675,86.81901354108538,1.410453853783445,88.82218497140067,84.9364242553711,86.69002314976284,85.7338627406529,87.9125725882394,0.0468446426093578,0.0100633462664012,0.0439359322190284,0.0443718247115612,0.0424485802650451,0.0663048699498176,0.0371620059013366,0.0502516411777053,0.0067269310301593,0.0491466160331453,0.0572250144822256,0.0420059167913028,0.058706382555621,0.0441742760262319,0.9497483594076972,0.0067269292715021,0.9508533903530666,0.9427750025476728,0.9579940864018032,0.9412936057363238,0.9558257119996209,81.721395111084,4.118134365890055,83.28873443603516,83.36332194010417,83.8656717936198,84.55436706542969,73.53488032023112,-0.0628574804868549,0.0335637503116757,-0.0030400126706808,-0.056690189987421,-0.0858593136072158,-0.0675618723034858,-0.1011360138654708,-0.0253971402843793,0.0536376758569072,0.0297881395866473,0.0481522157788276,-0.0618015956133604,-0.0846458648641904,-0.0584785963098208,1.0253971457481383,0.0536376754465216,0.9702118635177612,0.9518477916717528,1.061801592508952,1.0846458673477173,1.0584786136945088,87.03827184041342,12.05899212204339,82.43878173828125,79.6476682027181,108.84429423014323,74.14152526855469,90.1190897623698,-0.0932074770331382,0.0358969089279282,-0.1303681582212448,-0.0754301249980926,-0.0447018072009086,-0.1391464620828628,-0.0763908326625824,-0.0905789509415626,0.0290620814093866,-0.1343667060136795,-0.0829676886399587,-0.063367910683155,-0.0590121547381083,-0.1131802946329116,1.0905789375305175,0.0290620776762815,1.1343666712443037,1.082967718442281,1.063367923100789,1.0590120951334636,1.1131802797317505,7.2,6.013318551349164,11,17,2,5,1,0.5561243400355018,0.0353297080365958,0.567608121720782,0.5985656743708042,0.5469923740858358,0.5738599920691693,0.4935955379309178,0.5454656387360354,0.0265289137753862,0.5755975563606426,0.5677464596083024,0.5272052658143582,0.5528630706753375,0.5039158412215361,0.5462713790882554,0.0250663519103716,0.5805943709955848,0.5583029048790517,0.5429869372165639,0.5457182539797836,0.5037544283702932,439.4059753417969,11.673959500516707,434.01458740234375,428.9960021972656,431.0115661621094,461.0114440917969,441.9962768554687,1026.79970703125,0.399853560344858,1026.99951171875,1026.99951171875,1026.99951171875,1027.0,1026.0,0.0009738996624946,3.7960708141326906e-07,0.0009737098589539,0.0009737098589539,0.0009737098589539,0.0009737098589539,0.0009746588766574,0.0009738996624946,3.7960708141326906e-07,0.0009737098589539,0.0009737098589539,0.0009737098589539,0.0009737098589539,0.0009746588766574,0.0052589822560548,0.0007784955474853,0.0048685492947697,0.0048685492947697,0.0068159690126776,0.0048685492947697,0.0048732943832874,0.0048694983124732,1.8980354070663452e-06,0.0048685492947697,0.0048685492947697,0.0048685492947697,0.0048685492947697,0.0048732943832874,0.0114922437816858,0.0014330771291092,0.0126582281664013,0.0097370985895395,0.0126582281664013,0.0097370985895395,0.0126705653965473,0.0097389966249465,3.7960708141326904e-06,0.0097370985895395,0.0097370985895395,0.0097370985895395,0.0097370985895395,0.0097465887665748
700,90.06059439522879,2.133599114322985,86.56537519182477,88.9888676234654,92.85774884905132,90.89110129220144,90.999879019601,0.0543805874884128,0.0119251693852387,0.0430250130593776,0.045173279941082,0.0458592697978019,0.0679828599095344,0.0698625147342681,0.0526602108962833,0.0095433288016599,0.0400763024975146,0.0594665706157684,0.042010272187846,0.0619560762175491,0.0597918329627386,0.9473397868020192,0.0095433254493908,0.959923701626914,0.9405334421566556,0.9579897097178868,0.9380439264433724,0.9402081540652684,82.05324071248371,3.774411988608068,83.43163299560547,83.43001302083333,84.2425537109375,84.6018803914388,74.56012344360352,-0.0766832429915666,0.0475938072631481,-0.0125813651829957,-0.0627893358469009,-0.0908625647425651,-0.059670940041542,-0.1575120091438293,-0.0289147654703507,0.0451564070319557,0.011845227330923,0.038288094724218,-0.0609199570026248,-0.0742688452204068,-0.0595183471838633,1.028914785385132,0.0451564300172486,0.9881547292073568,0.9617119232813516,1.060919980208079,1.074268897374471,1.0595183968544006,87.26953760782877,12.357242629549903,81.94577280680339,79.4938456217448,109.31290944417316,74.17214330037434,91.42301686604816,-0.0897392250597477,0.039490484656169,-0.1204717904329299,-0.0724179670214653,-0.0467386022210121,-0.1507191509008407,-0.0583486147224903,-0.0773577721789479,0.0233050826464632,-0.1109114686648051,-0.0617473572492599,-0.0717623193437854,-0.0462985684474309,-0.0960691471894582,1.077357784907023,0.0233050728874484,1.11091144879659,1.061747392018636,1.0717623233795166,1.046298583348592,1.0960691769917803,12.8,4.915282290977803,7,19,16,7,15,0.5551003286883327,0.0194506075915387,0.5325495926361059,0.5889940144133075,0.5507299682265889,0.5418440673694461,0.5613840007962156,0.5396059263566148,0.0121292760921555,0.5422072512801519,0.5605869956862555,0.538937511826331,0.524567559687934,0.5317303133024016,0.5419310462349771,0.0114800624798262,0.5481010384151662,0.5552350261121324,0.54998225422536,0.5285253666998383,0.5278115457223889,439.4044555664062,11.673155917987971,434.01068115234375,428.9892578125,431.0183715820313,461.0076904296875,441.9962768554687,1026.8002197265623,0.3998052092950842,1027.00048828125,1027.0009765625,1026.9990234375,1027.0,1026.0006103515625,0.0011686416342854,0.0003893892152819,0.0009737098589539,0.0009737098589539,0.0019474197179079,0.0009737098589539,0.0009746588766574,0.0009738996624946,3.7960708141326906e-07,0.0009737098589539,0.0009737098589539,0.0009737098589539,0.0009737098589539,0.0009746588766574,0.0064280034974217,0.0015834019687824,0.0087633887305855,0.0048685492947697,0.0058422591537237,0.0048685492947697,0.0077972710132598,0.0048694983124732,1.8980354070663452e-06,0.0048685492947697,0.0048685492947697,0.0048685492947697,0.0048685492947697,0.0048732943832874,0.0118821073323488,0.0018922086850302,0.0136319380253553,0.0097370985895395,0.0107108084484934,0.0107108084484934,0.0146198831498622,0.0097389966249465,3.7960708141326904e-06,0.0097370985895395,0.0097370985895395,0.0097370985895395,0.0097370985895395,0.0097465887665748
725,88.01675066266742,1.820303432279188,90.16552843366352,89.19129507882255,85.1500985281808,86.72804914202008,88.84878213065011,0.0527813464403152,0.0107468289751298,0.0426011718809604,0.0453151687979698,0.0447705835103988,0.0691295489668846,0.0620902590453624,0.0526052935315029,0.0120004878294956,0.0555763670376368,0.0330789067915507,0.0494809714811188,0.0703995461974825,0.0544906761497259,0.9473947167396546,0.0120005019904343,0.9444236499922616,0.9669211251395088,0.9505190508706228,0.929600443158831,0.9455093145370485,73.77203241984049,1.5530385353371334,72.74337514241536,72.32195409138997,73.29342524210612,73.78496551513672,76.7164421081543,-0.0699588786810636,0.0377025917814428,-0.0174524914473295,-0.0512070767581462,-0.0900937840342521,-0.0617073066532611,-0.1293337345123291,-0.0142619194230064,0.0626957472490421,0.0161137754718462,0.0951639662186304,-0.0655609476768101,-0.0687390243013699,-0.048287366827329,1.0142619212468469,0.0626957637478859,0.983886182308197,0.9048360188802084,1.0655609567960105,1.068739016850789,1.0482874313990276,83.55143407185872,13.040625285021257,82.12504323323567,79.59154764811198,108.76781209309895,73.8509521484375,73.4218152364095,-0.0916716434061527,0.0372451752916746,-0.1131327450275421,-0.084427423775196,-0.0449601449072361,-0.1510063260793686,-0.0648315772414207,-0.0665479272603988,0.0272909259901201,-0.1134753202398618,-0.0618787631392478,-0.0286230159302552,-0.0592673569917678,-0.0694951800008614,1.066547938187917,0.0272909244046503,1.113475322723389,1.0618788003921509,1.0286230246225994,1.0592673420906067,1.0694952011108398,11.0,5.403702434442518,14,19,8,11,3,0.5712347044635119,0.0193137312216159,0.5748579171998716,0.5974064823802993,0.5556650072142699,0.5844126526271479,0.5438314628959707,0.5482653396913257,0.0172206221986623,0.558820336307993,0.568500262715882,0.5327606765780504,0.5580105659433489,0.5232348569113541,0.5485401176227841,0.0168801771273303,0.5568780251634675,0.5739445418494733,0.5382233799738395,0.5496527274028444,0.5240019137242953,439.6074279785156,11.721201094073738,434.00531005859375,429.0038146972656,431.025146484375,461.0079345703125,442.9949340820313,1026.60048828125,0.4896988601194564,1027.00048828125,1027.0,1027.00048828125,1026.0,1026.00146484375,0.0011690212413668,0.0003901484291071,0.0009737098589539,0.0009737098589539,0.0009737098589539,0.0009746588766574,0.0019493177533149,0.0009740894660353,4.649218261048307e-07,0.0009737098589539,0.0009737098589539,0.0009737098589539,0.0009746588766574,0.0009746588766574,0.0052603108808398,0.0007811527896763,0.0048685492947697,0.0048685492947697,0.0048685492947697,0.0048732943832874,0.0068226121366024,0.0048704473301768,2.3246091305241533e-06,0.0048685492947697,0.0048685492947697,0.0048685492947697,0.0048732943832874,0.0048732943832874,0.011104847677052,0.0014601645823638,0.0107108084484934,0.0097370985895395,0.0116845183074474,0.0097465887665748,0.0136452242732048,0.0097408946603536,4.649218261048307e-06,0.0097370985895395,0.0097370985895395,0.0097370985895395,0.0097465887665748,0.0097465887665748
750,89.30541033063616,2.601339072144224,91.20615713936942,88.62381199428013,84.87987954275948,89.32246725899833,92.49473571777344,0.0474647425115108,0.0113252518934029,0.0448312349617481,0.0446535758674144,0.0457964465022087,0.0683184564113617,0.0337239988148212,0.0478899695511375,0.0140045868162961,0.0499061489743845,0.0500416798251015,0.0461857364113841,0.0686354956456593,0.0246807868991579,0.9521100418908256,0.0140045959397849,0.9500938739095416,0.949958324432373,0.9538142681121826,0.9313645022256034,0.9753192407744272,73.68546524047852,1.4479646365753318,72.76433944702148,72.38735071818034,73.19342549641927,73.62127939860027,76.46093114217122,-0.0671960160136222,0.0367353612701165,-0.0043887123465538,-0.0632253959774971,-0.0925415158271789,-0.0625528767704963,-0.1132715791463851,-0.0089198775589466,0.0569725099276391,0.0138558925439914,0.089635893702507,-0.0225134814778963,-0.0648913489033778,-0.0606863436599572,1.00891987880071,0.0569724811392051,0.9861441453297932,0.9103641510009766,1.0225134491920471,1.0648912986119587,1.0606863498687744,83.73167444864909,13.339552877792531,82.49391682942708,79.86981455485027,109.43724568684895,73.73957697550456,73.11781819661458,-0.0928552955389022,0.0399794981102248,-0.1322777569293975,-0.0709828063845634,-0.0443292558193206,-0.1478700935840606,-0.068816564977169,-0.0873996544629335,0.0284846665618715,-0.1415567124883333,-0.0889488973965247,-0.0703435204923152,-0.0616067796945571,-0.074542362242937,1.0873996655146283,0.0284846745955275,1.141556739807129,1.088948925336202,1.0703435341517131,1.061606804529826,1.0745423237482707,10.4,6.437390775772433,9,19,16,7,1,0.5502403187564462,0.0265781091025949,0.5515298969379995,0.5898377416634444,0.5531923847568077,0.550599855090483,0.5060417153334961,0.538812116032663,0.0200785521871852,0.5484259516553976,0.5690136110947317,0.5358891302796067,0.5330568605413115,0.5076750265922677,0.5404353048213302,0.0198722724688936,0.5536938358707004,0.565731084266257,0.543682803331303,0.5312525293825147,0.5078162712558755,439.6051452636719,11.723864479502366,434.0077819824219,428.9882507324219,431.0261840820313,461.0085754394531,442.9949340820313,1026.60009765625,0.4899779116264691,1027.0,1026.99951171875,1027.0009765625,1026.0,1026.0,0.0009740894660353,4.649218261048307e-07,0.0009737098589539,0.0009737098589539,0.0009737098589539,0.0009746588766574,0.0009746588766574,0.0009740894660353,4.649218261048307e-07,0.0009737098589539,0.0009737098589539,0.0009737098589539,0.0009746588766574,0.0009746588766574,0.0054548630490899,0.0004767928961696,0.0058422591537237,0.0048685492947697,0.0058422591537237,0.0048732943832874,0.0058479532599449,0.0048704473301768,2.3246091305241533e-06,0.0048685492947697,0.0048685492947697,0.0048685492947697,0.0048732943832874,0.0048732943832874,0.0136361135169863,0.005401683236022,0.0107108084484934,0.0243427455425262,0.0116845183074474,0.0097465887665748,0.0116959065198898,0.0097408946603536,4.649218261048307e-06,0.0097370985895395,0.0097370985895395,0.0097370985895395,0.0097465887665748,0.0097465887665748
775,88.88009621756419,1.902591046504038,86.33629935128349,87.57968575613839,90.1799523489816,91.73511832101003,88.56942531040737,0.0477214265614748,0.0162006203715771,0.0433959700167179,0.0448151975870132,0.0216360595077276,0.059395708143711,0.0693641975522041,0.0544606266011084,0.0093979408019851,0.0527164627398763,0.0532417558133602,0.0384394791243331,0.0642704841281686,0.063634951199804,0.9455393859318324,0.0093979374700666,0.947283557483128,0.9467582617487226,0.9615605218069894,0.9357295291764396,0.9363650594438824,73.84311192830405,1.8550843837312665,72.94877243041992,72.65011088053386,72.75061289469402,73.34325281778972,77.52281061808269,-0.0716555876657366,0.0458869371499931,-0.0082332110032439,-0.0646445155143737,-0.0809808000922203,-0.0547627136111259,-0.1496566981077194,-0.0259557134161392,0.040003737459767,-0.0203268186499675,0.042560089379549,-0.0207397366563479,-0.0726763146619002,-0.0585957864920298,1.0259557247161868,0.0400037352587144,1.020326852798462,0.957439919312795,1.020739734172821,1.0726763010025024,1.0585958162943525,83.68091964721678,12.95117187747022,82.31784566243489,79.6736323038737,108.72342427571614,73.59555562337239,74.09414037068684,-0.0863808080554008,0.0359462413482189,-0.1235338002443313,-0.0679156482219696,-0.0423732697963714,-0.1342695355415344,-0.0638117864727974,-0.0932478128621975,0.0238620498329838,-0.1359341070055961,-0.0913563755651315,-0.0799442399293184,-0.0947733769814173,-0.0642309648295243,1.0932477951049804,0.0238620657434072,1.1359341144561768,1.09135639667511,1.0799442132314043,1.0947733322779338,1.0642309188842771,7.8,4.445222154178573,11,11,1,4,12,0.56752893363547,0.0242031577041984,0.5438680030335801,0.6085108501343449,0.5624794319361601,0.5785514980932986,0.5442348849799663,0.5431583853488338,0.021986127239806,0.5406513381184445,0.5810692240224307,0.5327656301984863,0.5472758430556828,0.5140298913491251,0.5404069323121489,0.019083570107594,0.54865260151395,0.572561241866357,0.5337140031371478,0.5308384833652463,0.5162683316780433,439.6007141113281,11.726327417359874,434.001953125,428.9909057617187,431.0091247558594,461.0085754394531,442.9930114746094,1026.6004150390625,0.4899877868804095,1027.0,1027.0009765625,1027.00048828125,1026.0006103515625,1026.0,0.0009740894660353,4.649218261048307e-07,0.0009737098589539,0.0009737098589539,0.0009737098589539,0.0009746588766574,0.0009746588766574,0.0009740894660353,4.649218261048307e-07,0.0009737098589539,0.0009737098589539,0.0009737098589539,0.0009746588766574,0.0009746588766574,0.0054550528526306,0.000780584765186,0.0048685492947697,0.0048685492947697,0.0058422591537237,0.0048732943832874,0.0068226121366024,0.0048704473301768,2.3246091305241533e-06,0.0048685492947697,0.0048685492947697,0.0048685492947697,0.0048732943832874,0.0048732943832874,0.0112997794523835,0.001809550893322,0.0107108084484934,0.0097370985895395,0.0116845183074474,0.0097465887665748,0.0146198831498622,0.0097408946603536,4.649218261048307e-06,0.0097370985895395,0.0097370985895395,0.0097370985895395,0.0097465887665748,0.0097465887665748
800,89.61229095458984,1.8264170132163364,92.67501722063336,87.1805899483817,88.68394579206195,90.25059836251395,89.27130344935826,0.0490112110972404,0.0093299073710644,0.0432522147893905,0.0451581962406635,0.0445633716881275,0.0676299482583999,0.0444523245096206,0.0553246976541621,0.0118995891304124,0.0436048012759004,0.0602322353848389,0.0465923018221344,0.076316128884043,0.0498780209038938,0.9446752973965236,0.0118995880369121,0.9563951918057032,0.93976776940482,0.9534076963152204,0.9236838647297452,0.9501219647271292,73.7156344095866,1.4346621419942611,72.88739013671875,72.4831148783366,73.1355349222819,73.57617060343425,76.49596150716145,-0.0680353663861751,0.031864927247622,-0.0161504931747913,-0.0626292526721954,-0.0855609402060508,-0.0628400743007659,-0.1129960715770721,-0.021521142621835,0.0525351991200266,-0.0057750555376211,0.0745316284398237,-0.048743529866139,-0.065811072786649,-0.0618076833585898,1.0215211470921834,0.0525351705156144,1.0057750741640727,0.9254684249560038,1.0487435261408489,1.065811038017273,1.061807672182719,83.67335459391276,13.220082152969916,82.40529886881511,79.806947072347,109.16485087076823,73.86565399169922,73.12402216593425,-0.0918278232216835,0.034752572112676,-0.1158825233578682,-0.0731517150998115,-0.0497030392289161,-0.1466813385486602,-0.0737204998731613,-0.0901084418098131,0.0264407719393902,-0.1416279772917429,-0.0811077877879142,-0.0762492281695206,-0.0846536209185918,-0.0669035948812961,1.0901084423065186,0.0264407760829779,1.1416279872258503,1.08110777537028,1.0762492418289185,1.084653615951538,1.066903591156006,9.0,6.841052550594828,19,15,4,6,1,0.5547634544904002,0.0325309177390946,0.5662255657416306,0.6052075838805542,0.5390743918761204,0.5571612607764899,0.506148470177206,0.545443156510659,0.030798739844553,0.5680966766797244,0.5833079883418946,0.5368733624859104,0.5456711360792366,0.4932666189665291,0.543882375773306,0.0284336104480047,0.5696343634693389,0.56898955896539,0.5467914572383609,0.5424427014662286,0.4915537977272119,439.6060424804688,11.723043535690364,434.0094299316406,428.9996948242187,431.0191955566406,461.0101318359375,442.99176025390625,1026.6001953125,0.4900575502814854,1027.0,1027.0,1027.0009765625,1026.0,1026.0,0.0009740894660353,4.649218261048307e-07,0.0009737098589539,0.0009737098589539,0.0009737098589539,0.0009746588766574,0.0009746588766574,0.0009740894660353,4.649218261048307e-07,0.0009737098589539,0.0009737098589539,0.0009737098589539,0.0009746588766574,0.0009746588766574,0.0052601210772991,0.0004776448948589,0.0048685492947697,0.0048685492947697,0.0058422591537237,0.0048732943832874,0.0058479532599449,0.0048704473301768,2.3246091305241533e-06,0.0048685492947697,0.0048685492947697,0.0048685492947697,0.0048732943832874,0.0048732943832874,0.0114943316206336,0.001136651116427,0.0126582281664013,0.0097370985895395,0.0116845183074474,0.0107212476432323,0.0126705653965473,0.0097408946603536,4.649218261048307e-06,0.0097370985895395,0.0097370985895395,0.0097370985895395,0.0097465887665748,0.0097465887665748
825,88.50423714773996,2.801049471337906,88.63251277378627,84.32257734026227,87.2937251499721,92.92601994105748,89.34635053362165,0.0386655628681182,0.0169371239993712,0.0244967453181743,0.0443788766860961,0.0204087905585765,0.068003736436367,0.0360396653413772,0.0420885323313996,0.018294710612437,0.0311544256318094,0.0569830111094883,0.0184225064835378,0.0689390770026615,0.0349436414295009,0.9579114760671344,0.018294711736453,0.9688455632754734,0.9430170059204102,0.9815775156021118,0.931060927254813,0.9650563682828632,73.60808741251628,1.4825105042513391,72.67013549804688,72.49074427286784,72.79418182373047,73.61398569742839,76.47138977050781,-0.0672426752746105,0.0338418050402486,-0.0165414735674858,-0.0597985200583934,-0.0786686018109321,-0.0599559620022773,-0.1212488189339637,-0.0214771998425324,0.0517001610415771,-0.0043203110496203,0.0720860796670119,-0.0460463693986336,-0.0637024734169244,-0.0654029250144958,1.02147722641627,0.0517001612423077,1.0043203433354695,0.9279139439264932,1.0460463960965474,1.0637025038401289,1.0654029448827107,83.26772766113281,13.054047060248768,81.46297454833984,79.45634078979492,108.57124582926431,73.73424657185872,73.11383056640625,-0.0877407938241958,0.0377921045156332,-0.1093202009797096,-0.0725271701812744,-0.0438268855214118,-0.1501653343439102,-0.0628643780946731,-0.0729678658147652,0.0231541400141869,-0.1155389249324798,-0.0562269321332375,-0.0538551087180773,-0.0596052308877309,-0.0796131324023008,1.0729678710301718,0.0231541513271783,1.1155389547348022,1.0562269290288289,1.0538551012674968,1.0596052408218384,1.0796131292978923,4.0,3.687817782917155,1,8,1,9,1,0.5339118474383028,0.0311626400321063,0.5013636019573082,0.5897544479646676,0.5082617448170947,0.5380106640205882,0.5321687784318553,0.5324716525385794,0.0211765547854295,0.507564017969874,0.571490405964669,0.5236663385593134,0.5278477545145994,0.5317897456844412,0.5242940453310247,0.0166741240102873,0.5076717582148621,0.5558644706679728,0.5233476916399395,0.5203113729312223,0.5142749332011266,439.5975280761719,11.72139679540133,433.9897766113281,428.994384765625,431.0179443359375,460.9980163574219,442.9875183105469,1026.59990234375,0.4898183423621499,1026.99951171875,1027.00048828125,1026.99951171875,1026.0,1026.0,0.0009740894660353,4.649218261048307e-07,0.0009737098589539,0.0009737098589539,0.0009737098589539,0.0009746588766574,0.0009746588766574,0.0009740894660353,4.649218261048307e-07,0.0009737098589539,0.0009737098589539,0.0009737098589539,0.0009746588766574,0.0009746588766574,0.0052603108808398,0.0004798079933475,0.0048685492947697,0.0048685492947697,0.0048685492947697,0.0058479532599449,0.0058479532599449,0.0048704473301768,2.3246091305241533e-06,0.0048685492947697,0.0048685492947697,0.0048685492947697,0.0048732943832874,0.0048732943832874,0.0126639222726225,0.0019533073071066,0.0126582281664013,0.0097370985895395,0.0116845183074474,0.0155945420265197,0.0136452242732048,0.0097408946603536,4.649218261048307e-06,0.0097370985895395,0.0097370985895395,0.0097370985895395,0.0097465887665748,0.0097465887665748
850,88.71789332798548,1.906358260704866,87.86295536586216,92.48209272112165,87.35376739501953,87.61643981933594,88.27421133858817,0.0458903178572654,0.0066800505951278,0.0431396849453449,0.0435332357883453,0.0462977290153503,0.0382709875702858,0.0582099519670009,0.0584919056056865,0.0059288497042349,0.0663034841418266,0.0505836281393255,0.0607421243829386,0.0526816282820488,0.0621486630822931,0.9415081007140024,0.0059288544753378,0.9336965084075928,0.9494163734572274,0.9392578857285636,0.9473183921405248,0.9378513438361032,75.4793337504069,2.2598594586680947,74.27549489339192,73.92757415771484,74.7061882019043,74.51846567789714,79.9689458211263,-0.0680574746802449,0.0371908147537514,-0.0089691067114472,-0.0510360971093177,-0.0920622199773788,-0.0696056112647056,-0.118614338338375,-0.0094944932808478,0.0543072182750336,0.0193278721223274,0.0816091348727544,-0.0275902040302753,-0.0676072724163532,-0.0532119969526926,1.0094945033391318,0.0543072023374967,0.9806721409161886,0.9183909098307292,1.0275902152061462,1.067607323328654,1.0532119274139404,84.8016367594401,13.945922532481417,82.33034261067708,79.74194717407227,111.84342447916669,78.13993835449219,71.95253117879231,-0.0852424882352352,0.027031331999197,-0.1212629750370979,-0.0792202353477478,-0.0466763414442539,-0.1094722375273704,-0.0695806518197059,-0.0781800111134846,0.031593985132631,-0.1279426887631416,-0.1007458244760831,-0.0412638671696186,-0.0576863102614879,-0.0632613648970921,1.0781800031661988,0.0315939907366595,1.127942681312561,1.1007458368937175,1.0412638584772749,1.0576862891515095,1.063261349995931,8.6,7.49933330370107,21,6,13,1,2,0.5531498518473711,0.0218778653789147,0.5713869688222927,0.582536340439478,0.5450896450273143,0.5465864849362373,0.5201498200115331,0.5338601652451251,0.0287292360028611,0.5678267447537467,0.5622727587074974,0.536844473486719,0.5043988735184024,0.4979579757592594,0.5362601724339513,0.0251821135524383,0.5703495115233318,0.5544100614660086,0.5388957850570947,0.5179502428488898,0.4996952612744318,439.3970092773437,11.583112516339224,433.9866638183594,429.0003356933594,430.0130615234375,459.99652099609375,443.9884643554687,1026.4001220703126,0.4893999903547553,1026.99951171875,1026.99951171875,1025.99951171875,1026.0006103515625,1026.00146484375,0.000974279269576,4.649218261048307e-07,0.0009737098589539,0.0009737098589539,0.0009746588766574,0.0009746588766574,0.0009746588766574,0.000974279269576,4.649218261048307e-07,0.0009737098589539,0.0009737098589539,0.0009746588766574,0.0009746588766574,0.0009746588766574,0.0056505540385842,0.0011344265570592,0.0077896788716316,0.0048685492947697,0.0048732943832874,0.0048732943832874,0.0058479532599449,0.0048713963478803,2.3246091305241533e-06,0.0048685492947697,0.0048685492947697,0.0048732943832874,0.0048732943832874,0.0048732943832874,0.0118859034031629,0.0021673683334077,0.0155793577432632,0.0097370985895395,0.0116959065198898,0.0097465887665748,0.0126705653965473,0.0097427926957607,4.649218261048307e-06,0.0097370985895395,0.0097370985895395,0.0097465887665748,0.0097465887665748,0.0097465887665748
875,88.49011383056641,2.2953278106182027,89.84016636439732,85.90109034946987,85.64063589913505,89.71588461739677,91.35279192243304,0.0421873945742845,0.011411997487171,0.0429535061120986,0.0441434495151042,0.0295320022851228,0.0619401820003986,0.0323678329586982,0.0521268231395099,0.0170380653030379,0.0513362767440932,0.0715694070926734,0.029719022169177,0.0707927495241165,0.0372166601674897,0.9478731887681144,0.0170380759353865,0.9486637200628008,0.9284305998257228,0.9702809963907514,0.9292072483471462,0.9627833792141506,75.49853922526042,2.1555586107719997,74.47817484537761,74.06561660766602,74.31967544555664,74.8496831258138,79.77954610188802,-0.066549964249134,0.028701942369393,-0.0161364264786243,-0.0603733845055103,-0.0851636752486229,-0.0701798051595687,-0.1008965298533439,-0.0198159943024317,0.0447474774957218,-0.0162835257748762,0.0630663000047206,-0.0293136661251386,-0.064654408643643,-0.0518946709732214,1.019816025098165,0.0447474825663922,1.0162835518519084,0.936933716138204,1.0293137232462566,1.0646544297536211,1.0518947045008342,84.73088124593099,13.770646085839152,82.21040344238281,79.57088088989258,111.4021224975586,78.66299184163411,71.80800755818684,-0.0848126247525215,0.0299957879961984,-0.1126209422945976,-0.0696860402822494,-0.0455303341150283,-0.1263947635889053,-0.0698310434818267,-0.0795335347453753,0.0262448869949499,-0.1222492481271425,-0.0655764775971571,-0.0422996611644824,-0.0848348295936981,-0.0827074572443962,1.0795335610707602,0.0262448879438367,1.1222492853800456,1.065576473871867,1.042299707730611,1.0848348538080852,1.0827074845631917,6.6,6.216108107168021,16,12,1,3,1,0.5360217847247648,0.0415123870869522,0.5647941071404885,0.6014230270275481,0.5083594326751432,0.5191085458761393,0.4864238109045047,0.5321992892328936,0.0320450070024536,0.5713777867561681,0.5690210570847185,0.5208388724696718,0.5034431430979579,0.4963155867559512,0.5377286097462912,0.0282342789634967,0.573753122891129,0.5671389173555668,0.5315882690400753,0.5117907723618734,0.5043719670828116,439.4044616699219,11.584975309838144,434.0036315917969,428.9970397949219,430.0177917480469,460.0042114257813,443.9996337890625,1026.4005126953125,0.4898785032753979,1027.0009765625,1027.0,1026.00146484375,1025.99951171875,1026.0006103515625,0.000974279269576,4.649218261048307e-07,0.0009737098589539,0.0009737098589539,0.0009746588766574,0.0009746588766574,0.0009746588766574,0.000974279269576,4.649218261048307e-07,0.0009737098589539,0.0009737098589539,0.0009746588766574,0.0009746588766574,0.0009746588766574,0.0052612598985433,0.0004790362571425,0.0048685492947697,0.0048685492947697,0.0058479532599449,0.0048732943832874,0.0058479532599449,0.0048713963478803,2.3246091305241533e-06,0.0048685492947697,0.0048685492947697,0.0048732943832874,0.0048732943832874,0.0048732943832874,0.010912193544209,0.001434291177526,0.0107108084484934,0.0097370985895395,0.0107212476432323,0.0097465887665748,0.0136452242732048,0.0097427926957607,4.649218261048307e-06,0.0097370985895395,0.0097370985895395,0.0097465887665748,0.0097465887665748,0.0097465887665748
900,91.00665915352955,4.03006059468331,90.1814705984933,91.42793709891184,87.99612317766461,98.43472072056362,86.9930441720145,0.0513995848596096,0.0078607234945759,0.0433625802397728,0.0456488654017448,0.0463038235902786,0.0627162754535675,0.0589663796126842,0.051034313094403,0.003689516767703,0.0474885872432163,0.0462498948244111,0.0523541814514568,0.0527666277651275,0.0563122741878032,0.948965699332101,0.0036895192272063,0.9525114212717328,0.9537501164845058,0.9476458515439716,0.9472333874021258,0.9436877199581692,75.61372477213541,2.234483554341316,74.45364252726237,74.15254084269206,74.65013758341472,74.74817784627278,80.06412506103516,-0.0728286800906062,0.0360035782444105,-0.0122401556000113,-0.0680228695273399,-0.0919351801276207,-0.0699833407998085,-0.1219618543982505,-0.0221414364486311,0.0430719455072553,-0.0112032666802406,0.0526311558981736,-0.0280614346265792,-0.0488639496810113,-0.0752096871534983,1.0221414605776469,0.0430719374380507,1.0112033287684123,0.947368860244751,1.028061469395955,1.0488639672597249,1.0752096772193909,84.89606806437175,14.03373709718411,82.18202718098958,79.7760836283366,112.13106791178386,78.45169067382812,71.93947092692058,-0.0859936706721782,0.0319215198656774,-0.1205607205629348,-0.0683536529541015,-0.0467044971883297,-0.1271346658468246,-0.0672148168087005,-0.0785928638031085,0.0209310333506085,-0.1167045931021372,-0.0818084875742594,-0.0694076598932345,-0.0545603260397911,-0.0704832524061203,1.0785928606987,0.0209310541201812,1.1167046229044597,1.0818084875742595,1.0694076617558796,1.0545602838198345,1.0704832474390666,7.8,6.43117407632541,7,7,20,3,2,0.5652711861001533,0.0134077412087538,0.571106611933493,0.5874005095535468,0.5646827688760243,0.5515981364940927,0.5515679036436096,0.5561741501573654,0.0185331993959132,0.572372073987739,0.5775942420781673,0.5619278612579035,0.5311307736299028,0.5378457998331142,0.5499791768080617,0.0225842453600858,0.5763105297549107,0.5657088108686119,0.5615508100858589,0.5188415543249463,0.5274841790059811,439.4010070800781,11.582735201402611,433.9949340820313,428.998046875,430.0167541503906,459.99566650390625,443.9996337890625,1026.4000244140625,0.4898782355962622,1027.00048828125,1026.99951171875,1026.0,1026.0006103515625,1025.99951171875,0.0011692110449075,0.0003900535851039,0.0009737098589539,0.0009737098589539,0.0019493177533149,0.0009746588766574,0.0009746588766574,0.000974279269576,4.649218261048307e-07,0.0009737098589539,0.0009737098589539,0.0009746588766574,0.0009746588766574,0.0009746588766574,0.0054561916738748,0.0007811527896763,0.0048685492947697,0.0048685492947697,0.0068226121366024,0.0048732943832874,0.0058479532599449,0.0048713963478803,2.3246091305241533e-06,0.0048685492947697,0.0048685492947697,0.0048732943832874,0.0048732943832874,0.0048732943832874,0.0113012978807091,0.0009896880701901,0.0126582281664013,0.0116845183074474,0.0116959065198898,0.0097465887665748,0.0107212476432323,0.0097427926957607,4.649218261048307e-06,0.0097370985895395,0.0097370985895395,0.0097465887665748,0.0097465887665748,0.0097465887665748
925,88.13522142682757,1.5677305672644566,86.76502663748605,86.95952497209821,89.220945085798,90.70709228515624,87.02351815359933,0.047360498458147,0.0106449378286605,0.0435353443026542,0.0445911847054958,0.0462444461882114,0.0672360733151435,0.0351954437792301,0.0486442481433706,0.0134946739086678,0.0502181601311479,0.0596648060849734,0.044094991138471,0.0637729178581919,0.0254703655040689,0.951355755329132,0.0134946706598271,0.9497818435941424,0.9403351971081324,0.9559050117220196,0.936227091721126,0.9745296325002398,75.63503138224283,2.134635995349192,74.63763936360677,74.02820332845052,74.56025314331055,75.09924062093098,79.84982045491536,-0.0629430549684912,0.0344252479453082,-0.001448479713872,-0.0565799288451671,-0.0871992036700248,-0.0679434165358543,-0.1015442460775375,-0.0231719247181899,0.0492630730116009,-0.0367606750999887,0.0694766131540139,-0.023839384317398,-0.0502701122313737,-0.0744660650962032,1.0231719414393106,0.0492630573380579,1.036760687828064,0.93052343527476,1.0238393942515056,1.0502701203028362,1.074466069539388,84.95705693562826,13.932146759166695,82.17723083496094,79.79190826416016,111.95387522379558,79.02298736572266,71.83928298950195,-0.0948353305459022,0.033768280405706,-0.1297795474529266,-0.0777568444609642,-0.0522031635046005,-0.1393473595380783,-0.0750897377729415,-0.0845683954656124,0.0153475679722629,-0.1053172834217548,-0.0825507802267869,-0.0634707597394784,-0.0736016382773717,-0.0979015156626701,1.0845683972040814,0.0153475571588018,1.1053172747294109,1.0825507640838623,1.063470760981242,1.0736016829808552,1.097901503245036,11.8,10.225458424931372,12,31,7,8,1,0.5650022239556292,0.0260259292279094,0.5569260257344617,0.6133532671120738,0.5446743432313564,0.5686583636992278,0.5413991200010255,0.5457419879100087,0.0226802043947075,0.5505343886863173,0.5782481615071747,0.5357690662606375,0.5546571941811941,0.5095011289147198,0.5473225084004868,0.022453137554434,0.557980223931062,0.579738782512298,0.5500645208754631,0.5366465052396735,0.5121825094439372,439.405078125,11.58438694176111,434.01129150390625,428.9974670410156,430.0177917480469,460.0063781738281,443.9924621582031,1026.40009765625,0.4898184397119364,1027.0,1027.0,1025.99951171875,1026.0,1026.0009765625,0.000974279269576,4.649218261048307e-07,0.0009737098589539,0.0009737098589539,0.0009746588766574,0.0009746588766574,0.0009746588766574,0.000974279269576,4.649218261048307e-07,0.0009737098589539,0.0009737098589539,0.0009746588766574,0.0009746588766574,0.0009746588766574,0.005845296010375,0.0010649145806818,0.0077896788716316,0.0058422591537237,0.0048732943832874,0.0048732943832874,0.0058479532599449,0.0048713963478803,2.3246091305241533e-06,0.0048685492947697,0.0048685492947697,0.0048732943832874,0.0048732943832874,0.0048732943832874,0.0113014876842498,0.0009918154843986,0.0126582281664013,0.0107108084484934,0.0116959065198898,0.0097465887665748,0.0116959065198898,0.0097427926957607,4.649218261048307e-06,0.0097370985895395,0.0097370985895395,0.0097465887665748,0.0097465887665748,0.0097465887665748
950,89.53689902169364,2.3287357376141062,89.95587485177177,89.29703412737165,85.24471064976284,91.60741533551898,91.57946014404295,0.0454401537775993,0.0074240814667529,0.0426395833492279,0.0446987338364124,0.0443176478147506,0.0590651705861091,0.0364796333014965,0.048226469302816,0.0109489758755756,0.0542618206569126,0.0407051475984709,0.0507533693952219,0.0635091311165264,0.0319028777469481,0.9517735396112714,0.0109489819878517,0.9457381537982396,0.959294855594635,0.9492466534887042,0.9364908848490032,0.9680971503257751,75.46053949991861,2.1719466680506447,74.39221572875977,74.0273831685384,74.47382481892903,74.62256876627605,79.78670501708984,-0.0661301968619227,0.0326077051661825,-0.0110573833808302,-0.0551991537213325,-0.0856898501515388,-0.0706079974770546,-0.1080965995788574,-0.004197622804592,0.0442644187703985,0.0057570142671465,0.067878995090723,0.0070687520007292,-0.0474255359731614,-0.0542673394083976,1.004197633266449,0.0442644284528445,0.9942429860432944,0.9321210185686748,0.9929312268892924,1.0474255482355754,1.0542673865954082,84.84919738769531,13.99738402974616,82.45537567138672,79.71583557128906,111.94769287109376,78.3578872680664,71.76919555664062,-0.0875607140362262,0.028379639301568,-0.1195036917924881,-0.0781226977705955,-0.0478281117975711,-0.1205724254250526,-0.0717766433954238,-0.0788039227326711,0.0311828545212344,-0.1379322111606598,-0.0755498508612314,-0.0460475062330563,-0.0645146891474723,-0.0699753562609354,1.0788038889567058,0.0311828599403163,1.1379321813583374,1.075549840927124,1.0460474491119385,1.064514676729838,1.0699752966562908,9.8,10.10742301479462,29,9,8,2,1,0.5425358253314283,0.0377236034885046,0.5734601582441424,0.591892140934713,0.5430682941246515,0.5172508994776988,0.4870076338759357,0.5294830350453833,0.0314660395640617,0.5632866805852166,0.5654351350584287,0.5304560050308071,0.4966775843342574,0.4915597702182072,0.530458377158547,0.029959318476235,0.5684776860821951,0.556028635132342,0.535578065228144,0.4951535368221932,0.497053962527861,439.4001770019531,11.584009706546354,434.00445556640625,428.9858093261719,430.0194396972656,459.998291015625,443.9928894042969,1026.400146484375,0.4895790796568575,1027.0,1026.99951171875,1026.0006103515625,1026.0006103515625,1026.0,0.000974279269576,4.649218261048307e-07,0.0009737098589539,0.0009737098589539,0.0009746588766574,0.0009746588766574,0.0009746588766574,0.000974279269576,4.649218261048307e-07,0.0009737098589539,0.0009737098589539,0.0009746588766574,0.0009746588766574,0.0009746588766574,0.0056509336456656,0.0007300822911819,0.0058422591537237,0.0048685492947697,0.0068226121366024,0.0048732943832874,0.0058479532599449,0.0048713963478803,2.3246091305241533e-06,0.0048685492947697,0.0048685492947697,0.0048732943832874,0.0048732943832874,0.0048732943832874,0.0111071253195405,0.0014610756048627,0.0107108084484934,0.0097370985895395,0.0116959065198898,0.0097465887665748,0.0136452242732048,0.0097427926957607,4.649218261048307e-06,0.0097370985895395,0.0097370985895395,0.0097465887665748,0.0097465887665748,0.0097465887665748
975,88.86611633300781,1.6112438481073357,91.23375374930244,88.21155330113002,87.63052586146763,86.99861798967633,90.2561307634626,0.0407968260347843,0.0026953476510718,0.0440998710691928,0.0431355908513069,0.0412115156650543,0.0386147461831569,0.0369224064052104,0.0439923365999545,0.0095045338979445,0.0343114861420222,0.0515440590679645,0.0586086208266871,0.0355885333514639,0.0399089836116348,0.9560076679502216,0.0095045380721654,0.9656885181154524,0.9484559297561646,0.9413913828986032,0.9644114715712412,0.9600910374096462,76.41515172322592,3.1360415779448445,76.10500971476237,74.32055536905925,74.51512400309245,74.57913589477539,82.55593363444011,-0.0643023354932665,0.0316531621447505,-0.0095878271386027,-0.0506014637649059,-0.0869366228580474,-0.0756179764866828,-0.0987677872180938,-0.0173382877682646,0.032574803878381,-0.0174724468961358,0.0399097092449665,-0.0124271971484025,-0.0546979320545991,-0.0420035719871521,1.0173382798830668,0.0325748134379121,1.017472465833028,0.9600902398427328,1.0124272108078003,1.054697871208191,1.042003611723582,81.7917411804199,3.1881662392824097,82.0968755086263,81.80540084838867,85.715087890625,83.29959615071614,76.04174550374348,-0.0859288357198238,0.0287434878495767,-0.1244274005293846,-0.0769210904836654,-0.0413342528045177,-0.1087274029850959,-0.0782340317964553,-0.0809259260694185,0.0252156686087831,-0.1163483882943789,-0.1067812206844488,-0.0606692296763261,-0.0618654265999794,-0.0589653650919596,1.0809259176254271,0.0252156859348755,1.116348425547282,1.1067812045415242,1.0606692632039387,1.0618653694788616,1.0589653253555298,5.2,4.791659420284375,12,10,2,1,1,0.5440683695273175,0.0251983380858229,0.5520702796912249,0.586594782625919,0.5400074388633004,0.5106819792795703,0.5309873671765727,0.528575237931396,0.0183909233897738,0.5419610946593096,0.5495017985973583,0.5291293950196586,0.4958795440016931,0.5264043573789604,0.5334664753265697,0.0155665235877982,0.5500609225770633,0.55109537333532,0.529104292939663,0.5095760836448017,0.5274957041360006,439.1988403320312,11.751305930563031,433.9988708496094,428.9915161132813,429.0150451660156,459.9967346191406,443.9920349121094,1026.1997314453124,0.3996462002340079,1026.9990234375,1025.99951171875,1026.0006103515625,1025.99951171875,1026.0,0.0009744690731167,3.796070814132691e-07,0.0009737098589539,0.0009746588766574,0.0009746588766574,0.0009746588766574,0.0009746588766574,0.0009744690731167,3.796070814132691e-07,0.0009737098589539,0.0009746588766574,0.0009746588766574,0.0009746588766574,0.0009746588766574,0.0056518826633691,0.0007290670485187,0.0058422591537237,0.0048732943832874,0.0058479532599449,0.0048732943832874,0.0068226121366024,0.0048723453655838,1.8980354070663452e-06,0.0048685492947697,0.0048732943832874,0.0048732943832874,0.0048732943832874,0.0048732943832874,0.0111090233549475,0.0014592997001282,0.0107108084484934,0.0097465887665748,0.0116959065198898,0.0097465887665748,0.0136452242732048,0.0097446907311677,3.7960708141326904e-06,0.0097370985895395,0.0097465887665748,0.0097465887665748,0.0097465887665748,0.0097465887665748
1000,90.16052725655692,2.727950598192641,88.03871590750558,86.8717542375837,89.32692609514508,92.36049107142856,94.20474897112165,0.0414806105196476,0.0038719425887817,0.0424502193927764,0.0457795783877372,0.0451808720827102,0.0360943973064422,0.0378979854285717,0.0397365164543901,0.0115017043373603,0.048480358506952,0.0558928341737815,0.0347746749009404,0.0226759365094559,0.0368587781808206,0.96026348897389,0.0115017070525898,0.9515196425574166,0.9441071663584027,0.965225338935852,0.9773240685462952,0.9631412284714836,76.43800862630208,3.1074639004873728,76.07692082722981,74.27064768473308,74.68582661946614,74.62726211547852,82.52938588460286,-0.06582478354685,0.0359328123348031,-0.0033952628728002,-0.0626421943306922,-0.0836177170276641,-0.0664069652557373,-0.1130617782473564,-0.0158676725501815,0.0448633256465444,-0.0175814985608061,0.0593283375104268,-0.0058133825659751,-0.0778343354662259,-0.0374374836683273,1.0158676505088808,0.0448633186325145,1.0175814628601074,0.9406716426213584,1.0058133800824482,1.0778342882792156,1.0374374787012737,81.85098698933919,3.309350548380427,81.89247385660808,81.83247502644856,86.21159362792969,83.27403767903645,76.04435475667317,-0.0871157117187976,0.0274418353428425,-0.1252079308032989,-0.0739751309156417,-0.0529212616384029,-0.1132963895797729,-0.0701778456568718,-0.0749705390383799,0.0126770953238201,-0.09531721410652,-0.0779689115782578,-0.07745061814785,-0.0575332144896189,-0.066582736869653,1.074970547358195,0.0126771234302529,1.095317284266154,1.077968915303548,1.0774506330490112,1.0575332244237263,1.0665826797485352,7.2,5.418486873657627,12,14,8,1,1,0.5471086697637751,0.0378555167020001,0.5804810859268635,0.5975344752347537,0.547012024919952,0.5069511603039395,0.5035646024333671,0.5313345835514196,0.0308932582666611,0.5558950592239269,0.574629770982598,0.5309499928427934,0.4946027082033946,0.5005953865043847,0.5313422357903269,0.0305495014013272,0.5601769647067056,0.5641653140603149,0.5421019718838205,0.4982673046379487,0.4919996236628448,439.2047546386719,11.750073711938914,434.007568359375,428.99664306640625,429.0240478515625,460.00201416015625,443.9934997558594,1026.2003173828125,0.3995980060709025,1026.99951171875,1025.9990234375,1026.00146484375,1026.0009765625,1026.0006103515625,0.0009744690731167,3.796070814132691e-07,0.0009737098589539,0.0009746588766574,0.0009746588766574,0.0009746588766574,0.0009746588766574,0.0009744690731167,3.796070814132691e-07,0.0009737098589539,0.0009746588766574,0.0009746588766574,0.0009746588766574,0.0009746588766574,0.0060413666069507,0.0011342957740044,0.0077896788716316,0.0048732943832874,0.0068226121366024,0.0048732943832874,0.0058479532599449,0.0048723453655838,1.8980354070663452e-06,0.0048685492947697,0.0048732943832874,0.0048732943832874,0.0048732943832874,0.0048732943832874,0.0113033857196569,0.001454478222859,0.0136319380253553,0.0097465887665748,0.0116959065198898,0.0097465887665748,0.0116959065198898,0.0097446907311677,3.7960708141326904e-06,0.0097370985895395,0.0097465887665748,0.0097465887665748,0.0097465887665748,0.0097465887665748
