lags,train_bce_mean,train_bce_std,train_bce_fold_1,train_bce_fold_2,train_bce_fold_3,train_bce_fold_4,train_bce_fold_5,train_roc_auc_mean,train_roc_auc_std,train_roc_auc_fold_1,train_roc_auc_fold_2,train_roc_auc_fold_3,train_roc_auc_fold_4,train_roc_auc_fold_5,train_sensitivity_mean,train_sensitivity_std,train_sensitivity_fold_1,train_sensitivity_fold_2,train_sensitivity_fold_3,train_sensitivity_fold_4,train_sensitivity_fold_5,train_specificity_mean,train_specificity_std,train_specificity_fold_1,train_specificity_fold_2,train_specificity_fold_3,train_specificity_fold_4,train_specificity_fold_5,train_f1_mean,train_f1_std,train_f1_fold_1,train_f1_fold_2,train_f1_fold_3,train_f1_fold_4,train_f1_fold_5,train_precision_mean,train_precision_std,train_precision_fold_1,train_precision_fold_2,train_precision_fold_3,train_precision_fold_4,train_precision_fold_5,val_bce_mean,val_bce_std,val_bce_fold_1,val_bce_fold_2,val_bce_fold_3,val_bce_fold_4,val_bce_fold_5,val_roc_auc_mean,val_roc_auc_std,val_roc_auc_fold_1,val_roc_auc_fold_2,val_roc_auc_fold_3,val_roc_auc_fold_4,val_roc_auc_fold_5,val_sensitivity_mean,val_sensitivity_std,val_sensitivity_fold_1,val_sensitivity_fold_2,val_sensitivity_fold_3,val_sensitivity_fold_4,val_sensitivity_fold_5,val_specificity_mean,val_specificity_std,val_specificity_fold_1,val_specificity_fold_2,val_specificity_fold_3,val_specificity_fold_4,val_specificity_fold_5,val_f1_mean,val_f1_std,val_f1_fold_1,val_f1_fold_2,val_f1_fold_3,val_f1_fold_4,val_f1_fold_5,val_precision_mean,val_precision_std,val_precision_fold_1,val_precision_fold_2,val_precision_fold_3,val_precision_fold_4,val_precision_fold_5,test_bce_mean,test_bce_std,test_bce_fold_1,test_bce_fold_2,test_bce_fold_3,test_bce_fold_4,test_bce_fold_5,test_roc_auc_mean,test_roc_auc_std,test_roc_auc_fold_1,test_roc_auc_fold_2,test_roc_auc_fold_3,test_roc_auc_fold_4,test_roc_auc_fold_5,test_sensitivity_mean,test_sensitivity_std,test_sensitivity_fold_1,test_sensitivity_fold_2,test_sensitivity_fold_3,test_sensitivity_fold_4,test_sensitivity_fold_5,test_specificity_mean,test_specificity_std,test_specificity_fold_1,test_specificity_fold_2,test_specificity_fold_3,test_specificity_fold_4,test_specificity_fold_5,test_f1_mean,test_f1_std,test_f1_fold_1,test_f1_fold_2,test_f1_fold_3,test_f1_fold_4,test_f1_fold_5,test_precision_mean,test_precision_std,test_precision_fold_1,test_precision_fold_2,test_precision_fold_3,test_precision_fold_4,test_precision_fold_5,num_epochs_mean,num_epochs_std,num_epochs_fold_1,num_epochs_fold_2,num_epochs_fold_3,num_epochs_fold_4,num_epochs_fold_5
-1000,0.5448778800666332,0.0457572567075947,0.6265078783035278,0.5265318043529987,0.557650494389236,0.4924767287448048,0.5212224945425987,0.7951309073081979,0.0486764285704056,0.7042176872166049,0.8158136955227767,0.7896570258163306,0.8443507213190979,0.8216154066661789,0.7272768664062664,0.0249386272578663,0.6798394929743677,0.7361561920833968,0.7418346722682035,0.7511216762039132,0.7274322985014511,0.7219436746066971,0.0456979467261189,0.6364715834614735,0.7470323513292263,0.7271678841991345,0.771409691824988,0.7276368622186636,0.7245188553471549,0.0298227701952441,0.6678510827509282,0.7378420953707334,0.7332518459131244,0.7556629497782585,0.7279863029227289,0.808051765512824,0.0300059141148993,0.7509188488992089,0.8197664218199241,0.8169255860238834,0.8396258338861862,0.8130221369349175,0.6626606085083702,0.0100490750322857,0.6702323664318431,0.6576628522439436,0.6672498041933234,0.6727883869951422,0.6453696326775984,0.6711088700028045,0.0173647204033823,0.6711659451034627,0.6707760859164603,0.6683392244638903,0.6452888559004869,0.6999742386297226,0.6857956714530155,0.0711148748988296,0.6363707132845889,0.6872612681436211,0.6126236582787384,0.6751184495836902,0.8176042679744389,0.5700688007773569,0.0585688154314326,0.660414667032314,0.5470122346459245,0.609901729286756,0.54031211658217,0.49270325633962,0.6401543197382946,0.0244653876466927,0.6542604220965397,0.6274804129618606,0.6151515885953516,0.6225266287347627,0.6813525463029589,0.7134665880920608,0.0296340988568382,0.7546395002075443,0.7103069153069153,0.7176551784207286,0.6625523763224298,0.7221789702026856,0.6559462135488336,0.0175610521636602,0.6521512486717918,0.6609099561517889,0.6431892568414862,0.6365110603245822,0.6869695457545194,0.6788680823023041,0.0354893706775979,0.7158941885348455,0.6302427033290857,0.714918804242791,0.6885914567273189,0.6446932586774797,0.690938412290864,0.05186987764246,0.6154247878649792,0.7013291147097239,0.6668412077024517,0.6962970036499448,0.7747999475272201,0.5786248199216114,0.1222056635253649,0.7193735186382245,0.5216892955529319,0.695341556838883,0.5729388036206218,0.3837809249573956,0.6518093193042955,0.0317290337273051,0.6739295878037055,0.6390775666335528,0.6937211560764707,0.6517500491199589,0.6005682368877893,0.7340540149746027,0.0659105859662667,0.8187998276233572,0.7116634850320408,0.789228058364214,0.7204949478704052,0.6300837559829959,7.6,2.4166091947189146,4,8,6,11,9
-975,0.5058464795351029,0.1006557104766096,0.3537906231358647,0.60677145794034,0.4627313632518053,0.6273030443117023,0.4786359090358019,0.8204949711098735,0.0822590532073192,0.9282574992926084,0.7401178940374616,0.8671238103489985,0.7098460716885627,0.8571295801817364,0.7508526004598071,0.0600042123045209,0.8263121855992175,0.6937312485626317,0.7810244190394509,0.6676120744697227,0.7855830746280128,0.7608628509218679,0.0784925907943595,0.8614731394336657,0.6720172188922188,0.7989987876706628,0.6648841329218167,0.8069409756909759,0.752676418099488,0.0665635001019632,0.8346355373722263,0.678623092180403,0.788907511042052,0.6686984403234087,0.7925175095793499,0.8301656602556371,0.0561486776943072,0.8948639685639009,0.7593625445707972,0.8633291447061282,0.7661461491993129,0.8671264942380462,0.6623470360582525,0.0187524160681042,0.6524906266819347,0.6822576360269026,0.6574235883626071,0.6845534443855286,0.6350098848342896,0.6772770305108045,0.0142518825368671,0.6825787501444517,0.6753270445574924,0.6710030560089049,0.6570582339340695,0.7004180679091042,0.6287337067260036,0.1167187399115068,0.7244662965954831,0.6544860368389781,0.6404052943491446,0.4051731987560865,0.7191377070903252,0.6232793528515455,0.0950251373854243,0.5458289259759849,0.5611602078848068,0.6134774984373915,0.807599775447369,0.5883303565121747,0.6269963286557754,0.0367405753344035,0.6519187151250643,0.6131799604391598,0.6325486282153978,0.5649654277158455,0.6723689117834092,0.7260822383847262,0.025241451128843,0.688515859092469,0.709819173696179,0.728335909485642,0.7612195884923157,0.7425206611570249,0.6647146582603455,0.0152743392868276,0.6593585339459506,0.6826346299865029,0.6434069980274547,0.6818237196315419,0.6563494097102772,0.6727238170586729,0.0340866335558872,0.6832602827332571,0.6112373724268123,0.7161405949639924,0.6749901191537221,0.6779907160155806,0.6380869927296523,0.1225541424202095,0.7322260368552233,0.6946391288579151,0.6766327837500087,0.3957420847126729,0.6911949294724415,0.5755669004198416,0.1168041246127859,0.5008826957356368,0.4599468713105077,0.6079824364583722,0.7882182211727666,0.5208042774219245,0.6232402411879827,0.0432694174431523,0.6552574820753317,0.617533601469835,0.671991747338089,0.5462777682733355,0.6251406067833227,0.7176009091999682,0.0402434535114529,0.7339022019408467,0.6880061099462953,0.7608852900859656,0.7507346189164372,0.6544763251102964,10.6,6.974238309665077,21,3,15,3,11
-950,0.4565827752463519,0.0772937050568281,0.4119372591376304,0.4566546464338898,0.5492219943553209,0.3373103369958699,0.5277896393090487,0.8651429896350626,0.050431441605278,0.8970893521794473,0.8668166635461834,0.8003987611170373,0.9399381315764742,0.8214720397561711,0.7794272723182193,0.0478238166100389,0.8049059938534046,0.7666600755763266,0.7347409471816887,0.8591145901873393,0.7317147547923373,0.8012910720815134,0.0639849507793429,0.8449677263096382,0.8109055415581151,0.6922912157287159,0.8793329933954934,0.778957883415604,0.7849449756307133,0.0503799030909909,0.8142950598230677,0.7803605483952567,0.7164838534180042,0.8623204340608176,0.7512649824564203,0.8593510527140558,0.0421999460380654,0.875359680604698,0.8669257809399062,0.78937728924305,0.9187274810243076,0.8463650317583172,0.6660838495601307,0.0238959647256567,0.647983355955644,0.6559747132388029,0.6561251282691956,0.7134317430582914,0.6569043072787198,0.6871619633482293,0.0155521823031166,0.6929511811493149,0.6713214616080593,0.6908196146916066,0.6692507521259193,0.7114668071662468,0.7178065485891388,0.1083481893706861,0.7731618129345402,0.6946749774289881,0.5653886072335269,0.6669018296023643,0.8889055157462749,0.5656133245839128,0.092951288056901,0.5196925623396212,0.5148598282288122,0.7193271523485426,0.6185195152441142,0.4556675647584738,0.657178815076487,0.0274587517440427,0.6672673176160129,0.6249431877446783,0.6368444471146778,0.6527955829370601,0.7040435399700059,0.7194724253990337,0.0243812020301358,0.6890001340896482,0.7101908192817283,0.7633597463142917,0.7140243840032751,0.7207870433062248,0.6577442255887118,0.0124664427572188,0.6464366316795349,0.6710572351108898,0.6406490369276567,0.6595503416928378,0.6710278825326399,0.6709435590630116,0.0370892224668363,0.7098638634437671,0.608806997990836,0.7082160095373401,0.6665880961544398,0.6612428281886751,0.7002208124709624,0.0878546109573413,0.7837982525183481,0.7028504017489137,0.5566874313883884,0.6604914693149987,0.7972765073841629,0.5191636601663341,0.1447428250611405,0.5087931676166971,0.4321838515020333,0.7587721770208401,0.5695838252656434,0.3264852794264559,0.6323974134568452,0.0411712330883281,0.6960053038896319,0.6110505971173267,0.6509464048562793,0.6318311538284955,0.5721536075924931,0.714139727546294,0.0658802481919279,0.7541052253261163,0.6808594448805109,0.8072306481397391,0.7159849137790314,0.6125184056060724,14.4,7.445804187594515,17,14,6,27,8
-925,0.4881058093160391,0.0601719201679007,0.4765148852020502,0.5593690779060125,0.5176596902310848,0.3801034018397331,0.5068819914013147,0.847103150541105,0.0447491477944664,0.8547938955459237,0.785808630340776,0.834163062813503,0.9240487391633244,0.8367014248419975,0.7719433359862737,0.0479217112649504,0.7650486333313978,0.7007767426084053,0.763153079309527,0.8508752132155769,0.7798630114664618,0.7763080565160675,0.0428604211873557,0.7722090500873396,0.712016843450667,0.7897390905662964,0.8446793836269942,0.7628959148490401,0.7700129684057335,0.0435933956507624,0.7626983684892461,0.7053049557214818,0.768511448009328,0.8425251175220027,0.7710249522866094,0.8421222171410518,0.0320861382770006,0.8345803400498262,0.7933489706189494,0.8503761928914311,0.8934367312081548,0.8388688509368973,0.6592309583317151,0.0087684916128056,0.6485377712683245,0.6538489352573048,0.6582683704116128,0.6746437657963146,0.6608559489250183,0.6758724585100546,0.0159129672796771,0.6843210907579927,0.6962578540369315,0.6789581681501802,0.6485061776087846,0.6713190019963842,0.6839407241674463,0.097138533814845,0.6972588150817816,0.5943559930859397,0.6313498815504163,0.6302408153343981,0.8664981157846955,0.5805921336536309,0.1039544239696616,0.5713063896887426,0.6720813945412876,0.6573922957612797,0.617358844364192,0.3848217439126529,0.6456353480275778,0.0093678559295975,0.6501672976135763,0.6345810586648197,0.6498342982768985,0.6350557164058652,0.6585383691767294,0.7204670878825604,0.0297644819843908,0.6968296744976586,0.7599052728239332,0.7530259401917155,0.7028492391504666,0.6897253127490282,0.650309681892395,0.0179175428713457,0.6238941550254822,0.6640818823467601,0.6412486704913053,0.6470179991288618,0.6753057024695657,0.6787137363456972,0.0403288805813737,0.7384210131755716,0.6137772631360604,0.6955153546896,0.67217462053692,0.6736804301903339,0.672585794584112,0.0868234328561633,0.7077588081774684,0.5527058793334079,0.6335501632870054,0.6541348357524828,0.8147792863701955,0.5868556295160573,0.150647274952413,0.6871890364537424,0.6780385019021383,0.6666529326288684,0.6123179850452577,0.2900796915502798,0.6371796032198629,0.053318737333575,0.710768069595158,0.6074174076984605,0.6681353812982803,0.6453898422823329,0.5541873152250826,0.7359916625371298,0.0696167456484261,0.8097670861989748,0.752614709851552,0.7801689737694524,0.7299669827779875,0.6074405600876823,11.2,5.3814496188294845,12,5,9,21,9
-900,0.4679532904177904,0.0418398037537474,0.4041456934064626,0.4348903764039278,0.4907356146723032,0.5177393648773432,0.4922554027289152,0.8604398061549301,0.0316839497673998,0.9104799873013824,0.8811772620265341,0.8451301821028991,0.8202044649570761,0.8452071343867588,0.7749077845267609,0.0247504112588418,0.8043137520159579,0.7999240587563377,0.7719107415846969,0.7382149395561048,0.7601754307207073,0.7917714959672681,0.0401279707216053,0.8544170596560303,0.8107128956623442,0.7541146659712837,0.7434904479711467,0.7961224105755355,0.7805789277331605,0.0247980614714593,0.8164198704737375,0.8014337009097977,0.7628876683143321,0.749211412935857,0.7729419860320785,0.8592889291382424,0.0173789444392566,0.8871102196361003,0.8660387757076515,0.8375327558256159,0.8446622261843335,0.8611006683375104,0.6640731313011863,0.0071417624095092,0.6670068014751781,0.6728085875511169,0.6642824790694497,0.6651878411119635,0.6510799472982233,0.668803874867734,0.0115246001832301,0.6899557593493616,0.6554364066563264,0.6633592357397504,0.6659592848847529,0.6693086877084785,0.7150011642861531,0.1041401651032064,0.7929837506990617,0.7586507743593306,0.6559339576050806,0.5409020495250441,0.8265352892422485,0.541229522111875,0.1086119853293819,0.4809129595894302,0.4532447276431233,0.6348519573118504,0.7052133249994212,0.43192464101555,0.6414251117517369,0.0177921658155405,0.6515480247527986,0.6219496798416675,0.6538749133720841,0.618182624888128,0.6615703159040062,0.7130392556183819,0.0321878555963995,0.6804943848422109,0.6822265670378485,0.7441170134729771,0.758203973529051,0.700154339209822,0.6598715706305069,0.0138269368327454,0.6508124579082836,0.6796005964279175,0.642924574288455,0.6535836241462014,0.6724366003816779,0.6670864625847811,0.0357947745037683,0.7114271240862703,0.6028984723530687,0.683201478677177,0.6741236069152179,0.6637816308921713,0.711678534483433,0.1050456385384151,0.8066093090853859,0.7375416234286264,0.6530661191546359,0.5389483065953654,0.8222273141531514,0.5068639471045888,0.1294849205632167,0.4735534073769367,0.3884248327430146,0.6359018655141649,0.6791322314049586,0.357307398483869,0.6339528829390305,0.0371333614962128,0.6891512446876091,0.6049464780678775,0.6679090143392596,0.5991731563115507,0.6085845212888554,0.7063315271144905,0.0496595823253543,0.7397048060923659,0.6668822136718219,0.7672802168123024,0.7260126038236085,0.6317777951723546,13.0,3.7416573867739418,18,17,10,9,11
-875,0.5126420710235834,0.0410727070177784,0.4905540570616722,0.5250914357602596,0.5784760750830173,0.5151947950944304,0.4538939921185374,0.827544147268417,0.0345856371555104,0.8491031402357286,0.8239808313431946,0.7658890324673079,0.8300229274722346,0.868724804823619,0.750931550210146,0.0126943689735857,0.7485187289997305,0.7522712504494206,0.7364634456124522,0.7434046530906179,0.773999672898509,0.7565612275957186,0.0497809002844438,0.7875389163532545,0.7202713952713954,0.6786609326131384,0.7810866080191738,0.8152482857216313,0.7507731665188943,0.0257939896040186,0.7626813166680456,0.7382908504201201,0.7106828341136965,0.7538572016190036,0.7883536297736056,0.8319511366149331,0.0327269378672403,0.842950263987174,0.8074008009802807,0.7852749004306667,0.844187233555703,0.8799424841208413,0.6605249166488647,0.0067284798762112,0.6731064319610596,0.6529947356744246,0.657597688111392,0.6589435013857755,0.6599822261116721,0.6840261596294772,0.0036082394602613,0.6858371911280545,0.6815471367610405,0.6901757440235048,0.6824749536522599,0.680095772582526,0.7324750446603994,0.0959621935758007,0.7979699593335957,0.6031760500343388,0.6340803952434968,0.7804068183747329,0.8467420003158325,0.5328176176170828,0.0921081370708982,0.4818429119899709,0.6401900016204828,0.6429051786003658,0.4835923212260111,0.4155576746485837,0.6475320702311443,0.0143123181027093,0.6560388460340999,0.6232904198055128,0.6464745101738185,0.645390782341502,0.6664657928007887,0.7155102625204208,0.0267956785972612,0.6786896087420825,0.7472093563002654,0.7452078295811394,0.7079926528631848,0.6984518651154317,0.653180106119676,0.0127869947145836,0.6363111626018177,0.659511230208657,0.6447817520661787,0.6516238992864435,0.6736724864352833,0.6772870973639262,0.0386988608422813,0.7368678448859999,0.6213797624541493,0.6928256625037954,0.6537793724583498,0.6815828445173365,0.7214869592799327,0.1043526989539213,0.8437879133094445,0.5746797784870327,0.6221378515158419,0.7693213649096001,0.7975078881777445,0.5330075064567044,0.0968687265096512,0.5040919864449277,0.6326380690017054,0.6589654329627592,0.4564639905548995,0.4128780533192298,0.6499058303032015,0.0411546869508696,0.7264946997322137,0.6093701808837999,0.6530804380893636,0.6397802809764653,0.6208035518341645,0.717628278770816,0.0469716926501813,0.7604609920971477,0.7368655705554101,0.7623382930201111,0.6879765628853051,0.640499975296106,9.6,3.7735924528226414,11,7,5,9,16
-850,0.5095255013555289,0.0652641690101048,0.5715150255709887,0.541944514028728,0.5616350322961807,0.47469946090132,0.3978334739804268,0.825648390914554,0.0504431594418858,0.7685930022581049,0.8065948287450482,0.7888397563563608,0.8558951639993938,0.9083192032138624,0.7550861728339582,0.0256493870354294,0.7264542818722387,0.7551271577318152,0.755138499409368,0.7372428449724773,0.801468080183892,0.7498167141273759,0.0691364492160164,0.6969280566247477,0.7051376804363939,0.6805470494578951,0.8192679512072893,0.8472028329105536,0.7521043414687456,0.0351610915505481,0.7129064257211788,0.7368278874035616,0.7302020290672717,0.7677620915293157,0.8128232736224,0.8291038955641359,0.0414730654685197,0.7840950223291072,0.8029378766840279,0.8014429398269859,0.8675622186712066,0.8894814203093518,0.6538267363201489,0.0072098382340897,0.6447488719766791,0.6585901813073591,0.6453140269626271,0.6600441228259694,0.6604364785281095,0.6791598328129288,0.0157761703983403,0.692598324472577,0.694882704286949,0.6858391738237996,0.6692938082602187,0.6531851532210996,0.7114912867833241,0.0616519150726215,0.6588656558752253,0.7698231358659166,0.6211570440848516,0.7304439544412807,0.7771666436493465,0.5427478641382384,0.0648227515888279,0.6020036336212807,0.4392200268537166,0.6208909183508114,0.5329091140588467,0.5187156278065369,0.6440331058423909,0.018679873739296,0.6473104628329763,0.6185280006804589,0.6309431805204787,0.6496831586998462,0.6737007264781948,0.7186140857006995,0.012344323352083,0.7352375093426747,0.6973342685214149,0.7240819905636228,0.7170868347338936,0.7193298253418912,0.6547766577113758,0.0190447812584219,0.6319096034223383,0.6670485464009371,0.6332266764207319,0.6619340723211115,0.6797643899917603,0.6785972990041024,0.0395415379134505,0.7407646816624456,0.6277696554427257,0.7000553170062651,0.6485760066767754,0.6758208342322999,0.7318514648277249,0.0524745804213006,0.6976494438575778,0.7903661578417449,0.6475197463355359,0.7732885578473813,0.7504334182563848,0.5336451931906477,0.1081069667692596,0.6698284558578677,0.3934933753115571,0.6511324682447677,0.4774596615505706,0.4763120049884755,0.6563325603533574,0.0288262923123742,0.7088524921395483,0.6342881926375538,0.6611118730842068,0.6502416565334108,0.6271685873720674,0.7224451889721581,0.0523396399108849,0.8104744116002208,0.6868069424833089,0.7519568702486996,0.6965437589857859,0.6664439615427757,9.6,5.314132102234569,5,6,6,12,19
-825,0.4636300761252642,0.0955262367796561,0.5802426291629672,0.5557663841173053,0.3165546031668782,0.4311015419661999,0.4344852222129702,0.8539353650727641,0.0659338859690525,0.7657032882168535,0.7900852220378901,0.942065500961696,0.8803082353322874,0.8915145788150938,0.7674369986546972,0.0540637356411329,0.712566657979935,0.7161458091596844,0.8613840841458854,0.7795544601781668,0.767533981809814,0.7915836338100753,0.0674284348170736,0.6885377872740006,0.7467274045399044,0.883869541003587,0.8238174126731113,0.8149660235597735,0.771893122920769,0.0574179659215824,0.6996522102376597,0.7210205893862346,0.861739408013887,0.7936081879941088,0.7834452189719543,0.8503203188931941,0.0514339592786093,0.7697246140780873,0.8168149962836012,0.917390997207426,0.8753493955744006,0.8723215913224558,0.6485536401922054,0.0080082332322679,0.6535700451244008,0.6581327481703325,0.634609883481806,0.6503602049567483,0.6460953192277388,0.6890201138900339,0.0239020081222001,0.6851898319366393,0.688498706989683,0.7266926510618021,0.6931830841840868,0.6515362952779588,0.7024222003985889,0.0836881245860125,0.6035103254002776,0.7498506840752831,0.7100238442484431,0.6195658842049215,0.8291602640640195,0.5555028408905414,0.0656314294932327,0.6304201517436812,0.4831594207931106,0.5738627682477949,0.6162224807278283,0.473849382940292,0.645060177575131,0.0210853211968001,0.6334092997142429,0.6246126182978841,0.655340694704194,0.6302260961380152,0.6817121790213186,0.7174274345496239,0.0120102923776493,0.7394998190663826,0.7084620309311439,0.7052726462485821,0.7186058443209474,0.7152968321810635,0.6511837699196555,0.0120863210990434,0.6352133263241161,0.6659485643560236,0.6446081616661765,0.6454871947115118,0.6646616025404497,0.6756196924109774,0.0425664269790964,0.7384595270622107,0.6088324936514311,0.6952583691551202,0.6593674160435524,0.6761806561425722,0.7200223254231625,0.0617243828653109,0.6532748710619524,0.7672200297054982,0.6971547325614312,0.6672576606400136,0.8152043331469169,0.5418407172150487,0.1137797229150126,0.7159894027541086,0.4256755870392234,0.5982439574685564,0.5594254230617867,0.4098692157515687,0.653859223683763,0.0288980336710811,0.701115610177858,0.6378589253294041,0.6734804522689176,0.6302997737469125,0.6265413568957235,0.726139832083193,0.0604683790770226,0.8275963755417739,0.7011029146129307,0.7507995119551183,0.7042814800829155,0.646918878223226,14.2,8.657944328765346,4,5,27,17,18
-800,0.4919368723407388,0.1071311398741264,0.4558973019011318,0.3095191507600248,0.5956944050267339,0.497005364857614,0.6015681391581893,0.8292545767733761,0.0751032353293006,0.8684194814936579,0.9417933745268608,0.7499359296776434,0.8435217514465173,0.7426023467222008,0.7527719470631159,0.061979628482909,0.7840265773707145,0.852939683328405,0.6937235404160101,0.7489209769421081,0.684248957258342,0.7626790784787107,0.0862145781800698,0.8187654487057062,0.8754305513726469,0.6576121361277611,0.7949565676357957,0.6666306885516444,0.7588306044162932,0.068805168747625,0.7911341214490104,0.8606559970701219,0.680010974378189,0.778698254852528,0.683653674331617,0.8328863026969161,0.0552017839152064,0.8624920527421495,0.9144648207668234,0.7628412958085946,0.8435585293726743,0.7810748147943389,0.6582295862111179,0.008139769382308,0.6553821076046337,0.674243222583424,0.6535279425707731,0.6518991047685797,0.6560955535281788,0.6715142411722804,0.0061671427134862,0.6632503718214737,0.6776878253022972,0.679598650755068,0.6689868207958113,0.668047537186752,0.7433621731878257,0.0522715789797898,0.7383038346555093,0.7905004012624335,0.705106450293616,0.6709405938684013,0.8119595858591686,0.4985731959662441,0.0462176324255392,0.4984223293046823,0.4472382341366299,0.5557394031992963,0.544523057156747,0.4469429560338651,0.641119336617083,0.0111831466814911,0.6389130361105255,0.6404628001645867,0.6480204208085333,0.6223038389414698,0.6558965870602999,0.6969078897609025,0.0164139900506106,0.6673877637514001,0.6938489394573659,0.7155417525527292,0.707185416922259,0.700575576120758,0.6521423329006542,0.0130981063932224,0.6399699503725226,0.6670837619087913,0.6384712024168535,0.6466375264254484,0.6685492233796553,0.6795237162884464,0.0264768178438337,0.7127834884553302,0.6430894091901344,0.706750203466359,0.6629751065371052,0.6720203737933034,0.7461619778787573,0.0526233003795054,0.7588010487651636,0.7727321039806508,0.7107981213363987,0.6676810117986588,0.8207976035129145,0.5021165005523294,0.0785441781745909,0.571837231396055,0.3990997638724911,0.598688967004475,0.5154466745375836,0.4255098659510424,0.6485579329407414,0.0361678264177823,0.706542543903857,0.6191368516672427,0.6748800979043028,0.6135762826608114,0.6286538885674927,0.7122281949243007,0.0374858990771165,0.7720746425291879,0.6794133428852098,0.7401545324300742,0.6785249287254634,0.6909735280515679,13.8,10.244998779892558,15,32,4,14,4
-775,0.5103318220935762,0.0605683680687984,0.4276401842944324,0.5246560573577881,0.4780209846794605,0.5097420644015074,0.6115998197346926,0.825339922722492,0.0542394388239577,0.890384161860581,0.8236306611213989,0.8527886194976428,0.8328708608335673,0.72702531029927,0.7555555029567115,0.0412635884262701,0.7963256410195245,0.7594859159555579,0.7836011254061295,0.7604329102965989,0.6779319221057468,0.7457004584628908,0.0623464653111375,0.8115262638494547,0.7349718704498117,0.7689307220557221,0.7819688966058452,0.6311045393536202,0.749153956090869,0.0467888216650395,0.7981992137674522,0.745834462953337,0.7756657123528293,0.76411116804004,0.6619592233406864,0.8256446571571946,0.0403766279884567,0.8633332527089782,0.8191810371043572,0.8437990848751782,0.8516521243204681,0.7502577867769915,0.662872262434526,0.0110961887135035,0.6509975628419356,0.6714779192751105,0.6557202610102567,0.6559355421499773,0.6802300268953497,0.6749248692845213,0.0100172386879711,0.6756341951597281,0.6735726969851302,0.6931365013291818,0.6687288336477841,0.6635521193007824,0.7896426095322926,0.0818370951279304,0.7669821937764522,0.8083365164247518,0.71333097977483,0.7212048869134431,0.9383584707719854,0.444498936891985,0.1131478493950204,0.5080307764131293,0.4111005972636988,0.5421230062272843,0.5240931083177073,0.2371471962381053,0.6334583225494264,0.0182070095239334,0.6596644744967493,0.6211009036259472,0.640990593317955,0.6390880383627461,0.6064476029437345,0.6914663308977952,0.02201863018729,0.6792652204447504,0.6918859307457114,0.7233311786252963,0.7044248632120487,0.658424461461169,0.6589163888584484,0.0195524560468038,0.6441232291134921,0.6800539331002668,0.6342507925900546,0.6527532501654192,0.6834007393230092,0.668377750695335,0.0338392727092906,0.7014049436393544,0.6093561237226954,0.701260767038103,0.6601316413273298,0.6697352777491922,0.772429171282712,0.076823929205094,0.7910728094340537,0.8079635788918516,0.6932814128986378,0.6816590272472625,0.8881690279417551,0.4257888739305852,0.1409156623988183,0.5300594013829308,0.3566246884428702,0.5546911199317616,0.5074380165289256,0.1801311433664374,0.6236089763558597,0.0605949033160559,0.7024971071727795,0.6271167139959126,0.65393594141064,0.616492491955398,0.5180026272445679,0.6846921762196794,0.0554378944874705,0.7526424288723755,0.6744288035197127,0.7237549075414198,0.6834240922476217,0.5892106489172675,9.8,4.534313619501853,16,7,13,10,3
-750,0.534362286515534,0.0605090862038074,0.5331459352746606,0.4390909681096673,0.5945980995893478,0.6022033644840121,0.5027730651199818,0.8049011086337972,0.0542980864379774,0.8090404682978772,0.8827761003464665,0.7441198425240719,0.7456020329079435,0.8429670990926265,0.7391192377250876,0.0355474360506751,0.7269748277622191,0.7807658256336998,0.6993739573767064,0.7067973102704287,0.7816842675823843,0.7204462534423351,0.053290672215702,0.7140607990489473,0.7994225749740457,0.6634060817654568,0.6649899237275883,0.7603518876956378,0.7271620175076838,0.0403226474633697,0.713028628371591,0.7824190023669182,0.6810925297019975,0.6926088660152859,0.7666610610826265,0.8064329715638248,0.0332928527467241,0.7862657754987961,0.8600511870418025,0.7735306054239875,0.7818921537913411,0.8304251360631975,0.6613645065914501,0.0044370330310167,0.655591303651983,0.6662479964169589,0.6578592387112704,0.6604544953866438,0.6666694987903942,0.6659320508979115,0.0024148450426489,0.6660946070056769,0.6642037677674376,0.6669136154806276,0.6697603662677192,0.662687897968096,0.7005561638767503,0.1153131233178758,0.7033720665299613,0.8063868247023328,0.6653188685942696,0.5036307498205894,0.8240723097365983,0.5460414392499954,0.0862678117061554,0.5662673111202524,0.4459936453920411,0.5644662823807208,0.6875726323587285,0.4659073249982341,0.6386232509758006,0.0265440694986492,0.6529988503896414,0.6364042289870973,0.6315180324301959,0.5957979811733127,0.6763971618987559,0.7126641139777048,0.0156993572198003,0.6929344680739705,0.7063634530276209,0.7125452577725304,0.7409289611161269,0.7105484298982752,0.6596612681042064,0.0200854877940828,0.6327182162891735,0.6857771656729958,0.6434040773998607,0.6582301692529158,0.6781767119060863,0.6659263742075614,0.047545024207142,0.7236338275913861,0.5848755581628388,0.6984103236736136,0.6489811153455873,0.6737310462643809,0.6859403178547991,0.1175010423183402,0.6945261742510547,0.7910403944785486,0.6772940961218473,0.4716779135896782,0.7951630108328672,0.5359838572004347,0.1293442433028408,0.6763915006562065,0.3789698937426209,0.6069979930942497,0.6367621015348288,0.3807977969742676,0.6288784183649874,0.059459143421343,0.7145261687967831,0.6295536224142277,0.6618846385916335,0.5365655608762233,0.6018621011460694,0.7211485098985682,0.0595530450384797,0.8250039621697378,0.6901190338604526,0.7498234360126943,0.6726974652603943,0.6680986521895613,9.2,5.3065996645686395,8,18,4,4,12
-725,0.518780552688986,0.0987370567395146,0.5636937310919166,0.5802240734919906,0.495467759668827,0.3376862159930169,0.6168309831991792,0.8058707512878607,0.0748285549432405,0.7773459198353176,0.7655422276407708,0.8405020423777226,0.93200381361328,0.7139597529722123,0.7397427564734276,0.0601322493057119,0.6906994638682217,0.7124298496789325,0.7923553435119804,0.8286802285721955,0.6745488967358079,0.7232110777348297,0.0806994348380077,0.7070593545547591,0.6708894837801088,0.7052801456584351,0.8793494699744702,0.6534769347063755,0.7358191776690595,0.0675835221501283,0.7032701834914489,0.6948947566438584,0.755311096515404,0.8583779152530252,0.6672419364415606,0.8185019471958958,0.0618264520584061,0.8028767035660419,0.7714932052865008,0.8123991810878191,0.9373065905488988,0.7684340554902184,0.6663723956454884,0.0083580953454074,0.6593075828118757,0.6638008897954767,0.6571389924396168,0.6719682704318654,0.6796462427486073,0.6742689003491437,0.0099490600237242,0.6772070304683588,0.6816193893190886,0.6866051654821709,0.6594829477934425,0.6664299686826578,0.7105987140019312,0.0536662489092873,0.7542852482445784,0.6084520722889706,0.7224707927248034,0.7135001659065829,0.7542852908447202,0.5391101055806938,0.0508918898027858,0.5154537456008045,0.6360085769845129,0.5193511702201542,0.5366619788411232,0.4880750562568745,0.6387890906963521,0.0067796252323962,0.6501671607254341,0.6301404759874489,0.6339588773230599,0.6399395298512677,0.6397394095945503,0.7106183707901786,0.0202536918986344,0.6825004705439489,0.7449652365626924,0.7136921344160249,0.7097098839375727,0.7022241284906543,0.6570467992262408,0.0161047502528982,0.6390038457783785,0.6684501929716631,0.6445225964892994,0.6508054570718245,0.6824519038200378,0.6661593053763366,0.0340509220847837,0.7219573781759222,0.6151914495286674,0.671578813284942,0.6624972690522489,0.6595716168399024,0.7119123860322603,0.0740601871195796,0.7865826066543771,0.57577287053281,0.7418406898789673,0.6966842797725151,0.7586814833226316,0.5279550351609175,0.0392452932953589,0.5669450647391824,0.5820969434605798,0.4906356566784374,0.5122786304604486,0.4878188804659393,0.6473463159322093,0.0456814442650572,0.7296944427752095,0.5905070633232071,0.6482838354947903,0.6281451468169061,0.6401010912509334,0.7169911895888496,0.0341947011951054,0.7850174735625594,0.70498069511671,0.7024549355326163,0.6950303469283144,0.6974724968040475,11.0,9.528903399657276,7,4,12,29,3
-700,0.3837749706581235,0.0941033919474748,0.4674113439396024,0.2240806883201003,0.3317084950394928,0.4685867205262184,0.4270876054652035,0.9061396711366576,0.0461667137139935,0.8648263456737784,0.9805915263471464,0.9376918946448212,0.8611655953684193,0.8864229936491225,0.8120575364418772,0.0562785071998209,0.757097848858443,0.9093039587266392,0.8366213195110928,0.762491604476152,0.7947729506370581,0.8509948632754846,0.05654059372344,0.7947301830114331,0.947463213869464,0.881736888009866,0.8104911672757069,0.8205528642109524,0.8231046176416289,0.0565510507842279,0.7660930809465158,0.9217164566074252,0.8471922731167414,0.7784744693156638,0.8020468082217985,0.8937520357810144,0.0409155295557018,0.8521153217106682,0.9627264367560524,0.9171693403238488,0.8637423637218045,0.8730067163926973,0.6736684701659462,0.0347639737434343,0.6526732390577142,0.7381270690397783,0.6358695084398444,0.6697983850132335,0.6718741492791609,0.6760660990042087,0.0173973374111631,0.6789706918585683,0.6788967127829094,0.7051578560143065,0.6539569443479872,0.6633482900172716,0.7310121825898757,0.1030175944556328,0.6064147110199742,0.7815573612365057,0.6713079033266198,0.6918862999745352,0.9038946373917434,0.5273947858439836,0.1145916787061066,0.6834835915718268,0.452531715165405,0.6072490566474523,0.5372372502720096,0.3564723155632246,0.6446256075429864,0.0119735500654975,0.6556502032226771,0.6334070520405005,0.6484571508079564,0.6278379301260439,0.657775701517754,0.7102281314848573,0.0345531591323541,0.7674865538501902,0.691170811759047,0.7313086036770248,0.6726388599958394,0.6885358281421853,0.6720055796883324,0.0347349108777945,0.6415392864834178,0.7372478463433005,0.6511586904525757,0.6524668715216897,0.6776152036406777,0.6713223804582971,0.0292297336952573,0.7224867189545429,0.6332264864114289,0.6644429111929286,0.6599719502125919,0.6764838355199934,0.7072458976416686,0.0894945031181033,0.6157300965913405,0.7703765953620639,0.6365728025297404,0.6624755962991258,0.851074397426072,0.5357658933461072,0.1495752803098566,0.726964701964702,0.4752541650268923,0.633707936448578,0.5554604486422668,0.287442214648097,0.635451935186898,0.0323388338965742,0.6699083609041235,0.6585596151585562,0.6473203059901458,0.62260460318501,0.5788667906966546,0.7157873446050095,0.0664356266307043,0.8213715764799356,0.7154544266303159,0.7322779278450541,0.6951521853201694,0.6146806067495721,20.6,6.887670143089026,14,33,23,16,17
-675,0.5263932315632701,0.0679347481121973,0.5109850531443954,0.5997319016605616,0.4164828471839428,0.5972631862387061,0.5075031695887446,0.808783914555678,0.0605191884462135,0.8321720431843203,0.7389660059720987,0.8964780928053897,0.7415165797861041,0.8347868510304775,0.7501413582364607,0.0332669782772002,0.764956012927066,0.7220319761199674,0.7920279979082161,0.7014898453870199,0.7702009588400339,0.7318370151090741,0.0707450931916747,0.7432249174436676,0.6693079898043135,0.8571895832925245,0.6592500152013021,0.7302125698035625,0.7433671795778029,0.0444616381773078,0.7581735150868978,0.6965666832384069,0.8148433442315451,0.6954622300409576,0.7517901252912065,0.8212631811943105,0.0440661081255097,0.8282116711816306,0.7709823156236179,0.8978274423804611,0.7856947020235526,0.8235997747622904,0.6695303591814908,0.0168451613196894,0.662230291149833,0.6789543466134504,0.648352715102109,0.6610755649479952,0.6970388780940663,0.6713296300008004,0.0166831783607119,0.6683531510990262,0.6697650082760377,0.7020257724301842,0.6651817002627497,0.6513225179360045,0.6891597974489957,0.1346507252065771,0.6055172366177151,0.6786169564244431,0.7289943939008109,0.5157322846493969,0.916938115652613,0.5555929424111243,0.126662469457302,0.678095189124601,0.5522368451512837,0.5193066069402967,0.6880153714378313,0.3403106994016085,0.6359177006568266,0.0209304755468384,0.6502498034800673,0.6270092123226593,0.6453053905778817,0.5992901593433438,0.6577339375601814,0.7230592528593086,0.0229065322244405,0.7514365091236749,0.71853985779147,0.7163779167325466,0.7428055604526194,0.6861364201962323,0.6640089826150375,0.0232371563420855,0.6348801742900502,0.6812091036276384,0.6469001770019531,0.6580192392522638,0.6990362189032815,0.6642278192570019,0.0309075668062948,0.7130945246409478,0.6181403373422671,0.6731325754578552,0.650743016731486,0.6660286421124534,0.6661094162523328,0.1260901054415614,0.6080541574321477,0.6747785256155402,0.7157609070886582,0.4741660300483829,0.8577874610769348,0.5108697600676211,0.1429835367700743,0.6740771483418543,0.5059605798242163,0.4848031202309277,0.626603699330972,0.262904252610135,0.6011719615913311,0.0424816523835001,0.6496314984909671,0.6184381748221889,0.6350695347736798,0.5398373582813696,0.5628832415884498,0.6965216201402458,0.0636010694907413,0.801903699444663,0.6936558872218878,0.7064649765215116,0.6769620730147045,0.6036214644984624,9.6,4.841487374764082,12,3,16,5,12
-650,0.5368343053385616,0.0800146409603081,0.6326065678149462,0.5495406314730644,0.6097160261124372,0.4247017530724406,0.4676065482199192,0.7922101215907111,0.0745363443501223,0.6914593312354786,0.7931310385368139,0.7291546977235426,0.887526608679558,0.8597789317781627,0.7176691194253261,0.0505659365234313,0.6445805043148434,0.6988473876944629,0.6951293421826975,0.7788254299188645,0.7709629330157625,0.7255934424246634,0.0707431557425354,0.6327909984268827,0.717206805143386,0.667561717285982,0.8173904654373404,0.7930172258297258,0.7192187669054921,0.0575887217639532,0.6404371241426848,0.7019144389559876,0.6832006383518645,0.7904314978840451,0.7801101351928786,0.8072463445567161,0.054395643680195,0.7305596266424925,0.7923953188731635,0.7756481814216915,0.8763427410437858,0.8612858548024472,0.6665885589339517,0.012973287875225,0.6824034235694192,0.6575272300026633,0.6819142157381232,0.6594663750041615,0.6516315503553911,0.6688041286057832,0.0081153478381459,0.6534032877763088,0.6731528725470906,0.6749085403789615,0.667836078990825,0.6747198633357299,0.6667831696666789,0.0268706548260346,0.649592904437402,0.6242693358335069,0.6875914415352918,0.6736254832511517,0.6988366832760426,0.5703209327808259,0.017412875142982,0.575210981828629,0.5954826145334167,0.5415671227168554,0.5657100030094683,0.57363394181576,0.6310561904688788,0.0129746148843925,0.6267669029209298,0.6128840071450894,0.631819615789107,0.6305674111213869,0.6532430153678814,0.715913444845058,0.0078251496434338,0.7087340854139274,0.7253566638769285,0.7175310543419552,0.7051608522196756,0.7227845683728037,0.6663199077952991,0.012868949848449,0.6777421019294045,0.6722605120051991,0.6777173985134471,0.6442322297529741,0.6596472967754711,0.6682353416471852,0.0323707704536777,0.67674482667812,0.606954123726386,0.6986918624666213,0.6902315566378067,0.6685543387269922,0.6420377412799187,0.0560394348959752,0.6594602553214993,0.5328812169256252,0.6638397474402259,0.6937791783380018,0.6602283083742414,0.6086669999637915,0.0450809182296102,0.6722951068539303,0.6114587432769252,0.631410033816451,0.5924832743014561,0.5356878415701946,0.6410501411563734,0.0395376618722884,0.6899611320973054,0.5804303195207942,0.6644027325314393,0.6590605248332633,0.6113959967990645,0.7391982621672719,0.0430961663728695,0.8113251368514528,0.7185156261007655,0.7574660385082379,0.7254697974530572,0.6832147119228459,9.0,6.29285308902091,3,6,3,18,15
-625,0.4310298360884189,0.1115208128613972,0.3149213097058236,0.5620275484398007,0.3239624318666756,0.3881497737020254,0.5660881167277694,0.8728019869747594,0.0768183941053971,0.9486766672985466,0.7822117365417517,0.9452168573861356,0.9096533630429616,0.7782513106044017,0.7834137437770499,0.0634062513730324,0.8379446552301666,0.711399957478564,0.8519724427502433,0.8123620351727474,0.7033896282535276,0.8136709753524769,0.0903302869484655,0.9121528695977228,0.7238261237547713,0.8924545123993656,0.8505801566693111,0.6893412143412143,0.792192609238298,0.0717559541020484,0.8604728707511107,0.7151086327845342,0.8644324386842255,0.8233624997070265,0.6975866042645932,0.8689855844563745,0.0620351838586136,0.9294814785962232,0.7999539189245491,0.9267771387861364,0.9003209233254704,0.7883944626494936,0.6641978415575894,0.0221162354620551,0.7065183195200834,0.6645383455536582,0.6488350521434437,0.6553388183767145,0.6457586721940474,0.6787409642397638,0.0079026568302082,0.6861419621976282,0.6701752713826578,0.6873906475468976,0.6813735979929161,0.6686233420787197,0.6817532374386044,0.0829111177956857,0.8103739030772523,0.7074750561381576,0.5548732165042325,0.6866062265126435,0.6494377849607356,0.5802510383259046,0.1134929630295849,0.4456098639922169,0.5224008611709147,0.7857921267680626,0.5909901150542862,0.5564622246440428,0.6400217206444033,0.0141711007828357,0.6541461366534255,0.6270175749982881,0.6552563802015424,0.6434558196883894,0.6202326916803711,0.7242807489174578,0.051386018718025,0.6702380952380952,0.7064913483948352,0.8217732028736813,0.7195603201408155,0.7033407779398614,0.6575232343240217,0.0104773996867146,0.661251425743103,0.6736150654879484,0.6491339315067638,0.6434316580945795,0.6601840907877142,0.6609103712251455,0.0352346398016642,0.6959175645692134,0.5930345941751355,0.670155172992564,0.6749879428355364,0.670456581553278,0.6763081331819751,0.0941673599609548,0.8544028114363041,0.6544870307687094,0.5816547739873099,0.6708534929123163,0.6201425568052362,0.5323606829890253,0.1115667811632973,0.3443744980509686,0.4800373868555687,0.6695874980634339,0.5866391184573003,0.5811649135178547,0.6306015675134266,0.0202065212678214,0.6598536673372144,0.6005251769633196,0.6335693451562296,0.6411517413645939,0.6179079067457752,0.7118779151734278,0.0235079632068179,0.7044889570976527,0.6851092642053128,0.7559467106680728,0.7075507126654963,0.7062939312306045,15.0,6.957010852370434,21,6,21,20,7
-600,0.4690419469028711,0.090043383616179,0.4846606943756342,0.4977381685748696,0.377177782356739,0.3705419590696692,0.6150911301374435,0.847379917063566,0.0693323243662038,0.8468399663574665,0.8304259601077321,0.9195197382638202,0.9123875783765288,0.7277263422122825,0.7794274003407005,0.053734654503056,0.7638504166822244,0.7625059268408602,0.8441327021282475,0.8311571199539384,0.695490836098232,0.7703355978977593,0.0592401819137561,0.7587630266459116,0.7495244226233004,0.8234996621026034,0.843424891081141,0.67646598703584,0.7728650783378397,0.0571778502924133,0.7481198446291023,0.7511185881096069,0.8410175432225302,0.8340831085148629,0.6899863072130963,0.8425921420593061,0.0457001196862068,0.8205742412096417,0.8234051801498631,0.8991959500606463,0.8908704435721658,0.778914895304214,0.6578962824561378,0.0060548574236572,0.6655862656506625,0.6605055548928,0.6476338289000771,0.6554239338094537,0.660331829027696,0.6705020451077117,0.0108389795419424,0.6754336443892365,0.6610197238330594,0.68805305007678,0.6703517400417467,0.657652067197736,0.6818708194803411,0.0864224663734932,0.8409655336688829,0.5873115224051052,0.6271504193964087,0.6720067365789291,0.6819198853523797,0.5562326206176473,0.1026204318567589,0.3749470300940889,0.6262185452693475,0.6692125610574808,0.5879991666087923,0.5227858000585273,0.6249459482296185,0.0112450147848525,0.6335074080201618,0.6093369337939124,0.6385738782738127,0.629002212553803,0.6143093085064029,0.7037319258997204,0.0299679453371642,0.6570817376153344,0.7180066145975238,0.7464974552295126,0.7092026289218802,0.6878711931343511,0.6571408889510415,0.017773500766129,0.6554076888344504,0.6829250834204934,0.6477774327451532,0.6308746229518544,0.668719616803256,0.6625430762714164,0.0397202147295804,0.7040805627488221,0.5905351513209788,0.680287207578713,0.68596699785286,0.6518454618557085,0.6859233782373261,0.123395140986268,0.8809347059107826,0.4976539441983524,0.6431918812181969,0.7134941855530091,0.6943421743062892,0.5573334805420367,0.1038424784970789,0.3702557246674894,0.6147956841138659,0.6721531142654137,0.5988144431326249,0.5306484365307895,0.6439899269418714,0.0453979429321846,0.6901923532240599,0.5634967823213581,0.6669593485002099,0.6730959947138527,0.6262051559498768,0.7233937929300452,0.0225708624448937,0.7213289404198494,0.694702868432815,0.7559890866709048,0.7405798528019186,0.7043682163247381,13.0,6.0,12,10,18,21,4
-575,0.4549666511826217,0.1386393248062454,0.3533670497126877,0.2426593815907836,0.487516769208014,0.5898512918502092,0.601438763551414,0.8498567200488749,0.0952155756147221,0.9339572650435576,0.9748403220132268,0.853113954894755,0.7500572918774813,0.7373147664153531,0.7879108636010221,0.0802061736295813,0.8525949742003278,0.8999257848954245,0.7868968472379726,0.699809401505731,0.7003273101656549,0.7762245246100219,0.1005180454943379,0.8600659756909759,0.9216795893036704,0.7549351103349267,0.6611280416887035,0.6833139060318338,0.782218162898789,0.0848684773602636,0.853165952690963,0.9032079137148096,0.7702651750268301,0.6929641403596571,0.6914876327016852,0.8495304154855724,0.0633001249890749,0.8999444564508419,0.9425716366590496,0.8379318394024278,0.7856835332817339,0.7815206116338083,0.6588599172505465,0.0097762825208393,0.6427261558446017,0.6571523384614424,0.6565668041055853,0.6670957586982034,0.6707585291428999,0.6753917282680082,0.0247481315761596,0.7010412894531509,0.6840398409708237,0.699899395019716,0.6459737812135873,0.6460043346827633,0.7200789739968205,0.089796984518969,0.6944440129248742,0.7588084820705141,0.7558916128434845,0.5620554282318989,0.829195333913331,0.517110312444537,0.0875196392205981,0.5722170803053156,0.4807639998148019,0.5104619533763919,0.6410986295344584,0.3810098991917174,0.6309119002929633,0.019026943795524,0.6432048913427907,0.6343992239719678,0.651454278864202,0.5959400576070091,0.6295610496788472,0.6940859211831079,0.0160646887577544,0.6899862711883172,0.6752852394447373,0.7129551904604218,0.7127736494046655,0.6794292554173977,0.6558122689073735,0.0143863431341052,0.631853537126021,0.6555906209078702,0.6541284593668851,0.6608878048983488,0.676600922237743,0.6637222112520187,0.0192804380811244,0.6931044264314061,0.6428245392359843,0.6785504820842916,0.6578549291617474,0.6462766793466642,0.7128186207718079,0.0911784573150172,0.7348637779020554,0.7121698140269402,0.7007700898251137,0.5651546982429335,0.8511347238619966,0.5119896205992462,0.1046065668726578,0.5486004191886545,0.5106798504525777,0.5262146498777515,0.6483815426997245,0.3260716407775231,0.6315947466499273,0.035357056582973,0.6862455906667871,0.643857852750012,0.6418341060871943,0.5970397618500302,0.588996421895613,0.7009123463278227,0.0445394632592016,0.7595514541904916,0.707352873634277,0.704335751264403,0.7118312846573716,0.6214903678925705,12.8,7.984985911070852,17,26,11,6,4
-550,0.4242138649802655,0.1350714221167294,0.3182088891044259,0.5043091913685203,0.2341905960347503,0.6162837538868189,0.4480768945068121,0.8721456399456873,0.091661662824586,0.9501115324303742,0.8287485025172786,0.975551866168877,0.7199838898272231,0.8863324087846841,0.7921711520964154,0.0762168178571407,0.8397283019025514,0.7583716971268607,0.9048654703499523,0.6792165532049034,0.7786737378978091,0.818980397827147,0.0929254510627175,0.893310122056736,0.7630759992662567,0.9332735406954156,0.6730741047147297,0.8321682224025975,0.8008511321995254,0.0795985309852469,0.8556476390847945,0.7594215841964994,0.9117156644119384,0.6797740015429318,0.7976967717614628,0.8733662577371459,0.0614952696734544,0.921357218874392,0.8315125771201625,0.9509775441276987,0.7799019799805889,0.8830819685828879,0.6523100983012806,0.0209752192255544,0.6178474046967246,0.6595252860676158,0.6728308796882629,0.6717410683631897,0.63960585269061,0.6925666650623784,0.0279342983810483,0.719023027386778,0.678220010455973,0.6922296759612937,0.6484281978976164,0.7249324136102303,0.7523376301116484,0.0960755381034092,0.6445638890614966,0.6602298770747969,0.8393157125108996,0.7309601939949534,0.8866184779160954,0.5277607404479061,0.1036778954637911,0.7120843209078503,0.5674523115031136,0.4439715142255249,0.483557596592356,0.4317379590106862,0.6507449716804264,0.0289515224000997,0.6719716710573093,0.6183832376110873,0.6550145523383107,0.6177682074937583,0.6905871899016662,0.7069586290852276,0.0269101994238028,0.7551470588235294,0.7051480183199857,0.673168940560245,0.6945646651549195,0.7067644625674582,0.6536782763221047,0.0275623003332841,0.6008666157722473,0.6729438900947571,0.6774354360320352,0.6621680530634794,0.6549773866480048,0.6783932991770618,0.0402676805288592,0.7343401126413469,0.6164519324992545,0.7056507960495347,0.658498347686182,0.6770253070089916,0.7164668960964622,0.07146979957676,0.6826892990050885,0.6060118699533952,0.8014694277014851,0.7059640522875819,0.7861998315347598,0.4918081576771416,0.1103630667484307,0.6599794813030107,0.5622310770038043,0.3414434495985298,0.4717483274301456,0.4236384530502177,0.6240143699572684,0.0316939551707972,0.6870392506892752,0.6034832196036265,0.6070233964957058,0.6085260441697499,0.6139999388279849,0.6953497224661949,0.0541464966299554,0.7966656460154913,0.6999498874956236,0.6461266727170618,0.6801024139259433,0.653903992176854,13.6,6.529931086925803,19,9,22,4,14
-525,0.3984351013787091,0.0897679347216192,0.3354559568688273,0.5661098612472415,0.3739441093057394,0.4052050272002816,0.3114605522714555,0.9033449127100598,0.0598297092970939,0.9444737663656516,0.7880774180024464,0.9266431125486247,0.9054776765366468,0.9520525900969294,0.813358815492727,0.0518637657484708,0.8517758849641296,0.7187962639332482,0.8508495267646273,0.7957441340250477,0.8496282677765823,0.8394970026909366,0.0608190744647915,0.8907931962849244,0.7240755772005772,0.8387760166712374,0.8571154106310356,0.8867248126669083,0.819643533790193,0.0515903053120626,0.8633420275145636,0.7222453336651068,0.8365758909213162,0.8162418169274506,0.8598125999225272,0.8876840490742619,0.0429136472680618,0.923026360858989,0.8063671060030873,0.8874833767087205,0.8989340116529068,0.922609390147606,0.6402446838942442,0.0149251240137898,0.623408084565943,0.660446123643355,0.6264881193637848,0.6549007350748236,0.6359803568233143,0.7073748129016717,0.0242738802953572,0.7303989017235306,0.6704469253266043,0.7251682878730005,0.6863491436519511,0.724510805933272,0.7485196794202043,0.0748272508897926,0.7453885229602932,0.6988564020649582,0.6383620390304882,0.8226490458442332,0.8373423872010491,0.5547837204388006,0.0782246795148211,0.5894097732333027,0.526144176678936,0.6890284626247194,0.5036715512651342,0.4656646383919111,0.660029080531273,0.0186114275795421,0.6754024976110665,0.6237510105043103,0.6636217669013827,0.6657931460810318,0.6715769815585729,0.7098300019678403,0.0166408965053606,0.7077721501886937,0.6978881787599772,0.7423113544596922,0.6981467437549866,0.7030315826758516,0.6373069004579024,0.0241013504519034,0.5980483510277488,0.674140680919994,0.6384534619071267,0.63940936868841,0.6364826397462324,0.6939460810441817,0.0435364014692869,0.752618410373847,0.6171069101748377,0.7024211508598822,0.7012001641221226,0.6963837696902186,0.7295877636200511,0.0463330573048154,0.748433376830506,0.6709537204509304,0.6775016915567155,0.7774265766912826,0.773623452570821,0.5376274037905054,0.0601647251703596,0.5882232963115317,0.5016430539157812,0.6298592005142807,0.4803522235340418,0.4880592446768917,0.6528228568315637,0.0273588905068718,0.7003809174442014,0.6180996284533161,0.6573951828302085,0.6512838428337023,0.6369547125963902,0.7141785219461891,0.0407913365014335,0.7745664517800741,0.7002522400743744,0.7447060173490379,0.6927636194330599,0.6586042810943997,14.2,4.445222154178574,17,6,14,15,19
-500,0.2799422027077526,0.0564730986251205,0.3618601392954588,0.3092230148613453,0.2273088807705789,0.2065407922491431,0.2947781863622367,0.9609954144720758,0.0205959166595445,0.9320178619717115,0.9516878375813208,0.9787986665863616,0.9895109248497892,0.9529617813711966,0.8780941107559638,0.0339318097423662,0.8256203102513802,0.870204887806832,0.9022777818848118,0.9253537737818932,0.8670138000549017,0.9045555480005462,0.0333638776435414,0.8708368347070456,0.8666214096361156,0.946640002154708,0.939107711120579,0.8995717823842825,0.8833044275980633,0.0332402741949728,0.8364149531063324,0.8613956981250318,0.9157260631743378,0.9252958006701169,0.8776896229144983,0.9307176461550052,0.0270620919145149,0.9003929093567252,0.898713343491304,0.9612526838668688,0.958448945517202,0.934780348542926,0.6196068091826005,0.0204950831154354,0.6212761131199923,0.6393019665371288,0.6369305957447399,0.6184430664235895,0.5820823040875521,0.7445372208237236,0.0191225924237578,0.7467289907160264,0.7229532420750668,0.7263620375836285,0.7506381736578928,0.7760036600860033,0.8214585877532989,0.0403881354148348,0.7507456658174362,0.8341055706028968,0.8741199234514745,0.8343570348249493,0.8139647440697381,0.5345839632738028,0.0831359461923133,0.6487240700475995,0.4314228997384077,0.4583017917910965,0.5289175174201911,0.6055535373717191,0.6914998479705661,0.0247924296066011,0.7050599726526582,0.6470472655608043,0.6870171787789654,0.6976197919831795,0.7207550308772231,0.7134266834692992,0.0347104828655644,0.7425099929779075,0.6623794024126872,0.6920885653421539,0.7107922023888323,0.7593632542249144,0.6191577781330455,0.0134265080493747,0.6115449531511827,0.6425206173549999,0.625876860185103,0.6079550385475159,0.6078914214264263,0.7455101730897749,0.0220818636321268,0.759731644055945,0.7024420318792267,0.7513897741141885,0.7634208237358302,0.750566591663684,0.8084068943839805,0.0366163717470773,0.7595490965706276,0.782881665661833,0.8317608069761181,0.8640692640692641,0.8037736386420598,0.522871132135838,0.0847182647470111,0.622292168615698,0.4661632559359832,0.3871485911592863,0.5649252262888628,0.5738264186793598,0.684212557039021,0.0383543739531021,0.7112173128779553,0.6575967012020016,0.6255474772821067,0.7330734920524405,0.6936278017806002,0.7247688449906784,0.0401940067949448,0.7862952039985532,0.6990906701769537,0.6704732490617658,0.7500356827140684,0.7179494190020506,19.6,4.63033476111609,13,17,21,27,20
-475,0.3181432854849845,0.1109200942354375,0.4384609144181013,0.2169725224375724,0.1565918689593672,0.3725215720478445,0.406169549562037,0.9366130332089716,0.0432189593140444,0.8869298846772176,0.9821318749679366,0.9932745500955544,0.920623716311706,0.9001051399924436,0.8589141714021198,0.0638686058482183,0.7867659167499952,0.9138048598185814,0.9530345090327926,0.8339930590516239,0.8069725123576057,0.8823791715841349,0.0618698203034102,0.8481673886774993,0.9418843488007091,0.9695648892569848,0.8419658032939282,0.8103134278915529,0.8657066878278126,0.0616340811544421,0.8084476039478357,0.9212872953870764,0.9565969336895132,0.8349858034212577,0.8072158026933798,0.920109189793125,0.0400260235622839,0.8920385561022656,0.9569685410049188,0.9783834920314428,0.897047205989306,0.8761081538376913,0.6221106003631245,0.0123139869783588,0.6123822764916853,0.6184118661013517,0.6441163176840002,0.6097962422804399,0.6258462992581454,0.7444174325269718,0.0210681516331319,0.751840561301756,0.7315075470615244,0.721913209154185,0.7349674589188293,0.7818583861985643,0.7249800707266535,0.0521794530057689,0.7383406001228967,0.6790919122469924,0.6961570440848517,0.6900180182265744,0.8212927789519525,0.6385324182650386,0.0316640902186852,0.6519057739645975,0.6473959418478136,0.683583061323703,0.6200922517767438,0.5896850624123352,0.6883158536876781,0.0204019833554395,0.7046658425927537,0.6718313743858612,0.6922540809386473,0.6588513240300004,0.713976646491128,0.7357221722892191,0.017202320595164,0.7413428018483146,0.7255654175545816,0.7534994714139099,0.707408829404326,0.7507943412249634,0.6107066956433382,0.0229205054958701,0.5943133505907926,0.5923515287312594,0.6380795511332426,0.5894483761353926,0.6393406716260043,0.7554910958973962,0.0103525408663561,0.7618163911033179,0.7475345877062046,0.7619403685810155,0.7668545052318447,0.739309626864598,0.750622538146639,0.0550343826824931,0.8205098317418891,0.6855861568486539,0.7276310611238841,0.7080362448009508,0.8113493962178172,0.6444854491913315,0.0495264277069848,0.6504015592250887,0.6840269578905942,0.6921586657549225,0.6429555293191657,0.5528845337668867,0.7061688345431657,0.0347471520817222,0.7702636716197919,0.6911645273165813,0.7141501777841213,0.6752617880534353,0.6800040079418987,0.7706544204159814,0.0431894508273123,0.8223208854748033,0.7741394078292475,0.8071481150428519,0.7484312994445278,0.7012323942884767,16.0,6.260990336999411,9,23,24,13,11
-450,0.317443771706894,0.0768994416308451,0.2816293267533183,0.2422661993186921,0.2662758133374154,0.3399268742650747,0.4571206448599696,0.9428747322847304,0.0341460437202831,0.9612099912852408,0.9770312616590816,0.9571063940103676,0.9403217859760256,0.8787042284929366,0.8583696375589444,0.0410013796928034,0.864755459502555,0.9062171267963708,0.8812205635804673,0.8557597475467371,0.7838952903685921,0.8731535480021355,0.0399846700733339,0.8828770417695049,0.9152952516233764,0.903190737979341,0.862756947913198,0.8016477607252569,0.8604332218272168,0.0407460976506993,0.8675776589919558,0.8986384807919766,0.8961235714225035,0.8533272081081822,0.7864991898214655,0.911391611602388,0.0274162782724539,0.9101041011040044,0.925544837857912,0.9485348835085192,0.9079070852822786,0.8648671502592266,0.6163729217919437,0.0213150459515213,0.5951809720559553,0.6563644002784382,0.6113809943199158,0.6022929603403265,0.6166452819650824,0.7648530733640396,0.0125466095348208,0.7722160942294015,0.7568090967447585,0.7494505911868881,0.7606148804218656,0.7851747042372845,0.8267065835733465,0.054299952553621,0.7472299895744872,0.9007842944340272,0.7857119707387086,0.8403730776056979,0.8594335855138117,0.5795001834172957,0.1014939575428878,0.7160626138567314,0.421528694122277,0.6482571127624603,0.5237918721207492,0.5878606242242606,0.7102355221138039,0.0240164390222435,0.7256724328594143,0.672803789042526,0.722599376920906,0.6921897811782517,0.737912230567921,0.7352289866604101,0.0385998981527568,0.779298711655171,0.6745974542219602,0.7577175343790206,0.7066908301462077,0.7578404028996913,0.6062833070755005,0.0230028889288271,0.5772116563536904,0.6250287890434265,0.6152220693501559,0.5808212594552473,0.6331327611749823,0.7637705161714641,0.0295862177616913,0.7800896614173435,0.7424282896998181,0.7594148578371858,0.8108389145947636,0.7260808573082093,0.801563204819345,0.0404973370771591,0.8040576475624323,0.819890735669043,0.7688744933960246,0.865458152958153,0.749534994511071,0.5912118244203806,0.0761351726968705,0.6986604082192317,0.460307621671258,0.5972066258162515,0.5924144037780401,0.6074700626171214,0.712622927888096,0.0368284835224355,0.7722096222694309,0.6764141957265836,0.68784058634944,0.7388681104026836,0.687782124692342,0.7553026733847288,0.0458338196459212,0.8372880020501747,0.7076304167213258,0.7562600510890065,0.7587214037609296,0.716613493302207,15.0,4.33589667773576,16,21,17,13,8
-425,0.2244789682794362,0.0787525727649227,0.1221331746783107,0.2712158202193677,0.1539266207255423,0.3395926533266902,0.2355265724472701,0.9732282785996949,0.0232350847587699,0.9965376468452528,0.9601630723588352,0.9938920647850602,0.9345291236445518,0.9810194853647743,0.910674992270938,0.0400763582217004,0.9643785113261258,0.8842105142517275,0.9424270887538152,0.8520421355295454,0.9103167114934764,0.9243886923942072,0.0499783508650286,0.9777661574536576,0.8980872043601824,0.9709261097358524,0.8424540737040738,0.9327099167172698,0.912572542279992,0.0448873047091216,0.9684121838250948,0.8866924610903285,0.9494952359851258,0.842480336238141,0.9157824942612705,0.9472610957109944,0.031686805777546,0.9857361694677872,0.9292286165363272,0.972608297705047,0.896762453908909,0.951969940936901,0.5997944978150456,0.013532808666707,0.5828183157877489,0.5935459326614033,0.6075840240175073,0.6218063289468939,0.5932178876616738,0.7679233165787146,0.0187162645572757,0.8017666393633884,0.755620405014623,0.7520382033667462,0.7554408075213556,0.7747505276274596,0.7265115616696338,0.0566483906497569,0.6767772565021368,0.6479172936392188,0.7991865754566289,0.7711360163900273,0.7375406663601574,0.7129867636819508,0.0932586753791032,0.8379129857071033,0.7567585711970739,0.5875523763224297,0.6231870847512558,0.7595228004318912,0.7184677579220928,0.018955383967942,0.7416223961509929,0.6989737776945089,0.7056370099772221,0.7046992337229345,0.7414063720648062,0.7859562762590822,0.0484964403520283,0.8519727434588116,0.7889551624845741,0.7249282079456213,0.7393244296476713,0.8246008377587324,0.5939839764074846,0.0205093147705069,0.5654846104708585,0.5732440623370084,0.6151530146598816,0.6110772544687445,0.6049609401009299,0.7723378453545646,0.0119160246341859,0.7718195734646117,0.7740528169436417,0.7569012973883859,0.793005367608476,0.7659101713677073,0.7309826637288549,0.0518786114433158,0.7472988428371203,0.6544748561779484,0.7914787830457687,0.7737108479755538,0.6879499886078834,0.7046659683157009,0.0713281069858389,0.7357816203404439,0.7874721238357602,0.5775858054601369,0.6850009838646203,0.7374893080775435,0.7196463523237195,0.0171779831055491,0.7429093976657789,0.713823753023966,0.6939207944627868,0.7338938008722619,0.7136840155938043,0.8061031527920377,0.0285083919350341,0.8414551530341005,0.8331937670172965,0.7637539376844189,0.7895507485290767,0.8025621576952968,20.8,5.2687759489277965,28,17,24,13,22
-400,0.2539606385864317,0.0610121543792227,0.1454099100083112,0.3020002548582852,0.3040183889679611,0.2278749039396643,0.2904997351579368,0.9628770170110816,0.0196343972742601,0.9947084898849968,0.9468058997615754,0.9411714044719556,0.9749934316387732,0.9567058592981073,0.8942571751749151,0.0354504721375341,0.9396440964027764,0.8764053835727132,0.8599982164004913,0.9344208532695376,0.8608173262290574,0.8974922351201859,0.0392484524539908,0.9707941109135962,0.8887762946816257,0.8564792464802139,0.8978128948257624,0.8735986286997317,0.8942698612798736,0.0336965920197227,0.9452250265868284,0.8769392892827901,0.8650812855225177,0.9230253241439323,0.8610783808632991,0.935028689356524,0.0212606997572884,0.9710361158019828,0.923110030744754,0.9158713266008156,0.947434665652545,0.9176913079825232,0.5870303766293958,0.0094394250576375,0.5781505026600577,0.5995666872371327,0.5823281515728344,0.5972187952561812,0.5778877464207736,0.7721744304418525,0.0160621531357878,0.7899727810879039,0.7584194636876789,0.756888487144169,0.7621892085002044,0.7934022117893066,0.7579288790678126,0.0581430827766821,0.7589214082037049,0.67546550300561,0.7156760500343388,0.8379954047734798,0.8015860293219291,0.6699489681441553,0.0611472507539265,0.7051984779925956,0.7350244229923374,0.7023994721855684,0.5626351366993078,0.6444873308509672,0.7191379996527991,0.0128211366276958,0.7312002810710492,0.7035523903864854,0.7155441182780368,0.7086386073226429,0.7367546012057816,0.7624442009747018,0.0216081676629857,0.7740970021472414,0.7766506283534148,0.7667875581434545,0.7197567580467518,0.7749290581826466,0.5751517490907149,0.0102860872225409,0.5592611784284766,0.5683683373711326,0.5792651339010759,0.5798864337531003,0.5889776619997892,0.7766959203438124,0.005031964882679,0.7820837637357504,0.7753889772312088,0.7717897655320257,0.7830858178326426,0.7711312773874343,0.7628423996323445,0.0614192731669938,0.8256605183758293,0.700762771871235,0.7013231770887273,0.845337832102538,0.7411276987233926,0.64385162816981,0.0914687878692812,0.6083627157156569,0.7595139708776073,0.7255493392525477,0.5020070838252656,0.6238250311779724,0.7153986402362331,0.0235438758781087,0.7525076473485669,0.7294979121726684,0.712971749769746,0.6910285065151355,0.6909873853750497,0.7767335115004261,0.0501834869694847,0.8071338865389208,0.8200453567461241,0.8250685425685426,0.7176811888617589,0.7137385827867845,17.8,4.621688003316537,25,15,12,21,16
-375,0.2896824788884259,0.1293666134080701,0.2398522123694419,0.4278883803635835,0.4302224898710847,0.085385924030561,0.2650633878074586,0.946733656569024,0.0435989828511316,0.9739832801376976,0.8954004606891421,0.8939234164356493,0.9989911906791702,0.9713699349034604,0.8726498758147659,0.0705426173529457,0.8893290877607197,0.798956858558641,0.7948622129722379,0.9849717018914588,0.8951295178907722,0.8854910719386823,0.0647301021316242,0.9218994547119548,0.8010490811272062,0.8278532461207094,0.9806857638888888,0.8959678138446521,0.8729146306028917,0.0672339386869826,0.8946235397020883,0.7951987293700885,0.8061536439805791,0.9795642630196352,0.8890329769420666,0.9153562587055486,0.0407657968652082,0.9370674311391224,0.8664980923394423,0.8705802269572104,0.972046998624011,0.9305885444679572,0.587339130856774,0.0140222038384384,0.5797836590896953,0.6134673140265725,0.5890591252933849,0.5730401548472318,0.5813454010269858,0.78505397575931,0.014389445650258,0.7951489982355184,0.7779674068318788,0.7598879660335207,0.794658796714278,0.7976067109813546,0.7284224283733578,0.0635802037480009,0.7874664277774326,0.6504540245850405,0.6543695164016019,0.7544083886998326,0.7954137844028811,0.7311894478070949,0.0343188154869292,0.7077664165899461,0.7878871796652547,0.7496400212977754,0.7202843947496355,0.690369226732863,0.7272636892326567,0.01937015163486,0.7473573450572097,0.7126207780548047,0.6966682074597024,0.7381580214231246,0.7415140941684423,0.7956265666503494,0.0126082296197692,0.780153343779153,0.8156862745098039,0.784901502006765,0.7956009676597912,0.8017907452962336,0.5847452667626467,0.0209073909914455,0.5691533278335225,0.6148614558306608,0.5828171318227594,0.5566245967691595,0.6002698215571317,0.7793417208545163,0.0099586037773032,0.7692068110320104,0.7815260791854169,0.7843816819731539,0.7941900021027695,0.7674040299792305,0.7235619330219117,0.0699323020724758,0.8104388208814046,0.6111997092524877,0.6849695519791212,0.7748026483320601,0.7363989346644849,0.7089961464560395,0.0510277966866535,0.6147318367906602,0.7629591368227732,0.7437120588858558,0.7112308146399056,0.7123468851410028,0.7236666617673553,0.0238673080189459,0.7552009469349321,0.6867671578620489,0.7091281522013448,0.7400531964730651,0.7271838553653855,0.8113439163732913,0.024273110646797,0.8107648935790188,0.8236665295488824,0.8417276840806253,0.812452370172117,0.7681081044858135,18.0,12.66491215919005,16,8,7,42,17
-350,0.2852702209260315,0.1048366010199427,0.3642896609380841,0.309149304870516,0.3222323730587959,0.0793388222809881,0.3513409434817731,0.9500731477799396,0.0254197185971019,0.9294043731715116,0.9438378028146632,0.9440491802658838,0.9996001241405652,0.9334742585070732,0.8734266185665938,0.0510699858536986,0.8467261831163541,0.8530054625041544,0.8514610979844778,0.9752077451533974,0.8407326040745853,0.9013953866803132,0.0491899250661255,0.8706026229693511,0.8762187439806925,0.8948599245933807,0.9979166666666668,0.8673789751914752,0.8809650433468363,0.0506168187080384,0.8512057511538746,0.8603651208460794,0.8650673170671387,0.9813713355406544,0.8468156921264347,0.9316266747862206,0.0339778251459486,0.9058269796546312,0.9146924190113256,0.9265258979389204,0.9982638888888888,0.9128241884373366,0.5967765824361281,0.0302602329701817,0.596840885552493,0.5898294123736295,0.5963662158359181,0.6478751599788666,0.5529712384397333,0.7829703212132252,0.014658455965987,0.7826099148392808,0.7756317713035628,0.7597218122786306,0.7977364241151005,0.7991516835295515,0.7570406808133041,0.0223459404159136,0.7784099539482315,0.719043664297675,0.7809156307150957,0.7533398345564121,0.7534943205491057,0.6989806257319626,0.0151532167718411,0.7032129635070811,0.7071764242887237,0.6693314929277497,0.7118138991133643,0.7033683488228942,0.7291427455930417,0.0064464093610962,0.7338215654457678,0.7176340815077178,0.7282747362643115,0.7363871361925729,0.7295962085548383,0.7792763195604946,0.0146560066300927,0.77005508876463,0.7633137545289248,0.7696652352401014,0.8009424413901953,0.7924050778786214,0.5856529512188651,0.0096886741512634,0.595986772667278,0.570738513361324,0.5923671153458682,0.5913967463103208,0.5777756084095348,0.7770533333462379,0.0112858852140242,0.7643580702348193,0.7864894547095996,0.7804353749828524,0.7906886015425454,0.7632951652613733,0.7510625258569616,0.0416589125430807,0.8037093594868714,0.7589565104997564,0.7652064907447683,0.7514981750275868,0.6759420935258256,0.6661650307505923,0.0343605386845479,0.6013660359248595,0.6731650924832744,0.6930620404550886,0.696689295552932,0.6665426893368069,0.7204751828929666,0.0251786452732687,0.7418537231335048,0.7338391412915161,0.7342702247771793,0.7203511213837358,0.672061703878897,0.784058214586109,0.0348873142238196,0.8017722231077755,0.7940318949600755,0.8203553799142035,0.7860352448939558,0.7180963300545345,16.4,11.01998185116473,9,15,11,38,9
-325,0.2868557855952531,0.0563288638672341,0.2117634781170636,0.3538589589297771,0.2463302728720009,0.3493233993649483,0.2730028186924755,0.95738727174426,0.0215470759439388,0.9822667391706384,0.9297353748240632,0.9713501231313308,0.9333503537720896,0.9702337678231786,0.8885435268388265,0.0185409074116816,0.9045850830320687,0.8849873004728553,0.9113995743701752,0.8585858006480104,0.8831598756710229,0.8804768201140105,0.0470312386270605,0.9399749402966316,0.8034174014195298,0.900981858725425,0.8549558616424427,0.9030540384860238,0.8792290105981099,0.0264514614270985,0.9147580771430066,0.8482455435391464,0.8983753482292908,0.8496506836130346,0.8851154004660711,0.9179259765565436,0.0280646248915288,0.9544265650339082,0.8731739824899863,0.9274708398112034,0.9012926754134668,0.9332658200341538,0.5947037409652363,0.0155912978456018,0.5846016352826898,0.6134721040725708,0.5977597263726321,0.6073236140337858,0.570361625064503,0.7810606799401862,0.0117608782274348,0.7921014854822992,0.7638958820442777,0.77088167653425,0.7848215250287442,0.7936028306113598,0.7491024478138553,0.0706470969409587,0.6528154062843058,0.6771659490242378,0.8288254971410054,0.7824652174919554,0.8042401691277717,0.7086168911302602,0.0989675242363792,0.856133817163229,0.785009665023034,0.5812701113503252,0.6445817996620136,0.6760890624526988,0.7283306413772439,0.0115845852501156,0.7416835541376585,0.7262169902778601,0.7149097530201696,0.7170572870396644,0.7417856224108664,0.78862921984015,0.0514193095161915,0.872011322011322,0.8074258172168388,0.7251999811782421,0.7453817932415322,0.7931271855528146,0.5918765301054174,0.0156429557198932,0.5669345747340809,0.5993301326578314,0.6066951074383475,0.6059137582778931,0.5805090774189342,0.7840453488150039,0.0081491140405158,0.7738013471112951,0.7887734284335366,0.7829303389493283,0.7968875695939533,0.7778340599869061,0.7424767101449451,0.0716135786959443,0.6831682512065286,0.6342046029095552,0.8096686447523769,0.8132681860623034,0.7720738657939615,0.6798608580961523,0.089359501318496,0.7746373724314902,0.7896218680309588,0.5858809416964498,0.5801308539944904,0.6690332543273722,0.7139533940035884,0.0099423197720891,0.7246573985265556,0.7004856590802088,0.7197295640915706,0.7034919667881865,0.7214023815314208,0.7947232967231009,0.0405514691671638,0.8567128047391207,0.8282511606041019,0.7726847502811477,0.7520667447719295,0.763901023219205,14.2,2.9257477676655586,18,13,17,10,13
-300,0.188654244155623,0.0707126853911742,0.1516102524474263,0.1793942034710198,0.2262445464730262,0.2981120566837489,0.0879101617028936,0.98202478816701,0.0155033830717521,0.992712285990226,0.9878239357117956,0.977749598347916,0.9539977848813176,0.997840335903795,0.9279791470165448,0.0398873657703031,0.9482026368087854,0.9265367884544,0.9216170390907906,0.8608338194771008,0.9827054512516468,0.9505771209999152,0.0326722312286085,0.9676955856643358,0.960271325896326,0.9411863361311892,0.8933357441169942,0.9903966131907308,0.9341066465368384,0.0374389683073544,0.9529758533458343,0.937814746201454,0.9242715906672124,0.8708994676610535,0.9845715748086388,0.9651433368403184,0.0217718838221248,0.9725880840274704,0.973604385434397,0.9585119354759446,0.9276726327991324,0.9933396464646465,0.5867760956287384,0.0184373763146888,0.6055249761451375,0.5693781809373335,0.6126052087003534,0.5753020481629805,0.5710700641978871,0.7841592490069779,0.0160237388728383,0.7884867434268908,0.7969786132428177,0.7561492382765778,0.7782512264547692,0.800930423633834,0.7212156037847431,0.0296111670509257,0.707352489350097,0.6875151437985664,0.7739266229907941,0.7071418925697001,0.7301418702145582,0.7548582478127933,0.0581837648506796,0.7967903828197946,0.8038066879644419,0.6557046785656412,0.7208709516864598,0.7971185380276289,0.7321011627050394,0.0146838713120773,0.729740166786313,0.7433727033638554,0.7198947296571615,0.7138615478662413,0.7536366658516258,0.8104003605837635,0.0341576819600399,0.8215367965367967,0.8396270396270397,0.7595110436077653,0.7824189570319603,0.8489079661152558,0.5844756684520028,0.0235942500942914,0.6174768046899275,0.5490411547097293,0.602321819825606,0.5759028196334839,0.5776357434012673,0.791057040079924,0.022213946735643,0.7497869381452295,0.8151312313313156,0.793149330381599,0.7928611639214914,0.8043565366199847,0.7250467638839866,0.0211992573642438,0.7124290409218639,0.7187220043125647,0.7569694207971721,0.7402883880825057,0.6968249653058266,0.7303991655997002,0.0753313376636107,0.6822834028716381,0.815743473698019,0.6218400805967651,0.7189147973238881,0.8132140735081911,0.7290742135274696,0.0249897711468438,0.70517296400541,0.7655422258877779,0.7001501398930303,0.7260529847346738,0.748452753116456,0.823964474273368,0.0336289412032764,0.8079542865428032,0.8756773306906998,0.7856794764689501,0.800206611570248,0.8503046660941398,22.6,7.812809993849844,24,25,17,12,35
-275,0.1890206591458991,0.1063134183146295,0.3931619087234139,0.1797265051864087,0.1541137442691251,0.1283347602002322,0.0897663773503154,0.9788575327082306,0.0339740264374281,0.9112773683610516,0.9892314727016563,0.9979269121429488,0.9962489913246824,0.9996029190108138,0.935614023236028,0.0551145952314004,0.8320336899755396,0.92749620000252,0.9797643115043672,0.9603684412834468,0.9784074734142668,0.9421680844310488,0.0499346235307358,0.844659963708677,0.9522248343117152,0.9653332344738595,0.9630112381491056,0.9856111515118868,0.9351892576523864,0.0531853567999792,0.8336138990130874,0.9329480768769316,0.9726333832565928,0.9579801936147698,0.97877073550055,0.9590410763045772,0.0341479396667744,0.8923123944553898,0.9648937685121896,0.9762750193170674,0.9740022519066742,0.9877219473315644,0.5946193928068334,0.022985503052999,0.6138983097943392,0.5810944844375957,0.6298806775699962,0.5729756084355441,0.5752478837966919,0.7851056345703035,0.0098631832164371,0.7932791610645272,0.7813113709671197,0.7679837732269216,0.7954052859091295,0.7875485816838196,0.7293021798805949,0.0647168895121969,0.7144805885236507,0.6816206372356105,0.8436900517782872,0.658540330732844,0.7481792911325822,0.7305718019354382,0.1003467019293481,0.8049043276984453,0.7624351806838437,0.5386887399587935,0.8141366877329443,0.7326940736031644,0.72482303788679,0.0151578412750075,0.74389473654334,0.7152236196561242,0.7029273927081664,0.7227784206410487,0.7392910198852707,0.7984791732175633,0.0426738722924633,0.8220661691249926,0.8004930441075953,0.7165293947069912,0.8376429126429126,0.815664345505325,0.5929662319746886,0.027790984517629,0.6170506368983876,0.5573661408641122,0.6277123418721285,0.5977392873980782,0.5649627528407357,0.7817552338918144,0.0168025761066995,0.7541556034755946,0.7969123006730541,0.7904098761546252,0.7706476650577586,0.7966507240980398,0.7277154806548827,0.0816103989240354,0.7849370499250881,0.6302511823989388,0.8427974895917479,0.6429494525082761,0.7376422288503629,0.690744068765459,0.0817705627745497,0.6130638968874262,0.7673274957365867,0.5730337398786596,0.7677489177489178,0.7325462935757053,0.7146257500388906,0.0222196011679347,0.7352120780262741,0.6956096193369317,0.7257720564945727,0.6810824988844532,0.7354524974522213,0.7951990345599664,0.0198338102019089,0.8024772962434338,0.8077229514395291,0.7590818755245633,0.8159965421575328,0.7907165074347737,24.2,8.997777503361595,7,24,30,28,32
-250,0.2898178018629551,0.1119227959951349,0.1299636517651379,0.282532530836761,0.4811366992071271,0.2858488033525646,0.2696073241531849,0.9492624757195748,0.0457380540595662,0.996406204012402,0.9604675324800518,0.8616223498019175,0.962913024112275,0.964903268191228,0.8695156350320236,0.064318379523678,0.9471370646630816,0.8760573680359739,0.7517432108321174,0.8958400867346279,0.876800444894317,0.8762718803975094,0.0563741866727,0.9738558828136518,0.8671525140504919,0.8010813481861275,0.8531617110637042,0.886107945873571,0.8665281099762747,0.0570834360223175,0.95075983531373,0.8665579762492508,0.7709817366186684,0.8706170717527388,0.8737239299469859,0.9109098069984356,0.0367956535336833,0.970891517242862,0.9062186978559368,0.856469739759939,0.90084851647909,0.92012056365435,0.5998733460903167,0.0276223435044749,0.5770599191839044,0.609580170024525,0.6244199221784418,0.5585701926188036,0.6297365264459089,0.7712903189467906,0.0164211142976695,0.7649304806498111,0.7858605994050513,0.758937144072505,0.7949758277966833,0.7517475428099029,0.7658078135970364,0.0366845245795404,0.7561450975924661,0.7844368050250403,0.7215475997561559,0.7404050049771974,0.8265045606343224,0.6642404119944227,0.0386307026209657,0.6800857639092933,0.6525661504271131,0.6938245132763851,0.7004164062319144,0.594309226127408,0.7204870889069033,0.0102790935977957,0.7218233188853763,0.7301004190595651,0.7006581851911712,0.7257900118119545,0.7240635095864498,0.7641220249414243,0.0104399997791416,0.7610732186161401,0.7503848291527717,0.7721257305411542,0.7795661940398783,0.7574601523571776,0.5975853053006259,0.0228988877651949,0.5870782976800745,0.5875600955703042,0.6249733079563488,0.5655454424294558,0.6227693828669462,0.7901779622785987,0.0196210610244559,0.7800940719769187,0.8283501452668144,0.7729034389321471,0.7826202846841216,0.7869218705329915,0.7614569544417928,0.0172937106282779,0.7535990285631434,0.7754815778269627,0.7335529422730381,0.7617891095832273,0.7828621139625924,0.6618521704083202,0.0238672922775784,0.671763040880688,0.6705709694346058,0.6429387680056129,0.6960251869342778,0.6279628867864162,0.7211840448564757,0.0176147370721879,0.730416028957238,0.7421956857745929,0.6907675939600451,0.7283238543733538,0.7142170612171488,0.786727527298661,0.0247969844735132,0.8190396018333829,0.7905474512427912,0.78967842333461,0.7921194523159795,0.7422527077665418,15.6,6.829348431585549,26,18,5,13,16
-225,0.2381908891256898,0.0920393428709618,0.1712897885590791,0.3506344128400087,0.1837413471657782,0.1372108701616525,0.3480780269019305,0.9700810897454196,0.028039316253103,0.992852593275766,0.92932578966609,0.9901520344772172,0.9949841869812118,0.943090844326812,0.9088530258009349,0.0428730484493568,0.9304941021030838,0.8584140414539021,0.9401705008289634,0.9585545302650564,0.8566319543536678,0.9162394560096768,0.0483785811505392,0.9577078227124184,0.8557606813121521,0.939086365533976,0.9681532927856458,0.8604891177041913,0.9065690999044208,0.0454052049788205,0.9328449612041202,0.8545449216332068,0.9362733555497272,0.9594594258534652,0.8497228352815841,0.938630026968748,0.0303206731704703,0.95281570961718,0.900095919537203,0.957224964846385,0.977201882547277,0.9058116582956948,0.601472696391019,0.021498195553955,0.567709890278903,0.6323733329772949,0.6002123735167764,0.6136828281662681,0.5933850570158525,0.7630544562365287,0.0193605276164516,0.7806906333602524,0.7325712361390836,0.7481805799110277,0.7731445169321173,0.7806853148401626,0.7780411360918342,0.0589323028152503,0.7426450078363955,0.8351359276492967,0.6977322885076895,0.855747119784553,0.7589453366812364,0.6306505778831982,0.1015478316709631,0.7304314149902386,0.4910740329189526,0.71753622936778,0.5250564275296896,0.6891547846093301,0.7083889607788095,0.0191380556553786,0.7339789143237013,0.676428119480179,0.7038919309252222,0.7076704534780548,0.7199753856868902,0.7521387506576263,0.0423747677923133,0.7884182381086405,0.687056619270058,0.7806365871205444,0.7161383774973638,0.7884439312915248,0.5925394670529799,0.0300365766239902,0.5868484757163308,0.5553926554593173,0.5847468782554973,0.6474879546598955,0.5882213711738586,0.7798310453570423,0.0222863524982533,0.7634027695051263,0.8201838597533275,0.7878610815324948,0.7661055081467848,0.7616020078474782,0.7877432318086756,0.090129912388486,0.7658771412001076,0.8905834132670915,0.71661621339851,0.8933982683982683,0.6722411227794003,0.5708388774030485,0.1226847738840499,0.582942302795244,0.5225485373212646,0.6791452754019599,0.3638282172373081,0.7057300542594661,0.6996584065127427,0.0293424671537132,0.7144395457351839,0.7399429695533797,0.7020541289788317,0.6508412976923725,0.6910140906039459,0.7572204118824248,0.0395300925935182,0.7836637554833445,0.749427548274022,0.8064466235518867,0.6891769388164373,0.7573871932864334,19.0,6.2289646009589745,22,13,21,28,11
-200,0.3291119246743619,0.1875210073799963,0.1790041830390691,0.2740331478416919,0.5657535092905164,0.0968657028861343,0.5299030803143978,0.9094200854115336,0.0919631867374392,0.9904421766289572,0.95820924893784,0.7756149696914753,0.9992503591586138,0.8235836726407819,0.8480903992088182,0.1160125839483709,0.9358672809466572,0.8989763436123878,0.6774438617608647,0.981062420336801,0.7471020893873799,0.8520485659260331,0.1143813654327642,0.9582651540710752,0.8852485979094434,0.7148579514847896,0.9817169375763124,0.7201541885885443,0.848281619128526,0.1107279808654965,0.937221118672846,0.8890148268769481,0.7044330058175691,0.9797502342858844,0.7309889099893822,0.8987560970859636,0.0716872358115837,0.9579983391382868,0.9192399465268564,0.8155986627106984,0.9866257632438938,0.8143177738100824,0.6146058841185137,0.031412531985605,0.5795895294709639,0.6140921007503163,0.669571497223594,0.5891204693100669,0.6206558238376271,0.7607759916939966,0.0281083496777049,0.7943763349624153,0.7486748874825413,0.7186861392284186,0.752477825668835,0.7896647711277723,0.7716959922952104,0.0925138132163566,0.7043480774940105,0.7865704408485157,0.6735560339838415,0.7546355456783265,0.9393698634713578,0.6496482038460648,0.124068982643665,0.8008307868601986,0.6265082065884204,0.7343198023010857,0.6523346528694122,0.434247570611207,0.7120188394280443,0.0178261518969068,0.7386953261111938,0.7176041949778674,0.6889847536125863,0.7190857673832344,0.6957241550553399,0.7677213404250967,0.0340866797594141,0.8233426704014939,0.7493439206472284,0.7787358882947117,0.7669618260527351,0.7202223967293139,0.6175913615660233,0.0327245221779427,0.5941419791091572,0.5763859098607843,0.6729305494915355,0.6229172484441237,0.6215811209245161,0.7652446942725838,0.0316099817062024,0.7420264988244827,0.8239816340657715,0.7337827050927775,0.7653087586618669,0.7611238747180206,0.7925681010280063,0.0661040430985824,0.766692937578105,0.8359188926498855,0.6907121971595657,0.7829640947288007,0.8865523830236749,0.5912032693984566,0.1146871762548512,0.6192613758790229,0.6954299488390397,0.6529594291626377,0.6196330184966549,0.3687325746149275,0.7037158621557881,0.0511935734735875,0.725591130922031,0.781298074235881,0.6722558859204262,0.7103669707895026,0.6290672489110993,0.7552491294318349,0.0572359358624085,0.7945518318970332,0.8090885098420983,0.7662574531180669,0.7597050842955713,0.6466427680064043,16.4,11.6721891691319,22,19,3,34,4
-175,0.3979373321868479,0.076399394129494,0.2544730263762176,0.4528078651055693,0.4686538763344288,0.3921972643584013,0.4215546287596226,0.9007269275214445,0.0379995151628063,0.9701127284151396,0.8765064168779287,0.858615980709611,0.903716220860302,0.8946832907442406,0.8145417446704297,0.0357653346603509,0.8772128270387837,0.7898466926482979,0.7769895537483074,0.8292969354720602,0.7993627144446989,0.8251843721401579,0.0497670594802652,0.916779648692381,0.7897355385842229,0.7733930132367633,0.8182288428805458,0.8277848173068764,0.8144864930837491,0.0407211664936949,0.8871329144507594,0.7832408536730756,0.7711138284213407,0.8242514515457818,0.8066934173277883,0.878522420080966,0.0312326043799552,0.9313580558319818,0.8507355017864404,0.8430659777904845,0.8848081744160984,0.882644390579825,0.6070586052807895,0.0167277564325778,0.5815443179824136,0.6092976331710815,0.6190318952907216,0.5963408676060763,0.6290783123536543,0.7590479682800663,0.0083969685915546,0.7658115959938364,0.751093042244446,0.7486294078581845,0.7590401062284418,0.7706656890754224,0.6973912213548038,0.0374809564303547,0.7051730566084633,0.6835996519820049,0.7429649821361051,0.6333727843754582,0.7218456316719878,0.7337300652407605,0.0518580822357919,0.766132152161564,0.718057388244554,0.6674375535338103,0.8156422899738408,0.7013809422900331,0.7097466154200918,0.0137484313881912,0.730751486845293,0.6879515068426947,0.7075370085607348,0.7143677192668948,0.7081253555848419,0.7881962817805767,0.0254115330459963,0.8039388887686102,0.7631668168432875,0.7612005727330804,0.828331264694901,0.7843438658630046,0.6005427132953297,0.0174949808466492,0.5853984410112555,0.5798181945627386,0.6149473677981984,0.5965494892813943,0.6260000738230619,0.7759993534913668,0.0158551608695029,0.7601756952655591,0.80561133383315,0.7684163450166653,0.7780405335343503,0.7677528598071098,0.7053156378348377,0.0527633391831854,0.7575336240049158,0.673192880577791,0.7796966935244446,0.667183388506918,0.6489716025601193,0.6918582472192096,0.0837939794289232,0.6076717400246812,0.8122737111373475,0.5900042916085696,0.7023957103502558,0.7469457829751946,0.6998339183204416,0.0204010737466023,0.7199191043371879,0.7265018885255246,0.6961328750345849,0.6747034352437266,0.6819122884611848,0.7901554771650465,0.0290265056381402,0.7937580694159643,0.8451011258497889,0.765807511202248,0.7718236098267058,0.7742870695305257,9.0,3.1622776601683795,15,8,6,9,7
-150,0.3700701544992625,0.0837310391103093,0.5300871776416898,0.2998330383561551,0.3630709815770387,0.3514879108406603,0.3058716640807688,0.9134017121788512,0.0488103958631981,0.8205328422931615,0.955737355943349,0.9125175270243584,0.929818401881573,0.948402433751814,0.8280796211993463,0.0628679742559707,0.7056396553013063,0.8761270339747319,0.8387943877387065,0.8472777997632033,0.8725592292187836,0.8422140694165655,0.0492270622333805,0.7455007665945165,0.8788604803080907,0.8516451623819078,0.8625742313242313,0.8724897064740816,0.8288561824581399,0.0554416672438528,0.7206071485535068,0.8687828764880091,0.8362209995977234,0.8508276594192699,0.8678422282321901,0.8884005198044036,0.0402530097735477,0.8098002314539177,0.9133370431007332,0.8914150994827756,0.911496797433088,0.9159534275515036,0.6066938904198733,0.0160995047672243,0.6193437088619579,0.5928818881511688,0.6025471768595956,0.5879720259796489,0.6307246522469954,0.74839468473478,0.0072957593528647,0.743498175014895,0.7497903078242316,0.752205930581599,0.7588612562793713,0.7376177539738034,0.7566933103403815,0.0771176889032569,0.7202065080055511,0.6694694268892131,0.7685047572748107,0.7278014098201264,0.8974844497122058,0.6361834006753793,0.1151967790059422,0.6648721376662553,0.7738474315345975,0.6559306780563464,0.6632801467694516,0.4229866093502457,0.6965291384031059,0.0178586190947089,0.6736876247860342,0.7150663934919833,0.7138137368684817,0.7031973279969542,0.6768806088720761,0.7518036899819128,0.029572848613894,0.7359454451637114,0.8009838201014671,0.7577507819134613,0.7533376160381509,0.7110007866927732,0.599055899815126,0.0362037492778848,0.6437315940856934,0.5336625142530962,0.5970205014402216,0.6074033867229115,0.6134615025737069,0.7672861258889845,0.0407490759524707,0.6990715945524884,0.8214272674200235,0.7893929223843205,0.7731934388769282,0.7533454062111621,0.7835204480945128,0.0474161515687533,0.7546986439929024,0.704047374129913,0.8306998902214212,0.8132586367880486,0.814897695340279,0.6001728633814196,0.1191840756654518,0.4924090615267085,0.8317722681359044,0.5510376655430131,0.5796831955922865,0.5459621261091849,0.7092790672706121,0.0268018044237976,0.6736312712810592,0.7566639926166526,0.7093011645059215,0.7051948508094635,0.7016040571399635,0.7640354272532649,0.052467188032058,0.7437868218629119,0.8632529087074541,0.757728830959321,0.7480787547981224,0.7073298199385155,12.2,5.1536394906900505,4,20,12,11,14
-125,0.3420725304167717,0.1032631388324244,0.2058603526093065,0.3626768516842276,0.3618814353831112,0.2688172054477036,0.5111268069595098,0.926161435313844,0.0525296358998262,0.9839951900185702,0.9284104554387124,0.9275506889024786,0.9608306074419526,0.8300202347675063,0.8471793026407755,0.0634328134462505,0.9219661776603952,0.8377286497400661,0.8428810589878069,0.8958907535396736,0.7374298732759348,0.8655021108975735,0.0524166570773204,0.9405946662610264,0.8655105362366392,0.8628520818330706,0.8815597341792196,0.7769935359779112,0.8495411670621458,0.0576514906049846,0.9217067363755712,0.8430371958561071,0.8463099360425237,0.8869156496052358,0.7497363174312912,0.9033876990779668,0.0373859671910681,0.9516520820349672,0.9025803699626304,0.9057447540419676,0.9197854376499404,0.8371758517003293,0.6217685786160556,0.0068479813243688,0.6222111853686246,0.6196421168067239,0.629600004716353,0.6100481477650729,0.6273414384235035,0.7563140285735226,0.0146114657749475,0.7544572595115272,0.7446323252096981,0.753573466232223,0.7446097722835691,0.7842973196305959,0.7068066396960534,0.0916596344150473,0.6805110227359031,0.7574523886689661,0.5574741880223163,0.7035691135958515,0.8350264854572298,0.7020029495163185,0.1008906653923247,0.7714502817443993,0.6281116165474455,0.8544360719494409,0.6846896196495127,0.5713271576907941,0.7004103275614701,0.0149835313670889,0.7164635065338225,0.6916828714957057,0.675316195158218,0.708558207805273,0.7100308568143316,0.7760019574692111,0.038939063482347,0.8016082859349112,0.7261764594194934,0.8358752358752358,0.7687241164408348,0.7476256896755801,0.6137635469436645,0.0152007553037891,0.6333244063637473,0.5884645201943137,0.6143493327227506,0.6086251356384971,0.624054339799014,0.7662237749185511,0.0278716278871869,0.7279506088677539,0.8068365076597175,0.7844757562610872,0.7665291366202127,0.7453268651839842,0.7115140023796395,0.0989243152813589,0.6817208137423448,0.7772319300219789,0.5296531100478469,0.7853641456582633,0.7836000124277636,0.6495647727198529,0.1047497784499585,0.6612781826017119,0.6796585989767808,0.8240004202571047,0.5438360881542699,0.5390505736093971,0.6844291891204898,0.0325985360516811,0.6859251717314327,0.7439831649074974,0.6464587033145106,0.6781960500227185,0.6675828556262892,0.7686295592211657,0.0531471481347884,0.7922052792408828,0.781882950808782,0.8455473951885435,0.7341847755437617,0.6893273953238587,13.2,5.491812087098393,20,14,11,17,4
-100,0.3392566928640008,0.0422460153555787,0.3705381359905004,0.3147128825075924,0.3605565740726888,0.2682468588463962,0.382229012902826,0.932997070232749,0.0165877555032988,0.9275037977620484,0.9407063875752468,0.9218199928151348,0.9611533276251925,0.9138018453861224,0.8507800351227548,0.0248185322701453,0.8232032198027897,0.8657900559459275,0.8468940568665047,0.8901798762266397,0.8278329667719118,0.8604718164908277,0.0245842475228015,0.8509952288638435,0.868323539716003,0.8224259772573916,0.8981411613304998,0.862473175286401,0.848935839948399,0.0232711331578212,0.8257074892648777,0.8633442079005292,0.8350241463972735,0.8877668476591106,0.8328365085202044,0.9026773150361664,0.0150493331140936,0.8891819304974781,0.9090737044484076,0.8870153987631734,0.9282888594034104,0.8998266820683617,0.6146432497284628,0.0157035069576998,0.5944375233216719,0.6166433366862211,0.6295572844418612,0.5990715731273998,0.6335065310651605,0.7491505210966489,0.0140220609359027,0.7560984908184897,0.7273796321214436,0.7415052212344994,0.7517248376623376,0.7690444236464745,0.7056932172292736,0.0625960126457167,0.6199641666148842,0.7401858539559073,0.6431510482981072,0.7808552484354624,0.7443097688420074,0.7174012781633102,0.0802846711042592,0.8481421356421357,0.6510064356321041,0.7618787184295205,0.6253918096164086,0.7005872914963823,0.7093920116780417,0.0100710607639453,0.7076015448521387,0.6997217814920778,0.6979308915978745,0.7179937176814893,0.7237121227666278,0.7845612052084231,0.0418277918416375,0.8571428571428572,0.7408939014202172,0.7912091696182604,0.745609824957651,0.7879502729031297,0.6082956454970619,0.0257163171421732,0.6139011166312478,0.5589304187081077,0.6169942942532626,0.6172241406007246,0.6344282572919672,0.7661427152474439,0.0348427725485983,0.7373926683074384,0.8267796990712085,0.7840949119621192,0.7423263261916336,0.7401199707048197,0.7194872563596362,0.0715414348798591,0.6484163404378716,0.7955351669952925,0.6735419816759529,0.8168035395976573,0.6631392530914062,0.6694813356578063,0.0977002311592408,0.7229890207831384,0.7260330578512396,0.7274384483609082,0.4754919323101141,0.6954542189836308,0.6988212091081665,0.0413437933409288,0.6866719006514752,0.7743776538530867,0.7061990373031883,0.6553517146313035,0.6715057391017788,0.7826980622253139,0.0460576329022619,0.8190418316086766,0.8248149051212293,0.8110065888703659,0.7068342521159175,0.7517927334103803,13.8,3.6,10,18,13,18,10
-75,0.2997412125812843,0.1326042680214833,0.1125121769728139,0.4318892695009708,0.3325543226674199,0.1803435231558978,0.4414067706093192,0.9370467539229536,0.0479136924214454,0.9959598755921688,0.8839345024822233,0.932698367358886,0.9871485512485813,0.885492472932909,0.8687064630356881,0.0681112703977185,0.9598625840951628,0.798933010335748,0.8477899352112215,0.9376844572302194,0.7992623283060886,0.8796301217165189,0.064640350059273,0.9782909364940616,0.8135737679395768,0.8404630015613471,0.9340919089080856,0.8317309936795229,0.8691900857328534,0.0676960130205116,0.966244318939685,0.7984863955265787,0.8422568332754619,0.9318097848927024,0.8071530960298389,0.9169040663349456,0.0453348444663175,0.9874395606419704,0.8676403735121053,0.8930130776892097,0.952124305862696,0.8843030139687454,0.6087831296704034,0.019300549053678,0.5749659700827165,0.6139001900499518,0.6348103013905612,0.6125470860437914,0.6076921007849954,0.7669273767146432,0.0150325277630896,0.7623105427726962,0.7554092900934478,0.7510577690098078,0.7726361085067637,0.7932231731905003,0.7274817327060684,0.075623490573038,0.7290155485131561,0.7126704400768571,0.6338436889907478,0.6976049648509541,0.8642740210986273,0.6917207643811922,0.1061946903297536,0.7076125671713908,0.6831643401162117,0.7775418431835545,0.794066138852235,0.496218932582569,0.7063695003164467,0.0174436392052,0.7120856150613887,0.6910844712773424,0.6961036408683546,0.7381157633404037,0.6944580110347439,0.7752747972367809,0.0345290237630504,0.7712006377148509,0.7491257108904168,0.8045454545454546,0.8226747999475272,0.728827383085655,0.6121098691766912,0.0212133850923557,0.6497442857785658,0.5846251411871477,0.6035164513371207,0.6126008142124523,0.6100626533681696,0.7579065875597586,0.0246747324341829,0.7166597250976711,0.7910784274932875,0.7727252743620955,0.7542142140947288,0.75485529675101,0.7225547403256932,0.0713912340805273,0.791571732361206,0.678594720916274,0.6321975393028024,0.6900464731347083,0.8203632359134752,0.6517670386654344,0.0956474785544562,0.5621060312236783,0.7886593204775022,0.7356704569939865,0.6269775678866588,0.5454218167453462,0.6953781815150499,0.0247160143868393,0.7207251754769538,0.7228320303055874,0.6835211032328758,0.6564748493960114,0.6933377491638211,0.7728890041153956,0.045553521595402,0.781387313831421,0.8341652028551647,0.8023226773226771,0.7427932458083034,0.7037765807594121,17.8,8.908422980528034,30,10,16,26,7
-50,0.3343959444668144,0.1415500605074343,0.2807409623637795,0.3067366234026849,0.5388758666813374,0.1192858091089874,0.4263404607772827,0.920913384182128,0.0666355656725729,0.9603517696910264,0.9491562497696622,0.8047185462833446,0.9960151524964436,0.8943252026701627,0.8409477082679209,0.092223857834397,0.887420816964045,0.8804965888313877,0.6826736692007085,0.9517111406502852,0.8024363256931779,0.8738740692163407,0.0630077899815846,0.9142484736464516,0.8629259760114142,0.794745618964369,0.9715382273976024,0.8259120500618663,0.8482506231353121,0.0790626804714109,0.8894597747116345,0.8663201398953203,0.7241426529501187,0.9572342891848162,0.8040962589346702,0.9088451580748448,0.0477474389239398,0.935359999262863,0.9023498648861455,0.8434025718541006,0.9832263282887526,0.8798870260823628,0.6216279008171776,0.0234956833751476,0.6151622587984259,0.6313576644117181,0.6605782075361772,0.5901378284801136,0.6109035448594526,0.7469326060401557,0.01798355874557,0.72911466714283,0.7282721818066069,0.7416134222283954,0.7628544143208248,0.772808344702121,0.7544922392430317,0.061759801930111,0.7476561583020913,0.8479677408153345,0.6535789522420538,0.7625239214142958,0.7607344234413826,0.6407748965235596,0.1018366840189761,0.5840191671074023,0.4814113248605227,0.7799951385512883,0.7003973076834039,0.6580515444151808,0.6969406196519234,0.0256170346221209,0.6714748721457648,0.6792824530771348,0.6821928978383308,0.7405186497284807,0.7112342254699064,0.7542833317856018,0.0534715231255372,0.6998756239199099,0.6862988003605852,0.8275229459372682,0.7872826004404953,0.7704366882697503,0.6184033312580803,0.02697473168685,0.6277244795452465,0.5856308395212347,0.6652746525677767,0.6084386625073173,0.6049480221488259,0.7515670555315044,0.0240299665241623,0.7113952242837667,0.7862669292549337,0.749573153308289,0.750970203852891,0.7596297669576413,0.7536379780890299,0.0684758618516596,0.8299580217762036,0.8093167576049464,0.6338248341238771,0.7542685255920549,0.7408217513480672,0.5990367683415811,0.0679492545945479,0.5254593445769916,0.517719401810311,0.6828590749713744,0.6071182605273514,0.6620277598218776,0.6911225818342499,0.0249459727794871,0.7282809065176259,0.6919727560858339,0.6509944255650191,0.6845166261036167,0.6998481948991535,0.7509610621257362,0.0194901524969867,0.7730281234039846,0.7185745541008699,0.7688045288045288,0.7500968431449716,0.7443012611743263,17.2,12.221292893961753,15,22,3,38,8
-25,0.2975240619154647,0.1469599975625048,0.1205322433961555,0.5422495901584625,0.3206370710395276,0.1742908635642379,0.3299105414189398,0.932604713506018,0.0721480646804477,0.9954672376840122,0.7961558785102165,0.9474678893425684,0.9894582560163524,0.9344743059769396,0.8603956683490246,0.0968197513370382,0.9695486567724482,0.6923731545528832,0.8567254322612654,0.9404267001422992,0.8429043980162274,0.8717260948975346,0.0745751504369942,0.959682694407201,0.7391730394004001,0.8603553743029846,0.9197737515752225,0.8796456148018651,0.8608767874754788,0.0869410232825494,0.9643383367820976,0.7083947373911147,0.853027462461179,0.9221745929575068,0.8564488077854958,0.9067726359773678,0.055988265790854,0.970932023583478,0.8038156627782694,0.9043116780595116,0.934461446061678,0.9203423694039016,0.6228271072561091,0.0279014056025281,0.5800463340499185,0.661803738637404,0.634773622859608,0.6052059856328097,0.6323058551008051,0.7559930115063044,0.0141695062075831,0.7661145602216528,0.7325716822541689,0.7464351305260396,0.7677964651769799,0.7670472193526808,0.7712961256455731,0.0276281465941653,0.765605473739445,0.7926867992376013,0.7355512728507381,0.7509208779930706,0.8117162044070106,0.6025260865100437,0.08929659420164,0.6522514250455427,0.4493619348565872,0.6666154478320254,0.6894908789962266,0.5549107458198367,0.6932022950261008,0.0340032746368731,0.7079986042526053,0.6307712329197831,0.7034563749765724,0.7326380121542829,0.69114725082726,0.7344332306357846,0.0408843222881173,0.7425628855617599,0.6584931291577848,0.7511215521664437,0.7816670044930913,0.7383215817998429,0.626225183768706,0.0171768326613529,0.609678639606996,0.6566723422570662,0.619280522519892,0.6126978451555426,0.6327965693040327,0.761027433784926,0.0111105421706399,0.7466353173375282,0.7758198801064924,0.7720901170699315,0.7540333988278506,0.7565584555828276,0.7828483177146646,0.0213589665366335,0.8122624053246064,0.8054378440800204,0.7671653652036429,0.7646581359816654,0.7647178379833881,0.5807865619229255,0.0612093608031366,0.5576563142739612,0.4749852420306965,0.6196898466951942,0.5989866194411649,0.6526147871736107,0.7021281596458269,0.0211034999910824,0.7228519859471635,0.6737184991846932,0.7154139148612605,0.6793530655048874,0.7193033327311303,0.7545703739152217,0.0263672831756458,0.7779193276304412,0.7110604274916503,0.7845676089294158,0.756348113166295,0.7429563923583061,19.0,10.75174404457249,31,3,16,31,14
0,0.3911465119570493,0.0744494831127762,0.2807038202881813,0.5022462392225862,0.4317398611456156,0.3521600421518087,0.3888825969770551,0.9069343363175972,0.0434019688487029,0.9617268946230184,0.8356700026148304,0.8848612013308311,0.933546629708244,0.9188669533110628,0.8138438411569175,0.0561156156262186,0.8926230701567432,0.7243898887826403,0.800024284431832,0.848956567154634,0.8032253952587382,0.8269485998070557,0.0464807976319355,0.8982696480398686,0.7612893336238924,0.794595072513271,0.8394237757748787,0.8411651690833676,0.817752532797433,0.046734313048741,0.8918596349095614,0.750270570843457,0.7956614048207857,0.8370437701543639,0.8139272832589964,0.8834978349393984,0.0285378175646026,0.9292286688898048,0.8442404264337314,0.8644988575075166,0.8900572509705637,0.8894639708953757,0.6031331978060983,0.006101836626064,0.5986001654104753,0.610681718046015,0.6084636937488209,0.6037242168729956,0.5941961949521845,0.7557551877694053,0.0110937192344499,0.7428332787753963,0.7445960452018273,0.7578571235656798,0.7605040750804455,0.7729854162236779,0.7574590927834972,0.03894948928173,0.7471789839612807,0.6930015394587588,0.8113291046446126,0.7577650068291778,0.7780208290236559,0.6443971165495228,0.0468903252150902,0.6181814917109034,0.6982171794337569,0.5663298377202121,0.6742059633770864,0.6650511105056559,0.6998774638121984,0.0167171605895959,0.6884994048754901,0.6788341411776291,0.6929157532105603,0.7202957317060793,0.7188422880912331,0.7470685379475563,0.0206698245045782,0.7327155343796211,0.7509294626941686,0.7170022162845129,0.7576313306576465,0.7770641457218325,0.6025463185527108,0.0179881727708396,0.6204284727573395,0.5727394277399237,0.6045003641735424,0.6208756511861627,0.5941876769065857,0.7671003045322455,0.0237724701253358,0.7359119478559539,0.8046049841738708,0.7799192911618591,0.7645658082447856,0.7504994912247587,0.7567408269269342,0.0596335330544666,0.7844877344877343,0.6685617341918202,0.8009041888467727,0.8246774467362704,0.7050730303720734,0.6313214281262409,0.1010001627530031,0.5941316036904272,0.8170684113865931,0.5532878663226257,0.5388577331759149,0.6532615260556436,0.7036156555033267,0.0174665053902057,0.7241805540842412,0.7204145823614778,0.701521548598989,0.6958274517345413,0.6761341407373843,0.7680406502761279,0.0460587455875677,0.791363872364007,0.847511243876991,0.7459285430902803,0.7263253939736153,0.729074198075746,10.8,3.249615361854384,16,7,9,13,9
25,0.3079053148627281,0.0665288706810847,0.2119218613952398,0.2984292125329375,0.2665419518016279,0.3943248633295297,0.3683086852543056,0.942474162245998,0.0256954588025527,0.9722897044241218,0.9501761084960032,0.9652538307654196,0.9151724784068604,0.9094786891375848,0.8602663594762128,0.0359585170035359,0.9195470763277772,0.8450488833977526,0.8827445913999664,0.8267263165342589,0.8272649297213085,0.8778078704222765,0.0293884993108416,0.9184098659016422,0.8908302201270952,0.889809730710466,0.8550663057326661,0.8349232296395124,0.8667009517014703,0.0348677177619643,0.9291888604901736,0.858966953301552,0.8753447448505152,0.8311365038164291,0.8388676960486814,0.9212147106151074,0.0214526127582067,0.9621123504226252,0.9203004412490674,0.9129487321244286,0.9000504862032533,0.910661543076162,0.6138755684549159,0.0106369555674093,0.6287404461340471,0.6086360730908134,0.6162743622606451,0.5969258709387346,0.618801089850339,0.7486030439550428,0.0172779453538823,0.7229456592169441,0.74477760198432,0.7419656361167056,0.7588110683322916,0.7745152541249531,0.6895115302647211,0.0767699060104269,0.5941309886285964,0.6269333904360642,0.7263685363952743,0.6877591808073091,0.8123655550563614,0.7265913854416528,0.0576497914110026,0.7953544821191879,0.7839178646665278,0.6966288168159825,0.7178015834432947,0.6392541801632711,0.7043296734789453,0.0143862935234605,0.6916575784337884,0.6894475054385775,0.7096995154762118,0.7016767609658886,0.7291670070802607,0.7816810236954573,0.0121044063393244,0.7992636749215698,0.7904769250357486,0.7646389249986637,0.7745584184086858,0.7794671751126188,0.6028443623672832,0.0272089279322064,0.6327080618251454,0.55276665633375,0.6045667095617815,0.6040878675200723,0.6200925165956671,0.7660301113632594,0.0305337613188314,0.7280554496073197,0.8197770549560105,0.7672682903191892,0.7671304274120118,0.7479193345217656,0.715641663765001,0.0375030207239406,0.6860366998764128,0.6607368651137542,0.7214230479780718,0.7528976742212037,0.7571140316355628,0.7147336338646498,0.0891764519453074,0.6754657107598283,0.8656106519742882,0.7451921963954049,0.6908008658008659,0.5965987443928621,0.7166890739432636,0.0218075483589841,0.7018502028028347,0.7426756725884178,0.7379812945053235,0.7163249608062289,0.6846132390135131,0.8044476359750714,0.0532877828006144,0.8102500569605833,0.8724364152593818,0.8350423892158372,0.79198842452174,0.712520893917815,18.4,6.118823416311343,27,21,21,10,13
50,0.3529126074165106,0.0981255734416251,0.2577601741068065,0.4083113754168153,0.3824092783033848,0.2255694563500583,0.490512752905488,0.919243456535804,0.0477356276300744,0.9671193716323836,0.8962594196839321,0.9157415832381498,0.9730932147227372,0.8440036934018166,0.8303453003629973,0.0599697073252878,0.9003630198612281,0.7784655743928528,0.812393933736729,0.9011941217629024,0.7593098520612738,0.8515377107895974,0.059174706822495,0.9058952434411996,0.8145761509732097,0.8551322043969102,0.9215226339815156,0.7605623211551521,0.837014784619765,0.0580890697654872,0.898660178321132,0.7978990047383279,0.8246116023747504,0.9072389850874322,0.7566641525771826,0.8980619652145408,0.040914920160453,0.932157638274608,0.8815184982984422,0.8930800308061821,0.9502153727211882,0.8333382859722837,0.6149636447429657,0.0069782993609567,0.6176486936482516,0.6027246036312797,0.624234291640195,0.6156026395884427,0.6146079952066595,0.7536525261848894,0.0105709477281477,0.7429908837566099,0.7483821757008589,0.7470094072408578,0.7572482488174334,0.772631915408687,0.7552601514283621,0.0455467572776023,0.7724907136988477,0.804069244777801,0.7098940127014994,0.7969884096889444,0.6928583762747178,0.6491659588183653,0.0798657678010722,0.5819246929541048,0.5392237886890293,0.7251950366923631,0.6529055837210916,0.7465806920352375,0.701357490376,0.0222674045867342,0.67635951956256,0.6817423971115192,0.7029094020833356,0.7393196863063747,0.7064564468162111,0.7530449829331913,0.039225694649285,0.7176028217768816,0.6979533770628865,0.7784889575664977,0.7677530156618251,0.8034267425978657,0.6043983405286616,0.0295626348825848,0.6439980593594637,0.5530174482952465,0.6038842363791033,0.6039976260878823,0.6170943325216119,0.7701874923000421,0.0399975913472022,0.7082667846627504,0.8259517760496821,0.7964103021591413,0.7692713578199876,0.7510372408086489,0.7630092038820182,0.062941350472722,0.8194208316935591,0.8057790513498488,0.7218018358568596,0.8095800441388679,0.658464256370955,0.62736544946438,0.092306958437098,0.5074623905506258,0.6696887708251343,0.671770720366977,0.534607438016529,0.7532979275626336,0.7049966719135556,0.0222107651490527,0.7031178031596185,0.7462266341768188,0.7047113828914161,0.6854467907775009,0.6854807485624241,0.772530560343988,0.0242265746337003,0.7544773632588277,0.790706311232627,0.7974224033047562,0.7340821314751796,0.7859645924485498,15.6,7.255342858886822,21,13,13,26,5
75,0.431132514309138,0.0888497599137753,0.4297852292656898,0.5642374334856868,0.2856534612365067,0.4537153569981456,0.4222710905596614,0.876857116029867,0.0560036448704023,0.891152247845302,0.7812665023843673,0.9525852906758816,0.8624670819973778,0.8968144572464063,0.7911905195653031,0.067075881546939,0.8149577897235409,0.6808362974121213,0.8810997087969088,0.7606871488654032,0.8183716530285403,0.8142212672894272,0.0540427977960328,0.8085667492981736,0.7255853955072706,0.8900956682206682,0.8035756777944277,0.8432828456265958,0.7979454916674757,0.0585157478241012,0.8094379172653662,0.700497313548076,0.8775976771757183,0.7773496193174686,0.8248449310307501,0.8671976081700958,0.040336120267272,0.8644737226030765,0.7984221738551269,0.9216973743635516,0.8638058723826912,0.8875888976460322,0.6299294590950013,0.0296831820068322,0.5987741026011381,0.665466227314689,0.6633318283341147,0.6241221590475603,0.5979529781775041,0.7540856475410807,0.0103437733373765,0.7533512677260039,0.7546562779726216,0.73802006770339,0.7537060528412467,0.7706945714621408,0.6872678562003566,0.0428785268073285,0.6213282862804393,0.7559211287820914,0.6908313463126298,0.6911699114907671,0.6770886081358554,0.7185115597415063,0.0484899080469955,0.7805706548353608,0.645786455077899,0.7306560640785239,0.6826475218186447,0.7528971028971031,0.690957168808964,0.0129857283144082,0.6754425745246116,0.6924572709999567,0.7110115134214504,0.6784563114288861,0.6974181736699147,0.7742423611290155,0.0291900028038622,0.7899735068852717,0.7365523995781341,0.7877696286576107,0.7440071069750215,0.8129091635490391,0.6173381187699057,0.0273219935115851,0.6287935890934684,0.6613441651517694,0.5814234126697887,0.6171509460969404,0.5979784808375619,0.7673253597719691,0.0266701167955135,0.7173668908687542,0.7892425546170678,0.7855199285529728,0.7822672569372101,0.7622301678838409,0.7018558009747513,0.0618361388368637,0.6536332912170232,0.785512656374084,0.671589821661592,0.7658496732026144,0.6326935624184428,0.7060272466689579,0.0622659485388939,0.7056759417053534,0.5991227207136297,0.749161800766079,0.693142463597009,0.7830333065627184,0.706761856133289,0.0145671663322511,0.6899009462943825,0.7172320685308301,0.7060188829046904,0.7282325933988535,0.6924247895376886,0.7967169830690064,0.0205473621028575,0.8163472593953877,0.7637403786145204,0.8207869806267974,0.7921622826309007,0.7905480140774258,9.0,5.403702434442518,8,3,19,6,9
100,0.4450835484080017,0.0807389863536716,0.2949290992692113,0.4659222229383886,0.5069104544818401,0.4369151527062058,0.5207408126443624,0.8702424765857849,0.0489230415691699,0.956341238175135,0.8640841770378831,0.8282229554065436,0.8831548750503584,0.8194091372590047,0.7780890879825757,0.0518984697056748,0.8720530594115636,0.7765277494310258,0.731966362046969,0.7817574293396662,0.7281408396836534,0.7991339695843372,0.0604454347573409,0.9046635656010656,0.7679844435588923,0.7540504200660451,0.8274961430522092,0.7414752756434744,0.7864845666848836,0.0511356457011549,0.8808191244148079,0.7689630639962803,0.7515998430599596,0.7952888661515487,0.7357519358018214,0.8603337464371714,0.036658160874884,0.922937321858568,0.8345634690279622,0.8417377504729964,0.8797078864440514,0.8227223043822793,0.6121960304000161,0.0096986954364917,0.5982403755187988,0.6094533855264838,0.6196925206617876,0.6260031028227373,0.6075907674702731,0.7584125992635851,0.0120177935278642,0.7575640709372329,0.7452410070433132,0.7670474680919199,0.7459582033571004,0.7762522468883596,0.7705826244802186,0.0360285450450862,0.744578474422972,0.7950546334236173,0.8284893433957605,0.7307130703521079,0.7540776008066357,0.6121068548207587,0.0556554015333727,0.65452970232382,0.5871377063221984,0.5156255064009074,0.633828448734866,0.6694129103220011,0.6905367805368793,0.0147980610391298,0.6926629039163413,0.6887307111334654,0.6703914992277661,0.6848805376807371,0.7160182507260866,0.7304492325930669,0.0254398400812242,0.7431501038110272,0.713604213552206,0.696325655136764,0.7284379706980327,0.770728219767305,0.6118379430337385,0.0267715985252437,0.6406519412994385,0.5630062276666815,0.6261987794529308,0.6232272169806741,0.606105549768968,0.7666241320712786,0.025625486537685,0.7238253942750519,0.8019983712133795,0.7652496708237895,0.7620888748061208,0.7799583492380513,0.780582454141455,0.0583747456608073,0.7613457887142098,0.8008609444496447,0.8639084108342481,0.7920390883626177,0.684758038346555,0.5737005092352686,0.0820427540876579,0.5491386064915477,0.5982388823297915,0.4614995298818829,0.5474616292798111,0.7121638981933098,0.689124007099275,0.0144366440835186,0.6837982667335142,0.7168865596548449,0.676636276386044,0.6884810421508528,0.6798178905711189,0.7442928481111493,0.0228189450989133,0.7561212913802275,0.759607280288686,0.7055638805638805,0.7318921358679554,0.7682796524549972,8.8,5.878775382679628,20,8,4,8,4
125,0.2959430460818112,0.0561096411487,0.2850508010014891,0.3475603270344436,0.2047330485656857,0.2801681822165847,0.3622028715908527,0.9504101590433088,0.0231879766829476,0.958949713868362,0.925460310427515,0.9848251057757824,0.9593872659382138,0.923428399206672,0.8649317509403426,0.0330001169031803,0.8629149667743564,0.8449640508095445,0.918401010870682,0.8782380705421952,0.820140655704935,0.8874262803437531,0.0235291111623838,0.8916459842241091,0.8650266400266399,0.9312334138814404,0.875355651803262,0.8738697117833147,0.8704190160708146,0.0269097660907781,0.8695441955377272,0.851134488594975,0.9179999109529924,0.8741453735639125,0.8392711117044656,0.9233991402581764,0.0142531265725574,0.9195832439833987,0.909874832608482,0.9507349869772468,0.9216482535996854,0.9151543841220698,0.6121874484148893,0.0113465228705849,0.6171000491489064,0.6151496171951294,0.6095842123031616,0.6267292607914318,0.5923741026358171,0.7467424085400952,0.0129690881495676,0.7452491304236308,0.7297823356270883,0.7587534592004846,0.7360693993506495,0.7638577180986229,0.7855537912916553,0.032616645814649,0.8041496647955978,0.7974691529504363,0.740003549629218,0.8294294163946571,0.7567171726883667,0.6105064068433051,0.0608125231648717,0.590538138332256,0.5361393731046138,0.6986795958052642,0.564760573650948,0.6624143533234442,0.7027544487498317,0.0164733188426208,0.6954360487244912,0.676019191748018,0.7256503038633594,0.7093457156033884,0.7073209838099017,0.7394590010042169,0.034622739158348,0.7241968003565673,0.6924781333523486,0.773484041289417,0.7219634131210999,0.7851726169016516,0.6083733070980419,0.0238192706560234,0.6451622735370289,0.5739034847779707,0.6001722839745608,0.6215767155994069,0.6010517776012421,0.7530230177238432,0.0312930027018667,0.7036243637939891,0.8005970574165105,0.7620691916657472,0.7559251136749466,0.7428993620680224,0.77767727960245,0.0711756805525124,0.8185009182736455,0.8156087857349192,0.7607840192768424,0.8468105423987778,0.6466821323280654,0.5756894264380896,0.0933033945338879,0.5138126579303051,0.5519726485635575,0.6440109801072368,0.4533303817394726,0.7153204638498757,0.6951706793666068,0.0217197820846838,0.7124184521614068,0.7115854497167864,0.7142306377018811,0.6644104955688783,0.6732083616840814,0.7518355989760267,0.0225337313248373,0.7586158923479498,0.7444188924821336,0.7836594297957934,0.7145764613949255,0.7579073188593313,19.2,4.308131845707603,19,17,26,21,13
150,0.4179917252156883,0.106889174802485,0.3488379414193332,0.5113963950425386,0.5125880157575011,0.2410755490418523,0.4760607248172164,0.8834692716124606,0.0570631733753734,0.9265306394024304,0.8271326900322012,0.8329108041106386,0.9730897035179136,0.8576825209991189,0.7911029192622505,0.0559950943480705,0.8283378823707477,0.7396892756782001,0.7492187876197964,0.8836387739904575,0.7546298766520513,0.8214222388325041,0.0612475584769097,0.8592530044506148,0.763235398690362,0.7670567964564674,0.9227837317910847,0.7947822627739908,0.7996598806842534,0.0565798396995363,0.8349985818232687,0.7459150562110932,0.7525377778450616,0.8936677467486066,0.7711802407932369,0.8722499371060227,0.0433005567716218,0.8945790731563757,0.8279747507555656,0.833859829567792,0.9449725828329736,0.8598634492174064,0.6139166994528337,0.0101186615009494,0.6114867763085798,0.6297607746991244,0.5982394760305231,0.6132232384248213,0.6168732318011197,0.7491588565690901,0.0139980889698311,0.7324134166672603,0.7472965727268869,0.7653730655485333,0.7356912083015026,0.7650200196012675,0.6482276913387792,0.0601196577428848,0.6270807873678687,0.7664140449568255,0.6226398823992406,0.6274894668611246,0.5975142751088369,0.7496034773307501,0.0709050649546977,0.774385336885337,0.6192713035627475,0.8032997083130773,0.8162080121304721,0.7348530257621166,0.6810550668876723,0.0193669936608686,0.6786514812777529,0.6861720318034781,0.6851100630597372,0.7077049699149085,0.6476367883824848,0.7891962397088195,0.0364952137171732,0.7922605172605173,0.7257231663208242,0.8287624140565317,0.8200942773803738,0.7791408235258501,0.6089505033059555,0.0136069755088142,0.6303039572455666,0.6076914939013395,0.600210574540225,0.5904797911643982,0.6160666996782477,0.7613372373772538,0.0256874146375504,0.7153498815780313,0.7926170902170306,0.7636713699097601,0.7596514406382388,0.7753964045432084,0.6698630308412488,0.0813582038118251,0.6523160518375829,0.7994659200367175,0.6179762595193217,0.7155695611577965,0.5639873616548257,0.6890165167571585,0.1082727528604882,0.6760638870932988,0.4900613275613276,0.7530194181932149,0.7192099567099567,0.8067279942279942,0.6747163408944767,0.0180635594825499,0.6761477209574005,0.6673954553767854,0.6733051971176116,0.706180112131395,0.6505532188891912,0.7915544675730757,0.0390019050714835,0.7933704453441295,0.7163706353326664,0.8254750984116247,0.8145327427989968,0.8080234159779613,10.6,8.357032966310472,13,5,4,26,5
175,0.4005844586994499,0.0767974005633222,0.4110458828508854,0.516183864325285,0.4422471756115556,0.3270948512945324,0.3063505194149911,0.8985942389797656,0.0462342760483736,0.8980155935766346,0.8243558282270973,0.8768444395064872,0.9423647759896112,0.9513905575989984,0.8044437184617518,0.0435965479020495,0.8029777041745552,0.7321513429434775,0.7899665444284295,0.8578516095825268,0.8392713911797698,0.8173622213001568,0.0403892220475033,0.8207778434800493,0.7510966744652409,0.8011503127505449,0.8433756602874252,0.8704106155175235,0.8033452688981481,0.0397694658578766,0.802068506324805,0.736135627590159,0.7912884142961696,0.8440106488470497,0.8432231474325571,0.8686776722750503,0.0289545341865594,0.8696451990884073,0.8187083789855656,0.8612188126845635,0.8921950703128141,0.9016209003039012,0.6063644495877354,0.008851172430954,0.6171101331710815,0.6167462793263522,0.6022629521109841,0.5996816429224882,0.5960212404077704,0.7541194105221672,0.0111284215604882,0.736086201863582,0.7497449306857729,0.7557789446701545,0.7591606115586731,0.7698263638326537,0.7368691289389658,0.0468598877539049,0.762020754365252,0.6690326681636841,0.6938607812270914,0.7902863624788758,0.7691450784599255,0.6598529471123054,0.0541537347554311,0.5764073344955698,0.7048626061995047,0.7305319235132068,0.6348215732574022,0.6526412980958436,0.6876213034986584,0.0216625443037604,0.658310354465578,0.6673525208969253,0.6910836680996306,0.7113800254033497,0.7099799486278079,0.7552336120245358,0.0327935081679174,0.7003268377785014,0.7582240991331901,0.7921553194280466,0.7417816437869913,0.7836801599959494,0.6058897256851196,0.0123436780443751,0.6273826577446677,0.5944869735024192,0.5936353748494928,0.6040262959220193,0.609917326406999,0.7590197945965567,0.0258786063545206,0.7292168649951811,0.79456787154016,0.7813571843210969,0.7572943192428486,0.732662732883497,0.7388152674034292,0.0677883194517318,0.7839423627940374,0.7031590441901996,0.6881389078757499,0.8495607333842627,0.6692752887728964,0.6450164927170274,0.0873935765595103,0.5590953164482575,0.7325446018627837,0.6952706161930761,0.5209169618260527,0.7172549672549673,0.6997822414103145,0.0123085121154009,0.7056200209839205,0.7170156915588041,0.6938807659374704,0.7022472112271164,0.6801475173442613,0.7765483592564075,0.0233289398739075,0.7692318967813038,0.8045367288682796,0.8011544441111004,0.7426441506515907,0.765174575869763,11.0,5.059644256269407,8,5,8,16,18
200,0.4037617039866745,0.0931344131434116,0.4909017151221633,0.5032358467578888,0.4236625507473945,0.25488983374089,0.346118573565036,0.8924706801929077,0.0465692275704859,0.8499246747963343,0.8377511875855053,0.8838095933020529,0.9587351796582962,0.9321327656223491,0.7937826476690515,0.0622529870699349,0.7359560327083925,0.7132488224721262,0.8069982742897798,0.8841245757911548,0.8285855330838042,0.8353739336106791,0.0347833554987033,0.8081669884821493,0.794005856276077,0.8280210445192062,0.8915214610756891,0.8551543177002736,0.8111432570712005,0.0504911861676474,0.7602754941108428,0.7562722204526271,0.8129745201317159,0.8926495027039929,0.8335445479568235,0.88212159438214,0.0396160857594403,0.8517190456226351,0.8315978940918474,0.879657559449065,0.944878203474372,0.9027552692727808,0.6073007518594915,0.0091627797090698,0.6089585260911421,0.6209046027877114,0.6123094396157698,0.5963170853528109,0.5980141054500233,0.7576656467839152,0.0071415479696541,0.7585395842869722,0.7495770467277821,0.7494266878583389,0.7645173384436419,0.7662675766028412,0.7717254999345149,0.0820107533948258,0.6232746984541243,0.8713503445455317,0.777882337508006,0.8120051739704146,0.7741149451944982,0.6143273660385961,0.0884104609947332,0.7556637806637808,0.4925533023126606,0.6466033520846355,0.5576527305136931,0.6191636646182102,0.6883454809701848,0.016845771008507,0.6591510904007157,0.6802327626607322,0.7034603781495036,0.6958315924666185,0.7030515811733535,0.7423114565275263,0.0349315440207826,0.7860691939639309,0.6937241794949305,0.7487052889881486,0.7116671587682002,0.7713914614224211,0.6035585706884211,0.0107001391656558,0.6177284013141285,0.5936280543153937,0.5944690433415499,0.6154357628388838,0.5965315916321494,0.7573931840290946,0.0241441832856862,0.7137978194011514,0.783229021037089,0.7737018578998949,0.7518084480693102,0.7644287737380282,0.7701096581858217,0.0654615135952228,0.6885483509048101,0.8376991885507348,0.7507984492912723,0.8548637636872932,0.7186385384949978,0.5784667219292888,0.1250210174479564,0.7134110987052162,0.421518759018759,0.6115868534317732,0.4422373081463991,0.7035795903442963,0.6857296625952477,0.020689083459196,0.7062365453234057,0.6577914453801571,0.6910747630518277,0.6654611822228719,0.7080843769979764,0.7469177444305657,0.0422855418655992,0.8168149317143125,0.6976660013170276,0.7432308377896614,0.7113128882410259,0.765564063090801,12.0,7.615773105863909,4,7,8,25,16
225,0.2849320854758844,0.1358555981506959,0.1104370862012729,0.5047090323641896,0.1775907352566719,0.3224984677508473,0.3094251058064401,0.9434340041337772,0.0557236276715411,0.9974282672773536,0.841218875743364,0.9897315138187324,0.9414809410378098,0.9473104227916266,0.8702648245121807,0.0778170106905061,0.9690129822146768,0.7461999013642278,0.934820107098846,0.8407229444350757,0.8605681874480776,0.8838339846965042,0.0751073593719693,0.9829087885154064,0.7596086256472286,0.9350045647936516,0.8701638730421625,0.8714840714840715,0.8721701721589514,0.0767502397070926,0.9734159180473688,0.749336411389283,0.9296271513480556,0.8450278978602539,0.8634434821497955,0.919641905204891,0.0529845864152708,0.988843045680324,0.8294476041513097,0.9513201662243844,0.909179574940024,0.9194191350284132,0.6226064600727775,0.018701643243527,0.6111379049041055,0.6335789019411261,0.6543106057427146,0.6054675877094269,0.6085373000665144,0.7557234101315038,0.0076869000091802,0.7586786477655548,0.7574313308312306,0.7677462591441535,0.7475057404160012,0.7472550725005784,0.7469855149099878,0.0476877367014277,0.7389376506003299,0.7802600103402242,0.8119076556242331,0.6709243890393624,0.7328978689457893,0.6570592702009814,0.0380077548692547,0.6697282292870528,0.62196738199412,0.6249782971039655,0.7250326990300252,0.6435897435897436,0.6993977306408686,0.0130688823153799,0.7033117998350252,0.6922037333163048,0.7233209149802629,0.6882060084862295,0.6899461965865203,0.7555955779238186,0.0176289996590533,0.7539318962770974,0.7327567033331603,0.7406837251230844,0.7714031066972243,0.7792024581885264,0.627422052079981,0.0326090747221244,0.6920479698614641,0.6137369112534956,0.6036495864391327,0.6107737692919645,0.6169020235538483,0.7586070293560775,0.0220074374680425,0.732110154974064,0.788918832594722,0.7787197540122885,0.7392283945258543,0.7540580106734588,0.7628544978871832,0.0638147822720676,0.8023035550308278,0.8043145986385931,0.8169831949018552,0.7455298786181139,0.6451412622465255,0.6058617184954083,0.0912728078453758,0.5643346849229202,0.514797323888233,0.5516280733526723,0.6242965367965368,0.7742519735166794,0.697769939794566,0.0133059666986333,0.7142580151002214,0.6820801115759001,0.7129444417788086,0.6919499614823417,0.6876171690355588,0.7621772799439959,0.0236989379989335,0.7739931590264437,0.7216693404576735,0.7521935533897257,0.7720255183413077,0.7910048285048287,20.8,11.478675881825394,38,5,29,16,16
250,0.3534945220453664,0.1316163245941567,0.0909365623956546,0.4163275500759482,0.4292103480547666,0.4030975131317973,0.4279006365686655,0.9143166113925484,0.0421695944505129,0.9974532616076734,0.8862279393686415,0.8867880260186535,0.9057634432100696,0.8953503867577035,0.8454608985587015,0.0665165659401053,0.975488313902636,0.8266505275335747,0.7969211863135275,0.7976756328669966,0.8305688321767727,0.8392684612375498,0.0769426786056332,0.9903060207336524,0.7800061713205098,0.8079368548118548,0.8243457767185515,0.7937474826031813,0.841734916618654,0.0697163609960402,0.9806376177275402,0.8168095562167529,0.7977308015364266,0.8057156640323937,0.8077809435801563,0.8947053359799124,0.0496662757887516,0.9931849551414768,0.8721414285909739,0.8679602111478564,0.8801737590969404,0.8600663259223146,0.6314759357409043,0.028450403159787,0.6830934475768696,0.6148385134610262,0.6389740001071583,0.6016479676420038,0.6188257499174639,0.7541591385760008,0.0102286388774945,0.7596298433034113,0.7360704905240333,0.7496905046453843,0.7628655491122068,0.7625393052949682,0.7065691537944931,0.0714276687865736,0.5973995767656055,0.7045146846617435,0.6699312645168262,0.8061265828645507,0.7548736601637395,0.7114639267446755,0.0913126463891342,0.8288055898350016,0.6728279741648726,0.792604521147302,0.57208920758386,0.6909923409923411,0.6956962449846238,0.0151359597498593,0.6901750322629474,0.6743272034990969,0.7040954357531828,0.6905046622986015,0.7193788911092903,0.780228271418576,0.0449263730603301,0.8189573053209418,0.7478853514281322,0.8287756435483707,0.7098651348651348,0.7956579219303005,0.6460524521090767,0.0640026193705205,0.7690910696983337,0.5846404893831774,0.6380292556502603,0.6133047667416659,0.6251966790719465,0.7587071687050548,0.0217145111841571,0.7386413189357004,0.7920342964260804,0.7751371094320274,0.7520327595569909,0.7356903591744749,0.7294146063604757,0.0503111010283374,0.6841393083259112,0.7685950287409251,0.6765083162451583,0.8065147271029626,0.7113156513874217,0.6632949210623007,0.0765438700597004,0.7396902117490353,0.679038764266037,0.6870061533831587,0.5161009445100354,0.6946385314032372,0.7008522941178509,0.0197529414970212,0.7136724551614295,0.7335463751209992,0.6845640463925782,0.6826862953316442,0.6897922985826038,0.7759827683503204,0.0340778019899447,0.8311193485658724,0.7841128678085201,0.7782504322078961,0.7266653011665799,0.7597658920027341,16.8,14.161920773680384,45,12,8,10,9
275,0.3304764079977758,0.1490261910726136,0.1983055449672974,0.183877891395241,0.2535685845650732,0.4701324459165334,0.5464975731447339,0.9196742524924426,0.0737904354973084,0.9829567583833556,0.9854327621596044,0.9654251526021832,0.859910096596418,0.8046464927206521,0.8542340686241825,0.0823309878793744,0.9288223763909212,0.9356337405723676,0.8956074147249565,0.7716023207225128,0.7395044907101543,0.8698689969408818,0.0770061311121172,0.9454651430065034,0.9328063941079132,0.9158814276001778,0.7979439320891528,0.7572480879006616,0.857672927702847,0.0794562594614678,0.9311930728099922,0.932320077242104,0.900503690025485,0.7782125101777568,0.7461352882588966,0.9086185263058832,0.0523832277763243,0.958315135264632,0.9500025967324728,0.9443958422076272,0.8554639317349748,0.8349151255897096,0.6107105022126978,0.0256649341065566,0.5946778411215002,0.5960435217077081,0.5903428847139532,0.6127653609622609,0.6597229025580666,0.7664038720102984,0.0043132346425881,0.7656578911636257,0.7641058756491578,0.7632264984161709,0.7641417276276902,0.7748873671948476,0.8055062226049083,0.0389009456496182,0.7545676346513669,0.7891601268606615,0.8307423933760831,0.786633234561042,0.8664277235753882,0.6038479375645152,0.0463498698685616,0.6412631486160898,0.6281457624372062,0.5962445308701994,0.6369160474106997,0.5166701984883803,0.7050764526904716,0.0078802706207291,0.6906270211829791,0.7055176217982948,0.7143804024097699,0.7060350766608063,0.7088221414005077,0.7385233893475245,0.0078052063638968,0.7370817606885717,0.7357203168348679,0.7293570193299754,0.7529980937745656,0.7374597561096418,0.6109730921008371,0.0288029034328434,0.6259648285128854,0.5827753814783964,0.5785162503069098,0.6110868833281777,0.6565221168778159,0.7705413087549227,0.0202193612760531,0.7313486284616566,0.7856857807427079,0.7822740022324441,0.7709894434702256,0.7824086888675793,0.8208532911951272,0.0178791107381353,0.8223778454400464,0.8295251230208218,0.8459740432348087,0.79166030048383,0.8147291437961294,0.5847033269760542,0.0388850297258688,0.5185459148694442,0.6008428440246623,0.6340638194247821,0.600624754033845,0.5694393025275378,0.7212875779385756,0.0277989993817239,0.7166026202018886,0.7403027352248263,0.7617274367110105,0.7070390432810193,0.6807660542741328,0.7546388142991931,0.0229775744763056,0.7708067891188096,0.755772463852286,0.7766564572888683,0.758636918012094,0.7113214432239077,16.2,10.380751417888783,22,31,19,6,3
300,0.479947487078607,0.0823242786620977,0.4978539533913135,0.5304935947060585,0.3218647493049502,0.4931085910648107,0.5564165469259024,0.8491533807999829,0.0491421627766834,0.845532054586507,0.8158906774778387,0.9362387392001068,0.8565434305677128,0.7915620021677494,0.7661160729157139,0.0477887043632057,0.7472136453569017,0.7229052158078925,0.8532013903396113,0.7791120861179923,0.7281480269561713,0.7813716727157825,0.0469421272776445,0.7761820185533421,0.7486722966842054,0.8695328823545738,0.7772782772782774,0.7351928887085137,0.771343747878188,0.0449318701706568,0.7542487433608464,0.7334277818425634,0.8548378665802814,0.7793236994400363,0.7348806481672127,0.8458397798720456,0.0363616689231261,0.8375198123009171,0.8033834307247618,0.9122523261697024,0.848175955988456,0.8278673741763914,0.6186369321563028,0.0230518320946615,0.6134704568169334,0.6044356281107123,0.5965063897046176,0.616172422062267,0.6625997640869834,0.769872786975442,0.0131106228152765,0.7591642278293523,0.7767548479446874,0.7902029088150411,0.7530213385285244,0.770220611759605,0.7730601576069276,0.0415222459469328,0.702938044146178,0.782176327831408,0.754974689600358,0.8217014491747112,0.8035102772819829,0.6626980891954154,0.0692703628118195,0.7498362748362749,0.655476942843253,0.7324950228025094,0.5994160474106999,0.5762661580843398,0.7091820716259394,0.0126530494769855,0.7000900732022806,0.7014929284258551,0.7337669068526002,0.7087333398531056,0.7018271097958554,0.7616493932988444,0.0246806444746219,0.7933962451377312,0.7558601529189765,0.7864084230183301,0.7290386678087213,0.7435434776104632,0.614683312177658,0.0316809849212483,0.6295845183459196,0.5667452622543682,0.59323420307853,0.6252845092253252,0.6585680679841475,0.7686906221563399,0.0424208336096069,0.6980456436130904,0.8160873705018599,0.7948766167564103,0.7440868168892902,0.7903566630210488,0.7795318523952501,0.0456468200546921,0.713302212141925,0.7916600362746607,0.7603824471647438,0.853808038366862,0.7785065280280592,0.6191132367335577,0.0713545397814311,0.5906297134238311,0.6278450085268268,0.6918615252839853,0.4980814639905549,0.68714847244259,0.7141075302345574,0.0200558349423073,0.6838145827436025,0.7305315391851223,0.737420387546691,0.6985299565978047,0.7202411850995666,0.7697879552699682,0.0240877922242208,0.7780312717972564,0.7690412850172208,0.8055962026683953,0.7306324887284408,0.7656385281385281,6.6,4.31740662898458,4,5,15,6,3
325,0.3958823867607862,0.0983439111552832,0.2723094953689724,0.4988610008731484,0.5171286771073937,0.3824121332727372,0.308700627181679,0.8996775315474006,0.0549756405461194,0.9668120225714376,0.8413528179239972,0.8303019964801692,0.9132912352924863,0.9466295854689124,0.8215441325110107,0.0639365264518519,0.913437943198741,0.7564245084041868,0.7538544257656018,0.8078300994542561,0.8761736857322675,0.8310102304708537,0.0561329692989299,0.887000639244012,0.7825190587598678,0.745849932338903,0.8702500420331304,0.8694314799783552,0.8222712403331652,0.0572358518149183,0.8979350333601123,0.7665121047350388,0.7494672361806026,0.8281535922301999,0.8692882351598727,0.883848905415349,0.0389846493878822,0.923530850878334,0.8471134319240665,0.827138733782987,0.90812774122807,0.9133337692632872,0.6084476655179804,0.016303919242965,0.6190906817262823,0.6288588859818198,0.6058900193734602,0.5802956331859935,0.6081031073223461,0.7681567522524875,0.0098965324672565,0.7723701304363773,0.7644912467397428,0.7742960545099584,0.7789281940393238,0.7506981355370347,0.7673402351654961,0.0420327825623184,0.7829076824292137,0.8287907725073501,0.7154877653540755,0.7246748423887461,0.7848401131480954,0.655434558014772,0.0695754028657046,0.615455622808564,0.57817961895502,0.7511192906914832,0.7264141607056046,0.6060040969131879,0.7037247148061319,0.0069871539410786,0.6962324437964574,0.695160084665994,0.7098758349210855,0.7124002427648128,0.7049549678823098,0.7623238564864503,0.0337146711536643,0.7288010274430202,0.7231263221605125,0.8064752100637268,0.7948529812433556,0.7583637415216363,0.6105574385686354,0.0209347507059274,0.6515803445469249,0.6049405498938127,0.6035762808539651,0.5928688184781508,0.5998211990703236,0.7708507210361694,0.0300333620744248,0.7232650470942495,0.8161692504436199,0.7704147109799464,0.7818977892465525,0.7625068074164788,0.7881279237845764,0.0560384953577227,0.8351370851370852,0.8652601680269665,0.7292250771556991,0.7866914947797301,0.7243257938234015,0.594836513753626,0.0911628670418539,0.4759463575640046,0.5046963137872229,0.6882533019565105,0.6085792994883904,0.6967072959720019,0.7074287181182477,0.0040340268685951,0.7012026070994778,0.7092101180990933,0.7117612638537572,0.71069819278531,0.7042714087536001,0.7557729993276777,0.0163564879052244,0.7497284105880944,0.7305138812192102,0.7811846726034368,0.7586857457206458,0.758752286507001,11.0,5.440588203494177,18,6,4,11,16
350,0.3581858505960554,0.0785772598050493,0.4002391286194324,0.4334966810420155,0.2175707633141428,0.3286481122486293,0.4109745677560568,0.9240081807955016,0.035138698957239,0.907793825186133,0.8819231006061674,0.9817367587459256,0.9443788016299512,0.9042084178093313,0.8403139330123762,0.0515404809583765,0.8008482706850589,0.8076283209070156,0.92455993632154,0.8760139507591427,0.792519186389124,0.8537460359020926,0.0401797226079409,0.8454073270479522,0.7952968191938781,0.9208050241972942,0.8602911069193966,0.8469299021519419,0.8421802360271886,0.0438872762897365,0.8155009649826329,0.803654912619088,0.9177515488985174,0.865890849364116,0.808102904271589,0.8995033822895706,0.0257124696467441,0.8854915129428965,0.8668191653655082,0.9434599200807324,0.908123507576874,0.893622805481842,0.5967073976993561,0.0093752715643693,0.5857946655967019,0.6128219257701527,0.6008036028255116,0.5914636118845507,0.5926531824198636,0.7670084621843468,0.0121233595419197,0.7809205851845874,0.7612033906193332,0.7464197455841841,0.7749583846968539,0.771540204836776,0.7327130421168222,0.0532189119980391,0.6922567265270615,0.6813962775192721,0.7797275659575125,0.6973034392820489,0.8128812012982158,0.7153655390954856,0.0771325129399648,0.8120906870906871,0.7514535152904138,0.6651691668402898,0.7551638423964628,0.5929504838595748,0.7133552461423602,0.0120914939069002,0.7277338537227043,0.6912259620913204,0.7184863716898194,0.7131138795991341,0.7162161636088231,0.7914459978673565,0.0343115899088682,0.8422789929368876,0.8013622740895467,0.748150589673369,0.8069810638590543,0.7584570687779244,0.5877894531596791,0.015799144006269,0.6092643629420887,0.5850206071680243,0.5607498206875541,0.589371610771526,0.5945408642292023,0.7750359687870272,0.0348336754428539,0.7172460114065925,0.8159472735899367,0.8058409432248882,0.7700212712495467,0.7661243444641717,0.7709352725588852,0.0474672773440826,0.7098060405835525,0.7662021743659735,0.8539791110006422,0.7471352177234529,0.7775538191208049,0.6681579071552334,0.0352562604109026,0.7077738438032555,0.7133280860553589,0.6416855426213716,0.628896103896104,0.6491059594000771,0.7278136063477686,0.0266938346734236,0.7193176871701201,0.7518150289241543,0.7657910854317151,0.696486731027428,0.7056574991854254,0.7882810958367683,0.0245164831155441,0.8201827998126899,0.8087985176104217,0.7909115359432913,0.7654711746957736,0.756041451121665,12.2,4.4,8,10,20,14,9
375,0.4745010240003466,0.0703781960483554,0.453079679980874,0.6115841045975685,0.4600848099216819,0.4334085378795862,0.4143479876220226,0.8521329455800879,0.0616421054733938,0.873773906398725,0.7314172251378428,0.8650661112457724,0.8888525375560973,0.9015549475620024,0.781279340962727,0.0479494533971776,0.796086369834782,0.6908306734580145,0.7872537802306278,0.7983212629584111,0.8339046183317997,0.7717079116757428,0.0539690597114475,0.7931815580253082,0.6652340867873957,0.785777893981019,0.8122717050106758,0.8020743145743147,0.7745485300991294,0.0490353813581927,0.7915718973494572,0.6786251636561647,0.7857422043847387,0.800855690226715,0.8159476948785717,0.8432777155776445,0.0417426450645884,0.8553775659486282,0.7610840251670844,0.8559242927807003,0.8720403596661336,0.8719623343256759,0.6262868615713987,0.0270407492433776,0.589903785423799,0.670143029906533,0.6253999742594633,0.6368941773067821,0.6090933409604159,0.7693699524776809,0.0140724439693862,0.7774956735916224,0.7791879837334382,0.7702270749897756,0.7419379287527683,0.7780011013208005,0.7631990052421042,0.0788811937570204,0.6779349372052722,0.8765710967582625,0.6701605435562655,0.7850839371561297,0.806244511534591,0.658651087474617,0.0954766573344102,0.7565046065046066,0.5314017755862676,0.7825343773873186,0.611760075931199,0.6110546019636929,0.7021114650682022,0.0110645604096286,0.6898964406850696,0.7018718015136993,0.6979327420357392,0.6980374215936526,0.7228189195128502,0.7619374341488232,0.0410933256348749,0.803336035622132,0.7114521841794569,0.8114205559597696,0.7203360958708553,0.7631422991119023,0.6277143077416854,0.0247501282680726,0.6096010181036863,0.6655617518858477,0.6267073479565707,0.6420778686350043,0.594623552127318,0.7651918523741923,0.0375173698478893,0.717087312210856,0.8238873444185434,0.778209289645136,0.7330108825555015,0.7737644330409247,0.7698308080763937,0.0841285351239946,0.7121305847262784,0.8923417546441264,0.6473964007815682,0.8127737458619813,0.7845115543680137,0.5991840675664205,0.1195698910745019,0.679698977493095,0.4433359569723206,0.7420359720493411,0.4704840613931523,0.6603653699241934,0.6948960308673537,0.0171380175399734,0.7077045779842006,0.7010552803758379,0.6874405845419482,0.665215890665326,0.7130638207694557,0.7589129976927855,0.041983017315122,0.8113884801754208,0.7141917341917341,0.801849365570165,0.7119933959437001,0.7551420125829076,6.0,1.6733200530681511,6,3,6,7,8
400,0.3456488637253642,0.0528760062983987,0.3186483844183385,0.4251956092193723,0.3913080277852714,0.2993512405082583,0.2937410566955805,0.9321871964126034,0.0237315695416762,0.9422444919501298,0.8991940073517267,0.9087517576124564,0.9544066265427256,0.9563390986059784,0.8486846587269445,0.0352405305799017,0.8426860444934884,0.7941177910384735,0.8339891458212186,0.877716267115854,0.8949140451656877,0.8561870697242215,0.0277172228997892,0.8739997946025425,0.8211591844634124,0.8267014600896181,0.866554886086136,0.8925200233793986,0.8489986742338111,0.0313021291443052,0.8530150571261642,0.8001588655547702,0.8320531946572263,0.8675784512081889,0.8921878026227059,0.902194176312696,0.0201100899015386,0.9103517954729738,0.8723104674984029,0.8889137218882769,0.908005651173946,0.931389245529881,0.5923748124729503,0.0061044216044508,0.5967761657454751,0.6019840023734353,0.5887521613727916,0.5891216939145868,0.5852400389584628,0.778039230770995,0.0091033209079151,0.7877005941665209,0.7611558009911955,0.7774246053448927,0.7803962502700805,0.783518903082285,0.7365727308378955,0.0062412019268832,0.7459117835912094,0.7336266600304033,0.726992711685225,0.7371636533401239,0.7391688455425162,0.7191602856442428,0.0114096093360874,0.7015368618309795,0.7358595504317429,0.7144011736926177,0.7253669236289557,0.7186369186369187,0.716521488665278,0.0082489051961739,0.7069820594045799,0.7154485860286549,0.7092744605372189,0.721204254089539,0.7296980832663976,0.7874456716769337,0.0127515079285149,0.7739102077520316,0.7912094411827031,0.7739484930274404,0.7900596877869606,0.8081005286355328,0.5913999183611437,0.0310944200473893,0.6409692439165983,0.5579230975021016,0.5583753043955023,0.5965099388902838,0.6032220071012323,0.7893885920991798,0.0280270651099162,0.7409509228430111,0.8254895177318743,0.8054564565980975,0.7849774121080938,0.7900686512148216,0.7490806204724326,0.0515100625562502,0.7497309216567589,0.8196409321903393,0.7122353749387244,0.7881970970206263,0.6755987765557143,0.6914335070752184,0.0617158076317314,0.6584422930011165,0.6777220254492983,0.7438489318168464,0.6019628099173554,0.7751914751914754,0.72832736720815,0.022148523525003,0.726408257908211,0.767985715583378,0.7318565188290869,0.7101754036018607,0.7052109401182126,0.8033222377279268,0.0247282218225837,0.8086101287474285,0.7991065752429388,0.8355895410215702,0.7600559483774219,0.813248995250274,12.0,3.1622776601683795,12,9,8,15,16
425,0.3495311314763967,0.1596251156553989,0.3234638352878392,0.5237233899533749,0.0566463701252359,0.4141890574246645,0.4296330045908689,0.9133097833683465,0.0567103947638857,0.94007808544759,0.826604645482173,0.9998647186147186,0.9000395597038043,0.899961907593446,0.8521212793078246,0.0769317330112279,0.8692612802653481,0.7627683304182918,0.9900890210333144,0.8115697569810464,0.8269180078411218,0.851667085467637,0.0830021800481427,0.8681796502109003,0.7339051114326849,0.9896504103535354,0.8505073051948053,0.8160929501462593,0.8497131835904443,0.0790603363282644,0.8659359997901155,0.7503791733008918,0.9893380419856048,0.8253461025586843,0.8175666003169259,0.9004756809221892,0.0560231443748077,0.9118157854250152,0.8205814782053171,0.9936354750233426,0.8981681958607267,0.8781774700965436,0.6102557361125945,0.0140964240299295,0.6077803264964711,0.6358607736500826,0.6104664531621066,0.5931371694261377,0.6040339578281749,0.7771406992457521,0.0111900145714413,0.785420680921402,0.7805182627458698,0.7575659792153776,0.7729873939934101,0.7892111793527008,0.8004611038015448,0.0474724538425312,0.744476635804387,0.837212653656504,0.7818841586221265,0.7658714725559644,0.8728605983687422,0.6361774203218055,0.0713062028496673,0.7011941489882667,0.583089103409959,0.6740340764404936,0.699899009190453,0.5226707635798545,0.7167126775122191,0.0109767369520439,0.7092254697690767,0.6990827891607875,0.7288754114122326,0.7245559994592017,0.7218237177597971,0.7596895301681494,0.0190994612871594,0.7777559526504081,0.7317299040828452,0.766497864573192,0.7794624223698245,0.7430015071644775,0.6088714610446583,0.0099982208326893,0.6282427419315685,0.6088005737824873,0.6029516404325311,0.6022377772764727,0.6021245718002319,0.7792762280346613,0.0318647379658343,0.7432178732402387,0.8357204327712641,0.7896078661288519,0.7663801703532652,0.7614547976796868,0.810195637835544,0.0376693194952941,0.7808577746017936,0.8592913893309152,0.7759932372252947,0.7817131398013752,0.8531226482183419,0.6160591502971181,0.0514560136688251,0.6876535229476405,0.5525678866587957,0.6642750743018122,0.5971467926013381,0.5786524749760044,0.7288524976377035,0.017237119348294,0.7531558468238313,0.7323076925070716,0.7398369691213845,0.707048807352525,0.7119131723837061,0.7706353830599264,0.03576435187349,0.8277328271065957,0.7471223990603058,0.795107651102585,0.7538193498743372,0.7293946881558085,15.2,15.025311976794358,11,5,45,7,8
450,0.2979921939899214,0.1038393306949561,0.3985333791933954,0.1032432183274068,0.3027955777943134,0.3731713811866939,0.3122174134477973,0.9431789869614718,0.0306723883907892,0.9093504159984483,0.9974078585411246,0.9418170983202172,0.91889920822353,0.9484203537240384,0.8845981184465945,0.050722383171363,0.8401902183321495,0.9735838458228648,0.892182418298347,0.8306305514615643,0.8864035583180467,0.86697120842801,0.0582022589661951,0.8112502616868427,0.9797918967266394,0.8497946421429877,0.8494813346375847,0.8445379069459951,0.8765854383037865,0.0531946456476516,0.8261353455797875,0.9748018898771986,0.8860194812437153,0.8372213100649686,0.8587491647532626,0.9121541651752754,0.039499058385171,0.871761845394579,0.9841359226106712,0.921203702772975,0.8981713912204851,0.8854979638776665,0.623134842785922,0.0461138422361991,0.592792960730466,0.7106080109422858,0.6294684951955621,0.5896370248361067,0.5931677222251892,0.7690420360539133,0.0241896981596891,0.7793271506986149,0.7577052032934386,0.728179046239708,0.7815378648015681,0.798460915236237,0.8235868370647614,0.0564859894245477,0.7317984182218631,0.8280017516648533,0.8755757537174649,0.7955634457639804,0.8869948159556451,0.6023310616893505,0.0749557688870307,0.6811188811188811,0.621799546264787,0.4985268074171817,0.6782985508252888,0.5319115228206138,0.712930704387226,0.0196144056161542,0.6858671410332409,0.7259553181847935,0.6923681255744345,0.7304493931107007,0.7300135440329609,0.7466771364763876,0.0261321204515486,0.7619464466952505,0.7479693889772941,0.6988838697534349,0.7765707830181515,0.7480151939378068,0.6017999985001304,0.0130111442665161,0.6272349222139879,0.6007226813923229,0.5939967388456519,0.5930541266094554,0.593991523439234,0.7780738461536723,0.0303290290957383,0.7206467634726513,0.8100358453208808,0.7921515207329572,0.786665252361275,0.7808698488805969,0.8248995556112139,0.0575639972517951,0.7257198782079164,0.8799874806791803,0.884677309665348,0.8174900263135558,0.8166230831900688,0.5698285478633073,0.0515313983254728,0.6495707723648899,0.5189246359700905,0.5413431710891604,0.6115800865800867,0.5277240733123086,0.7189747256292841,0.0244901621118237,0.7092867107155603,0.733329449069166,0.7446596225424098,0.7318934114928514,0.675704434326433,0.7527338299481902,0.0353885005867793,0.800955150800352,0.742061693247464,0.751247634742251,0.7745147783820552,0.6948898925688289,18.6,14.568459081179451,7,47,16,9,14
475,0.287162647023797,0.0647074073060211,0.1702423519454896,0.3240642356686294,0.2669167355634272,0.322018071077764,0.3525718408636749,0.94934962451728,0.018945242423525,0.9775745545722992,0.9426999436464312,0.964987710048495,0.927846384984188,0.933639529334988,0.8807635751637404,0.0349599830308657,0.9442136578521648,0.877531605703182,0.8847139394492041,0.8483319773327472,0.8490266954814043,0.8755642233583412,0.0304911201675179,0.9289762627078804,0.8540075529046118,0.8862779811079444,0.8418266246621027,0.8667326954091661,0.8801640433828106,0.0361885505499805,0.9495794638151231,0.8659699950597272,0.87996397106785,0.8553341217909265,0.8499726651804261,0.9237936119003284,0.0260179116580697,0.9746035438697008,0.9028915453741306,0.9186677397126416,0.915450139385898,0.9073550911592708,0.5962161671031605,0.0161392392236546,0.5758310231295499,0.6041022539138794,0.6204531734639948,0.5995207564397291,0.5811736285686493,0.7801796783068313,0.0159930105170455,0.808832211863761,0.7686347154219816,0.762339416655092,0.7788017867270877,0.7822902608662347,0.7862710467434889,0.0544062249884637,0.7520101044622575,0.7257500520869504,0.7932229089983099,0.8852233179773287,0.7751488501925977,0.6620419672425021,0.0719530942255801,0.7258875111816289,0.728820577817904,0.6611107252818483,0.530338912424474,0.6640521095066549,0.7208543485995966,0.0068370263929443,0.7250874521231646,0.7177251125178572,0.7226186868051127,0.7094506125210996,0.7293898790307488,0.7631162566676217,0.0256208023880929,0.7833729685968762,0.7819706437353496,0.7559453704190546,0.715882792505365,0.7784095080814631,0.5985653454607183,0.0518718797195029,0.6935738054188815,0.5585008832541379,0.5494429712945764,0.6096498478542675,0.5816592194817283,0.7874758704873713,0.0250508196096937,0.7489044578248872,0.8157200311628423,0.7960319901527156,0.8080776189608074,0.768645254335604,0.7964596946065148,0.0724056757909092,0.7291581571007408,0.7927862718928751,0.794496451183054,0.9304123164417284,0.7354452764141759,0.617205033528563,0.1223133588391404,0.6789414017355194,0.6668601600419783,0.6770045017371221,0.3730273514364424,0.6901917526917528,0.7177603743500237,0.0299881094339423,0.715804758002407,0.7520628641678012,0.7495499758780123,0.6745425669890597,0.6968417067128387,0.7803228852159348,0.0388456671242013,0.8094198878958235,0.8021574152372989,0.8064847545555826,0.7059613319764036,0.777591036414566,16.8,4.534313619501853,25,15,18,14,12
500,0.3434917569393292,0.0935790824099856,0.2198479177895933,0.3607741924934089,0.2685706604970619,0.4896032633259892,0.3786627505905926,0.93055772711756,0.0426095690192439,0.9800787306901896,0.9249626104249432,0.9646776496047544,0.857005860358904,0.9260637845090094,0.8714605518290337,0.0392191492948161,0.9164546548869702,0.8813978241251427,0.8972441121215665,0.8024216678378155,0.8597845001736739,0.8480663989809211,0.0628323594989335,0.9299021291208792,0.819989184120618,0.8964162573537574,0.7485181842259049,0.845506240083446,0.8588708576852809,0.0474845895801465,0.9176071740314992,0.852242398391402,0.8955693679683547,0.7791833020464868,0.8497520459886622,0.899453276642985,0.0382842922205703,0.9445781395193644,0.8826995383436987,0.9338577406640488,0.8375905766751607,0.8985403880126526,0.6147635378620842,0.0302465033943786,0.582758757201108,0.6139515909281644,0.6690589487552643,0.6176372603936628,0.5904111320322211,0.7641400834494125,0.0159547546539376,0.7700491423370855,0.7776088267607318,0.7328308871758069,0.7716872518635554,0.7685243091098829,0.7946418369908624,0.0262080333853864,0.7648867347431941,0.7757730089280893,0.7980293770400722,0.8413252077690582,0.7931948564738981,0.6369661250810984,0.024251205283784,0.6404710485592839,0.6661423246984745,0.6534012778665186,0.629739333750029,0.595076640531186,0.7123920523549203,0.0123713804551942,0.6961768919296584,0.7080389497252398,0.7154850342851681,0.7338008230819355,0.7084585627526,0.7529569780751085,0.0074269288494322,0.7416365905987352,0.7621100908185308,0.7550012454318675,0.7584810416361217,0.7475559218902873,0.5871286565607244,0.0325525343917234,0.6068445606665178,0.5297212411056865,0.583146414973519,0.627067891034213,0.5888631750236858,0.7856579262658527,0.0273259637180746,0.7567141447649871,0.8277607543721165,0.8079165255392652,0.7674487124395213,0.7684494942133733,0.8164859400991329,0.0308910627074072,0.8272835497835498,0.8229931929652924,0.8228347038394884,0.8509856973092268,0.7583325565981069,0.6038542992954758,0.0693072309039742,0.6228137059019412,0.6620621802439984,0.6375243740217003,0.4678325462416371,0.6290386900681019,0.7297353159919251,0.0329933979852398,0.7583961459598072,0.7546831609848378,0.756890184099397,0.6890206763008576,0.6896864126147255,0.7707525773752952,0.0366487056183309,0.8059317242472323,0.7925319976235308,0.801254315122381,0.7158708751126058,0.7381739747707271,13.2,4.955804677345546,20,13,17,6,10
525,0.2825175123289227,0.0768912814910749,0.1556276741903275,0.3336773058399558,0.3516905163414776,0.2308570279274135,0.3407350373454392,0.9562779421534116,0.023663706177513,0.9920873414121016,0.9409049464149332,0.9323598498174984,0.976768141984061,0.939269431138464,0.889994685106504,0.038527212154226,0.9531766695786078,0.864117093750856,0.8559767076638777,0.9166135935421106,0.8600893609970685,0.883216381437405,0.04511765930807,0.9607612650399996,0.8450862710936724,0.8493599921642684,0.9082688145188144,0.8526055643702702,0.8832452177900659,0.0413795151752901,0.9526273167085858,0.8510936083033765,0.8515072819971566,0.9095793389790016,0.8514185429622095,0.9207109384757476,0.028716324674668,0.969807765360929,0.8959597687260712,0.8996198302170358,0.937109850657897,0.901057477416804,0.6080070273442701,0.0154102732235491,0.6351221366362139,0.5990890806371515,0.6085490828210657,0.6085558533668518,0.588718983260068,0.7804241096657144,0.017107539302012,0.7799154860671976,0.7762449685452694,0.7643106605589896,0.7688062346150581,0.812843198542057,0.8251305364578899,0.0228557438671145,0.8031851322521177,0.7935314759512622,0.8513557075722851,0.8447438479524042,0.8328365185613807,0.6358296931826345,0.0361676321879186,0.6849905813141107,0.6728713799569415,0.6146121258420724,0.5935930157186842,0.6130813630813632,0.7281146066285017,0.0090198791284276,0.7356302214220818,0.7174460368896424,0.7248526347868413,0.7211911236613855,0.7414530163825579,0.7597486905017528,0.0148017040955165,0.771115714663421,0.7695221341344335,0.7471233498027755,0.737119003241325,0.7738632506668093,0.6220293288881129,0.0674787536004399,0.7525008131157268,0.5620143738659945,0.588250376961448,0.6165098222819242,0.5908712582154707,0.7853527230608102,0.0294047863760287,0.7391237804282049,0.8291799549724669,0.779527800479417,0.7994032788735328,0.7795288005504285,0.8218539330490346,0.0428337573511088,0.7874170274170275,0.8416304448477199,0.8058012110165221,0.8958078686019864,0.7786131133619172,0.608212754268904,0.0545468480486003,0.592635550723786,0.6546848353666536,0.6187568670188991,0.5116489571035026,0.6633375611316787,0.7306634777938685,0.015374689454337,0.7221211808344069,0.7586938519198703,0.7345926767586479,0.7230542087582674,0.7148554706981503,0.7662118445489245,0.0181254959286565,0.7828921291836892,0.7908124392808187,0.7515403897814966,0.7431612476589987,0.7626530168396197,17.8,5.035871324805669,26,15,12,21,15
550,0.2687610963359475,0.0791513058105613,0.3003407944925129,0.2676433543674648,0.2970072622410953,0.1214982746168971,0.3573157959617674,0.962582132152986,0.0201240627674687,0.9560093279511844,0.9664318832543402,0.9564962470295127,0.9977358327892868,0.936237369740606,0.9000502602842442,0.0350221718334085,0.8796692554960406,0.906161302607283,0.8875803640876014,0.9642484498323316,0.8625919293979641,0.8977097848938987,0.0408124294101574,0.8985301157176158,0.8741595363378452,0.8843344691460501,0.9746788331637404,0.8568459701042422,0.8931719190796044,0.0379321521524541,0.8814455489150188,0.8853538788666194,0.8813590608599974,0.9652616717783876,0.8524394349779978,0.9265827642039932,0.0278347490769222,0.9254811860449922,0.9078578768528944,0.9223810095600544,0.9786948728354978,0.8984988757265265,0.6116026347333735,0.0272982707670584,0.5906236686489799,0.6646007272330198,0.593388936736367,0.6097013896161859,0.5996984514323148,0.7579628014388404,0.0025101094302624,0.7571840696293183,0.7541434566250743,0.7587940074445755,0.7619106819725137,0.7577817915227207,0.7632087393082695,0.0587573523059028,0.7410886893542397,0.8677903943946726,0.7801476375674237,0.7309491978609626,0.6960677773640488,0.6510305737043705,0.0608708855072691,0.6903010388304506,0.5556592471699424,0.6184211287820914,0.7334010463689609,0.6573704073704074,0.701833568945617,0.0166620260432376,0.7031912826313205,0.7063400557256752,0.6948950304486088,0.7280343633111329,0.6767071126113477,0.7547962849813094,0.0238179766380331,0.7651539641078489,0.7224381898294943,0.7328464878774477,0.7876007037806926,0.7659420793110633,0.5955784759738229,0.0271978340684317,0.635851426558061,0.5920044346289202,0.5514384453946893,0.6059284833344546,0.592669589952989,0.7784127859619929,0.0332684076888904,0.7216694386708409,0.8145201952052831,0.808456961747403,0.7793421526668518,0.7680751815195859,0.796253580358709,0.0852271951442737,0.7605621319138064,0.9177400059317056,0.8294447896601007,0.8145583991172227,0.6589625751707091,0.6339162041167389,0.0952678878637121,0.6487049714990891,0.4919618260527351,0.6853399051928464,0.573051948051948,0.7705223697870757,0.7282109871088647,0.0267890157621582,0.728102993601082,0.7347232164104395,0.7742542660226234,0.7070112521387105,0.6969632073714681,0.7828691809256705,0.0307965270154633,0.805985171363021,0.739468976274784,0.8157371847693254,0.7524451286641842,0.8007094435570372,20.4,7.391887445030531,16,22,17,34,13
575,0.3478338353335857,0.059387915162968,0.3511998821049928,0.4096366679295897,0.3090910329483449,0.4119303319603205,0.2573112617246806,0.9338072363789578,0.0251457793982564,0.942024957990207,0.9087301078186636,0.945096342587662,0.9025174712080806,0.9706673022901756,0.8719771439991189,0.0240209739076021,0.87638548993422,0.8494662144864266,0.8833299707459462,0.8421315905076233,0.9085724543213772,0.8421575682283404,0.0429118907437283,0.8459453970253603,0.786821175148381,0.8770121677750355,0.8016348235098236,0.8993742776831012,0.8560023253303457,0.0318140694220759,0.8599498301103637,0.8183468492579711,0.8781806052929607,0.8225956609365133,0.90093868105392,0.8964921792645704,0.0275103224676517,0.8978642084824362,0.8624725477333814,0.918628484771882,0.8695018068596276,0.933993848475525,0.6147448008710688,0.0130620635321263,0.6308555223725059,0.6024151308970018,0.6287620880387046,0.612427296963605,0.5992639660835266,0.750553036485569,0.0214898891032287,0.7660075767084809,0.7617243023242356,0.7079881005432477,0.7603439981364448,0.7567012047154364,0.7878859047953138,0.0469771487536006,0.814893121232834,0.8194355703713992,0.8363334452238196,0.7592569121312436,0.7095104750172727,0.6183356735362084,0.0362706388328628,0.6066286654521948,0.5982903905363799,0.5673432182790472,0.6624785864759127,0.656937506937507,0.7001988198285661,0.007213297249934,0.7042037275188007,0.7037946509522371,0.6984831144985104,0.7075258830359302,0.6869867231373523,0.7416913896095053,0.0180770527116171,0.7339000039670937,0.7281718104152606,0.7208850492941402,0.7568096310919278,0.7686904532791045,0.6131387499245731,0.0278744159524401,0.6633948575366627,0.5888964154503562,0.597295650027015,0.6233639175241644,0.5927429090846669,0.7556115529133958,0.0368916840119374,0.6937833235067653,0.790309992162214,0.7966178942697465,0.7481881276959819,0.7491584269322712,0.8082210332500596,0.064076228702513,0.831984126984127,0.8812659301353792,0.8502745154898265,0.7789077752313045,0.6986728184096604,0.5617450983360075,0.0907166909763015,0.5010712326888798,0.4697937163846254,0.5343751391211284,0.5740800865800867,0.7294053169053168,0.7050454708419742,0.0131864106008522,0.7161219327713123,0.6869196391455407,0.7208207564360621,0.6925818061683576,0.7087832196885985,0.7522172059611181,0.0200742153431227,0.7586839423203059,0.7293668142618667,0.7358357273141473,0.7506306093262616,0.7865689365830092,15.4,3.2,14,14,18,11,20
600,0.375191524811089,0.0619650416845796,0.3597293328493833,0.3783068666234612,0.4469582261517644,0.267913150601089,0.4230500478297472,0.9194794150153666,0.0272472081177282,0.930620777414167,0.9177274962723894,0.887401164267669,0.9647240207805552,0.8969236163420523,0.8411360397755354,0.0312858924102001,0.8454343841082679,0.8414805102207829,0.8201385641607556,0.8956858267165634,0.8029409136713072,0.8429401396838025,0.0364762794815792,0.852136133694522,0.8421876224265928,0.7937837336274837,0.9040540495044171,0.8225391591659974,0.8375424450040144,0.0316159744532877,0.843455633432001,0.838905919695323,0.8071301043096951,0.8925181407278054,0.8057024268552475,0.8908107012787994,0.0231866022942637,0.8946984359970526,0.8881739035955725,0.8602100279471057,0.930970081663048,0.8800010571912178,0.6189164410937915,0.0161416592201875,0.6167948056351055,0.6178604364395142,0.6277696327729658,0.5915565897117961,0.6406007409095764,0.740507261001403,0.0146076715816517,0.7411315504992945,0.7325129156345734,0.7476135314663055,0.7624575768668348,0.7188207305400064,0.7211098092684382,0.0414870215495249,0.7875841463162037,0.7217489061740399,0.6572287041538378,0.7124014206233459,0.7265858690747639,0.6506346876534043,0.0666679638701521,0.5907041487923841,0.6889193694006528,0.7238072088339468,0.6972729587702851,0.5524697524697525,0.6835971047059672,0.0186011326132281,0.6815273987946247,0.7018359706243429,0.6765576969609142,0.7045453752874361,0.6535190818625185,0.7417023009717609,0.0170452293341293,0.7150633913505767,0.7472368025069968,0.7577445578782478,0.7591039903396882,0.7293627627832951,0.6244634525342421,0.0161809787104033,0.6558602398092096,0.6101314615119587,0.6223805980248884,0.6178057193756104,0.6161392439495433,0.7460836790938739,0.0296750064985059,0.6908528091044249,0.7773049222608553,0.7477474120873185,0.7493390021297777,0.7651742498869928,0.7382690113837643,0.0585279953633785,0.789786829332284,0.8015549967741319,0.6459370015948965,0.7561083524318818,0.6979578767856279,0.6268070343204034,0.0740904304204553,0.5121322305145835,0.6298110979929162,0.7123857648590269,0.5823051948051948,0.6974008834302952,0.6927226874903372,0.0196948630892978,0.6898245859664219,0.7290899809991408,0.6710899598300863,0.6808700943238433,0.6927388163321935,0.7560621138930468,0.0122450393667277,0.7391138659320476,0.77016623234761,0.7690242805710139,0.7462950927559832,0.7557110978585789,14.8,4.354308211415448,14,17,10,22,11
625,0.3660549187101424,0.0506818552842042,0.3183659906499088,0.3426216361112892,0.3604549365118146,0.4637683210894465,0.3450637091882527,0.924861152689957,0.0310283631910283,0.9493033835315476,0.941230581708391,0.9275230211611024,0.8644180816730945,0.9418306953756488,0.8427861695606577,0.0240172665773898,0.8513340376196246,0.8480818975794328,0.8523073591259606,0.7963228550231027,0.8658846984551675,0.8500778918793624,0.0321700058931389,0.8894911945693195,0.8618669142336423,0.8482223072066823,0.7917803984210235,0.859028644966145,0.8411504482312022,0.0259084326995834,0.8624138529278,0.8493983434815047,0.8445293536695103,0.790913523582011,0.8584971674951849,0.8965579540641059,0.0195526851362176,0.9214420454685064,0.902620626599922,0.8931631698732125,0.8619915442426883,0.9035723841362004,0.633979399095882,0.0113620332102846,0.6220600279894742,0.634390115737915,0.651855392889543,0.6398349837823347,0.6217564750801433,0.7329840910203284,0.0138850340546737,0.719094697149334,0.7390625,0.7157897370380658,0.7534186341547638,0.7375548867594781,0.7833997069587018,0.0373590850215029,0.7318385495418988,0.8289859056570287,0.7875386793835992,0.7509782700959171,0.8176571301150652,0.5878250804454013,0.0476409071685526,0.6318185899068252,0.5641601268606616,0.5875769729379354,0.6435539505058222,0.512015762015762,0.6880615314781497,0.007199310848085,0.6750090701110749,0.6938909256041605,0.6918967113157065,0.6939000080188128,0.6856109423409935,0.7292157916239619,0.0184949172910898,0.7202396690153514,0.7141612985632123,0.7187551350828864,0.7651543679072627,0.7277684875510964,0.6344626166603782,0.0206369327811067,0.6632518118078058,0.6143696037205783,0.6399055611003529,0.6469798467376016,0.6078062599355524,0.7359659511814161,0.0383741221377134,0.677650979739494,0.7985676804183766,0.7352317162170631,0.7299232778510855,0.7384561016810611,0.7878112624427068,0.0638077776920075,0.7399631309679155,0.9136077745267468,0.7687027831286205,0.7669573890162126,0.7498252345740384,0.5379045657254213,0.0494691997706227,0.5136574210103622,0.4790715597533779,0.5423583323984393,0.5268398268398268,0.6275956886251004,0.6810786889100358,0.0173025763519168,0.6626947767400356,0.7056183332303613,0.6741773098170498,0.6655011778400385,0.697401846922694,0.7283773878342705,0.0086459478092444,0.7300361313653817,0.7346286580611523,0.7121258893009649,0.7284842115869783,0.7366120488568758,16.6,3.4409301068170506,18,20,17,10,18
650,0.3176040174905211,0.1065681606893887,0.2584079159423709,0.3441477003507316,0.3599947961047292,0.1534697709139436,0.47199990414083,0.9383879237714504,0.0469199815012234,0.9731857936124736,0.9393825493652948,0.9258937245649036,0.9951786469950086,0.858298904319572,0.866096974733425,0.0496229352674999,0.8875318101245423,0.8550162350712769,0.8397277003535101,0.9479502205262,0.8002589075915947,0.8773480874721684,0.0631646209018076,0.9182074742047168,0.8717168299429329,0.8643809315684315,0.960641441891442,0.7717937597533189,0.8649072950604857,0.0550059458255923,0.8938230277389496,0.8573286666601474,0.8406492132858928,0.948957112992116,0.7837784546253225,0.912333895269761,0.041423433999057,0.9394878510614773,0.9084339584617735,0.9001295653719328,0.968521950984471,0.8450961504691505,0.6306081024083223,0.0170059004780279,0.644207550720735,0.6291726231575012,0.6337847547097639,0.5991550331765955,0.6467205502770164,0.7280479136531948,0.0257453846691528,0.720272646092376,0.7418306019032957,0.7047438973867783,0.7711276185749782,0.7022648043085457,0.7513197201203357,0.0665236362573064,0.7973440833488681,0.6514566983818321,0.6956973285181841,0.8278607310692874,0.7842397592835066,0.6079282600940356,0.0841614105207225,0.574785508609038,0.7418075908049171,0.6078237493344446,0.6328790193763456,0.4823454323454323,0.6846180354805138,0.0304195144441814,0.6877210196306343,0.6876321524558362,0.6526652238312664,0.7378676198269396,0.6572041616578929,0.7293830471327564,0.0217871140696382,0.7116060539048155,0.7612665632050658,0.7068704159929884,0.7493763153842206,0.7177958871766921,0.6402671922336924,0.0336690462020689,0.7042534947395325,0.6121686913750388,0.6180290037935431,0.6433559547771107,0.6235288164832375,0.7229177141772036,0.0321341806371924,0.6622085837316992,0.7584059819430228,0.7295796872858511,0.7313563019904931,0.7330380159349517,0.754318113666784,0.0381431395387338,0.7975104945559491,0.7119969876799683,0.7378811180844674,0.8022663610898904,0.7219356069236451,0.5603879468719041,0.0878487206013385,0.4360345536816125,0.6639593991866719,0.6444221776441027,0.4879329004329004,0.5695907034142329,0.6767764654667856,0.0182564576243476,0.6564318851697475,0.6949601403616832,0.701989801603758,0.6684536579920662,0.662046842206673,0.7301034211988517,0.0333620994495824,0.7118282466056545,0.7729223726831382,0.7639321377718507,0.7174949868105682,0.6843393621230477,21.8,8.084553172563094,24,21,19,35,10
675,0.4198815718758851,0.1840486591657288,0.2112060408107936,0.4678692389279604,0.5730865225195885,0.1999921973329037,0.6472538597881794,0.8529376967596057,0.1242312799387352,0.9843470816845652,0.8483233163772069,0.7722338854446766,0.9916048569339962,0.6681793433575833,0.7941875264161131,0.118604677995317,0.920154150306888,0.7609186974130313,0.6999264559596117,0.944090878875696,0.6458474495253397,0.7830287844572869,0.141002244696463,0.9275541376837818,0.7692201716788114,0.6834944569319572,0.9517425640127846,0.5831325919790994,0.7919985555184554,0.1234442546570981,0.9193750850943712,0.774243720240365,0.6943109008885824,0.9442059916787906,0.6278570796901677,0.8563352156335629,0.0924985773858811,0.948387736274733,0.8532333018933252,0.787491953422292,0.9674324786125876,0.7251306079648767,0.6497904940084978,0.0095495905715963,0.6414540626785972,0.6458367705345154,0.6561261686411771,0.6402582038532604,0.6652772643349387,0.696831369159821,0.0261932202396201,0.7115984283584728,0.7176185798010664,0.6689866640526734,0.7244027182153853,0.6615504553715067,0.6958698699960217,0.0903018695332527,0.6915511057257469,0.826988081734071,0.6352901628971147,0.7568319752143281,0.5686880244088482,0.6183367835373184,0.0510068349494022,0.6500173845762082,0.5241550339143922,0.6488231242910387,0.605251811468389,0.6634365634365634,0.6578348471434727,0.0368768256627944,0.6735051843788319,0.6821391165201769,0.6361591394881662,0.7002895797724696,0.5970812155577192,0.7209962309398119,0.0151774482049566,0.7243877854171971,0.7009496034095577,0.7062315436541443,0.7330449574349096,0.7403672647832512,0.671560782735998,0.0313362610452365,0.7281305898319591,0.6377037492665377,0.6572408188473094,0.6800742853771556,0.654654470357028,0.6852561577617708,0.0375932961974121,0.654456781515737,0.7395630256609173,0.6342866530409189,0.6891517531599417,0.7088225754313392,0.6995703082009448,0.121690283432232,0.6800147752300861,0.8647570298930447,0.6556239600378356,0.788857057974705,0.5085987178690528,0.5442739509450739,0.1140843200510579,0.4581599772776243,0.4369260789715335,0.548303345495859,0.5202922077922078,0.7576881451881451,0.6330738233424014,0.0330590891751289,0.6021481888180041,0.6668555890340914,0.61412870371461,0.6790562207099385,0.603180414435363,0.7078737433995956,0.0199920646847338,0.6882821010785437,0.706621055863253,0.6859726948630692,0.7187637811458466,0.7397290840472658,18.2,12.089665007765932,29,16,7,35,4
700,0.5219710970297455,0.0308643507661529,0.4794266112148762,0.5626565059646964,0.5451371930539608,0.5276583712548018,0.4949768036603927,0.8193317118476802,0.0272559920671182,0.8585624924662647,0.7878676349077245,0.7905057128748103,0.8217152544053061,0.8380074645842958,0.7325949504934439,0.0233089587171435,0.75178260979455,0.6898885986290711,0.727747756847621,0.739751799842744,0.7538039873532328,0.7415499078074059,0.0349209816389044,0.8067065154756237,0.735323704073704,0.706873942030192,0.7420056965093729,0.7168396809481369,0.7339859404426671,0.0218876900735385,0.7694214842019879,0.7031158470565332,0.7215203578348397,0.7376934553550368,0.7381785577649375,0.8182581021685797,0.0182156910858215,0.8506648231154809,0.7972130847953215,0.8056140849980344,0.8205233518846136,0.817275166049448,0.6550410985946655,0.0135166525618183,0.6527052521705627,0.6648248704996976,0.6694307814944874,0.6305794444951144,0.6576651443134655,0.6865703456873293,0.0214999408920635,0.6937260023619702,0.674895572898581,0.6685219146198423,0.7256330734773249,0.6700751650789278,0.6834871429770413,0.0935600983249541,0.663881380448366,0.7365736239399342,0.5086577192860615,0.7519429397103194,0.7563800515005252,0.6318082274232006,0.0901515759140904,0.6577941666176961,0.6020389147394496,0.788124754033845,0.5943167349584462,0.5167665667665667,0.6578159792623853,0.0214525404036393,0.6486452964014515,0.67493071608502,0.6228706607788378,0.6843230019026392,0.6583102211439785,0.7307776723521899,0.0272300570541046,0.7173601974153253,0.7130272981531562,0.7850266028495693,0.7180203737980999,0.7204538895447987,0.6568838948553258,0.0142535823483317,0.6726035421544855,0.6440578563646837,0.6703744801607999,0.6606916243379767,0.6366919712586836,0.6631936415191114,0.0455543614706494,0.6169568344515006,0.7041787044348221,0.6042938206883728,0.6725595033123443,0.7179793447085173,0.6659551897364401,0.10152574982453,0.6211911493610057,0.7337558079885445,0.4855382257296133,0.7436274509803922,0.7456633146226448,0.5486815590826286,0.0902901170461641,0.4689540851305557,0.5482782369146005,0.703662692031676,0.4496753246753247,0.5728374566609861,0.6199101677601314,0.0425853058861058,0.567285243840669,0.6593528258080779,0.5779724359967727,0.6204095394547562,0.6745307937003818,0.6930089181295266,0.0172651435129803,0.6801185804742811,0.7214158390628979,0.6724963675815069,0.6890235628726677,0.7019902406562791,10.0,1.4142135623730951,12,9,8,10,11
725,0.4283906703814864,0.0384369288808378,0.3819530280306935,0.4264016076922416,0.4925425853580236,0.3983079483732581,0.4427481824532151,0.8893651617485142,0.0262628426875237,0.9232436520020734,0.8864493001318025,0.8475433066422462,0.9103575706034372,0.8792319793630116,0.7912851039244796,0.0244401650925277,0.8315524716079655,0.7805099343327382,0.7607429342957973,0.8043732864024017,0.7792468929834954,0.8122181657137153,0.0317814826720253,0.8230654812915843,0.842965936201956,0.7510356830669332,0.8169082219863469,0.8271155060217562,0.7966007043074923,0.0223108033993577,0.8237605118846895,0.7995897098187463,0.7559482383143157,0.8060048847036693,0.7977001768160413,0.8718491706414501,0.0204065178743347,0.8733017499839772,0.8863189840828676,0.8320512717148264,0.8828510510602229,0.8847227963653564,0.6511660272424871,0.0085869869703483,0.6462312828410756,0.6486152464693243,0.6617203300649469,0.6391025944189592,0.6601606824181296,0.6745697958971417,0.0184552613174545,0.6615068736225154,0.6699425439941817,0.6694206436017933,0.7107240580460834,0.6612548602211349,0.6747498200066758,0.0891417653310316,0.7733704094948114,0.722568600442932,0.5277009977544737,0.6198500474569992,0.7302590448841627,0.6169657526074638,0.1187774120936237,0.4877029832912185,0.578342824733199,0.7757659675440425,0.7378721323240041,0.5051448551448551,0.6443468669082233,0.0173258494783919,0.6240444551261143,0.65450635912835,0.6323840948446121,0.6726925346108895,0.63810689083115,0.7201956607550655,0.0370491779952254,0.669573277176252,0.69493735986871,0.7647175989879339,0.760254451430922,0.7114956163115098,0.6523252492601221,0.0196307971422185,0.6794550256295637,0.6482865674929186,0.6416118199175055,0.6683076186613603,0.6239652145992626,0.6730775514066376,0.0443534396113441,0.5968451551713748,0.6883620573783471,0.6839346746090167,0.6633470519750599,0.7328988178993896,0.6888708169640634,0.0581212311461567,0.7363941361668633,0.7553036593724805,0.596227759481348,0.6516743060860708,0.7047542237135537,0.5654280048531386,0.1126338338089167,0.3796874693933517,0.5133576019939657,0.710807619296924,0.6318181818181818,0.5914691517632694,0.6397602953789967,0.0245598463952385,0.5926021555087151,0.6516414730893055,0.6454491851181342,0.6450467752859993,0.6640618878928295,0.7155667675105689,0.0287394281386237,0.673816696059259,0.7108400371558266,0.756022059061744,0.737413701858782,0.6997413434172327,17.4,3.4985711369071804,19,22,12,19,15
750,0.5254427690058947,0.0331054007745117,0.5079747885465622,0.5528338979929686,0.5758325168862939,0.5010519120842218,0.4895207295194268,0.818716479760105,0.0344207066180184,0.837541404880954,0.7929634135110594,0.7646514667873934,0.8413638867252213,0.8570622268958971,0.7339991140532517,0.0206183386606886,0.7386316509082443,0.7029258250419622,0.7237153107026871,0.7657491970413146,0.7389735865720499,0.74478882921559,0.0423731593848825,0.7604163952340233,0.732828300682161,0.6679188229050361,0.780438230070583,0.7823423971861472,0.7343756966362524,0.0256721504936327,0.7396739606814255,0.7099761974806814,0.6999910910713663,0.7665601570904361,0.7556770768573519,0.8216878229484653,0.0257021743554919,0.8186281612425672,0.805581438175043,0.7840203278779613,0.8496769458880046,0.8505322415587508,0.6662651473825628,0.0125070236496983,0.6654607653617859,0.6748310273343866,0.6833086772398516,0.6464471004225991,0.6612781665541909,0.6649376166368619,0.0317687015158593,0.6597743417075231,0.6559657161762776,0.6351684880219306,0.7261905485334629,0.6475889887451152,0.7169623030860319,0.0953593110222531,0.7522437291576047,0.7686206025109769,0.5829466359546573,0.8465317807563797,0.6344687670505412,0.5678969203701824,0.0737736159885994,0.5370671811848282,0.4969129800680603,0.7015435099659699,0.5141951408662639,0.5897657897657896,0.645435456811627,0.0263265440816022,0.6308534756748583,0.6474471981706339,0.6322466993406363,0.6953490413972827,0.6212808694747234,0.7002538859690807,0.0176082305792756,0.6830242069279503,0.6771760154065981,0.7194250194250195,0.7027631682666007,0.7188810198192349,0.6648352861404419,0.0115694995109544,0.6724634658206593,0.6593681573867798,0.6709805889563127,0.6766339973969893,0.6447302211414684,0.649828230346657,0.0328827511675509,0.6341191204784912,0.6687818586980845,0.606142825778609,0.6378445334745467,0.7022528133035539,0.7143652565198655,0.0899676728638105,0.694758487126908,0.8002970046564559,0.5888240056063023,0.831117901706137,0.6568288835035246,0.485612598928107,0.0956974891355228,0.4754921549039196,0.4050570641479732,0.5363190063056374,0.3717532467532466,0.6394415225297579,0.6145856319133018,0.0266793031092788,0.6146439717155263,0.6171957272223628,0.5680707302847213,0.621893501947138,0.6511242283967603,0.6851320072239625,0.0147693806453047,0.7004091984203709,0.6822701898082628,0.6615482434818207,0.6799800466067333,0.7014523578026252,10.8,1.7204650534085253,11,10,8,12,13
775,0.5030705582350492,0.0849187629664518,0.4332351377233863,0.4794583907350898,0.50997403729707,0.430521928705275,0.6621632967144251,0.8195874956889565,0.0916948196168235,0.8817022638913917,0.8546060902555798,0.8398391193564569,0.8826640616503797,0.639125943290975,0.731253253642661,0.0695923256336471,0.8000525275336194,0.7333155587663261,0.7299071732634356,0.7888531015693151,0.6041379070806085,0.7558131747745718,0.082109589133027,0.8133919899544901,0.7818171335404793,0.774597060925186,0.8144617535242535,0.5947979359284505,0.7390865298447302,0.0729771773387072,0.8045978170933231,0.7475845345149262,0.7471682678954493,0.7950709435692035,0.6010110861507487,0.8270112002302467,0.0604289606632686,0.8681624329031766,0.8372792620337608,0.8406090478954741,0.8786481089644791,0.7103571493543436,0.659756606275385,0.0138732157344361,0.6487339355728843,0.6540019349618391,0.6594015414064581,0.6501454981890592,0.6865001212466847,0.6742784738506377,0.0208736680187264,0.6822805303620371,0.6734932824713907,0.6683650388530068,0.7058609213313425,0.6413925962354112,0.7256038258423566,0.143722448770044,0.6800329853559518,0.685950220308509,0.5259231929686475,0.7701436635260166,0.9659690670526584,0.5165833141902659,0.2101694737138496,0.5818683767213179,0.6002830057642892,0.7042395883973424,0.5908630807694979,0.1056625192988829,0.6166922796442947,0.053416460933358,0.6296523444845392,0.6427589204501896,0.6037564177980407,0.6839944023952547,0.5232993130934495,0.6809977538618809,0.0300510882943763,0.6850335313746515,0.6954319424204028,0.6909564291917233,0.710300310339163,0.6232665559834637,0.6710297286510468,0.011005007867273,0.675367685881528,0.6507955058054491,0.6684529835527594,0.6801184740933505,0.6804139939221469,0.6402493745336975,0.0341236333970765,0.6048054612127416,0.6569059663630693,0.6258025228750671,0.6148698417038992,0.6988630805137102,0.7210466027274297,0.1202607534448925,0.7007700380427652,0.6695863709000189,0.5757801010791441,0.7186285120108651,0.9404679916043552,0.4376275640580453,0.1727862542397112,0.4472167538344008,0.5676866063229699,0.6231243578168713,0.4250541125541126,0.1250559897618721,0.587062576905283,0.0430647078761408,0.6068259565174221,0.629203588457001,0.605447546898318,0.5890201018204654,0.5048156908332082,0.6714113533800729,0.0444817659624263,0.6878548123130166,0.7115308577340663,0.7019464789518266,0.6684069948496826,0.5873176230517722,14.4,5.607138307550474,19,18,13,18,4
800,0.5438424607738852,0.0890530233240207,0.6508819218724966,0.4779565734788775,0.6547193489968777,0.4665056010708213,0.4691488584503531,0.7831994806979582,0.1010845624238118,0.6635995382628255,0.8622022353647001,0.6554317631496169,0.8722245570242513,0.8625393096883971,0.7079799526209583,0.0590999351294233,0.6347217651419301,0.7545965327340471,0.6367131601077537,0.7620410590992518,0.7518272460218086,0.7156098257070587,0.0977050302167685,0.6042415377772383,0.7989878562646072,0.588482830486507,0.8027762397937032,0.7835606642132377,0.7109782289597589,0.0707857850758538,0.6255720338852176,0.7655181076740072,0.6232276131929249,0.7752445905277215,0.7653287995189232,0.7993355909065565,0.0686650322832211,0.7107712942211298,0.8515742097277508,0.7200405742939122,0.8610287974839058,0.8532630788060839,0.6723340890624306,0.0162212576004696,0.6759138053113763,0.672152042388916,0.6742386384443804,0.6443342674862255,0.695031691681255,0.6560625424603203,0.0290860621071242,0.6572019543581868,0.6432922075510645,0.6371550384961147,0.7115923065162705,0.6310712053799648,0.8092165733727977,0.0450810541440327,0.8748101313890788,0.8035163514441591,0.7412625105138474,0.7889955706800627,0.8374983028368409,0.4415364715498405,0.0715505554428696,0.3465840532017002,0.4668602564992939,0.5047934463041416,0.5219181887631085,0.3675264129809584,0.6290322582885086,0.0285105752205819,0.5872587925482096,0.6512015770058089,0.6170323974428248,0.6691690115301623,0.6204995129155372,0.6679040785898158,0.0163156367902735,0.6389745922354618,0.6645379544619624,0.6699051760711839,0.6862033897281514,0.6798992804523194,0.6733596763827585,0.0132803989523728,0.6833754452792081,0.6632466126572002,0.6807332309809598,0.6870191476561807,0.6524239453402433,0.6334994120361028,0.047271187309563,0.5945636201685981,0.6624797751550614,0.5822861163926374,0.6175899018353899,0.710577646628827,0.8178626273009219,0.0372002286313733,0.8651013380558836,0.7955697448460758,0.795950085268267,0.7732991681521093,0.8593928001822738,0.3381353302075228,0.0579488364850765,0.234313235783824,0.3736537452446544,0.3158775938856152,0.3746507280598189,0.392181348063701,0.5961735308155184,0.0262486637060012,0.5813854841352454,0.5961500137135897,0.5635142437926464,0.5971833650578612,0.6426345473782495,0.659235590015179,0.0114142862844513,0.6646283636252289,0.6700348021732784,0.6371411301285075,0.6624513156644818,0.6619223384843985,11.6,6.216108107168021,4,16,4,17,17
825,0.5465038932859898,0.0539133739567253,0.4912616768851876,0.6486903745681047,0.5381452394649386,0.5166000500321388,0.537822125479579,0.790051609357873,0.0583643117875528,0.835578625707796,0.6753603921810604,0.8043757800356592,0.8244100542967684,0.8105331945680809,0.712798254042731,0.0413163350715061,0.7693814305093265,0.6456276437039117,0.7056890699672053,0.739175472348784,0.7041176536844275,0.7221602714128836,0.0599649527772578,0.7561947320449159,0.6030984104743294,0.7404539521956802,0.7490636510784539,0.761990611271039,0.7181883214613694,0.0466905850347178,0.7745125853379045,0.6342632086372858,0.7143832954899606,0.743287100508931,0.7244954173327646,0.8108679647021366,0.0451410000694657,0.849452560629515,0.7240167802184058,0.8117968107797346,0.8303322871712481,0.8387413847117796,0.6673804640769958,0.0164910946766212,0.6636724309487776,0.6794119097969749,0.6763323653828014,0.6366982947696339,0.6807873194867914,0.6547315292158119,0.0391088357480677,0.655031705978529,0.6435403681100539,0.6489930157669129,0.7236720661060567,0.6024204901175068,0.7468942436869724,0.0723736723956799,0.8451876074483731,0.6981993348303508,0.7053834757043312,0.6641067859650747,0.8215940144867322,0.4908166907364767,0.1241741604375233,0.4046699215816863,0.4834432946732411,0.562212943028451,0.6811526263397921,0.3226046680592134,0.6229656673203456,0.0316613498153394,0.6272524577197762,0.5877066381636362,0.637767134998735,0.6722869552239126,0.5898151504956685,0.6735994106696483,0.0349721233389442,0.6484410428502377,0.6433753292604968,0.680325103322815,0.7387924042370987,0.6570631736775936,0.675207874991677,0.005644005756159,0.674613665450703,0.6736293760212985,0.6772818294438449,0.6839785792610862,0.6665359247814525,0.6251283243108882,0.0458075507956876,0.573917320200127,0.6413279806547725,0.605803175358041,0.5986450399719115,0.7059481053695891,0.7219773433993628,0.0635953999313261,0.7547560015741834,0.6746913533649178,0.7422107438016529,0.6283242084712672,0.8099044097847926,0.4321695402042995,0.072138692403073,0.3203742336095276,0.5065968122786304,0.3738553336146919,0.4814689098780008,0.4785524116406469,0.5992666998132131,0.0316299432905817,0.5818544879539319,0.6089482332601208,0.5725009468898216,0.5759320254034821,0.6570978055587096,0.6636860720120599,0.015264541480203,0.6616158312028557,0.6820550291760475,0.6393083238805164,0.657815576106457,0.6776355996944231,12.0,4.33589667773576,17,4,13,14,12
850,0.5282830089330673,0.0744406900182365,0.4086118135601282,0.5884557571262121,0.531734935939312,0.6202695593237877,0.4923429787158966,0.8062338410305916,0.0708875135483731,0.906897478283728,0.7480615467925787,0.8182999713232486,0.7083358302502102,0.8495743785031923,0.7331094301237175,0.050196808644769,0.8170302487598832,0.6912743425914678,0.7549148709638744,0.6757748557435594,0.7265528325598027,0.7329390648534903,0.0903514625898981,0.8457018749600502,0.6688915021865389,0.7312483523421024,0.6024434333028084,0.816410161475951,0.7286947027673957,0.0590621443550288,0.8225440348617588,0.6802096397963117,0.7345013331091308,0.6534089583614742,0.7528095477083026,0.8152845264386608,0.0547394619583156,0.889491585609523,0.7644851827792521,0.8082572295114046,0.7491666011040046,0.8650220331891193,0.6781730261715977,0.0109082204220761,0.6702386411753568,0.6679933125322516,0.6931975863196633,0.6697715575044806,0.6896640333262357,0.6478373517687489,0.0356250333107044,0.6626995220795795,0.6362641406424829,0.6459639124244739,0.7018396459823598,0.5924195377148485,0.8038443943431461,0.0854909438827958,0.7798937771425809,0.6463513091186888,0.8551796613962389,0.8746601808767583,0.8631370431814637,0.398979708645484,0.11683463163121,0.4745512657277363,0.5880874250526658,0.2934347292636063,0.3579953468990902,0.2808297762843217,0.6075382825444688,0.0208360702907843,0.6292546751194416,0.6172798359520658,0.5832534614478602,0.6261860422245041,0.5817173979784728,0.65180880902381,0.0196907060217102,0.654775417818896,0.6796394769973436,0.6183490676280644,0.6491291799987452,0.6571509026760011,0.6982489076527683,0.0438541637999782,0.7807126153599132,0.6657225435430353,0.7041687260974537,0.6793385148048401,0.6613021384585988,0.6233494538249461,0.0622121710725502,0.5424064683911619,0.6306370685401361,0.5998091017462851,0.6108357676748386,0.7330588627723091,0.80284396953365,0.1021778546798261,0.7309786346030365,0.6361118030875065,0.8727584284402468,0.8950057295645529,0.8793652519729075,0.3518893435738355,0.1261066432534175,0.3664049186108009,0.5706513183785912,0.1998848744838049,0.2610586383313655,0.3614469680646151,0.5926661474760457,0.028831694133945,0.5846686666025652,0.6057055397745942,0.5459578915365891,0.5926109955325295,0.6343876439339511,0.6567692540851308,0.0271936194504699,0.6705955660501116,0.6982103552883604,0.6158568190497608,0.6520486821393187,0.6471348478981026,13.6,5.314132102234569,22,9,14,7,16
875,0.5171367980539798,0.0841715227463292,0.562589680776,0.4327525421977043,0.4020089302212,0.5705443080514669,0.6177885290235281,0.8131948078563696,0.074423549322515,0.7772120943242188,0.8918257617354078,0.9091109003719936,0.77052849115284,0.7172967916973882,0.723738362693042,0.0602853511979213,0.6986816475125174,0.7825171260515857,0.802809450265787,0.6945029179673394,0.6401806716679806,0.7446106834342128,0.0676861703163515,0.708480602322514,0.8284569418530815,0.8189461146492397,0.7118466602841603,0.6553230980620686,0.7303875513453878,0.0598545281680138,0.7023867103115904,0.7931526867014678,0.8057994363058676,0.7020666595611268,0.6485322638468864,0.8195015491205989,0.0468542345490596,0.7916614889077642,0.8716925586023881,0.8747609313362507,0.8047475738700584,0.7546451928865339,0.6700051600282843,0.0085953247958274,0.6583103429187428,0.6703115484931252,0.6813949509100481,0.6628348177129572,0.677174140106548,0.6504797246235933,0.0426848185727743,0.666943473974504,0.6263776335258622,0.6380655292419998,0.7233663084724248,0.597645677903176,0.7196048440872778,0.0306724777265096,0.7297984976214642,0.7162899043915086,0.6665989536310392,0.7615843307019777,0.7237525340903992,0.5129636347016027,0.0817922163160504,0.4847594399064986,0.4930750399333287,0.6046912980068061,0.5981341296849318,0.3841582659764478,0.6291848926869076,0.0393735668565952,0.606242920487513,0.6237763189918216,0.6405700740294668,0.6964989778266798,0.5788361720990569,0.6777519050822994,0.040388621354339,0.6447507802977461,0.6567228400522983,0.6867632539459165,0.7528462826881799,0.6476763684273564,0.6758363355289806,0.0075323017709538,0.6820996349508112,0.6814904754812067,0.6712536811828613,0.6812403093684803,0.6630975766615435,0.6257461261633105,0.0442472997191914,0.6011097665043589,0.6111025908896317,0.6156735215346775,0.5885820883105308,0.7122626635773536,0.724938565801468,0.0290508062824788,0.6741824430221559,0.7265845001313497,0.7255098317418892,0.7644151600033954,0.7340008941085496,0.4602269180611427,0.0713068710007634,0.4231307907778495,0.4449380165289256,0.4607439352091758,0.3801702085792995,0.5921516392104628,0.6148288516534928,0.0347743007844702,0.5792047490713499,0.6019859505438968,0.61704558680037,0.5958957786614502,0.6800121931903973,0.680274589142172,0.0209978495531121,0.6741561547616443,0.6782143435886752,0.6684186703650965,0.6601123159737438,0.7204714610217002,16.0,8.294576541331088,10,25,27,11,7
900,0.5440374914556741,0.064541011408539,0.5926549173891544,0.4475457463413477,0.5578296193853021,0.6258179843425751,0.4963391898199916,0.797551117086871,0.0594183788088941,0.7598048268193199,0.877989756563767,0.7847432606629535,0.7149812915905361,0.8502364497977788,0.7089742377672072,0.0522375361936045,0.6744096739103324,0.7758050784593097,0.6948136489812797,0.6382030806133564,0.761639706871758,0.7254586723046476,0.0371141036439721,0.7122175975576711,0.7685380135215663,0.7219543910950161,0.6648727574508825,0.759710601898102,0.7146507203685376,0.0440659197121252,0.6894222216922363,0.7650111072861384,0.705074849868246,0.6506424325346091,0.7631029904614584,0.8036860649378422,0.0325339988765393,0.7825517446115883,0.8313791992769649,0.8002323988307445,0.7570669432584102,0.8472000387115036,0.6748124545270746,0.0116057823892486,0.6693221168084578,0.6686030951413241,0.6702119274572893,0.6679499474438754,0.6979751857844266,0.6485439290684647,0.0371628550590107,0.6682249413871459,0.6473063269729379,0.6586226389660547,0.6890924439679452,0.5794732940482399,0.6581764193091424,0.1277934642887476,0.7578040314284333,0.7232444768541025,0.4954321673573011,0.5140072420152634,0.8003941788906118,0.5705164473078911,0.1784788535077169,0.44372008710244,0.5155560571335972,0.7895603282635367,0.7657655624233164,0.3379802016165653,0.6158818323910922,0.0140952545606273,0.601167269689009,0.6343309255760454,0.6203264880202914,0.6256358137360872,0.5979486649340277,0.7015425493024248,0.0610628013893396,0.6358346798215433,0.6697898069276819,0.7869659158429212,0.7620954209189503,0.6530269230010268,0.6758962035179138,0.0131083590738747,0.6842813871123574,0.688006650317799,0.6780155246908014,0.6784083084626631,0.6507691470059481,0.625174536549563,0.0438152279331723,0.5969851792105684,0.6239289565763424,0.6149816907954837,0.5820853082968724,0.7078915478685479,0.6609581344877908,0.1117292692383469,0.6751000607579555,0.7447187061433748,0.5703134040334997,0.5040998217468805,0.8105586797572443,0.5310537071365948,0.0920522136763054,0.4470164639282286,0.3951331496786042,0.6231057489747329,0.6044372294372294,0.5855759436641791,0.6106317782803663,0.0584155901862111,0.5911452932178631,0.5894860707872277,0.6045950492259679,0.5470478704319708,0.7208846077388016,0.6928565869112008,0.0222120339964509,0.6837663721615129,0.6660845352206909,0.6962630209956413,0.6853231563757879,0.7328458498023714,13.8,6.305553108173779,9,24,13,6,17
925,0.5445311421528458,0.1131017815374072,0.6471767909824848,0.5043786503374577,0.622108057141304,0.6086298506706953,0.3403623616322875,0.780909374690492,0.0986189444377362,0.6702729601226188,0.8471160548005936,0.7117137571693959,0.7358364616593375,0.939607639700514,0.7112361079899022,0.0671607877821225,0.6178396779258374,0.7549410370555547,0.6650466169170844,0.7082364837940959,0.8101167242569393,0.7058149108158783,0.1059898922222188,0.6182815279298446,0.7246930153180154,0.6658369816458053,0.6175622531708058,0.9027007760149208,0.7077172688580944,0.0771827923133779,0.622708103071204,0.7363364175189568,0.6677160770816529,0.6678941954954154,0.8439315511232433,0.7934495163339936,0.0736278603524869,0.7178462299761642,0.8003776867106493,0.7586074251309837,0.7592733329171298,0.9311429069350412,0.6748675075444308,0.0116678712277953,0.6680226651105013,0.6645424528555437,0.675824062390761,0.6689227331768383,0.6970256241885099,0.6431018714403047,0.0486744343827374,0.6823960847862304,0.628470841676891,0.64143777345649,0.7016760483463358,0.5615286089355767,0.6592060088908129,0.0948944906653622,0.5281800403211886,0.6213051060644643,0.6204499155033913,0.8039888958338156,0.7221060867312045,0.591975291494008,0.0940266271012105,0.7001425861719979,0.6165060652360117,0.627678716114545,0.5984631455888141,0.4170859443586716,0.6366147786691925,0.0421349668170553,0.608888928834902,0.6274844515413772,0.6326608912165426,0.7169210947364374,0.5971185270167031,0.6970246403226739,0.0302243390172442,0.6857496039314221,0.6887167125803489,0.7016063036784963,0.7505573126339716,0.6584932687891304,0.678529598496177,0.0145336377192846,0.6811866489323702,0.6919322880831632,0.6900705966082487,0.6780586351047863,0.6513998237523165,0.6094324659870354,0.0463714540702253,0.5958167326987565,0.5870102290676722,0.5819677844935109,0.5807983145048653,0.701569269170372,0.647310918109955,0.0874457482890966,0.4930169259236245,0.6158774906537056,0.6776441620580376,0.7399297597827009,0.7100862521317066,0.5394005311384992,0.1068608148697238,0.6535471881060116,0.5115177751541388,0.4792334002895501,0.3861225895316805,0.6665817026111144,0.6061878747271484,0.0537283186909616,0.5671734539138319,0.565813649374125,0.6034267062077809,0.5844155945255618,0.7101099696144423,0.6999683801381864,0.0439858802163486,0.728921078921079,0.6840311004784689,0.6607023155872261,0.6552354250335073,0.7709519806706507,14.0,9.879271228182777,5,17,7,9,32
950,0.5929993303492666,0.0802445524403704,0.6800007615238428,0.4439562680199742,0.6054603708907962,0.5951129579916596,0.6404662933200598,0.7305414625177985,0.0948638153272529,0.6003086397442223,0.8887971495459391,0.7349666404897646,0.7492763227198894,0.6793585600891772,0.6790003052909274,0.0796134075463377,0.571419567389226,0.8138158814337053,0.6581128838983719,0.7030863597485958,0.6485668339847381,0.6641628387951919,0.077493641573506,0.5687917984792985,0.7905602567367277,0.6726215191058943,0.6897154290766421,0.5991251905773962,0.673044654799503,0.0751920265628312,0.5769347423993565,0.8000586162582529,0.6663774559069868,0.6967129495442106,0.6251395098887081,0.7616407600299485,0.0617360540302144,0.6762540188140035,0.859496782837849,0.7675908905228761,0.7839347334328469,0.7209273745421673,0.6835111693902448,0.0124805833265948,0.6908388679677789,0.688504083590074,0.6884777220812711,0.6586486046964471,0.6910865686156533,0.6463187479478328,0.0370421984469721,0.6460749540277404,0.6476985284471917,0.646560868665648,0.7041858677010749,0.5870735208975092,0.7805336822148089,0.0906497393010364,0.712382454069057,0.7701977760801291,0.8973418292937009,0.6565946902176849,0.866151661413473,0.4141826429660654,0.1889226614086243,0.5240889829125123,0.4763447114382942,0.1571929184897099,0.6721262471930921,0.2411603547967184,0.6057686720079773,0.0603973396280459,0.6299522043624292,0.6459390569400303,0.5073314465655374,0.6765223676025713,0.5690982845693189,0.6665493208473537,0.0610059162750812,0.6639124447807251,0.6654945975520138,0.5895874214604623,0.7755234159779615,0.638228724465606,0.6953244155103511,0.0186563212479985,0.6915867328643799,0.729066480289806,0.699110822244124,0.6795579195022583,0.6773001226511869,0.6155210600800098,0.0419060262493971,0.6017908407256569,0.6022664994851695,0.5869404567886924,0.5882775484505096,0.6983299549500207,0.79311176838936,0.1050218333974149,0.7133048357809124,0.7986687841983122,0.926352813852814,0.6426725235548765,0.8845598845598847,0.3258044881440604,0.1038349876640134,0.355795674913322,0.344916699462154,0.1282418339236521,0.436038961038961,0.3640292713822126,0.5753216523201912,0.0360737322888988,0.5750251440779057,0.5943373812168669,0.5232913925425199,0.554010579017988,0.6299437647456758,0.6485960487937816,0.019337623793168,0.6657264672086807,0.6654227820927426,0.612666966478651,0.6499595522322795,0.6492044759565544,10.4,7.631513611335565,3,25,9,9,6
975,0.5764612888917326,0.0416334655113116,0.5463412515819073,0.6162095405161381,0.5207930402830243,0.5676945885643363,0.6312680235132575,0.7630721166303596,0.049411741813638,0.798802718323669,0.7112607192694881,0.8223964297509166,0.7849941825139978,0.6979065332937268,0.6825861021265307,0.0305891991884859,0.6906572711573177,0.6564429872964732,0.7340595478101788,0.6848925035307792,0.6468782008379048,0.706332344045918,0.048826999803758,0.764024603868354,0.6663337628520002,0.7472432081807082,0.7194632624320125,0.6345968828965152,0.6924014920311724,0.0324260950923575,0.715912617226948,0.6659233169722556,0.7329477312330509,0.7023633860465374,0.6448604086770704,0.7891016778521618,0.0314876637823399,0.8137083169131353,0.757016827690928,0.8238324581228027,0.8050123378889344,0.7459384486450084,0.6686906792900779,0.0132133022501054,0.6508061614903536,0.676824233748696,0.6625567349520597,0.6639218059453097,0.6893444603139703,0.6557311569780997,0.0484346858094774,0.7061671826566811,0.619548570116752,0.6595526261468775,0.7087366997418801,0.5846507062283076,0.7360504852822733,0.0740165147251277,0.6823137388926862,0.7158897994459491,0.6858069811946816,0.714849603753347,0.8813923031247032,0.5145773967565411,0.1608549296296654,0.5726876065111359,0.5232307799152719,0.6208159710165059,0.6513120124082691,0.204840613931523,0.636581547146303,0.0464758790920835,0.6474502528056925,0.6305407003353504,0.6554018833916883,0.6955091014246986,0.554005797774085,0.6892037194792008,0.0448448738310463,0.6766347687400318,0.6654108578393628,0.7080320971363752,0.7643896218891019,0.6315512517911318,0.6837403752587058,0.0085813978757808,0.6990997628732161,0.6797267632050947,0.6830602504990317,0.6838316375559027,0.6729834621602838,0.603860599273319,0.0505387458431592,0.5522468548690541,0.5951526049619154,0.6167762786758618,0.5614556325284934,0.6936716253312702,0.7105637062384635,0.092291739971144,0.6041932827937612,0.6980323252788959,0.709820608684245,0.6609349800526271,0.879837334382789,0.4087932611060953,0.0621681229524134,0.4929222738046267,0.4581267217630854,0.4067051709431388,0.3673848878394333,0.3188272511801924,0.5743124523775618,0.0236917702143113,0.5713298501741891,0.5912109515855933,0.5928283343594996,0.5294321541308591,0.5867609716376675,0.6532386085504607,0.0261763753475947,0.6830252736599486,0.6850673400673402,0.6443833876072781,0.62159228123655,0.6321247601811865,11.4,4.454211490264018,12,8,19,12,6
1000,0.5454437213018537,0.0839465631776159,0.6513877604156733,0.5148782273754478,0.4041001489385962,0.599909259006381,0.55694321077317,0.7908149855168016,0.0802195856717313,0.6687442157490446,0.8220518752821322,0.9120091161773712,0.7516556629927322,0.7996140573827277,0.7221747362008906,0.0609867302076883,0.6215395906494662,0.7349009754463466,0.8107380986706624,0.7066186983616489,0.7370763178763289,0.724702675286315,0.0761943849426995,0.6200400727744477,0.773304177440207,0.8364957448597155,0.6680196947660184,0.7256536865911866,0.7218731325457488,0.0645108068555272,0.6228617132191188,0.7461943758483944,0.8190026503524134,0.6915808148307461,0.7297261084780712,0.8081705146645225,0.0595176977647974,0.7151622545948203,0.843913064033275,0.8899780326478589,0.7760238052710963,0.8157754167755619,0.6761234771121631,0.0086278994132731,0.6705566211180254,0.6853143464435231,0.6741350835019891,0.6640929525548761,0.6865183819424022,0.64544730425096,0.041221185501165,0.6808751318468019,0.6108511285023651,0.6591104658116691,0.6918290525576621,0.5845707425363014,0.6938810513015716,0.0600319945006534,0.7221505899735565,0.784154185090014,0.637810206727319,0.7072292828977321,0.6180609918192365,0.555186791817808,0.0970327885201814,0.5224796445384682,0.4240178716114545,0.6892301548718661,0.6421765400375026,0.498029748029748,0.6351986166361631,0.0439302984620892,0.6321872023676296,0.619378013690413,0.6700654625636778,0.6906073038092531,0.563755100749842,0.6918417021642832,0.040918319618374,0.6657521297208212,0.6448728375616247,0.7292270794065053,0.7512164935860771,0.6681399705463877,0.7070199381221425,0.0396022927192401,0.6821472211317583,0.7215554389086637,0.7786618416959589,0.6765681125900962,0.6761670762842352,0.60795674591855,0.044047547626842,0.5939382769843196,0.5646258332653938,0.596624842374297,0.5916028360379966,0.6929919409307427,0.6955236751722331,0.0625010613281241,0.6229052486588372,0.8036011500060559,0.7170666162651809,0.6826595789831085,0.6513857819479828,0.4605418170658812,0.1609115155920897,0.4981462165285695,0.228553391053391,0.4351863599858252,0.4131788665879575,0.7276442511736629,0.5982977869319498,0.0580898635522758,0.5893441408882585,0.5245924738359584,0.6139564824376931,0.5652028443323158,0.6983929931655235,0.6847576044593474,0.0582321202593566,0.6946679387785496,0.6305749962845462,0.6601813823095287,0.6451991484080104,0.7931645565161027,14.2,7.833262411026456,5,16,28,9,13
