lags,train_mse_mean,train_mse_std,train_mse_fold_1,train_mse_fold_2,train_mse_fold_3,train_mse_fold_4,train_mse_fold_5,train_nll_embedding_mean,train_nll_embedding_std,train_nll_embedding_fold_1,train_nll_embedding_fold_2,train_nll_embedding_fold_3,train_nll_embedding_fold_4,train_nll_embedding_fold_5,train_cosine_sim_mean,train_cosine_sim_std,train_cosine_sim_fold_1,train_cosine_sim_fold_2,train_cosine_sim_fold_3,train_cosine_sim_fold_4,train_cosine_sim_fold_5,train_pairwise_accuracy_mean,train_pairwise_accuracy_std,train_pairwise_accuracy_fold_1,train_pairwise_accuracy_fold_2,train_pairwise_accuracy_fold_3,train_pairwise_accuracy_fold_4,train_pairwise_accuracy_fold_5,val_mse_mean,val_mse_std,val_mse_fold_1,val_mse_fold_2,val_mse_fold_3,val_mse_fold_4,val_mse_fold_5,val_nll_embedding_mean,val_nll_embedding_std,val_nll_embedding_fold_1,val_nll_embedding_fold_2,val_nll_embedding_fold_3,val_nll_embedding_fold_4,val_nll_embedding_fold_5,val_cosine_sim_mean,val_cosine_sim_std,val_cosine_sim_fold_1,val_cosine_sim_fold_2,val_cosine_sim_fold_3,val_cosine_sim_fold_4,val_cosine_sim_fold_5,val_pairwise_accuracy_mean,val_pairwise_accuracy_std,val_pairwise_accuracy_fold_1,val_pairwise_accuracy_fold_2,val_pairwise_accuracy_fold_3,val_pairwise_accuracy_fold_4,val_pairwise_accuracy_fold_5,test_mse_mean,test_mse_std,test_mse_fold_1,test_mse_fold_2,test_mse_fold_3,test_mse_fold_4,test_mse_fold_5,test_nll_embedding_mean,test_nll_embedding_std,test_nll_embedding_fold_1,test_nll_embedding_fold_2,test_nll_embedding_fold_3,test_nll_embedding_fold_4,test_nll_embedding_fold_5,test_cosine_sim_mean,test_cosine_sim_std,test_cosine_sim_fold_1,test_cosine_sim_fold_2,test_cosine_sim_fold_3,test_cosine_sim_fold_4,test_cosine_sim_fold_5,test_pairwise_accuracy_mean,test_pairwise_accuracy_std,test_pairwise_accuracy_fold_1,test_pairwise_accuracy_fold_2,test_pairwise_accuracy_fold_3,test_pairwise_accuracy_fold_4,test_pairwise_accuracy_fold_5,num_epochs_mean,num_epochs_std,num_epochs_fold_1,num_epochs_fold_2,num_epochs_fold_3,num_epochs_fold_4,num_epochs_fold_5,test_word_avg_auc_roc_mean,test_word_avg_auc_roc_std,test_word_avg_auc_roc_fold_1,test_word_avg_auc_roc_fold_2,test_word_avg_auc_roc_fold_3,test_word_avg_auc_roc_fold_4,test_word_avg_auc_roc_fold_5,test_word_train_weighted_auc_roc_mean,test_word_train_weighted_auc_roc_std,test_word_train_weighted_auc_roc_fold_1,test_word_train_weighted_auc_roc_fold_2,test_word_train_weighted_auc_roc_fold_3,test_word_train_weighted_auc_roc_fold_4,test_word_train_weighted_auc_roc_fold_5,test_word_test_weighted_auc_roc_mean,test_word_test_weighted_auc_roc_std,test_word_test_weighted_auc_roc_fold_1,test_word_test_weighted_auc_roc_fold_2,test_word_test_weighted_auc_roc_fold_3,test_word_test_weighted_auc_roc_fold_4,test_word_test_weighted_auc_roc_fold_5,test_word_perplexity_mean,test_word_perplexity_std,test_word_perplexity_fold_1,test_word_perplexity_fold_2,test_word_perplexity_fold_3,test_word_perplexity_fold_4,test_word_perplexity_fold_5,test_occurence_perplexity_mean,test_occurence_perplexity_std,test_occurence_perplexity_fold_1,test_occurence_perplexity_fold_2,test_occurence_perplexity_fold_3,test_occurence_perplexity_fold_4,test_occurence_perplexity_fold_5,test_word_top_1_mean,test_word_top_1_std,test_word_top_1_fold_1,test_word_top_1_fold_2,test_word_top_1_fold_3,test_word_top_1_fold_4,test_word_top_1_fold_5,test_occurence_top_1_mean,test_occurence_top_1_std,test_occurence_top_1_fold_1,test_occurence_top_1_fold_2,test_occurence_top_1_fold_3,test_occurence_top_1_fold_4,test_occurence_top_1_fold_5,test_word_top_5_mean,test_word_top_5_std,test_word_top_5_fold_1,test_word_top_5_fold_2,test_word_top_5_fold_3,test_word_top_5_fold_4,test_word_top_5_fold_5,test_occurence_top_5_mean,test_occurence_top_5_std,test_occurence_top_5_fold_1,test_occurence_top_5_fold_2,test_occurence_top_5_fold_3,test_occurence_top_5_fold_4,test_occurence_top_5_fold_5,test_word_top_10_mean,test_word_top_10_std,test_word_top_10_fold_1,test_word_top_10_fold_2,test_word_top_10_fold_3,test_word_top_10_fold_4,test_word_top_10_fold_5,test_occurence_top_10_mean,test_occurence_top_10_std,test_occurence_top_10_fold_1,test_occurence_top_10_fold_2,test_occurence_top_10_fold_3,test_occurence_top_10_fold_4,test_occurence_top_10_fold_5
-1000,0.3339864394317071,0.0027456984884944,0.3390515443558494,0.3328942122558753,0.331202123624583,0.33229961587737,0.3344847010448575,3.457556402683258,0.0080259166494154,3.467552937567234,3.4457346138854823,3.4530162774026394,3.4561828039586544,3.46529538060228,0.6400033917278052,0.0039646040019506,0.6323179050038258,0.6422901352246603,0.6431508604437113,0.6420917970438799,0.6401662609229485,0.5155374774709344,0.0118293725006142,0.5005880187576016,0.5305044340590636,0.5256755286827683,0.5174535034845272,0.5034659023707112,0.3514051366597414,0.0023651873251853,0.3555132895708084,0.351800886914134,0.3505570515990257,0.3509067511186003,0.3482477040961385,3.481913594901562,0.0015206617863976,3.4844953939318657,3.4801764488220215,3.48158498108387,3.4825604408979416,3.48075070977211,0.6073709558695555,0.0040229605685785,0.6024305382743478,0.6051018629223108,0.6050494266673923,0.6126631125807762,0.6116098389029503,0.4949119035154581,0.0021094948417264,0.4932147208601236,0.4962516985833645,0.4973287004977464,0.4960745573043823,0.4916898403316736,0.3484580816701054,0.0045260016565028,0.3522847471758723,0.3409542553126812,0.3492017379030585,0.3462767573073506,0.3535729106515646,3.4791854113340377,0.0023315844871896,3.4776366725564003,3.4792018085718155,3.47799514234066,3.4774114713072777,3.4836819618940353,0.6147755444049835,0.0053936535190423,0.6155497282743454,0.6143272835761309,0.6213416233658791,0.6175662875175476,0.6050927992910147,0.4928561558946967,0.0019485297782878,0.4903936926275491,0.4906826922670007,0.4946118965744972,0.4936013352125883,0.4949911627918482,15.2,4.707440918375928,9,19,20,18,10,0.5284706216556929,0.0193527626992538,0.4979344234468199,0.5432069442724573,0.513144705319369,0.5454005110392759,0.5426665242005423,0.5253065769721913,0.0131695856873848,0.5024931740888074,0.5413268607876474,0.5256866231770452,0.5344029735187116,0.5226232532887448,0.5239249358128336,0.0100405223038497,0.5086493360251533,0.5315290659796034,0.5372064347110869,0.5243416651873746,0.5178981771609498,433.76953125,11.65168061783232,426.9654541015625,428.9722900390625,422.96923828125,455.9689025878906,433.9717712402344,1015.3985717773436,0.4905908806593797,1015.9996337890624,1015.9992065429688,1014.9973754882812,1014.998779296875,1014.9978637695312,0.0061056594830006,0.003489272344017,0.0108267720788717,0.0029527558945119,0.0039408868178725,0.0098522175103425,0.0029556651134043,0.0011816842015832,0.0007369098893146,0.0009842519648373,0.0019685039296746,0.0,0.0009852217044681,0.0019704434089362,0.0196970645338296,0.0039411888523155,0.0226377956569194,0.0147637799382209,0.0167487692087888,0.0256157647818326,0.0187192130833864,0.0055147202685475,0.0010024148145467,0.0068897637538611,0.0059055117890238,0.0039408868178725,0.0059113302268087,0.0049261087551712,0.0356524191796779,0.0053830590031734,0.0305118113756179,0.033464565873146,0.0315270945429801,0.0453201979398727,0.0374384261667728,0.0104390835389494,0.0004791899345843,0.0108267720788717,0.0108267720788717,0.0108374385163187,0.0098522175103425,0.0098522175103425
-975,0.3366075936704874,0.0023970043803469,0.3332814822594325,0.3407545996208985,0.3360263621434569,0.3362631232788165,0.3367124010498325,3.4639264337718485,0.0104387055743984,3.4430820792913437,3.4684726571043334,3.468500230461359,3.469906890143951,3.469670311858257,0.6341597850124041,0.0031012528727405,0.6376501141736904,0.6283368940154711,0.6350650365153948,0.6351583103338877,0.6345885700235764,0.5046936402097344,0.0156342678473561,0.5359332834680876,0.4963247443859775,0.4978998449320594,0.4960195235908031,0.4972908046717445,0.3534439397975802,0.0031164579015577,0.3502599578350782,0.3553816685453057,0.3564318595454097,0.356053383089602,0.3490928299725055,3.4822819530963898,0.0020744230051813,3.479869455099106,3.4834121838212013,3.484905034303665,3.4834335148334503,3.479789577424526,0.6005323948338628,0.0039753651717721,0.6056878371164203,0.5956812389194965,0.5964460354298353,0.6008336246013641,0.6040132381021976,0.4944570859894156,0.0011977703365892,0.4964206237345934,0.4946514833718538,0.4937187498435378,0.4946765946224332,0.49281797837466,0.3511404056102037,0.0052960227414226,0.3461307818070054,0.3444958170875907,0.3590489830821752,0.3521670820191502,0.3538593640550971,3.479358397424221,0.0025777794609566,3.4752125293016434,3.479262478649616,3.481047861278057,3.478407919406891,3.4828611984848976,0.6068292343989015,0.0074689820241075,0.6193941067904234,0.6110532497987151,0.6022040750831366,0.6027272557839751,0.5987674845382571,0.4935698084533214,0.0007965955502138,0.4943382944911718,0.4922130452468991,0.4942060997709632,0.4931362736970186,0.4939553290605545,10.2,9.66229786334493,29,2,9,5,6,0.5244840753590526,0.0078792898557049,0.5373982726316802,0.5281073240147912,0.5139438443832369,0.5206393418530603,0.5223315939124945,0.520856644252583,0.014878985235665,0.5456270583250644,0.5250875222277728,0.5014941089944068,0.5108369447809724,0.5212375869346988,0.5157102139088232,0.0147432597873789,0.5403242571886733,0.5182703176840504,0.501375822760051,0.4996335028206385,0.5189471690907029,433.7702941894531,11.65270468563346,426.9630126953125,428.97125244140625,422.9698181152344,455.9708557128906,433.9765319824219,1015.3994262695312,0.4899185035405852,1015.9987182617188,1016.0001831054688,1014.999755859375,1015.0001831054688,1014.998291015625,0.0059095848351717,0.0067687243962188,0.0068897637538611,0.0019685039296746,0.0187192130833864,0.0009852217044681,0.0009852217044681,0.0007877894677221,0.0003938949726037,0.0009842519648373,0.0009842519648373,0.0009852217044681,0.0009852217044681,0.0,0.0193047212436795,0.0099441274252145,0.0196850392967462,0.0088582672178745,0.0374384261667728,0.0187192130833864,0.0118226604536175,0.005711958464235,0.0011482277340707,0.0049212598241865,0.0068897637538611,0.0059113302268087,0.0039408868178725,0.0068965516984462,0.0358504340052604,0.0110394444412983,0.0364173240959644,0.0226377956569194,0.0541871935129165,0.0394088700413703,0.0266009867191314,0.0110304104164242,0.0011513260454641,0.0098425196483731,0.0108267720788717,0.0118226604536175,0.0098522175103425,0.0128078823909163
-950,0.3346027012914419,0.003380791243351,0.340915970193843,0.3322182754054665,0.3316769034912188,0.3329736695935328,0.3352286877731482,3.4578306491176285,0.0084678560755931,3.4693423161904016,3.443817930916945,3.4545056571563086,3.459843331327041,3.4616440099974475,0.6380753012994925,0.005690635642155,0.6270239831258854,0.6427988298237324,0.6413553214321533,0.6406166174759468,0.6385817546397448,0.514129685300092,0.0118920948390739,0.4977780378734072,0.5336504324028889,0.5191329087441167,0.510395645784835,0.5096914016952118,0.352367683686316,0.0038843322823425,0.3579661846160888,0.3519553206861019,0.3507486106827855,0.3547640768811106,0.3464042255654931,3.481912218034267,0.0019509840701452,3.4842465594410896,3.4819206818938255,3.481688015162945,3.483228623867035,3.4784772098064423,0.6031616978347302,0.0068487248901135,0.5940451789647341,0.5987428389489651,0.6047984380275011,0.6037063784897327,0.6145156547427177,0.4957663832232356,0.0018646008070793,0.4922504825517535,0.4965479960665107,0.4973793793469667,0.4970954041928053,0.4955586539581418,0.3491873878985643,0.005001438688829,0.3534368798136711,0.3401518287137151,0.3531824927777052,0.347449941560626,0.3517157966271043,3.4792043685913088,0.002622590090933,3.476405143737793,3.4789306297898293,3.4800341948866844,3.476914569735527,3.4837373048067093,0.6113485051319003,0.0037111752504214,0.6099699046462774,0.614031221717596,0.6110763167962432,0.6162712946534157,0.6053937878459692,0.4936469929292798,0.0019946219079171,0.4914825651794672,0.4955641329288482,0.4928855113685131,0.4964365195482969,0.4918662356212735,14.6,5.314132102234569,5,20,19,15,14,0.5269759930225328,0.0221332583586052,0.5009760047949268,0.5423278391290326,0.5000531802646936,0.5530792873864371,0.5384436535375736,0.5217711449197322,0.0162498631484025,0.5076001599207284,0.5367001153591049,0.5040940773955078,0.5450798088642305,0.5153815630590897,0.5165506666679628,0.0087935919359336,0.5148871863980283,0.527254061029339,0.5066665559190229,0.526226264305606,0.5077192656878176,433.76976318359374,11.651264236749284,426.9650573730469,428.9694213867187,422.9708251953125,455.9678039550781,433.9757080078125,1015.3990356445312,0.4902120249239459,1015.9996337890624,1015.9992065429688,1014.999267578125,1014.998779296875,1014.998291015625,0.0065009116195142,0.0028973212775506,0.0039370078593492,0.0039370078593492,0.0068965516984462,0.0118226604536175,0.0059113302268087,0.0009848338086158,4.750734557719872e-07,0.0009842519648373,0.0009842519648373,0.0009852217044681,0.0009852217044681,0.0009852217044681,0.0206820916384458,0.0037929567372524,0.0206692907959222,0.017716534435749,0.0226600989699363,0.0266009867191314,0.01576354727149,0.0061060471460223,0.0009653996292101,0.0049212598241865,0.0068897637538611,0.0049261087551712,0.0068965516984462,0.0068965516984462,0.0380165629088878,0.0060066105477843,0.0305118113756179,0.0354330688714981,0.040394090116024,0.0482758618891239,0.0354679822921752,0.01004518866539,0.0007355248491407,0.0098425196483731,0.0108267720788717,0.0108374385163187,0.0098522175103425,0.0088669955730438
-925,0.3336059827667971,0.001674139174787,0.3343241360659401,0.331270015022407,0.3335793198396762,0.3362569309150179,0.3325995119909445,3.4544255450367927,0.0091021105037104,3.4489106660087905,3.4422855687638125,3.453967067102591,3.469490228841702,3.4574741944670677,0.639892494554321,0.0036432440273061,0.635966264953216,0.6437885593622923,0.6412282542635998,0.6351693781713644,0.6433100160211325,0.5191268865019083,0.0131254885465641,0.526587683086594,0.5358429771537582,0.521148337982595,0.4965662602335214,0.5154891740530729,0.3498887063935399,0.0022570356299848,0.3508598683401942,0.3510207328945398,0.3504056669771671,0.3517048573121428,0.3454524064436555,3.480285455286503,0.0015547912353765,3.480760909616947,3.479189082980156,3.4815254732966423,3.482088901102543,3.477862909436226,0.6039919421076775,0.008047068894979,0.5994814392179251,0.6000406118109822,0.6029761889949441,0.5977335795760155,0.6197278909385204,0.4969860143959522,0.0022187684135229,0.5001136641949415,0.4980596369132399,0.4974232073873281,0.4934982378035784,0.4958353256806731,0.3464469550177455,0.0050916265384644,0.3409422235563397,0.3396962946280837,0.3491412084549665,0.350601770915091,0.3518532775342464,3.478189986944199,0.0028900336253211,3.4740511626005173,3.476762555539608,3.479795128107071,3.4777035266160965,3.4826375618577003,0.6119721669703722,0.0104718158728888,0.6235374547541142,0.6139124296605587,0.6200248263776302,0.593658123165369,0.6087280008941889,0.4946040192618966,0.0018550624087141,0.4936877023428678,0.497379376552999,0.4961857441812753,0.4932320266962051,0.4925352465361357,17.6,6.529931086925803,25,22,19,6,16,0.5303752283491964,0.0128529295320182,0.5256705475183182,0.540133317001609,0.5115239116860074,0.5259147948514507,0.5486335706885963,0.5285482218530015,0.0091952823417136,0.5409024950259713,0.53674914567825,0.5167874869945818,0.5205526089992278,0.5277493725669771,0.5231834875686241,0.0133539075160629,0.5369983645657761,0.5359878502150761,0.5220991052601226,0.5001778621370789,0.5206542556650666,433.7704040527344,11.65317556505992,426.9652404785156,428.9698486328125,422.96923828125,455.9721984863281,433.9754943847656,1015.3990234375,0.4896258427717617,1016.0001831054688,1015.9971923828124,1015.0001831054688,1015.0001831054688,1014.9973754882812,0.0041369614657014,0.0030144528299871,0.0009842519648373,0.0039370078593492,0.0088669955730438,0.0009852217044681,0.0059113302268087,0.0007879834156483,0.000393991886837,0.0009842519648373,0.0,0.0009852217044681,0.0009852217044681,0.0009852217044681,0.0159545794129371,0.005517149978261,0.0118110235780477,0.0187007877975702,0.0177339911460876,0.007881773635745,0.0236453209072351,0.0061054654419422,0.0011456305507894,0.0068897637538611,0.0078740157186985,0.0049261087551712,0.0049261087551712,0.0059113302268087,0.0319078005850315,0.0090821361138132,0.0364173240959644,0.031496062874794,0.0325123146176338,0.01576354727149,0.0433497540652751,0.0106361275538802,0.0019081819736818,0.0078740157186985,0.0137795275077223,0.0108374385163187,0.0098522175103425,0.0108374385163187
-900,0.3355658863360683,0.0034722867292222,0.3353126017997662,0.3412647169704239,0.3355378207440178,0.3354132873937487,0.3303010047723849,3.4619362833599245,0.0084255147448794,3.4517471753060818,3.468609657138586,3.4694396009047828,3.4683788555363813,3.451506127913793,0.6359579612811406,0.0055506385573152,0.6350064190725485,0.6273036543279886,0.6349982979396979,0.6379612740129232,0.644520161052545,0.5076590299606323,0.0133696820161394,0.5243930437912544,0.4950331601624687,0.4975743225465218,0.4977101326609651,0.5235844906419516,0.3546475818380713,0.0050119995016059,0.3532245075330138,0.359870309010148,0.3583462396636605,0.356118880212307,0.3456779727712273,3.483412192761898,0.002822553696703,3.483683630824089,3.4824815317988396,3.4864830896258354,3.4858502373099327,3.4785624742507935,0.6034609355032444,0.0094759603119836,0.6120711332187057,0.5902116000652313,0.5950294826179743,0.6053713439032435,0.6146211177110672,0.4938388247042894,0.0007828698756379,0.4944501454010606,0.4930572072044015,0.4927362538874149,0.4943108977749944,0.4946396192535758,0.3517492316663265,0.0038798501354752,0.3485264843329787,0.3486541053280234,0.3590908460319042,0.350575185380876,0.3518995372578501,3.4793499201536178,0.0017082891005345,3.4773353412747383,3.4783066362142563,3.482408158481121,3.4791358783841133,3.4795635864138603,0.6130764307454228,0.007993383795375,0.6281866207718849,0.60697440803051,0.6092472858726978,0.6140817012637854,0.6068921377882361,0.4940930003300309,0.0020635657440078,0.4918738314881921,0.4926033979281783,0.4940498350188136,0.4940838273614645,0.4978541098535061,12.4,8.16333265278342,22,2,7,9,22,0.5295526335578313,0.0217915479678235,0.5349871256630727,0.5015701087442473,0.5161293616742236,0.5283725506774518,0.5667040210301612,0.5247664821066392,0.0151842243654356,0.5387190358362913,0.5138724889540345,0.5035452437055975,0.5232608452141713,0.5444347968231016,0.5123821170535898,0.0147595547148948,0.5275081527721606,0.5088303398067683,0.4924889043003902,0.5020939683525573,0.5309892200360729,433.76976318359374,11.65159686514355,426.9634094238281,428.9726867675781,422.9708251953125,455.9689025878906,433.9729919433594,1015.3994262695312,0.4907170771191516,1016.0006713867188,1016.0001831054688,1015.0001831054688,1014.999755859375,1014.996337890625,0.0102430086582899,0.0076975450518646,0.0118110235780477,0.0049212598241865,0.0246305428445339,0.0039408868178725,0.0059113302268087,0.0009848338086158,4.750734557719872e-07,0.0009842519648373,0.0009842519648373,0.0009852217044681,0.0009852217044681,0.0009852217044681,0.0246235605329275,0.008200431532098,0.0226377956569194,0.0127952750772237,0.0384236462414264,0.0236453209072351,0.0256157647818326,0.0057121524587273,0.0007380023084284,0.0049212598241865,0.0059055117890238,0.0059113302268087,0.0049261087551712,0.0068965516984462,0.0445174761116504,0.0079769166536657,0.0433070883154869,0.0305118113756179,0.0512315295636653,0.0532019734382629,0.0443349778652191,0.0108337538316845,0.0016513771158952,0.0108267720788717,0.0078740157186985,0.0108374385163187,0.0118226604536175,0.0128078823909163
-875,0.3356448365996282,0.0053518599003492,0.3413381082937121,0.3415043788651625,0.3360618914787968,0.3281348400438825,0.3311849643165866,3.4599376882115997,0.0114797043775696,3.469388465086619,3.468426652252674,3.469098019103209,3.441569988926252,3.4512053156892457,0.6352760796745618,0.0079537012194942,0.6259366224209467,0.6273477474848429,0.6346274881313244,0.6458627476046482,0.6426057927310467,0.5110536881412069,0.0179283967099077,0.4975113195056717,0.4956947040433685,0.4971549982825915,0.5387285600105921,0.5261788588638107,0.3530073139816522,0.0035300978273554,0.3548210198059678,0.355868274345994,0.3565821377560496,0.3503015339374542,0.3474636040627956,3.4830106854438783,0.0028139613756733,3.4826618880033493,3.4849749878048897,3.4872342124581337,3.4794884994626045,3.4806938394904137,0.6040554441511631,0.0104526995375392,0.5984434708952904,0.5969112440943718,0.5964207667857409,0.6043115761131048,0.6241901628673077,0.493774451687932,0.0012335459662805,0.4927047500386834,0.4930133791640401,0.4928307579830289,0.4944049520418048,0.4959184192121029,0.3500331781804561,0.0040803764891989,0.3485245006158948,0.3446732349693775,0.3547658557072282,0.347388812340796,0.3548134872689843,3.479989244043827,0.0031191554261954,3.4760953038930893,3.480695404112339,3.4831560477614403,3.4766118600964546,3.483387604355812,0.6136593583971262,0.004786763370209,0.6188775971531868,0.6135976985096931,0.6182822361588478,0.6057578353211284,0.6117814248427749,0.4946706367656588,0.0032482562948297,0.4917414300143718,0.4912049826234579,0.49332279805094,0.4989741127938032,0.4981098603457212,12.8,11.142710621747296,4,2,6,30,22,0.5240540634030509,0.0301611832162524,0.4749599352147556,0.5285716007711693,0.5199736620565476,0.5269647843909491,0.5698003345818331,0.5180639223453667,0.0194935125274201,0.4947294260689499,0.5288684790834438,0.4943198092281017,0.5332801923715645,0.5391217049747737,0.5120599468612574,0.0157240945070596,0.5078848300119267,0.5151559462103498,0.4848301418606916,0.5204239374609936,0.5320048787623259,433.7687255859375,11.651366299060138,426.9642028808594,428.9694213867187,422.9690246582031,455.9669494628906,433.9740295410156,1015.3993530273438,0.4909750688748506,1016.0001831054688,1016.0011596679688,1014.999755859375,1014.998291015625,1014.9973754882812,0.0086687873117625,0.0073577604227498,0.0039370078593492,0.0019685039296746,0.0226600989699363,0.0059113302268087,0.0088669955730438,0.0013791164383292,0.0010048090838868,0.0009842519648373,0.0,0.0009852217044681,0.0019704434089362,0.0029556651134043,0.0246239483356475,0.0082245347188185,0.0216535441577434,0.0118110235780477,0.0364532023668289,0.0236453209072351,0.0295566506683826,0.0057123463600873,0.0014490315187763,0.0049212598241865,0.0049212598241865,0.007881773635745,0.0068965516984462,0.0039408868178725,0.0411715999245643,0.0118251309108097,0.0305118113756179,0.0236220471560955,0.0502463057637214,0.0532019734382629,0.0482758618891239,0.0106365155428648,0.0014500919710595,0.0098425196483731,0.0098425196483731,0.0128078823909163,0.0118226604536175,0.0088669955730438
-850,0.3322722954675555,0.0046100560308512,0.3330215439200401,0.3401593460390965,0.3271966576576233,0.3328788969665766,0.3281050327544411,3.4508531289796034,0.0109146601932837,3.4443359213570752,3.4682192181547484,3.4396718802551427,3.458972878754139,3.4430657463769117,0.6413050842781862,0.0065870555617923,0.6395266385128101,0.630246871461471,0.6477137686063846,0.6406610341121753,0.64837710869809,0.5258534774805108,0.0180497603436188,0.5363239099582037,0.4961147295931975,0.5443877239401141,0.5141548905521631,0.5382861333588759,0.3507898392155766,0.003242432436124,0.34910789411515,0.3558993367478251,0.3494618935510516,0.3528755838051438,0.3466044878587127,3.4814402043819426,0.0015587752474646,3.4813904017210007,3.4825005531311035,3.4807484075427055,3.483571320772171,3.478990338742733,0.6080844260752201,0.007301879766054,0.6039323443546891,0.5981568098068237,0.6063912296667695,0.6125407945364714,0.6194009520113468,0.4957704024389386,0.0025934475955038,0.4952303953468799,0.4928873740136623,0.4993452867493033,0.4932211134582758,0.4981678426265716,0.3468012681230902,0.0057364565973075,0.3368551153689623,0.34509352222085,0.3496744809672236,0.3483732119202614,0.354010010138154,3.4780151799321173,0.0026891966024865,3.4740495905280113,3.479141153395176,3.477485403418541,3.47713004052639,3.482269711792469,0.6199963506311178,0.0104859291824143,0.6383283138275146,0.613318856805563,0.6199882291257381,0.6212902329862118,0.6070561204105616,0.4969283830374479,0.0020916015826988,0.4986326098442077,0.493101037107408,0.4988232040777802,0.4964489778503775,0.497636086307466,21.0,9.316651759081692,26,5,29,16,29,0.5337823299464404,0.024515365236215,0.5248520717082771,0.525193596812647,0.4979090643268474,0.552134536260723,0.5688223806237073,0.5325942785939312,0.0123094256828694,0.542538173631171,0.515644045123008,0.5200028936357851,0.5456211415092099,0.5391651390704818,0.5272377228371699,0.0148586892301238,0.5438116057481189,0.4996916871568861,0.532290654782484,0.5264976817172151,0.5338969847811449,433.7687255859375,11.652593938329655,426.961181640625,428.9731140136719,422.9675903320313,455.9693603515625,433.9723815917969,1015.3984741210936,0.4904973462346039,1015.9982299804688,1016.0001831054688,1014.9973754882812,1014.999755859375,1014.996826171875,0.0041371554601937,0.0026733259066771,0.0009842519648373,0.0029527558945119,0.0049261087551712,0.0029556651134043,0.0088669955730438,0.0009850277565419,0.0008812091670127,0.0,0.0009842519648373,0.0019704434089362,0.0,0.0019704434089362,0.0220633417367935,0.0065595703213669,0.015748031437397,0.0127952750772237,0.0266009867191314,0.0295566506683826,0.0256157647818326,0.0059095846489071,0.0016496356733975,0.0029527558945119,0.0059055117890238,0.007881773635745,0.0059113302268087,0.0068965516984462,0.0439275048673152,0.0082496930058162,0.033464565873146,0.034448817372322,0.0482758618891239,0.052216749638319,0.0512315295636653,0.0104398587718606,0.001478278651276,0.0088582672178745,0.0088582672178745,0.0128078823909163,0.0108374385163187,0.0108374385163187
-825,0.336534800628821,0.0023171940298006,0.3336930122847358,0.3406679648905992,0.3369441156586011,0.3358773533254862,0.3354915569846828,3.4644826109210647,0.008800826132424,3.446907304227352,3.468466829508543,3.4695513087014356,3.4692438232402005,3.4682437889277935,0.6354718845337629,0.0026157449859082,0.6378729461381832,0.6314191091805696,0.6335270634541909,0.636329231162866,0.6382110727330049,0.5037480199088653,0.0138711547826391,0.5314557974537214,0.495547693533202,0.4970821933820843,0.4970177880798777,0.497636627095441,0.3542741803452373,0.0029053365864143,0.3531569363549351,0.3563948506489396,0.358791739679873,0.3521502576768398,0.3508771173655987,3.482471741735935,0.0017342700122045,3.4825993850827217,3.4822149500250816,3.484687939286232,3.4834114983677864,3.4794449359178543,0.5993878025561571,0.0081202566786765,0.6081924233585596,0.5859141275286674,0.5944516733288765,0.6039292141795158,0.6044515743851662,0.4945869281888008,0.0014004035570232,0.4972337391227484,0.4945318670943379,0.4931138204410672,0.4940022667869925,0.494052947498858,0.3505776731297373,0.0055358745416729,0.3474722728133201,0.3424264714121818,0.358411761932075,0.3500624764710665,0.3545153830200434,3.4796573400497435,0.0027047427846765,3.475983254611492,3.478309042751789,3.481032058596611,3.4789593890309334,3.4840029552578926,0.6091180615127086,0.009204454983155,0.6260240115225315,0.6078076772391796,0.6099692163988948,0.6011291481554508,0.6006602542474866,0.4931352155283093,0.0019595052675705,0.4966854238882661,0.4924335600808263,0.4926309995353222,0.4932079995051026,0.4907180946320295,9.6,7.683749084919419,24,3,3,9,9,0.5198987539794986,0.0056584104264799,0.5200189896028613,0.5167263594493973,0.5155069247330273,0.5307976155890186,0.516443880523189,0.5189076895190863,0.012458047731374,0.538049362682743,0.5215529201008678,0.5000859840929615,0.5221134309169552,0.512736749801904,0.5085137667179882,0.0167491097521056,0.5401219031742721,0.5070800069381748,0.4903750362252929,0.5027098322396051,0.502282055012596,433.7712036132813,11.652531407127514,426.9632263183594,428.9706726074219,422.97222900390625,455.9714965820313,433.9783935546875,1015.399609375,0.4893703314557286,1015.9977416992188,1016.0001831054688,1015.0001831054688,1014.999755859375,1015.0001831054688,0.0039379776921123,0.0035753780017541,0.0108267720788717,0.0039370078593492,0.0009852217044681,0.0019704434089362,0.0019704434089362,0.0007879834156483,0.000393991886837,0.0,0.0009842519648373,0.0009852217044681,0.0009852217044681,0.0009852217044681,0.0177256511524319,0.0055302102471624,0.0275590550154447,0.0147637799382209,0.0197044350206851,0.0147783253341913,0.0118226604536175,0.004136573523283,0.0009661882386438,0.0039370078593492,0.0029527558945119,0.0039408868178725,0.0039408868178725,0.0059113302268087,0.0356471821665763,0.0142063843599986,0.063976377248764,0.0265748035162687,0.0295566506683826,0.0295566506683826,0.0285714287310838,0.0102422330528497,0.0010042507353264,0.0108267720788717,0.0098425196483731,0.0098522175103425,0.0118226604536175,0.0088669955730438
-800,0.3356158535306652,0.0039360146506777,0.3415298430869977,0.3309070474157731,0.3326723085095485,0.3342336434870958,0.3387364251539111,3.4607008258501692,0.0115014720305003,3.4693072823186717,3.4387714800735316,3.4609025406340757,3.4640732556581497,3.470449570566416,0.6357180320968231,0.00754469954072,0.6259766121705373,0.6440197142461935,0.641292925303181,0.6400210931897163,0.6272798155744871,0.5101157679532966,0.0166145857101268,0.4982463670894503,0.5413600302611788,0.5114352107048035,0.5046300788720449,0.494907152839005,0.3514972142875194,0.0025542048649056,0.3543267399072647,0.353621075861156,0.3505418011918664,0.3518644580617547,0.3471319964155555,3.483392748236656,0.0015111624462219,3.4837815687060356,3.481929935514927,3.4845396354794502,3.485332287847996,3.4813803136348724,0.6079012364149093,0.0113725869651665,0.6094641368836164,0.5914591336622834,0.6042271489277482,0.6074752509593964,0.6268805116415024,0.494781237654388,0.0025893646131519,0.492717077024281,0.4992950651794672,0.4960444243624806,0.4924773927778005,0.4933722289279103,0.3486409228295087,0.0043337529641231,0.3474680269137025,0.3424730692058801,0.3505404787138104,0.347114322707057,0.3556087166070938,3.4800642654299736,0.0030912650892312,3.4760572463274,3.4794712960720062,3.480122894048691,3.479090228676796,3.485579662024975,0.6155348079279065,0.0089757334759629,0.6310236752033234,0.6036010552197695,0.6164190359413624,0.6155359195545316,0.6110943537205458,0.4943086178973317,0.0014024550409524,0.4920555390417576,0.4961699768900871,0.4950541658326983,0.4947126256301999,0.4935507820919156,11.0,7.321202087089251,4,22,15,12,2,0.527561794133409,0.0248877754801456,0.4785135089463891,0.5449132665119929,0.5345389381329013,0.5441635276913918,0.5356797293843695,0.5260334757732207,0.0142812536349183,0.5019592531391255,0.5436709835595507,0.5286023657525692,0.5355516455950426,0.5203831308198154,0.5209527917558605,0.0074126284752239,0.512225702949929,0.531655755704153,0.5260787325545677,0.5214346634936157,0.513369104077037,433.7685974121094,11.652516482454368,426.9646301269531,428.968017578125,422.9671936035156,455.9689025878906,433.9742431640625,1015.3993286132812,0.4899984948830941,1016.0006713867188,1015.9982299804688,1014.998779296875,1015.0001831054688,1014.998779296875,0.0061054653022438,0.004376912995765,0.0118110235780477,0.0029527558945119,0.0108374385163187,0.0039408868178725,0.0009852217044681,0.0009848338086158,0.0006231090983742,0.0009842519648373,0.0009842519648373,0.0,0.0019704434089362,0.0009852217044681,0.0204860171303153,0.0038162371708082,0.0196850392967462,0.0137795275077223,0.0246305428445339,0.0206896550953388,0.0236453209072351,0.0047271246556192,0.001306753953023,0.0049212598241865,0.0049212598241865,0.0029556651134043,0.0068965516984462,0.0039408868178725,0.0384110398590564,0.005482368892369,0.033464565873146,0.0305118113756179,0.040394090116024,0.0443349778652191,0.0433497540652751,0.0104388892650604,0.0015977942968828,0.0098425196483731,0.0127952750772237,0.0088669955730438,0.0088669955730438,0.0118226604536175
-775,0.3405226367836197,0.005703873658522,0.3354717073962092,0.3401935994625091,0.3390052846322457,0.3514198483899236,0.3365227440372109,3.4657093132535612,0.0066445714099917,3.4524824718634286,3.4678545594215393,3.4695288514097533,3.468992043286562,3.4696886402865252,0.6243648759943123,0.0152401783915917,0.6358066263298193,0.6283677176882824,0.6281057571371397,0.594568879615205,0.634975399201115,0.502295988239348,0.0112492433213176,0.5247836752484242,0.4968917779624462,0.496902280797561,0.4959992254152894,0.4969029817730188,0.3554814249277115,0.0056341680533839,0.3532215934246778,0.3549686865881085,0.362839532084763,0.3598480178043246,0.3465292947366833,3.483083117008209,0.0024854080423451,3.4833589270710945,3.483128659427166,3.4862189441919327,3.484093017876148,3.4786160364747047,0.6031352074816823,0.0072894568864438,0.6123851593583822,0.5926079750061035,0.598824305459857,0.6017400920391083,0.6101185055449605,0.4940250977873802,0.0018278489578033,0.4960558423772454,0.4959430675953626,0.4913373813033104,0.4940593354403972,0.4927298622205853,0.3506964296102524,0.0071448936817397,0.3420113399624824,0.3429938033223152,0.3604522729292512,0.3553005717694759,0.3527241600677371,3.4791034296154977,0.0028155915885891,3.473984882235527,3.4791831597685814,3.4809779301285744,3.479118473827839,3.4822527021169662,0.6170428516343236,0.0152865409940406,0.6434849686920643,0.6096188751980662,0.6244028992950916,0.6063048783689737,0.6014026366174221,0.493475684709847,0.0010983659932196,0.4942100020125508,0.4918039785698056,0.493387047201395,0.4929485069587827,0.4950288888067007,7.0,7.694153624668538,22,4,2,1,6,0.5327082702481982,0.0025003520110375,0.528615762159537,0.5316359321445296,0.5361477734707172,0.5337153072963534,0.5334265761698536,0.5325044848045571,0.0146306380238859,0.561153340491364,0.5228001713661934,0.521991826880559,0.5261341401498811,0.5304429451347878,0.5199396804584604,0.0205978846210765,0.5586317779505225,0.507149876808554,0.5066692809773038,0.5035039287192181,0.5237435378367035,433.7701232910157,11.650911212053176,426.96380615234375,428.9714660644531,422.97222900390625,455.9676208496094,433.9754943847656,1015.3992309570312,0.4896794906160819,1015.9977416992188,1016.0001831054688,1014.999267578125,1015.0001831054688,1014.998779296875,0.003151351865381,0.0014471043503847,0.0049212598241865,0.0019685039296746,0.0019704434089362,0.0049261087551712,0.0019704434089362,0.0007879834156483,0.0007372206790883,0.0,0.0009842519648373,0.0019704434089362,0.0,0.0009852217044681,0.0214712388813495,0.0072529973307744,0.0226377956569194,0.0108267720788717,0.0285714287310838,0.0295566506683826,0.01576354727149,0.0051219891756772,0.0019117361173689,0.0029527558945119,0.0029527558945119,0.0059113302268087,0.0059113302268087,0.007881773635745,0.0364407893270254,0.0089666538233067,0.0423228330910205,0.0206692907959222,0.0413793101906776,0.0453201979398727,0.0325123146176338,0.0092579809017479,0.0016032336926758,0.0068897637538611,0.0088582672178745,0.0098522175103425,0.0088669955730438,0.0118226604536175
-750,0.3355574099967877,0.0047608602864283,0.3362489103650053,0.3410728465144833,0.3369223897655805,0.3368655958523353,0.3266773074865341,3.460148774584134,0.0128014287549491,3.4560186925033727,3.468719620257616,3.4693529469271502,3.4699253576497235,3.4367272555828094,0.6361457262188197,0.0079509300238554,0.6350243985652924,0.6274360486616691,0.632288604353865,0.6349148042500019,0.6510647752632698,0.5113663291558623,0.0209405392599248,0.5186953802282611,0.4961000299081206,0.4952844784905513,0.4973118078584472,0.5494399492939314,0.3528545100241899,0.0032313774660619,0.351872113533318,0.3553718272596597,0.356408080086112,0.3534193467348814,0.3472011825069785,3.4824963346123696,0.0019901669402348,3.4839654341340065,3.481491766870022,3.484304301440716,3.483682319521904,3.4790378510951996,0.6023712290450931,0.0115421218411795,0.6101012900471687,0.5981252528727055,0.5845564678311348,0.6003640303388238,0.6187091041356325,0.4950394628569484,0.0024462429513178,0.4933215528726578,0.4951555170118809,0.4932590024545789,0.4937251452356577,0.4997360967099666,0.3507844857871532,0.0042413144405847,0.3480459991842508,0.3452429668977856,0.3556536566466093,0.349157465621829,0.3558223405852914,3.479139158129692,0.0025619852164807,3.476268835365772,3.4784704074263573,3.479685351252556,3.477524660527706,3.483746536076069,0.6078609677031637,0.009386371997571,0.6236169971525669,0.6132283750921488,0.5993297472596169,0.603951770812273,0.5991779481992126,0.4940411614254117,0.0012067107252298,0.4951112354174256,0.4937566462904215,0.4925352493301034,0.493073271587491,0.4957294045016169,11.8,11.196428001822724,18,2,3,5,31,0.5177417608421553,0.0128893980996659,0.511802980001251,0.4991290178802456,0.5130716710571063,0.5320220305910114,0.5326831046811625,0.5216824551064818,0.0170909250103457,0.5404337204103644,0.4962713197829505,0.5069662223068032,0.5353810252366761,0.5293599877956148,0.511715450581003,0.0214376223726676,0.5449617936767671,0.4866125584965959,0.4918162350089632,0.5106181638978985,0.5245685018247902,433.7688049316406,11.652695875515692,426.9607543945313,428.970458984375,422.9693908691406,455.96978759765625,433.9736328125,1015.3996215820312,0.4895603616546757,1015.9982299804688,1016.0001831054688,1015.0001831054688,1015.001220703125,1014.998291015625,0.0092589504551142,0.0081391034442522,0.0088582672178745,0.0019685039296746,0.0236453209072351,0.0009852217044681,0.0108374385163187,0.0007879834156483,0.000393991886837,0.0,0.0009842519648373,0.0009852217044681,0.0009852217044681,0.0009852217044681,0.0204873747192323,0.0111717700180883,0.0216535441577434,0.0049212598241865,0.0364532023668289,0.0118226604536175,0.027586206793785,0.0043334240093827,0.0007884708302894,0.0049212598241865,0.0029527558945119,0.0049261087551712,0.0039408868178725,0.0049261087551712,0.0388053223490715,0.0157372929614497,0.0413385815918445,0.0216535441577434,0.0541871935129165,0.0197044350206851,0.0571428574621677,0.0100461581721901,0.002525460639133,0.0098425196483731,0.0059055117890238,0.0108374385163187,0.0098522175103425,0.0137931033968925
-725,0.3353196319192647,0.0052348190150485,0.3406436555087566,0.3400806728750467,0.3328312973802288,0.3365688876559337,0.326473646176358,3.4607173201938473,0.0127464121144693,3.469254519790411,3.468403600156307,3.459303498268127,3.470175625135502,3.4364493576188884,0.6364945104966561,0.0078484638374459,0.6274292940894762,0.630619807789723,0.6397130011270443,0.6348636622230212,0.6498467872540156,0.5102717382833362,0.0198897742960827,0.4981623608618974,0.4971437957137823,0.5138923721387982,0.4945067285249631,0.5476534341772398,0.3523220170289278,0.0017735591519791,0.3532887334004044,0.3541804905980825,0.3513374282047152,0.3534844759851694,0.3493189569562673,3.481169028580189,0.0027729623220089,3.482950985431671,3.4814760088920593,3.482880659401417,3.4828060567379,3.4757314324378967,0.6023340003564954,0.0093105741270276,0.6001696521416306,0.5876634288579226,0.6075694635510445,0.6004252880811691,0.6158421691507101,0.4978230534121394,0.0055840644883352,0.4950989056378603,0.4937886027619242,0.4978582980111241,0.4937817538157105,0.5085877068340778,0.3506266688928008,0.0056438648716455,0.3448527809232473,0.3445500014349818,0.3517932193353772,0.3520592236891389,0.3598781190812588,3.478658041357994,0.0024320780757654,3.475589320063591,3.479154981672764,3.4777679070830345,3.47782713919878,3.482950858771801,0.6065078178420663,0.0123150678024896,0.6243002116680145,0.5988991437479854,0.6182097792625427,0.5974905751645565,0.5936393793672323,0.4949521711096167,0.0026114535029395,0.4919984685257077,0.4936621403321624,0.4988609310239553,0.4930732706561684,0.4971660450100899,12.4,11.25344391730816,4,4,16,5,33,0.5187891829448615,0.0209966999476389,0.4832520104683396,0.5125647332875423,0.5184498214449914,0.5369838855010447,0.5426954640223896,0.5239347605352374,0.0136941981660012,0.5112686842819956,0.505966739496341,0.5304645444773658,0.5282013854373708,0.5437724489831139,0.5199739511626149,0.0125705789687941,0.5188593749769135,0.4993540026470223,0.533360546514505,0.5154984122715777,0.5327974194030556,433.7684326171875,11.652896457208698,426.9634094238281,428.9710388183594,422.9671936035156,455.97021484375,433.9703063964844,1015.3991455078124,0.4909457112189578,1016.0001831054688,1016.0006713867188,1014.9978637695312,1015.0001831054688,1014.996826171875,0.0043341998476535,0.0029628455054816,0.0019685039296746,0.0019685039296746,0.0049261087551712,0.0029556651134043,0.0098522175103425,0.001378922490403,0.0004829749373355,0.0009842519648373,0.0009842519648373,0.0009852217044681,0.0019704434089362,0.0019704434089362,0.0177285601384937,0.0091990582956898,0.0226377956569194,0.0049212598241865,0.0206896550953388,0.0098522175103425,0.0305418726056814,0.0051216012798249,0.001695897219114,0.0049212598241865,0.0029527558945119,0.0039408868178725,0.0059113302268087,0.007881773635745,0.030532369017601,0.0129103856703638,0.0275590550154447,0.0206692907959222,0.0325123146176338,0.0177339911460876,0.0541871935129165,0.0094548313878476,0.001602495261428,0.0098425196483731,0.0068897637538611,0.0088669955730438,0.0098522175103425,0.0118226604536175
-700,0.3373344528178373,0.0090634445918578,0.3353100360060732,0.3547293084363143,0.3299902441600958,0.3363132675488789,0.3303294079378247,3.4572491988539698,0.0096903519691971,3.4512857670585313,3.467697656402985,3.4455134148399034,3.469840247184038,3.4519089087843895,0.630535970031148,0.0187698498865941,0.6345739293222626,0.5939105492652743,0.6441921144723892,0.6356357323626677,0.6443675247331461,0.5154639726504684,0.0166073307207588,0.5258106350277861,0.4955644967655341,0.5363225098699331,0.4960818293814857,0.5235403922076026,0.3519795849919319,0.0044483741607931,0.3503332054242491,0.3599410708993673,0.3494100077077746,0.3532073944807052,0.3470062464475631,3.4819765985012054,0.0012030159673165,3.481746591627598,3.482405997812748,3.481563463807106,3.4839281141757965,3.480238825082779,0.6082454023882746,0.0089524366526618,0.6084911618381739,0.5967247895896435,0.6022406397387385,0.6104588601738214,0.623311560600996,0.4962430227547884,0.0027843455215999,0.4949094401672482,0.494166168384254,0.4953198758885264,0.4950610119849443,0.501758617348969,0.3487112810835242,0.0032518232733585,0.3449366688728332,0.3497569188475609,0.3486009845510125,0.3460389841347933,0.3542228490114212,3.4784446343779565,0.0038643754970881,3.4737157449126244,3.4776346683502197,3.477704554796219,3.477622516453266,3.485545687377453,0.6159323563799262,0.0045907384484824,0.6215394660830498,0.6100724022835493,0.61287447437644,0.6211065659299493,0.6140688732266426,0.494818458892405,0.0023606873059679,0.4994123987853527,0.4927421882748604,0.4942981190979481,0.4935167897492647,0.4941227985545993,14.4,9.178235124467014,22,1,24,6,19,0.5384555363925666,0.0111743127854792,0.525843301850157,0.5323173560002193,0.5319565284299167,0.5453106365184749,0.5568498591640649,0.5373958160009381,0.0087020231160695,0.548015959554518,0.5225390317928311,0.5428506137201917,0.5394902327971259,0.5340832421400239,0.5296024895628065,0.0192184278232132,0.5507224369844756,0.5109548702648141,0.5549754865545174,0.5124023345435531,0.5189573194666721,433.7688598632813,11.65172805454301,426.9603576660156,428.9745178222656,422.9685974121094,455.9676208496094,433.97320556640625,1015.3985595703124,0.489631202738323,1015.9962768554688,1016.0001831054688,1014.9973754882812,1015.0001831054688,1014.998779296875,0.0051223771646618,0.0063365185456385,0.0019685039296746,0.0019685039296746,0.0009852217044681,0.0177339911460876,0.0029556651134043,0.0005907451268285,0.0004823415062316,0.0009842519648373,0.0009842519648373,0.0,0.0009852217044681,0.0,0.0212738066911697,0.0086930136899622,0.0246062986552715,0.0108267720788717,0.0137931033968925,0.0354679822921752,0.0216748770326375,0.0051212134771049,0.0003950643263659,0.0049212598241865,0.0049212598241865,0.0049261087551712,0.0049261087551712,0.0059113302268087,0.0389990698546171,0.0146876658263294,0.0610236227512359,0.0187007877975702,0.027586206793785,0.0423645339906215,0.0453201979398727,0.0100449947640299,0.0009614428924739,0.0118110235780477,0.0098425196483731,0.0098522175103425,0.0088669955730438,0.0098522175103425
-675,0.3356103685994943,0.0045108405927596,0.342021401040256,0.3295891207332412,0.331478763371706,0.3378755369534095,0.3370870208988587,3.460083736727635,0.0137000639058801,3.469092395156622,3.4345883453885713,3.4567600712180138,3.4699018908043704,3.470075981070598,0.6362552012006442,0.0076711321467877,0.625228169063727,0.6467774591098229,0.6425643774370352,0.6317302330086628,0.6349757673839728,0.5105336948608359,0.0197898812097199,0.4981266589214404,0.5466964710503817,0.5169291663914919,0.4947279427821437,0.4961882351587216,0.3532323218882084,0.0022369143018685,0.3551174039021134,0.3510471424087882,0.3508439790457487,0.3564964830875397,0.3526566009968519,3.4817073181271554,0.0021222305926932,3.482273690402508,3.480457730591297,3.484191380441189,3.483341157436371,3.478272631764412,0.5982689885422587,0.009543841349852,0.6007276643067598,0.6003260891884565,0.6132456641644239,0.5924514476209879,0.5845940774306655,0.4947989514097571,0.0018503512461544,0.4936119178310036,0.4979340871796012,0.4955399371683597,0.4943807488307357,0.4925280660390854,0.349628328345716,0.0043767538948986,0.3466693758964538,0.3425243338569999,0.3533825827762484,0.3516505286097526,0.3539148205891251,3.4785690173506736,0.0016827104404244,3.476009026169777,3.4779753535985947,3.4799779281020164,3.478073090314865,3.4808096885681152,0.6073751909658313,0.0130155574343204,0.6246601510792971,0.6077276850119233,0.6182158291339874,0.5966793969273567,0.5895928926765919,0.495154339261353,0.0022680032873924,0.4919674210250377,0.4974044878035784,0.4979813639074564,0.4936088044196367,0.4948096191510558,10.2,8.255906976220118,3,23,17,3,5,0.5258678435781932,0.0264840570118829,0.4830936086449505,0.5627773901254203,0.5214995890447097,0.5420214879216797,0.5199471421542057,0.5329311737247767,0.0161035407242539,0.514032297249381,0.5483551871450981,0.5365323330624506,0.5514230258976133,0.5143130252693409,0.5292332556946846,0.0107457992979814,0.5287208693037302,0.5416680033239953,0.5371952789586816,0.5282740288884228,0.5103080979985932,433.7700500488281,11.651428722727148,426.96484375,428.9692077636719,422.97021484375,455.9678039550781,433.9781799316406,1015.39921875,0.4894649613784287,1015.9996337890624,1015.9977416992188,1014.998779296875,1015.0001831054688,1014.999755859375,0.0047277064993977,0.0022816740668729,0.0039370078593492,0.0029527558945119,0.007881773635745,0.0068965516984462,0.0019704434089362,0.0011818781495094,0.0003942828682211,0.0009842519648373,0.0009842519648373,0.0009852217044681,0.0019704434089362,0.0009852217044681,0.0195017650723457,0.00720027368607,0.017716534435749,0.0108267720788717,0.0246305428445339,0.0305418726056814,0.0137931033968925,0.0061066290363669,0.0016967085238682,0.0049212598241865,0.0039370078593492,0.0059113302268087,0.0068965516984462,0.0088669955730438,0.0334868710488081,0.0073819828016791,0.0275590550154447,0.0265748035162687,0.040394090116024,0.0443349778652191,0.0285714287310838,0.0096514876931905,0.0013078121723394,0.0098425196483731,0.0088582672178745,0.007881773635745,0.0098522175103425,0.0118226604536175
-650,0.3360690509900451,0.003978930829648,0.3353118390465776,0.3411028273403644,0.3360052866240342,0.3292525941506028,0.3386727077886462,3.46103715573748,0.0101891005388488,3.451029305656751,3.4689346378048262,3.4688056322435536,3.4463716062406697,3.4700445967415967,0.6348423320179184,0.0062277602181948,0.6365203851213058,0.6280664438381791,0.6334135166058937,0.6459113080054522,0.6303000065187613,0.5092572333291173,0.0163564959315108,0.5250944895669818,0.4954426875337958,0.4972593036169807,0.5329839947323004,0.4955056911955277,0.3537381373345852,0.0013911561915048,0.3540371963754296,0.3542112465947866,0.3537618368864059,0.3512134635820985,0.3554669432342052,3.481389263272286,0.0022891467587636,3.4836468398571014,3.4818941056728363,3.483331970870495,3.4807696491479874,3.4773037508130074,0.601352133974433,0.0091892570949003,0.6087629003450274,0.5953220352530479,0.6067492580041289,0.6097707040607929,0.5861557722091675,0.4957262068986893,0.0024787743643667,0.498034531250596,0.4954267079010606,0.4933850103989243,0.4990362050011754,0.4927485799416899,0.3489522347226739,0.0052729027175666,0.344911121763289,0.3439631192013621,0.3526003379374742,0.3457270758226514,0.3575595188885927,3.477524285018444,0.0027153302610028,3.473115876317024,3.4799777418375015,3.479396030306816,3.475577838718891,3.4795539379119873,0.6150071557611227,0.0165377761953811,0.6364740990102291,0.6084539089351892,0.6245967019349337,0.618110528215766,0.5874005407094955,0.4966675907373428,0.0050095964239865,0.5053795222193003,0.4916647290810942,0.4927557623013854,0.4989173356443643,0.4946206044405699,10.8,9.21737489744233,21,3,5,23,2,0.5354441301893479,0.0231715718436089,0.5384119177892357,0.5019621721483335,0.543166835531188,0.5716933716716999,0.521986353806282,0.5388089556199244,0.0224214094091653,0.5682205833368972,0.5106195878390132,0.5312608024414823,0.5616814255681198,0.5222623789141092,0.5304408012233145,0.0221333119071333,0.5709673822137586,0.507199562543871,0.518538774888069,0.5351892461053606,0.5203090403655135,433.769384765625,11.651194835437122,426.9595642089844,428.9716796875,422.971435546875,455.9667053222656,433.9775390625,1015.3984619140624,0.4895113055698478,1015.9957885742188,1016.0001831054688,1014.999267578125,1014.998291015625,1014.998779296875,0.0055153019726276,0.0047694584891793,0.0078740157186985,0.0019685039296746,0.0029556651134043,0.0137931033968925,0.0009852217044681,0.0009848338086158,4.750734557719872e-07,0.0009842519648373,0.0009842519648373,0.0009852217044681,0.0009852217044681,0.0009852217044681,0.0194994376972317,0.0078627809579464,0.0285433065146207,0.0118110235780477,0.0128078823909163,0.0295566506683826,0.0147783253341913,0.0057121525518596,0.0011494245907885,0.0049212598241865,0.0059055117890238,0.0049261087551712,0.007881773635745,0.0049261087551712,0.0356485392898321,0.0178506610336128,0.065944880247116,0.017716534435749,0.0216748770326375,0.0453201979398727,0.027586206793785,0.0104390833526849,0.0007855721616097,0.0118110235780477,0.0098425196483731,0.0098522175103425,0.0108374385163187,0.0098522175103425
-625,0.3347404655069113,0.002139019980057,0.3367891389255722,0.3338709060723583,0.336666331316034,0.3353552812089522,0.3310206700116396,3.4595970292886093,0.0078650607405307,3.4572372461358705,3.4491919527451196,3.46968179444472,3.4676515298585096,3.454222623258829,0.6372705163434148,0.003384933749253,0.634100710041821,0.6395365906258424,0.6338924008111159,0.6361306365579367,0.6426922436803579,0.5117643749962251,0.0119922287717805,0.5159694061925014,0.5268607049559554,0.4972593023752172,0.4981504613533616,0.5205820001040896,0.3525679478421807,0.0038326252583991,0.3495306828990578,0.3544786302372813,0.3591395439580083,0.3509766869246959,0.3487141951918602,3.4825037971138952,0.0019873952900277,3.4806952252984047,3.4835401102900505,3.4854527413845062,3.4828883036971092,3.4799426048994064,0.6003692189231515,0.0061626694427829,0.6017890311777592,0.6004707086831331,0.588745336048305,0.6063480284065008,0.6044929903000593,0.4945283098146319,0.0022856547958952,0.493844760581851,0.4976126765832305,0.4919108096510172,0.4924842398613691,0.4967890623956918,0.3499311888590455,0.0059255095446574,0.3438343815505504,0.3431985415518284,0.3587518557906151,0.350035666488111,0.3538354989141226,3.479339782893658,0.0041285623263569,3.472318410873413,3.479669138789177,3.481501840054989,3.4783734902739525,3.484836034476757,0.607498686760664,0.0074008569859883,0.6175811793655157,0.6151069644838572,0.6038711164146662,0.6015335787087679,0.599400594830513,0.4954825917258859,0.0026613068332094,0.5006473725661635,0.4948026044294238,0.4931350285187363,0.493923825211823,0.4949041279032826,13.0,5.0990195135927845,18,16,5,9,17,0.5448904863352847,0.0090774284272416,0.5365105521466533,0.5585022256018952,0.5337151609201984,0.5452216806309033,0.5505028123767733,0.5376569048531299,0.0123074060872155,0.5573002628318682,0.5390421898974296,0.5186315456706277,0.5383300510608416,0.5349804748048826,0.5300535345491078,0.0167941364364281,0.5601809551303474,0.5285697369714637,0.5092109048335459,0.521939428674485,0.5303666471356967,433.7687744140625,11.65321834355283,426.9621887207031,428.9685974121094,422.9696044921875,455.9713134765625,433.97216796875,1015.3989501953124,0.4891369723330005,1015.996826171875,1015.9992065429688,1015.0001831054688,1015.0006713867188,1014.9978637695312,0.0041356036439538,0.003199228873328,0.0029527558945119,0.0088582672178745,0.0068965516984462,0.0009852217044681,0.0009852217044681,0.0011816842015832,0.0003934100433233,0.0019685039296746,0.0009842519648373,0.0009852217044681,0.0009852217044681,0.0009852217044681,0.0196959000080823,0.0081218592417352,0.0187007877975702,0.0246062986552715,0.0325123146176338,0.0118226604536175,0.0108374385163187,0.0049239751882851,0.0006212718116972,0.0049212598241865,0.0059055117890238,0.0049261087551712,0.0049261087551712,0.0039408868178725,0.0382120560854673,0.0128830345270764,0.033464565873146,0.0403543300926685,0.0620689690113067,0.0295566506683826,0.0256157647818326,0.0104388892650604,0.0018251041227246,0.0108267720788717,0.0118110235780477,0.0108374385163187,0.0068965516984462,0.0118226604536175
-600,0.3340314747144779,0.0058999948976744,0.3402756840611498,0.3414305420592427,0.3312789785365264,0.3311776636789242,0.3259945052365462,3.4559765972197054,0.0125155141115837,3.4694490817685923,3.468664047618707,3.4538964393238225,3.452494346847137,3.43537907054027,0.6380724954108397,0.0096485712967783,0.6268887768189112,0.6265346563110749,0.6427506717542807,0.6437318796912829,0.6504564924786488,0.5171215380852422,0.0194373572309258,0.4975533215329051,0.4948798529803753,0.5230286571507653,0.5221879056965312,0.5479579530656338,0.3541591672226786,0.004823931646334,0.3594347275793552,0.3596133403480053,0.3536605695262551,0.3508022027090192,0.3472849959507584,3.4818266570568084,0.0032848783291209,3.4841256365180016,3.481328099966049,3.4852031096816063,3.48267462849617,3.4758018106222153,0.6054603211581707,0.0060372409040526,0.6041253292933106,0.5942193185910583,0.6105917617678642,0.6093509327620268,0.6090142633765936,0.4959700064733624,0.0023020287277953,0.4933284008875489,0.4949537217617035,0.4952696561813354,0.4960877988487482,0.5002104546874762,0.3517458692193031,0.0041317385328669,0.3568003876134753,0.3472551433369517,0.353124619461596,0.3465405777096748,0.3550086179748177,3.4789584308862684,0.0025544595168164,3.4768828824162483,3.478996269404888,3.4813814386725426,3.4754212498664856,3.4821103140711784,0.6128636851906777,0.0106138330890234,0.613386107608676,0.6147058121860027,0.6277897395193577,0.6138964854180813,0.5945402812212706,0.4948439950123429,0.0020092070895147,0.4937182981520891,0.4915957907214761,0.4961277209222317,0.497374982573092,0.4954031826928258,15.0,10.0,6,2,18,19,30,0.5306031305405776,0.0331642874082836,0.4953985865958946,0.4925648346394282,0.5353081906846153,0.5797419012399354,0.5500021395430146,0.5374407554277931,0.0233577871287335,0.5379127027925037,0.4950383305101981,0.5482092370150561,0.5658328332357571,0.5402106735854505,0.5353812767297079,0.0221454152936798,0.5511749346400463,0.4943689212534184,0.5526232861218454,0.549155924913559,0.5295833167196706,433.76849975585935,11.652029160061549,426.9652404785156,428.9706726074219,422.9659729003906,455.9678039550781,433.9728088378906,1015.3984619140624,0.4905067456230705,1015.9992065429688,1015.9992065429688,1014.998779296875,1014.998779296875,1014.996337890625,0.005713122151792,0.0045964397636649,0.0039370078593492,0.0019685039296746,0.0147783253341913,0.0039408868178725,0.0039408868178725,0.0009848338086158,0.0006231090983742,0.0009842519648373,0.0009842519648373,0.0,0.0019704434089362,0.0009852217044681,0.0195006016641855,0.0066942866069467,0.0226377956569194,0.0118110235780477,0.0305418726056814,0.0137931033968925,0.0187192130833864,0.0065003299154341,0.001602182031187,0.0049212598241865,0.0059055117890238,0.0049261087551712,0.007881773635745,0.0088669955730438,0.0393983948975801,0.0162915871494554,0.033464565873146,0.0196850392967462,0.0679802969098091,0.0315270945429801,0.0443349778652191,0.0096514876931905,0.001695631749519,0.0098425196483731,0.0088582672178745,0.007881773635745,0.0088669955730438,0.0128078823909163
-575,0.3339891742294033,0.0021274371478439,0.3357951672126849,0.3331716113413374,0.3311901104946931,0.3327467050403356,0.3370422770579656,3.4577102045218155,0.0073448128126339,3.457088419546684,3.4484056209524474,3.4529169388115406,3.4599975335101285,3.4701425097882748,0.6388627213736375,0.0036207666284266,0.636074384363989,0.6413745594521364,0.6428965150068203,0.6407347725083431,0.6332333755368987,0.5143507613490025,0.0101216526472414,0.5151944551616907,0.5246471632272005,0.5237427024791638,0.5113827126721541,0.4967867732048034,0.3525604935362935,0.0036642061999121,0.3586282599717378,0.3514739219099283,0.351802185177803,0.3535829130560159,0.3473151875659823,3.482379546761513,0.0021453359674195,3.484504133462906,3.4796699211001396,3.4848558083176613,3.4827059730887413,3.4801618978381157,0.6054678948596119,0.0081019477341416,0.602683998644352,0.6078091533854604,0.6091245571151376,0.5916863176971674,0.6160354474559426,0.4954703556373715,0.0020205955230028,0.4958229986950755,0.498400223441422,0.496692725457251,0.4933973392471671,0.493038491345942,0.3497691696509719,0.0054278398744997,0.3549137450754642,0.3393342019990086,0.3523485669866204,0.3520257733762264,0.3502235608175397,3.4782259687781334,0.0027478386569834,3.4751341938972473,3.477091394364834,3.4803188368678093,3.47611066699028,3.4824747517704964,0.612295069731772,0.0118412939573635,0.6154498904943466,0.6221240218728781,0.6186708584427834,0.589078800752759,0.6161517770960927,0.4958081793040037,0.002116703153691,0.4971456238999963,0.4932211134582758,0.4980708882212639,0.4973372519016266,0.493266019038856,14.0,4.147288270665544,17,16,17,14,6,0.5456549415610532,0.0195562529915023,0.518085746453418,0.5634095879335717,0.5318069423997897,0.570999579291026,0.5439728517274612,0.5475952007359668,0.0076525655872735,0.5463315442650661,0.5436933687094074,0.5453579620421671,0.5623324661431963,0.5402606625199969,0.5431557816408047,0.0114627679700243,0.5532848870052849,0.5348052152501284,0.560237642973203,0.5364639365330602,0.5309872264423465,433.7681823730469,11.652332614982235,426.96240234375,428.9702453613281,422.9659729003906,455.9676208496094,433.97467041015625,1015.3985595703124,0.4900275519833405,1015.9987182617188,1015.9987182617188,1014.998291015625,1014.998291015625,1014.998779296875,0.0057111826725304,0.0047181281979111,0.0118110235780477,0.0039370078593492,0.0108374385163187,0.0009852217044681,0.0009852217044681,0.0005905511789023,0.0007874015718698,0.0009842519648373,0.0019685039296746,0.0,0.0,0.0,0.0171370392665267,0.0058651786786852,0.0206692907959222,0.0088582672178745,0.0256157647818326,0.0177339911460876,0.0128078823909163,0.0043332300614565,0.0007878409119007,0.0049212598241865,0.0039370078593492,0.0029556651134043,0.0049261087551712,0.0049261087551712,0.0386075019836425,0.0125952705936903,0.0423228330910205,0.0246062986552715,0.0600985251367092,0.0384236462414264,0.027586206793785,0.0094550250098109,0.0028293099186855,0.0098425196483731,0.0059055117890238,0.0068965516984462,0.0137931033968925,0.0108374385163187
-550,0.3364764706542095,0.0041367233949491,0.3376827488342921,0.3405739134177565,0.337079525925219,0.3285476639866829,0.3384985011070966,3.4629506992797063,0.0095772738678251,3.4616443142294884,3.4683639531334243,3.47003019725283,3.444809125115474,3.469905906667312,0.6341813464959463,0.006172808557959,0.6333558335900307,0.6298253138860067,0.6324429841091236,0.6461235427608093,0.629159058133761,0.5056595637773473,0.0144012560961336,0.5070291354010502,0.4964360514034827,0.4958732152978579,0.5331702067827185,0.4957892100016276,0.3535933580249548,0.0014841301508425,0.3545728269964456,0.3509888527914881,0.3551866495981812,0.3530045310035348,0.3542139297351241,3.4830868139863016,0.0018599767521611,3.4848764836788177,3.4817327111959457,3.484580673277378,3.484143003821373,3.480101197957993,0.6012361491099,0.0070613876245401,0.605686541646719,0.6030289474874735,0.605508167296648,0.6047181356698275,0.587238953448832,0.4943024076521397,0.0015069918476772,0.4935548547655344,0.4940657280385494,0.4931014953181147,0.4972538305446505,0.4935361295938492,0.3491699988022446,0.0051055997172772,0.3486692663282156,0.3417113898321986,0.3527892166748643,0.3462441265583038,0.3564359946176409,3.4790593460202217,0.0027714278968944,3.474584549665451,3.479530334472656,3.4810430109500885,3.477601319551468,3.482537515461445,0.6150679076090455,0.0131281264137058,0.6268446035683155,0.6148961465805769,0.6262564528733492,0.6166723892092705,0.5906699458137155,0.4963399708271027,0.0036915266126344,0.5012084748595953,0.4935991363599896,0.492317222058773,0.5003651855513453,0.49420983530581,9.2,8.37615663654877,13,3,4,24,2,0.530948353258965,0.018647548613723,0.5106855810795345,0.5167090809015481,0.5290516864672566,0.564301719856542,0.5339936979899432,0.5338138985830476,0.0164940719424579,0.5416666349790882,0.5132321486726852,0.5205587354872707,0.5602542225007795,0.5333577512754142,0.5287843944308749,0.0178780551125158,0.5555498639180843,0.5063974759651455,0.513595280456739,0.5409504627982704,0.5274288890161353,433.76783447265626,11.650224542970438,426.9617614746094,428.970458984375,422.9696044921875,455.9637145996094,433.9736328125,1015.3991455078124,0.4901478992805109,1015.9987182617188,1016.0001831054688,1015.0001831054688,1014.998779296875,1014.9978637695312,0.0057115706615149,0.0031374021584923,0.0108267720788717,0.0029527558945119,0.0068965516984462,0.0059113302268087,0.0019704434089362,0.0009848338086158,4.750734557719872e-07,0.0009842519648373,0.0009842519648373,0.0009852217044681,0.0009852217044681,0.0009852217044681,0.020486017409712,0.010015021461841,0.0265748035162687,0.0068897637538611,0.0334975384175777,0.0246305428445339,0.0108374385163187,0.0045302744023501,0.0004828213304351,0.0039370078593492,0.0049212598241865,0.0049261087551712,0.0039408868178725,0.0049261087551712,0.042349598929286,0.0156490838089055,0.0551181100308895,0.0206692907959222,0.0502463057637214,0.0591133013367652,0.0266009867191314,0.0086666540242731,0.0011490634220081,0.0098425196483731,0.0068897637538611,0.0098522175103425,0.0088669955730438,0.007881773635745
-525,0.3355585558339953,0.0032389187173839,0.3401315178101261,0.3315559811890125,0.3366044942910473,0.3373116568351785,0.3321891290446122,3.4616114457448317,0.0113652382768171,3.4693453858296075,3.4403157209356627,3.469137250135342,3.469999129573504,3.4592597422500453,0.6365965606023868,0.0062259049994746,0.6282519313196341,0.6443473299344381,0.633624275525411,0.6334344825396935,0.6433247836927573,0.5078893465921283,0.0160899732800207,0.4976583312576015,0.5379347121343017,0.4962617397929231,0.4961042289311687,0.5114877208446463,0.3524794653058052,0.0017415222859123,0.3548817094415426,0.3514695595949888,0.3529901597648859,0.353303087875247,0.3497528098523617,3.4823282197117806,0.0024510478889943,3.48398969322443,3.4795668572187424,3.4852196723222733,3.4836332574486732,3.479231618344784,0.6032429127022624,0.0025341011648194,0.6039322568103671,0.6004246724769473,0.6072370912879705,0.6005785716697574,0.6040419712662697,0.4950886791571974,0.0013563779995194,0.4936119187623262,0.4971652552485466,0.4942104555666446,0.4942542854696512,0.4962014807388186,0.3491605136543512,0.0047490971736596,0.348767839372158,0.340353918261826,0.3511084504425525,0.3512091683223843,0.3543631918728351,3.4793228954076767,0.0032873734119243,3.476084813475609,3.475471295416355,3.482187405228615,3.4790289625525475,3.4838420003652573,0.6121084159240127,0.0122019290153826,0.6236110739409924,0.6124379262328148,0.6275458093732595,0.5975020322948694,0.5994452377781272,0.4943119613453746,0.0013752098873168,0.4941967613995075,0.496667617931962,0.4928200086578727,0.4931047717109322,0.4947706470265984,9.6,6.374950980203691,6,20,4,4,14,0.5354573551311078,0.0152047476342234,0.5172728146586867,0.5492688463004627,0.5164525603909598,0.5472927923707716,0.5469997619346585,0.5370551846379266,0.0133560179886422,0.5459033060909115,0.5497787045141485,0.5116998683639075,0.5380281342287742,0.5398659099918913,0.535544765344196,0.0161584370167842,0.5612145951579693,0.541669190184306,0.5116618905900358,0.5335048023261937,0.5296733484624756,433.7693420410157,11.652481499023017,426.9640197753906,428.9700317382813,422.9700317382813,455.970458984375,433.97216796875,1015.3984375,0.4895066334793194,1015.9996337890624,1015.9962768554688,1014.999267578125,1015.0001831054688,1014.996826171875,0.0021663240622729,0.001147825663445,0.0039370078593492,0.0019685039296746,0.0029556651134043,0.0009852217044681,0.0009852217044681,0.0009848338086158,4.750734557719872e-07,0.0009842519648373,0.0009842519648373,0.0009852217044681,0.0009852217044681,0.0009852217044681,0.0159528337419033,0.00395282699389,0.0216535441577434,0.017716534435749,0.0167487692087888,0.0098522175103425,0.0137931033968925,0.0053182577714324,0.0007886658768342,0.0059055117890238,0.0039370078593492,0.0059113302268087,0.0049261087551712,0.0059113302268087,0.0297414768487215,0.0025931717150697,0.031496062874794,0.0305118113756179,0.0315270945429801,0.0246305428445339,0.0305418726056814,0.0102422330528497,0.000481653499769,0.0108267720788717,0.0098425196483731,0.0108374385163187,0.0098522175103425,0.0098522175103425
-500,0.3314753351733088,0.0016433411262869,0.333205194833378,0.3328764643520117,0.330158409041663,0.3289608887086312,0.3321757189308603,3.449503593643507,0.0044741017520007,3.447543973724047,3.4453769897421203,3.4517861530184746,3.445627236117919,3.4571836156149707,0.6429860306282839,0.0027686621437124,0.6386693430443605,0.6416299976408482,0.6441958993673325,0.6470108510305485,0.6434240620583296,0.5277074772243698,0.0061727241792119,0.5318548201272885,0.5318296225741506,0.5247815701489648,0.5332052099208037,0.5168661633506417,0.3501584643498063,0.0005405474162329,0.3493740241974592,0.3504872797057032,0.3496616063639521,0.3504986688494682,0.3507707426324487,3.4810889601707458,0.0009612477148926,3.4812618046998978,3.4805417209863663,3.4824502542614937,3.4815830662846565,3.479607954621315,0.6059740299358964,0.0033669250337648,0.6092144567519426,0.6071191942319274,0.6076327692717314,0.6064051799476147,0.5994985494762659,0.4967672342434525,0.0003468954348293,0.4962580893188715,0.4967114431783557,0.4966297196224332,0.4973104391247034,0.4969264799728989,0.34595758151263,0.0068569831874694,0.3373940698802471,0.3398621389642358,0.3484290102496743,0.3473488399758935,0.3567538484930992,3.4767400324344635,0.0048354467244222,3.469441220164299,3.4772989079356194,3.4766266867518425,3.4757042676210403,3.4846290796995163,0.61556949429214,0.0166744188263954,0.6419950854033232,0.6193852704018354,0.619300551712513,0.6051531219854951,0.5920134419575334,0.4975976603105664,0.0037821162909383,0.5042824288830161,0.4946259185671806,0.4975933767855167,0.4981020204722881,0.4933845568448305,20.2,3.4292856398964493,24,19,19,24,15,0.5532232010077622,0.0159836492048087,0.535376160883348,0.5483241956252393,0.5447300728583319,0.5825320519403908,0.5551535237315017,0.552110722834287,0.0134698639593198,0.5633304069535114,0.5309554327010689,0.550579341652727,0.569369569725182,0.5463188631389456,0.5461048665385462,0.0154963016261794,0.5689484823679735,0.528493502949503,0.5587500068017746,0.5421151982306346,0.5322171423428452,433.7678588867187,11.65280371413196,426.9603576660156,428.9696350097656,422.9675903320313,455.9689025878906,433.9728088378906,1015.3977905273438,0.4902577741897463,1015.9977416992188,1015.9987182617188,1014.995849609375,1014.998779296875,1014.9978637695312,0.0027574570849537,0.0011484248090097,0.0019685039296746,0.0039370078593492,0.0039408868178725,0.0029556651134043,0.0009852217044681,0.0005907451268285,0.0004823415062316,0.0009842519648373,0.0009842519648373,0.0,0.0,0.0009852217044681,0.0161508476361632,0.003211149048337,0.015748031437397,0.0187007877975702,0.0137931033968925,0.0206896550953388,0.0118226604536175,0.0049243629910051,0.0015268011182542,0.0049212598241865,0.0039370078593492,0.0039408868178725,0.007881773635745,0.0039408868178725,0.0344672441482543,0.0068678159937624,0.047244094312191,0.031496062874794,0.0334975384175777,0.0334975384175777,0.0266009867191314,0.0108329780399799,0.002921860345956,0.0118110235780477,0.0108267720788717,0.007881773635745,0.01576354727149,0.007881773635745
-475,0.337117694504559,0.0106210315015992,0.3570902096107602,0.3353644746045272,0.3258236311376095,0.3359486702829599,0.3313614868869384,3.4562300719320773,0.0132572868834843,3.4677109171946845,3.4564201906323433,3.4324062379697957,3.4695698097348213,3.455043204128742,0.6303014617102842,0.0230232525945548,0.5851780491260191,0.6386925435314575,0.6490801069885492,0.6354044657200575,0.6431521431853374,0.5170429933195313,0.0219088276560957,0.4981896641353766,0.5148122319951653,0.5573140506943067,0.4966390654444694,0.5182599543283383,0.3529124118387699,0.0045373681260099,0.3619606960564852,0.3507930943742394,0.3504826072603464,0.3511874321848154,0.3501382293179631,3.4810509100556373,0.0010020933917592,3.482096679508686,3.48132710903883,3.4810264483094215,3.4816286712884903,3.479175642132759,0.605427491106093,0.0051634721761703,0.6059063384309411,0.6007521096616983,0.6132426364347339,0.6082869684323668,0.5989494025707245,0.4964448194950819,0.0022196965454373,0.4936434188857674,0.496251699514687,0.5001524733379483,0.4949158309027552,0.4972606748342514,0.3494275722652674,0.0053303094662946,0.3538429280743003,0.339217166416347,0.3504888489842415,0.3500649174675345,0.3535240003839135,3.4778323620557785,0.002166238161438,3.474694587290287,3.4788410663604736,3.477042756974697,3.4773273915052414,3.481256008148194,0.613621487095952,0.0130841263183595,0.6299081277102232,0.6158898044377565,0.624801017343998,0.6017972752451897,0.5957112107425928,0.4949113387614489,0.0026960217196191,0.4915263932198286,0.494455630891025,0.4993007089942693,0.4930152492597699,0.4962587114423513,13.6,11.0562199688682,1,11,33,6,17,0.5373540266607538,0.0158740520236973,0.514858522803857,0.5227738133799407,0.5422705906873077,0.5533357284877097,0.5535314779449536,0.5384231528362794,0.0104584636745792,0.5252062617517157,0.5267706778792953,0.5487915404258804,0.5491224302811789,0.5422248538433267,0.5359291790773977,0.0150295112110589,0.533209163826021,0.5198035175351808,0.564101282995616,0.5277419739968978,0.5347899570332725,433.7680603027344,11.652584474211393,426.96771240234375,428.9681701660156,422.9651794433594,455.9691162109375,433.9701232910156,1015.3982666015625,0.4906668004373419,1015.9992065429688,1015.9992065429688,1014.996337890625,1014.999755859375,1014.996826171875,0.0025609945878386,0.0018276069805442,0.0009842519648373,0.0019685039296746,0.0059113302268087,0.0009852217044681,0.0029556651134043,0.0009848338086158,4.750734557719872e-07,0.0009842519648373,0.0009842519648373,0.0009852217044681,0.0009852217044681,0.0009852217044681,0.0145774023607373,0.0053415620509418,0.0118110235780477,0.0078740157186985,0.0236453209072351,0.0128078823909163,0.0167487692087888,0.0051210194826126,0.0007362915822421,0.0059055117890238,0.0049212598241865,0.0059113302268087,0.0039408868178725,0.0049261087551712,0.0342736903578042,0.0041151025776349,0.033464565873146,0.0275590550154447,0.040394090116024,0.0344827584922313,0.0354679822921752,0.0110311861149966,0.0030168250159829,0.0098425196483731,0.0068897637538611,0.01576354727149,0.0098522175103425,0.0128078823909163
-450,0.3359252056727807,0.0034342117928107,0.3398208823055029,0.3330162360022465,0.3307976086313526,0.3375135120004415,0.3384777894243598,3.4609297285477325,0.0103543700034972,3.467965723325809,3.4457685500383377,3.45113447184364,3.4701901053388915,3.4695897921919823,0.6349465601767104,0.0057752524739687,0.6295721717178822,0.6413986729457974,0.6424465601642927,0.6319256133089463,0.6293897827466329,0.5103250815843543,0.0164670854070833,0.4992922364423672,0.5333690162127217,0.5272177265336117,0.4959152167042096,0.495831212028861,0.35257184561342,0.0018567942782031,0.3544160006567836,0.3501069117337465,0.3505505928769707,0.3541978122666478,0.3535879105329513,3.480502600967884,0.0015255570083758,3.4820544868707657,3.4795801416039467,3.481771379709244,3.4811292439699173,3.477977752685547,0.5978771761059761,0.0057589934618725,0.6019207546487451,0.6037584282457829,0.6019544703885913,0.5912198387086391,0.5905323885381222,0.4956393714994192,0.0024698671153207,0.4939520517364144,0.4998931502923369,0.496686790138483,0.4948153859004378,0.4928494794294238,0.3485593190416693,0.0057854711857182,0.3494453746825456,0.3390294583514333,0.3470059111714363,0.3503906335681677,0.3569252174347639,3.4767597377300263,0.0018766845723407,3.473960041999817,3.476873591542244,3.4775315821170807,3.475802183151245,3.479631289839745,0.6075343059375882,0.013525558110739,0.6189565639942884,0.6188369728624821,0.6179276406764984,0.5911400727927685,0.5908102793619037,0.4954621706157923,0.0013601727240656,0.4974597301334142,0.4954509064555168,0.4963913196697831,0.4937335681170225,0.4942753287032246,10.6,7.525955088890711,8,19,20,4,2,0.5418676184226151,0.0201462580017931,0.5073658883350675,0.5348039111848902,0.5489937547661583,0.5676101402945918,0.5505643975323679,0.5481772658656321,0.0118696640647098,0.5460033774698934,0.5311461522699313,0.5582762943108965,0.5642673721086838,0.5411931331687555,0.5438405270092888,0.0181564052903677,0.554556403738924,0.5197974869499534,0.5725441747726595,0.5335774115656886,0.5387271580192183,433.7684448242187,11.653206985304278,426.9630126953125,428.9683837890625,422.9665832519531,455.9700012207031,433.9742431640625,1015.3979736328124,0.4901085203411845,1015.9982299804688,1015.9982299804688,1014.995849609375,1014.999267578125,1014.998291015625,0.0027566812932491,0.0019080153277088,0.0039370078593492,0.0059055117890238,0.0009852217044681,0.0009852217044681,0.0019704434089362,0.0011816842015832,0.0003934100433233,0.0009842519648373,0.0019685039296746,0.0009852217044681,0.0009852217044681,0.0009852217044681,0.0151650443673133,0.0038629778620693,0.0226377956569194,0.0147637799382209,0.0137931033968925,0.0128078823909163,0.0118226604536175,0.0045298864599317,0.0018262281003862,0.0049212598241865,0.0059055117890238,0.0009852217044681,0.0049261087551712,0.0059113302268087,0.031907994300127,0.0049613387220267,0.0403543300926685,0.0265748035162687,0.0344827584922313,0.0285714287310838,0.0295566506683826,0.0092568174004554,0.0022949891905602,0.0108267720788717,0.0108267720788717,0.0049261087551712,0.0088669955730438,0.0108374385163187
-425,0.3331775342424711,0.0026187380432059,0.3331945557147264,0.333643668020765,0.3288863562047481,0.3371317464237411,0.3330313448483745,3.4539886037508643,0.0096196316657012,3.4456614181399345,3.450133296350638,3.4443245145181813,3.469731124738852,3.460092665006717,0.6398786082863808,0.0044814778312693,0.6366338667770227,0.6415400678912798,0.6456306371837854,0.6330321785062551,0.6425562910735607,0.5202690792580446,0.0152985165620114,0.5343161793425679,0.523966720017294,0.5373823748280605,0.4974168129265308,0.5082633091757695,0.3521223608404398,0.0013463054989546,0.35309655405581,0.3512574071064591,0.3534066937863827,0.3529658606275916,0.3498852886259556,3.4807357251644135,0.0013484201585841,3.4812855944037437,3.479087769985199,3.4821260198950768,3.4820209592580795,3.4791582822799683,0.6000384354963899,0.0056995854976865,0.6028197770938277,0.5902150794863701,0.6058493126183748,0.6040940657258034,0.5972139425575733,0.4960630508139729,0.0011868983056378,0.4971214309334755,0.495861342176795,0.4967625811696052,0.4938388243317604,0.4967310754582286,0.3487355155870318,0.0050378711241573,0.3441009866073727,0.3416176429018378,0.3550616605207324,0.3515367237851023,0.3513605641201138,3.4773635759949686,0.0033095437110181,3.472079396247864,3.477176070213318,3.477302171289921,3.4777325838804245,3.482527658343315,0.6076838983222842,0.0111173903014205,0.6274075582623482,0.597568049095571,0.6123672388494015,0.6016733311116695,0.5994033142924309,0.4973982149735093,0.0052400191975835,0.5049987621605396,0.4939643768593669,0.5024194149300456,0.4931967901065945,0.4924117308109998,16.0,7.509993342207435,24,15,24,4,13,0.5433669552417075,0.0104872707277439,0.5313465265458855,0.5316222736945138,0.5453395748845442,0.5506480633124602,0.5578783377711343,0.5472445932814554,0.0115547702507158,0.5526155180857713,0.5262318533070973,0.5605627975618815,0.5513310657339933,0.545481731718534,0.5439218458266284,0.0181568776355739,0.5542337923771833,0.522853036291052,0.5732728524768714,0.5289777672756728,0.540271780712362,433.7684326171875,11.654389942485473,426.9601440429687,428.9690246582031,422.96575927734375,455.9719543457031,433.9752807617187,1015.3977661132812,0.4898544724065074,1015.9971923828124,1015.9982299804688,1014.995849609375,1014.999267578125,1014.998291015625,0.0039399170782417,0.0040861389877014,0.0039370078593492,0.0009842519648373,0.0118226604536175,0.0009852217044681,0.0019704434089362,0.0011816842015832,0.0003934100433233,0.0019685039296746,0.0009842519648373,0.0009852217044681,0.0009852217044681,0.0009852217044681,0.0198964359238743,0.0119944045580901,0.017716534435749,0.0078740157186985,0.0423645339906215,0.0118226604536175,0.0197044350206851,0.0047275126911699,0.0009661888417691,0.0049212598241865,0.0029527558945119,0.0049261087551712,0.0049261087551712,0.0059113302268087,0.0419566731899976,0.0170074054511638,0.0423228330910205,0.0275590550154447,0.0738916248083114,0.027586206793785,0.0384236462414264,0.0092577870003879,0.0029616361030884,0.0118110235780477,0.0049212598241865,0.0068965516984462,0.0098522175103425,0.0128078823909163
-400,0.3341398447751998,0.005343521835482,0.3423722606773178,0.3293809878329436,0.3301670551300049,0.3301210257535179,0.3386578944822152,3.4546611557404203,0.0138364880311289,3.469286256780227,3.4328503956397376,3.449530632545551,3.451723293711742,3.469915200024843,0.6370196813096604,0.0097019468973835,0.6222115661948919,0.6446784933408102,0.6451387982815504,0.6444818135350943,0.6285877351959547,0.5190470804149906,0.0206861462046329,0.497105994882683,0.5506258197128773,0.5286654196679592,0.523258269764483,0.4955798980469505,0.3525238191708922,0.0032882090546087,0.3582169972360134,0.3513813652098179,0.3524299962446093,0.3525760844349861,0.3480146527290344,3.482504452764988,0.0022236986644402,3.481100246310234,3.481533631682396,3.485448479652405,3.484767571091652,3.479672335088253,0.6094877768307925,0.0052817657646195,0.6004810445010662,0.6120294164866209,0.6165238162502646,0.6102594807744026,0.6081451261416078,0.4954163003712892,0.0017665998476491,0.4932023920118809,0.4975117798894644,0.4962393706664443,0.4967050533741712,0.4934229059144854,0.3496472971513867,0.0048449654996177,0.3521955208852887,0.3414525352418422,0.3549040425568819,0.3470127461478114,0.3526716409251094,3.4789494544267656,0.0026705951869878,3.475021593272686,3.4780327454209328,3.4812977388501167,3.4778779223561287,3.482517272233963,0.6173341978341341,0.0074511275198239,0.6218545418232679,0.6228336896747351,0.6219386272132397,0.6170499827712774,0.6029941476881504,0.4954634981229901,0.0015409294903728,0.4926668591797352,0.4954824084416032,0.4972833357751369,0.4963167328387499,0.4955681543797254,14.4,10.287856919689348,2,26,21,21,2,0.5389099517410629,0.0168440696357868,0.5133017719594521,0.5347914969384475,0.5379184498376882,0.5659542208202762,0.5425838191494503,0.5411135675641395,0.0152638701026574,0.5194506997595304,0.5362265395369707,0.5455694763537539,0.5664405910789695,0.5378805310914735,0.5352489481500171,0.0083454731722282,0.5264250620785413,0.5300417874317251,0.5499098427615575,0.5386836201669214,0.5311844283113403,433.7694885253906,11.650481137607576,426.9654541015625,428.9739074707031,422.9683837890625,455.9656677246094,433.9740295410156,1015.3987548828125,0.4900674443028963,1015.9992065429688,1015.9987182617188,1014.998291015625,1014.998779296875,1014.998779296875,0.0070908809080719,0.0040566770339976,0.0039370078593492,0.0098425196483731,0.0137931033968925,0.0039408868178725,0.0039408868178725,0.0009848338086158,4.750734557719872e-07,0.0009842519648373,0.0009842519648373,0.0009852217044681,0.0009852217044681,0.0009852217044681,0.0234393548220396,0.0082530454311062,0.0206692907959222,0.0246062986552715,0.0384236462414264,0.0197044350206851,0.0137931033968925,0.004924362944439,0.0013938639633213,0.0049212598241865,0.0039370078593492,0.0059113302268087,0.0029556651134043,0.0068965516984462,0.0429430596530437,0.0178354903904825,0.0295275598764419,0.034448817372322,0.0758620724081993,0.0472906418144702,0.027586206793785,0.0102418446913361,0.0019276885870131,0.0098425196483731,0.0127952750772237,0.0108374385163187,0.0068965516984462,0.0108374385163187
-375,0.3343131134286523,0.0036962746847959,0.3330917246639728,0.3402280531202753,0.3326165123532216,0.3363121105358004,0.3293171664699912,3.4580586344003676,0.0101453426343136,3.443894073367119,3.468244917690754,3.459827274084091,3.469279663016399,3.449047243843476,0.6373843805243571,0.0048669462304235,0.6381405678888162,0.6292983430127302,0.6405465186884006,0.635357520232598,0.6435789527992407,0.5134625421836974,0.0154977472096165,0.5341418674215674,0.4959446188683311,0.5122542660683393,0.4972705030813813,0.5277014554788669,0.352656502649188,0.001616607033861,0.3526609549298882,0.3546327706426382,0.3517865864560008,0.3540743896737695,0.3501278115436435,3.481575605273247,0.001884160424433,3.4808063730597496,3.480461001396179,3.484728664159775,3.4825486317276955,3.4793333560228348,0.6037218619138003,0.0098857353144873,0.6024282854050398,0.58744599763304,0.6158477514982224,0.6009569084271789,0.6119303666055202,0.4957680277526378,0.0027100223724506,0.4983248952776193,0.4949596542865038,0.4928499376401305,0.49316450022161,0.4995411513373256,0.3501726908609271,0.0052581190203999,0.3445800924673676,0.3443082990124821,0.3512342888861894,0.3524198150262236,0.3583209589123726,3.478244718909264,0.0050545514996634,3.470344200730324,3.47748139500618,3.4793877452611923,3.477812647819519,3.486197605729103,0.6102931315079332,0.015680070212143,0.629009872674942,0.5994328893721104,0.6298331785947084,0.5980025054886937,0.5951872114092112,0.4960342394188046,0.0039971775335413,0.5033291541039944,0.4948902614414692,0.4968448039144277,0.4930405262857675,0.4920664513483643,13.6,8.8,25,3,13,5,22,0.5410452268110518,0.0196031112247922,0.535025316479682,0.5120440809247268,0.5383700820227477,0.5726692006806653,0.547117453947437,0.5416217320097705,0.0170681969919984,0.556871141606297,0.5149611191841678,0.5387003694403764,0.5629661387810734,0.5346098910369376,0.5360957680284423,0.0183438270667818,0.5604259827058532,0.508341260620474,0.5483272790714925,0.5398104875171171,0.5235738302272743,433.76935424804685,11.65313938537793,426.96197509765625,428.9716796875,422.96881103515625,455.9713134765625,433.9729919433594,1015.3985717773436,0.4898205859655966,1015.9962768554688,1016.0006713867188,1014.9978637695312,1014.999755859375,1014.998291015625,0.0037424848414957,0.0022810878118872,0.0039370078593492,0.0029527558945119,0.007881773635745,0.0009852217044681,0.0029556651134043,0.0011818781495094,0.0003942828682211,0.0009842519648373,0.0009842519648373,0.0019704434089362,0.0009852217044681,0.0009852217044681,0.0183175597339868,0.0091197065991336,0.03248031437397,0.0059055117890238,0.0226600989699363,0.0118226604536175,0.0187192130833864,0.0055147202685475,0.0017151019322203,0.0088582672178745,0.0039370078593492,0.0049261087551712,0.0049261087551712,0.0049261087551712,0.0391974721103906,0.014796632426733,0.0551181100308895,0.017716534435749,0.0512315295636653,0.0256157647818326,0.0463054217398166,0.0084694157354533,0.0013342522636113,0.0108267720788717,0.0068897637538611,0.007881773635745,0.0088669955730438,0.007881773635745
-350,0.3342040847366055,0.0037779551153232,0.3369721174240112,0.3345316452905535,0.3374293108160297,0.3269683246811231,0.3351190254713098,3.457570841908455,0.0107052569077486,3.4612051968773208,3.452273285637299,3.4699185801049075,3.439536180347204,3.464920966575543,0.637898397942384,0.0067238079949409,0.6317938516537348,0.6404204883923134,0.6305765211582184,0.6492395127813021,0.6374616157263517,0.5142780954018235,0.0163631568994998,0.511042489670217,0.5204342898602287,0.4953369805589318,0.5423295932511488,0.5022471236685911,0.3527109017595649,0.0035945105376735,0.3499102052301168,0.3531791353598237,0.3594982149079442,0.3510073665529489,0.3499595867469907,3.482333442568779,0.0022274920821163,3.481234721839428,3.4825162440538406,3.486436605453491,3.4816488847136497,3.4798307567834854,0.6056182147935033,0.0040128009988309,0.606855490244925,0.6115073878318071,0.5991630982607603,0.6041857860982418,0.6063793115317822,0.4965160422027111,0.001925264640504,0.4983239853754639,0.4969826359301805,0.4933220092207193,0.4984627785161137,0.4954888019710779,0.3491185862571001,0.0071358055694151,0.3419304806739092,0.34206956718117,0.3598074605688452,0.346849569119513,0.354935853742063,3.478591388463974,0.0038214149886359,3.4737213775515556,3.4791455939412117,3.482472911477089,3.474695660173893,3.4829213991761208,0.6142358178272843,0.008961453046277,0.6232753954827785,0.6249412652105093,0.6133231483399868,0.6084976736456156,0.6011416064575315,0.4953346617519855,0.0026063590003353,0.4967411216348409,0.4937881492078304,0.4923159778118133,0.4996974132955074,0.4941306468099355,13.2,8.37615663654877,13,14,3,28,8,0.5305279489022513,0.0229948607164441,0.516711118423945,0.5371857312961518,0.4934081128227717,0.5576871122914845,0.5476476696769033,0.5372564626143335,0.0216486659920311,0.555115168307367,0.5428280972224433,0.4972134373926321,0.5567858326495423,0.5343397774996824,0.5330501555279505,0.0237776066799244,0.5692497454296171,0.5340797047968727,0.4943319015575276,0.5365506786767698,0.5310387471789652,433.76748046875,11.652674131770633,426.9599304199219,428.9667663574219,422.9698181152344,455.9689025878906,433.9719848632813,1015.3979736328124,0.4898842257944777,1015.9987182617188,1015.9971923828124,1014.999755859375,1014.996826171875,1014.9973754882812,0.0068955822382122,0.0089653600299127,0.0009842519648373,0.0039370078593492,0.0246305428445339,0.0039408868178725,0.0009852217044681,0.0005909390747547,0.0004824998640075,0.0009842519648373,0.0,0.0009852217044681,0.0,0.0009852217044681,0.023637368902564,0.0083366131999827,0.0118110235780477,0.0285433065146207,0.0364532023668289,0.0216748770326375,0.0197044350206851,0.0053186455741524,0.0014757377842238,0.0049212598241865,0.0029527558945119,0.0049261087551712,0.0068965516984462,0.0068965516984462,0.0439220741391181,0.0079809386876707,0.0383858270943164,0.0570866130292415,0.0482758618891239,0.0413793101906776,0.0344827584922313,0.010439471155405,0.0007910954053939,0.0098425196483731,0.0098425196483731,0.0098522175103425,0.0108374385163187,0.0118226604536175
-325,0.3359861535951495,0.0043206406194002,0.3396233143284917,0.3398673531288902,0.3371944048752387,0.3351942819232742,0.3280514137198527,3.462744938085477,0.010470681233788,3.467956026395162,3.468362723787626,3.469332483907541,3.4661693138380847,3.44190414249897,0.6359850607812405,0.0066938210597487,0.6304642111063004,0.6313503490140041,0.6316293012350798,0.63835124236842,0.6481302001823982,0.5058323327451945,0.0162910099935127,0.4988764071216185,0.496009722041587,0.4965242554123203,0.4994434441129367,0.5383078350375096,0.3527183035388589,0.0031086020171582,0.3524228949099779,0.3529854174703359,0.3570609055459499,0.3537229215726256,0.347399378195405,3.4809028923511507,0.0023573049650256,3.4795665442943573,3.480932414531708,3.48386537283659,3.4828902781009674,3.4772598519921303,0.6030850287526845,0.0016723441323579,0.6041294792667031,0.6034384109079838,0.6002428913488984,0.6024567801505327,0.6051575820893049,0.495691143348813,0.0015096208854361,0.4958736728876829,0.4952815240249038,0.4935429794713855,0.4955079769715667,0.4982495633885264,0.3497849475592375,0.0054448934580841,0.3449591565877199,0.3429649360477924,0.3583691921085119,0.3511458951979875,0.3514855578541755,3.478573763370514,0.0024557241722218,3.474195286631584,3.478868208825588,3.480283424258232,3.478155739605427,3.4813661575317383,0.6114024989306927,0.0096238204324792,0.6262954492121935,0.6174102928489447,0.6105812713503838,0.6001527542248368,0.6025727270171046,0.4949584053829312,0.0016475347277912,0.4975989805534482,0.4934671921655535,0.4937008218839764,0.4938318114727735,0.4961932208389044,9.8,8.35224520712844,8,4,3,8,26,0.533143894009572,0.0247163242272479,0.5081615795037576,0.5308923367483985,0.507968250713685,0.5448899825421029,0.5738073205399158,0.5405038896350136,0.012294500675227,0.5505887832640982,0.5249413095812778,0.5280564061105407,0.5425282092686433,0.5564047399505088,0.5335842970472889,0.0150561530466006,0.5568845776892539,0.5154494055785496,0.5279350966499208,0.5231110065702514,0.5445413987484684,433.7699340820312,11.651636937195104,426.9640197753906,428.9714660644531,422.9712219238281,455.9691162109375,433.9738464355469,1015.3988525390624,0.4903879440329138,1015.9987182617188,1016.0001831054688,1014.999267578125,1014.999755859375,1014.996337890625,0.003151739668101,0.0019107161066622,0.0019685039296746,0.0029527558945119,0.0068965516984462,0.0019704434089362,0.0019704434089362,0.0007877894677221,0.0003938949726037,0.0009842519648373,0.0009842519648373,0.0009852217044681,0.0,0.0009852217044681,0.0179263802245259,0.0105292256665328,0.0098425196483731,0.0137795275077223,0.0384236462414264,0.0167487692087888,0.0108374385163187,0.004136379668489,0.0007376895224756,0.0039370078593492,0.0039370078593492,0.0049261087551712,0.0049261087551712,0.0029556651134043,0.0319085765630006,0.0082801292426604,0.034448817372322,0.0295275598764419,0.0463054217398166,0.027586206793785,0.0216748770326375,0.0104396648705005,0.0021240732216235,0.0098425196483731,0.0088582672178745,0.0118226604536175,0.0137931033968925,0.007881773635745
-300,0.3362273481984933,0.004321771172377,0.340521912711362,0.3413644715522726,0.3301934885481993,0.332743058912456,0.3363138092681765,3.463111883401871,0.0072378053393376,3.4682744964957237,3.468289364129305,3.450578552981218,3.459259727348884,3.4691572760542235,0.6353144627064466,0.0064627976437317,0.6280001495033503,0.628023175522685,0.6439022111395994,0.6405949549128612,0.6360518224537373,0.5054435284187396,0.012600695691644,0.497805339594682,0.4953376793613036,0.5284568046530088,0.5095142886663476,0.496103529818356,0.3527860155329108,0.0024928253720767,0.3552177250385284,0.355240685865283,0.3512813001871109,0.353456356562674,0.3487340100109577,3.482052928209305,0.0022798190119437,3.4815069511532784,3.482268244028091,3.4850669354200363,3.4832567423582077,3.4781657680869102,0.6040232062339783,0.0052122545852592,0.6001869654282928,0.600672772154212,0.6142628863453865,0.6020583156496286,0.6029350915923715,0.4944361753761768,0.0014228278727988,0.4938388224691152,0.4939461136236787,0.4958549505099654,0.4962014770135283,0.4923395132645964,0.3498877368867397,0.0037084971099828,0.3511429466307163,0.3427017051726579,0.3506153114140033,0.351627997122705,0.353350724093616,3.477996842563152,0.0022625497671954,3.47505684942007,3.4784308820962906,3.479326955974102,3.4759105145931244,3.481259010732174,0.6117580277845264,0.0113930298708338,0.6131112948060036,0.6198258642107248,0.6277493815869093,0.6003679381683469,0.5977356601506472,0.4955163346603513,0.0025574367766563,0.494379841722548,0.4924207786098122,0.4990777019411325,0.4979635570198297,0.4937397940084338,8.8,6.04648658313239,6,2,19,12,5,0.5349173023668927,0.0196299414282893,0.5131005116331562,0.5119223722243725,0.5470587240405362,0.5622261816659812,0.5402787222704172,0.5388976268941053,0.0115665116941822,0.5397239894681701,0.5252747923372133,0.546624705092061,0.5557518795275485,0.5271127680455336,0.5373419568257157,0.010615087253042,0.5478444294898017,0.5236666337612993,0.550964138796446,0.5357176998502681,0.5285168822307637,433.768359375,11.651377035825368,426.96380615234375,428.9698486328125,422.966796875,455.9658508300781,433.9754943847656,1015.398974609375,0.4904868769751856,1015.9987182617188,1016.0006713867188,1014.9978637695312,1014.9978637695312,1014.999755859375,0.0055158839561045,0.0025398079960036,0.0039370078593492,0.0029527558945119,0.0068965516984462,0.0098522175103425,0.0039408868178725,0.0007877894677221,0.0003938949726037,0.0009842519648373,0.0009842519648373,0.0,0.0009852217044681,0.0009852217044681,0.0195017653517425,0.0074887407915002,0.0216535441577434,0.0068897637538611,0.027586206793785,0.0256157647818326,0.01576354727149,0.0051214073318988,0.001695694595362,0.0049212598241865,0.0039370078593492,0.0029556651134043,0.007881773635745,0.0059113302268087,0.0362456854432821,0.0154758290532652,0.03248031437397,0.0206692907959222,0.0630541890859603,0.0423645339906215,0.0226600989699363,0.0100457703694701,0.0024467910819984,0.0098425196483731,0.0078740157186985,0.0068965516984462,0.0128078823909163,0.0128078823909163
-275,0.3362439003462593,0.0065496593686231,0.3326284099991123,0.3337507033720612,0.3325328867261608,0.3329923323666056,0.3493151692673564,3.456351371854544,0.0086228386603415,3.445176724344492,3.448818658788999,3.458647318184376,3.4595464107890925,3.4695677471657596,0.6319147604517639,0.0160726879428307,0.6379349306225777,0.6419847005357345,0.6400930490344763,0.6396884533266226,0.5998726687394083,0.515508914552629,0.012693010310301,0.5326696739842495,0.5240717247749368,0.5148066313316425,0.5108793747300903,0.4951171679422259,0.3533633721992373,0.0023732655301966,0.3521898379549384,0.3537237038835883,0.3525080503895879,0.350695394910872,0.3576998738572001,3.4821164801716806,0.0015741312705298,3.4813932850956917,3.4826685935258865,3.4838507771492004,3.4832495525479317,3.479420192539692,0.6059949308633804,0.0074590298850089,0.6062384657561779,0.6082294350489974,0.6122442474588752,0.6115306466817856,0.5917318593710661,0.4964683780446648,0.0022659841802036,0.4997224034741521,0.4962078696116805,0.495105299167335,0.4980852082371712,0.4932211097329855,0.3481083629652858,0.0066483177592773,0.3413236942142248,0.3422224018722772,0.3509339140728116,0.3465548753738403,0.3595069292932749,3.476793698966503,0.0039549144760996,3.4691791757941246,3.478840157389641,3.478645794093609,3.476962998509407,3.4803403690457344,0.6199027691036463,0.0144176599412847,0.6369839012622833,0.623952679336071,0.629350857809186,0.6139504872262478,0.5952759198844433,0.4985458187758922,0.0061610215395055,0.510460939258337,0.4945063069462776,0.4982018759474158,0.4960091905668378,0.493550781160593,12.2,6.241794613730894,20,15,13,12,1,0.543969956738108,0.0227316514365714,0.5498979211894953,0.5348471512391332,0.5492025688448064,0.5778496174358384,0.5080525249812665,0.5456992050896016,0.0231903191497675,0.5712855284041822,0.5354223030462226,0.5511805487501084,0.5643081910311577,0.506299454216337,0.5450314561785753,0.0222113663730603,0.5748904800909187,0.5397512861127736,0.5595674379137735,0.5423708210632711,0.5085772557121395,433.7672485351562,11.653419134116923,426.95709228515625,428.9655151367187,422.9678039550781,455.96868896484375,433.9771423339844,1015.3975952148436,0.4886233091425142,1015.994873046875,1015.9971923828124,1014.9973754882812,1014.998779296875,1014.999755859375,0.0051206314470618,0.0027424644406151,0.0088582672178745,0.0039370078593492,0.007881773635745,0.0029556651134043,0.0019704434089362,0.0005909390747547,0.0004824998640075,0.0009842519648373,0.0,0.0009852217044681,0.0,0.0009852217044681,0.0291472401469945,0.0116841501510833,0.049212597310543,0.0285433065146207,0.0325123146176338,0.0197044350206851,0.01576354727149,0.00531786987558,0.0007864350376261,0.0059055117890238,0.0059055117890238,0.0039408868178725,0.0049261087551712,0.0059113302268087,0.0549470543861389,0.0179460648511763,0.0866141766309738,0.0570866130292415,0.0551724135875701,0.0413793101906776,0.0344827584922313,0.0116207676008343,0.0016925682174944,0.0108267720788717,0.0137795275077223,0.0118226604536175,0.0128078823909163,0.0088669955730438
-250,0.3344784459099174,0.0051146495290281,0.339893006409208,0.3414074604709943,0.3315366220970948,0.329221377770106,0.3303337628021836,3.458464761575063,0.0082949519859339,3.467924809704224,3.4683208788434663,3.4559275495509305,3.447817907979091,3.452332661797603,0.6370299227535725,0.0075851019234359,0.6291525543977817,0.6265219151973724,0.6419419155766567,0.6433767415583134,0.6441564870377382,0.5123542326812942,0.0126806090210983,0.4991977283110221,0.495096165065964,0.5200779680162668,0.526524681908389,0.5208746201048294,0.3523507172241807,0.0030603318080975,0.3562488546594977,0.3550614882260561,0.350845661945641,0.3519194684922695,0.3476781127974391,3.4811896428465845,0.0021116576083559,3.482669048011303,3.480390138924122,3.4827877655625343,3.482726350426674,3.477374911308289,0.6069713773205876,0.0067130726613414,0.5950799128040671,0.605287448503077,0.6099274791777134,0.6094560483470559,0.6151059977710247,0.4967723477631807,0.0024432295688263,0.4940214436501264,0.4941538432613015,0.4966242415830493,0.4992316104471683,0.499830599874258,0.3484441461041569,0.002218980529622,0.3477273304015398,0.3462533000856638,0.349422138184309,0.3465377911925316,0.3522801706567406,3.47706728130579,0.0025197981575475,3.474868021905422,3.477082572877407,3.4769207239151,3.474755994975567,3.4817090928554535,0.6173060890287161,0.0060746055639202,0.6211703848093748,0.6151090376079082,0.6255287230014801,0.6172717399895191,0.6074505597352982,0.4974739437922835,0.0041818248162104,0.4947893647477031,0.4932398293167352,0.5000302409753203,0.5044641802087426,0.4948461037129164,11.6,6.590902821313632,6,2,15,20,15,0.5482682378942371,0.0188293298088478,0.531555973444365,0.5241959956402518,0.5550296729406878,0.5773098187911213,0.5532497286547593,0.5471614642517993,0.0156371739670991,0.55197047835495,0.5248176748985989,0.5542165443823833,0.5696574462067941,0.5351451774162707,0.5407286804192244,0.0171777234068746,0.5497082269022071,0.5163768775364193,0.5629423732164861,0.5492427344188163,0.5253731900221933,433.7676513671875,11.649620770051444,426.9630126953125,428.9726867675781,422.9665832519531,455.9615173339844,433.9744567871094,1015.3982788085938,0.4912288208999408,1015.9996337890624,1016.0001831054688,1014.9973754882812,1014.996337890625,1014.9978637695312,0.0059101665392518,0.0039413721762642,0.0049212598241865,0.0009842519648373,0.0068965516984462,0.0128078823909163,0.0039408868178725,0.0011816842015832,0.0003934100433233,0.0019685039296746,0.0009842519648373,0.0009852217044681,0.0009852217044681,0.0009852217044681,0.0200930922292172,0.0092983238787405,0.0206692907959222,0.0068897637538611,0.0216748770326375,0.0354679822921752,0.01576354727149,0.005712928250432,0.002195203696517,0.0049212598241865,0.0019685039296746,0.0059113302268087,0.007881773635745,0.007881773635745,0.0425483889877796,0.0143585536059252,0.0364173240959644,0.0305118113756179,0.0482758618891239,0.0679802969098091,0.0295566506683826,0.0104400529526174,0.0025410892347434,0.0098425196483731,0.0068897637538611,0.0098522175103425,0.0147783253341913,0.0108374385163187
-225,0.3353868462145328,0.0053785584735293,0.3411039430648088,0.3396838586777448,0.3331985371187329,0.3260848519081871,0.3368630403031905,3.4606223963201046,0.0123171864590043,3.468221994737784,3.4646679585178695,3.4636068791151047,3.436447494973739,3.470167654256026,0.6370194843659799,0.0068106903174693,0.6291094037393729,0.6337779940416416,0.6388679295778275,0.6491597071290016,0.6341823873420557,0.508857228482763,0.0178797871300081,0.4985403871784608,0.4993216348811984,0.5059223640710115,0.5440503029773632,0.4964514533057809,0.3527059068903327,0.0025688999458196,0.3529089894145727,0.3536624787375331,0.3565719397738576,0.3516872161999345,0.3486989103257656,3.481294670701027,0.0026262136348643,3.4810156002640724,3.4793571680784225,3.486088529229164,3.481480970978737,3.4785310849547386,0.6031530411913991,0.0036580047447348,0.6033488642424345,0.6005728617310524,0.6016984470188618,0.6101086214184761,0.6000364115461707,0.4948934596031904,0.0022688735665281,0.4942483510822058,0.49634665902704,0.4924655230715871,0.4985321769490838,0.4928745878860354,0.3489783510565757,0.0057489779417744,0.3459905255585909,0.3429817166179418,0.3587528700008988,0.3450823435559869,0.3520842995494604,3.4774135887622832,0.0039366370968278,3.473725236952305,3.4777985885739326,3.482076346874237,3.472202435135842,3.4812653362751007,0.6137602617964149,0.0098896104548897,0.6249238811433315,0.6150813437998295,0.6075695957988501,0.6229525823146105,0.5982739059254527,0.497669537551701,0.0052379471827123,0.4957467541098594,0.4943364672362804,0.4959362186491489,0.5080541651695967,0.4942740825936198,10.6,8.42852300228219,6,6,10,27,4,0.546297654260044,0.0266561546385915,0.5210877853199258,0.5119249278507527,0.5604289916877745,0.584884051912355,0.5531625145294118,0.5468865677792432,0.0182348417662149,0.5473745242141999,0.5184218003576035,0.5493768620641238,0.575771129561452,0.5434885226988363,0.5410449787486082,0.0160154988583447,0.5520455416725518,0.5139594707470196,0.5457135636723525,0.5598084559360891,0.5336978617150283,433.7669006347657,11.649699289100072,426.9642028808594,428.96881103515625,422.9661865234375,455.9610595703125,433.9742431640625,1015.3980712890624,0.4904272042184639,1015.9987182617188,1015.9987182617188,1014.998779296875,1014.995849609375,1014.998291015625,0.008274698536843,0.0078972737748881,0.0039370078593492,0.0019685039296746,0.0226600989699363,0.0108374385163187,0.0019704434089362,0.0011818781495094,0.0003942828682211,0.0009842519648373,0.0009842519648373,0.0009852217044681,0.0009852217044681,0.0019704434089362,0.0271864949725568,0.0159455433449323,0.0216535441577434,0.0068897637538611,0.0443349778652191,0.0472906418144702,0.01576354727149,0.0051214073784649,0.0011492577387549,0.0059055117890238,0.0029527558945119,0.0049261087551712,0.0059113302268087,0.0059113302268087,0.04866006039083,0.02723036019681,0.0295275598764419,0.0206692907959222,0.0817734003067016,0.0817734003067016,0.0295566506683826,0.0090609367005527,0.002194301547479,0.0108267720788717,0.0049212598241865,0.0088669955730438,0.0098522175103425,0.0108374385163187
-200,0.3337686294689774,0.0044480662831867,0.3359799484411875,0.3353194982434312,0.3320669404541452,0.3261576214184363,0.3393191387876868,3.4558382193247477,0.0101513586502841,3.45689964791139,3.4559666762749353,3.45821056018273,3.438212003558874,3.469902208695809,0.6384984274705252,0.0067760099866175,0.6347558231403431,0.6382009908556938,0.6412346449991068,0.6493272526810566,0.6289734256764253,0.5156755264227588,0.0140886597776315,0.5135836542273561,0.5126469898968935,0.5160352097203335,0.5400495482608676,0.4960622300083439,0.3522935112938284,0.001969063576502,0.3510313583537936,0.3542895568534732,0.3540503624826669,0.3490961659699678,0.3530001128092408,3.4810673773288725,0.0017926380484948,3.4809727743268013,3.482035726308822,3.483921527862549,3.479318156838417,3.4790887013077736,0.6088189043104648,0.0051200368994019,0.6109541673213243,0.6072744186967611,0.6110406797379255,0.6150033324956894,0.5998219233006239,0.4976314850151538,0.0027315511643021,0.4972031507641077,0.4990617670118809,0.4973542680963874,0.5014367457479239,0.4931014934554696,0.3493501467630267,0.0059869465473169,0.3463378511369228,0.3421573918312788,0.3555896552279591,0.3453490324318409,0.3573168031871319,3.476711693406105,0.0038793435003389,3.472470186650753,3.477491393685341,3.4798189401626587,3.472044885158539,3.481733061373234,0.6169320181012153,0.0113201259090247,0.6273839455097914,0.6254418417811394,0.618821369484067,0.6174177564680576,0.5955951772630215,0.5001143289729952,0.0054250389585774,0.5033232206478715,0.4948459817096591,0.4990938985720277,0.5088417138904333,0.4944668300449848,11.8,7.467261881037788,11,9,12,25,2,0.5487933468905216,0.0305691086833328,0.5303225949853821,0.5154923150921878,0.5666587207894337,0.5998656867190197,0.5316274168665848,0.5524719998704893,0.0193996262144162,0.5535557907725221,0.5310550466623989,0.5584451460512363,0.5849806823161665,0.5343233335501227,0.5508794996105034,0.0156005505606258,0.5648678605563295,0.5384106355807456,0.5509901825149541,0.5708538070339928,0.5292750123664951,433.76661987304686,11.651040350048572,426.9595642089844,428.9696350097656,422.9651794433594,455.96282958984375,433.9758911132813,1015.3974853515624,0.4895112233794302,1015.996826171875,1015.9971923828124,1014.9973754882812,1014.995849609375,1015.0001831054688,0.0059091968927532,0.0033551470503524,0.0078740157186985,0.0029527558945119,0.007881773635745,0.0098522175103425,0.0009852217044681,0.0005909390747547,0.0004824998640075,0.0,0.0009842519648373,0.0009852217044681,0.0,0.0009852217044681,0.0230468181893229,0.0101179611241129,0.0255905501544475,0.0118110235780477,0.0394088700413703,0.0256157647818326,0.0128078823909163,0.0061062412336468,0.001695402516318,0.0039370078593492,0.0068897637538611,0.0059113302268087,0.0088669955730438,0.0049261087551712,0.0472759019583463,0.0164570621417915,0.047244094312191,0.0275590550154447,0.0758620724081993,0.0502463057637214,0.0354679822921752,0.0116211555898189,0.0021947568301677,0.0118110235780477,0.0108267720788717,0.0098522175103425,0.01576354727149,0.0098522175103425
-175,0.3341719002152482,0.0050490849974066,0.3412727781881888,0.3343423244853814,0.3260743534192443,0.3322288412600755,0.3369412037233512,3.4565408068398633,0.0123098757075014,3.4685601020852723,3.4494752660393715,3.4370719169576964,3.457517545670271,3.4700792034467063,0.6372084581603606,0.0078427901804909,0.6233647478123506,0.6388457901775837,0.6469364004830519,0.6412327643483877,0.6356625879804293,0.5157656906793514,0.0190576992859532,0.4974210131913423,0.5242418364311258,0.5474000182002783,0.5141023822749654,0.4956632032990455,0.3524521123617887,0.0032696702643211,0.3581932624801993,0.3487974172458052,0.3520061122253537,0.3533039577305317,0.3499598121270537,3.480361948907375,0.0022157379818515,3.482574075460434,3.4772789403796196,3.4794287383556366,3.4832198545336723,3.479308135807514,0.6003290003165602,0.0062157283614548,0.5914101367816329,0.6088513089343905,0.5966046005487442,0.6054422007873654,0.5993367545306683,0.4982301153242588,0.0049431640299999,0.493271785788238,0.5017330506816506,0.505632909014821,0.4977893615141511,0.4927234696224332,0.3469628840684891,0.0052456572100221,0.3512196289375424,0.3374887146055698,0.3502181516960263,0.3450128333643079,0.3508750917389989,3.4757756114006044,0.0028622161785703,3.4743230044841766,3.476333513855934,3.4725958704948425,3.474640391767025,3.480985276401043,0.6133957874029875,0.0070599593364957,0.6127078551799059,0.6223192969337106,0.6067009810358286,0.6204709559679031,0.6047798478975892,0.4974894581362605,0.0043359566937824,0.4931138241663575,0.4949030485004186,0.5036467434838414,0.5017603598535061,0.4940233146771788,11.4,7.391887445030532,3,13,24,12,5,0.5542898685025002,0.0278142531707337,0.5068822868069706,0.5487020672652123,0.569508983189331,0.5911267685885804,0.5552292366624071,0.5569723620684446,0.0155678911851243,0.5369362364196087,0.5562282660344401,0.5688723925501041,0.5791431732000902,0.5436817421379798,0.5547814029911671,0.0152440977282425,0.5440045310943376,0.5536982628795959,0.5786346377864419,0.5629922352585854,0.5345773479368743,433.7652160644531,11.651583374255274,426.9615478515625,428.9661560058594,422.9611511230469,455.962158203125,433.9750671386719,1015.3968139648438,0.4910590141262967,1015.9996337890624,1015.996826171875,1014.9924926757812,1014.996337890625,1014.998779296875,0.00472790049389,0.0032621799918361,0.0039370078593492,0.0019685039296746,0.0049261087551712,0.0108374385163187,0.0019704434089362,0.0007877894677221,0.0003938949726037,0.0009842519648373,0.0009842519648373,0.0,0.0009852217044681,0.0009852217044681,0.0206830613315105,0.0058153974649111,0.0206692907959222,0.0127952750772237,0.027586206793785,0.0266009867191314,0.01576354727149,0.0057125404477119,0.0021951692937343,0.0049212598241865,0.0039370078593492,0.0039408868178725,0.0098522175103425,0.0059113302268087,0.0388060979545116,0.0100116291167688,0.0295275598764419,0.0295275598764419,0.0551724135875701,0.0453201979398727,0.0344827584922313,0.0114248866215348,0.0020324084059815,0.0098425196483731,0.0088582672178745,0.0118226604536175,0.0147783253341913,0.0118226604536175
-150,0.3330517497534553,0.0030780675159812,0.3332267332201202,0.3304902038847406,0.3301552993555863,0.3326571546494961,0.3387293576573332,3.452424250294764,0.0116218569300101,3.445336996267239,3.4361695212622485,3.4506773464381695,3.460325709233681,3.4696116782724857,0.6391766546914975,0.0048702020315576,0.637699776639541,0.6436979658901691,0.6425680226335923,0.6416049816956123,0.6303125265985727,0.5207145888979237,0.0171320214350936,0.5319724315777421,0.5438717901706696,0.5244546486064792,0.5072335442528129,0.4960405298819144,0.3530302559956908,0.0014444723632744,0.3513084584847092,0.3533915532752871,0.3531042085960507,0.3518701568245888,0.3554769027978182,3.4804831251502035,0.002858663652533,3.4758433774113655,3.4802618622779846,3.4826651588082314,3.4841607585549355,3.4794844686985016,0.6049156054854393,0.0041572311618779,0.5996374944224954,0.6088932920247316,0.6102814339101315,0.604567619971931,0.6011981870979071,0.4982579663395882,0.0036180539220309,0.5029556946828961,0.5010208319872618,0.4991065124049783,0.4946076571941376,0.493599135428667,0.3495896292850375,0.0053405141312452,0.348937626928091,0.3428556369617581,0.3529138965532183,0.3453941727057099,0.3578468132764101,3.475172486901283,0.0042177238759875,3.4673754572868347,3.475711539387703,3.475970484316349,3.4766193255782127,3.480185627937317,0.6140612063929438,0.0091724590007059,0.6019703671336174,0.6237890087068081,0.6233184281736612,0.6165466699749231,0.6046815579757094,0.5022989245131612,0.0044004784045215,0.5083959558978677,0.5034779887646437,0.5048500504344702,0.4987009279429912,0.4960696995258331,12.8,6.144916598294887,18,18,16,10,2,0.5602963487316999,0.0143577895833909,0.5641197050888251,0.5535922013553275,0.5788811662557196,0.5682946240586191,0.5365940469000077,0.5590085296550642,0.0202111097584774,0.5865124991480943,0.5450979859381719,0.5655734887350972,0.5694986626442811,0.5283600118096766,0.5558545947825431,0.0227392093142935,0.5904069135368397,0.5487372259149939,0.571266441791458,0.5440590076115741,0.5248033850578501,433.765283203125,11.652407813134277,426.95751953125,428.9626770019531,422.96575927734375,455.9645690917969,433.9758911132813,1015.3965209960936,0.4883054019295402,1015.9933471679688,1015.9957885742188,1014.995849609375,1014.9978637695312,1014.999755859375,0.005711376806721,0.0035984652451085,0.0039370078593492,0.0108267720788717,0.0088669955730438,0.0039408868178725,0.0009852217044681,0.0007877894677221,0.0003938949726037,0.0009842519648373,0.0009842519648373,0.0009852217044681,0.0,0.0009852217044681,0.0248165318742394,0.0098355683375613,0.0226377956569194,0.033464565873146,0.0384236462414264,0.0177339911460876,0.0118226604536175,0.0047275125980377,0.0011496893335809,0.0029527558945119,0.0049212598241865,0.0039408868178725,0.0059113302268087,0.0059113302268087,0.0543613530695438,0.0114364553625646,0.0511811003088951,0.06496062874794,0.0699507445096969,0.0463054217398166,0.0394088700413703,0.0104392774403095,0.0007885809078853,0.0098425196483731,0.0108267720788717,0.0098522175103425,0.0118226604536175,0.0098522175103425
-125,0.3318651209895809,0.0040356344972584,0.338018177387615,0.3347506982584794,0.3301667853568991,0.3298412918423613,0.3265486521025498,3.4508547469973565,0.0074565338333726,3.4625546311338744,3.4509839291373887,3.451915889978409,3.4497430622577667,3.4390762224793434,0.641100101172924,0.0056147075513279,0.6314215914656719,0.6397584850589434,0.6416331424067417,0.6444892411430677,0.6481980457901955,0.5226819947982828,0.0112270062455602,0.5054645289977392,0.5205287970602512,0.5249593807384372,0.5217979814236363,0.54065928577135,0.3526570737361908,0.0036450238246037,0.3588342331349849,0.3520025247707963,0.3522314485162496,0.3528173146769404,0.3473998475819826,3.4787569865584373,0.0037405306187894,3.481117084622383,3.476918935775757,3.4817731454968452,3.4817655757069588,3.4722101911902428,0.6072095012292266,0.0112006092378051,0.5966482972726226,0.6001721266657114,0.5990680931136012,0.6142208008095622,0.6259381882846355,0.5006343133747577,0.0037171791521634,0.5005231909453869,0.4975747810676694,0.4989987649023533,0.4982682848349213,0.5078065451234579,0.3504906721413136,0.0069197758097851,0.3558687223121524,0.3408787464722991,0.3519044863060117,0.3444130895659327,0.3593883160501718,3.4754025474190713,0.0026826595962752,3.472614385187626,3.4744735956192017,3.476205602288246,3.4735087752342224,3.48021037876606,0.6122557036578655,0.0088902626644303,0.6051543988287449,0.6133788954466581,0.6108004003763199,0.6284973472356796,0.6034474764019251,0.5010962188243866,0.0014696049335065,0.5006222613155842,0.499987649731338,0.5016078297048807,0.5036944365128875,0.4995689168572426,14.2,4.534313619501853,8,11,14,17,21,0.5664233137632954,0.0237894527053938,0.547475227747608,0.5338089122838389,0.5649788935418416,0.5929926082462357,0.5928609269969525,0.5647561453147072,0.0126647525782928,0.5672613024650334,0.54747460609915,0.5545785102973131,0.5836408305220565,0.5708254771899828,0.5618160469372129,0.0090244608817959,0.5763043741550857,0.5511714454206282,0.5585822654847593,0.5675667310753618,0.5554554185502291,433.76441650390626,11.651084190015936,426.9617614746094,428.9657287597656,422.9637756347656,455.962158203125,433.9686584472656,1015.3959228515624,0.4905867406785514,1015.9977416992188,1015.9957885742188,1014.995849609375,1014.996337890625,1014.993896484375,0.0106376792304217,0.00857546422588,0.0118110235780477,0.0019685039296746,0.0068965516984462,0.0059113302268087,0.0266009867191314,0.0007877894677221,0.0007371688898919,0.0009842519648373,0.0009842519648373,0.0,0.0,0.0019704434089362,0.02994240000844,0.0169136985478205,0.0305118113756179,0.0118110235780477,0.0187192130833864,0.027586206793785,0.0610837452113628,0.004530662111938,0.002212094392292,0.0049212598241865,0.0019685039296746,0.0019704434089362,0.0068965516984462,0.0068965516984462,0.0592940546572208,0.0222038449423506,0.049212597310543,0.033464565873146,0.0512315295636653,0.0630541890859603,0.0995073914527893,0.0092579809948802,0.0022130645871912,0.0098425196483731,0.0059055117890238,0.0088669955730438,0.0088669955730438,0.0128078823909163
-100,0.3356161683797836,0.0045538722872516,0.3407489657402038,0.3388454004501303,0.337332178838551,0.3331449373314778,0.3280093595385551,3.46133793219924,0.0094211880593346,3.4688093923032284,3.465346126506726,3.4693585572143397,3.4592508437732854,3.4439247411986194,0.6349815756082535,0.0072405709976149,0.624985484406352,0.6319890686621269,0.631984376658996,0.6401025106509527,0.6458464376628399,0.5069874070584774,0.0141436689770206,0.4970492894450823,0.4991704259688655,0.4959040169293682,0.5091250650584698,0.5336882378906012,0.3534901794046163,0.0041144038822231,0.3560490403324365,0.3567697973921895,0.357112605124712,0.3509347680956125,0.3465846860781312,3.480315601825714,0.0041183093034034,3.4833307787775993,3.479021772742271,3.4839226603507996,3.4824903160333633,3.472812481224537,0.6056028619408608,0.0102662196630822,0.6000692211091518,0.5948452521115541,0.6031991019845009,0.6049478873610497,0.6249528471380472,0.4973734417930245,0.0041460742258322,0.493737923912704,0.4980285950005054,0.4944309704005718,0.4955335417762398,0.5051361778751016,0.3507011538371444,0.0040878320822588,0.3472226588055491,0.3456139666959643,0.3557654712349176,0.3498254921287298,0.3550781803205609,3.4782981991767885,0.0018271196087528,3.475365526974201,3.4783350452780724,3.4807185009121895,3.477506645023823,3.479565277695656,0.6121294714510441,0.0106479229437218,0.6268463786691427,0.6046131476759911,0.6216442100703716,0.5981336552649736,0.6094099655747414,0.4953836522996425,0.0029191255506961,0.4929942032322287,0.4942857893183827,0.4932900499552488,0.4953691828995943,0.5009790360927582,8.2,5.979966555090422,3,6,3,10,19,0.5497352393177298,0.0347207766207748,0.5051077617052803,0.5186918209959183,0.5483148181716454,0.581252281857131,0.5953095138586744,0.5465789795710096,0.0232329176641481,0.5231848892397175,0.5228474839746302,0.5387208821171063,0.5768114923090157,0.5713301502145783,0.5390761918311722,0.0162499953642578,0.5232704100185356,0.5176910715868642,0.5435791313660914,0.5500054834083702,0.5608348627759997,433.76804809570314,11.652265313421928,426.9642028808594,428.96881103515625,422.96881103515625,455.9691162109375,433.96929931640625,1015.3983764648438,0.4901794205218249,1015.9992065429688,1015.9982299804688,1014.999755859375,1014.999267578125,1014.9954223632812,0.0059097787365317,0.006009554030615,0.0039370078593492,0.0039370078593492,0.0029556651134043,0.0009852217044681,0.0177339911460876,0.0007879834156483,0.000393991886837,0.0009842519648373,0.0,0.0009852217044681,0.0009852217044681,0.0009852217044681,0.0212722551077604,0.0079450910362995,0.0226377956569194,0.0206692907959222,0.0137931033968925,0.0137931033968925,0.0354679822921752,0.0041361856739968,0.0007364458071713,0.0049212598241865,0.0039370078593492,0.0049261087551712,0.0039408868178725,0.0029556651134043,0.0421498391777277,0.013234799201443,0.048228345811367,0.0413385815918445,0.0236453209072351,0.0344827584922313,0.0630541890859603,0.0092575931921601,0.0007894489526062,0.0098425196483731,0.0078740157186985,0.0098522175103425,0.0088669955730438,0.0098522175103425
-75,0.3333209987108906,0.003209410724049,0.3377864298721154,0.3316692619894941,0.3282550961400072,0.3350099911913275,0.3338842143615086,3.4560657486319544,0.0102922170990939,3.46434020002683,3.4438186759750047,3.443133215109507,3.4652424727876983,3.4637941792607307,0.6389090423782667,0.0042821581449354,0.6324636371185383,0.642730018744866,0.6444748155772686,0.6370936253418525,0.6377831151088079,0.5149012744426728,0.015758638794095,0.5016044834628701,0.5314536951482296,0.5367117319256067,0.5016485843807459,0.5030878772959113,0.3517489474266767,0.0043640332235726,0.3596690827980637,0.347272471524775,0.3487650845199823,0.3528319476172328,0.3502061506733298,3.478715015947819,0.0023227610541845,3.479510873556137,3.47564110904932,3.4769697189331055,3.4824228733778,3.479030504822731,0.6058754660189152,0.0054723398484885,0.5960222221910954,0.6097383731976151,0.6111377691850066,0.6084493696689606,0.6040295958518982,0.4998277708888053,0.0018664818191922,0.4992311485111713,0.5028739729896188,0.5009016720578074,0.4985257824882865,0.4976062783971429,0.3486740471795201,0.0076381488777638,0.3583564395084977,0.3360836319625377,0.3467735545709729,0.3475950211286545,0.3545615887269377,3.475676627457142,0.0034033846322669,3.473243847489357,3.473136186599731,3.4742046520113945,3.4755372405052185,3.482261210680008,0.6118658848106862,0.0114734375029785,0.5983866788446903,0.6237217001616955,0.62419961579144,0.614462848752737,0.5985585805028677,0.4998347016051411,0.0032399655904298,0.5009190188720822,0.502205123193562,0.5034942170605063,0.4981475854292512,0.494407563470304,10.8,4.664761515876241,8,13,19,7,7,0.5613912393325875,0.0088669945879919,0.5525245761146316,0.5495190464554558,0.5667706808295534,0.5727217743163756,0.5654201189469212,0.5641394987835954,0.0086723290229344,0.5789370665365714,0.5632291573853719,0.5660660781147979,0.5599406808566447,0.5525245110245909,0.5630817408062887,0.0187527860654304,0.5864526878351526,0.5649347854553952,0.5804454131836533,0.5413705939646132,0.5422052235926293,433.765283203125,11.653652593874613,426.961181640625,428.9637145996094,422.9615478515625,455.9671630859375,433.9728088378906,1015.396630859375,0.4898124240672208,1015.9977416992188,1015.9953002929688,1014.9934692382812,1014.9973754882812,1014.999267578125,0.002166518010199,0.001909015942299,0.0049212598241865,0.0,0.0039408868178725,0.0009852217044681,0.0009852217044681,0.0005909390747547,0.0004824998640075,0.0009842519648373,0.0,0.0,0.0009852217044681,0.0009852217044681,0.0183167837560176,0.0083172806879249,0.033464565873146,0.0088582672178745,0.0147783253341913,0.0197044350206851,0.0147783253341913,0.0051214072853326,0.0014482136059703,0.0059055117890238,0.0029527558945119,0.0039408868178725,0.0059113302268087,0.0068965516984462,0.0407701402902603,0.0136985860271405,0.065944880247116,0.0255905501544475,0.0384236462414264,0.0413793101906776,0.0325123146176338,0.0100457702763378,0.0029484197720516,0.0127952750772237,0.0049212598241865,0.0088669955730438,0.0108374385163187,0.0128078823909163
-50,0.3330467581748962,0.0044022969762449,0.3346305436765154,0.3313399289424221,0.3370823959509532,0.3369016091649731,0.3252793131396174,3.4534084285298987,0.0144704994649417,3.4522811099886894,3.441027448823055,3.4693585199614367,3.4700064919888973,3.4343685718874135,0.6384493210663398,0.0065717519579919,0.6347384862601757,0.6427389631668726,0.6318112487594286,0.6336896357436975,0.6492682714015245,0.5190161385263006,0.0208964105524505,0.5194157228494684,0.5360970937957367,0.4962190389633178,0.4956211987882852,0.5477276382346948,0.3517015131190419,0.002566058038348,0.3509436612948775,0.3532667607069015,0.3546615438535809,0.3524673655629158,0.3471682341769337,3.4770291045308115,0.0055126417225488,3.4743886962532997,3.4811540469527245,3.4820661470294,3.4801449105143547,3.467391721904278,0.603781214542687,0.0069802621952811,0.6048611300066113,0.6033451780676842,0.5995917553082108,0.5951034827157855,0.6160045266151428,0.5008313583210111,0.0055766780444777,0.5032022334635258,0.4992256667464971,0.4947336614131927,0.4965731063857674,0.5104221235960722,0.3499516882002353,0.0063135382686732,0.3439436554908752,0.3408337943255901,0.3542394414544105,0.3565860018134117,0.3541555479168892,3.4748545140028,0.0041110155170012,3.4674039036035538,3.476956270635128,3.4792914912104607,3.476805567741394,3.473815336823463,0.6084237510338426,0.0189289937901753,0.6272491794079542,0.6214521378278732,0.6152034886181355,0.5736933788284659,0.604520570486784,0.5000636413693428,0.0052974255063145,0.5043710023164749,0.5012851720675826,0.4941758448258042,0.4937033103778958,0.5067828772589564,11.8,8.034923770640265,12,15,3,4,25,0.5609093550971979,0.0254828625098549,0.5451352328107362,0.529692546716804,0.554347368139779,0.571154749466159,0.6042168783525113,0.560377805781445,0.0103258059069755,0.5622992928030679,0.5497302483615865,0.550665634226203,0.5608866429719563,0.578307210544412,0.550762466003889,0.0128110852503137,0.5634721536964988,0.5542180601294444,0.5438656757831236,0.5294455338079838,0.5628109066023943,433.7677856445313,11.654738468353298,426.9605712890625,428.9638977050781,422.9698181152344,455.9739074707031,433.9707336425781,1015.3964233398438,0.4891842891553137,1015.9957885742188,1015.9953002929688,1014.999267578125,1014.998291015625,1014.9934692382812,0.0061058531980961,0.004882395035406,0.0068897637538611,0.0059055117890238,0.0019704434089362,0.0009852217044681,0.0147783253341913,0.0009846398606896,0.0006224957813585,0.0019685039296746,0.0009842519648373,0.0009852217044681,0.0009852217044681,0.0,0.0232395956292748,0.0117092453637695,0.0364173240959644,0.0226377956569194,0.0118226604536175,0.0088669955730438,0.0364532023668289,0.0057117646560072,0.00073478658564,0.0068897637538611,0.0059055117890238,0.0049261087551712,0.0049261087551712,0.0059113302268087,0.0498252592980861,0.0216449268514649,0.081692911684513,0.0551181100308895,0.0256157647818326,0.0256157647818326,0.0610837452113628,0.0104392774403095,0.0013366578470719,0.0098425196483731,0.0108267720788717,0.0098522175103425,0.0088669955730438,0.0128078823909163
-25,0.3327727398524681,0.0037457830922668,0.3357218966508905,0.3317250292748213,0.3317144926016529,0.3377771818389495,0.3269250988960266,3.4524730227887632,0.0108713802633523,3.453371753295263,3.444791949043671,3.456694446504116,3.4697226459781327,3.4377843191226325,0.6385495881860455,0.0059585482753387,0.6329975162322322,0.6410242499162754,0.6413654169688622,0.630537623539567,0.6468231342732906,0.520544197782874,0.0155679971918664,0.5215116605783502,0.5297126844525337,0.5156032824888825,0.4946131349230806,0.5412802264715234,0.3519165623933077,0.0029779364834945,0.3545509967952966,0.3474180065095424,0.3538277447223663,0.3544920273125171,0.3492940366268158,3.4779001027345657,0.0029188116860208,3.4788160622119904,3.477032393217087,3.4798137843608856,3.481127381324768,3.472710892558098,0.6077791167423129,0.0117389124639897,0.6048595570027828,0.6205126121640205,0.6009773751720786,0.5909834112972021,0.6215626280754805,0.5011776993051171,0.0044694880137111,0.5027292435988784,0.5012796921655536,0.497228717431426,0.4960311809554696,0.508619662374258,0.3517326747998595,0.0086730103273015,0.3513746662065387,0.3358858777210116,0.3532485784962773,0.3563682045787573,0.3617860469967127,3.475644500553608,0.0038442300162073,3.469749964773655,3.473915249109268,3.4754351004958153,3.4779131561517715,3.4812090322375298,0.6081884955987334,0.0198185735576848,0.6156440395861864,0.6353992018848658,0.6157929543405771,0.5766455139964819,0.5974607681855559,0.4994331941008568,0.0047425534722244,0.507376478984952,0.4995087338611483,0.4984601158648729,0.4924759771674871,0.4993446646258235,11.8,5.418486873657627,12,13,11,3,20,0.5634897812890074,0.0150375281959789,0.5378968655007548,0.5619461103480776,0.5731851307620224,0.561553058954426,0.5828677408797562,0.5632993153780752,0.0042003863818146,0.5651817576787456,0.5692662906872582,0.5625469445184798,0.5563362827242303,0.5631653012816621,0.5564568884227965,0.0204160809490493,0.5666442589837256,0.5741946115309484,0.5705397254663374,0.5183501009892614,0.5525557451437099,433.76661376953126,11.65388905656662,426.958740234375,428.9671936035156,422.9669799804687,455.970458984375,433.9696960449219,1015.396826171875,0.4888781669380496,1015.9962768554688,1015.994873046875,1014.998291015625,1014.999267578125,1014.9954223632812,0.0080761025194078,0.0067804066851377,0.0088582672178745,0.0049212598241865,0.0049261087551712,0.0009852217044681,0.0206896550953388,0.0007879834156483,0.0007372206790883,0.0009842519648373,0.0,0.0,0.0009852217044681,0.0019704434089362,0.0326981117948889,0.0216377055585835,0.048228345811367,0.0088582672178745,0.027586206793785,0.0128078823909163,0.0660098567605018,0.0043334239162504,0.0019301585608635,0.0059055117890238,0.0019685039296746,0.0019704434089362,0.0059113302268087,0.0059113302268087,0.0592878483235836,0.0320953138708383,0.0846456661820411,0.0295275598764419,0.0472906418144702,0.0266009867191314,0.1083743870258331,0.0090609365142881,0.0023646328323987,0.0108267720788717,0.0049212598241865,0.007881773635745,0.0108374385163187,0.0108374385163187
0,0.3349788090214133,0.0060815130449423,0.3422132351746161,0.3416666674117247,0.3307840985556443,0.3335025866205494,0.326727457344532,3.458429672072331,0.0110321806687723,3.469225994000832,3.4684262747565904,3.452724157522122,3.4619693905115128,3.439802543570598,0.6355142955357831,0.0093902478847464,0.6221024099116524,0.6272913478314877,0.6416096345831951,0.6390711379547914,0.6474969473977884,0.5128301220014692,0.0177149513720403,0.4979628495251139,0.495127667983373,0.522797642275691,0.5056934443612894,0.5425690058618784,0.3532836940139532,0.0037387945541855,0.357235143892467,0.3568135201931,0.3517360771074891,0.3536198949441314,0.3470138339325785,3.4796213164925573,0.0038221578694402,3.4816705137491226,3.482383109629154,3.4820380434393883,3.4798321947455406,3.472182720899582,0.5994708301499486,0.0046239943203974,0.5937831774353981,0.5939916986972094,0.6018517278134823,0.6042323978617787,0.6034951489418745,0.4986195527017116,0.005786818835363,0.4940716670826077,0.4948026034981012,0.4961512526497245,0.4982303865253925,0.5098418537527323,0.3502324471250176,0.0018824047098068,0.350449557416141,0.3465666742995381,0.3517727693542838,0.3513257866725325,0.3510474478825927,3.4767584964632987,0.0019735857228668,3.4745391607284546,3.479705862700939,3.4779079779982567,3.474640980362892,3.4769985005259514,0.606723572127521,0.007485684118254,0.6145269181579351,0.6078208331018686,0.6150601077824831,0.5982140246778727,0.5979959769174457,0.4962049465626478,0.002981267997335,0.4930193154141307,0.4936936423182487,0.4951826659962535,0.498087071813643,0.5010420372709632,9.0,6.572670690061994,3,2,12,8,20,0.5622446499981186,0.0281912805847489,0.5187094306328124,0.5485779376473853,0.5612099567907125,0.5814932025309814,0.6012327223887018,0.5531319773842273,0.0170388709590737,0.5292642613020075,0.5398147332393126,0.5528614134931932,0.570621311629383,0.5730981672572403,0.5517131051407329,0.0099580881919223,0.5392050459593218,0.5446622630251782,0.561174717170698,0.5481260113666034,0.5653974881818631,433.7666809082031,11.651593924069882,426.9625854492187,428.968017578125,422.968017578125,455.96630859375,433.9684753417969,1015.3978881835938,0.4913755516446049,1015.9992065429688,1016.0001831054688,1014.998291015625,1014.9978637695312,1014.993896484375,0.0043336179573088,0.0029626007441753,0.0039370078593492,0.0029527558945119,0.0039408868178725,0.0009852217044681,0.0098522175103425,0.000787595519796,0.0007365986620096,0.0019685039296746,0.0009842519648373,0.0,0.0,0.0009852217044681,0.0206809278577566,0.0089557733817362,0.0354330688714981,0.0088582672178745,0.01576354727149,0.0187192130833864,0.0246305428445339,0.0051210194826126,0.0007362915822421,0.0049212598241865,0.0059055117890238,0.0039408868178725,0.0049261087551712,0.0059113302268087,0.0382134135812521,0.0102640300923837,0.047244094312191,0.0196850392967462,0.0344827584922313,0.0453201979398727,0.0443349778652191,0.0110307980328798,0.0014521719363467,0.0098425196483731,0.0088582672178745,0.0118226604536175,0.0128078823909163,0.0118226604536175
25,0.3383387316639225,0.0095581890801748,0.3556810623655717,0.3417866850892703,0.3313663316269715,0.331244380834202,0.3316151984035969,3.4600172432760403,0.0067905125960387,3.468001181880633,3.4686477507154145,3.4548670711616674,3.4544940454264483,3.4540761671960354,0.6273542140610516,0.0211015940418596,0.5869954618004461,0.6254966209332148,0.6412929265449444,0.6415515635162592,0.6414344975103935,0.5093469796702266,0.0101931582453811,0.4970219892760117,0.4967552721500397,0.5184825658798218,0.5179673333962759,0.5165077376489838,0.3533691400662064,0.0064126522998302,0.3610208025202155,0.3557588905096054,0.3574958927929401,0.3497457765042782,0.342824338003993,3.480162432789802,0.0034215349427791,3.481173887848854,3.484547562897206,3.4816356897354126,3.479228936135769,3.474226087331772,0.6045367313548923,0.0093840072216754,0.594235448166728,0.5990103594958782,0.605150680989027,0.6024602120742202,0.6218269560486078,0.498095523007214,0.0038420495657201,0.4941095588728785,0.4934105789288878,0.5015317061915994,0.498425792902708,0.5029999781399965,0.352446274086833,0.0066324087054222,0.3605522084981203,0.3448010478168726,0.359682822600007,0.3459711410105228,0.3512241505086422,3.4772071927785873,0.002925438906683,3.475898504257202,3.480973370373249,3.4762734919786453,3.472919575870037,3.479971021413803,0.6061843890696764,0.0065708995503545,0.5953363385051489,0.6134989578276873,0.6123779322952032,0.606038112193346,0.6036706045269966,0.4984711272642016,0.0056124102625583,0.4925157399848103,0.49179074075073,0.5043447725474834,0.5050175227224827,0.4986868603155017,7.6,5.0039984012787215,1,2,11,12,12,0.5601807882153556,0.0239864427631149,0.5154364759503467,0.555506055331422,0.5817299221491847,0.5743496515707034,0.5738818360751208,0.5507878504221604,0.0222031346642225,0.5182157507215587,0.5304709770256092,0.5671974545709338,0.574344095500498,0.563710974292202,0.548817780296392,0.0172732764595198,0.5264418831236193,0.5308874035940161,0.5713178375124602,0.5561607660861924,0.5592810111656723,433.7669250488281,11.65018357441626,426.9650573730469,428.9690246582031,422.9651794433594,455.962158203125,433.97320556640625,1015.3974731445312,0.4912885273198539,1015.9987182617188,1015.9996337890624,1014.995849609375,1014.996337890625,1014.996826171875,0.0059099726844578,0.0055738387469672,0.0039370078593492,0.0029527558945119,0.0167487692087888,0.0009852217044681,0.0049261087551712,0.0007877894677221,0.0003938949726037,0.0009842519648373,0.0009842519648373,0.0009852217044681,0.0,0.0009852217044681,0.0246243365108966,0.0147487680346508,0.0196850392967462,0.0118110235780477,0.0532019734382629,0.01576354727149,0.0226600989699363,0.0043328420724719,0.0010023372394254,0.0049212598241865,0.0059055117890238,0.0039408868178725,0.0039408868178725,0.0029556651134043,0.0445213537663221,0.0212072655137633,0.0285433065146207,0.0255905501544475,0.0847290679812431,0.0433497540652751,0.040394090116024,0.0102428147569298,0.0014775544739323,0.0098425196483731,0.0078740157186985,0.0118226604536175,0.0118226604536175,0.0098522175103425
50,0.3352528607472777,0.0045550760661532,0.3407727492352326,0.3287133962536852,0.3372373034556706,0.331157511100173,0.3383833436916272,3.458739187568426,0.0140719012936317,3.4672079098721347,3.4331375981370607,3.4695483297109604,3.4539606757462025,3.4698414243757725,0.6353173754488429,0.0072443041430231,0.6263768446321288,0.6466035333772501,0.6327428314834833,0.6403529507418474,0.6305107170095047,0.5122698067997893,0.0203204080082975,0.5004935100053748,0.5489667197689414,0.4966817662740747,0.5197013458237052,0.4955056921268503,0.3558975523337722,0.0032373933089679,0.3595948163419962,0.3506182860583067,0.3579646619036793,0.3538560327142477,0.3574539646506309,3.479598177969456,0.0031529713259075,3.4791332334280014,3.477070584893226,3.4853409081697464,3.4800036028027534,3.4764425605535507,0.5960764737799764,0.0114198386969569,0.5935972956940532,0.6027987953275442,0.6032197307795286,0.6059537017717957,0.5748128453269601,0.4967446817085147,0.0036235570063853,0.4956536162644624,0.50088294968009,0.4938324335962534,0.5010842923074961,0.4922701166942715,0.3517889702692628,0.0079214647792984,0.3555226968601346,0.3382990080863237,0.3555630352348089,0.3482343899086118,0.3613257212564349,3.475651924312115,0.0036468279391099,3.47087325155735,3.4746100455522537,3.4813482463359833,3.473464623093605,3.4779634550213814,0.6067092971876263,0.0189308269745646,0.6118053887039423,0.6112239416688681,0.626478835940361,0.6135028041899204,0.57053551543504,0.499057974293828,0.0048691703741152,0.5012719286605716,0.4991996474564075,0.4933240422978997,0.5068724015727639,0.4946218514814973,8.0,5.692099788303083,6,17,3,12,2,0.557329249999559,0.0188058216395717,0.529510089132446,0.5751568425410781,0.5501347821764638,0.5813677461178265,0.5504767900299807,0.5582384849728743,0.0133298751107245,0.5572516960932983,0.5680019449983502,0.5393117536665967,0.5771409502781144,0.5494860798280122,0.5485238459717257,0.0117279303167938,0.5542464774495499,0.5627060381536372,0.5289571769787261,0.5543098904545457,0.5423996468221695,433.76763916015625,11.649493672152216,426.9625854492187,428.9673767089844,422.9712219238281,455.962158203125,433.974853515625,1015.3974975585936,0.4889282755341819,1015.9977416992188,1015.994873046875,1014.999755859375,1014.996337890625,1014.998779296875,0.0068944184109568,0.0045364708094408,0.0078740157186985,0.0029527558945119,0.0147783253341913,0.0068965516984462,0.0019704434089362,0.0009848338086158,0.0006231090983742,0.0009842519648373,0.0009842519648373,0.0019704434089362,0.0,0.0009852217044681,0.0254101864993572,0.0089761363725254,0.0265748035162687,0.016732282936573,0.0295566506683826,0.0394088700413703,0.0147783253341913,0.0061054654419422,0.0011456305507894,0.0078740157186985,0.0068897637538611,0.0049261087551712,0.0049261087551712,0.0059113302268087,0.0478645130991935,0.0182076824446194,0.0511811003088951,0.0364173240959644,0.0433497540652751,0.080788180232048,0.027586206793785,0.01083355974406,0.0019716126720215,0.0118110235780477,0.0078740157186985,0.0108374385163187,0.0137931033968925,0.0098522175103425
75,0.33007070440799,0.004210458068282,0.3371229860931635,0.330021319600443,0.3244766208032767,0.3275474353382985,0.3311851602047682,3.4436682768166067,0.0109467263791124,3.458150868614515,3.4351921814183393,3.429807297885418,3.4407183366517224,3.454472699513038,0.6427725844085217,0.0054806654231642,0.6332362672934929,0.6440330489228169,0.6496682713429133,0.6456022262573242,0.6413231082260609,0.533504687808454,0.0163411803347982,0.5139196744809548,0.541567945231994,0.5576514756927887,0.5377708987022439,0.5166134449342886,0.3510434437543154,0.002570528081214,0.3544368306174874,0.35175521671772,0.3513892358168959,0.3511622501537204,0.3464736854657531,3.4761611431837083,0.0028058115105005,3.480635017156601,3.4732038378715515,3.474519170820713,3.478211022913456,3.4742366671562195,0.6037780351936817,0.0049597397526869,0.6026979247108102,0.5962990913540125,0.603357095271349,0.6047045709565282,0.6118314936757088,0.5023530468344688,0.0028247597917217,0.4969890285283327,0.504159165546298,0.505091437138617,0.5028789974749088,0.5026466054841876,0.3480755388736725,0.0041025754649775,0.3490908993408084,0.3412915095686912,0.3510033581405878,0.3459963724017143,0.3529955549165606,3.4716072529554367,0.0027201958056672,3.4718121588230133,3.4691434130072594,3.4692300632596016,3.471233941614628,3.4766166880726814,0.61304337605834,0.0062431115216209,0.6233082860708237,0.6076869741082191,0.6155380979180336,0.6130292564630508,0.6056542657315731,0.5067144753411412,0.0040720553525291,0.500711283646524,0.508114262484014,0.5119620319455862,0.5093220872804523,0.5034627113491297,15.8,5.635601121442148,9,16,25,18,11,0.5755792188605707,0.0204434854016896,0.5551105844559883,0.5544395716468182,0.575268702656534,0.6096752378162297,0.5834019977272836,0.5753103549024402,0.0142076955036983,0.5748278542026539,0.5717457061965041,0.5698935106308787,0.601515913861546,0.5585687896206182,0.5746023923905745,0.0105882498741163,0.5766995798787788,0.5721797393592074,0.588102842452098,0.5798731351079692,0.5561566651548191,433.76275024414065,11.651778595167276,426.961181640625,428.9632873535156,422.959716796875,455.9613037109375,433.96826171875,1015.3947875976562,0.4903450789972998,1015.9977416992188,1015.992919921875,1014.9924926757812,1014.995849609375,1014.9949340820312,0.0045298864133656,0.0014731988560249,0.0059055117890238,0.0049212598241865,0.0059113302268087,0.0039408868178725,0.0019704434089362,0.0009846398606896,0.0006224957813585,0.0019685039296746,0.0009842519648373,0.0009852217044681,0.0,0.0009852217044681,0.0244251582771539,0.0041109907473164,0.0187007877975702,0.0236220471560955,0.0285714287310838,0.0216748770326375,0.0295566506683826,0.0047275125514715,0.0015768891939791,0.0049212598241865,0.0029527558945119,0.0029556651134043,0.0059113302268087,0.0068965516984462,0.0516081616282463,0.0064526833930361,0.0413385815918445,0.047244094312191,0.0541871935129165,0.0561576373875141,0.0591133013367652,0.009651681408286,0.0014498796924512,0.0088582672178745,0.0088582672178745,0.007881773635745,0.0108374385163187,0.0118226604536175
100,0.335269687573115,0.0048134183595333,0.3413573428988457,0.3274177424609661,0.3369706266870101,0.3379694325849414,0.3326332932338118,3.4593204244971276,0.0158300923407543,3.4691241420805454,3.428525682538748,3.469082004080216,3.469944710532824,3.459925583253304,0.6342689094444116,0.0070245498924615,0.6254227558771769,0.6464089925090472,0.6314686673382918,0.6314605977386236,0.6365835337589184,0.5106720244511962,0.0220590721655986,0.4984878835578759,0.5537592268859347,0.4964297510062654,0.4957682089880109,0.508915051817894,0.3540149081498384,0.0034722413633833,0.3578988956287503,0.3510438771918416,0.357038676738739,0.3551672697067261,0.3489258214831352,3.4789199396967887,0.004003338576079,3.481632180511951,3.4751821383833885,3.4830900728702545,3.4816180169582367,3.4730772897601128,0.5952385002747178,0.0058416275402804,0.5848796525970101,0.597600313834846,0.5972350733354688,0.6024666205048561,0.594010841101408,0.497596513479948,0.0047280351962342,0.4937945390120148,0.5047449171543121,0.4933347916230559,0.4943369198590517,0.5017713997513056,0.3509350545704365,0.0060123938158518,0.3500585732981562,0.3397280247882008,0.3557641748338938,0.3561025690287351,0.3530219309031963,3.475851462781429,0.0027281140686862,3.475537560880184,3.47153639793396,3.4797233566641808,3.4774981811642647,3.474961817264557,0.6042878307402134,0.0093623122867638,0.6071139890700579,0.6110702995210886,0.6163911912590265,0.5924123115837574,0.5944513622671366,0.4987566767260432,0.006723986526041,0.4949792893603444,0.5093423863872886,0.4924734896048903,0.493011511862278,0.5039767064154148,7.8,6.013318551349163,5,19,3,3,9,0.5563581401286656,0.02046754349233,0.5366123286694903,0.5679080977847214,0.5397527427228398,0.5465325105689843,0.5909850208972917,0.5587556592824549,0.0155615458930437,0.559110790248049,0.5791530634366249,0.5366805880753656,0.5470386193030866,0.5717952353491483,0.5500950906685109,0.0234106117853413,0.5616898319282343,0.5785905512011318,0.5263602500605892,0.5184998648745301,0.5653349552780691,433.76609497070314,11.6549382835211,426.9595642089844,428.9620361328125,422.9683837890625,455.9730529785156,433.9674377441406,1015.3970092773436,0.4899057534627703,1015.9996337890624,1015.994384765625,1014.998779296875,1014.999267578125,1014.9929809570312,0.0039395291823893,0.0024917465814232,0.0009842519648373,0.0059055117890238,0.0068965516984462,0.0009852217044681,0.0049261087551712,0.0005911330226808,0.0004826580918924,0.0,0.0,0.0009852217044681,0.0009852217044681,0.0009852217044681,0.017922113277018,0.0071081895300682,0.017716534435749,0.0275590550154447,0.0128078823909163,0.007881773635745,0.0236453209072351,0.0047269308008253,0.0007351488364724,0.0059055117890238,0.0049212598241865,0.0049261087551712,0.0039408868178725,0.0039408868178725,0.0370266869664192,0.0114707762269049,0.0433070883154869,0.0462598428130149,0.0285714287310838,0.0187192130833864,0.0482758618891239,0.0102416511625051,0.0015959762319516,0.0108267720788717,0.0127952750772237,0.0098522175103425,0.0098522175103425,0.007881773635745
125,0.3337259867539008,0.0051998770047612,0.3403438019255797,0.3321577627211809,0.3264588598782817,0.3307317718863487,0.3389377373581131,3.4539588270088033,0.0131986589743425,3.467956048746904,3.442969646304846,3.436714290330807,3.4522559146086373,3.469898235052824,0.6376173554609219,0.0072008773693965,0.6277610616137584,0.6423975918442011,0.6462021972984076,0.6413132244100174,0.6304127021382252,0.5189583153774341,0.019787652495438,0.4982778696964184,0.5317876214782397,0.5474427168567976,0.5217041717842221,0.4955791970714926,0.3538112698122859,0.0027330109850826,0.3590456079691648,0.3527581319212913,0.3510077279061079,0.35299888625741,0.3532459950074553,3.4783851861953736,0.0030349839742235,3.482129789888859,3.4799120128154755,3.477935679256916,3.4729846715927124,3.478963777422905,0.5981418579816818,0.0059410776176588,0.5905772522091866,0.6061809612438083,0.6038486361503601,0.593834632076323,0.5962678082287312,0.4993844587355852,0.0045697022414924,0.496415595524013,0.4996854187920689,0.5027981838211417,0.5054758545011282,0.4925472410395741,0.3497380355373025,0.0061689038273731,0.356289847753942,0.3387196529656648,0.3482892271131277,0.3509137351065874,0.3544777147471905,3.4741357907652857,0.0042110904740979,3.475344642996788,3.4756059423089027,3.4697939977049828,3.469274640083313,3.480659730732441,0.6067960061132908,0.0143689253681564,0.5965110268443823,0.6252050157636404,0.6221009362488985,0.5887982677668333,0.6013647839426994,0.5023735156282783,0.0071989038187805,0.4940401660278439,0.5020097205415368,0.5105469347909093,0.5104648768901825,0.4948058798909187,9.8,5.912698199637792,5,12,19,11,2,0.5611477614836288,0.0232147147642965,0.5455837348444865,0.5448601319092642,0.58023939475807,0.5970336160335931,0.5380219298727298,0.5672854728235774,0.0145222821594671,0.5732274474224075,0.5585880786066099,0.5740306722375372,0.586386492253706,0.5441946735976266,0.5678407447051977,0.0144797130946255,0.5720762529217089,0.5695064274858656,0.5858267875870102,0.5703677655849932,0.541426489946411,433.7646057128906,11.650728600222603,426.9615478515625,428.9657287597656,422.959716796875,455.9591064453125,433.9769287109375,1015.3960327148436,0.4914752205266118,1015.9996337890624,1015.9962768554688,1014.9920043945312,1014.9929809570312,1014.999267578125,0.0039399170316755,0.002067265905433,0.0029527558945119,0.0019685039296746,0.0068965516984462,0.0059113302268087,0.0019704434089362,0.0007877894677221,0.0003938949726037,0.0009842519648373,0.0009842519648373,0.0,0.0009852217044681,0.0009852217044681,0.0258017539978027,0.0084091843400172,0.0364173240959644,0.0196850392967462,0.0334975384175777,0.0256157647818326,0.0137931033968925,0.0043334239628165,0.0010053431595574,0.0039370078593492,0.0039370078593492,0.0029556651134043,0.0049261087551712,0.0059113302268087,0.0519987598061561,0.013695324852922,0.062992125749588,0.0433070883154869,0.0709359645843505,0.0502463057637214,0.0325123146176338,0.0090605484321713,0.000966037937187,0.0088582672178745,0.0088582672178745,0.007881773635745,0.0088669955730438,0.0108374385163187
150,0.3295588516319791,0.0041051872779981,0.3374622116486231,0.3260455752412478,0.3274801736697554,0.3272931032503645,0.3295131943499048,3.4396836626032985,0.0124971132771648,3.4580503876010575,3.4201674920817218,3.437573297570149,3.436170374353727,3.446456761409839,0.642812932531039,0.0075683156633901,0.6283840242152413,0.6496287764360508,0.6448131709670027,0.6480683274567127,0.6431703635801872,0.5398655750478307,0.0178828652176397,0.5138230711842576,0.5668367600689331,0.5450051625569662,0.5454482908050219,0.5282145906239748,0.3516722947359085,0.0020924411519506,0.3533369917422533,0.352089055813849,0.3541665077209472,0.3504468062892556,0.3483221121132374,3.4735194370150566,0.0024187754975741,3.474747955799103,3.4726897329092026,3.47754817456007,3.472020633518696,3.470590688288212,0.6025401933118701,0.0076137109269835,0.5912276990711689,0.6066724509000778,0.5991682158783078,0.6015813164412975,0.6140512842684984,0.5054961256682873,0.0024142691740443,0.501777334138751,0.5053562382236123,0.5059356028214097,0.5050544608384371,0.5093569923192263,0.3485459448769689,0.0061214123023217,0.3452824875712394,0.3406529044732451,0.3539379192516207,0.3455664683133364,0.3572899447754025,3.469957783818245,0.0039415032340124,3.467568062245846,3.468538418412209,3.4729719310998917,3.4648529440164566,3.475857563316822,0.6109361926093697,0.0071985882070463,0.6170885507017374,0.6186555037274957,0.6131180785596371,0.6066537536680698,0.5991650763899088,0.5079013857990503,0.0033267230937779,0.5046225627884269,0.5126062650233507,0.5060106432065368,0.5111968964338303,0.505070561543107,16.4,4.673328578219168,8,21,18,20,15,0.5847852281171473,0.0274537221626583,0.5354664823363097,0.6055867767006341,0.5741203735887549,0.6010494324319827,0.6077030755280552,0.5785884881975856,0.0097143654006294,0.5673007662578227,0.5956031167235087,0.5723033862156752,0.581631272495569,0.5761038992953522,0.574116985090285,0.0084255450319539,0.5700404741303459,0.5830815349246458,0.5839507958502376,0.5616132163275238,0.5718989042186717,433.76177368164065,11.651245162883775,426.9607543945313,428.9622497558594,422.9601440429687,455.9597778320313,433.9659423828125,1015.3936157226562,0.4899042895200532,1015.9953002929688,1015.991943359375,1014.9934692382812,1014.9929809570312,1014.994384765625,0.0155635938048362,0.0117154164376129,0.0039370078593492,0.0108267720788717,0.0197044350206851,0.0068965516984462,0.0364532023668289,0.0009846398606896,0.0006224957813585,0.0019685039296746,0.0009842519648373,0.0009852217044681,0.0,0.0009852217044681,0.0405800800770521,0.0182313755617593,0.0236220471560955,0.03248031437397,0.0532019734382629,0.0236453209072351,0.0699507445096969,0.003741709049791,0.0014454407240715,0.0059055117890238,0.0049212598241865,0.0029556651134043,0.0019704434089362,0.0029556651134043,0.0718988798558712,0.0180238697971883,0.0511811003088951,0.0620078742504119,0.087684728205204,0.0600985251367092,0.0985221713781356,0.0102420389652252,0.0022091270780433,0.0078740157186985,0.0137795275077223,0.0118226604536175,0.0088669955730438,0.0088669955730438
175,0.326117413615187,0.0036989703557667,0.3246386293321848,0.3320597543691595,0.3247395313034455,0.3280569923420747,0.3210921607290705,3.428398297727108,0.0121057969309793,3.4135593498746553,3.44245353837808,3.4295064558585486,3.440760583927234,3.4157115605970225,0.648348565523823,0.0040593690204793,0.648637680336833,0.642099829390645,0.6479141029218832,0.6481817420572042,0.65490947291255,0.554918916709721,0.0185788397630357,0.5786815180132786,0.5319262243186434,0.5556451436132193,0.5364100113511086,0.5719316862523556,0.3490098001435399,0.0027156953196276,0.3513771770521998,0.3507727663964033,0.3490415038540959,0.3500512884929776,0.3438062649220228,3.4727028757333755,0.0055305503757274,3.4730280488729477,3.4751597568392754,3.4752345010638237,3.477991670370102,3.462100401520729,0.6076290540397167,0.0084381663668779,0.5994914881885052,0.5985551569610834,0.612914202734828,0.606229929253459,0.620954493060708,0.5068507887423038,0.0065265733469638,0.5036641815677285,0.5001775799319148,0.508273147046566,0.5033017583191395,0.5188372768461704,0.3450430393218994,0.0039890241365183,0.3422858705744147,0.3389653833582997,0.3487735567614436,0.345585472881794,0.349604913033545,3.4695699200034142,0.0013193129005262,3.467589557170868,3.469858795404434,3.469447188079357,3.471709281206131,3.4692447781562805,0.6154537331312895,0.0075344914333064,0.6277091186493635,0.6107564615085721,0.6207627132534981,0.609575904905796,0.6084644673392177,0.5062019126489758,0.002045604650658,0.5060981344431639,0.5037197079509497,0.5098273642361164,0.504952029325068,0.5064123272895813,21.8,7.573638491504595,29,11,22,16,31,0.5762312359992072,0.0303111778204904,0.5376134574596827,0.5650800419831697,0.5621729427523503,0.5888632712216071,0.6274264665792263,0.5749987218893569,0.0099327600068346,0.5807736163014914,0.5709386894111063,0.5572624198925944,0.5824871114666988,0.5835317723748935,0.5758703375493913,0.0114920615765572,0.5869562953914207,0.5803085711349771,0.5783751911153502,0.5536470396611385,0.5800645904440698,433.3619262695312,11.465523668540223,426.9552917480469,428.9645385742187,421.9603576660156,454.9616088867187,433.96783447265625,1015.1930786132812,0.4001368106140516,1015.9933471679688,1014.9934692382812,1014.9915771484376,1014.9954223632812,1014.9915771484376,0.0072890889830887,0.0026137395437925,0.0078740157186985,0.0039408868178725,0.0068965516984462,0.0059113302268087,0.0118226604536175,0.0007881773635745,0.0011489560729022,0.0,0.0,0.0009852217044681,0.0,0.0029556651134043,0.0273833453655242,0.0056540185419576,0.0295275598764419,0.0177339911460876,0.0246305428445339,0.0334975384175777,0.0315270945429801,0.0059103605803102,0.0021589560986089,0.0049212598241865,0.0029556651134043,0.0049261087551712,0.007881773635745,0.0088669955730438,0.0510234292596578,0.0118408654153131,0.0561023615300655,0.0305418726056814,0.0512315295636653,0.0669950768351554,0.0502463057637214,0.0122144220396876,0.0030908200470329,0.0118110235780477,0.0088669955730438,0.0098522175103425,0.0128078823909163,0.0177339911460876
200,0.327940664999187,0.002609366294588,0.3301101895049214,0.3278853051985304,0.3244920528183381,0.325731192715466,0.3314845847586791,3.434929459045331,0.0098948969941885,3.434738140553236,3.4277400908370814,3.4257056191563606,3.432866228123506,3.4535972165564695,0.6453857659051815,0.0039360668530642,0.641703587025404,0.6460478690763315,0.6499836115787426,0.6491290672371784,0.6400646946082512,0.5441813504944244,0.0149403304430846,0.5480300597846508,0.5512999646986524,0.558677738532424,0.5475155236199498,0.5153834658364455,0.3508326400071382,0.0029596475317997,0.3540687868371606,0.3543011946603656,0.3506476078182459,0.3476309822872281,0.3475146284326911,3.474625350534916,0.0027593272312781,3.474798522889614,3.477707676589489,3.477515861392021,3.4707470685243607,3.4723576232790947,0.6088140619918704,0.0094702173565425,0.6021739710122347,0.596140380948782,0.6065358500927687,0.6179646132513881,0.6212554946541786,0.5050960632041097,0.0014383253318707,0.5055683702230453,0.5033277850598097,0.5058410977944732,0.5071445479989052,0.503598514944315,0.3476271538063883,0.0050386248081879,0.3532518874853849,0.3401092123240232,0.3467161925509572,0.3449049144983291,0.3531535621732473,3.4708144411444666,0.0038551655938485,3.4687359035015106,3.4705034345388412,3.4726067781448364,3.4653466045856476,3.476879484951496,0.6157240476459265,0.0070178751981705,0.6046238169074059,0.6147435558959842,0.6263922322541475,0.6183366980403662,0.6145239351317286,0.5072315830737353,0.0031690675675293,0.5082571636885405,0.5091040683910251,0.5050921021029353,0.5113684739917517,0.5023361071944237,17.4,4.841487374764082,18,17,24,19,9,0.5764508683096906,0.0256808233472344,0.5394189304257673,0.5620102762527407,0.5701123488417014,0.607144236777185,0.6035685492510589,0.579303356137397,0.0032009112464424,0.5745151762196953,0.5828318205831033,0.5766750272733298,0.5820798081138293,0.580414948497028,0.5794639689734222,0.0079353117864892,0.5765905007869436,0.5814780732481302,0.5939456300012089,0.5725294615615617,0.5727761792692665,433.3617370605469,11.465356866924914,426.95648193359375,428.9620361328125,421.95953369140625,454.96051025390625,433.9701232910156,1015.1935302734375,0.4004280731552668,1015.994384765625,1014.9920043945312,1014.993896484375,1014.9929809570312,1014.994384765625,0.0098491139709949,0.0029821869948081,0.015748031437397,0.0088669955730438,0.007881773635745,0.007881773635745,0.0088669955730438,0.0011822660453617,0.0011489560729022,0.0,0.0029556651134043,0.0019704434089362,0.0,0.0009852217044681,0.0388031892478466,0.0178863111248279,0.0738188996911048,0.0364532023668289,0.027586206793785,0.0305418726056814,0.0256157647818326,0.0053190334234386,0.0016003676155542,0.0059055117890238,0.0068965516984462,0.0068965516984462,0.0029556651134043,0.0039408868178725,0.0736728608608245,0.0190767415773149,0.110236220061779,0.0719211846590042,0.064039409160614,0.0669950768351554,0.0551724135875701,0.0131988674402236,0.0020247831400329,0.015748031437397,0.0147783253341913,0.0137931033968925,0.0108374385163187,0.0108374385163187
225,0.3284660094107191,0.0037185332837287,0.3315978615234295,0.3334065290788809,0.3251944774140914,0.3285848417629798,0.3235463372742136,3.435993969937166,0.0090559242689361,3.436538559695085,3.449331946671009,3.428881600499153,3.4415068216621876,3.423710921158394,0.6444993663579225,0.0049908105487475,0.6399561191598574,0.6385525905837616,0.6473431742439667,0.6443717672179142,0.6522731805841128,0.5436218751594425,0.0145515621732249,0.545602299583455,0.5218938840553164,0.5546769825741649,0.5334299256404241,0.5625062839438518,0.3500441318377852,0.0040204725238936,0.3508795024827122,0.3527769688516855,0.3534392556175589,0.3508568750694394,0.34226805716753,3.473027642071247,0.0047345867808451,3.4720792919397354,3.4783528447151184,3.4736959114670753,3.476406402885914,3.4646037593483925,0.607279609516263,0.0060547433174456,0.5995719991624355,0.6068840362131596,0.6028293613344431,0.6100111305713654,0.6171015202999115,0.5063057975843549,0.0048019756483262,0.5037296749651432,0.5009518889710307,0.5095396125689149,0.5032451478764415,0.5140626635402441,0.3461744707077742,0.0049056839512423,0.3452245956286788,0.3403063956648111,0.3545669699087739,0.3428066475316882,0.3479677448049187,3.4699083089828493,0.001817908732109,3.4687926173210144,3.472811132669449,3.4704284369945526,3.467354580760002,3.4701547771692276,0.6152729393914342,0.0066397001932147,0.6157535836100578,0.6205846564844251,0.6096152383834124,0.624148877337575,0.6062623411417007,0.5071174751967191,0.0015579319173251,0.5071112234145403,0.506556136533618,0.506704936735332,0.5099708111956716,0.505244268104434,17.6,5.571355310873647,17,9,22,15,25,0.5764522006222184,0.0345968081704227,0.5220992299727512,0.5818063245499548,0.5548103124829628,0.6073933224916795,0.6161518136137433,0.5781194210678058,0.0104884358218879,0.5692858813481948,0.5863725326517182,0.5623391085159059,0.5895429359501495,0.583056646873061,0.5762672570072875,0.0054532392030101,0.5738666098333398,0.5844615408688689,0.5787163270519986,0.567914435636589,0.5763773716456413,433.36292724609376,11.464619420561936,426.9566955566406,428.964111328125,421.9631652832031,454.9609680175781,433.9696960449219,1015.1939086914062,0.3999646614527997,1015.9938354492188,1014.994384765625,1014.994384765625,1014.9949340820312,1014.9920043945312,0.0065018813125789,0.0026148780499178,0.0029527558945119,0.0049261087551712,0.0108374385163187,0.0068965516984462,0.0068965516984462,0.0011822660453617,0.0007372724136266,0.0,0.0009852217044681,0.0019704434089362,0.0009852217044681,0.0019704434089362,0.0346732091158628,0.0049237681764988,0.033464565873146,0.0305418726056814,0.0443349778652191,0.0325123146176338,0.0325123146176338,0.0053196153603494,0.0013374492409158,0.0029527558945119,0.0059113302268087,0.0068965516984462,0.0049261087551712,0.0059113302268087,0.0640268042683601,0.0092422331716463,0.063976377248764,0.0561576373875141,0.0699507445096969,0.0778325125575065,0.052216749638319,0.0118207212537527,0.002717478217945,0.0098425196483731,0.0167487692087888,0.0128078823909163,0.0098522175103425,0.0098522175103425
250,0.3307210093364119,0.0126673603869102,0.3291477570310235,0.3555408045649528,0.3228025743737817,0.3217086826140682,0.3244052280982335,3.4324823367098967,0.0183014071737783,3.4296129904687405,3.4679694063961506,3.422364725420872,3.4161505152781806,3.42631404598554,0.6375153708892564,0.0251996237640925,0.6441452360401551,0.587516268560042,0.6518318094313145,0.6534989724556605,0.6505845679591099,0.54849250651896,0.0274942262735762,0.5553049249574542,0.49479374786218,0.5661269146949053,0.5705644966413578,0.5556724484389027,0.3515972349792718,0.0038432131208762,0.350881427526474,0.358863883651793,0.3508232701569795,0.3499834928661585,0.3474341006949544,3.473016898334026,0.0058433923394028,3.4738520458340645,3.4828524589538574,3.4695893451571465,3.4735971465706825,3.465193495154381,0.6071881722658873,0.0084298677924773,0.6112156864255667,0.5943481605499983,0.6038503292948008,0.6065823994576931,0.6199442856013775,0.5070286924019456,0.0074017178493903,0.5066506443545222,0.4939712230116129,0.50869544968009,0.5089597972109914,0.5168663477525115,0.3481232175603509,0.003686993776923,0.3432501144707203,0.3485367465764284,0.3499629274010658,0.3451183438301086,0.3537479555234313,3.469863864779472,0.0049088928705909,3.4670828133821487,3.4778274595737457,3.4663551449775696,3.4648066982626915,3.473247207701206,0.615854337066412,0.0090018335478157,0.6321513876318932,0.6069026552140713,0.6155334021896124,0.6165053062140942,0.6081789340823889,0.5070185415446758,0.0081204508465235,0.5070559810847044,0.4939843388274312,0.5130040924996138,0.517574374563992,0.5034739207476377,19.8,9.867117106835208,20,1,26,29,23,0.5740351922908696,0.0417084404652211,0.5426419546182618,0.5150073381499475,0.5725235080282279,0.6198528417866008,0.6201503188713103,0.5651758647188456,0.0291787460951581,0.5692084475551158,0.5095972339249465,0.5745157682938873,0.5956019482948697,0.576955925525409,0.5680495785730757,0.0214139806640933,0.5706802693749479,0.526262065999467,0.585122201540102,0.5805657412083096,0.5776176147425522,433.36280517578126,11.463218459883093,426.95709228515625,428.9718627929687,421.95953369140625,454.9570617675781,433.9684753417969,1015.1947143554688,0.4000918122810529,1015.994873046875,1015.0006713867188,1014.9915771484376,1014.9929809570312,1014.9934692382812,0.0084719369187951,0.004519912230432,0.0049212598241865,0.0019704434089362,0.0088669955730438,0.0128078823909163,0.0137931033968925,0.0011822660453617,0.0007372724136266,0.0,0.0009852217044681,0.0009852217044681,0.0019704434089362,0.0019704434089362,0.0358529550954699,0.0139346786290876,0.0462598428130149,0.0108374385163187,0.0354679822921752,0.0512315295636653,0.0354679822921752,0.0047284823842346,0.00130783395419,0.0029527558945119,0.0049261087551712,0.0049261087551712,0.0068965516984462,0.0039408868178725,0.0622506912797689,0.0210309544312364,0.0777559056878089,0.0236453209072351,0.0660098567605018,0.0837438479065895,0.0600985251367092,0.0118203332647681,0.0035794914169413,0.0118110235780477,0.0098522175103425,0.0068965516984462,0.0177339911460876,0.0128078823909163
275,0.3266600515693426,0.006307882750969,0.3305436751494805,0.3339452532430489,0.3266723044216633,0.3269125350440542,0.3152264899884661,3.429838536183039,0.017858435332951,3.435479169090589,3.4492178733150163,3.434032036612431,3.434505412975947,3.395958188921213,0.6468808753415942,0.0089753827624727,0.6399979876975218,0.6390579827129841,0.6438239573811492,0.647789953276515,0.663734495639801,0.553082979718844,0.0267857558073428,0.5446215365082026,0.5219673902417222,0.5503843066593012,0.5455266941959659,0.6029149709890286,0.3508976070210338,0.0033561156358456,0.3501822166144848,0.3558557918295264,0.3533082446083426,0.3488509161397815,0.3462908659130335,3.470758095383644,0.0043285839020573,3.471625819802284,3.476452924311161,3.4706894904375076,3.4719500839710236,3.463072158396244,0.6048105033114552,0.0066719424478757,0.599066324532032,0.6113282712176442,0.5957132466137409,0.6051190663129091,0.61282560788095,0.5091480575501919,0.0062544767116263,0.5034436602145433,0.5059287501499057,0.5119771342724562,0.5042545786127448,0.5201361645013094,0.3493863966315985,0.0059342072944563,0.3449500016868114,0.3437005113810301,0.3564334856346249,0.3450217330828309,0.3568262513726949,3.468384552001953,0.0028424136447615,3.4669197499752045,3.470557890832424,3.4697186946868896,3.4635121524333954,3.471214272081852,0.6083614356815815,0.0149947428352211,0.61561937071383,0.6309752315282822,0.5955329583957791,0.6110278405249119,0.5886517772451043,0.5080633128061891,0.0020791557423904,0.506802593357861,0.5104661220684648,0.5052885878831148,0.5104951318353415,0.5072641288861632,20.8,10.283968105745952,17,9,19,19,40,0.5754347711529403,0.0238905652370723,0.5371598974660027,0.5778972416047771,0.5658875786734232,0.6095790898096353,0.5866500482108631,0.5760057551890444,0.0114386440920711,0.5755530445266136,0.5845308162789427,0.5638477154027751,0.5926288419717537,0.5634683577651369,0.5747497523007121,0.0131595349269549,0.5782253805905518,0.5876887046883984,0.5739514221784197,0.583731495171516,0.5501517588746745,433.36176147460935,11.464575684034097,426.95751953125,428.96246337890625,421.96136474609375,454.9598693847656,433.9675903320313,1015.1931762695312,0.4008488875009535,1015.994873046875,1014.9929809570312,1014.9929809570312,1014.9915771484376,1014.9934692382812,0.0106396185234189,0.0051919137006882,0.0039370078593492,0.0137931033968925,0.0137931033968925,0.0049261087551712,0.0167487692087888,0.0017732051201164,0.0007374798255466,0.0009842519648373,0.0019704434089362,0.0029556651134043,0.0009852217044681,0.0019704434089362,0.0390093486756086,0.0066797741127768,0.0275590550154447,0.0472906418144702,0.0413793101906776,0.0364532023668289,0.0423645339906215,0.0076841474510729,0.0026002520070578,0.0029527558945119,0.0108374385163187,0.0088669955730438,0.007881773635745,0.007881773635745,0.0650133818387985,0.0077189590185354,0.0570866130292415,0.0778325125575065,0.0650246292352676,0.0571428574621677,0.0679802969098091,0.0137909704819321,0.0026460149058961,0.0108267720788717,0.0177339911460876,0.0147783253341913,0.0147783253341913,0.0108374385163187
300,0.3258190228293339,0.0025640514921145,0.3274091696366668,0.3271104550609986,0.3222066617260377,0.3289556285987298,0.3234131991242369,3.4254929425815748,0.0080780264810342,3.4231283590197563,3.4247772519787154,3.4170181614657245,3.440799046307802,3.4217418941358724,0.6478463530540466,0.0037811565383712,0.6437573929627737,0.6475495180735985,0.6525553036481142,0.6436566499372324,0.6517129006485144,0.5597173048804203,0.0130938898990916,0.5647345253576835,0.5590830637762944,0.5751595944166183,0.5357211685429016,0.5638881723086039,0.3496889365836978,0.0034481456934856,0.3498297287151217,0.3526357281953096,0.3515591518953442,0.3513907995074987,0.3430292746052146,3.4714345753192903,0.0050956262751859,3.469992235302925,3.4743380546569824,3.473247431218624,3.477236345410347,3.462358810007572,0.6118423540145159,0.0082555829133079,0.6079169875010848,0.5998002095147967,0.6178947668522596,0.6099236682057381,0.6236761379987001,0.5090693177655339,0.0067582338298296,0.5097817918285728,0.5023133251816034,0.5074171097949147,0.5042605167254806,0.5215738452970982,0.3471554581075907,0.0050139888766787,0.3434250224381685,0.3411493496969342,0.3530101692304015,0.3449793988838792,0.3532133502885699,3.467759095132351,0.0031973127403661,3.4617059007287025,3.4683874025940895,3.469233989715576,3.46830203384161,3.4711661487817764,0.6189296992495656,0.0096231184478481,0.6291210483759642,0.6122899698093534,0.6246172059327364,0.6252655908465385,0.6033546812832355,0.5136199086904526,0.0035586405746021,0.5192942814901471,0.5108275860548019,0.5094091268256307,0.5158189721405506,0.5127495769411325,21.8,4.621688003316537,23,18,27,15,26,0.5822124249541047,0.0261941694635851,0.5496384789987125,0.569159605100589,0.5657969901148927,0.6148383113403462,0.611628739215983,0.5832988679171814,0.0055441178657331,0.5839696773543245,0.5826071095939226,0.5747307673722825,0.5922009661619578,0.5829858191034198,0.5830268573353331,0.003192478126605,0.5861902122601923,0.5821826375321166,0.5867227244002066,0.5779589554953305,0.5820797569888195,433.3614929199219,11.463574523085413,426.9542541503906,428.96246337890625,421.9649963378906,454.9581604003906,433.9675903320313,1015.1921875,0.398902310412834,1015.989990234375,1014.9920043945312,1014.993896484375,1014.9934692382812,1014.9915771484376,0.0118187815882265,0.0074471988726897,0.0196850392967462,0.0019704434089362,0.0039408868178725,0.0187192130833864,0.0147783253341913,0.0005911330226808,0.0004826580918924,0.0,0.0009852217044681,0.0009852217044681,0.0,0.0009852217044681,0.0419595837593078,0.016448926528151,0.0551181100308895,0.0216748770326375,0.0236453209072351,0.0620689690113067,0.0472906418144702,0.0051221831701695,0.0019105168588386,0.0049212598241865,0.0039408868178725,0.0039408868178725,0.0088669955730438,0.0039408868178725,0.0793898619711399,0.0187443472441797,0.096456691622734,0.0541871935129165,0.0600985251367092,0.0995073914527893,0.0866995081305503,0.0116238703951239,0.0024472267971953,0.0088582672178745,0.0137931033968925,0.0088669955730438,0.0118226604536175,0.0147783253341913
325,0.336755648565789,0.0080727610209579,0.3342826869338751,0.3276119682316978,0.3511430881917476,0.3318144204095006,0.3389260790621241,3.452488567928474,0.0146410619717337,3.447967149317265,3.4277545139193535,3.466390711565813,3.4521510303020477,3.4681794345378876,0.629586027081435,0.0188321967109177,0.6362228573610386,0.6489272192120552,0.5945847317731628,0.6407807966073354,0.6274145304535826,0.518997795941929,0.0220218293264829,0.5280178729444742,0.5553553240994612,0.49576820867757,0.5188024844974279,0.4970450894907117,0.3557546719908714,0.0037620572724346,0.3554808888584375,0.3522006394341588,0.3614655788987875,0.3513727923855185,0.3582534603774547,3.4774659857153893,0.0053370297832369,3.4705062359571457,3.475001074373722,3.4862529635429382,3.475494496524334,3.4800751581788063,0.598993982002139,0.0020324980192342,0.5974954627454281,0.6025265911594033,0.5996079985052347,0.5966582214459777,0.5986816361546516,0.5009480450302363,0.0066790987787604,0.511282685212791,0.5039701471105218,0.4936059806495905,0.5021311612799764,0.4937502508983016,0.3532587116584181,0.0090209612965874,0.3533291732892394,0.3403865285217762,0.3621722003445029,0.3464227030053735,0.3639829531311989,3.473410853743553,0.0083930182913002,3.4645882323384285,3.468098357319832,3.4835909456014633,3.4671817496418953,3.483594983816147,0.605866221152246,0.0089754627668328,0.6058209612965584,0.6178610576316714,0.6096604019403458,0.6057592555880547,0.5902294293045998,0.5040705818682909,0.0086851757446861,0.5132463574409485,0.5107836294919252,0.4922832306474447,0.5091102914884686,0.4949294002726674,8.2,6.20966987850401,10,18,1,10,2,0.5565984666141774,0.0380208969991067,0.5417051781480551,0.5832836049034031,0.5037582601810904,0.6135881436141807,0.5406571462241583,0.5632510442634004,0.0327527763642072,0.571145578186903,0.5956429697362466,0.517003858232066,0.598601099804374,0.5338617153574124,0.5542220365125036,0.0323884339272682,0.5717250228234226,0.5924299576795756,0.5065388778572444,0.5744253821797577,0.5259909420225176,433.3649658203125,11.463532427839375,426.95648193359375,428.9645385742187,421.968017578125,454.96051025390625,433.9752807617187,1015.1959594726562,0.3992258026485483,1015.994384765625,1014.9924926757812,1015.0001831054688,1014.9929809570312,1014.999755859375,0.0088631163351237,0.0062243438472496,0.0196850392967462,0.007881773635745,0.0019704434089362,0.0039408868178725,0.0108374385163187,0.0009850277565419,0.0006231090380063,0.0009842519648373,0.0019704434089362,0.0009852217044681,0.0,0.0009852217044681,0.0370311472564935,0.0154848146321385,0.0669291317462921,0.0305418726056814,0.0364532023668289,0.0266009867191314,0.0246305428445339,0.0055160778108984,0.001336078523409,0.0059055117890238,0.0068965516984462,0.0059113302268087,0.0029556651134043,0.0059113302268087,0.0734727129340171,0.0267202487193287,0.125984251499176,0.0610837452113628,0.0571428574621677,0.0689655169844627,0.0541871935129165,0.0122142277657985,0.0019298666505465,0.0127952750772237,0.0147783253341913,0.0118226604536175,0.0088669955730438,0.0128078823909163
350,0.3330370303243398,0.0087822871761394,0.3283056899284323,0.3276772253836195,0.3483783863484859,0.3369460732986529,0.3238777766625086,3.440283515055974,0.0218247210122122,3.42480792477727,3.42217222849528,3.465857701996962,3.468037902067105,3.420541817943255,0.6351785940118134,0.0181104474539958,0.6440266724675894,0.6478449441492558,0.6011483192754289,0.6323581412434578,0.6505148929233352,0.535754768922925,0.0328323223592229,0.5590704614296556,0.5621870641286174,0.4955119919031858,0.4957682055731614,0.5662361215800047,0.3525033162906766,0.0066133081133339,0.3535212446004152,0.3520797323435545,0.3619346842169761,0.3537456765770912,0.3412352437153458,3.473838786780834,0.0074172295900189,3.469449684023857,3.4729022458195686,3.483670987188816,3.480190984904766,3.462980031967163,0.6064738234505057,0.0129801291906214,0.5974623067304492,0.6102874130010605,0.5993265137076378,0.5950484108179808,0.6302444729954004,0.5051284352317452,0.0099631153102024,0.5082572465762496,0.5071203541010618,0.4941223412752151,0.4949541762471199,0.5211880579590797,0.3517948405817151,0.0070072124063471,0.3516406053677201,0.3402160452678799,0.3616512455046177,0.3552334792912006,0.3502328274771571,3.471758726239204,0.0055282953918545,3.4656771644949913,3.4660898447036743,3.4799420163035393,3.4758182764053345,3.4712663292884827,0.6067789508029818,0.0146916951039146,0.6049065161496401,0.6288845930248499,0.6111756172031164,0.5829657949507236,0.6059622326865792,0.5025073010474443,0.007910751447171,0.5078216148540378,0.5132610872387886,0.4932282902300358,0.4936415506526828,0.5045839622616768,14.2,10.476640682967036,23,17,1,3,27,0.565101310874277,0.0188801979057256,0.560503355024063,0.592159547824541,0.5433637550309335,0.5480630558495735,0.5814168406422735,0.5685742744986735,0.0226983670729647,0.5947792652191728,0.5954562580760281,0.542853709774232,0.5468062344332939,0.562975904990641,0.56095807922694,0.0308058996042125,0.5937950404630254,0.5975139652766104,0.5245020143586925,0.5293411247143535,0.559638251322018,433.3663940429687,11.467484453259027,426.9579162597656,428.9645385742187,421.9684143066406,454.9718017578125,433.96929931640625,1015.1952880859376,0.399561177513933,1015.994384765625,1014.9910278320312,1014.999267578125,1014.998779296875,1014.9929809570312,0.0068936428986489,0.0052829192799515,0.0147637799382209,0.0088669955730438,0.0009852217044681,0.0009852217044681,0.0088669955730438,0.001576354727149,0.0013364197412479,0.0,0.0039408868178725,0.0009852217044681,0.0009852217044681,0.0019704434089362,0.0238316981121897,0.0178075524333231,0.0541338585317134,0.0285714287310838,0.0049261087551712,0.0068965516984462,0.0246305428445339,0.0047280944883823,0.0007370157586533,0.0049212598241865,0.0059113302268087,0.0049261087551712,0.0039408868178725,0.0039408868178725,0.0456966381520032,0.0262417532334717,0.0895669311285018,0.052216749638319,0.0206896550953388,0.0167487692087888,0.0492610856890678,0.0100469343364238,0.0009610421702316,0.0118110235780477,0.0098522175103425,0.0088669955730438,0.0098522175103425,0.0098522175103425
375,0.3302817910288771,0.0021303317490681,0.332621198768417,0.3322123186662793,0.3267181264236569,0.330449561898907,0.3294077493871252,3.4432969639698663,0.0044850638789158,3.4444270245730877,3.444491737832626,3.4351354613900185,3.44888278717796,3.4435478088756404,0.6424925524741412,0.003624291022461,0.6362189631909132,0.6410771415879329,0.6467419117689133,0.6437979470938444,0.6446267987291018,0.5330737415080268,0.0084205331816486,0.5325373668844501,0.5290238438174129,0.5483345768103997,0.5228389461214343,0.5326339739064375,0.3517578653991222,0.003561112527128,0.3555365754291415,0.3560762116685509,0.351404121145606,0.3474524626508355,0.3483199561014771,3.473240129649639,0.0019006406066682,3.4711219146847725,3.474384754896164,3.4748487025499344,3.475099340081215,3.47074593603611,0.6017113015055656,0.0075376477449808,0.5979413138702512,0.5899486932903528,0.6012271167710423,0.6084937546402216,0.6109456289559603,0.5079585880041122,0.0034591304081566,0.5117274522781372,0.5052174460142851,0.5083174277096987,0.502963000908494,0.5115676131099463,0.3495611678808927,0.0060326993478123,0.3547311006113887,0.3418390918523073,0.3530136626213789,0.3426579460501671,0.3555640382692218,3.471072418987751,0.002783005472879,3.468557819724083,3.468317560851574,3.4717918559908867,3.470706954598427,3.4759879037737846,0.6076131293550133,0.0073639490718174,0.6000395864248276,0.6126777725294232,0.6086571421474218,0.617988359183073,0.5987027864903212,0.5071068037301302,0.0030023853697733,0.5084087383002043,0.5120134633034468,0.5058581111952662,0.5029773525893688,0.5062763532623649,13.4,2.4166091947189146,13,11,18,12,13,0.5780404210465349,0.0212808227559377,0.543018777125447,0.5790329650087134,0.568552853063051,0.5998323611955334,0.5997651488399298,0.5799134857868656,0.0112411726074583,0.5785294061568738,0.5921535713178081,0.5632439743794916,0.5924460736734368,0.5731944034067179,0.5808589796832061,0.0074563277086783,0.5823023070583886,0.5930339356708901,0.582903262860599,0.5723818333243987,0.5736735595017544,433.3612182617187,11.465823257731175,426.9577331542969,428.9575500488281,421.962158203125,454.9627075195313,433.9659423828125,1015.1939331054688,0.4002278096458973,1015.994384765625,1014.9915771484376,1014.994384765625,1014.9954223632812,1014.993896484375,0.0124110782518982,0.003716821759237,0.0137795275077223,0.0137931033968925,0.0177339911460876,0.0068965516984462,0.0098522175103425,0.0011818781495094,0.0011486902096959,0.0019685039296746,0.0,0.0029556651134043,0.0,0.0009852217044681,0.0451099649071693,0.015350700726659,0.0669291317462921,0.052216749638319,0.0433497540652751,0.0197044350206851,0.0433497540652751,0.0059105545282363,0.0022473321208846,0.0039370078593492,0.0098522175103425,0.0068965516984462,0.0049261087551712,0.0039408868178725,0.0819491118192672,0.018884446912215,0.1082677170634269,0.0906403958797454,0.0788177400827407,0.0502463057637214,0.0817734003067016,0.0139872390776872,0.0056900549851839,0.0147637799382209,0.0236453209072351,0.0147783253341913,0.0068965516984462,0.0098522175103425
400,0.3329057235270738,0.006622821016629,0.3414423527816931,0.3402103533347447,0.3254240211099386,0.3297652167578538,0.3276866736511389,3.4501208066940308,0.0157989243241519,3.4687877036631107,3.468377135694027,3.429474829385678,3.44392546142141,3.440038903305928,0.63863221462816,0.009224625147345,0.6250578028460344,0.6300375874464711,0.6466938555240631,0.6444949309031168,0.6468768964211146,0.5232493098204334,0.0230857652066906,0.4976478305955727,0.4954006842647989,0.5543094572300712,0.5314116956045231,0.5374768814072013,0.3523414535447955,0.0061851646774482,0.3603068357333541,0.3564153304323554,0.3509087460115552,0.3521828548982739,0.3418935006484389,3.476336920261383,0.0048054037045188,3.4797193706035614,3.482233516871929,3.4765790700912476,3.475030556321144,3.468122087419033,0.6033131677657366,0.0179737115101932,0.5738246915861964,0.5952946860343218,0.6099781803786755,0.6097516557201743,0.6277166251093149,0.5041674360632896,0.009328741776562,0.493957819417119,0.4934923015534878,0.5070450156927109,0.5083480160683393,0.5179940275847912,0.3495330516248941,0.0046646687677134,0.356713268905878,0.3447137279435992,0.3519801571965217,0.3442595992237329,0.3499985048547387,3.4733894929289817,0.00348753972809,3.4741152971982956,3.4786959514021873,3.472814865410328,3.4677532464265823,3.4735681042075157,0.610184545814991,0.0139512634185047,0.5846850275993347,0.611123101785779,0.6192395649850368,0.625679349526763,0.6101956851780415,0.5024453107267618,0.0084529530538032,0.492238157428801,0.4923827201128006,0.5076197339221835,0.5123500199988484,0.5076359221711755,11.2,6.968500556073739,3,3,20,14,16,0.5716781238463083,0.0346704563278183,0.5290260004849876,0.543030392953798,0.5632831771464676,0.6194059055880611,0.6036451430582278,0.5694731484575571,0.0228160579047546,0.5569994467032484,0.5379456528187226,0.5652773116275629,0.6052807256124498,0.5818626055258018,0.5663557152637442,0.0161455668850686,0.5534540965956545,0.5417832737999135,0.5789254997006313,0.5845100040963721,0.5731057021261496,433.3650146484375,11.46331833196336,426.9632263183594,428.968017578125,421.9652099609375,454.9613952636719,433.96722412109375,1015.1960571289062,0.4020700531168091,1016.0001831054688,1014.999267578125,1014.9949340820312,1014.993896484375,1014.9920043945312,0.0070928205735981,0.0027454015525071,0.0039370078593492,0.0108374385163187,0.0059113302268087,0.0098522175103425,0.0049261087551712,0.0007879834156483,0.0007372206790883,0.0009842519648373,0.0,0.0019704434089362,0.0009852217044681,0.0,0.0293557278811931,0.0094825854622457,0.0196850392967462,0.0216748770326375,0.0364532023668289,0.0443349778652191,0.0246305428445339,0.0051221831701695,0.0007375340796373,0.0049212598241865,0.0039408868178725,0.0059113302268087,0.0059113302268087,0.0049261087551712,0.0518164556473493,0.0222690554440258,0.031496062874794,0.0305418726056814,0.0630541890859603,0.0896551758050918,0.0443349778652191,0.0122148096561431,0.0016036626687292,0.0098425196483731,0.0118226604536175,0.0147783253341913,0.0118226604536175,0.0128078823909163
425,0.330838395593067,0.0044251091787693,0.3311285953968763,0.3264227279772361,0.3387006272872289,0.326787213794887,0.3311528135091066,3.4412136408189937,0.0158251731392303,3.4339275707801185,3.4201292047897973,3.4668121077120304,3.4356925388177237,3.4495067819952965,0.6409450367713968,0.0076102873923641,0.6385322650894523,0.6487574148923159,0.6280716368928552,0.648494703695178,0.6408691632871827,0.5348340713108579,0.0241493422197745,0.5470891951893767,0.5663642299671968,0.4954363886887828,0.5428826287388802,0.5223979139700532,0.3533939668908715,0.0052652408821992,0.3566137664020061,0.3561319541186094,0.3590772552415728,0.3507900303229689,0.3443568283692002,3.476359820365906,0.0044467297972103,3.4721115306019783,3.4771933406591415,3.4845175743103027,3.472909577190876,3.4750670790672302,0.6009747616946697,0.0065224675886107,0.5923370011150837,0.601637702435255,0.5949260666966438,0.6068146992474794,0.6091583389788866,0.5035725185647607,0.0065599267610541,0.5114024681970477,0.5028744293376803,0.4942926354706287,0.5103449737653136,0.498948086053133,0.3491896288469434,0.0047093062439593,0.3491926155984401,0.345060815103352,0.3576184483245015,0.3444364173337817,0.3496398478746414,3.472121624648571,0.0065391397638212,3.4652493819594383,3.470122165977955,3.480331726372242,3.465562157332897,3.4793426916003227,0.6123267201706767,0.0060518281171448,0.6109736524522305,0.6187776550650597,0.6135461125522852,0.6168569447472692,0.6014792360365391,0.5040814645588398,0.0085016090938085,0.5114699117839336,0.5041959779337049,0.4938885858282447,0.5154082048684359,0.4954446423798799,13.8,6.6452990903344595,18,20,2,18,11,0.5649204635660828,0.0295157340687941,0.5599924822609894,0.573567837472098,0.517327767307281,0.6095433732262988,0.5641708575637471,0.5701569375116804,0.0293284480253874,0.5964995414881706,0.5853805215605277,0.525703517230774,0.5980091165747614,0.5451919907041679,0.5649379553570515,0.0267464167632052,0.5952412331731662,0.5779296773532618,0.5257151607934101,0.5846166117729632,0.5411870936924559,433.3631713867187,11.462737232204985,426.9528198242187,428.9635009765625,421.9690246582031,454.9577026367187,433.9728088378906,1015.1949951171875,0.3989676396834122,1015.992919921875,1014.993896484375,1014.999267578125,1014.9934692382812,1014.9954223632812,0.0124093328602612,0.0073823227765639,0.0226377956569194,0.0128078823909163,0.0068965516984462,0.0177339911460876,0.0019704434089362,0.0013787285424768,0.0007870136760175,0.0029527558945119,0.0009852217044681,0.0009852217044681,0.0009852217044681,0.0009852217044681,0.0512136852368712,0.0258675104160181,0.0905511826276779,0.0472906418144702,0.040394090116024,0.0650246292352676,0.0128078823909163,0.0059093907941132,0.002243249833255,0.0098425196483731,0.0029556651134043,0.0049261087551712,0.0059113302268087,0.0059113302268087,0.0856859736144542,0.0404710571324942,0.1437007933855056,0.0847290679812431,0.052216749638319,0.1152709424495697,0.0325123146176338,0.0116229008883237,0.0013025449632351,0.0137795275077223,0.0118226604536175,0.0098522175103425,0.0108374385163187,0.0118226604536175
450,0.3277164439360301,0.0041926591854733,0.3359097220624487,0.3268959317356348,0.3252641034002105,0.3262486125652988,0.3242638499165575,3.4332844791313013,0.0118393395653727,3.4552070821324983,3.422403456022342,3.4308572486042976,3.43440213923653,3.4235524696608386,0.646144829193751,0.0055798214967342,0.635233897715807,0.6485589668154716,0.6470083383222421,0.6492845714092255,0.6506383717060089,0.54863783698529,0.0167667120266724,0.5177356203397115,0.5626154908289512,0.553110284730792,0.5459824254115423,0.5637453636154532,0.3488351518288254,0.0040280296308716,0.3507649144157767,0.3512679822742939,0.3535247966647148,0.3463727906346321,0.3422452751547098,3.4727664455771445,0.0038724652041062,3.4739547222852707,3.475615344941616,3.4769440814852715,3.4713290110230446,3.4659890681505203,0.6055176513269543,0.0083653514683197,0.5985401179641485,0.5996769685298204,0.6009550429880619,0.6073076268658042,0.6211085002869368,0.50823833681643,0.005024549182872,0.5033176569268107,0.5066537577658892,0.5068308971822262,0.5064405482262373,0.5179488239809871,0.3461854744702577,0.004258128736089,0.3492321204394102,0.3407623544335365,0.3505769353359937,0.3412632010877132,0.349092761054635,3.46982354670763,0.0027945313702352,3.4696421921253204,3.46859423071146,3.4735446125268936,3.4654289335012436,3.471907764673233,0.6129312019795179,0.0060385846600547,0.6043312679976225,0.6122774239629507,0.6227131653577089,0.615127757191658,0.6102063953876495,0.5077185416594148,0.0035941702860917,0.5027890522032976,0.5112889092415571,0.5043397899717093,0.5116532407701015,0.5085217161104083,18.0,5.549774770204643,8,18,20,19,25,0.5847501820101787,0.0296702741706009,0.544233650726223,0.5879260785440619,0.5585944950767897,0.6214952833204948,0.6115014023833246,0.5854179418385022,0.0168325313570119,0.5766580575152995,0.5951662007555165,0.5608710184913296,0.6107037401695669,0.5836906922607982,0.5832188232140346,0.0058159555932714,0.5783563479159194,0.5927669682296849,0.576456724680263,0.5860506656709655,0.5824634095733402,433.3621948242187,11.465036421568682,426.9593505859375,428.9628601074219,421.9599609375,454.9609680175781,433.96783447265625,1015.1937255859376,0.401276470986778,1015.9962768554688,1014.9920043945312,1014.994384765625,1014.9924926757812,1014.9934692382812,0.0049257206730544,0.0028558454313586,0.0019685039296746,0.0029556651134043,0.0088669955730438,0.0029556651134043,0.007881773635745,0.0003940886817872,0.0004826580918924,0.0,0.0,0.0,0.0009852217044681,0.0009852217044681,0.0254125136882066,0.0072453688787516,0.031496062874794,0.0216748770326375,0.0364532023668289,0.0187192130833864,0.0187192130833864,0.0039401111193001,0.0008812105518157,0.0039370078593492,0.0029556651134043,0.0049261087551712,0.0049261087551712,0.0029556651134043,0.0567349985241889,0.0166227124143097,0.0698818862438201,0.0423645339906215,0.0827586203813552,0.0413793101906776,0.0472906418144702,0.0092591445893049,0.0016000841800336,0.0098425196483731,0.0088669955730438,0.0118226604536175,0.0088669955730438,0.0068965516984462
475,0.3333994169098636,0.0077426002094515,0.3405611272901296,0.3411248285944263,0.3212107430833081,0.3277745274826884,0.3363258580987652,3.4516190481682623,0.0211627388456221,3.468493157376846,3.4678116030991077,3.415394552052021,3.439501740038395,3.46689418827494,0.638016884898146,0.0099466283184541,0.6277635631461939,0.6284476220607758,0.6528293813268343,0.6462671502182881,0.6347767077386379,0.5221185962359111,0.0333047674007374,0.4986243918538093,0.4951696715628107,0.5798806964109341,0.5397261225928863,0.4971920987591147,0.3531980540603399,0.0048360088296418,0.35854506585747,0.358797418884933,0.3526951745152473,0.3490263726562261,0.3469262383878231,3.4756448596715925,0.0047739853273985,3.480670467019081,3.4800295755267143,3.4738418757915497,3.467523455619812,3.4761589244008064,0.5989634431898594,0.010474965948452,0.5834568403661251,0.5895961355417967,0.6088893134146929,0.6086934022605419,0.6041815243661404,0.5005250819027424,0.0067287021218761,0.4948158459737897,0.4943395769223571,0.5091492664068937,0.5083165150135756,0.4960042051970958,0.3516890795901418,0.0053511122621823,0.3549646204337477,0.3499071002006531,0.357465511187911,0.3421602798625827,0.3539478862658143,3.4737775355577467,0.0066036648452142,3.4745545759797096,3.4777900353074074,3.471988469362259,3.462437689304352,3.4821169078350067,0.6034040044993162,0.009343088030459,0.5933830887079239,0.5988631919026375,0.6056344304233789,0.6203960916027427,0.5987432198598981,0.5005368372425437,0.008198869083276,0.4944203877821564,0.4926562774926424,0.504275543615222,0.5148855000734329,0.4964464772492647,11.0,9.57078889120432,4,2,27,17,5,0.5552042379826061,0.0390550297694014,0.5088982036530671,0.5381450217013636,0.5450866748822439,0.6265070686908086,0.5573842209855473,0.5603020468873348,0.0279169776144806,0.5514401506052801,0.5315184971983236,0.5579279817729212,0.6133522733581311,0.547271331502018,0.5640886129352458,0.0219762595566956,0.5589566266367195,0.5396196145806609,0.5821681540906191,0.5962734630344191,0.5434252063338103,432.96672973632815,11.74518596889433,426.9640197753906,427.9713745117187,420.96435546875,454.9596557617187,433.9742431640625,1014.9968627929688,0.0028577491849181,1014.999755859375,1014.999267578125,1014.9954223632812,1014.9920043945312,1014.9978637695312,0.006896551977843,0.0044933023640971,0.0039408868178725,0.0019704434089362,0.0128078823909163,0.0118226604536175,0.0039408868178725,0.0009852217044681,0.0010792563033617,0.0009852217044681,0.0,0.0029556651134043,0.0,0.0009852217044681,0.0273891631513834,0.0157067940973215,0.0197044350206851,0.0088669955730438,0.0502463057637214,0.0413793101906776,0.0167487692087888,0.0059113301336765,0.001246217687286,0.0049261087551712,0.0039408868178725,0.0068965516984462,0.0068965516984462,0.0068965516984462,0.0533990159630775,0.0219984801663338,0.0413793101906776,0.0295566506683826,0.0866995081305503,0.0719211846590042,0.0374384261667728,0.011034483090043,0.0014479739588348,0.0098522175103425,0.0108374385163187,0.0108374385163187,0.0098522175103425,0.0137931033968925
500,0.3331520297875007,0.010491826963313,0.331118277584513,0.3530186579252283,0.3282326469197869,0.3220052073399226,0.3313853591680527,3.442328356703122,0.0164203524821307,3.439057882875204,3.466982732216517,3.437178156028191,3.417310107499361,3.451112904896339,0.6351338147030523,0.0205337262927,0.6397887598723173,0.5954338853092244,0.6446946896612644,0.6547419608881077,0.6410097777843475,0.5343249994019666,0.0254835904105951,0.5426453131561478,0.4947958464423815,0.5440881053606669,0.5704447887837887,0.5196509432668487,0.3541716808453202,0.0084451645432557,0.3542222660034895,0.3703955756500363,0.3501717578619718,0.3490480445325374,0.347020760178566,3.475124879181385,0.0072122233757115,3.4746277257800102,3.488955743610859,3.4730598479509354,3.470117010176182,3.468864068388939,0.5999966386705637,0.012904325292989,0.5929953530430794,0.5784689821302891,0.6095842514187098,0.6045256052166224,0.6144090015441179,0.5045374415814876,0.0059123728878549,0.5037901839241385,0.4936477765440941,0.5076686628162861,0.5065926183015108,0.5109879663214087,0.3512722129002213,0.0049564623742805,0.3512720204889774,0.356117988936603,0.351711600087583,0.3421031460165977,0.3551563089713454,3.472169375419617,0.0068660944707856,3.4674625545740128,3.482829086482525,3.470569171011448,3.4633635878562927,3.4766224771738052,0.6080435061827302,0.0059003146789343,0.6023313142359257,0.6034923177212477,0.6156784892082214,0.6147881243377924,0.6039272854104638,0.5064204163849354,0.0075189262116116,0.5094774821773171,0.4926272621378302,0.5086037712171674,0.5152647607028484,0.5061288056895137,13.8,8.471127433818948,15,1,16,27,10,0.5690775132032349,0.0267045961707947,0.552728998423962,0.5416269192570783,0.5500672222436578,0.6107527225992619,0.5902117034922141,0.5717140818511868,0.0257464868239358,0.5955645265693732,0.5340409351198727,0.5552869756864923,0.6041439412511851,0.5695340306290104,0.571212047444153,0.0233277553229166,0.5898855281829801,0.5283687041245386,0.5793346366919648,0.5923111562918536,0.5661602119294277,432.9630981445313,11.746454761581717,426.9569091796875,427.9644470214844,420.9635620117187,454.959228515625,433.9713439941406,1014.9946044921876,0.0019715772642803,1014.994384765625,1014.998291015625,1014.9934692382812,1014.9924926757812,1014.994384765625,0.0068965522106736,0.0036333183491397,0.0098522175103425,0.0029556651134043,0.0098522175103425,0.0019704434089362,0.0098522175103425,0.0009852217044681,0.0,0.0009852217044681,0.0009852217044681,0.0009852217044681,0.0009852217044681,0.0009852217044681,0.0313300509005785,0.0078669818610058,0.0423645339906215,0.0246305428445339,0.0394088700413703,0.0246305428445339,0.0256157647818326,0.005517241731286,0.0011822659522294,0.0049261087551712,0.0049261087551712,0.0049261087551712,0.0049261087551712,0.007881773635745,0.0660098545253276,0.0115569486963007,0.0729064047336578,0.0847290679812431,0.0630541890859603,0.0561576373875141,0.0532019734382629,0.0120197048410773,0.0014479741109192,0.0128078823909163,0.0098522175103425,0.0137931033968925,0.0108374385163187,0.0128078823909163
525,0.3286598339055975,0.003733042458235,0.3356336243450641,0.3254710445180535,0.3288582259168227,0.3254633905986945,0.3278728841493527,3.43642167399327,0.0122710939470274,3.452650467554728,3.416396896044413,3.442190254727999,3.4302724711596966,3.4405982804795108,0.6439043883855143,0.0058134371257854,0.6328892509142557,0.649743756900231,0.6439957649757465,0.6470010687286655,0.6458921004086733,0.543605075404048,0.0168691831301698,0.5216943736498555,0.5715662666286031,0.535782073934873,0.5514973780761162,0.537485284730792,0.3506800821051001,0.0056897637003825,0.3575338991358876,0.3525534905493259,0.3522709440439939,0.3507945705205202,0.340247506275773,3.4734831660985948,0.0047323821717414,3.4785508811473846,3.4734540432691574,3.476288065314293,3.4744433760643005,3.464679464697838,0.6089795671403408,0.0112914515528326,0.6001845430582762,0.6034483853727579,0.5965360850095749,0.6195017527788877,0.6252270694822073,0.5056860350072384,0.0030963515147472,0.5017160335555673,0.509972051717341,0.5032998491078615,0.5049934880807996,0.5084487525746226,0.345725878700614,0.0051972883547244,0.3481367360800504,0.3374291090294719,0.3521930687129497,0.3424006951972842,0.3484697844833135,3.4705737233161926,0.0029162158376581,3.4708492308855057,3.468331500887871,3.475225307047367,3.4667638391256332,3.4716987386345863,0.622015574388206,0.0122596055289599,0.6246968284249306,0.6268472895026207,0.6121370084583759,0.6408132947981358,0.6055834507569671,0.5067656191065908,0.0053831451323537,0.5011555943638086,0.5122919930145144,0.503114951774478,0.5142264412716031,0.5030391151085496,16.6,5.122499389946279,9,21,13,23,17,0.5749614248606901,0.0388691556298751,0.5088244351710113,0.5856147171744636,0.5637661313329349,0.627249320554019,0.5893525200710219,0.584194832216265,0.0196030170329615,0.5724969315243975,0.6058458335164825,0.5632486762447194,0.6098980365541148,0.569484683241611,0.5833351792905395,0.0110458245073302,0.5794005822763788,0.6001001058268078,0.5777539634037966,0.5910261557077455,0.5683950892379688,432.963037109375,11.747203919544168,426.9607543945313,427.9583129882813,420.96337890625,454.9607543945313,433.9719848632813,1014.9944091796876,0.0025792968860922,1014.9978637695312,1014.9900512695312,1014.995849609375,1014.994384765625,1014.993896484375,0.0124137934297323,0.0065233283986548,0.0128078823909163,0.0059113302268087,0.0137931033968925,0.0236453209072351,0.0059113302268087,0.0013793103862553,0.0004826580918924,0.0009852217044681,0.0009852217044681,0.0009852217044681,0.0019704434089362,0.0019704434089362,0.041970444843173,0.0169801480371726,0.0482758618891239,0.027586206793785,0.0423645339906215,0.0699507445096969,0.0216748770326375,0.0065024632960557,0.0025387386042751,0.0049261087551712,0.0039408868178725,0.0049261087551712,0.0108374385163187,0.007881773635745,0.0723152741789817,0.0232194821274983,0.0837438479065895,0.0620689690113067,0.0748768523335456,0.1054187193512916,0.0354679822921752,0.0116256160661578,0.0016950393716537,0.0118226604536175,0.0108374385163187,0.0098522175103425,0.0147783253341913,0.0108374385163187
550,0.3355094061543544,0.0040406722490422,0.332504459656775,0.3408181807026267,0.3376764273270964,0.3371296360467871,0.3294183270384868,3.4581845874587698,0.0114974192894034,3.443297216047843,3.468200812737147,3.4668880787988505,3.467579923570156,3.4449569061398506,0.6342900587866704,0.0062649771405054,0.6372569290300211,0.6271818323681752,0.6291649428506693,0.6331043634563684,0.6447422262281179,0.5104569711411993,0.0174996985336492,0.5333186158289512,0.4963667476549744,0.4969337855776151,0.4952851772929231,0.5303805293515325,0.3524196665734053,0.005817911765079,0.3491877317428589,0.3570022052153945,0.3593011423945427,0.3536213869228959,0.3429858665913343,3.4782891437411307,0.0050374845423843,3.4748920127749443,3.48167010396719,3.483956292271614,3.480746954679489,3.470180355012417,0.6038822673261166,0.0149184814526963,0.6062051448971033,0.5885902214795351,0.592442499473691,0.601173710078001,0.6309997607022524,0.4986079400405288,0.0055963914610827,0.5050942180678248,0.4928627191111445,0.4937775218859315,0.4956614160910249,0.5056438250467181,0.3483478605747223,0.0064142638616978,0.3393397741019726,0.346605802886188,0.359137449413538,0.3467285269871354,0.3499277494847774,3.476319196820259,0.0045206563344507,3.468346118927002,3.479244537651539,3.4817786663770676,3.4758274033665657,3.4763992577791214,0.614389156550169,0.0104276474158998,0.6323639191687107,0.6021321434527636,0.6080945320427418,0.610768374055624,0.6185868140310049,0.497266105376184,0.0057527883906156,0.5055749705061316,0.4909046143293381,0.4941103467717767,0.4931122437119484,0.5026283515617251,7.0,5.727128425310541,14,2,2,3,14,0.5437588928103544,0.0199464022773362,0.5449912878395347,0.5272754979087598,0.5345641017282783,0.5301677302637395,0.5817958463114594,0.5537657721195958,0.0223815860595745,0.5874300128544746,0.5342914470589344,0.533857719812613,0.5396032740868807,0.5736464067850762,0.5481802640974447,0.0257078639378534,0.5896048483046423,0.5281816489059634,0.5299044001945329,0.5259949983882004,0.5672154246938844,432.9669494628906,11.749172704932882,426.959716796875,427.9652404785156,420.9683837890625,454.9700622558594,433.9713439941406,1014.998095703125,0.0018425744398548,1014.995849609375,1014.999755859375,1014.999267578125,1014.999755859375,1014.995849609375,0.0078817736823111,0.0087012425838122,0.007881773635745,0.0019704434089362,0.0246305428445339,0.0009852217044681,0.0039408868178725,0.0007881773635745,0.0003940886817872,0.0009852217044681,0.0,0.0009852217044681,0.0009852217044681,0.0009852217044681,0.0299507394433021,0.0141625406136524,0.040394090116024,0.0216748770326375,0.052216749638319,0.0137931033968925,0.0216748770326375,0.003743842523545,0.0016950395448762,0.0009852217044681,0.0029556651134043,0.0049261087551712,0.0039408868178725,0.0059113302268087,0.0533990159630775,0.0187181746061757,0.0669950768351554,0.0315270945429801,0.0827586203813552,0.0413793101906776,0.0443349778652191,0.0080788183026015,0.0021941930771566,0.0049261087551712,0.0059113302268087,0.0098522175103425,0.0098522175103425,0.0098522175103425
575,0.3280741185570757,0.002491643867213,0.3329958897083998,0.3264676633601387,0.3274912411967913,0.3269943079600731,0.3264214905599753,3.433947668969631,0.0060193755954396,3.443863516052564,3.425147756934166,3.4339144254724183,3.4349578904608884,3.431854755928119,0.6455089796955387,0.0037405412191754,0.6386636060973009,0.6491654980927706,0.6445534667000175,0.6479188601175944,0.6472434674700102,0.5471333003913362,0.0074811224386758,0.5347635090971986,0.5575751696402828,0.550203695272406,0.5445984387770295,0.5485256891697645,0.3513515898957848,0.0056178790146416,0.3550419183447957,0.3573407018557191,0.3518400592729449,0.351577203720808,0.3409580662846565,3.4716286778450014,0.004024733466283,3.4739565402269363,3.476951837539673,3.469059243798256,3.4728110656142235,3.4653647020459175,0.608249756321311,0.0102449017528601,0.6030194479972124,0.6002423157915473,0.6000897567719221,0.6106481058523059,0.6272491551935673,0.5083685843273997,0.0026468774580734,0.5072943773120642,0.5051812492311001,0.5103475851938128,0.5065776770934463,0.5124420328065753,0.3479421757161617,0.0037218565806701,0.350789887830615,0.3453466417267918,0.3532826118171215,0.3428813712671399,0.3474103659391403,3.4686042413115503,0.0029870414865802,3.4659435898065567,3.472792625427246,3.465846911072731,3.4668074399232864,3.4716306403279305,0.6166017387062311,0.0059473937085237,0.6169087160378695,0.619830783456564,0.6063544061034918,0.6243623811751604,0.61555240675807,0.5122376829385757,0.0042420659051699,0.5121766999363899,0.5069441245868802,0.5170690976083279,0.5168850608170033,0.5081134317442775,18.4,2.939387691339814,13,19,19,19,22,0.5823238455056552,0.0328043775207899,0.5328121877212162,0.5737384944003924,0.5680982035884564,0.6228367002175051,0.6141336416007056,0.5848436883463148,0.0101082836937142,0.5803117825491106,0.5858484900687261,0.570099629854976,0.6012261395727398,0.5867323996860213,0.5834976129804904,0.0042596569840287,0.5819811631984605,0.5876181513157379,0.5879765217897494,0.5835823990408422,0.5763298295576621,432.9623718261719,11.745805713149482,426.9585266113281,427.9646301269531,420.96136474609375,454.9568176269531,433.9705200195313,1014.99365234375,0.0022488784113846,1014.995849609375,1014.9954223632812,1014.9900512695312,1014.9949340820312,1014.9920043945312,0.014187192544341,0.0102311374212388,0.0147783253341913,0.0108374385163187,0.0068965516984462,0.0334975384175777,0.0049261087551712,0.001576354727149,0.0007881773635745,0.0029556651134043,0.0019704434089362,0.0009852217044681,0.0009852217044681,0.0009852217044681,0.0463054195046424,0.0218532737124787,0.0729064047336578,0.0423645339906215,0.0315270945429801,0.0689655169844627,0.01576354727149,0.0066995077300816,0.0023645321411701,0.0088669955730438,0.007881773635745,0.0029556651134043,0.0088669955730438,0.0049261087551712,0.0855172447860241,0.0364420186448785,0.1428571492433548,0.0798029601573944,0.0571428574621677,0.1073891669511795,0.040394090116024,0.0124137934297323,0.0037696802009083,0.0147783253341913,0.01576354727149,0.0068965516984462,0.01576354727149,0.0088669955730438
600,0.3299459220220645,0.0032877934459853,0.3327715750783682,0.3240812411531806,0.329296573686103,0.3332809855540593,0.3302992346386115,3.4402000481883688,0.0147610158413124,3.44447931026419,3.4119774413605533,3.44248233611385,3.4552019548912845,3.4468591983119645,0.6427104958643516,0.0043203960742113,0.6378006941328446,0.6505500441417098,0.6433565610398849,0.6402320011208454,0.6416131788864732,0.5386827789867917,0.0227684726479573,0.5330056945482889,0.5816322080790997,0.5370568539947271,0.5146484204257528,0.5270707178860903,0.3505376392975449,0.0045169534490961,0.3546769078820944,0.3531627282500267,0.3524573491886258,0.3504733331501484,0.3419178780168295,3.472818027436733,0.0042373721138274,3.4732192307710648,3.473897472023964,3.473256714642048,3.4784316420555115,3.465285077691078,0.6068801147863269,0.0128795101250448,0.5911714062094688,0.6025132443755865,0.6032327748835087,0.6071466552093625,0.6303364932537079,0.5071119923144579,0.004647483724231,0.5038619069382548,0.5075124008581042,0.5082709435373545,0.5010835025459528,0.5148312076926231,0.3482582246884703,0.0055536314049327,0.3510152408853173,0.3390670148655772,0.3535402044653892,0.3447372885420918,0.3529313746839762,3.4698234111070634,0.0031509538106067,3.4645416364073753,3.469318635761738,3.469132788479328,3.47319757938385,3.472926415503025,0.6126717332750559,0.0073947526630823,0.6020721085369587,0.6251087728887796,0.613627752289176,0.6121593881398439,0.6103906445205212,0.5095802329480648,0.0045822692180734,0.5139457872137427,0.5124445268884301,0.5130683416500688,0.502206371165812,0.5062361378222704,14.6,4.6303347611160905,13,23,15,9,13,0.5763141857123271,0.0276975534381097,0.5341952552082743,0.6105781457091086,0.5553680677819933,0.5948534414982489,0.5865760183640109,0.5815292387869376,0.0184769257896327,0.5788991441007134,0.6123929798620246,0.557806728332311,0.5886161369286961,0.5699312047109429,0.5786619766788371,0.016664393302678,0.5796369118218738,0.6078845025497266,0.5809684653886777,0.5625329650890556,0.562287038544852,432.9619506835937,11.749763487235692,426.955078125,427.95953369140625,420.9615783691406,454.9655151367187,433.9680480957031,1014.99345703125,0.0015209392702316,1014.9929809570312,1014.9924926757812,1014.9934692382812,1014.996337890625,1014.9920043945312,0.012019704747945,0.0070606791303155,0.0137931033968925,0.0088669955730438,0.0118226604536175,0.0019704434089362,0.0236453209072351,0.0009852217044681,0.0006231089172705,0.0019704434089362,0.0009852217044681,0.0009852217044681,0.0009852217044681,0.0,0.0407881788909435,0.0137451675677657,0.0600985251367092,0.0334975384175777,0.0384236462414264,0.0206896550953388,0.0512315295636653,0.0047290641348809,0.0014479742059719,0.0059113302268087,0.0068965516984462,0.0039408868178725,0.0029556651134043,0.0039408868178725,0.0786206908524036,0.0256869035702194,0.1192118227481842,0.0650246292352676,0.0758620724081993,0.0423645339906215,0.0906403958797454,0.0120197048410773,0.0061179013979039,0.0177339911460876,0.0206896550953388,0.0098522175103425,0.0059113302268087,0.0059113302268087
625,0.3335975380614399,0.0087412076454662,0.3303447527190049,0.3311582626774907,0.3506603719045718,0.3301172976692517,0.3257070053368807,3.444227831314007,0.0123787151108137,3.437338389456272,3.4411488051215806,3.4661553353071213,3.447105328241984,3.429391298443079,0.6344296922596793,0.020138012491983,0.6417041979730129,0.6418333624800047,0.5945353844823936,0.6447483779241642,0.6493271384388208,0.531462936475873,0.0206297924470021,0.5455371960997581,0.5360550914580623,0.4953061798587441,0.5252330961326758,0.5551831188301245,0.3517308101058006,0.0085238191122942,0.3528133910149336,0.3497720053419471,0.3655857965350151,0.3516478231176734,0.338835034519434,3.4749327287077905,0.0052706271556111,3.4757038429379463,3.474193833768368,3.483226403594017,3.474911741912365,3.466627821326256,0.6054939892143011,0.0117945706764935,0.6001146901398897,0.606846340931952,0.5883220825344324,0.6075721578672528,0.6246146745979786,0.5023075971752405,0.0047639104360755,0.5029748659580946,0.5023435819894075,0.4940548129379749,0.5032169204205275,0.5089478045701981,0.348652264662087,0.009650193663621,0.3486567493528127,0.3367040520533919,0.3661074601113796,0.3446719087660312,0.3471211530268192,3.471842004358769,0.0047411843357179,3.4679049849510193,3.468977503478527,3.480396047234535,3.46832175552845,3.4736097306013107,0.6132818186655641,0.0096921681246902,0.6140477936714888,0.6284451391547918,0.5985213564708829,0.6159085761755705,0.6094862278550863,0.5045297237113118,0.0061824021979529,0.508895130828023,0.5090373288840055,0.4930090205743909,0.5086377626284957,0.503069375641644,13.6,7.472616676907762,19,12,1,13,23,0.5637011468122181,0.0250378236499488,0.5543243396489936,0.581834798054824,0.519276602896344,0.5888860761654334,0.5741839172954954,0.5704756645788651,0.0264447650709232,0.5948809025739891,0.5908447586107028,0.5215549516252436,0.5790403868999314,0.5660573231844583,0.5663162519370267,0.0227583518216404,0.5930393295990373,0.5907806403705842,0.5330661902298722,0.559654264441659,0.5550408350439813,432.9660278320313,11.745340870174928,426.95892333984375,427.9656372070313,420.9715881347656,454.9613952636719,433.97259521484375,1014.9953857421876,0.0020370020486093,1014.994384765625,1014.9934692382812,1014.999267578125,1014.9954223632812,1014.994384765625,0.0045320197939872,0.0033323220859227,0.0039408868178725,0.0039408868178725,0.0009852217044681,0.0108374385163187,0.0029556651134043,0.0009852217044681,0.0006231089172705,0.0009852217044681,0.0009852217044681,0.0009852217044681,0.0,0.0019704434089362,0.0307389173656702,0.0136998968905039,0.0472906418144702,0.0147783253341913,0.0315270945429801,0.0443349778652191,0.01576354727149,0.0047290643677115,0.0003940887749195,0.0049261087551712,0.0049261087551712,0.0049261087551712,0.0039408868178725,0.0049261087551712,0.0545812837779522,0.0209145658130559,0.0798029601573944,0.0354679822921752,0.0443349778652191,0.0798029601573944,0.0334975384175777,0.0108374387025833,0.0016485909565186,0.0137931033968925,0.0108374385163187,0.0098522175103425,0.0108374385163187,0.0088669955730438
650,0.327211025605599,0.0021072035621968,0.3274677600711584,0.329935811770459,0.3240394632642467,0.3288282646487157,0.3257838282734155,3.433014846841494,0.0072421712654546,3.425052380810181,3.436537149051825,3.4251313085357347,3.44409354403615,3.43425985177358,0.6469718238338827,0.0020104610712183,0.6451802781472603,0.6444308242450157,0.6487263748422265,0.646821727976203,0.6496999139587084,0.5476453116784493,0.012475764016913,0.5602885419502854,0.5410429093365868,0.5621429601063331,0.5286101127664248,0.5461420342326164,0.3502176597714424,0.0042505837607851,0.3523998698219657,0.3529429407790303,0.3542095124721527,0.3491305811330676,0.3424053946509957,3.4730979457497595,0.0041348672456199,3.4723967388272285,3.4757833257317543,3.474457621574402,3.4773565903306007,3.465495452284813,0.6107333321124315,0.0086407199954606,0.6105516934767365,0.5991934379562736,0.6073402389883995,0.6107286009937525,0.6258526891469955,0.5067574290558696,0.0053200148564165,0.510779901407659,0.5025035869330168,0.506246100179851,0.4998246673494577,0.5144328894093633,0.3454246573150158,0.0065962380767738,0.342840202152729,0.3370371293276548,0.3557258192449808,0.3416258925572037,0.3498942432925105,3.4692420661449432,0.003087521563363,3.4635433480143547,3.4684640169143677,3.471379838883877,3.4708639830350876,3.4719591438770294,0.6210233964025974,0.0073808298711326,0.6338065639138222,0.6227195896208286,0.6160200294107199,0.6205378044396639,0.6120329946279526,0.509545742161572,0.0044825200988129,0.5172510109841824,0.5110774869099259,0.5062916707247496,0.5042892387136817,0.5088193034753203,20.4,4.963869458396342,27,15,25,15,20,0.5744386060212439,0.0213469486856209,0.5406378094398365,0.5738814059855589,0.5677266211209074,0.6060919225822523,0.5838552709776639,0.5812347692856625,0.0102408181275928,0.5916722810220113,0.5883089076892933,0.568095119482742,0.5886190121598938,0.5694785260743723,0.5764462053613831,0.0110528195957742,0.5890205630497213,0.5838089511368072,0.5826423237136419,0.5664320594063231,0.5603271295004221,432.9621520996094,11.748441572390927,426.9556579589844,427.9615783691406,420.9635620117187,454.9637756347656,433.9661865234375,1014.99306640625,0.0016067903374261,1014.9915771484376,1014.9920043945312,1014.993896484375,1014.995849609375,1014.9920043945312,0.010246305540204,0.0038208313565661,0.0137931033968925,0.0039408868178725,0.0137931033968925,0.007881773635745,0.0118226604536175,0.0005911330226808,0.0004826580918924,0.0009852217044681,0.0009852217044681,0.0,0.0,0.0009852217044681,0.0344827596098184,0.0089649763581733,0.0433497540652751,0.0266009867191314,0.0463054217398166,0.0236453209072351,0.0325123146176338,0.0063054190017282,0.0014745448023626,0.0088669955730438,0.0068965516984462,0.0049261087551712,0.0049261087551712,0.0059113302268087,0.0636453226208686,0.0129300730727497,0.0857142880558967,0.0532019734382629,0.0709359645843505,0.052216749638319,0.0561576373875141,0.0096551729366183,0.001307044291614,0.0118226604536175,0.0088669955730438,0.0098522175103425,0.0098522175103425,0.007881773635745
675,0.3274479272464911,0.0072203736848868,0.3250327172378699,0.34087459774067,0.3284222396711508,0.3205112187812726,0.3223988628014922,3.430319655189911,0.0218288011697586,3.4143807142972946,3.468670046577851,3.440831057727337,3.4122405548890433,3.415475902458032,0.6459445279091598,0.009619589865613,0.6476199999451637,0.6281438780327638,0.6451927535235882,0.6545080648114284,0.6542579432328542,0.551982927757005,0.0318626355739425,0.5776734513541063,0.4951696697001655,0.5384597449253002,0.5764133725315332,0.5721984002739191,0.3505881100893021,0.0054965867987802,0.3548489976674318,0.3562092119827866,0.3525512684136629,0.3483603047206998,0.3409707676619291,3.4731096118688582,0.0048767614816104,3.472270369529724,3.481395848095417,3.474237009882927,3.471222087740898,3.4664227440953255,0.6103923082351684,0.0110125978054148,0.6048473306000233,0.598512839525938,0.6059398576617241,0.6119660791009665,0.6306954342871904,0.5049739150330425,0.0065219033295409,0.5074846381321549,0.4941190620884299,0.5056488094851375,0.503391869366169,0.5142251960933208,0.3484466265887022,0.0042883294334579,0.3473962023854255,0.3462636601179838,0.3547999514266848,0.3423673463985324,0.3514059726148844,3.470407147705555,0.0058491572310807,3.4632432237267494,3.47817974537611,3.4722117483615875,3.464044950902462,3.474356070160866,0.6160060983151198,0.0069878353887598,0.6273042615503073,0.6101226676255465,0.6119382530450821,0.6210085488855839,0.609656760469079,0.5055890139192343,0.0067142204142129,0.50934774056077,0.4932597950100899,0.506068667396903,0.5132610853761435,0.506007781252265,23.8,12.890306435457616,33,2,16,35,33,0.5626525290934083,0.0312311458286987,0.5645943944168238,0.5132946293424427,0.5534873555883266,0.610336847107973,0.5715494190114757,0.5659494957783232,0.0273764919370056,0.6018811274655393,0.528528181284144,0.553002040227426,0.5929679706701878,0.5533681592443186,0.5644842298337902,0.0250250253161951,0.5970677609713204,0.5294047412318931,0.5731060629894121,0.5807332475463691,0.5421093364299566,432.96629638671874,11.745981342794606,426.9615478515625,427.9721984863281,420.96435546875,454.9613952636719,433.9719848632813,1014.9947265625,0.0026798812751662,1014.9934692382812,1014.999755859375,1014.9949340820312,1014.9920043945312,1014.9934692382812,0.006305418908596,0.003152709454298,0.0059113302268087,0.0019704434089362,0.0118226604536175,0.0059113302268087,0.0059113302268087,0.0011822660453617,0.0009653161837848,0.0019704434089362,0.0,0.0,0.0019704434089362,0.0019704434089362,0.0264039419591426,0.0082051877030726,0.0236453209072351,0.0187192130833864,0.0423645339906215,0.0236453209072351,0.0236453209072351,0.0035467981360852,0.0013364197412479,0.0039408868178725,0.0019704434089362,0.0029556651134043,0.0059113302268087,0.0029556651134043,0.0496551737189292,0.0109284138148013,0.0512315295636653,0.0344827584922313,0.064039409160614,0.0581280812621116,0.040394090116024,0.0114285718649625,0.0026140885270673,0.0108374385163187,0.0088669955730438,0.0128078823909163,0.01576354727149,0.0088669955730438
700,0.3341400909548004,0.0112198782401211,0.3529205688585837,0.3412807816639542,0.3258380685001611,0.3244383878385027,0.3262226479128003,3.445606861015161,0.018115399336502,3.4674938830236592,3.467983230948448,3.431908426185449,3.4285440196593604,3.432104745258888,0.6334513857301014,0.021123605857829,0.5946816776995547,0.626936842687428,0.6476180466512839,0.6495835917691389,0.6484367698431015,0.5286033922806382,0.0262819904217717,0.4975386224687099,0.4954426875337958,0.5509408426781496,0.552077015551428,0.5470177931711078,0.3546189585700631,0.0070041707879302,0.3634603805840015,0.3598616160452366,0.3552903952077031,0.3511349381878972,0.3433474628254771,3.4769691243767737,0.0039271853406509,3.4814397171139717,3.481522612273693,3.4755271300673485,3.4748469293117523,3.4715092331171036,0.6053014075383544,0.0151143277603508,0.5939083741977811,0.5875208023935556,0.6036696610972285,0.6102371299639344,0.6311710700392723,0.5009678529575468,0.0060832925873417,0.4942463142797351,0.4929207423701882,0.5067878616973758,0.5046722423285246,0.5062121041119099,0.3502220472320914,0.0056791794817638,0.3544554868713021,0.3464046940207481,0.3562523638829589,0.3410143479704857,0.3529833434149623,3.472844684123993,0.0042337057508513,3.4726647958159447,3.477177180349827,3.4713603630661964,3.4658072367310524,3.4772138446569443,0.6139871146529913,0.0075325046673884,0.617705088108778,0.6058043781667948,0.6076611280441284,0.6266169343143702,0.6121480446308851,0.5010227149352431,0.0073188849404255,0.4914641780778765,0.4939515953883528,0.5059476429596543,0.5109804887324572,0.5027696695178747,14.8,10.979981785048643,1,2,21,26,24,0.5535535912865528,0.0447468367417874,0.4823687401389039,0.5490945093409345,0.54260689112225,0.6198209715885212,0.5738768442421545,0.5606276364159196,0.0291442938575623,0.5181483133502802,0.553836173713357,0.553598516029295,0.6082978894217876,0.5692572895648783,0.5576179902487366,0.02405325598396,0.5202850742114123,0.5450849581604456,0.5698626980868734,0.59199074992321,0.560866470861742,432.9656127929687,11.746421599330583,426.96624755859375,427.9715881347656,420.9609375,454.9620666503906,433.96722412109375,1014.9957763671875,0.0029996528424624,1015.0006713867188,1014.9978637695312,1014.9934692382812,1014.9929809570312,1014.993896484375,0.0102463057730346,0.005798596896279,0.0039408868178725,0.0029556651134043,0.0177339911460876,0.0128078823909163,0.0137931033968925,0.0009852217044681,0.0,0.0009852217044681,0.0009852217044681,0.0009852217044681,0.0009852217044681,0.0009852217044681,0.0344827592372894,0.0110766265654016,0.0216748770326375,0.0236453209072351,0.0472906418144702,0.0325123146176338,0.0472906418144702,0.0055172414518892,0.0013364196451267,0.0039408868178725,0.0059113302268087,0.0068965516984462,0.0068965516984462,0.0039408868178725,0.0595073908567428,0.0184906982095623,0.0472906418144702,0.0364532023668289,0.0866995081305503,0.052216749638319,0.0748768523335456,0.0110344829037785,0.0019104156398596,0.0108374385163187,0.0118226604536175,0.0137931033968925,0.0108374385163187,0.007881773635745
725,0.3285979335506757,0.0034798884727281,0.3342526778578758,0.3301274596403042,0.3238001658270756,0.327832620901366,0.3269767435267567,3.4355790235102175,0.0075550483524619,3.4455206841230392,3.4345199204981327,3.422319340209166,3.437902950992187,3.4376322217285633,0.6460056177650888,0.0049540422250407,0.6373833728333315,0.6440293562288085,0.6515265846004089,0.647805410126845,0.6492833650360504,0.5403820673003794,0.0110200966112607,0.5270497171829144,0.5412256227185329,0.5600533255686363,0.5339626551916202,0.5396190158401927,0.3509891059249639,0.0055329312546111,0.3551216227933764,0.3568838583305478,0.3519304683431983,0.3499880498275161,0.3410215303301811,3.4740174025297166,0.004376382601332,3.4767133966088295,3.479960024356842,3.4720561131834984,3.4743557274341583,3.467001751065254,0.6071394260972738,0.010129280290364,0.5956204105168581,0.6012938991189003,0.6013451032340527,0.614006482064724,0.6234312355518341,0.5058418737724424,0.0052155202296929,0.5019630631431937,0.4997881865128875,0.5098700728267431,0.5037611713632941,0.5138268750160933,0.347110946290195,0.002834240344968,0.3478229213505983,0.3446977753192186,0.3511705445125699,0.3432324007153511,0.3486310895532369,3.469946400821209,0.0023406382296318,3.4674422964453697,3.472673811018467,3.4678829312324524,3.468900188803673,3.472832776606083,0.6173621010035276,0.0051860089115699,0.6186493244022131,0.6213683187961578,0.6168329026550055,0.6222304161638021,0.6077295430004597,0.5071798339486122,0.002630045930797,0.5085689043626189,0.5063256584107876,0.5115815224125981,0.5051397867500782,0.5042832978069782,19.4,5.0039984012787215,13,17,28,18,21,0.5694062267353924,0.0237335983533981,0.5292380290959255,0.5879794423063595,0.5551799996850804,0.5846706105652137,0.5899630520243831,0.5749945715085985,0.0044172973561407,0.5727246774479648,0.5782428325480408,0.5710571800933018,0.5820408600323385,0.5709073074213465,0.5722588652844981,0.0120399900088101,0.57277035133747,0.5835269985429452,0.5871346213531984,0.562173993886315,0.5556883613025616,432.9637390136719,11.748905970037171,426.9603576660156,427.9631958007813,420.9605712890625,454.9648742675781,433.9696960449219,1014.7940673828124,0.4004834100166099,1014.9954223632812,1014.9949340820312,1014.9924926757812,1014.994384765625,1013.9931030273438,0.0112334706354886,0.0072287678462231,0.0029556651134043,0.0226600989699363,0.01576354727149,0.0049261087551712,0.0098619330674409,0.0007883716840296,0.0003941860216276,0.0,0.0009852217044681,0.0009852217044681,0.0009852217044681,0.000986193306744,0.0388222049921751,0.0110279403939408,0.0463054217398166,0.0502463057637214,0.0463054217398166,0.0285714287310838,0.0226824469864368,0.0053213632199913,0.0016012279553827,0.0029556651134043,0.007881773635745,0.0049261087551712,0.0049261087551712,0.0059171598404645,0.0713391855359077,0.0193908408999373,0.0935960635542869,0.0896551758050918,0.0758620724081993,0.0512315295636653,0.0463510863482952,0.0118244092911481,0.0019678214195361,0.0128078823909163,0.0118226604536175,0.0147783253341913,0.0108374385163187,0.0088757397606968
750,0.3288740122069915,0.0024203239855699,0.3285366405422489,0.3335137004032731,0.3264468275010586,0.3279326058303316,0.3279402867580454,3.4350222393870355,0.0077870838340652,3.4248673791686692,3.4474045721193156,3.4306925274431705,3.4324821258584657,3.439664592345556,0.6450067473575473,0.0037588891448438,0.6433356143534184,0.638639555623134,0.6459111102546254,0.6478499037524065,0.6492975528041521,0.5421688631797831,0.0118499442731981,0.5595282930880785,0.5239310162141919,0.5487651061266661,0.5413446296006441,0.5372752708693346,0.3513567272573709,0.0055315092438671,0.3588924203068018,0.3537059118971228,0.3527407152578234,0.3492771182209253,0.3421674706041813,3.4739639177918433,0.0035738002789194,3.4774346873164177,3.473967932164669,3.4777008444070816,3.4727916792035103,3.4679244458675385,0.608742313273251,0.0097997227812161,0.5975850382819772,0.5997964162379503,0.607974985614419,0.6138258669525385,0.6245292592793703,0.5069097073748707,0.0031490144195366,0.5097365938127041,0.5058792810887098,0.501808051019907,0.5064363544806838,0.5106882564723492,0.3468428708612919,0.0053270398784092,0.3471686625853181,0.340783191844821,0.3549564275890589,0.3413869077339768,0.3499191645532846,3.469327102601528,0.0035609705303273,3.4674817323684692,3.4664091542363167,3.4746588096022606,3.4656595587730408,3.4724262580275536,0.6217436945065856,0.0074509543914403,0.6306193210184574,0.6214252673089504,0.6156661100685596,0.6294115856289864,0.6115961885079741,0.5085133830085397,0.0040356191009981,0.50700912065804,0.5136001398786902,0.5055745970457792,0.5129058454185724,0.5034772120416164,20.2,5.635601121442148,27,10,21,23,20,0.5782531434291133,0.0171955489738855,0.5525162834165402,0.5843641791124855,0.566456756647381,0.6025044886030569,0.5854240093661023,0.578333684234303,0.0143533827046557,0.5859264544834001,0.5920064370798226,0.5630133761899373,0.5916877269371055,0.5590344264812498,0.5738357182194507,0.0179997720134428,0.5866376340062749,0.5926724450381613,0.5754404988217662,0.5737383783668848,0.5406896348641663,432.96376953125,11.7467429480928,426.9577331542969,427.96380615234375,420.9651794433594,454.9609680175781,433.9711608886719,1014.7937622070312,0.400332866317385,1014.9949340820312,1014.9910278320312,1014.995849609375,1014.993896484375,1013.9931030273438,0.0179322006180882,0.0080119260049165,0.0295566506683826,0.0128078823909163,0.0206896550953388,0.0206896550953388,0.0059171598404645,0.0017735933884978,0.0007370647495088,0.0029556651134043,0.0019704434089362,0.0019704434089362,0.0009852217044681,0.000986193306744,0.0522219963371753,0.0218560098874271,0.0906403958797454,0.0364532023668289,0.0551724135875701,0.052216749638319,0.0266272202134132,0.0059119133278727,0.0021577145425685,0.0088669955730438,0.007881773635745,0.0049261087551712,0.0049261087551712,0.0029585799202322,0.0825718760490417,0.0261690253256743,0.128078818321228,0.0650246292352676,0.0758620724081993,0.0916256159543991,0.0522682443261146,0.0124151537194848,0.0038693691222959,0.0177339911460876,0.01576354727149,0.0108374385163187,0.0108374385163187,0.0069033531472086
775,0.3290641843651732,0.001775347688453,0.3316567537064354,0.3297847568367918,0.3264339926342169,0.327895806171,0.3295496124774217,3.4379885382950306,0.0048439075155016,3.4391101971268654,3.4356938463946185,3.4308848877747855,3.4385157947738967,3.4457379654049873,0.6451596047729254,0.003607760429004,0.6387378939737877,0.6439948243399461,0.6487818366537491,0.6480095920463403,0.6462738768508037,0.5371345597629746,0.0081663052088472,0.5358912786468863,0.5403365644936761,0.5503262039273977,0.5336126352970799,0.5255061164498329,0.349160130508244,0.0035688748429721,0.3496867269277572,0.351864960975945,0.3531883060932159,0.3481297343969345,0.3429309241473675,3.4741488605737687,0.0028612692570049,3.471998929977417,3.477590635418892,3.474591985344887,3.476655162870884,3.4699075892567635,0.6144263053312897,0.0071416177014729,0.6120885256677866,0.6043982645496726,0.6135573573410511,0.6155367810279131,0.6265505980700254,0.5056589148938656,0.0019387440218224,0.5085117537528276,0.5033856425434351,0.5058630900457501,0.5036641759797931,0.506869912147522,0.3456340117380023,0.0059616442353995,0.3423373885452747,0.3388617495074868,0.3544463403522968,0.3416509917005896,0.3508735885843634,3.4706400886178015,0.0024446684393068,3.4661814868450165,3.470438815653324,3.4715250059962273,3.471514120697975,3.4735410138964653,0.6220478577539325,0.0082275356529901,0.6326777450740337,0.6219022963196039,0.6242853906005621,0.6240390725433826,0.60733478423208,0.5056399032473564,0.0028941111716361,0.5059542385861278,0.5108366757631302,0.5054436046630144,0.5035356776788831,0.5024293195456266,18.4,2.244994432064365,19,16,22,19,16,0.5731480591999949,0.0212752125864735,0.5432781895099804,0.5754374675017189,0.5593152006691222,0.6064412861821834,0.5812681521369696,0.574693384297896,0.0161125659962252,0.5761965038537374,0.5832928329387962,0.559531025039659,0.5993498040531813,0.5550967556041062,0.5696854270447586,0.0107167616117257,0.5750441883862382,0.5834552420947361,0.5716663930711444,0.5671677619893045,0.5510935496823693,432.964404296875,11.74775112196176,426.9599304199219,427.963623046875,420.9639587402344,454.9635620117187,433.970947265625,1014.7943237304688,0.3994511993230477,1014.993896484375,1014.9929809570312,1014.994384765625,1014.9949340820312,1013.9954223632812,0.0086718942970037,0.004922634484018,0.0059113302268087,0.0039408868178725,0.0177339911460876,0.0059113302268087,0.0098619330674409,0.0009854160249233,0.0006231090384706,0.0,0.0019704434089362,0.0009852217044681,0.0009852217044681,0.000986193306744,0.0346862167119979,0.0094771743057453,0.0295566506683826,0.0266009867191314,0.0532019734382629,0.0315270945429801,0.0325443781912326,0.0043361415155231,0.0013377963551333,0.0019704434089362,0.0049261087551712,0.0049261087551712,0.0039408868178725,0.0059171598404645,0.063063708692789,0.01527921025339,0.0738916248083114,0.0502463057637214,0.087684728205204,0.0551724135875701,0.0483234710991382,0.0110370092093944,0.0013104769902368,0.0108374385163187,0.0118226604536175,0.0088669955730438,0.0108374385163187,0.0128205129876732
800,0.3299412947768966,0.0036346813263865,0.3308711104715864,0.3342458518842856,0.325809254621466,0.3331966654707988,0.3255835914363463,3.439788144081831,0.0105308819362014,3.4348181784152985,3.4500705413520336,3.4298829063773155,3.4546425814429917,3.4295265128215155,0.6434506888190905,0.0051015590125691,0.6418516201277574,0.6386186561236779,0.6476260951409737,0.6380883182088534,0.6510687544941902,0.5348804153501987,0.0166301622485732,0.5434902676691612,0.5183481570954124,0.5504347116996845,0.5115157188847661,0.5506132214019696,0.3504839573055506,0.0043108508844821,0.3529769172891974,0.354372575879097,0.3529475992545485,0.3496940098702907,0.3424286842346191,3.475903753936291,0.0038463879957664,3.4773357659578323,3.4783876091241837,3.478713311254978,3.4767388999462128,3.4683431833982468,0.6131543567404151,0.0080089576380482,0.6176765542477369,0.609168253839016,0.6123961694538593,0.6013536816462874,0.6251771245151758,0.503212864138186,0.0037585987203469,0.5023460714146495,0.5008994713425636,0.5047340011224151,0.4985268590971827,0.509557917714119,0.3485137751325965,0.005231858129964,0.3442974146455526,0.3423598948866129,0.3552528666332364,0.3465079767629504,0.3541507227346301,3.472475695610046,0.0023163119022247,3.4691293761134148,3.470697171986103,3.4752467274665833,3.4726484417915344,3.4746567606925964,0.6197632044553757,0.0144703635350214,0.6435776259750128,0.6261935196816921,0.619018791243434,0.6061947327107191,0.6038313526660204,0.5047906380146742,0.0027489829275613,0.5030647665262222,0.5090688280761242,0.5054398719221354,0.5008492935448885,0.5055304300040007,18.2,8.034923770640267,23,9,24,8,27,0.5635268610542676,0.0131029026162404,0.5461664060933256,0.5704629972326084,0.5495151853214345,0.5783952292762833,0.573094487347686,0.565789744721131,0.0091005431051224,0.5650513352803728,0.571258059116583,0.5524126258975945,0.5792598605891698,0.5609668427219351,0.5607408280568308,0.0130906395559307,0.5679965052228724,0.5794987678507891,0.5642492669738078,0.5474347963776297,0.5445248038590549,432.96595458984376,11.74887252396476,426.9615478515625,427.9671020507813,420.96435546875,454.9681091308594,433.9686584472656,1014.7953125,0.4013490224472778,1014.996337890625,1014.9954223632812,1014.995849609375,1014.996337890625,1013.9926147460938,0.0116302798036485,0.007417063452621,0.0118226604536175,0.0049261087551712,0.0147783253341913,0.0029556651134043,0.0236686393618583,0.0007883716840296,0.0003941860216276,0.0009852217044681,0.0009852217044681,0.0009852217044681,0.0,0.000986193306744,0.0433621909469366,0.0216413881685865,0.0650246292352676,0.0177339911460876,0.0541871935129165,0.0167487692087888,0.0631163716316223,0.0053209744393825,0.0011813598292516,0.0059113302268087,0.0059113302268087,0.0039408868178725,0.0068965516984462,0.0039447732269763,0.0764716640114784,0.028873777682227,0.1123152747750282,0.0463054217398166,0.0916256159543991,0.0384236462414264,0.0936883613467216,0.0110360376536846,0.0021015291529912,0.0128078823909163,0.0137931033968925,0.0108374385163187,0.0098522175103425,0.0078895464539527
825,0.335254224948585,0.0079007292034912,0.330072038496534,0.3506226160873969,0.3345532851914565,0.3291720654815435,0.3318511194859941,3.45076454753677,0.0116905659144313,3.4333922850588956,3.464870280275742,3.459281876683235,3.44120196128885,3.45507633437713,0.6332358530722558,0.016273050142615,0.6420314734180769,0.6011630282737315,0.6363779824847976,0.6449538717667261,0.6416529094179472,0.5180422371253371,0.0170154893218245,0.5440083003292481,0.4962197362134854,0.5071509396657348,0.5302419212336341,0.5125902881845832,0.3532608376815915,0.005988107948626,0.3498305035755038,0.3617655355483293,0.3557633617892861,0.3549597822129726,0.3439850052818656,3.478052404522896,0.004401129853398,3.4760633036494255,3.485442511737346,3.47856767475605,3.4782968312501907,3.471891701221466,0.607064906693995,0.010635236534331,0.6087779402732849,0.5990836629644036,0.5945857111364603,0.6072886474430561,0.62558857165277,0.500441929884255,0.0037608218853437,0.5041064508259296,0.4940912937745452,0.4985281014814973,0.5039074774831533,0.5015763258561492,0.3483887799084186,0.0062671374444952,0.3385981069877743,0.3506713723763823,0.3560275183990598,0.3440246898680925,0.3526222119107842,3.473492170870304,0.004600995759883,3.466596618294716,3.480128049850464,3.4722432643175125,3.4718418195843697,3.4766511023044586,0.6208798049017787,0.0123635772571963,0.6411175858229399,0.6141268899664283,0.6083872932940722,0.6291176229715347,0.6116496324539185,0.5032580325379967,0.0055443474926479,0.5082551287487149,0.4932912960648536,0.5077482331544161,0.5056326184421778,0.5013628862798214,12.2,8.280096617793781,24,1,7,19,10,0.5568573658339858,0.018656442874169,0.5466852657656812,0.5308388708119623,0.5550224080926692,0.5866762099107681,0.5650640745888481,0.5560491323546911,0.0178117994578532,0.5753126627737364,0.5327330875272149,0.5399174458179062,0.5763306183488117,0.5559518473057863,0.552889439548913,0.0142271576050291,0.5771929626164731,0.5340537772322953,0.5534397399520382,0.5547897732352496,0.5449709447085088,432.9669006347656,11.745425058644848,426.9599304199219,427.9725646972656,420.9678039550781,454.9613952636719,433.9728088378906,1014.7964721679688,0.4009877188013623,1014.9949340820312,1015.0006713867188,1014.996826171875,1014.9954223632812,1013.9945068359376,0.0116265878081321,0.0059560372152624,0.0098522175103425,0.0118226604536175,0.0088669955730438,0.0226600989699363,0.0049309665337204,0.0009854160249233,0.0006231090384706,0.0009852217044681,0.0019704434089362,0.0,0.0009852217044681,0.000986193306744,0.0360641662031412,0.0136847034242,0.0502463057637214,0.0246305428445339,0.0246305428445339,0.0551724135875701,0.0256410259753465,0.0051245131995528,0.0013088913829379,0.0029556651134043,0.0049261087551712,0.0049261087551712,0.0059113302268087,0.0069033531472086,0.0652321718633174,0.024600980284275,0.0798029601573944,0.040394090116024,0.0463054217398166,0.1064039468765258,0.0532544404268264,0.0108397705480456,0.0018705609071161,0.0137931033968925,0.0108374385163187,0.0088669955730438,0.0088669955730438,0.0118343196809291
850,0.3294213369488716,0.0026089028762702,0.3320930174862345,0.3309087219337622,0.3308485085144639,0.3285046297435959,0.3247518070663015,3.433637450138728,0.0049544364139582,3.4324646405875683,3.4340143837034702,3.43709854533275,3.4395740826924643,3.4250355983773866,0.644868228957057,0.0033989963453382,0.6400299755235513,0.645073838531971,0.6424769150714079,0.6469786843905846,0.6497817312677702,0.5401209519555171,0.0069003334736704,0.5417716562127074,0.5373718729242682,0.5360592917228738,0.5327515803898374,0.5526503585278988,0.352469865232706,0.0032025066011147,0.35453836992383,0.3552835211157799,0.3544946713373065,0.3513756124302745,0.3466571513563394,3.4759392201900483,0.003081246960859,3.4795089066028595,3.4798968359827995,3.473118707537651,3.4737138971686363,3.4734577536582947,0.6115299936383962,0.009026280286748,0.6174144959077239,0.6001433059573174,0.6022750353440642,0.6139819156378508,0.6238352153450251,0.5048270119354129,0.0024539757807632,0.5049860179424286,0.5009525138884783,0.5069039026275277,0.5078162187710404,0.5034764064475894,0.3495436085388064,0.0084131270302571,0.3407061649486422,0.344087746925652,0.3590296469628811,0.3434473341330886,0.3604471497237682,3.4720998778939247,0.0042272777141061,3.467681400477886,3.472802571952343,3.471479684114456,3.4688113257288933,3.479724407196045,0.618718795478344,0.0211370829675657,0.6552412658929825,0.6149887666106224,0.6001764554530382,0.6264383792877197,0.596749110147357,0.5038585213944315,0.0033745583668498,0.5061279349029064,0.5046672597527504,0.5081250127404928,0.501912334933877,0.4984600646421313,21.2,4.48998886412873,23,17,17,20,29,0.5706884188716925,0.0096275150392307,0.5693639964261626,0.5645409993311639,0.5602266644825273,0.5884200651172469,0.5708903690013617,0.57049564544118,0.0105302483574926,0.5889645634316347,0.5672129656636451,0.5613723643324273,0.5745683822391403,0.5603599515390527,0.5668124307815738,0.0141696876337405,0.5816708567438736,0.5773716266633566,0.5755748218016721,0.5520370152804044,0.5474078334185623,432.96490478515625,11.748147425375835,426.9599304199219,427.9676818847656,420.96295166015625,454.965087890625,433.9688720703125,1014.5951416015624,0.4898183727839603,1014.9954223632812,1014.9954223632812,1014.994384765625,1013.9954223632812,1013.9950561523438,0.019123794697225,0.0112891785139327,0.0246305428445339,0.0039408868178725,0.0137931033968925,0.0157790929079055,0.0374753475189209,0.0007883716840296,0.0007373244485493,0.0,0.0019704434089362,0.0009852217044681,0.000986193306744,0.0,0.0467181637883186,0.0211958007320917,0.0758620724081993,0.01576354727149,0.0472906418144702,0.0325443781912326,0.0621301792562007,0.004336141468957,0.002028092204353,0.007881773635745,0.0049261087551712,0.0029556651134043,0.0039447732269763,0.0019723866134881,0.0792398080229759,0.0270121883716968,0.1152709424495697,0.0453201979398727,0.0935960635542869,0.0502958595752716,0.0917159765958786,0.0102496091276407,0.0029617252304519,0.0137931033968925,0.0108374385163187,0.0098522175103425,0.0118343196809291,0.0049309665337204
875,0.3310670863216122,0.0026676277855027,0.3297460088506341,0.3353088771303494,0.3274943620587389,0.3325902211169402,0.3301959624513984,3.4423402972519397,0.0101088016489003,3.42755676433444,3.45075049251318,3.4339156709611416,3.4542775017519793,3.445201056698958,0.6422099651147921,0.002332338163283,0.6430817345778147,0.6390732837220033,0.6453319216767947,0.6399805570642153,0.6435823285331329,0.5276174504309893,0.0152704879336943,0.548019556949536,0.5126322899013758,0.5425627067064246,0.5105636607234677,0.5243090378741423,0.3522033600136637,0.006416125474634,0.3521995786577463,0.3613325050100684,0.3539899447932839,0.352213867008686,0.3412809045985341,3.476379206776619,0.0027810519529597,3.474333718419075,3.479418158531189,3.4770968556404114,3.47893488407135,3.4721124172210693,0.6091814644634723,0.0143275688592823,0.607973993755877,0.5873842518776655,0.6129325404763222,0.6055719843134284,0.6320445518940687,0.5015568545088172,0.0028332359416407,0.5038192011415958,0.4978740345686674,0.5051107779145241,0.4986806297674775,0.5022996291518211,0.3472501993179321,0.0058045843583297,0.3400082373991608,0.3437825618311763,0.356684192083776,0.3452251404523849,0.3505508648231625,3.4719561487436295,0.002915577702147,3.466892972588539,3.4716190174221992,3.4731447845697403,3.4722631499171257,3.475860819220543,0.6223942667245865,0.011406312441905,0.6451905611902475,0.6164020970463753,0.6174804698675871,0.6166807599365711,0.6162174455821514,0.5056250987574458,0.0033255114319011,0.5078253103420138,0.5087902918457985,0.5063936477527022,0.4993152534589171,0.5058009903877974,16.2,7.19444229944198,27,8,21,9,16,0.5654566138853315,0.0188899668090938,0.5436499222585335,0.5856369625692088,0.541611826127554,0.5802431308117428,0.576141227659619,0.5668155306035464,0.0114637071218055,0.5716899132108765,0.5811478303942246,0.552004141124392,0.5745896423530736,0.5546461259351654,0.5604558724868435,0.015702790730553,0.5753683583226776,0.5785169101881007,0.5637316696299687,0.5394530708041301,0.5452093534893402,432.9646301269531,11.748480953416372,426.9591369628906,427.9611511230469,420.96478271484375,454.965087890625,433.9729919433594,1014.594873046875,0.4887779236643688,1014.9934692382812,1014.9929809570312,1014.9954223632812,1013.9974365234376,1013.9950561523438,0.0163599269464612,0.0064910498860422,0.0285714287310838,0.0167487692087888,0.0098522175103425,0.0128205129876732,0.0138067062944173,0.0007883716840296,0.0007373244485493,0.0009852217044681,0.0019704434089362,0.0,0.000986193306744,0.0,0.0502624355256557,0.0133104391217056,0.0738916248083114,0.0423645339906215,0.0532019734382629,0.0473372787237167,0.034516766667366,0.0059132735244929,0.002157804502048,0.0059113302268087,0.0098522175103425,0.0039408868178725,0.0039447732269763,0.0059171598404645,0.0912608712911605,0.0206503778714263,0.1182266026735305,0.0778325125575065,0.1113300547003746,0.0857988148927688,0.0631163716316223,0.012023202702403,0.0042873899777786,0.0167487692087888,0.0177339911460876,0.007881773635745,0.0088757397606968,0.0088757397606968
900,0.332871226221323,0.0113558032462721,0.3319553208226959,0.35457327713569,0.3217603129645188,0.3268725788220763,0.3291946413616339,3.437926013022661,0.0154395988214642,3.4355329213043055,3.462047583113114,3.413853437950214,3.4357744517425695,3.4424216710031033,0.6361524069216102,0.0238439480956587,0.6419303646932045,0.5890896681230515,0.6540696502973636,0.6482452029983202,0.6474271484961113,0.5344785900165638,0.0240308034435716,0.5399725403015813,0.4954951917752623,0.5703754884501299,0.5380719220265746,0.5284778075292706,0.3540776524692773,0.0069665190384425,0.3528610579669475,0.3644501492381096,0.3550562392920255,0.3553854208439588,0.3426353950053453,3.4774726063013075,0.0029334662788603,3.476425938308239,3.4818731024861336,3.4764432087540627,3.4793767482042313,3.473244033753872,0.6090717993676662,0.0128137868911243,0.6025607939809561,0.5908488724380732,0.6093855760991573,0.612672958523035,0.6298907957971096,0.5033522935584187,0.0047973649149827,0.5065109375864267,0.4942400893196463,0.5077784862369299,0.5033076936379075,0.5049242610111833,0.3508840290829539,0.0040322193864993,0.347823859192431,0.3541949009522795,0.3567063799127936,0.3457706421613693,0.3499243631958961,3.473390299081802,0.0033109762556509,3.4697409719228745,3.4769966527819633,3.4710945785045624,3.4713593050837517,3.47775998711586,0.6178629918023943,0.0086975271659671,0.6210267134010792,0.6042485078796744,0.6170884221792221,0.6311979498714209,0.6157533656805754,0.5025389060378075,0.005111114417026,0.5010925931856036,0.4939515916630626,0.5089780585840344,0.5061882846057415,0.5024840021505952,19.0,10.954451150103322,19,1,35,23,17,0.5586687670511363,0.0204646052304604,0.5391644757673724,0.5293225277401629,0.5694750804655433,0.5801325508829793,0.5752492003996236,0.5619043038544762,0.0154097245755936,0.5586177683583127,0.5370497451555094,0.5697500667904434,0.5841193101663159,0.5599846288017999,0.5552341394328277,0.009160872088903,0.5610788124592484,0.5414328350489029,0.5650394242017444,0.56127828862022,0.547341336834023,432.9654174804688,11.746613092970897,426.9613952636719,427.9697570800781,420.9623718261719,454.9613952636719,433.97216796875,1014.59609375,0.490226772294991,1014.9954223632812,1015.0001831054688,1014.9934692382812,1013.9954223632812,1013.9959716796876,0.0139975322410464,0.0093240412587539,0.0068965516984462,0.0147783253341913,0.0108374385163187,0.0315581858158111,0.0059171598404645,0.0011826546862721,0.0003938946009929,0.0019704434089362,0.0009852217044681,0.0009852217044681,0.000986193306744,0.000986193306744,0.042381827533245,0.0133770206361638,0.0453201979398727,0.0315270945429801,0.0472906418144702,0.0631163716316223,0.0246548317372798,0.0061112894676625,0.0019136237865094,0.0049261087551712,0.0049261087551712,0.0059113302268087,0.0098619330674409,0.0049309665337204,0.0725420482456684,0.0225228949910475,0.0679802969098091,0.0492610856890678,0.0945812836289405,0.1025641039013862,0.0483234710991382,0.0120249515399336,0.0020140065249152,0.0118226604536175,0.0098522175103425,0.0118226604536175,0.0157790929079055,0.010848126374185
925,0.3363147166868051,0.0070096451254207,0.3347715993101398,0.3362308309103052,0.3495690828810135,0.3305764241764943,0.3304256461560726,3.4498467460274695,0.0055386258505871,3.444978144019842,3.4509775390227637,3.4601508441070714,3.445985938111941,3.44714126487573,0.6313839459248508,0.0181980318374182,0.6371267133702835,0.6353275474781791,0.5957771276201432,0.645672719925642,0.6430156212300062,0.5148521322136125,0.0103856309965526,0.523878515077134,0.5136718566839894,0.4951906722659866,0.5209383191540837,0.5205812978868684,0.352985618263483,0.0056090436633484,0.3530663158744573,0.3554328344762325,0.3619371075183153,0.348872872069478,0.345618961378932,3.477714551985264,0.0027702437285054,3.47945798933506,3.477455124258995,3.4815756157040596,3.4767843782901764,3.473299652338028,0.6057550208643079,0.0100633818497439,0.5999383274465799,0.5964921331033111,0.5963939102366567,0.6184331653639674,0.6175175681710243,0.5004666350781918,0.0039810773270156,0.4980530804023146,0.50212680734694,0.4938645549118519,0.5042552445083857,0.5040334882214665,0.3495371349155903,0.0074857729020709,0.3475320041179657,0.3413810506463051,0.3618991710245609,0.3432213636115193,0.3536520851776004,3.473862427473068,0.0035273776294917,3.471418015658855,3.469790481030941,3.479103982448578,3.47211554646492,3.476884111762047,0.6147007012739778,0.0076244242371922,0.6173308249562979,0.61870938539505,0.6072732852771878,0.6253953613340855,0.6047946494072676,0.4998748585581779,0.0049394811809651,0.4972062613815069,0.5063961390405893,0.4924104837700724,0.4994329484179616,0.5039284601807594,10.6,5.238320341483518,14,9,1,15,14,0.5667505478859334,0.0132008669836094,0.5517133523810009,0.570278268444132,0.5507889331247057,0.5810556776533299,0.5799165078264982,0.5655206354697568,0.0095877365948073,0.5708706870733828,0.5666088456530645,0.54684494955495,0.5733940116698283,0.5698846833975592,0.5574394953462499,0.0118308019242689,0.5729048234691098,0.5701669736601991,0.546581742342802,0.5448648306985491,0.5526791065605895,432.96763305664064,11.746378243517988,426.9632263183594,427.9674682617187,420.9710083007813,454.9655151367187,433.970947265625,1014.5969848632812,0.4905055614437098,1014.9973754882812,1014.994384765625,1015.0006713867188,1013.9974365234376,1013.9950561523438,0.0049290233757346,0.0025722743971256,0.0039408868178725,0.0049261087551712,0.0009852217044681,0.0088757397606968,0.0059171598404645,0.0007883716840296,0.0003941860216276,0.0009852217044681,0.0009852217044681,0.0009852217044681,0.000986193306744,0.0,0.0230664301663637,0.0092238646078912,0.0256157647818326,0.0206896550953388,0.0068965516984462,0.0276134125888347,0.034516766667366,0.0043367244303226,0.0010057640965515,0.0039408868178725,0.0039408868178725,0.0049261087551712,0.0029585799202322,0.0059171598404645,0.0475098386406898,0.0091463877144477,0.0482758618891239,0.0344827584922313,0.0423645339906215,0.0502958595752716,0.0621301792562007,0.0114336241036653,0.0025420924670177,0.007881773635745,0.0137931033968925,0.0098522175103425,0.010848126374185,0.0147928996011614
950,0.3322203889489173,0.0047551831738723,0.3327562340224783,0.3408974492922425,0.3274349098404248,0.3284609612698356,0.3315523903196056,3.444033071398735,0.0117976524856287,3.4353919898470244,3.463417384773493,3.4313234550257525,3.438611755768458,3.4514207715789476,0.6394184350967407,0.0071956781337053,0.6385994044442972,0.6258260328322649,0.6457595434039831,0.6440409577141205,0.6428662370890379,0.5244301481172442,0.0174899789018546,0.5370673599342505,0.4942036097248395,0.5424226994315783,0.5323630568260947,0.516094014669458,0.3538430459797382,0.0052562672986442,0.3559159738942981,0.3625549701973796,0.3537003835663199,0.3493277495726943,0.3477161526679992,3.4778894782066345,0.0030578559332242,3.478830575942993,3.4828156009316444,3.4744701609015465,3.478524588048458,3.4748064652085304,0.6058427006006241,0.0135855700517874,0.6064572958275676,0.5882784156128764,0.5958599802106619,0.6106018777936697,0.6280159335583448,0.5004495514556766,0.0037208535776283,0.5024683466181159,0.4931702697649598,0.5033669583499432,0.5022934032604098,0.5009487792849541,0.3509533839300275,0.0062264518361851,0.3488239478319883,0.3483320623636246,0.3571621421724558,0.3417737586423754,0.3586750086396932,3.4738485872745515,0.0037167469142121,3.4688883423805237,3.477141849696636,3.4721445813775063,3.4719960018992424,3.4790721610188484,0.6129967855289579,0.0102242000599259,0.6253813970834017,0.6122087566182017,0.5987110985442996,0.6233128271996975,0.6053698481991887,0.5006547642871737,0.004302015498262,0.5023473240435123,0.4926347341388464,0.505573351867497,0.5010710516944528,0.5016473596915603,16.2,8.47112743381895,24,2,21,23,11,0.5569987190295917,0.0187858851140399,0.5438161349984074,0.5271197983416438,0.5641803505511789,0.5761130688277575,0.5737642424289711,0.5584633199415137,0.0184276853645876,0.5621743223518871,0.5257545183587291,0.5545737809833665,0.5803080852680002,0.5695058927455849,0.5512052475234868,0.0140271695567015,0.5673779631556037,0.5255455462843794,0.5582813979243364,0.5500812378821814,0.554740092370933,432.9659790039062,11.748086860607716,426.9617614746094,427.9682922363281,420.9623718261719,454.965087890625,433.9723815917969,1014.59658203125,0.4896269246911559,1014.9954223632812,1014.999267578125,1014.994384765625,1013.9978637695312,1013.9959716796876,0.009660030901432,0.0032058998144349,0.0098522175103425,0.0039408868178725,0.0098522175103425,0.0138067062944173,0.010848126374185,0.0003942830022424,0.000482896182618,0.0,0.0009852217044681,0.0,0.0,0.000986193306744,0.0431684505194425,0.0116113862984348,0.0610837452113628,0.0285714287310838,0.0463054217398166,0.0325443781912326,0.0473372787237167,0.0053227233700454,0.0017194442248081,0.0059113302268087,0.0059113302268087,0.0019704434089362,0.0059171598404645,0.0069033531472086,0.0762845315039157,0.0225877315560699,0.1152709424495697,0.0463054217398166,0.0758620724081993,0.0650887563824653,0.0788954645395279,0.0102505807764828,0.002540342643982,0.0118226604536175,0.0118226604536175,0.0059113302268087,0.0088757397606968,0.0128205129876732
975,0.3384006844212611,0.0077283010094567,0.3319545040527979,0.3412717723598082,0.3518638790895541,0.3303995185221235,0.3365137480820219,3.4516544245183467,0.0112196019548272,3.4334881169100604,3.458526990065972,3.4611504736045995,3.4435989521443844,3.461507589866718,0.6281353520889146,0.0181792127311853,0.6403222673883041,0.6271064796795448,0.5936773267458193,0.6444778529306253,0.6350928337002794,0.5087883443261185,0.015867648264667,0.5345681989565492,0.4955686951677004,0.4959257201602061,0.5202102779100338,0.4976688294361035,0.3545231869444251,0.007402659622337,0.3495127540081739,0.3627915335819125,0.3639203095808625,0.3506600111722946,0.3457313263788819,3.4794387623667715,0.0034526220316677,3.4771886840462685,3.482313595712185,3.4844497442245483,3.478246435523033,3.4749953523278236,0.5989565722644329,0.0115342795010661,0.6051266072317958,0.5864790072664618,0.5839288383722305,0.6066234102472663,0.6126249982044101,0.497131478972733,0.0033186244244976,0.5025429287925363,0.4941443400457501,0.4935192782431841,0.4989716215059161,0.4964792262762785,0.3496515441685915,0.0093655751930571,0.3382965894415974,0.348366686142981,0.3655826328322291,0.3430678751319647,0.3529439372941851,3.4753626883029938,0.0045647001553433,3.4694095477461815,3.476153627038002,3.4806856587529182,3.4708230420947075,3.4797415658831596,0.6111756218597293,0.0136811419946165,0.6318194456398487,0.6115750828757882,0.5925496835261583,0.6189026590436697,0.6010312382131815,0.4960587855428457,0.0028852859159822,0.4993886211887002,0.4938545981422066,0.4932807767763734,0.4997655600309372,0.4940043715760112,8.8,8.133879763065101,21,2,1,16,4,0.53676249732114,0.0210425123534426,0.5241865012478822,0.5168159714718452,0.532957398603558,0.5771027621943527,0.5327498530880626,0.541071663783047,0.0148663176101934,0.5483767346401626,0.5268654316580257,0.5338628196833828,0.5668127889381819,0.5294405439954819,0.533253169568051,0.0147505639676765,0.5582403361905306,0.5338134483886057,0.5252317984442615,0.5355648613761924,0.5134154034406647,432.9692443847656,11.40189764624943,426.9621887207031,427.9725646972656,420.9681701660156,453.9671325683594,434.9761657714844,1014.3989135742188,0.4891679074340997,1014.995849609375,1015.0001831054688,1014.0007934570312,1013.9983520507812,1013.9993896484376,0.0086773349903523,0.0084475342015265,0.0039408868178725,0.0019704434089362,0.0246548317372798,0.0098619330674409,0.0029585799202322,0.0005915216635912,0.0004829755461718,0.0,0.0009852217044681,0.000986193306744,0.0,0.000986193306744,0.024251027777791,0.0071282332802352,0.0266009867191314,0.0206896550953388,0.0355029590427875,0.0246548317372798,0.0138067062944173,0.0043375016655772,0.0011825595017837,0.0029556651134043,0.0059113302268087,0.0049309665337204,0.0029585799202322,0.0049309665337204,0.0400242917239666,0.0077794172629301,0.0472906418144702,0.0295566506683826,0.0463510863482952,0.0453648939728736,0.0315581858158111,0.010054313763976,0.0029466766729768,0.0088669955730438,0.01576354727149,0.0098619330674409,0.0078895464539527,0.0078895464539527
1000,0.3305179025046527,0.0040338946420345,0.3349686733757456,0.3341333588274817,0.324825355472664,0.3319057831540704,0.326756341693302,3.438157796114683,0.009683985277765,3.4400015100836754,3.4457999927302203,3.423728860914707,3.450290687382221,3.4309679294625917,0.6432405079404513,0.0048139494209462,0.6362873626252016,0.6411348978678385,0.6488232923050722,0.6413811296224594,0.6485758572816849,0.5284218030671279,0.0176213979251601,0.5220303951452175,0.5134513440231482,0.5557830560331544,0.5092825762306651,0.5415616439034542,0.3513601155951619,0.0028835641460261,0.3523733578622341,0.3548399936407804,0.352537996135652,0.3508667265996337,0.3461825037375092,3.4776096493005753,0.0014108239867249,3.479062519967556,3.477877616882324,3.4771671146154404,3.4788085147738457,3.47513248026371,0.6091027513146401,0.0131145711384006,0.6065208334475756,0.5903366208076477,0.6066416902467608,0.6107206093147397,0.6312940027564764,0.5017858102917672,0.0020034135733339,0.503420002758503,0.4992377106100321,0.5047480706125498,0.5006350018084049,0.5008882656693459,0.3481710027903318,0.0048908010412412,0.3478905595839023,0.3407770991325378,0.3516706703230738,0.3455738164484501,0.354942868463695,3.4727248430252073,0.0036986141343416,3.470825769007206,3.4703413769602776,3.470294065773487,3.4721656143665314,3.4799973890185356,0.6155446937307716,0.0043246959503131,0.6204315535724163,0.607792466878891,0.617988595739007,0.6170735843479633,0.6144372681155801,0.5013272054493427,0.0036004562308291,0.500536760315299,0.5047845542430878,0.5061892420053482,0.497204621322453,0.4979208493605256,18.6,7.709734106958553,17,10,29,11,26,0.5529069990359198,0.0131703965385483,0.5334644561838864,0.5644170860068304,0.5554096050303512,0.5685794985714218,0.5426643493871094,0.5598839585159071,0.0082401113957267,0.5599452932002174,0.5702163158907158,0.5566053076374716,0.5662429481766972,0.5464099276744341,0.5523267171834132,0.0195297851603573,0.5666934531867112,0.574664075478975,0.5615747607322791,0.5348450120610242,0.5238562844580763,432.96583251953126,11.403754893051325,426.9609680175781,427.96240234375,420.9645690917969,453.9675903320313,434.9736328125,1014.3963012695312,0.4883612010349863,1014.996337890625,1014.9924926757812,1013.9954223632812,1013.9993896484376,1013.9978637695312,0.010843657143414,0.0032995095814889,0.0098522175103425,0.0128078823909163,0.0157790929079055,0.0059171598404645,0.0098619330674409,0.0011830433271825,0.0007375843121251,0.0,0.0019704434089362,0.000986193306744,0.000986193306744,0.0019723866134881,0.0335158038884401,0.0064720078084066,0.0413793101906776,0.0334975384175777,0.0394477322697639,0.0295857992023229,0.0236686393618583,0.0067026167176663,0.002881528460012,0.0059113302268087,0.0118226604536175,0.0059171598404645,0.0029585799202322,0.0069033531472086,0.0569794319570064,0.0096872021248734,0.0660098567605018,0.0482758618891239,0.0710059180855751,0.0473372787237167,0.0522682443261146,0.0128144891932606,0.0037880049495382,0.0108374385163187,0.0197044350206851,0.010848126374185,0.0088757397606968,0.0138067062944173
