lags,train_cross_entropy_mean,train_cross_entropy_std,train_cross_entropy_fold_1,train_cross_entropy_fold_2,train_cross_entropy_fold_3,train_cross_entropy_fold_4,train_cross_entropy_fold_5,train_roc_auc_multiclass_mean,train_roc_auc_multiclass_std,train_roc_auc_multiclass_fold_1,train_roc_auc_multiclass_fold_2,train_roc_auc_multiclass_fold_3,train_roc_auc_multiclass_fold_4,train_roc_auc_multiclass_fold_5,train_f1_mean,train_f1_std,train_f1_fold_1,train_f1_fold_2,train_f1_fold_3,train_f1_fold_4,train_f1_fold_5,val_cross_entropy_mean,val_cross_entropy_std,val_cross_entropy_fold_1,val_cross_entropy_fold_2,val_cross_entropy_fold_3,val_cross_entropy_fold_4,val_cross_entropy_fold_5,val_roc_auc_multiclass_mean,val_roc_auc_multiclass_std,val_roc_auc_multiclass_fold_1,val_roc_auc_multiclass_fold_2,val_roc_auc_multiclass_fold_3,val_roc_auc_multiclass_fold_4,val_roc_auc_multiclass_fold_5,val_f1_mean,val_f1_std,val_f1_fold_1,val_f1_fold_2,val_f1_fold_3,val_f1_fold_4,val_f1_fold_5,test_cross_entropy_mean,test_cross_entropy_std,test_cross_entropy_fold_1,test_cross_entropy_fold_2,test_cross_entropy_fold_3,test_cross_entropy_fold_4,test_cross_entropy_fold_5,test_roc_auc_multiclass_mean,test_roc_auc_multiclass_std,test_roc_auc_multiclass_fold_1,test_roc_auc_multiclass_fold_2,test_roc_auc_multiclass_fold_3,test_roc_auc_multiclass_fold_4,test_roc_auc_multiclass_fold_5,test_f1_mean,test_f1_std,test_f1_fold_1,test_f1_fold_2,test_f1_fold_3,test_f1_fold_4,test_f1_fold_5,num_epochs_mean,num_epochs_std,num_epochs_fold_1,num_epochs_fold_2,num_epochs_fold_3,num_epochs_fold_4,num_epochs_fold_5
-1000,1.4405700715546756,0.0054150472497771,1.4504671551517605,1.4362099133815962,1.4423219985568647,1.4370192068139302,1.436832083869226,0.5270863456502002,0.0110205031868283,0.5050772291667676,0.532808093846523,0.5322647068238591,0.5335345487321649,0.5317471496816865,0.3081127034426686,0.0033979481538279,0.3095397040024873,0.3088315023892298,0.3014479003332403,0.30984925281443,0.3108951576739551,1.4459573037696605,0.0065393233722428,1.4545175162228672,1.4396568536758425,1.4400760513363462,1.4423048026633984,1.4532312949498494,0.5292004476129156,0.005758298112567,0.5230128619328231,0.5377827682420098,0.5342863457022641,0.5254851024216965,0.5254351597657845,0.3071723610760851,0.0057816117566279,0.3080243456256361,0.3112407207356988,0.3105780904817316,0.3102064417758879,0.2958122067614711,1.447625467271516,0.0148162632657107,1.4686204411766746,1.4455099575447314,1.4235775217865452,1.4557180513035168,1.444701364546111,0.5160228271532572,0.0052697788171971,0.5236893752038406,0.5164057331598384,0.5194516241527994,0.5113557313270712,0.5092116719227366,0.3034302726219814,0.0141182059461647,0.2947058548219174,0.2932038564109843,0.3292065003283341,0.2920108059230352,0.3080243456256361,6.2,2.4,2,8,9,6,6
-975,1.4377943933624582,0.0034813337808502,1.4321954717341157,1.4370886284051485,1.442613081833751,1.4400254352805542,1.4370493495587222,0.5288429806836951,0.0045777507760532,0.5232866778381599,0.5247839650215428,0.5362312746328333,0.5303832216298751,0.5295297642960645,0.3074928430408948,0.0057144563901618,0.3086901721578297,0.3094282861836923,0.2964745588515339,0.3097619374018643,0.3131092606095538,1.4457133986733175,0.0064366376342616,1.4466230038440588,1.4396162683313545,1.4426298719463926,1.4419294595718384,1.457768389672944,0.5301048529740228,0.0062356166397072,0.5297257187891945,0.5340307479245517,0.5317170318615851,0.5365517813924213,0.518498984902361,0.3128851872145698,0.0127799461341536,0.3355492765325423,0.3112407207356988,0.311617290267249,0.3102064417758879,0.2958122067614711,1.4503012050281872,0.0168240944354458,1.4765233560041948,1.4464830846497507,1.4248162219018647,1.4572657491221572,1.4464176134629685,0.5188109548729467,0.0112642129514028,0.5166053333356712,0.5081390862729401,0.5308935992906285,0.5056188093932419,0.5327979460722515,0.3092519460158168,0.0145417569587041,0.3222320445793393,0.2950403829078369,0.3289521510432362,0.2920108059230352,0.3080243456256361,7.6,2.65329983228432,9,7,12,5,5
-950,1.4424089230212969,0.0121874640933759,1.432290762970128,1.4498527799684977,1.4376535563124824,1.4297733798469463,1.4624741360084297,0.5256425227587516,0.0102734230845571,0.5356976158990454,0.5131920394977324,0.5352661104161599,0.5307708440976855,0.5132860038831351,0.307581846134683,0.005893886644636,0.3087783558230011,0.3101283763034101,0.2959759711197928,0.3118001646927303,0.3112263627344804,1.457169704726248,0.0129423174102165,1.439381895643292,1.4610455361279575,1.4637903878183076,1.44605603723815,1.4755746668035334,0.5362946215613452,0.010932869117314,0.5536707871229694,0.5363767367680856,0.54177283593307,0.5259770315839843,0.5236757163986168,0.3151838735910182,0.013863702583053,0.3089703316864243,0.3112407207356988,0.3368629348721436,0.3230331738993534,0.2958122067614711,1.464714037288319,0.0059287960317371,1.4589694160403628,1.4722780242110745,1.45666047298547,1.4670418248032078,1.46862044840148,0.5189505318691816,0.0115284032953669,0.5045073822620891,0.5204335788066294,0.5379527612138841,0.5098311881812502,0.5220277488820555,0.3174091729105327,0.0283153049192512,0.3036361968514669,0.2932038564109843,0.3728986147419754,0.3092828509226009,0.3080243456256361,7.2,5.192301994298868,8,2,15,10,1
-925,1.4372095928978674,0.0030823247095357,1.4394732209825023,1.4391525357039934,1.4403619274650652,1.4344219448640174,1.4326383354737586,0.5294930472536226,0.0066699564760734,0.5221100512181068,0.522737338171722,0.5391067494354365,0.5286224778732272,0.5348886195696203,0.3068721586518481,0.0046928692846683,0.3067462930066198,0.3071129625360675,0.298328006634992,0.3119565142976045,0.3102170167839563,1.4560026089350384,0.011021207142342,1.4618348063844624,1.4407147999965784,1.4542273897113225,1.4499264413660222,1.473309607216806,0.5474874516616397,0.0100373693744646,0.5516088121185466,0.557720232028581,0.5468332307538065,0.5526328367569128,0.5286421466503514,0.3207575927505505,0.006107249033459,0.3265234718437116,0.3112407207356988,0.3179583344735123,0.3281185167317872,0.3199469199680423,1.463578088355787,0.0198230210315163,1.498605049017704,1.4500577955534963,1.4429012609250618,1.4711380980231543,1.4551882382595178,0.5249172096862496,0.0160706190916229,0.5209352931605651,0.51036511263471,0.5390876315624952,0.5064424874406508,0.547755523632827,0.3225476514624453,0.0178818312569448,0.3187006951857168,0.2932038564109843,0.3366083508865688,0.3190310232058095,0.3451943316231473,7.8,2.2271057451320084,6,6,12,7,8
-900,1.441391861070063,0.0030865954146606,1.4437038062774028,1.436610849862246,1.445162633030685,1.43926346670721,1.4422185494727695,0.5246279279285181,0.0060368497059504,0.5237298570569113,0.5255241585931838,0.5138142737582461,0.5284254833054995,0.5316458669287499,0.30723115258209,0.0043873973349691,0.3068553909046937,0.3118548091981013,0.2992758557635684,0.3075736093800961,0.3105960976639904,1.4548457882621073,0.0058769738473457,1.4638241493340691,1.4517005320751306,1.450684504075484,1.4483761968034687,1.4596435590223833,0.5398552521502745,0.0092516725166483,0.5451805203269711,0.5427822868268082,0.5441389183170321,0.5457140180945839,0.5214605171859773,0.3084282498005407,0.0063458181556973,0.3127933546721086,0.3108108905186346,0.3110211335595899,0.3117036634908994,0.2958122067614711,1.4621247761177294,0.0191791066887443,1.4924404187635942,1.463391408775792,1.435109850132104,1.4692833351366448,1.450398867780512,0.5242478351820953,0.0122337606988746,0.5212816834262769,0.514695742801462,0.5362979128741785,0.5086236395442505,0.5403401972643087,0.3095606257183396,0.0126536806828133,0.3174388952234697,0.2940660978002732,0.3292065003283341,0.299067289613985,0.3080243456256361,5.6,1.4966629547095764,4,6,8,6,4
-875,1.4369432454256663,0.0053478739454194,1.4377210693261058,1.431774280734898,1.445165377302268,1.43051477560063,1.4395407241644318,0.5319521209088426,0.0040971354123144,0.5253114760703276,0.5298242362964869,0.5350744275120071,0.532582309466717,0.5369681551986746,0.3076144530283046,0.0058271096113985,0.3108715258988612,0.3081422221595773,0.2962169900034787,0.3113472606348627,0.311494266444743,1.4439182541587137,0.0077479431561467,1.4458497040199512,1.4373142141284363,1.439965099999399,1.4382316235340002,1.4582306291117813,0.539076242078292,0.0147390402138952,0.5450326220733012,0.55076215651785,0.5430314223727711,0.5465160430968571,0.5100389663306807,0.307251706057298,0.0059069276955195,0.3075945154085718,0.3121537904041271,0.310711163112541,0.309986854599779,0.2958122067614711,1.4483779249769269,0.0150960519048428,1.4685577154159546,1.4480535767295144,1.4224219502824726,1.4558893514401985,1.4469670310164944,0.5255957682598129,0.0120318838675623,0.5275805217938787,0.5197726254744977,0.5331271961483585,0.5061078029219928,0.5413906949603373,0.3061242463336801,0.0126576390168201,0.299055084113666,0.2999919219342265,0.3297475527079619,0.29380232728691,0.3080243456256361,8.4,2.4166091947189146,6,11,10,10,5
-850,1.4354612716694468,0.0029527214968887,1.434883982864852,1.4335409095606853,1.4412567197662038,1.4332894885662906,1.4343352575892026,0.5300668810308917,0.0053696243252675,0.5239995396149457,0.5295644232853203,0.5348217322419286,0.5245383778752603,0.537410332137004,0.3071470163421817,0.0049266252462386,0.3087310181018017,0.3073882037885259,0.2978946731326855,0.3125344788632153,0.30918670782468,1.4558328130028464,0.0221852568371697,1.4582106380751638,1.443279717907761,1.4360749649279043,1.443787101543311,1.4978116425600918,0.54219909364238,0.0094717362629506,0.5433096659417905,0.545031062784449,0.5489361826421496,0.5498381053669955,0.5238804514765155,0.3065399184721505,0.0169100309936405,0.3252696774331876,0.3113798908335036,0.3112407207356988,0.3102064417758879,0.274602861582475,1.461554177602132,0.0254260006705832,1.490072337063876,1.4552464521292483,1.4171060648831455,1.4638287298607104,1.4815173040736804,0.5203593847754031,0.0120022754087894,0.5241261445557088,0.5231594986912804,0.5356753158649521,0.4988293649096868,0.5200065998553877,0.3121439463013363,0.0143205227679198,0.325258105362859,0.2955891259200117,0.3272789190529268,0.2944246013210203,0.318168979849864,9.8,2.7129319932501073,8,10,15,8,8
-825,1.4473293038987622,0.01467789967089,1.429769989141484,1.433597397558468,1.444767797116152,1.4648655849633758,1.4636457507143317,0.5094168927304199,0.017715173213859,0.5217072309083283,0.5279915105850391,0.5209677479538316,0.4837315330060521,0.4926864411988484,0.3086045475298626,0.004357538836854,0.3091883992240555,0.310840956082737,0.3000521241396644,0.3113576588346959,0.3115835993681601,1.4589870951392434,0.0168301309407051,1.465245008468628,1.439895485386704,1.438004316705646,1.4764251997976592,1.4753654653375798,0.5399425591644913,0.0094263995108015,0.5411847824942655,0.5432364978339385,0.5472832980124395,0.5464032025430067,0.5216050149388064,0.315269001181301,0.0173080366485569,0.3478449158977483,0.3112407207356988,0.3112407207356988,0.3102064417758879,0.2958122067614711,1.4684841423323658,0.0314856281843328,1.515234781034065,1.4525206955996426,1.4213270563067812,1.4855711279493389,1.4677670507720022,0.5192571297943335,0.0136816582163999,0.5044467190165469,0.524235585499733,0.5360476733403131,0.5018912909946758,0.5296643801203985,0.2952470313751019,0.0235225615712415,0.2557172298629268,0.2932038564109843,0.3272789190529268,0.2920108059230352,0.3080243456256361,6.0,4.1952353926806065,11,9,8,1,1
-800,1.4469513052517606,0.0132604408402249,1.4317530885185163,1.4402195829706097,1.4462206806104208,1.4451360518170386,1.4714271223422175,0.5154505173186957,0.0112748580594945,0.5191883299447093,0.5140561349944648,0.5344773904914346,0.5085948393042449,0.5009358918586254,0.306743597541094,0.0055164276422363,0.3120146642757944,0.3093028633685895,0.2965048199753788,0.3101937067113005,0.3057019333744066,1.4529150529341266,0.0126615016105576,1.4471697265451604,1.4477118253707886,1.438317967183662,1.4556349877155188,1.475740757855502,0.5392244638984186,0.0071599929551923,0.5454299839302762,0.5414018193155687,0.5389035097283519,0.54469292011422,0.5256940864036765,0.3141816174059407,0.0152791591479075,0.3424079970209468,0.3112407207356988,0.3112407207356988,0.3102064417758879,0.2958122067614711,1.4624035828041309,0.0229103374991891,1.4920077432285657,1.4611406832030325,1.4215654821106882,1.4681131984248306,1.469190807053537,0.5138144044608287,0.0120468198070451,0.5094958077649308,0.5289033485770769,0.5259944335873835,0.4965258770433937,0.5081525553313592,0.3054924844824208,0.0127744543875935,0.3069444953995213,0.2932038564109843,0.3272789190529268,0.2920108059230352,0.3080243456256361,5.2,2.993325909419153,9,5,8,3,1
-775,1.4451670223904638,0.0038382084702662,1.4425413350469058,1.4399154690123095,1.4472845264316834,1.4450373170302089,1.451056464431212,0.5181992746402284,0.005939081083255,0.5264479169812855,0.5139711882062065,0.5198264997450847,0.5093816362048927,0.5213691320636729,0.3070343788525974,0.0047674005944485,0.3088634977363949,0.3096750262823572,0.2975178982713388,0.309666782529259,0.309448689443637,1.454765807498585,0.0116237788015188,1.4611477743495591,1.451170148271503,1.438062021226594,1.4506331465461038,1.4728159470991655,0.5331695675022831,0.0073645150647056,0.5349213606973786,0.5363726021083691,0.5378312501303099,0.5381050866914514,0.5186175378839061,0.3075595656955106,0.0059182673876672,0.3092977384687964,0.3112407207356988,0.3112407207356988,0.3102064417758879,0.2958122067614711,1.4613847559148616,0.0215164831929086,1.4898916085561116,1.4649045900865034,1.4230583653305515,1.4638239687139338,1.465245246887207,0.5196547624530371,0.0149777323625897,0.5297799080099117,0.5274249221004292,0.5236474665506046,0.4899586350086379,0.5274628805956021,0.3047901041954287,0.0127718561486414,0.3034325939645613,0.2932038564109843,0.3272789190529268,0.2920108059230352,0.3080243456256361,4.2,1.7204650534085253,4,5,7,3,2
-750,1.448765655399598,0.0069650117411222,1.4506101915516805,1.4371639662182207,1.4589765723218624,1.4488467199286237,1.448230826977602,0.5029847384026472,0.0093807563340531,0.4971133302655197,0.5215086482262137,0.4980814754092522,0.5011493517778565,0.4970708863343939,0.3081475191112862,0.0055837461546238,0.3085787192606379,0.3107842425863808,0.2972780259596462,0.3117527227302701,0.3123438850194959,1.4521980054450758,0.0066039839746622,1.4552239540851477,1.441178596380985,1.4514112653154316,1.451673110326131,1.4615031011176831,0.5362042583456558,0.012488927756287,0.549127364790433,0.5291380022143036,0.5357870319181824,0.5500367739536585,0.516932118851701,0.3073048871268785,0.0058651498580459,0.3080243456256361,0.3112407207356988,0.3112407207356988,0.3102064417758879,0.2958122067614711,1.4565185821417608,0.0104333393278093,1.4709560907248296,1.4538832035931677,1.440620382626851,1.4643865968241836,1.4527466369397712,0.5128788671326957,0.011493182113489,0.5072015544965343,0.5272327326251465,0.5239023380198989,0.4957268533444566,0.5103308571774423,0.3030447563669,0.0134180445937211,0.2947058548219174,0.2932038564109843,0.3272789190529268,0.2920108059230352,0.3080243456256361,3.0,2.0,2,7,2,2,2
-725,1.448466130384465,0.0149494366154387,1.4304644508460134,1.4420520521930813,1.4544712341937822,1.4411383080728275,1.47420460661662,0.5148018748070259,0.0161181168616157,0.5368393145000727,0.511193301636517,0.5010144161175321,0.5297934866919944,0.495168855089013,0.3057140697598715,0.0053314049163497,0.3090439689922469,0.3089198193269887,0.2975578289867741,0.3116681440274879,0.3013805874658597,1.4625358213077893,0.0205484514362937,1.499287937626694,1.447204011859316,1.448576327526208,1.446502721670902,1.4711081078558257,0.5267162990787762,0.0054519671466214,0.5355505278994849,0.5280945480746159,0.5220190664994974,0.5279212261929888,0.5199961267272941,0.3000338007329043,0.0153431509947987,0.2716689136557652,0.3112407207356988,0.3112407207356988,0.3102064417758879,0.2958122067614711,1.4756051908839831,0.0411617916407317,1.55618226889408,1.4603230591976282,1.4392979939778645,1.459254026412964,1.46296860593738,0.5002468277091616,0.0176597011912216,0.5176150180844706,0.5254833468272416,0.4828068599080459,0.4877129727501867,0.4876159409758632,0.2774105679199014,0.0568859590527763,0.1665349125869242,0.2932038564109843,0.3272789190529268,0.2920108059230352,0.3080243456256361,4.4,3.006659275674582,10,4,3,4,1
-700,1.4476678133010863,0.0032035202575999,1.44643920721467,1.4461940612989603,1.4511008668191654,1.443084736460263,1.4515201947123737,0.508993933731887,0.0066157142972062,0.505501454248727,0.5180556957490897,0.5008850540221825,0.5049936883227089,0.5155337763167263,0.3062872326689561,0.0040954645057992,0.3084442686040927,0.3077056794587021,0.2981275838823826,0.308342466898149,0.308816164501454,1.4527086915391862,0.0071848439002057,1.4598277951731826,1.4494085456385757,1.4483408819545398,1.4435674674583203,1.4623987674713137,0.5261643148824072,0.0063983657386136,0.533847172402796,0.5290797042778254,0.5290519078930744,0.5237744107107405,0.5150683791276001,0.3073048871268785,0.0058651498580459,0.3080243456256361,0.3112407207356988,0.3112407207356988,0.3102064417758879,0.2958122067614711,1.4575982404477668,0.0134997346820509,1.4788696838147712,1.4607670560027617,1.4366541775790127,1.4572524663173791,1.4544478185249097,0.5127117402922126,0.0161861526167306,0.5266211801169012,0.537323998429456,0.5031077160140296,0.4986822680004094,0.4978235389002665,0.3030447563669,0.0134180445937211,0.2947058548219174,0.2932038564109843,0.3272789190529268,0.2920108059230352,0.3080243456256361,3.2,0.7483314773547882,3,3,4,4,2
-675,1.4471164307643458,0.0158326170907673,1.434735261287886,1.4507661381947623,1.4764393260798503,1.4395510388403825,1.4340903894188477,0.512987350759084,0.0130962407539702,0.5153799869046346,0.5056370073885113,0.4917933455288438,0.5242379037011434,0.5278885102722867,0.3054532000465769,0.0068730555221113,0.3084325048570253,0.3091444343489627,0.2917173703697335,0.3091602169622683,0.3088114736948947,1.4548840905680802,0.0084192099162687,1.4534912831855542,1.4579497648007942,1.4676417690334898,1.4414963577732895,1.4538412780472727,0.5228768421885969,0.005126176528783,0.5269743819530491,0.5274577920579142,0.5252889400090246,0.5209574769122436,0.5137056200107526,0.3078536876813561,0.0045252910121904,0.307306646123742,0.3112407207356988,0.3112407207356988,0.3102064417758879,0.299273909035753,1.462044340913946,0.014558341649777,1.4844224669716577,1.4695701274004849,1.460120146924799,1.455374786348054,1.4407341769247344,0.5151733216706326,0.0174190190013021,0.5052874363666604,0.5426016778355898,0.5241767296890543,0.4910915324772009,0.5127092319846578,0.3046080836910877,0.0127338423350543,0.3033821518769848,0.2932038564109843,0.3272789190529268,0.2920108059230352,0.3071646851915076,5.2,3.4292856398964493,8,2,1,5,10
-650,1.4377470050890422,0.0088050255617364,1.443822370362036,1.4452763771273427,1.4451674358131958,1.4302301873865817,1.4242386547560544,0.5248072382609986,0.0116514452196671,0.5168488222044525,0.5143935340960227,0.5147226288846252,0.5385843924705922,0.5394868136493005,0.3072339851039961,0.0055700524078419,0.3065572147105269,0.3091763849654154,0.2968617377028081,0.3127484710837033,0.3108261170575268,1.459863625873219,0.0292437088325396,1.4452787601586543,1.44626082796039,1.4375293471596458,1.4526964859528977,1.5175527081345066,0.5230530688592168,0.0060628437491607,0.5311620009535593,0.5243558424768775,0.512406301018921,0.5226165557713861,0.52472464407534,0.2954616949041488,0.0420988245421538,0.3080243456256361,0.3112407207356988,0.3112407207356988,0.3335364476203256,0.2132662398033848,1.464535581704342,0.0242381409708767,1.4620239301161333,1.4593706672841853,1.425160931818413,1.4769440600366304,1.499178319266348,0.5095421842729332,0.0110192817299769,0.5060713585104648,0.5164486845794857,0.5268020788559934,0.4949920658638269,0.5033967335548952,0.3041824647036468,0.0174101101135587,0.2947058548219174,0.2932038564109843,0.3272789190529268,0.322461456665421,0.2832622365669842,10.4,6.56048778674269,4,3,11,13,21
-625,1.4493844044577215,0.0153388885807167,1.4521346030776034,1.4739739980894266,1.4539910579465098,1.4374538819814466,1.4293684811936211,0.5147021369201171,0.01332693054982,0.5073831498322109,0.4929008101844478,0.5204599072843641,0.5212300683758244,0.5315367489237386,0.3057214999484485,0.0042422812729277,0.306131241589646,0.3024530585389708,0.2996732420141931,0.3113761829324064,0.3089737746670264,1.4627770777904625,0.0190534969189379,1.4528391469608657,1.4654318238749648,1.4478177518555613,1.4490163868123835,1.498780279448538,0.521327743273129,0.0062168035695224,0.5290557913522568,0.5258821253290227,0.5228064950412556,0.5172672888083476,0.5116270158347626,0.3091813223728604,0.0023137585807252,0.3080243456256361,0.3112407207356988,0.3112407207356988,0.3102064417758879,0.3051943829913806,1.4616126992485738,0.013261860801885,1.465761459234989,1.4755611925414114,1.4363170609329683,1.4642541878151172,1.4661695957183838,0.5096663579464116,0.0198903114096898,0.4943115214868641,0.5322368691424866,0.5141204518797138,0.4799045770476897,0.5277583701753037,0.3098969460688586,0.0208829144528006,0.2947058548219174,0.2932038564109843,0.3272789190529268,0.2920108059230352,0.3422852941354291,5.0,4.33589667773576,2,1,3,6,13
-600,1.4406909583770122,0.0135560089280812,1.4355553757284103,1.465334338011201,1.444104049623627,1.4269041683256012,1.4315568601962216,0.5202140362036933,0.0109549610496327,0.5231507533097481,0.500331235462818,0.5224304650463091,0.5340097213718727,0.5211480058277187,0.3075206308072494,0.0047865332156903,0.3087655727548408,0.3100367885602689,0.2980457487315882,0.3109144232758198,0.3098406207137296,1.464231063380386,0.0177515748409062,1.46461140386986,1.4690325115666245,1.4354649673808704,1.49096971208399,1.4610767220005845,0.5226444691663291,0.0078447609390912,0.5300387359074475,0.5331479276093475,0.5200218243264567,0.5181021870881578,0.511911670900236,0.3054803667237705,0.0105609123164955,0.318614341363727,0.3112407207356988,0.3112407207356988,0.290426029826377,0.295880020957351,1.4732288042704265,0.0371762021273915,1.5054086952498464,1.4809722430778272,1.4198402202490603,1.517868200937907,1.4420546618374912,0.510627719324874,0.0228671830979927,0.5118848745453093,0.5418941354648373,0.5183878051774294,0.4709440683233952,0.5100277131133996,0.2841503191868924,0.0455396789632853,0.291536079663168,0.2932038564109843,0.3272789190529268,0.1969270438509306,0.311805696956452,9.6,5.0039984012787215,8,1,11,16,12
-575,1.4439156955050438,0.0158594266205386,1.431697895846416,1.4233136779254243,1.4458155324778603,1.4694319607056294,1.449319410569889,0.5171873023959019,0.0159730904959598,0.524333835879575,0.524141401817468,0.5325124414430883,0.4865297034080252,0.5184191294313527,0.3081330313949855,0.0064334305487881,0.311698736948916,0.3144563908120376,0.2961424287189092,0.3071511628207693,0.3112164376742956,1.4678075205196035,0.0143113750004763,1.471552288893497,1.486413244045142,1.4421672748796868,1.470176136854923,1.4687286579247676,0.5253167681055706,0.0050290743180961,0.531984937790004,0.5261665617111788,0.5287536599469572,0.5220135824039849,0.5176650986757279,0.3068544433980887,0.0275236011407364,0.3511085289002343,0.2659043188171516,0.3112407207356988,0.3102064417758879,0.2958122067614711,1.4792651841134734,0.0316094334089814,1.518870953357581,1.5052194812081077,1.4302767045570142,1.481380328987584,1.4605784524570813,0.5170050911460454,0.0100857331727554,0.5123140855213212,0.5065090231540809,0.5086634019460822,0.5248931358464058,0.5326458092623371,0.2805605251066341,0.0372517458621826,0.2478443275553392,0.2276442273762328,0.3272789190529268,0.2920108059230352,0.3080243456256361,8.2,6.493073232299171,9,19,10,1,2
-550,1.441737737360689,0.0106871197300294,1.4394452707054688,1.426699951751945,1.4572776936993157,1.435683445832164,1.4495823248145507,0.5163215385323129,0.0085219851499133,0.5186690444898581,0.5230140160677235,0.5093082988047598,0.5267445502141963,0.503871783085027,0.3077438252356336,0.0044789714469088,0.3086054185569385,0.3102931448665948,0.2989554353692896,0.3096048780472064,0.3112602493381388,1.4492357514121317,0.0093572163993985,1.4540460181958748,1.4387457515254165,1.455886382045168,1.4373505982485684,1.4601500070456304,0.5244937901354185,0.0080137445305441,0.5364059131653541,0.5255206791776054,0.5290701291778388,0.5171164568282451,0.5143557723280493,0.3087246714474244,0.0073238789324352,0.3080243456256361,0.318339642338428,0.3112407207356988,0.3102064417758879,0.2958122067614711,1.458083784941471,0.0124439441300548,1.4819961388905842,1.457361633127386,1.4465752587173923,1.453036546707153,1.4514493472648389,0.4935044192746575,0.0073806131360225,0.498753804761662,0.484537643567116,0.4861075057954994,0.4941661684671677,0.5039569737818425,0.3043005346622204,0.0127136092469827,0.2947058548219174,0.2994827478875863,0.3272789190529268,0.2920108059230352,0.3080243456256361,7.0,5.513619500836088,6,17,2,8,2
-525,1.4421433043234129,0.0081319611808574,1.4431020390127125,1.450429038903148,1.4437504982210927,1.426727251908214,1.446707693571897,0.5207933472265849,0.0120269653897618,0.5324829597359345,0.4976845867375742,0.5270608622259593,0.5234836735989943,0.5232546538344623,0.3071259171825832,0.004537692894144,0.3074238022313676,0.3087938243721731,0.2986851394659428,0.3123474949978713,0.3083793248455608,1.4553631645260434,0.0121422549578039,1.4440491885849924,1.4514595342404917,1.4468559135090222,1.4781827746015606,1.4562684116941509,0.528407076492843,0.0114998949802501,0.5330033411245763,0.5340708945762817,0.5346299727767806,0.5348874194613189,0.5054437545252577,0.3094719548721438,0.0081092813670262,0.3080243456256361,0.3112407207356988,0.3112407207356988,0.3210417805022142,0.2958122067614711,1.460654167695479,0.0201502778361033,1.4584497755224055,1.463884620955496,1.437136794581558,1.4964851538340251,1.4473144935839104,0.5105170193255166,0.0124213618285424,0.5001229412419059,0.5292920689404216,0.5137369306591211,0.4939171860002639,0.5155159697858702,0.296267422327954,0.0226568860012889,0.2947058548219174,0.2932038564109843,0.3272789190529268,0.2581241357283056,0.3080243456256361,7.0,5.291502622129181,4,2,10,16,3
-500,1.4492332193040354,0.0024843668665182,1.4463444849879472,1.452695350057071,1.446420426221238,1.450118391784196,1.450587443469726,0.5163370354167831,0.0122446590727029,0.512468412651889,0.5212531989614121,0.5352580191600325,0.4976020914300132,0.5151034548805686,0.3061894830666983,0.0053885686677404,0.3077657248564141,0.3082761267167293,0.2955244243273361,0.3098979921838762,0.3094831472491361,1.4507903315804225,0.0077994308252885,1.451770908904798,1.449494556947188,1.4385367993152502,1.4510589043299358,1.4630904884049387,0.5262971571945545,0.004193784887384,0.5298129007865886,0.5324672151456864,0.5241677902140384,0.5240063932562765,0.5210314865701825,0.3073048871268785,0.0058651498580459,0.3080243456256361,0.3112407207356988,0.3112407207356988,0.3102064417758879,0.2958122067614711,1.4549708937153674,0.0139933384264885,1.4655514991644658,1.4618785706433384,1.4280018661961411,1.464565732262351,1.4548568003105395,0.5154386070296039,0.0191285484977274,0.4983162942175753,0.5495816564990125,0.5145342567756657,0.4964282768146832,0.5183325508410824,0.3030447563669,0.0134180445937211,0.2947058548219174,0.2932038564109843,0.3272789190529268,0.2920108059230352,0.3080243456256361,4.2,3.919183588453085,3,2,12,2,2
-475,1.445956875368492,0.0114308345795875,1.4380404875450528,1.4418117975451283,1.448515586017333,1.4345563047939969,1.4668602009409482,0.5088444322552406,0.0117033647189171,0.5290715775906926,0.504581143917562,0.5002724157056471,0.5140009572446528,0.4962960668176484,0.3069734394518589,0.00559537524852,0.308074376878488,0.3077050249390683,0.2964531576296916,0.3131032266967367,0.3095314111153096,1.4464177680738044,0.0107526279053385,1.4421610109733811,1.4408466743700432,1.4399047511996643,1.4413027474374482,1.467873656388485,0.5263088270138349,0.0083693906227971,0.5270317541850822,0.5198690312570274,0.5330198422372685,0.53727273128851,0.5143507761012862,0.3073048871268785,0.0058651498580459,0.3080243456256361,0.3112407207356988,0.3112407207356988,0.3102064417758879,0.2958122067614711,1.452864621624802,0.0129910324816255,1.4651431639989216,1.4542840141238589,1.4279107541748972,1.4569092627727624,1.4600759130535703,0.5157330419170056,0.0159560599277851,0.5062148743978914,0.5267554900785325,0.4987277623702917,0.5054340351470676,0.5415330475912448,0.3030447563669,0.0134180445937211,0.2947058548219174,0.2932038564109843,0.3272789190529268,0.2920108059230352,0.3080243456256361,5.4,2.33238075793812,7,5,7,7,1
-450,1.4469371375349378,0.0120212807332047,1.4383503063437866,1.4463663371567874,1.4467028649811893,1.4342500856242228,1.4690160935687036,0.5173988994180692,0.0129120971156798,0.5314615158418655,0.5053919642641408,0.5257799514896497,0.5257264334538957,0.498634632040794,0.3066383922237131,0.004677466294718,0.3060744523664735,0.3085627710223894,0.2979232691267113,0.3114050305554568,0.3092264380475342,1.4514338218804563,0.0202302751779434,1.4464833664171624,1.444545131741148,1.437734441323714,1.4371792258638325,1.4912269440564243,0.5255667751841554,0.0082196946599844,0.5359034701430497,0.5238771115925523,0.5193948809976618,0.5339976926673284,0.5146607205201845,0.3073048871268785,0.0058651498580459,0.3080243456256361,0.3112407207356988,0.3112407207356988,0.3102064417758879,0.2958122067614711,1.4594334147193213,0.0199908437872667,1.4738475228800918,1.4576482014222578,1.4254060008309104,1.4559834256316675,1.48428192283168,0.5142647258981097,0.0148993910112025,0.5048356482892408,0.5323022567478616,0.5098749334747645,0.4938861534176658,0.530424637561016,0.3030447563669,0.0134180445937211,0.2947058548219174,0.2932038564109843,0.3272789190529268,0.2920108059230352,0.3080243456256361,5.6,3.0724582991474434,8,3,7,9,1
-425,1.442092896736774,0.0086980798886,1.4508795295793986,1.4383145374121125,1.454043580084732,1.433913511099275,1.4333133255083537,0.5204133922867037,0.0153038082740514,0.5040768873885578,0.5276337410736528,0.5000524429350051,0.5339272455010214,0.5363766445352813,0.3069860961293207,0.0040564378848677,0.3068703870807631,0.3092912301619527,0.299168841841575,0.3097811144623851,0.3098189070999274,1.4509357329570889,0.0092928865310264,1.4572704416332822,1.4428466847448638,1.4526953227592236,1.4382222601861665,1.4636439554619067,0.5331993236811478,0.0113194542223172,0.5468071273199977,0.534736312721688,0.5204044334720397,0.5439961168468528,0.5200526280451603,0.3073048871268785,0.0058651498580459,0.3080243456256361,0.3112407207356988,0.3112407207356988,0.3102064417758879,0.2958122067614711,1.455948492974946,0.0095046939028007,1.4716823715152163,1.4590322862971912,1.444718559583028,1.4566118103085142,1.44769743717078,0.5073061591634745,0.0214549320047559,0.5068667162738638,0.5123782897349365,0.4717869762039521,0.5063626626980734,0.539136150906547,0.3030447563669,0.0134180445937211,0.2947058548219174,0.2932038564109843,0.3272789190529268,0.2920108059230352,0.3080243456256361,7.0,4.049691346263317,2,7,3,11,12
-400,1.441273605209036,0.0062726988386974,1.4372193776455122,1.4472506402694072,1.450249228280844,1.434304136590859,1.4373446432585568,0.5159688108175268,0.0099416273276834,0.5274622731035983,0.5088429643627959,0.5025502775870501,0.5137754221585608,0.527213116875629,0.3068046035277776,0.0056705718766311,0.3091049440463727,0.3072925976159747,0.2957886011707601,0.3110728007319685,0.3107640740738122,1.4480866251569806,0.0049853562708204,1.443887244571339,1.444591634201281,1.4439965956138845,1.456010417504744,1.4519472338936543,0.5332687682258681,0.0077604966513883,0.5365078288785403,0.5386960432724377,0.526151960989964,0.5427246014492817,0.5222634065391168,0.3073048871268785,0.0058651498580459,0.3080243456256361,0.3112407207356988,0.3112407207356988,0.3102064417758879,0.2958122067614711,1.4537067781795154,0.0149268179847753,1.4668398662046953,1.458346457192392,1.431490912581935,1.4703614422769258,1.4414952126416294,0.5086680891588581,0.017205179175423,0.4971455616542648,0.5179444864601166,0.4921519409078609,0.497893880883943,0.5382045758881051,0.3030447563669,0.0134180445937211,0.2947058548219174,0.2932038564109843,0.3272789190529268,0.2920108059230352,0.3080243456256361,6.0,1.6733200530681511,7,3,6,8,6
-375,1.431802277466686,0.00539915984385,1.4356419118409305,1.4357134902600162,1.4332331935155025,1.4331911261548702,1.421231665562109,0.5324755179386058,0.0146379893950335,0.5374659936906621,0.509018262340859,0.5301198318798037,0.5311848455063394,0.5545886562753648,0.3086420327024017,0.0027660526280535,0.3098708515644283,0.3102564504071868,0.303139009898455,0.3095729245739603,0.3103709270679785,1.448630712971543,0.009843206098081,1.450235872557669,1.4405643687103733,1.4414101044336955,1.4438296989961104,1.467113520159866,0.5403059053110966,0.0033369461261548,0.5382844424302877,0.5419954232310075,0.5349249032689173,0.5418468561871759,0.5444779014380945,0.3097906683892616,0.00161176844408,0.3093803857011883,0.3112407207356988,0.3112407207356988,0.3102064417758879,0.306885072997834,1.4601595466787165,0.0164552588929892,1.488082188548464,1.4571333076014663,1.437375090338967,1.4637771194631404,1.454430027441545,0.5098574159470891,0.0066066266909125,0.4991209832129814,0.5105365596836684,0.5197443987947359,0.511481793692835,0.5084033443512247,0.3091252547394632,0.0174557526059077,0.3005048915627837,0.2932038564109843,0.3341480363891577,0.2920108059230352,0.3257586834113549,16.0,9.444575162494075,7,8,27,10,28
-350,1.431318939838213,0.0046053253134507,1.4384848825710337,1.431733143698309,1.432279514283249,1.4299750229747026,1.42412213566377,0.5368914466620698,0.0057541767536245,0.5309592115261363,0.5363151435622274,0.5303905972172366,0.5421419307566964,0.5446503502480515,0.3081664001106534,0.0010743536295795,0.3069228437080347,0.3090634963814208,0.3081447903550647,0.3070558772806763,0.3096449928280702,1.4578893300258753,0.0216486187033357,1.4486626892378835,1.439384734991825,1.4410968079711453,1.4622264883734963,1.498075929555026,0.5332477056512989,0.0080231520049929,0.5371301810273618,0.523566438717424,0.527223148105625,0.5318496876529804,0.5464690727531033,0.2956713252761537,0.0291835710144778,0.3080243456256361,0.3112407207356988,0.3112407207356988,0.3104988116117724,0.2373520276719622,1.4659119432622734,0.0168108536633235,1.47853709712173,1.4566010959220654,1.4369989561312126,1.4774208249467793,1.4800017421895808,0.5088176498684159,0.014324632931209,0.4853712075006831,0.5059277671561564,0.5054886534544879,0.5207528466826775,0.5265477745480748,0.3081041848906654,0.0127582394746267,0.2947058548219174,0.2932038564109843,0.3272789190529268,0.3114342975128881,0.3138979966546101,14.4,5.571355310873648,7,11,23,13,18
-325,1.4404586634685086,0.0210218047188942,1.4419059188095564,1.4341470273499637,1.4789627335735205,1.4313612635602655,1.4159163740492358,0.5310632822935184,0.0172758000602701,0.5270964267452561,0.5294622725821636,0.5024758796583517,0.5420813613204495,0.5542004711613709,0.3104318165677551,0.0113893883040138,0.3074593163471836,0.3088722876109179,0.2937039178958441,0.3129528939624204,0.3291706670224097,1.4519586259668524,0.0160158327021593,1.443976073554068,1.4357618454730872,1.4757632956360325,1.4381862806551384,1.4661056345159358,0.5286000588250104,0.0096579227328145,0.5224377446020206,0.524014434273139,0.5209024894725669,0.5283887170263512,0.5472569087509747,0.3168154641991614,0.0133266741193752,0.3080243456256361,0.3112407207356988,0.3112407207356988,0.3102064417758879,0.3433650921228853,1.45794404853474,0.0056323644416043,1.4615058609933564,1.4500177773562344,1.465895692507426,1.4587430195374922,1.4535578922791914,0.502911108820385,0.0147221304869953,0.5009757755831746,0.4983624537874874,0.4786762479984766,0.5180281192507534,0.5185129474820332,0.3104821857275995,0.0218610869500227,0.2947058548219174,0.2932038564109843,0.3272789190529268,0.291892129840904,0.3453301685112652,11.0,9.23038460737146,5,10,1,11,28
-300,1.430683659032448,0.0060223182239826,1.421445750698601,1.4257363658590414,1.4354841254421116,1.4368669691774034,1.433885083985083,0.536945073186452,0.0085645724786266,0.5480169118886012,0.545004041534103,0.534026768676163,0.5244066776770652,0.5332709661563271,0.3090999527615064,0.0034980181542568,0.3129380556227686,0.3104437116514758,0.3025041556574465,0.3100712946808378,0.3095425461950035,1.457951239383582,0.012645925454495,1.451527765302947,1.4689981503920122,1.444607871951479,1.447815725297639,1.4768066839738323,0.5280320036858848,0.0100310731575504,0.5211248854454059,0.542793950499346,0.5134082074391589,0.5320181140677915,0.5308148609777221,0.3242313177983622,0.0091527976248204,0.3342792754762347,0.334348332159143,0.3211085832535129,0.3102064417758879,0.3212139563270325,1.4699913899103805,0.0224170761657136,1.499605160770994,1.4909367958704631,1.4379930315595684,1.4613411137551973,1.4600808475956772,0.5124911671773467,0.0083671396494797,0.5092721730793167,0.5061682581634864,0.5229802443778199,0.5217447256103842,0.5022904346557261,0.3167436693757904,0.0228861547101659,0.2884964830694272,0.3303300795853344,0.3475926718388754,0.2920108059230352,0.3252883064622797,12.4,3.3823069050575527,16,15,14,7,10
-275,1.423177494707796,0.003355765417716,1.4226102177629765,1.420997772020163,1.419887729526795,1.4228650368366045,1.4295267173924395,0.5468398383644036,0.006395567556581,0.558360378234153,0.5437633017281378,0.5389842554309133,0.5470174347634948,0.5460738216653193,0.3215197173827245,0.0104924676319506,0.3196281190985313,0.3249510718720554,0.3398764810293713,0.3118880997253032,0.3112548151883612,1.4659456094106038,0.0285951611626495,1.4489261381553882,1.4609771208329634,1.4354528188705444,1.5192705103845308,1.4651014588095923,0.5312056714198857,0.0079422629687021,0.5170598104972564,0.52845933501215,0.5395216919549165,0.5345402508606493,0.5364472687744563,0.3002349553322365,0.05741467162736,0.3190871912333614,0.3431014993908101,0.3401943448497346,0.1880635899102056,0.3107281512770706,1.4794624545357444,0.0326857517805404,1.4792999534895923,1.490508780334935,1.438444921464631,1.5337930700995706,1.455265547289993,0.5157954233534937,0.0079962464527302,0.5218150668484683,0.5239245782870285,0.515405768268299,0.5167443788443252,0.5010873245193477,0.3002816757546295,0.0736856170902748,0.3205817671057712,0.3266460204542514,0.3818290232694868,0.1614376483236771,0.3109139196199607,23.0,8.438009243891594,16,27,36,24,12
-250,1.4355497642890696,0.0218019379920349,1.416156628697189,1.420693250046563,1.4744912877525251,1.4444368967075938,1.4219707582414765,0.5302378028155059,0.0222700277749313,0.549071686269452,0.5486572785432308,0.492878035380781,0.5163263990115338,0.5442556148725317,0.3137497682203863,0.0157448510521159,0.3405392823253524,0.3113609037109255,0.2913925119878381,0.3100651502880871,0.3153909927897289,1.4563371109239984,0.0120591152626488,1.4592989069042783,1.436816591205019,1.4716852939490117,1.4498364347400088,1.4640483278216738,0.5320895772875849,0.0130468637369558,0.5413963215801294,0.5352197790783444,0.5227399962380272,0.5123454959145364,0.5487462936268869,0.3195965136102153,0.011919828899603,0.3384468497502496,0.3091328254228586,0.3112407207356988,0.3102064417758879,0.3289557303663817,1.4707123705835057,0.0192910358412179,1.5090817682670823,1.4612222187446826,1.4632683089285186,1.4625734452045325,1.457416111772711,0.5092831999556859,0.0077450086374904,0.5054773362917742,0.5117643054347298,0.5202437217276561,0.4969577118898103,0.5119729244344586,0.3095985907673105,0.0139811337502633,0.3097497829655634,0.2961466112059289,0.3272789190529268,0.2920108059230352,0.3228068346890981,14.2,10.322790320451151,27,19,1,3,21
-225,1.4538010835647586,0.020751064871829,1.4277843212343984,1.4679665061616407,1.4775973718190931,1.465687754227943,1.4299694643807166,0.5175272142985723,0.018892767449875,0.5372389714142972,0.5127138150218643,0.4917980673199713,0.5048827206149805,0.5410024971217482,0.3027871863650644,0.0086838360828719,0.308306077039711,0.3067222402574096,0.2857935773712844,0.3039210912569252,0.3091929458999919,1.4683807243000375,0.0080167675179561,1.4689936421134255,1.4798946597359397,1.4604314637906624,1.4586604291742498,1.4739234266859111,0.5249025456487519,0.008501726617043,0.5258485839607441,0.5198956791779885,0.5189357680312845,0.5187459814195214,0.5410867156542212,0.3235436100944244,0.0164126441352816,0.3339582561990005,0.3112407207356988,0.3112407207356988,0.3102064417758879,0.351071911025836,1.4786210551406398,0.0218274034030217,1.5136249282143333,1.4922200296864363,1.4520350947524563,1.4709882230469675,1.4642370000030056,0.5118130576668521,0.0124389723101291,0.514953879226741,0.529711611295923,0.4931714401628744,0.5174344667381685,0.503793890910554,0.3069232708180942,0.02478294702485,0.2778065524184675,0.2932038564109843,0.3272789190529268,0.2920108059230352,0.3443162202850571,5.6,5.642694391866353,12,1,1,1,13
-200,1.431775130684843,0.0094938905598932,1.4212342168866974,1.428325896410598,1.4335591829929155,1.44905817140009,1.4266981857339132,0.5343702808191123,0.0159402862654981,0.5561509655745005,0.528410247790562,0.5436641328345597,0.5084190270325698,0.5352070308633698,0.310300517497235,0.0027543737715626,0.314848987841122,0.3074936096475663,0.3078711499746921,0.3119146947422194,0.3093741452805752,1.4568658835960158,0.0077798387844566,1.452835343100808,1.4687849319342412,1.4565970825426506,1.4606460983102971,1.4454659620920818,0.530817488196011,0.0102035064654109,0.5252661803480009,0.5300359544738367,0.5370446458586873,0.5158645507620401,0.5458761095374904,0.3192254341414834,0.0123421023040104,0.3294358046098129,0.3255821192138121,0.3313754328865337,0.3102064417758879,0.2995273722213705,1.476433444745613,0.0236522331225737,1.4972636013319998,1.50767863519264,1.4638415105415112,1.471674337531581,1.4417091391303325,0.5062913571889447,0.0172938502909018,0.533704059825258,0.4925822008656542,0.5194232730564251,0.4894479271243182,0.4962993250730675,0.3074993191042531,0.0386214521037742,0.3024942730348363,0.258350297534877,0.3766168734028808,0.2920108059230352,0.3080243456256361,15.6,7.031358332498778,21,17,21,2,17
-175,1.4359663024391094,0.0203618373040809,1.418317685422209,1.4224090711357666,1.4748844363025784,1.4361960543799646,1.428024264955029,0.5253044942794656,0.0212138321029536,0.5379374079347241,0.5391002292191116,0.4835776555112933,0.5283669692792823,0.5375402094529161,0.3107278625209769,0.0091760519269812,0.3220269285187999,0.3178466960545748,0.2953545407677349,0.3082892732230011,0.3101218740407739,1.4574491161288636,0.01918199902431,1.4444921703049631,1.4447631402449177,1.4634210955012927,1.4419686685908923,1.4926005060022527,0.5284865644790646,0.0144942535686259,0.520771805049392,0.5324885705783596,0.5255589875343218,0.5100781117724902,0.5535353474607592,0.302687968616436,0.0150634894337688,0.3100839373300608,0.3101722205052374,0.3112407207356988,0.3093579924731005,0.2725849720380826,1.4669597683530866,0.0100927517588438,1.4753609823458125,1.461354060606523,1.453353181029811,1.4633172461480806,1.4814133716352058,0.5093810495700313,0.0120581524118179,0.5099223805567407,0.5263027844520715,0.4996360169852599,0.5180840265658647,0.49296003929022,0.3087199715532788,0.014849220038484,0.3082021382682242,0.3187861418312518,0.3272789190529268,0.3060999746205561,0.2832326839934351,13.8,7.652450587883598,21,19,1,9,19
-150,1.4328182869350787,0.0081485446786531,1.4443368850295075,1.431828104343611,1.4320806424642347,1.4365791598546136,1.4192666429834269,0.5308889594915492,0.0151095206002458,0.5053252439062647,0.5334899878886094,0.5448925157864649,0.5243008567440436,0.5464361931323637,0.3115830824395302,0.0066658112939404,0.3066846577627533,0.309755421352602,0.3059460061891276,0.3111832587514223,0.324346068141746,1.4470155622019911,0.0066464080967861,1.456614104184237,1.4438841126181865,1.4527370171113447,1.43847994370894,1.4433626333872478,0.5272989181287125,0.0106460551529864,0.517722450327549,0.5158274615833861,0.5409429977705761,0.5229441651957273,0.5390575157663244,0.3180827055401348,0.0101685522036389,0.3080243456256361,0.3112407207356988,0.3303327807896534,0.3102064417758879,0.3306092387737979,1.4583556110208684,0.0127560699314537,1.4774275945894646,1.464746103142247,1.4577683968977495,1.452963316079342,1.4388726443955393,0.5148574571504312,0.0073431994645393,0.5033400992709237,0.5141988090662033,0.519415755845987,0.5120808448538974,0.5252517767151443,0.3120296368896681,0.0239338687873975,0.2947058548219174,0.2976295224881846,0.355468942166493,0.2920108059230352,0.3203330590487102,13.6,8.5463442476886,4,11,21,6,26
-125,1.4282076619335056,0.0078577223148357,1.420485639080559,1.423975915023961,1.4422723534180946,1.4232064350364135,1.4310979671085005,0.5412940856374115,0.0090264435052409,0.5442622571711575,0.5407690997378202,0.5242298190553777,0.5489367114114511,0.5482725408112512,0.3126387082824098,0.0099266043302311,0.3284411501255228,0.315054166302768,0.297525725168159,0.3096874558968193,0.3124850439187801,1.4550546537746083,0.0146335086046425,1.4393915804949673,1.4693390745105166,1.441509243213769,1.4497401569828845,1.475293213670904,0.5385333863838264,0.0079874886489555,0.5489675820428692,0.5296492376602558,0.5380099392935274,0.5299454847213748,0.5460946882011048,0.321662395402383,0.0156870498520848,0.3212539393484926,0.3428496823752963,0.3112407207356988,0.3340778937511607,0.298889740801267,1.4674383712537362,0.0188311103433393,1.4753628427332095,1.494190255800883,1.4359903480067395,1.4662735245444558,1.465374885183392,0.5152433271786048,0.0111593206094149,0.5276474780426683,0.5263963054400148,0.5112859550794363,0.5137097739640434,0.4971771233668609,0.3222621364406984,0.0092724277479865,0.3183600882681053,0.3217288248705747,0.3272789190529268,0.3359185043862487,0.3080243456256361,16.0,5.176871642217914,20,14,11,24,11
-100,1.4413193941116331,0.0139999223083438,1.4667487574606826,1.446120896290258,1.431822082431046,1.4293490082947249,1.4325562260814548,0.5275348077054985,0.021501731685021,0.4927448314288431,0.5127987093075476,0.5500251148390203,0.538518228641343,0.5435871543107387,0.3078562903791638,0.0038265562748285,0.308418892645637,0.3091462348110996,0.3004076773308138,0.310439415394788,0.3108692317134806,1.4489628582289726,0.0099536049965125,1.4624770265637022,1.447899417443709,1.4332674272132642,1.4451081210916692,1.4560622988325176,0.5299354083200812,0.0091351954200827,0.536019550548629,0.5205305577213855,0.5266974712082763,0.5218173887534067,0.5446120733687085,0.3089644464436833,0.0052670401501772,0.3080243456256361,0.3112407207356988,0.3112407207356988,0.3149343730039969,0.299382072117386,1.452640717679804,0.0175510734661058,1.4727926109776353,1.4617700829650415,1.4218048146276765,1.4604428320220022,1.4463932478066646,0.516993479110996,0.0184096866954241,0.4992523084180829,0.5322026088591527,0.5220855953273944,0.539370463853398,0.4920564190969519,0.3081115823311887,0.0131406607999945,0.2947058548219174,0.2932038564109843,0.3272789190529268,0.3177943611626149,0.3075749202074997,9.4,6.406246951218788,1,3,18,13,12
-75,1.435019361358328,0.0180659434023979,1.4262705181062836,1.4132157908272498,1.4373185499427246,1.4675245616853851,1.4307673862299968,0.5305106245505984,0.0200605612452026,0.546324064950408,0.5433315455322697,0.5409907117233828,0.4919417274740412,0.5299650730728901,0.3152955924233013,0.0166844260354659,0.3185202895882726,0.3455517667516291,0.2970840521320221,0.3046793864139327,0.3106424672306502,1.4526252818830083,0.0101086198663652,1.4427601099014282,1.4576140931158357,1.4412108984860508,1.46869936133876,1.4528419465729685,0.5295565665424059,0.0123503837340458,0.5286155701841594,0.529764124912488,0.5446101710353098,0.5076895674903656,0.5371033990897062,0.3148988454072366,0.0129728529794793,0.3229001216348862,0.334334736128239,0.3112407207356988,0.3102064417758879,0.2958122067614711,1.462867584373012,0.0220378807433867,1.472743890502236,1.4876424327041164,1.4305272102355957,1.4799938346400403,1.44343055378307,0.4964015231026589,0.0198893139245721,0.5246904137524422,0.4785444085182079,0.5129365653929601,0.4723878267298418,0.4934484011198425,0.312785630239233,0.0119879676563037,0.3187966653030777,0.3182153338712259,0.32688100047319,0.2920108059230352,0.3080243456256361,14.0,8.318653737234168,16,27,14,1,12
-50,1.422997041338498,0.0079250241315588,1.4104186443938422,1.417940085696191,1.4314264194252564,1.4247007382284735,1.430499318948726,0.5432459094431945,0.0059973372462712,0.5490332014475342,0.5349380422884535,0.5371108931267091,0.5486293584812042,0.5465180518720709,0.3251049716668291,0.0173497929880615,0.352246739123949,0.3384380487700376,0.3066879326780986,0.3160971304185458,0.3120550073435148,1.4490948966055206,0.0109935933773422,1.4502053080183086,1.4427155184023308,1.4376067717870076,1.469514807065328,1.4454320777546277,0.5360089489876483,0.0118023917597424,0.5533615212682174,0.533897233938205,0.5284240418343857,0.5198506546355605,0.5445112932618729,0.3214307699661037,0.0146518273009542,0.3331263205848738,0.320111007028082,0.3200418676580582,0.3380624477980335,0.2958122067614711,1.4643347928018282,0.0271532150872264,1.5064732920039785,1.4592607924432466,1.4360166173992734,1.4828190008799236,1.4371042612827185,0.5017516027316711,0.0109338685773919,0.5059232143943431,0.4844571306002612,0.4957421043497687,0.5168904229929513,0.5057451413210312,0.3211786926600041,0.0221992699568913,0.2918218988250038,0.3120334622478208,0.344624216276622,0.3493895403249377,0.3080243456256361,21.6,8.284926070883193,37,19,19,21,12
-25,1.43111265025188,0.0151935663905128,1.4374942115901672,1.423929336144752,1.4574648633445662,1.4228676422355102,1.4138071979444051,0.5349453101356983,0.0154875846148678,0.5278821133956797,0.5477482290894672,0.5083321242355598,0.5399317898196039,0.550832294138181,0.3160559647395026,0.0156274060909662,0.3080900320257778,0.3123768929346374,0.2985515053821467,0.3162634468920425,0.3449979464629082,1.4558400876594313,0.0066044284646463,1.4497408252773862,1.4495571490490076,1.4528746352051245,1.46078931201588,1.4662385167497578,0.5250590185582025,0.0077798594785768,0.5282583863572985,0.5199090612479704,0.5179751392607017,0.5202252932873798,0.538927212637662,0.3238669837793384,0.0155412866716634,0.3080243456256361,0.3208919285523626,0.3112407207356988,0.3274639031560309,0.3517140208269635,1.4620244604168515,0.014000485045273,1.4786304813442808,1.4683478203686802,1.442780321294611,1.4721650716030237,1.4481986074736624,0.514427234142525,0.0148331009487985,0.507371644111797,0.5056523597623955,0.4970293514411197,0.5387413037797448,0.5233415116175677,0.3204574270701515,0.015538828758241,0.2947058548219174,0.3121078725744067,0.3272789190529268,0.3288154136539151,0.3393790752475917,16.6,11.447270417003349,8,16,2,22,35
0,1.4232937498190967,0.005581154597258,1.4287575778272965,1.4149449572120745,1.4222523551626305,1.420388766170777,1.430125092722706,0.5441175210962834,0.0079530209426198,0.537527327344999,0.5330154010060677,0.5494520921907389,0.5550266374279892,0.5455661475116225,0.3284201813417987,0.0175808296868221,0.3110716645128497,0.353992237667611,0.3446887390061326,0.3197747841839201,0.3125734813384803,1.4532509355834036,0.022757179686907,1.4406822233489065,1.439334006020517,1.4291271368662517,1.49225195610162,1.464859355579723,0.5319358105002401,0.0053016591353759,0.5332018315922117,0.5220499149164377,0.5381112227059315,0.5333590306915622,0.5329570525950571,0.301300398358688,0.0152817989825191,0.3089412451856496,0.3112407207356988,0.310991687033689,0.2711617484459588,0.3041665903924435,1.460954383647803,0.0271607993357907,1.4624376369245125,1.45738993991505,1.4249722813114976,1.5087481664888789,1.4512238935990769,0.5138418334610927,0.0114757378403071,0.519254489630157,0.5084104397303314,0.5007955788695658,0.5334913822056135,0.5072572768697959,0.2903413295807336,0.046419607867429,0.3101566588248671,0.2920872220101884,0.3395446516391794,0.20274111380167,0.307177001627763,21.8,8.44748483277715,13,21,35,27,13
25,1.4295374132923242,0.0032193138728952,1.426729264947557,1.4279867041971266,1.4347210495742326,1.431800775921222,1.426449271821484,0.5405302982334842,0.0098904363665068,0.5525716173092818,0.5286545822494805,0.5300621922801069,0.5501774165175153,0.541185682811036,0.3110815262701197,0.0036123789953763,0.3138911156167199,0.3158343715195832,0.3057417313114559,0.3085955053766651,0.3113449075261742,1.4381995309482922,0.0036430531902222,1.4385760083343044,1.4359468799648862,1.4337977640556567,1.4380172671693745,1.444659735217239,0.534770942377109,0.0163024100073499,0.5525687558480499,0.527729494444178,0.5234904748755486,0.5145988011995125,0.5554671855182565,0.3076712367171749,0.0051493837942058,0.3080243456256361,0.3112407207356988,0.3112407207356988,0.3102064417758879,0.2976439547129529,1.443849955183087,0.0119440337058976,1.4551354177070386,1.450875972256516,1.4231689843264492,1.452316984985814,1.437752416639617,0.5194909184534371,0.0116875621821873,0.5110323063490715,0.5221342573072141,0.5273163255611827,0.5349358192196699,0.5020358838300474,0.3030447563669,0.0134180445937211,0.2947058548219174,0.2932038564109843,0.3272789190529268,0.2920108059230352,0.3080243456256361,13.6,1.2,13,12,15,13,15
50,1.4267743233552914,0.0144035115893298,1.409390249203161,1.414183668254577,1.4325454861847395,1.450064548512095,1.427687664621884,0.5391472767785503,0.0147617791028988,0.5557521796073616,0.5377515653739718,0.5454387067163822,0.5119476598356314,0.544846272359405,0.3276479334554825,0.027439760250182,0.3733129374069899,0.3451227260896597,0.301114695981194,0.3092795632568068,0.3094097445427621,1.4736901861248597,0.0105109170797389,1.4794606548367124,1.460346615675724,1.4894126473051128,1.4641088789159602,1.4751221338907878,0.5322918520808144,0.0135091524563885,0.5451916033225712,0.5315004018549323,0.529133043480508,0.5091699714300526,0.5464642403160078,0.3085775046036056,0.0424390234593443,0.3181478690682291,0.3352029591415301,0.2284816429220734,0.3102064417758879,0.3508486101103074,1.49104758681673,0.0218153672249542,1.5268433383016875,1.488359241774588,1.5006640535412412,1.4762372573216755,1.4631340431444573,0.5080639640365618,0.0092382571351396,0.5174891751825371,0.5070385384288781,0.5195145602198483,0.5002251446015735,0.4960524017499714,0.2771204244762575,0.0640919073272142,0.2447329598003714,0.3292968492471949,0.1704933415755414,0.2920108059230352,0.3490681658351446,18.2,11.034491379306978,36,22,15,2,16
75,1.4240697260984438,0.0084035076628246,1.415510985040173,1.4172790578960144,1.4388647804555206,1.4270563494298876,1.4216374576706248,0.5453021457634705,0.0034412849850009,0.5496823023644755,0.5402012176173159,0.5426491485765439,0.546189836743714,0.5477882235153034,0.322660459839493,0.0213802365343568,0.3529661670806438,0.3428330811834241,0.2972656083578109,0.3107158538016405,0.3095215887739454,1.449042601296396,0.013634726037427,1.4562072428790005,1.4295869812820896,1.4376640970056709,1.4675886378143772,1.4541660475008416,0.5400604364054233,0.0086208607212099,0.5542926229702111,0.5419090992807067,0.5344445207939168,0.5285300499593651,0.5411258890229169,0.3295797328848967,0.0138981839491695,0.3429807136583436,0.3124551491247205,0.3129591210954036,0.3419622313116723,0.3375414492343433,1.4595296173384695,0.0259958909894108,1.5006395722880508,1.449558380878333,1.4288024830095696,1.4772853995814468,1.4413622509349475,0.5171056564358768,0.0216710889052823,0.5310653968213958,0.4941482744455309,0.5073989009592589,0.5525070046292123,0.5004087053239858,0.3250586456280461,0.0259529936137503,0.3034951872635844,0.2940856516566076,0.3440201479816532,0.3644326552219553,0.31925958601643,18.0,4.242640687119285,23,20,12,14,21
100,1.4316700569133167,0.0034892331136834,1.4269688362927782,1.4317838285387177,1.43715858705265,1.4332479865280623,1.4291910461543762,0.538513833884446,0.003623106762035,0.5348356778158246,0.5334884824329215,0.5406456137225877,0.5412025226558385,0.5423968727950578,0.3101765136453172,0.0064203530640605,0.3210074012850362,0.3107864520569542,0.3009408123248559,0.3084844391995952,0.3096634633601445,1.4465000521052966,0.0060218901964059,1.4561859983386416,1.4431371905586936,1.4405040740966797,1.4418540795644124,1.4508189179680564,0.5350792856454515,0.0092597815610422,0.5407828974577891,0.5325646946173996,0.5360881635744423,0.5191956635402887,0.5467650090373376,0.3225812321326941,0.0104453799146781,0.333322309541973,0.3234004002285554,0.3112407207356988,0.3102064417758879,0.3347362883813557,1.4578716993331908,0.019478908850084,1.4913725166609793,1.463669990048264,1.4354392145619248,1.4563578042117031,1.4425189711830833,0.5145967831550438,0.0132230605064282,0.5074351550164364,0.5119276681922053,0.511185337490268,0.5401456060114678,0.5022901490648418,0.3156371293907493,0.0133850742080361,0.3259818374992467,0.3105047597625479,0.3290098314136494,0.2920108059230352,0.3206784123552673,11.2,1.7204650534085253,12,8,12,11,13
125,1.4290035387904374,0.0089005440999967,1.4196067065307774,1.4234653428657769,1.4452076130306597,1.4309909515774126,1.42574707994756,0.5356865565109061,0.0074182919035445,0.5431287617196464,0.5229960026730124,0.5319325357295068,0.5416203436069889,0.5387551388253762,0.3167465407696304,0.0123006805733456,0.3315981218115432,0.3266420928021921,0.296194289583052,0.3127985921249601,0.3164996075264044,1.4567545890808105,0.02007024823108,1.444286610140945,1.454076434626724,1.4423592740839175,1.446950146646211,1.4961004799062556,0.5306133349047206,0.0128078305785536,0.5306082427875097,0.5344145863758726,0.5336323962088596,0.5075408480886445,0.5468706010627165,0.3085934387179855,0.0308709720738458,0.3415167132235722,0.3286036287426675,0.3112407207356988,0.3102064417758879,0.2513996891121008,1.4649546796625312,0.0190798640216753,1.4745282837838838,1.4748011899716926,1.4306118813428013,1.459361762711496,1.4854702805027815,0.5144334647805879,0.0128006915043454,0.5267804690258743,0.5054293005750695,0.5168867538467474,0.5283125997037825,0.4947582007514656,0.3180651574988505,0.0163973252922667,0.3414013724448034,0.3120820894628769,0.3272789190529268,0.2920108059230352,0.3175526006106102,12.6,2.33238075793812,16,13,10,10,14
150,1.4226376811253654,0.0060174223800387,1.4269745853758349,1.416513395063656,1.4205343932220615,1.4320909706587643,1.417075061306511,0.552403005113967,0.0083304929686651,0.5459737278142723,0.5430446309608871,0.5574619009488053,0.5495538189432415,0.5659809469026291,0.3316350840381614,0.0176578174409482,0.315180678280943,0.3532059918407774,0.350052548161255,0.3096991706979388,0.3300370312098928,1.4627773414958607,0.0275273616169581,1.50098645325863,1.4333420450037175,1.455355275760997,1.4355835047635166,1.488619428692442,0.5373983681681437,0.0154118665828328,0.5376456023106364,0.5252045331650124,0.5419956148422369,0.5188161784494829,0.5633299120733497,0.2996042924592579,0.0468653111750859,0.2149787605815605,0.3127278954453775,0.3590479765008218,0.3102064417758879,0.3010603879926415,1.477392309362238,0.0339751930713094,1.5416622414733423,1.4521035317218665,1.4777597080577505,1.4470612749908909,1.4683747905673403,0.5159086282318166,0.0122095368196697,0.510742535235277,0.5192113533388631,0.518455674822095,0.5342890521281144,0.4968445256347336,0.2771209738010124,0.069433131368163,0.1423965219659139,0.2938595328074098,0.3203673353213711,0.2920108059230352,0.3369706729873319,19.2,7.440430095095309,11,19,29,11,26
175,1.428678182228324,0.0063582086907866,1.429630541309868,1.425167217697065,1.4406817647599683,1.423631317836722,1.4242800695379985,0.5436036068195474,0.0124457254317841,0.5435812162361552,0.5270722343601155,0.5325921355248204,0.5574863708041664,0.5572860771724799,0.3167517357317335,0.0144648133497803,0.3115672962976317,0.3399795393693852,0.2964548843111607,0.3235900278271834,0.3121669308533064,1.4502394098224063,0.0155092162026906,1.476805051167806,1.4389960079482107,1.4461465640501543,1.432567961288221,1.456681464657639,0.531035540890528,0.013414007124336,0.5210800251371971,0.5245240005996668,0.5340188699478742,0.519634089006214,0.555920719761688,0.3156269758207658,0.0144175678214696,0.344419276290431,0.3079218174167955,0.3079218174167955,0.3079218174167955,0.3099501505630116,1.4601943333943683,0.027876167142905,1.513783816135291,1.460739543943694,1.438824989578941,1.4406620047309182,1.4469613125829983,0.516644669060226,0.0183990983208283,0.5153503193469086,0.5071755141627609,0.5479531867583166,0.5206903641776485,0.4920539608554953,0.3049730702244311,0.0143137301783542,0.3006537120495366,0.2897810075207423,0.3285120591823656,0.2926451192193835,0.3132734531501275,12.4,2.65329983228432,9,11,11,16,15
200,1.4206060367761195,0.0068772566790098,1.42053265547015,1.4191566791731058,1.4332952290466152,1.4173698118052531,1.4126758083854754,0.5501367505503325,0.0152162709580034,0.5324259984996802,0.5444966352198805,0.5433127381333771,0.5527669829108331,0.5776813979878914,0.335837031332121,0.0052181259900093,0.3374235037076706,0.3374825489399642,0.3298775233724024,0.3304301123939456,0.3439714682466224,1.455955823985013,0.0201793747818196,1.4917666153474287,1.4469743822560166,1.4476481387109468,1.431991028063225,1.4613989555474485,0.5346411752892793,0.0092717507620195,0.5307495211295766,0.5377576012956463,0.5382036478741783,0.5193120919915248,0.5471830141554704,0.3115663841676093,0.028076392126256,0.2636615700137489,0.3128714095695252,0.323099703118927,0.3079218174167955,0.3502774207190498,1.4675805843237677,0.0342564231738076,1.5338972228946108,1.467291438218319,1.4487674525289824,1.4446807341142134,1.4432660738627117,0.516056615459562,0.0121764720167851,0.5179315693355616,0.51504816175642,0.5220717754966365,0.531013327976848,0.4942182427323441,0.2927944750358019,0.0594694720300094,0.1814307273588052,0.2998536954932487,0.3570437071298839,0.3005502753652466,0.3250939698318253,20.6,6.651315659326356,17,15,16,22,33
225,1.4187368700184773,0.0067800275119362,1.4153293997971053,1.4157136125662892,1.432186898496962,1.413894108890258,1.4165603303417718,0.5532859046107308,0.0120327981370253,0.547080369965552,0.5410104220876221,0.5439717878526417,0.5727380875664251,0.5616288555814137,0.337475780088971,0.0123354807392589,0.3501657474314121,0.3523154013975462,0.322233152857584,0.3373218067975608,0.3253427919607518,1.4578469594319663,0.0143504918528215,1.4355161984761555,1.471994743202672,1.4464210669199626,1.4696583206003362,1.4656444679607044,0.5356654476950442,0.0103913714110615,0.5391268418975541,0.5307962559873239,0.5351967511509347,0.5207570479152156,0.5524503415241926,0.3385752474696066,0.0131930421240511,0.3134238132186028,0.3431628698989874,0.3386296811889326,0.3506076625818413,0.347052210459669,1.469434087926691,0.0196647853515288,1.4590533502174146,1.501054174972303,1.4533148100881863,1.4835022001555471,1.4502459042000049,0.5280773290974662,0.0143788357082358,0.508467252737836,0.5283507134307008,0.5278438765637015,0.5529881239827592,0.5227366787723337,0.3236986172981116,0.0194300159026099,0.307888821334204,0.3031089855999921,0.3584097876112401,0.3226121298728787,0.3264733620722432,21.6,4.31740662898458,21,20,15,28,24
250,1.4259507159596867,0.00729010410592,1.41347596202929,1.4273621753319023,1.4359196891489716,1.4285149525121317,1.4244808007761376,0.5426251094448118,0.0117810641985694,0.5479214127245231,0.5300378182449587,0.5317960772758182,0.5623162327504886,0.5410540062282708,0.3226826088847426,0.0180638552803777,0.3571722132542669,0.3211425866096292,0.3048993799514294,0.3130552338818536,0.3171436307265339,1.4829067121852528,0.0129129138170831,1.4915311697757605,1.4995574987295903,1.4741011785738396,1.463076089367722,1.4862676244793516,0.5250783490238,0.0050982239544777,0.5270913283748144,0.5210173064231616,0.5284665919974073,0.5174427350148486,0.5313737833087678,0.308076242985296,0.0308473182004167,0.3004451315543496,0.253267013917365,0.3287501381585736,0.3430284355622817,0.31489049573391,1.4992863120454731,0.0287667453631049,1.5429163123622085,1.521500851168777,1.4888964530193445,1.4784511977976018,1.4646667458794334,0.5161018243643813,0.0110439050929686,0.5220428311529837,0.5034375093169524,0.5303588310654788,0.5218879384281401,0.5027820118583519,0.274686108947151,0.0701840266312603,0.1948096701132809,0.1863724746369121,0.3047263362166624,0.3422880632778193,0.3452340004910805,14.8,4.995998398718719,24,10,12,12,16
275,1.433716239880041,0.0190998321395759,1.418875074878181,1.4347700163261177,1.427105188369751,1.4699048147988074,1.4179261050273462,0.5332224388495374,0.0142712486548341,0.5397702781817988,0.5204192148127534,0.5433209205354828,0.5125634690365409,0.5500383116811111,0.3237328039174554,0.0129319914366083,0.3371335427949414,0.3079224766394669,0.3309815454399913,0.3082292140892277,0.3343972406236495,1.4580188303282766,0.0156980411797657,1.4509302522196914,1.4496726484009714,1.4388779365655149,1.4667007272893733,1.4839125871658323,0.5305292209152821,0.0127935632126425,0.5271996761199745,0.5384656434764272,0.5287609448094784,0.5099116389553323,0.5483082012151976,0.3182802409743727,0.0144506056091595,0.3441074927445068,0.3079218174167955,0.3070820911376613,0.3079218174167955,0.3243679861561041,1.4657027165095011,0.0189562574471374,1.485386469147422,1.4700787211909438,1.4302512298930774,1.477246884143714,1.4655502781723484,0.5166234061058174,0.0077533358787703,0.5188341791988861,0.5222299581914409,0.5265968706329576,0.509534118729575,0.5059219037762274,0.31691867860987,0.0232034280508396,0.3216247506218349,0.2894513263010272,0.3372120284158412,0.290761701710966,0.345543585999681,12.8,7.858753081755401,14,7,21,1,21
300,1.4303383986974498,0.0101603867761218,1.4299854482572103,1.4245555228793745,1.424275362614504,1.450065642288051,1.4228100174481106,0.5300466904229284,0.0111124928401308,0.5350423887090336,0.5230558663903547,0.5370812879822107,0.512012039713461,0.5430418693195822,0.325132949098829,0.0128549970662989,0.3151548455618911,0.3297837432478798,0.3463854550491232,0.3092146183083233,0.3251260833269275,1.4788359454183868,0.0210539192935079,1.496633843942122,1.486212802655769,1.4545824672236587,1.453310402956876,1.503440210313508,0.5343017709902408,0.0117410615089416,0.5374137132268705,0.5212465802447124,0.5454468769250624,0.5198407409074663,0.5475609436470923,0.3010733052852856,0.0405694689017204,0.2358042387665436,0.323374133949613,0.3563676388689754,0.3079218174167955,0.2818986974245007,1.4889408415014094,0.0267153711687083,1.528745412826538,1.5125760381872004,1.4623913728829585,1.466011972138376,1.474979411471974,0.5198732093459064,0.0135639968536166,0.5230066119460385,0.5283774500412606,0.5378981355625834,0.499002978017078,0.5110808711625717,0.3019604329078088,0.0497451497783323,0.2233044333769438,0.2848448301257231,0.3602649256286825,0.290761701710966,0.3506262736967285,12.6,7.657675887630659,9,11,25,2,16
325,1.4310416091348706,0.0093241864082748,1.4349633098877583,1.418163064828853,1.443218264383139,1.436503163318044,1.4223602432565592,0.5390278177832741,0.0058684663534544,0.5354449779990497,0.536473381531457,0.5333284577591575,0.5399313117920489,0.5499609598346574,0.3178618869694072,0.0177804773865788,0.308498549921711,0.349731062244149,0.2987239312143928,0.3089157903901538,0.3234401010766295,1.47191299236182,0.0278614855790906,1.4439729632753315,1.513482776555148,1.4678144418832026,1.4415505185271755,1.492744261568243,0.533675442077903,0.0048734955262153,0.5344939280698512,0.5312713357981887,0.5288634345354757,0.5310140124237519,0.5427344995622474,0.2936326453879395,0.0436239561436544,0.3079218174167955,0.2142567779400939,0.3465646991963137,0.3079218174167955,0.2914981149696988,1.4772638819434425,0.0290526269344824,1.4609593044627796,1.5344607866171636,1.4688165223959722,1.4545124371846516,1.4675703590566462,0.5188408865951041,0.0225932624518105,0.5249845320017261,0.5295547953797327,0.5389973120309746,0.4747561086589943,0.5259116849040925,0.2987012510518847,0.0542683261084108,0.2916755517916144,0.2073028600330497,0.3692407982732035,0.290761701710966,0.3345253434505899,10.8,4.308131845707603,7,17,8,7,15
350,1.4328379758854504,0.0049329748862148,1.430458323242738,1.4402530316225033,1.4369314810664384,1.4271333156172763,1.4294137278782952,0.5329276655700376,0.0071029587364585,0.5361792591942044,0.5213080921676226,0.5283489915883188,0.5384261617756902,0.5403758231243516,0.3145235167884942,0.0041556841255168,0.318336546022354,0.3081255529384983,0.3113784163293962,0.3158773904693396,0.3188996781828828,1.4714701146790474,0.0247682250191296,1.444441972356854,1.448735970439333,1.4631895260377363,1.4947076421795469,1.5062754623817676,0.5367670329384066,0.0073371395271751,0.5280314276867923,0.5405597365193523,0.5278082155156086,0.5446076610363312,0.5428281239339483,0.2871315436563818,0.053552362585584,0.311971406227308,0.3079218174167955,0.3532765357454048,0.2677681070316927,0.1947198518607081,1.4823571277387215,0.0177566113997204,1.4690320202798557,1.4695341261950403,1.468189669377876,1.51302940195257,1.492000420888265,0.5217891115221347,0.0123220091411688,0.5187108948944439,0.5107064321631736,0.5072683449706366,0.5345991255624951,0.5376607600199239,0.2804008100219671,0.0603707699633861,0.2997151468394092,0.28924161959436,0.3622978181932978,0.1753293158679325,0.2754201496148362,9.0,2.0976176963403033,9,5,11,10,10
375,1.4219370252078345,0.0086607084958769,1.4234987005745012,1.4150060501295267,1.4349653991227298,1.4260287530643423,1.4101862231480706,0.5362729287236382,0.0083091607953562,0.5306901077755812,0.5315446469329701,0.5268449376060053,0.5441445645506705,0.5481403867529642,0.3333656559971012,0.0198605165384818,0.330077588433818,0.3499353636236031,0.3089632927112212,0.3162376570427751,0.3616143781740886,1.473652167031259,0.0159462936717674,1.4531178185434053,1.4894477851463086,1.4560158252716064,1.489249800190781,1.4804296060041948,0.53945042841105,0.0085943426909226,0.5318587422933049,0.5442659138794326,0.5311582283830405,0.5360830641412928,0.5538861933581788,0.315763656764911,0.0207141785828918,0.346856956141339,0.3141481672204397,0.3108540308527444,0.2828630587712153,0.3240960708388166,1.4843821915713225,0.0264154895165062,1.4854634530616528,1.514636213129217,1.4521191481387976,1.5125144756201545,1.45717766790679,0.5168091131480999,0.0174264250645268,0.5104330863358103,0.5042763410784008,0.5514126233918503,0.508724633626216,0.5091988813082223,0.3047179802901421,0.0562437761262509,0.3256399142808033,0.2785334070227447,0.3582849715591772,0.2075679454169028,0.3535636631710825,16.0,6.418722614352485,10,17,12,13,28
400,1.4275121683926926,0.0099354580265324,1.4380657795778256,1.4261761928342052,1.4392812510126645,1.4203105120314763,1.4137271065072916,0.5384695445577454,0.0096169531897006,0.5265248462414949,0.5356441768943804,0.5307735155984425,0.5500016324261144,0.5494035516282948,0.3232777795301765,0.0163350452903398,0.3070481797601183,0.3251436663955264,0.3036149154155155,0.3331582255602621,0.3474239105194603,1.4708645733920012,0.0138057596770555,1.4702531532807783,1.4445502613530017,1.4783170078739976,1.483343001567956,1.4778594428842715,0.5407426836805062,0.0074670735142063,0.5368916879967988,0.543434286121851,0.5424632768714233,0.529201685639223,0.5517224817732349,0.3282761867995002,0.0135083235762488,0.3390530505057376,0.3079218174167955,0.3331910415512454,0.3174373389365187,0.343777685587204,1.483382914283059,0.0233493162776717,1.5037180040821885,1.4645406766371294,1.4846969987406875,1.5132183703509243,1.4507405216043645,0.5206245438763717,0.0088235614782714,0.5141674384088647,0.5136496665501719,0.5329532730659643,0.5297297346544078,0.51262260670245,0.3006796841596121,0.0350719914932481,0.3098812113301396,0.2919915065444824,0.2964334632297337,0.2479335166886263,0.3571587230050788,12.8,7.0823724838503095,6,9,9,14,26
425,1.4379129222987852,0.0141538017991218,1.443479319208676,1.4199978088595204,1.454601413195895,1.4222932783598752,1.44919279186996,0.5232428119134142,0.0115967676634802,0.5219541367508146,0.5201739003882795,0.5219624927944702,0.5440035316136866,0.5081199980198199,0.3192340103804573,0.0181221682019293,0.3071431776500524,0.3441261143001745,0.2972473685296666,0.3370679549236194,0.3105854364987737,1.4830034097035725,0.0353689331237982,1.45125578027783,1.4860053821043535,1.450194329926462,1.547447934295192,1.4801136219140254,0.5317757939956296,0.0104571971843872,0.5265698854055755,0.5385139610283974,0.5158914917807081,0.546664106348309,0.5312395254151578,0.2854257493075624,0.037480945906299,0.3079218174167955,0.3088262482827909,0.3079218174167955,0.2116971617104641,0.290761701710966,1.495370156837232,0.0484555732383209,1.4838275620431611,1.5099278038198298,1.435306758591623,1.5793906703139795,1.4683979894175674,0.5177001104637856,0.0106015783302659,0.5098140760856745,0.5303067491781143,0.531019105358435,0.5080715241990988,0.5092890974976054,0.2736238492837491,0.0678620113490274,0.2916755517916144,0.3000744647011018,0.3283504047593475,0.1400970077498866,0.3079218174167955,7.4,5.4258639865002145,4,14,3,14,2
450,1.440959776799703,0.0140246018190924,1.4408886149986504,1.4383230061875176,1.4402252681476553,1.4206579985077847,1.4647039961569088,0.5257291304092382,0.0158381101473809,0.5282444532038016,0.5238505418203736,0.5275175643505795,0.5493986031751608,0.4996344894962748,0.311481690678321,0.0098498823605032,0.3068490508875432,0.3113013526727926,0.3000964269061122,0.3296503519990845,0.3095112709260726,1.483467055089546,0.0333458643258235,1.4779529246416958,1.4461615735834294,1.4726318915685015,1.5462166540550464,1.4743722315990564,0.5434341903295743,0.0048401293921664,0.5475549875540076,0.5453019910554862,0.5356077637079448,0.5484593713742666,0.5402468379561665,0.294277072802917,0.057441884468744,0.3447522737908182,0.3079218174167955,0.3411599862881153,0.1867895848078904,0.290761701710966,1.4980287891445738,0.0379863390675689,1.511759172786366,1.46595734538454,1.4835054657676003,1.5656798644499346,1.4632420973344282,0.5100102850448427,0.0129707731417354,0.5031014947778049,0.5165105506959277,0.5322991669687949,0.4963268722046585,0.5018133405770276,0.2704891798242669,0.0622415939294236,0.2973273117260749,0.2894513263010272,0.3108030893581309,0.1469423543193061,0.3079218174167955,7.0,4.732863826479693,5,5,9,15,1
475,1.428057997251294,0.0167422851488207,1.413617725224839,1.425143852676313,1.4562346419108283,1.435531433095637,1.4097623333488545,0.5340395946648121,0.0089625420254706,0.5369021767245278,0.52783589555316,0.5210150624192196,0.5371529094559181,0.5472919291712348,0.328548383240272,0.0244175192504788,0.3590476832020021,0.3257891211739345,0.2967923124085769,0.3078986955938089,0.3532141038230377,1.4880154190641464,0.0212537698630451,1.5076004736351245,1.4726397196451824,1.456089532736576,1.5127194650245437,1.4910279042793042,0.5452469799242194,0.0034853977483214,0.540412655706047,0.5474489234883023,0.5418920562543095,0.5469480915937801,0.5495331725786585,0.2618938188789764,0.0611438529012963,0.2290125286451863,0.3415576763731779,0.2973153021567692,0.1632074647532363,0.2783761224665124,1.4922057794802115,0.039617872771258,1.5477985179785527,1.4897843852187649,1.434047149889397,1.5207436229243425,1.4686552213900017,0.5239899635899956,0.0162821997991386,0.531245026984555,0.4958123233393307,0.5173444439362722,0.5430071701878589,0.5325408535019612,0.2639706733993435,0.0900223753054278,0.1809430965585119,0.3400306988146276,0.3283504047593475,0.1302679042381447,0.3402612626260858,15.4,10.3072789813801,23,13,3,7,31
500,1.4342576643855305,0.0191800665132147,1.4678784989819085,1.4135639802696778,1.4418280911199826,1.4214205385483418,1.4265972130077402,0.5313533035339426,0.0140198467517397,0.5094760606524062,0.536773022065848,0.5208519186888837,0.54558206898158,0.544083447280995,0.3193593258019452,0.0152251200659266,0.3104870143557185,0.3439825077637103,0.2991240447887873,0.326820766547996,0.3163822955535142,1.464227050000971,0.0212568666036696,1.470313361196807,1.454138954480489,1.44572550238985,1.4478657498504175,1.5030916820872913,0.5345457735496316,0.0053655255412216,0.5327301829425066,0.5444222659512918,0.5355906538700789,0.5305189249846958,0.5294668399995849,0.3028805402863069,0.0206283943320745,0.2973153021567692,0.334822831636561,0.2973153021567692,0.3128318637941008,0.2721174016873339,1.46192089138609,0.0221254766110396,1.4803986838369658,1.4712189508206917,1.4212135762879343,1.456573410467668,1.4801998355171897,0.5190971544096206,0.0135591005483969,0.5166504917776574,0.5019751651897985,0.522179346769615,0.5119342849980701,0.5427464833129618,0.319637568082273,0.0182610284180726,0.2916755517916144,0.3275276469057496,0.3283504047593475,0.3437937251355754,0.3068405118190784,11.0,6.603029607687671,1,21,8,14,11
525,1.4383552118674996,0.0215008638403016,1.4268635794059517,1.446734601689368,1.4767727397151829,1.4229415323316437,1.4184636061953515,0.5327911591789132,0.0110989195184647,0.5259380407230579,0.5349532580146882,0.5155867969036176,0.5399575664180335,0.5475201338351687,0.3144808000272551,0.0144244541491768,0.3189373642740892,0.3091772713659191,0.2892751729871707,0.3245369433066816,0.3304772482024148,1.4746783531073366,0.0177275192840474,1.4697136517727014,1.456636627515157,1.4691762779698228,1.4691268928123242,1.5087383154666785,0.5306764261144647,0.0048815297251669,0.5290505652192192,0.5288820305065275,0.532555546850643,0.5240793370239806,0.5388146509719535,0.3051622768817476,0.037394750623249,0.3414985247218281,0.2973153021567692,0.2973153021567692,0.3464904824633757,0.2431917729099953,1.475215523893183,0.0156737524526383,1.4969598416126135,1.466634952660763,1.4508612589402632,1.4844265092502942,1.477195057001981,0.5249232240700347,0.0096879177116221,0.5092569602262097,0.5278337232523317,0.5343520584521282,0.518810482895801,0.5343628955237031,0.3182278694918002,0.0150957000886449,0.3287448570488847,0.2894513263010272,0.3283504047593475,0.3280030893259328,0.316589670023809,9.4,6.6211781428987395,11,3,1,13,19
550,1.4283530409803096,0.0084548625383,1.418064964186285,1.4230923308539636,1.443251864197328,1.429604777355784,1.4277512683081872,0.5338726114687896,0.0091523116413169,0.5274895325210207,0.5350441662566122,0.520079722872304,0.5450894863982316,0.5416601492957794,0.320136128765958,0.0156524339100893,0.3424696484198684,0.3330766503583179,0.2986528076821922,0.3122099507458306,0.3142715866235809,1.471648107875477,0.0131772969653881,1.4633364063320735,1.4775415297710537,1.477746024276271,1.4508288990367542,1.4887876799612334,0.5402663716670968,0.008913366031544,0.5416614155577799,0.540669870900576,0.5496012601450051,0.5236087875849238,0.5457905241471988,0.3228198811738537,0.0224273170696989,0.3528606442598236,0.3443790037947905,0.2997451791460346,0.2983495811165801,0.3187649975520398,1.4758822079860805,0.0147147817686156,1.4923694278254651,1.489479447856094,1.467199610941338,1.4525024890899658,1.4778600642175386,0.5172318948970608,0.0129731678268873,0.5054895850467658,0.5116870371205982,0.5398676008642316,0.5231077576884015,0.5060074937653068,0.3279870651804252,0.0194564056266518,0.3305860443134728,0.3361918261628507,0.3347207236066453,0.290761701710966,0.3476750301081913,11.0,2.6076809620810595,15,11,7,10,12
575,1.4214120530590568,0.015326907595332,1.4055379371053165,1.4268087406748349,1.4484702840293806,1.4165748615854794,1.409668441900273,0.5378213734932786,0.0097506054985209,0.5429233956576784,0.5268573706817011,0.5255081521593066,0.544424306802507,0.5493936421651998,0.3416798384474679,0.0292825716975228,0.3836429567550862,0.3225355916751326,0.2977312968211417,0.3506269971711463,0.3538623498148325,1.4572877464872418,0.014996349034928,1.479683077696598,1.4430941234935413,1.45353199857654,1.4409677151477698,1.46916181752176,0.5372175348698748,0.0049194580421461,0.5402680747287731,0.5411830277111829,0.5289395881153651,0.5341978896024543,0.5414990941915985,0.3135301603947064,0.0167970846647432,0.3079046248169707,0.2973153021567692,0.2973153021567692,0.3245228858044627,0.34059268703856,1.4621070782343546,0.0296510435950178,1.5181003664479111,1.454404845382228,1.4293449972615098,1.452416358572064,1.4562688235080603,0.5128271401602185,0.0199314708707467,0.497660210626123,0.5124867417805472,0.5502383028853348,0.5095133490510079,0.4942370964580799,0.3146402698771459,0.0222727218685686,0.2790468571536417,0.29790859737544,0.3283504047593475,0.3340016416086651,0.3338938484886349,24.4,13.83618444514238,44,12,6,27,33
600,1.432517515261149,0.0152518937203505,1.4265587944345377,1.4157468436919536,1.4513814437020685,1.4499908525919176,1.4189096418852658,0.526993880947123,0.012187717913223,0.5359132561856276,0.5284937155281112,0.5166414549921073,0.5103213389757512,0.5435996390540171,0.3227151187610453,0.0190179865013201,0.317194164699046,0.3534449802716083,0.2976287678840077,0.312547376696432,0.3327603042541325,1.4777527606848515,0.0205449436797856,1.5045286525379529,1.4720685843265418,1.451842149098714,1.4617469346884526,1.498577482772596,0.5365707918674041,0.0079484005826645,0.5233667218323911,0.5314017782981055,0.5414867031103874,0.543069960292369,0.543528795803767,0.3004838087963382,0.0230539008921398,0.2753414020059171,0.3435202557602795,0.2973153021567692,0.2983495811165801,0.2878925029421448,1.4808771321267793,0.037872216046077,1.545549710591634,1.4864022840153088,1.4283860018759065,1.4672085733124705,1.476839090838577,0.5170813902251723,0.0148921909397321,0.5141924732302902,0.4944607067663213,0.5222344742939349,0.5139349075516434,0.5405843892836713,0.2953457728803189,0.0620188384969549,0.1770257663574727,0.3466509299293156,0.3283504047593475,0.290761701710966,0.3339400616444924,10.2,6.881860213634101,9,16,4,2,20
625,1.4175292796695356,0.0105103924121399,1.4183621062445886,1.4130636134098489,1.4341705042062347,1.420249147513478,1.4018010269735277,0.5468529847662869,0.0130500303269619,0.5418544075433953,0.5418031778518971,0.5294940794379287,0.5526788512139004,0.5684344077843125,0.3393341213543549,0.0225484809512458,0.3515207312917089,0.3465282495128796,0.3089701063763274,0.3187526756549201,0.3708988439359385,1.483629427534161,0.0102274572712246,1.4983300042874883,1.4791017987511377,1.4676817149826975,1.489291205550685,1.4837424140987974,0.5469456056835799,0.0091998049795726,0.543488489145033,0.5504401059410244,0.5315078723388352,0.5500572144689801,0.5592343465240263,0.3114400212983269,0.0178007602029798,0.2817077417123787,0.3239632105481853,0.328944021380969,0.3004053469480042,0.3221797859020966,1.4938372864867704,0.0278789623679787,1.5360744432969526,1.5009008284771082,1.4650521350629402,1.5060882098747022,1.4610708157221477,0.531435483049791,0.0170917585778142,0.5244200638698997,0.5009058661289825,0.5434225780811507,0.5420845688847932,0.5463443382841289,0.3032880929899402,0.0531374985652497,0.2352106789777392,0.3124370908235924,0.3735239667751938,0.2507156949611663,0.3445530334120092,21.8,10.264501936285072,15,23,12,18,41
650,1.4306979376016205,0.0172029988701713,1.450923224085385,1.4178145779776818,1.4521692720885129,1.4125129168795556,1.4200696969769664,0.535524057296408,0.0139125004304686,0.5120805081636233,0.5385460078114483,0.5289145910142293,0.5489133341819024,0.5491658453108369,0.3276788649973212,0.021204411913469,0.3090495543319289,0.349883896207228,0.2966286508461074,0.3471815735242101,0.3356506500771318,1.4869936350620154,0.0283462917763243,1.4607507423921064,1.493574077432806,1.45433796897079,1.4925300785989473,1.5337753079154277,0.5409749749679664,0.0063846752453338,0.5365313442436838,0.5423735589511318,0.5314452837201051,0.544788332468461,0.5497363554564508,0.2820802562730259,0.0392178466876135,0.2973153021567692,0.298566834635508,0.2973153021567692,0.3126931060118368,0.2045107364042462,1.4856964906056722,0.0277101507189567,1.47419903495095,1.503419280052185,1.43619391412446,1.5090683987646392,1.505601825136127,0.5172375744939819,0.0084038194978854,0.5099731752536961,0.5061033721844737,0.5261833438674763,0.5270470086626368,0.5168809725016263,0.2894393453325766,0.0246729984841895,0.2916755517916144,0.2967116168757452,0.3283504047593475,0.2529902676068055,0.2774688856293708,12.4,8.2365041127896,2,16,4,24,16
675,1.4272276337613763,0.0185386261440328,1.43901902375762,1.4068832520357113,1.4569096786459697,1.4111300104672146,1.4221962039003666,0.5322774886613068,0.0178453258148961,0.516809900596136,0.5327963134428733,0.5106792376473834,0.5610017429986436,0.5401002486214975,0.3278389869495678,0.0225244029453506,0.3077138299912023,0.3619553568038045,0.3002453083764995,0.342185760595465,0.3270946789808677,1.478075558489019,0.0189704960501104,1.4623777757991443,1.4732793894681064,1.4622532960140344,1.4786240476550478,1.5138432835087632,0.5373674871749993,0.0107038889007593,0.5246740867605515,0.5384419263616894,0.5274335946029676,0.541833431555253,0.5544543965945348,0.2973235935238631,0.0383605015836828,0.3161877033502675,0.3365590289685941,0.2973153021567692,0.3117237340058496,0.2248321991378352,1.4788944836818811,0.0201403655052321,1.4797299124977803,1.4806046305280742,1.4414673176678745,1.4991095933047207,1.493560964410955,0.5276225605213732,0.0110578279782743,0.5362402911682848,0.5102690533037864,0.5330203438457015,0.5192600782042495,0.5393230360848439,0.3071459815707991,0.0267712875888766,0.3198539538695329,0.3360718740996486,0.3283504047593475,0.2667447277288035,0.2847089473966631,15.6,11.288932633336067,5,24,2,32,15
700,1.424041414015072,0.0131063067457122,1.4369833383363546,1.4090079290350688,1.4415784275408872,1.4119283882613034,1.4207089869017453,0.5347521871167528,0.0100700989069764,0.5249679055477208,0.5402067824017291,0.5207214553804629,0.5410919932998761,0.5467727989539746,0.3326974640735097,0.0254071108289096,0.3067589277805745,0.3626166888049779,0.3038947256548796,0.3612635796976466,0.3289533984294701,1.5072666941267072,0.0170411048834233,1.4772016171253088,1.5127544511448254,1.506060986807852,1.5105630014881943,1.529753414067355,0.5462060279023583,0.008149102358757,0.5386303321984778,0.5362337713529933,0.5460264978039726,0.5520665846130245,0.5580729535433231,0.2636781345066085,0.0461277602646421,0.3311870529479639,0.286132311189539,0.2461334113899926,0.2638501222343363,0.1910877747712107,1.515937486561862,0.0094580235015657,1.503406781138796,1.5182773091576316,1.5109814549937393,1.5320403323029026,1.5149815552162402,0.5307956647327071,0.0112314145115665,0.5259874410588721,0.5247989959229787,0.5208510468332715,0.5298241035129418,0.5525167363354715,0.25182665684418,0.045127301546238,0.3080800604357643,0.3027158862648793,0.2202746499465271,0.197065096115609,0.2309975914581202,16.2,8.863407922464136,6,25,8,28,14
725,1.4491203106555743,0.0135133149687609,1.4438455977390725,1.4340939841319604,1.46055002065049,1.4379123375587857,1.4691996131975626,0.5176577137941395,0.010143470649964,0.5165084159137081,0.5276467390194814,0.5175120367715926,0.5270134984956124,0.499607878770303,0.3069684893315835,0.0063921770698444,0.3139691836663664,0.3116093849226099,0.2957351440139926,0.3086983559818175,0.3048303780731311,1.4565924557772552,0.0107722176952079,1.4505265734412454,1.4543062231757424,1.4500444296634558,1.4501807472922583,1.4779043053135728,0.5343512431153992,0.0052724122589057,0.5402738654881929,0.5376962381098034,0.530968865151609,0.5257532407675632,0.5370640060598278,0.308053897136328,0.0109539406506743,0.3072227875660476,0.3260671846486077,0.3072227875660476,0.3082570665258585,0.2914996593750789,1.4604394833246868,0.013147411249707,1.4682424104574956,1.4692599123174497,1.4358243472648389,1.4578116554202456,1.471059091163404,0.5048136347932529,0.0216404121227048,0.5307454551687143,0.5000650415861538,0.5283141216427,0.4755457866135078,0.4893977689551885,0.3052595025116376,0.0128325378107577,0.2916755517916144,0.3080935420384805,0.3283504047593475,0.2958122067614711,0.3023658072072743,3.6,2.0591260281974,3,6,2,6,1
750,1.4397956833396992,0.0262664582070215,1.473079440519982,1.4705849296038913,1.417203932693324,1.415655528147196,1.422454585734102,0.5274302151258966,0.0161291290322433,0.5030774902350641,0.5150053020855603,0.5317350205969135,0.545607838311635,0.5417254244003106,0.3297467322970355,0.0243436835528041,0.3037534198968813,0.3034307577925829,0.3658939055458505,0.3467066051539164,0.3289489730959465,1.4688646150357794,0.0237675104121471,1.4687191392436172,1.4699741493571887,1.43748913750504,1.4578370180996982,1.5103036309733535,0.5309201403569894,0.0076689737261267,0.5198009670021174,0.5261001100890007,0.5335530005780585,0.5324872653675177,0.542659358748253,0.2963588521746708,0.0603706496854316,0.3072227875660476,0.3072227875660476,0.3401447450371989,0.3470399578204959,0.1801639828835638,1.4789238207267992,0.0234254537685502,1.4839484908364036,1.485012979218454,1.4349194439974695,1.4852657534859397,1.505472436095729,0.5239988128104097,0.0148844544261413,0.51638390071901,0.5120334855102237,0.514482855573684,0.5525599622379238,0.5245338600112075,0.2986405761035334,0.0531044978120215,0.2916755517916144,0.2894513263010272,0.3742103376096574,0.3259047361789622,0.2119609286364062,12.0,10.639548862616309,1,1,28,20,10
775,1.4282657748645116,0.0096863454094423,1.4290635561205678,1.4420699606236724,1.4350312051084853,1.4189750152764862,1.4161891371933455,0.5335659594584764,0.0127655505354464,0.5149629293582403,0.5412482605464597,0.5220343944591297,0.5483046681308273,0.5412795447977251,0.3230273075483809,0.0129886182055464,0.3282969811923381,0.3089154988980722,0.3064409670403649,0.3327250874647953,0.338758003146334,1.477301620714592,0.0290024036558706,1.481806881500013,1.4505644603209062,1.4426228313735037,1.4877501292662187,1.5237638011123196,0.5417088968573045,0.0063003581666118,0.5329912045319248,0.5379975069798881,0.5433775864858081,0.5421889685754697,0.5519892177134321,0.308790220955348,0.0424840633195574,0.3404472163327172,0.3185026133769135,0.3409397320648782,0.3178121921042881,0.2262493508979428,1.4877283370856085,0.0315855197547178,1.5098825548634385,1.4691133282401343,1.4349344752051614,1.521035960226348,1.5036753668929592,0.5245189388101348,0.011861684862773,0.5354028931008715,0.5034054004500227,0.5345364562194035,0.5290342087324317,0.5202157355479446,0.3112131705380737,0.0432681699909908,0.3041056696743455,0.2966325059058327,0.3947391274136314,0.2700712951243841,0.290517254572175,11.4,6.3118935352238,6,4,10,16,21
800,1.4344764692267191,0.0116413907485628,1.4522088815256493,1.4378077172741448,1.4382009285012471,1.4260179652381189,1.418146853594436,0.5298356985330063,0.0101801166629497,0.5149259713887603,0.523799432598395,0.5319940864321682,0.5454861661246665,0.5329728361210418,0.3166258344895951,0.0148347544228622,0.3063190141575526,0.3099610900393294,0.3038306698674909,0.3184142573713062,0.3446041410122964,1.458668649557865,0.0166787393265176,1.4517448526440244,1.4444302212108264,1.4415753718578457,1.4701705231811062,1.4854222788955227,0.5341937120810119,0.0029970512121535,0.5348102548330728,0.5315229321310116,0.5342717894883504,0.5309722973810913,0.5393912865715328,0.3194124567755553,0.0112520646438835,0.3072227875660476,0.316794260389305,0.3079729970701391,0.3336037160053353,0.3314685228469495,1.4614230712254843,0.0198958773429772,1.4685304526126746,1.4620459296486594,1.4263899290200437,1.4878862662748855,1.4622627785711575,0.5091233821248593,0.0138639618638666,0.5353810292703868,0.4999726403190789,0.5111711641634903,0.4998643527765479,0.4992277240947922,0.3171605473733602,0.0237667360483644,0.2916755517916144,0.29600431552717,0.3430516493561076,0.3070223881238312,0.3480488320680779,8.2,4.749736834815167,2,5,8,10,16
825,1.445228773294036,0.0222994579288749,1.4300999174412994,1.4243252105319624,1.479242609948227,1.4644247281182672,1.4280514004304237,0.5165588959708398,0.0108925541493263,0.5263890178154895,0.5164150257249487,0.5107238892473379,0.4995481262295915,0.529718420836831,0.3105689704392014,0.0136895069383147,0.3164964136857405,0.328434914092035,0.2867705881819091,0.3077145935599537,0.3134283426763687,1.4620062972560075,0.0110707812570307,1.4575379472790342,1.4423385822411738,1.4708052331751045,1.467330636400165,1.472019087184559,0.535661355199423,0.0035509699744112,0.5353824437218753,0.5358546135361526,0.5408331871074902,0.5297087683537581,0.5365277632778388,0.3350001599850952,0.0223747089734768,0.3568486878797409,0.3529604142037925,0.3072227875660476,0.3082570665258585,0.3497118437500366,1.4680506092129333,0.0114964582880292,1.4879189440698335,1.4576988328586926,1.4603877717798406,1.4741414243524724,1.4601060730038269,0.5158940600095724,0.0090582860167772,0.5287843291341079,0.5021487287918229,0.52218965021551,0.5137801911652445,0.5125674007411767,0.3275571735629791,0.0177909323136528,0.3313361904234242,0.3313773939959996,0.3283504047593475,0.2958122067614711,0.3509096718746534,6.4,4.5431266766402185,9,12,1,1,9
850,1.438879537336605,0.0192193793235155,1.4306216965016632,1.417159027660016,1.4572955505135132,1.4658851832458653,1.423436228761968,0.5214399169493613,0.0103387617767577,0.5272209565506859,0.5287746828927564,0.508438834689461,0.5095885728493268,0.5331765377645765,0.3201371510552808,0.0171698060930651,0.3145940536171552,0.3500997467006334,0.3004213725545172,0.3092484964896828,0.3263220859144154,1.4727134957458037,0.0167420232797783,1.4755048715707026,1.4547304240140049,1.4579167329903804,1.4735356388670025,1.5018798112869265,0.5420860102508415,0.0044544017676951,0.5476553756927114,0.5468328749791062,0.5360670167230743,0.5402508523730422,0.5396239314862732,0.30356026745355,0.0254843380330367,0.3251032960637051,0.3362057813922112,0.29708738047074,0.2960904780515435,0.2633144012895503,1.474647974245476,0.0191740909675294,1.5019842675237944,1.4675243442708796,1.4444664572224473,1.4733238039594707,1.4859409982507878,0.5248783118847709,0.0148084099268294,0.5266686015283769,0.5101922063419784,0.5059919183216074,0.5435808138491752,0.537958019382716,0.3143944806959944,0.01211835138195,0.315494395004405,0.3306551927707546,0.3232998997088425,0.296550164425584,0.3059727515703861,8.4,6.343500610861482,8,17,2,1,14
875,1.4402866486421568,0.0175663943458684,1.4232991159576731,1.468625282503895,1.4529669911591048,1.4291902706795132,1.4273515829105967,0.5274094659867077,0.0136713708758538,0.5301305932777384,0.5009044111469755,0.5385988024939139,0.5368766455046828,0.5305368775102283,0.3129455793665788,0.0128079539973547,0.3344418456775148,0.3031140713361305,0.2971643087762923,0.3135986532759799,0.3164090177669763,1.4747269305315884,0.0120760994192252,1.47689252911192,1.4716868328325676,1.4537691672643025,1.481302716515281,1.489983406933871,0.5425440837716874,0.0078212115025174,0.5323085388125894,0.5396357416616541,0.5409452191257876,0.5435357582186586,0.5562951610397475,0.3049277686074574,0.0251686521525515,0.3281915951881024,0.29708738047074,0.29708738047074,0.3363101324232055,0.2659623544844993,1.481400568557508,0.0244631181809436,1.5133585929870603,1.4815164985078757,1.4380851117047395,1.4909885290897251,1.4830541104981394,0.5208957953834124,0.01462850332848,0.5140981555418648,0.5083985729212037,0.5316486230388089,0.5062529211075291,0.5440807043076554,0.3026638635802388,0.0123493255420806,0.2916960516444695,0.2894513263010272,0.3232998997088425,0.308651355340246,0.3002206849066087,8.2,4.874423042781576,13,1,4,10,13
900,1.4276029849789809,0.0089736006930767,1.4251437076588267,1.4234803521756043,1.4449825520367967,1.4191025962534638,1.4253057167702117,0.5326899865618698,0.0055770737315366,0.5332339565234119,0.5355061816840243,0.5219232343296447,0.5349896814532162,0.5377968788190518,0.3222020527378616,0.0144861410213059,0.3316598430035508,0.3384273252385483,0.2990926533674149,0.3298364298457128,0.3119940122340811,1.4743049585458003,0.0188013725945787,1.4962418874104817,1.4485977851983272,1.4948617870157417,1.47147460417314,1.4603487289313115,0.5482026831616551,0.0080885860263165,0.5369741916225818,0.5495291027299375,0.5472225247440978,0.5453036685973845,0.5619839281142742,0.316612310500617,0.0268179765053738,0.3019633928406797,0.3435756463667515,0.2743133011619408,0.3171882437335222,0.3460209684001906,1.4838163881590871,0.0281611074073577,1.5348847526492495,1.4640872261740945,1.487600163979964,1.479233600876548,1.4532761971155803,0.5231582449885513,0.0192035219077628,0.5162437790543902,0.5082860352564299,0.5045741218166303,0.5577417948679079,0.5289454939473984,0.3026945492214838,0.0432323420665543,0.2232004291018332,0.3355045763242539,0.2913298509706764,0.3234916567066069,0.3399462330040489,14.4,5.953150426454887,12,17,6,24,13
925,1.4195866562656525,0.0070939157793573,1.4147131787132972,1.4193647645183445,1.433312749125294,1.4163124155752438,1.4142301733960811,0.5361780150651597,0.0057064421926743,0.5326190326911493,0.5406796409817781,0.5267981502056651,0.5421730272129265,0.5386202242342794,0.3396056940129243,0.0129853054056308,0.351238884800515,0.340962024465068,0.3183221376997155,0.3332996080881506,0.3542058150111719,1.4623418417843903,0.0084303399809146,1.462776538097497,1.4677407813794685,1.4547892772790156,1.451636336066506,1.474766276099465,0.54314255787281,0.0048151122459753,0.5441468640017215,0.544741257724239,0.5374234945736523,0.5385850544186438,0.5508161186457934,0.3341548691519951,0.0172243390282235,0.3426452676399579,0.3307031984200878,0.3484432610653706,0.302036226856492,0.3469463917780674,1.473735224116932,0.0161536648044059,1.499530972856464,1.483966144648465,1.4615520961356885,1.454674608779676,1.4689522981643677,0.5111370210804973,0.0237845195054405,0.5155918783059352,0.5197475095438318,0.49476144226342,0.4777144226907719,0.5478698525985272,0.3319450826139974,0.0209676300082769,0.3004098955956832,0.3399568898781568,0.3616102439452749,0.3179045079735509,0.3398438756773214,21.0,4.560701700396552,22,22,14,19,28
950,1.4293685640256428,0.0104311448876188,1.4213638797248762,1.426008818075829,1.449952566746584,1.4236453083372609,1.425872247243665,0.5275632949932596,0.0077577553090566,0.5287842192526306,0.5312734297695678,0.512478109299894,0.5344489640802769,0.5308317525639288,0.32231590792412,0.015686067170104,0.3441076610275797,0.3301192321888359,0.2993812126886224,0.3275388026401414,0.3104326310754207,1.4648212187217944,0.0109995557005724,1.4745401252399792,1.459646058805061,1.451889991760254,1.4571549386689158,1.480874979134762,0.5423275449674486,0.0058377198743762,0.5488890222518231,0.5452043823569783,0.5350953563133221,0.5355531663957686,0.5468957975193511,0.3237612928089799,0.0143018696420867,0.3342260396866389,0.3357123642353942,0.29708738047074,0.3308810842100943,0.320899595442032,1.471576167597915,0.0222094777039277,1.5082255457386826,1.4712170976580996,1.4398934768907952,1.4619038213383069,1.476640896363692,0.519314000713896,0.0173338033488447,0.508937502012137,0.4972443083873357,0.5120872518845385,0.5333039472797682,0.5449969940057007,0.3284093096481164,0.0178769231638309,0.2984424897854846,0.3311065787444225,0.3232998997088425,0.3530347765364479,0.3361628034653842,12.0,4.147288270665544,13,13,4,14,16
975,1.4340755760055228,0.0059817383547389,1.4364473045486763,1.4328304394004272,1.4436767027550137,1.4320288613899468,1.4253945719335497,0.5300170203341072,0.0097035997431138,0.5271701685282695,0.525844355704136,0.5158324513592026,0.5375146364822768,0.5437234895966512,0.3086084620714117,0.0055561036390169,0.3096422480578794,0.3098351609719406,0.2980520881628082,0.3110344865562769,0.3144783266081535,1.4544077627586596,0.0141994998267172,1.4436608986421064,1.4751661546302564,1.4384401892170762,1.4671074729977231,1.4476640983061355,0.5465151042578553,0.0037495014080963,0.5493853252241606,0.5492535807274207,0.548804647255518,0.5455762393596377,0.5395557287225398,0.3272217927431071,0.0141453942911212,0.3119520997120474,0.3383360789587607,0.3107746086489787,0.3464960134229947,0.3285501629727539,1.462110901601387,0.0218491225215903,1.4646225734190508,1.4890819715731072,1.4335605303446453,1.482109506924947,1.4411799257451838,0.5185156175475797,0.0111681015366588,0.5319972876846034,0.5204520586634517,0.5168491156317245,0.498586142562401,0.5246934831957175,0.3113226146105716,0.0112764344168022,0.2920000420920893,0.3182875395367162,0.3258652627016382,0.3100849407874277,0.3103752879349867,9.2,2.315167380558045,6,8,10,9,13
1000,1.4427357980885458,0.0065881295301146,1.4396876920129835,1.43832312048096,1.4552229225021047,1.4433606408306003,1.4370846146160794,0.5245016685578354,0.0038855987725108,0.527391899081584,0.524754504258705,0.526831727582003,0.5169347174562031,0.5265954944106821,0.307775765111118,0.0060035114216145,0.306904950852975,0.3118223904649888,0.2964079339222301,0.3122558781244188,0.3114876721909769,1.457090278105302,0.007380201866712,1.4644769032796223,1.467552661895752,1.44997264399673,1.4515358137361931,1.451913367618214,0.5379679233515513,0.0079445134597726,0.5503458203568671,0.5399119712137934,0.5408158045175617,0.5306225513890339,0.5281434692805002,0.3205734296045908,0.0237633697455185,0.3538593103346062,0.3428778566529687,0.3076403095334002,0.3076403095334002,0.2908493619685782,1.4662278522144665,0.0213051358002884,1.495702888026382,1.4868910240404534,1.443297555952361,1.4588635256796172,1.4463842673735186,0.5079309082857405,0.0219496707085552,0.5384846675726797,0.4920813780609224,0.5297974803829045,0.4958640960572402,0.4834269193549554,0.3138541960691346,0.0125732416082297,0.3216411406566915,0.3264831247131637,0.3235613089377896,0.295447520516783,0.3021378855212451,4.4,1.2,5,5,3,3,6
