lags,train_bce_mean,train_bce_std,train_bce_fold_1,train_bce_fold_2,train_bce_fold_3,train_bce_fold_4,train_bce_fold_5,train_roc_auc_mean,train_roc_auc_std,train_roc_auc_fold_1,train_roc_auc_fold_2,train_roc_auc_fold_3,train_roc_auc_fold_4,train_roc_auc_fold_5,train_f1_mean,train_f1_std,train_f1_fold_1,train_f1_fold_2,train_f1_fold_3,train_f1_fold_4,train_f1_fold_5,val_bce_mean,val_bce_std,val_bce_fold_1,val_bce_fold_2,val_bce_fold_3,val_bce_fold_4,val_bce_fold_5,val_roc_auc_mean,val_roc_auc_std,val_roc_auc_fold_1,val_roc_auc_fold_2,val_roc_auc_fold_3,val_roc_auc_fold_4,val_roc_auc_fold_5,val_f1_mean,val_f1_std,val_f1_fold_1,val_f1_fold_2,val_f1_fold_3,val_f1_fold_4,val_f1_fold_5,test_bce_mean,test_bce_std,test_bce_fold_1,test_bce_fold_2,test_bce_fold_3,test_bce_fold_4,test_bce_fold_5,test_roc_auc_mean,test_roc_auc_std,test_roc_auc_fold_1,test_roc_auc_fold_2,test_roc_auc_fold_3,test_roc_auc_fold_4,test_roc_auc_fold_5,test_f1_mean,test_f1_std,test_f1_fold_1,test_f1_fold_2,test_f1_fold_3,test_f1_fold_4,test_f1_fold_5,num_epochs_mean,num_epochs_std,num_epochs_fold_1,num_epochs_fold_2,num_epochs_fold_3,num_epochs_fold_4,num_epochs_fold_5
-1000,0.6950827106987079,0.0074051902473088,0.6867949981050393,0.6947547344817329,0.708632908531071,0.6904236631295115,0.6948072492461843,0.5233262702509814,0.02726022056629,0.5681177048209701,0.5069388613338597,0.4901453965912815,0.5385287262018027,0.5129006623069933,0.5146538067597101,0.0177050522767893,0.546380257654158,0.5097248171406433,0.4967223176271856,0.5195920725274903,0.5008495688490731,0.693666634053895,0.0007268536592389,0.6927547942508351,0.694327459190831,0.693334678808848,0.6946974830193953,0.6932187549995653,0.5287265093852264,0.0080611599747945,0.5385578943493489,0.5372867015679389,0.5173865475431763,0.5260727987446128,0.5243286047210548,0.3557226665695488,0.037737117558652,0.4031885573751187,0.3112407207356988,0.3112407207356988,0.3715163481358219,0.3814269858654058,0.6938254435857137,0.0005458484828683,0.6936380646445535,0.6942736416152029,0.6933107683152864,0.6946439815290046,0.6932607618245211,0.5176205363619187,0.0105431016699528,0.5099468024008026,0.533196912159032,0.5273804659370115,0.507557209971323,0.5100212913414249,0.3637209672527383,0.0484384387497325,0.4234633368359121,0.2932038564109843,0.3272789190529268,0.4066537328294,0.3680049911344684,11.4,6.7111846942250075,23,11,2,11,10
-975,0.7025557783461107,0.0080951816565853,0.708534246867465,0.690252491493815,0.7027978405510027,0.6977872805497081,0.7134070322685635,0.499731067287878,0.0242151506405594,0.4798972595196256,0.5465251636393936,0.4991701152967702,0.4866387893841236,0.4864240085994766,0.5012601159783665,0.0140517677855618,0.4912411677982556,0.5278832556963906,0.4967443319302242,0.50172102157256,0.4887108028944017,0.6937024550004438,0.0006981115870733,0.6929754903822234,0.6948406317017295,0.6934541102611658,0.6931023995081583,0.6941396431489424,0.5394166238052758,0.0070699597735651,0.526942010128266,0.5423132675697581,0.5440782382015641,0.5367709206895167,0.5469786824372738,0.3273676077042404,0.0234174626039823,0.3281959773940085,0.3340948592428551,0.3659401114957962,0.3127948836270711,0.2958122067614711,0.6936988884752446,0.0004439774450376,0.6932395443771825,0.6941645940144857,0.693764719096097,0.6931380250237205,0.6941875598647378,0.5139418923191362,0.0158723376523446,0.4986622177457825,0.5444810676764843,0.5066484624945345,0.5078824941177178,0.512035219561162,0.3185433421405165,0.0189992950743678,0.3304162661178589,0.3129176041493286,0.3481790414461128,0.293179453363646,0.3080243456256361,6.6,6.6513156593263565,2,19,3,8,1
-950,0.6966699761213715,0.0120764144191675,0.6943276112841577,0.6767781499734858,0.6959294443277969,0.7137947205415706,0.7025199544798467,0.5215030004828217,0.0407336362079288,0.5050329388134048,0.6028695889762006,0.4993595769495735,0.5003670864157732,0.4998858112591563,0.5165156217972781,0.027219033996992,0.5016761711814879,0.5709180745943024,0.5022449683376791,0.5045905201247944,0.5031483747481262,0.6962412942539562,0.0054746717669106,0.6937089815284266,0.7071860920299183,0.6932370427883032,0.6934703696857799,0.6936039852373528,0.5238020135191463,0.0141502948835389,0.521159542289994,0.5435603431142451,0.5177638018677989,0.5023578002647571,0.5341685800589367,0.3371902985503742,0.0307533339891914,0.3080243456256361,0.318249961888538,0.3112407207356988,0.3670094786365919,0.3814269858654058,0.6961860356908856,0.0052240781047258,0.6937357945875688,0.7066319693218578,0.6934635097330267,0.6934533823620189,0.6936455224499558,0.506735337046034,0.0143038378766049,0.4920078072616421,0.5322362053737159,0.5107687681027993,0.5031994896990148,0.4954644147929981,0.3347114085426707,0.0371398995488535,0.2984445403787848,0.2932038564109843,0.3272789190529268,0.3866247357361891,0.3680049911344684,14.4,16.71645895517349,12,47,8,1,4
-925,0.7029136322208286,0.0064986102633435,0.7129538870349372,0.6953459517242983,0.6964217498130405,0.7061193665278327,0.7037272060040346,0.5037118628167443,0.0072991754152725,0.4918828550607349,0.5020556646210169,0.5042926439866051,0.5056851246879444,0.5146430257274202,0.5002057571801533,0.0102398291158106,0.4815847439343005,0.5082571413601541,0.4966461681507993,0.5075986222558698,0.5069421101996425,0.6944494644800823,0.0009790996571226,0.6937951788757787,0.6940005024274191,0.6958652391578212,0.6932660034208586,0.6953203985185334,0.5356688021960231,0.0055383274060707,0.5254574970540659,0.5401308164114816,0.5344641165209209,0.5404789945058656,0.5378125864877816,0.318244765278898,0.0244793545461416,0.3080243456256361,0.3112407207356988,0.3659401114957962,0.3102064417758879,0.2958122067614711,0.6945785681406658,0.0009932145388894,0.6937708168318777,0.6940215482856288,0.6959519621097681,0.6935536211187189,0.695594892357335,0.5123351443770368,0.0226177366461885,0.4869196318055556,0.5357050274193167,0.5406178708150634,0.4886903168927163,0.509742874952532,0.3073161927016549,0.021448868507347,0.2947058548219174,0.2932038564109843,0.3486361007267015,0.2920108059230352,0.3080243456256361,4.0,3.03315017762062,1,9,6,2,2
-900,0.6977172459523702,0.0051999552591374,0.7064118692555379,0.6949399476198806,0.6958041805581948,0.7001990288803258,0.6912312034479121,0.5103748268876837,0.0170126265842947,0.5113872667470492,0.5038370346553929,0.4841581336234368,0.5159432816183107,0.5365484177942288,0.5085975011621995,0.0119830624679682,0.5053843559820421,0.5081312977044279,0.489875255899155,0.5125185621764838,0.5270780340488888,0.6945713111848543,0.0015068356268305,0.6937200643799522,0.693471200538404,0.69565810398622,0.69302078629985,0.696986400719845,0.5345712708212135,0.0061718141293504,0.5427252831247102,0.5339899477854411,0.5236997789679848,0.5362104067627816,0.5362309374651498,0.3447465974245162,0.0344976861304462,0.3680049911344684,0.3112407207356988,0.3659401114957962,0.3827349569951463,0.2958122067614711,0.6945981040145413,0.0015465039134043,0.6939112309253577,0.6934408310687903,0.6955514152844747,0.6929409395564686,0.6971461032376145,0.5242201976141662,0.0267551693415233,0.4709592331137943,0.5387011338444947,0.5408061873060641,0.5377030973054582,0.5329313365010196,0.3414179026499465,0.034928604378785,0.3823838943644693,0.2932038564109843,0.3529004296895888,0.3705769871590542,0.3080243456256361,7.2,4.707440918375928,1,11,12,2,10
-875,0.6974738315208671,0.0033046966615304,0.7018459408553606,0.6947250919243724,0.6937655616052372,0.7009667428498415,0.6960658203695238,0.5059264646515655,0.0091811956148914,0.5189985731774633,0.5108624449480859,0.5087912880085079,0.495188846227013,0.4957911708967573,0.504372365781767,0.0086266785846743,0.513483479638489,0.5044810589280777,0.514241193262723,0.4970065764860785,0.4926495205934673,0.6954663814920368,0.002949688800418,0.7012362751093778,0.693212218356855,0.6942550521908384,0.6936042706171671,0.6950240911859454,0.526742127509827,0.0066751304159487,0.5215676773884436,0.5291618334387803,0.5213931401710081,0.5227718357853429,0.5388161507655597,0.3419420080765282,0.0321352480650686,0.3680049911344684,0.3659401114957962,0.3697462892150174,0.3102064417758879,0.2958122067614711,0.6955856987924287,0.0029209064596991,0.7012744708494707,0.6932190494103865,0.6945561441508207,0.6937296968517881,0.6951491326996775,0.5118208382084688,0.014908426551931,0.4976587125660092,0.5185993815138354,0.5359762017650158,0.4950485434816457,0.5118213517158376,0.3446739089188683,0.0380367833616854,0.3823838943644693,0.3839646933313833,0.3569858053498176,0.2920108059230352,0.3080243456256361,8.2,4.915282290977803,2,10,16,4,9
-850,0.6963838197521327,0.0036473851797766,0.6941659880667618,0.702666168360366,0.6971225160913369,0.6917406388164795,0.6962237874257196,0.5121538878552703,0.0149569382040088,0.5236684914721245,0.4916033263030542,0.5091478161471492,0.5337006332483308,0.5026491721056928,0.5073401805896613,0.0092439680658375,0.5071806658780119,0.5006958156814767,0.504020536522791,0.5250672255997341,0.4997366592662929,0.6948207172480496,0.0017354904385426,0.697878821329637,0.6940492770888589,0.6930788339990558,0.6955306620308848,0.6935659917918119,0.5294442916169313,0.0099873666311741,0.5254762469960856,0.5231088722543243,0.5270418489243155,0.5224487847180589,0.5491457051918721,0.3489077745557369,0.0387223956042759,0.3680049911344684,0.3112407207356988,0.3719634562298012,0.3975174979172453,0.2958122067614711,0.6946161616932263,0.0017328168716473,0.697958073832772,0.6940501278096979,0.6930497324827946,0.6944233937696977,0.6935994805711688,0.5210618576171989,0.0100546156261225,0.503121898664618,0.5191319500373048,0.5291264514183526,0.5222110793601876,0.5317179086055318,0.3579517699199782,0.0501435663342972,0.3878213140876034,0.2932038564109843,0.3739099580298341,0.4267993754458328,0.3080243456256361,11.0,6.2289646009589745,17,5,6,20,7
-825,0.6927857877052936,0.0034474571081911,0.6943692024221125,0.693952300499395,0.6956693585385981,0.6939297023507738,0.6860083747155887,0.5202981866533612,0.0220405051682659,0.5136058380578085,0.5156115159757253,0.4974412642426052,0.5123794027634174,0.5624529122272495,0.5107005474414602,0.0198581291907919,0.5028263390088445,0.5091046346338721,0.4894758181228449,0.5038488700520837,0.5482470753896558,0.6933994979569407,0.0004356951275427,0.6932777039932482,0.6942575284928987,0.6930466781963002,0.6932002053116307,0.6932153737906254,0.5311710803245857,0.0057998239930421,0.5226555839932356,0.5335865677371515,0.5320504773991532,0.5276396926157367,0.5399230798776516,0.381286654487487,0.0613703429435321,0.4128999235470148,0.3112407207356988,0.4054095204996275,0.3102064417758879,0.466676665879206,0.6941102306048076,0.0013245706124951,0.6934316844651194,0.6942110748002024,0.6931521133943037,0.6931168220259927,0.6966394583384196,0.5131783463658453,0.0116714645750941,0.5038390870379243,0.5119554347499922,0.505748581662862,0.5358736183927924,0.5084750099856555,0.3775945338129655,0.0701337554171694,0.4176688775015663,0.2932038564109843,0.4353199086252399,0.2920108059230352,0.4497692206040016,15.4,5.161395160225576,15,10,15,12,25
-800,0.699952831833633,0.0094118389865433,0.6961389718596468,0.6912748377347729,0.6983286080901155,0.6958128680887911,0.7182088733948383,0.5098029242955668,0.0144050279808511,0.5136467548941762,0.5312156313884788,0.501404641073218,0.5146330120447459,0.4881145820772155,0.5073846364771225,0.0128303722694754,0.5093053428647938,0.5214878749868153,0.5104331622531548,0.5124998299986755,0.4831969722821733,0.6959593657291296,0.0018338493576177,0.6975722818663626,0.6974783864888278,0.6972712368676157,0.6933428898002162,0.6941320336226261,0.5252375557562846,0.0071519438093886,0.5223206811294592,0.5341992753220081,0.5324000443917954,0.522403030288618,0.5148647476495423,0.3305177786013477,0.0300444641666711,0.3080243456256361,0.3158027504872432,0.3659401114957962,0.3670094786365919,0.2958122067614711,0.6959113543683833,0.0017994024778885,0.6973318367293386,0.6974544633518566,0.6972944989348903,0.6932742270556363,0.6942017457701943,0.5127149231639428,0.0173104916828164,0.4958758636548532,0.5293078174379399,0.5268276287725081,0.5237271066550462,0.4878361992993669,0.3271441715668634,0.0364459343380993,0.2947058548219174,0.2957562330235114,0.3486361007267015,0.3885983236365505,0.3080243456256361,7.6,5.607138307550475,6,18,6,7,1
-775,0.6970887615508639,0.0020050024397452,0.7000553300700236,0.6949757104067459,0.6961940748175395,0.6988462037646893,0.6953724886953216,0.4986217212687638,0.0047908716931744,0.4900722748189776,0.5023968535505131,0.49736210604449,0.4996858909051505,0.503591481024688,0.5027990613624869,0.0042081126604787,0.4995072821213131,0.5051845383862803,0.4965295321241361,0.5045213037264334,0.5082526504542715,0.6942412401690627,0.0010646475930464,0.6960288412643202,0.6947687141823046,0.6939811074372494,0.6931284377069185,0.6932991002545212,0.532553974231277,0.0120046473551812,0.5511555001904457,0.5322253680479259,0.5205552408992896,0.5191509000226315,0.5396828619960921,0.3849668340151252,0.0615213433456065,0.3680049911344684,0.3112407207356988,0.3659401114957962,0.498221360844257,0.3814269858654058,0.6942895863995406,0.0010772190096508,0.6960928873582319,0.6948335712606256,0.6940011743343237,0.6930996378262838,0.6934206612182386,0.5132207421625045,0.0094297596433977,0.5157624281626004,0.509236169843432,0.5223176396196995,0.5218480403429742,0.4969394328438161,0.3800310267384811,0.0689729152854175,0.3823838943644693,0.2932038564109843,0.3526470814229267,0.5039153103595568,0.3680049911344684,7.6,2.727636339397171,5,10,11,4,8
-750,0.6982172618207243,0.007178010919243,0.7120932033381511,0.69624698960904,0.6960447037342897,0.6954848035094664,0.6912166089126744,0.5076449955746807,0.0146996453366763,0.5015632356832964,0.5011224658155811,0.4936344471868362,0.5059458093938969,0.5359590197937927,0.503641902871814,0.0060985679279713,0.5069954490542455,0.4939851687942235,0.501210168709681,0.5036849502923135,0.512333777508606,0.6945704684113012,0.0022314358450552,0.698966176220865,0.6937863248767275,0.6940046133417072,0.6930703863953099,0.6930248412218961,0.5268038685668097,0.0130627417023696,0.5082012374455265,0.5325062715115633,0.5151451155099233,0.5347762419641835,0.5433904764028517,0.3474025179788762,0.0376841363751272,0.3680049911344684,0.3112407207356988,0.3659401114957962,0.3960145597669467,0.2958122067614711,0.6946231383265872,0.0022067741245259,0.6989758231423118,0.6938690073562391,0.6940103769302368,0.693100858818401,0.6931596253857468,0.4959565567933534,0.0181914352523499,0.4706356348876754,0.5055435403018183,0.4827572197233398,0.5232449052170062,0.4976014838369275,0.3467769174162127,0.0369823813950324,0.3823838943644693,0.2932038564109843,0.3502449658213103,0.389966365934846,0.3180855045494534,9.2,4.4,1,10,13,9,13
-725,0.6997235194923952,0.0069781852703746,0.6968377343158132,0.7007254693925995,0.7128028255148032,0.6936751401301512,0.6945764281086086,0.5097864349192968,0.0086637261946259,0.5074925278158302,0.5045781073728287,0.4976632634896079,0.5208957691398844,0.5183025067783326,0.5086305741904875,0.0066901111214807,0.505201688931959,0.5059393618327976,0.5049539069898823,0.5219930535346741,0.5050648596631244,0.6938994151173217,0.0012544716916719,0.6931916710102197,0.6963817296606122,0.6935679659698949,0.6933430072033044,0.6930127017425768,0.5300946535400636,0.0056154391516752,0.5303904974105027,0.5275401301695007,0.5217427142452802,0.5318640637947788,0.5389358620802558,0.3405452508030583,0.0317767454495194,0.3080243456256361,0.3659401114957962,0.3659401114957962,0.3670094786365919,0.2958122067614711,0.6939452944379865,0.0013169737769857,0.693378974090923,0.6965522928671404,0.6935937368508541,0.6930518294825698,0.6931496388984449,0.5061243567835899,0.0241889942839792,0.4777549558759979,0.4823504680216208,0.512619126094754,0.5443018054552321,0.5135954284703447,0.3485265251092181,0.0396721478954474,0.2947058548219174,0.3839646933313833,0.3486361007267015,0.3997931814774973,0.3155327951885907,5.6,3.006659275674582,6,4,1,10,7
-700,0.7043706511713795,0.0048303097540867,0.703048045487748,0.6966003529804269,0.7112401183118525,0.7070430148508131,0.7039217242260569,0.4941437709102219,0.0046931430560583,0.5005077948209102,0.4876315664139669,0.4961658558682193,0.4899377389903185,0.4964758984576943,0.4972583696615208,0.0034293451095791,0.4993453786469159,0.496792524541269,0.4918173542185386,0.4962247313579956,0.502111859542885,0.6946236140800245,0.0018791487408482,0.6929403597658331,0.6931431528293726,0.6954687743475942,0.6979310006806345,0.6936347827766881,0.5375001607728047,0.0089791367237609,0.5497781808498257,0.5377655980305858,0.5438859526420731,0.5240126222978475,0.5320584500436915,0.3426831440141359,0.0285972513529265,0.3446014601978907,0.3112407207356988,0.3659401114957962,0.3102064417758879,0.3814269858654058,0.6947535912195841,0.0018896569429574,0.6930413155844717,0.6932044245980002,0.6955331871003816,0.6980962590737776,0.6938927697412896,0.5071338463529711,0.0120016588156927,0.5005385653137113,0.4976273765212078,0.5284099943828517,0.5123012174915936,0.4967920780554909,0.3210774441940346,0.031277282144069,0.3035314667749834,0.2932038564109843,0.3486361007267015,0.2920108059230352,0.3680049911344684,3.8,3.1874754901018454,3,10,1,2,3
-675,0.6967129112518939,0.0028753697687008,0.693422335939309,0.6972996598666477,0.6964197115799815,0.7017884027097643,0.6946344461637673,0.4994473082664578,0.0114568817616176,0.5122569737835957,0.499803635225523,0.4876955221780262,0.4854552185687425,0.5120251915764018,0.500509848763514,0.0084620058167361,0.500474886533332,0.5038505146696313,0.4931710483206099,0.4905916681083497,0.5144611261856464,0.6931836406389872,0.0001389491425193,0.6931810162284158,0.6930816029057358,0.6933476527531942,0.6929844744277723,0.6933234568798181,0.5335747019872308,0.0111571348176715,0.5232211463087811,0.5445448446630471,0.5173600393648096,0.5391040618906079,0.5436434177089081,0.4038843874649456,0.0399614652249297,0.4650873788489335,0.3659401114957962,0.3659401114957962,0.4362413473031497,0.3862129881810525,0.6932430671923089,0.0001436298111024,0.693294472766645,0.6931135311271205,0.6932549368251454,0.6930744684103763,0.6934779268322568,0.5153630669104866,0.0100780352496857,0.4988818903574041,0.5203300500309535,0.5162341647710527,0.5294634904051683,0.511905738987855,0.403319194569821,0.045733617782263,0.457989863063714,0.3835194243146858,0.3495514275679635,0.4575302667682734,0.3680049911344684,11.2,5.5641710972974225,20,7,11,4,14
-650,0.6973745119940375,0.0041272070280739,0.6951715718839586,0.704733425808936,0.6990195316137727,0.6943800861073524,0.6935679445561674,0.5015059321105361,0.0119055039589352,0.4957297928078046,0.4965739622447424,0.4853621677822924,0.5110663592708871,0.5187973784469538,0.5013564650693667,0.0122617222096108,0.4872899250567873,0.5041137272557705,0.4916248200258973,0.501148133883792,0.5226057191245866,0.693773664488937,0.0009423214301239,0.6931935295914159,0.6955432440295364,0.6939484350609056,0.693018093253627,0.6931650205091997,0.533515901242457,0.0126230544179169,0.5336828350299533,0.5173021970563698,0.5383860304712077,0.5241439639545878,0.554064479700166,0.3574957131702353,0.0524109549697443,0.3700317715436017,0.3659401114957962,0.3112407207356988,0.4444537553146085,0.2958122067614711,0.693827643177726,0.0010012641643664,0.6933101596254291,0.6955945762720975,0.6942176764661615,0.6927561778010745,0.6932596257238677,0.5051560101924576,0.0187066869122756,0.5074520317053037,0.5197808483831032,0.4846806704103794,0.5304384237662453,0.4834280766972559,0.3761263238485962,0.0595035736054976,0.3823838943644693,0.3839646933313833,0.3272789190529268,0.4789797668685653,0.3080243456256361,9.8,5.1536394906900505,14,2,6,16,11
-625,0.6964808199823518,0.0050177873572814,0.6891969817200887,0.6944041491783771,0.704706863029716,0.6967218647298125,0.6973742412537643,0.5107182171334763,0.025898957323274,0.5537129924890285,0.5198382618500029,0.4843800842439275,0.5119035721232078,0.4837561749612149,0.5021239475428355,0.0197359022672527,0.5375165842688607,0.5094412360684064,0.4912246780965237,0.4890991369445573,0.4833381023358295,0.6937682487747885,0.0005760178304764,0.6945885600465717,0.6941807504856226,0.693803816130667,0.6932056654583324,0.6930624517527494,0.5420225275987687,0.0066045541870004,0.5353852510476219,0.5492500245899088,0.5433475710729547,0.5333765710799548,0.5487532202034032,0.3582656896454331,0.0546028282564827,0.4513259305976073,0.3659401114957962,0.3112407207356988,0.3670094786365919,0.2958122067614711,0.6939315470782192,0.0007700077710468,0.6952016480041273,0.6942473595792596,0.6939245209549413,0.6931929660565925,0.6930912407961759,0.5186247134898803,0.0099811558508416,0.5109861728529052,0.5238879245207523,0.5032282797507607,0.530434694091507,0.524586496233476,0.3743875302320651,0.054129296487384,0.4640713695138289,0.3839646933313833,0.3272789190529268,0.3866247357361891,0.3099979335259974,9.6,6.053098380168622,21,9,3,7,8
-600,0.6977689351003193,0.0040255947040409,0.6945286681971599,0.6934769958564916,0.7021145292164124,0.7031136112114817,0.6956108710200516,0.5106797179168967,0.0062558741036872,0.5151053554858589,0.5194805119132763,0.5014081085987333,0.5102605930788412,0.5071440205077741,0.505382364870911,0.0070277466168843,0.5153923993316254,0.5095201008301338,0.4972076148015598,0.5071371329532244,0.4976545764380118,0.694190776348114,0.0015375145745773,0.6931143999099731,0.6940231124560038,0.6934775475299719,0.6971953565424139,0.6931434653022073,0.5347808275321959,0.0112395436468047,0.5236454323270979,0.5413914044526552,0.5203217126906176,0.5381621847609235,0.5503834034296847,0.350027174110916,0.0251455695421468,0.3594694289241679,0.3335027985553924,0.3659401114957962,0.3102064417758879,0.3810170898033359,0.6943216713992032,0.0015654799683022,0.6931151964447715,0.6944649309823008,0.6934940092491381,0.697304853887269,0.6932293664325367,0.5185099581860089,0.0136170632534106,0.5133819789363959,0.5004974436624166,0.5123913342357704,0.5405856456918061,0.5256933884036554,0.3416190756586642,0.0425874480122875,0.4021549620617114,0.2951188786182143,0.3508057405558917,0.2920108059230352,0.3680049911344684,10.4,7.525955088890711,16,22,4,2,8
-575,0.7037493182211807,0.0074442210215144,0.7053262744982218,0.7095677711300015,0.6965299039771876,0.7133722815316977,0.693950359968795,0.5030773632909776,0.0054297586294663,0.5012294849200091,0.500619405929079,0.495185443892645,0.5083761852040181,0.509976296509137,0.4971860445196842,0.0057497276863522,0.5014932477446659,0.5020010735426195,0.4948055868299336,0.4869170416532188,0.5007132728279827,0.693754995952953,0.0009184618130112,0.6954799727960066,0.6931502548131075,0.6938899141369443,0.693315428314787,0.6929394097039194,0.5377813528325228,0.0117679010117134,0.5206596862898487,0.54715560109361,0.526838193489156,0.5442139201463935,0.5500393631436059,0.3302408943806644,0.0304902657487791,0.3680049911344684,0.3659401114957962,0.3112407207356988,0.3102064417758879,0.2958122067614711,0.6938584638364388,0.000988616732325,0.6957485260385455,0.6932211102861346,0.6939192992268186,0.6933463649316267,0.693057018699068,0.5049814174807253,0.0117450371749117,0.4891003360817603,0.5098755161247704,0.4929574436014856,0.5179430092555884,0.5150307823400219,0.3441906743616309,0.0350091911437825,0.3823838943644693,0.3839646933313833,0.3272789190529268,0.2920108059230352,0.3353150591363398,5.8,5.706137047074842,2,1,10,1,15
-550,0.6995095775299466,0.0057003846341602,0.7033605016383928,0.7027280023417521,0.6916993733533879,0.7060448379860711,0.6937151723301288,0.5137837895127101,0.0160903981693854,0.4834768300317564,0.5175940324400764,0.5316265166975886,0.5197939571991993,0.5164276111949297,0.5112558576760227,0.0043355770902083,0.5040182177545236,0.50871861425366,0.5143638490172973,0.5133083327479864,0.5158702746066465,0.6966263348406011,0.0039495482596603,0.6930283886013608,0.7026223034569712,0.7000436818960941,0.6942237633647341,0.6932135368838455,0.5378220721438869,0.0061124682756228,0.53454149724577,0.546439470488699,0.5282920002852026,0.5388757005557511,0.5409616921440116,0.3578284806722176,0.0245135642118484,0.3660386487902716,0.3659401114957962,0.3659401114957962,0.3102064417758879,0.3810170898033359,0.6964914199077722,0.0037792400579988,0.6932722131411234,0.7028971260244196,0.6987025286212112,0.6943221561836473,0.6932630755684592,0.5104467957193378,0.0183993743839529,0.5024157964879274,0.4967959056357065,0.5026666141547051,0.5034142939416651,0.5469413683766852,0.3462504223648248,0.0315702769978423,0.3355063558826848,0.3839646933313833,0.3517652655525524,0.2920108059230352,0.3680049911344684,7.4,7.031358332498778,4,2,20,1,10
-525,0.6932345574664087,0.003153252538224,0.6977247565063005,0.6916012518184701,0.6915034664045904,0.6960815713577664,0.6892617412449158,0.5297055322858211,0.0174679713677806,0.5078390213777719,0.5335610908753343,0.539880014950632,0.5124292482294248,0.5548182859959421,0.5178448580178341,0.0133039849327679,0.5060860082374923,0.5121045236858521,0.5263394200449382,0.505011383880997,0.5396829542398911,0.6956817244038438,0.0024501239709367,0.6933921250430021,0.6949408433654092,0.6991588455257993,0.6930054209449075,0.6979113871401007,0.5355827682356052,0.0115449755672902,0.5411084289876248,0.5237746990235128,0.5204521141481658,0.5506638030261667,0.541914795992556,0.3542820073860129,0.0386440654826221,0.3080243456256361,0.414544169220371,0.3659401114957962,0.3662531602780359,0.3166482503102252,0.6953819755351904,0.0021266218703385,0.6935082439220313,0.6947160706375585,0.6985329534068252,0.6930095715956255,0.697143038113912,0.5155284151011258,0.0175838440406062,0.5099239420657942,0.5014121634992392,0.4966509317546294,0.5451718163541799,0.5244832218317863,0.3568449970411594,0.037478320128054,0.2947058548219174,0.4118463851634837,0.3503398658761805,0.3628553242763289,0.3644775550678864,16.4,9.134549797335389,4,22,22,7,27
-500,0.696759694753234,0.0018293090129288,0.6974462989679316,0.6945853362378386,0.6998525120548367,0.6965398143247231,0.6953745121808396,0.5093914400101032,0.0063116128173247,0.5064569979379794,0.5209782165129706,0.5110609866578764,0.5045910138730667,0.5038699850686224,0.5117651883944022,0.001357281298413,0.51202927832924,0.5134812007307287,0.5093341602001162,0.5122948351881409,0.5116864675237849,0.6938714984691504,0.0005221181995552,0.6930337259263704,0.6937695940335592,0.6937955076044257,0.6946335218169473,0.6941251429644498,0.5416723446220564,0.0091441552927147,0.5267895937415208,0.5540268085135538,0.5477814463351505,0.5395528571154707,0.5402110174045861,0.3349246433978953,0.0285234277086137,0.336724345460525,0.3659401114957962,0.3659401114957962,0.3102064417758879,0.2958122067614711,0.6939383452588862,0.0004786791677197,0.6931850765690659,0.6937972957437689,0.6940040281324675,0.6946772607890043,0.6940280650601243,0.5198168747188596,0.0262760709663308,0.481353279490417,0.5190520684964488,0.5038235577599318,0.557216021855499,0.5376394459920016,0.3318998526027497,0.0321788508389383,0.3268633174069922,0.3839646933313833,0.3486361007267015,0.2920108059230352,0.3080243456256361,5.6,1.624807680927192,4,5,4,7,8
-475,0.6974966673506904,0.0049831164328552,0.698560410553647,0.6937372690623569,0.7065977454185486,0.6926283811785511,0.6959595305403483,0.5047093080100002,0.0127421245913587,0.5028903715031621,0.5107291333545503,0.4917559940051468,0.5259106662311609,0.4922603749559813,0.5020400895479489,0.0027866580637398,0.5000357279397379,0.5031304131927405,0.4989859824299922,0.5068895055874858,0.501158818589788,0.6939900647510182,0.0006363919125863,0.6938491572033275,0.694696225903251,0.6935743201862682,0.6947284629850676,0.6931021574771765,0.5355775228599078,0.0071006189119086,0.5310700031795722,0.5409726469682595,0.5237288932756021,0.5400076099092411,0.5421084609668639,0.3296053726510388,0.0305426247063929,0.3080243456256361,0.3112407207356988,0.3659401114957962,0.3670094786365919,0.2958122067614711,0.6940849300586817,0.0006943998679192,0.6939686121362628,0.6951360124530215,0.6937275257977572,0.6945027347766992,0.6930897651296674,0.5043225228476134,0.0257105064135781,0.4774575627252942,0.4987566418576667,0.4813540719357547,0.5163640228811825,0.5476803148381687,0.326528688953996,0.0364199566182062,0.2947058548219174,0.2932038564109843,0.350084652175253,0.3866247357361891,0.3080243456256361,9.4,5.083306010855534,5,11,2,14,15
-450,0.7008508872740047,0.0077235838358384,0.6997137137295044,0.7159395924548513,0.6978971577182258,0.6955824260859146,0.6951215463815276,0.5020053625996181,0.0116110492104572,0.5064277966823568,0.4914284720630205,0.4853551334970259,0.5150503878434832,0.5117650229122044,0.502104526205871,0.010411840230778,0.499965775186996,0.4944056167600914,0.4884016191481373,0.5164570377755908,0.5112925821585392,0.6995351217009805,0.0103777923938245,0.7202136679129167,0.6945295062932101,0.6938257109035145,0.6958952221003446,0.6932115012949164,0.5405767773863627,0.006667644642747,0.5410490513107503,0.5407228568746143,0.5293028204348074,0.5502732170899152,0.541535941221726,0.3583037283534709,0.0247336904186501,0.3680049911344684,0.3659401114957962,0.3659401114957962,0.3102064417758879,0.3814269858654058,0.699647339185079,0.0105003833684927,0.7205667369293444,0.6946285168329874,0.6938251455624899,0.6959857633619597,0.6932305332386133,0.51646588090216,0.0245648841630201,0.4849163273399835,0.5286782863248308,0.4910019277398077,0.5493704365975598,0.5283624265086175,0.3550000970960115,0.0339590892372931,0.3823838943644693,0.3839646933313833,0.3486361007267015,0.2920108059230352,0.3680049911344684,6.2,3.867815921162743,3,1,11,6,10
-425,0.6980475736647537,0.0034915205126848,0.6955441482288321,0.6935444713867817,0.7038387256799284,0.6989126500395155,0.6983978729887107,0.5001491713572721,0.0101430589216355,0.4983877019737557,0.5193296084053741,0.4898583806942514,0.4990458200977091,0.4941243456152702,0.5061445624095977,0.0066163883505995,0.5015927379406065,0.5183483524150123,0.5071018731332668,0.4994676769427385,0.5042121716163643,0.6934241442969351,0.0004954008113546,0.6936070178494309,0.6929579268802296,0.6943133762388518,0.6931530183011835,0.6930893822149797,0.5375026272828076,0.0120490564791657,0.5284012829587834,0.547705501781799,0.5198948967395469,0.5389474166095977,0.5525640383243113,0.3235569366932943,0.0252912940002589,0.3080243456256361,0.3356979317070734,0.3112407207356988,0.3670094786365919,0.2958122067614711,0.6934984897122238,0.0005041698846401,0.6937350269519922,0.6932023257920237,0.6943799781076836,0.6930084282701666,0.6931666894392534,0.5099152320944854,0.0155379518674225,0.4947447796571777,0.5032874601296095,0.5032145530269914,0.5396900969212218,0.5086392707374268,0.330739074435578,0.0331955897984336,0.2947058548219174,0.332275514625574,0.3272789190529268,0.3914107380518357,0.3080243456256361,7.8,3.815756805667783,10,14,4,4,7
-400,0.695380562605317,0.0013292251328443,0.6974444708873316,0.6956902392131766,0.6933003811492133,0.6950010706468955,0.6954666511299684,0.5083827891834065,0.0080470959070457,0.5038151150952394,0.5019650840495958,0.5238103817616472,0.5087933107478508,0.5035300542626996,0.5055762789532551,0.0086675720283056,0.5003729738134141,0.5024972533628292,0.5228372211980156,0.5017317141608492,0.5004422322311678,0.6941397822264468,0.0011391559511938,0.6932535388252952,0.6942003694447604,0.696310332327178,0.6932628534056924,0.6936718171293085,0.5406459602329978,0.0109937884239343,0.5270825363666475,0.5419424350888041,0.5305220931311463,0.5575642433243347,0.5461184932540565,0.3205608328976304,0.0243025205078894,0.3175010376186913,0.3112407207356988,0.3112407207356988,0.3670094786365919,0.2958122067614711,0.6942205436301954,0.0011895449371241,0.6933827038967249,0.6943734793952017,0.6964731324802745,0.6932838179848411,0.6935895843939348,0.5124872449789831,0.0197755563175279,0.5060585961264086,0.4846613441906554,0.5053188220480825,0.5224647375549782,0.5439327249747906,0.3219675423295308,0.034565084549675,0.2947058548219174,0.2932038564109843,0.3272789190529268,0.3866247357361891,0.3080243456256361,10.2,3.919183588453085,5,9,17,11,9
-375,0.6972508104806094,0.0038719882625056,0.6957397350330943,0.6921171582851213,0.7035746752601308,0.6956390978134784,0.699183386011222,0.5069970468395567,0.0183408576734568,0.5052343355605008,0.5288961186352483,0.4736503532539855,0.5136160234748585,0.5135884032731902,0.5034003204585199,0.012169354722814,0.4970563292873442,0.5163893167042063,0.4826239833273645,0.5104996537035772,0.5104323192701073,0.6943510871945004,0.0015356517673413,0.694689853624864,0.6928170720736185,0.6930499438083533,0.6971016490098202,0.6940969174558466,0.5464334128091046,0.013820390867371,0.5433597888888944,0.5556930465377304,0.529819812750515,0.5679175645947544,0.5353768512736287,0.3458626794831037,0.0545040686143899,0.3080243456256361,0.3759049173732388,0.4393654858792843,0.3102064417758879,0.2958122067614711,0.6945982506780913,0.0015769176652237,0.694926608692516,0.6931674119197961,0.6933049686027296,0.6974896210612673,0.6941026431141477,0.5063162053726366,0.0190100499642446,0.5224070487905628,0.4904496470209079,0.4797528413376816,0.5305257003159743,0.5084457893980561,0.3500490061739513,0.0644297852010543,0.2966537542328189,0.4490909759568789,0.4044651491313873,0.2920108059230352,0.3080243456256361,8.6,4.2708313008125245,10,16,5,8,4
-350,0.69998008160247,0.0048130249881579,0.7027165834436712,0.7008468090873403,0.706777406107519,0.6928696988784161,0.6966899104954041,0.4983779256614938,0.0170875959678672,0.4834995651683614,0.4749068793036154,0.5111404324109001,0.5211073644596401,0.501235386964952,0.4991118351352221,0.0136488691790277,0.4897739548824,0.4774011576234526,0.5068664673792636,0.5153124129086577,0.506205182882337,0.6939933014638496,0.001195569276378,0.6963076176065387,0.6932353196722089,0.6930951205166903,0.6933535626440337,0.6939748868797765,0.5434982336852426,0.0092346754235428,0.5324967975172965,0.5501458134263273,0.5461356416416402,0.5555980151594677,0.5331149006814817,0.335367721099685,0.0316827689174407,0.3080243456256361,0.3112407207356988,0.3659401114957962,0.3102064417758879,0.3814269858654058,0.6941555438619671,0.0013528509940479,0.6967887679735819,0.693363166216648,0.6930876247810595,0.6934950929699522,0.6940430673685941,0.5141363764808128,0.0165116004612928,0.4917800357664116,0.4967690504369645,0.523887665706639,0.5320785266706848,0.5261666038233643,0.3193123218034214,0.0324449164238436,0.2947058548219174,0.2932038564109843,0.3486361007267015,0.2920108059230352,0.3680049911344684,6.4,3.7202150475476543,4,7,1,12,8
-325,0.6987651231362647,0.010456501557089,0.7192794010811245,0.6923566608084846,0.6906485711176371,0.6950726091247243,0.6964683735493532,0.5159921837174289,0.01724072876931,0.5030279133673886,0.5273676658268048,0.5445615939280846,0.5004340764626789,0.504569669002188,0.5096155920854842,0.0157221935255671,0.4966787624034355,0.5163187289396138,0.5376507149235532,0.4986054408431505,0.4988243133176681,0.693743915268869,0.000914032035306,0.6931188973513517,0.6925434777230928,0.6945932778445157,0.6934744065458124,0.694989516879573,0.5504661738076493,0.0143549397662308,0.5558451937514449,0.5588951031559811,0.524288450271822,0.5658315267675545,0.5474705950914436,0.3539247905816738,0.0460541686047106,0.3080243456256361,0.3791921994535185,0.4195857224311515,0.3670094786365919,0.2958122067614711,0.6937940742030289,0.0005842769428764,0.6931991378466288,0.6933161851131555,0.6941785902687998,0.6935300212917905,0.6947464364947695,0.5292264615266667,0.0155746819499703,0.5191373934887339,0.5098409609631468,0.5223102701864047,0.5438659129255102,0.5509777700695377,0.3630230161606109,0.0528338434257885,0.2947058548219174,0.4320698286797829,0.3936903159395288,0.3866247357361891,0.3080243456256361,13.0,10.825894882179488,1,17,32,9,6
-300,0.6996167132534932,0.0043185716440414,0.7065062934590369,0.696279818249732,0.6963002061106495,0.6960619098132419,0.7029353386348056,0.4957962291674634,0.0088271821348972,0.4868062754197491,0.501610477079534,0.5028533619230585,0.4834239502725534,0.5042870811424219,0.4952460780510669,0.0091334690185631,0.4953519050427998,0.5006605158334511,0.4958066372852431,0.4786231127385614,0.5057882193552798,0.6939996499003785,0.0009867417170152,0.6941156260895006,0.6930527000716238,0.693158973347057,0.6938726179527513,0.6957983320409601,0.5442754380563758,0.0140223739207736,0.5317340226800541,0.5564603004844058,0.5236113033306676,0.5586221708682041,0.5509493929185475,0.3186419299568212,0.0243783969926437,0.3080243456256361,0.313226544125315,0.3659401114957962,0.3102064417758879,0.2958122067614711,0.6941119555271034,0.0009478902895545,0.694244592478781,0.6932279539830757,0.6930956659895001,0.6942547415242051,0.6957368236599546,0.5088475716128069,0.0213892219709167,0.4789304244927134,0.4931368519628861,0.533003921902388,0.5067072005902307,0.5324594591158164,0.3073161927016549,0.021448868507347,0.2947058548219174,0.2932038564109843,0.3486361007267015,0.2920108059230352,0.3080243456256361,7.6,4.079215610874228,3,11,8,13,3
-275,0.6983266717379855,0.0065699079493741,0.6915547896906272,0.6941795871429837,0.7041327062341356,0.69360369136653,0.7081625842556512,0.5116097267176486,0.0173906007217636,0.5373574796861964,0.5097454591408742,0.4886276824251096,0.5237519016432574,0.4985661106928054,0.5056602632238159,0.0123164631322589,0.5268576363950358,0.5102633312064432,0.4950452481374306,0.492591131263475,0.5035439691166945,0.6948054248636419,0.0012276833061587,0.6965734127796057,0.6938710718443899,0.695667646147988,0.6931341362721992,0.6947808572740266,0.5517504464573098,0.0106636540073437,0.5391224270037068,0.5604471568649116,0.5588858278902153,0.5619259573043941,0.5383708632233206,0.3306616236007858,0.0306088825496465,0.3680049911344684,0.3112407207356988,0.3112407207356988,0.3670094786365919,0.2958122067614711,0.6949731313821041,0.001148461870593,0.6964909199512366,0.6942773497465885,0.6957444295738683,0.6931908780878241,0.6951620795510032,0.5114660087324396,0.0098159401468738,0.5027805342147976,0.5225840340223546,0.5189562760686635,0.4970870578939464,0.5159221414624362,0.3395031502380411,0.0383227702899274,0.3823838943644693,0.2932038564109843,0.3272789190529268,0.3866247357361891,0.3080243456256361,8.8,4.874423042781577,13,14,4,11,2
-250,0.698775036801997,0.0023799368296718,0.7024491447763345,0.6956386990153912,0.6995844417011615,0.6967933522057288,0.6994095463113686,0.4861558094355721,0.013904052347613,0.4816073948839388,0.501610766017851,0.4636110436923431,0.483879273926673,0.5000705686570547,0.489591934053648,0.0126450416234827,0.490815418447018,0.5039124069226932,0.4688646189900819,0.483527478070441,0.5008397478380056,0.6938943205457745,0.0007509135772583,0.693346872474208,0.6937800338774016,0.6952236493428549,0.6930522720019022,0.6940687750325059,0.5460994192353636,0.00817612765711,0.5357384096617781,0.557074843855324,0.5481368497191201,0.551800856821826,0.5377461361187701,0.3186654944990194,0.0248310376058977,0.3080243456256361,0.3112407207356988,0.3112407207356988,0.3670094786365919,0.2958122067614711,0.6939611384362885,0.0007287175248679,0.6934918327765032,0.6939745057712902,0.6952626831603773,0.6931006276246273,0.6939760428486448,0.5143365997019446,0.0168305157917662,0.5016077540203279,0.495784754403638,0.5208671777858469,0.5099604720360946,0.5434628402638157,0.3226061466314919,0.0340816295077267,0.2978988763317229,0.2932038564109843,0.3272789190529268,0.3866247357361891,0.3080243456256361,7.4,2.4979991993593593,5,10,8,10,4
-225,0.6963656274313779,0.003309904039487,0.6936273820621451,0.6931243483553228,0.6987149291431781,0.6946689750730377,0.7016925025232059,0.5095523475412802,0.0103476418931841,0.5176306901562919,0.5192790096504182,0.5147386397912381,0.5045491328420777,0.4915642652663752,0.5006852658504997,0.0076699838573741,0.5086423977692927,0.4984111871384638,0.5080792278007398,0.5006843818261119,0.4876091347178903,0.6955335996367713,0.001901577916749,0.6969553990797563,0.6927444934844971,0.6969129515416694,0.6973131696383158,0.6937419844396187,0.5470665285822945,0.0093922182173726,0.5522927078315054,0.5508533553372615,0.5497652946882738,0.553929716143675,0.528491568910757,0.3376966136011333,0.0629941401415712,0.3080243456256361,0.4631993531069731,0.3112407207356988,0.3102064417758879,0.2958122067614711,0.6959659005656388,0.0021068394317168,0.697582786733454,0.6931913477001768,0.6975689837426851,0.6978893894137759,0.6935969952381018,0.5052764761017814,0.0254263108761591,0.5029122477370437,0.5220796809591471,0.4606298807466834,0.5046484617489753,0.5361121093170574,0.3355435522020308,0.0605317107582988,0.2947058548219174,0.4537003892838104,0.3292763653557549,0.2920108059230352,0.3080243456256361,9.2,4.308131845707603,12,14,4,12,4
-200,0.6972086516852232,0.0043029301173196,0.6979631191676425,0.6951155373730611,0.7046589255332947,0.6915602413649412,0.6967454349871763,0.510243735229699,0.0107422701074273,0.5001071766695673,0.509097184504854,0.5070940154721416,0.5308549887880795,0.5040653107138526,0.5040358702715009,0.006352683300277,0.4936620805700047,0.510782490129548,0.5098558981148971,0.5054267587106929,0.5004521238323615,0.694918074391105,0.0019033464300022,0.6936481920155612,0.6934493455019864,0.6930458635994883,0.697546641031901,0.6969003298065879,0.5466830447113795,0.0129894968140829,0.5376734117961295,0.571334078581016,0.534660681661035,0.5435129651550309,0.5462340863636863,0.3397691162430075,0.0624096632273129,0.3080243456256361,0.3112407207356988,0.4636095550117268,0.3201587530805047,0.2958122067614711,0.6953785914363284,0.0024456287029005,0.6937214515425942,0.693830410639445,0.6930263909426603,0.6995333342841177,0.6967813697728243,0.5124929534591685,0.0171208022973312,0.5013683997880892,0.5375829652673165,0.5265016964680982,0.5064059201023121,0.4906057856700263,0.3372462610977423,0.0807261127742611,0.2947058548219174,0.2932038564109843,0.4982864427071388,0.2920108059230352,0.3080243456256361,10.0,7.238784428341543,6,12,2,23,7
-175,0.6934626017649149,0.0024664552843058,0.6927496145681008,0.6960140669468752,0.6941522673233268,0.6953391740002584,0.6890578859860135,0.5230633745592872,0.0174751371148398,0.5199174360650369,0.5165093830016665,0.5157052348842209,0.5063493979078534,0.5568354209376581,0.515127254114649,0.0157524759563205,0.5111423262390672,0.5076270236985627,0.5031892983071418,0.507451528458932,0.5462260938695416,0.693330906015454,0.0001659260219845,0.693548341592153,0.693187952041626,0.6931161627624974,0.6933173952680646,0.6934846784129287,0.549172770654814,0.0129117299619157,0.5488844297668782,0.562859810620697,0.5466834196774506,0.5607539682181709,0.5266822249908727,0.3588825447375953,0.0454042552048811,0.3080243456256361,0.3112407207356988,0.4295812184280063,0.3670094786365919,0.3785569602620433,0.6934108141696814,0.0006860871465713,0.6941112659194253,0.6934931549158964,0.693884961532824,0.6934309583721738,0.6921337301080878,0.4998341573410348,0.0263615751258008,0.4737093373153567,0.4869014325486829,0.4861885635613383,0.5032740594699678,0.5490973938098287,0.3645723017760788,0.0596104014525128,0.2947058548219174,0.2932038564109843,0.4140718173006298,0.3866247357361891,0.434255244610673,13.4,7.059745037889116,10,7,18,7,25
-150,0.7032230480430052,0.0083321937404855,0.7038473505334756,0.7000151012361664,0.6957670185983795,0.6975084383463123,0.7189773315006924,0.4954212710608929,0.0138674079053067,0.5117713321036459,0.4732487146114474,0.5015706176505513,0.5043328213682091,0.4861828695706107,0.4974868464866419,0.006893787510698,0.5064814455407733,0.4864607514306536,0.501928644057889,0.4987826559568656,0.4937807354470279,0.6935380299886067,0.000516451095591,0.6929252454728791,0.6935874223709106,0.6934591441443472,0.6944687510981704,0.6932495868567264,0.5514686080543412,0.0145531661190903,0.5506008350510738,0.5479084798162692,0.5643422038238802,0.5677902409652562,0.5267012806152266,0.3333275105067861,0.0289560030979191,0.3525226834212389,0.3112407207356988,0.3112407207356988,0.3102064417758879,0.3814269858654058,0.6937568176876415,0.0005278017079008,0.6932816288687966,0.6937515356323936,0.6937822555050706,0.6947133288238988,0.693255339608048,0.5121433995248816,0.0238537489574724,0.5093796919129385,0.4779053559161688,0.4999104033817216,0.549078415393633,0.5244431310199463,0.3159532279922252,0.0296404730520196,0.296269360613753,0.2932038564109843,0.3302771258788848,0.2920108059230352,0.3680049911344684,5.4,3.3823069050575527,3,6,11,6,1
-125,0.6955737902946079,0.0034630930520699,0.694651566829878,0.6916188726720122,0.6923452695620429,0.6999420376168084,0.699311204792298,0.5142648340205406,0.016169066946276,0.50663016345637,0.5357257927816288,0.5308814711327778,0.5039847377958124,0.4941020049361141,0.511156471824983,0.0109116789348568,0.508377916410203,0.5264712375766369,0.520068324422383,0.5051031173500976,0.4957617633655948,0.6932150840759277,0.0004257545896673,0.6930595166755446,0.6940342657493822,0.6931302601640875,0.6927908171306957,0.6930605606599287,0.5491673804629711,0.0034467512182428,0.5430486025549883,0.5517910599667901,0.5495854473850335,0.5529607233874295,0.548451069020614,0.3589993819416651,0.0499873169790261,0.3526650333040538,0.3260576388563532,0.3776242887546575,0.4428377420317902,0.2958122067614711,0.6938425725156612,0.0008151490186081,0.6939189488237555,0.6952443104801755,0.6939942312963081,0.6930110057195028,0.6930443662585635,0.4971729941007778,0.0237095613391604,0.4694542910067203,0.4965080461290893,0.4768276710702125,0.5066922932080897,0.5363826690897773,0.3507409192672469,0.0648248319142613,0.3032108277530111,0.2923654326476593,0.359482975250067,0.4719439188509664,0.3267014418345308,11.4,6.343500610861483,20,17,11,4,5
-100,0.6978678856928324,0.006811565922924,0.689064085483551,0.6970681529684165,0.6976586948965013,0.710042402301867,0.6955060928138261,0.5116218952351744,0.0248520487004611,0.5598856321585539,0.4993582255696488,0.4889199788479053,0.5034664480607064,0.5064791915390576,0.5061389868737076,0.018707887666196,0.5415712191322679,0.5045463284880835,0.4864932656222492,0.5006635678073343,0.4974205533186028,0.693368698611404,0.0002306158445209,0.6933863777102847,0.6937217477596167,0.6933868924776713,0.6933545163183501,0.692993958791097,0.5525437684170028,0.0091750992472886,0.5520858007188832,0.5691171514225594,0.5408781771437832,0.5504584730268074,0.5501792397729809,0.3601731070709114,0.0291673904855331,0.4019957196663566,0.3112407207356988,0.3659401114957962,0.3670094786365919,0.3546795048201129,0.6941141504229922,0.0012756730613563,0.6965828104452654,0.694006571263978,0.6935302434545575,0.6934608636480389,0.692990263303121,0.5129839782113811,0.017069726504341,0.502667347355595,0.5036584454948854,0.5024780875257147,0.5093677263812977,0.5467482842994124,0.3619560047497477,0.038851086311297,0.4045616190571299,0.2932038564109843,0.3486361007267015,0.3866247357361891,0.3767537118177341,10.6,8.309031231136396,26,9,7,1,10
-75,0.6950108792363983,0.0023572609909683,0.6976916286134228,0.6957979429628431,0.6905953417119292,0.6953593461783891,0.6956101367154073,0.5128388622848346,0.016158879999039,0.522252025613028,0.4964446517001065,0.5397257818791474,0.506569735797651,0.4992021164342398,0.5121851216202805,0.0170182817351674,0.5195928320007097,0.4912860661781059,0.5411165073193269,0.5048132167454991,0.504116985857761,0.6946972095605098,0.002415238155449,0.6950052868236195,0.6930207971370581,0.6992861303416166,0.6929938395818075,0.6931799939184478,0.5441728036653961,0.0123476017625755,0.5337752700181515,0.5635710996009321,0.5472853551306658,0.5479868001007707,0.5282454934764602,0.3864344859085907,0.032174841313911,0.3680049911344684,0.4497908624106909,0.3659401114957962,0.3670094786365919,0.3814269858654058,0.6950645197521557,0.0029892177763778,0.6951862501375603,0.6931158195842396,0.7008213527274855,0.69306937492255,0.6931298013889429,0.5180007999675282,0.0199606637159904,0.4990635539946861,0.5181558534060516,0.4997690777529119,0.5189565961855663,0.5540589184984251,0.3741504827951057,0.0151331217830195,0.3823838943644693,0.3783099901678881,0.3486361007267015,0.3934174375820012,0.3680049911344684,9.2,3.919183588453085,3,11,15,9,8
-50,0.6994582569476255,0.0053103527752892,0.702636874828142,0.6955593873545066,0.6943199585393532,0.7083929887751943,0.6963820752409315,0.4996026044854427,0.0140025349603807,0.489247192030572,0.5160324189619668,0.516884983100431,0.4919073877946481,0.4839410405395959,0.5005759440735895,0.0111088661894155,0.4880297849057429,0.5146476559412443,0.5121381291458886,0.4894338803418032,0.4986302700332684,0.6936810977531203,0.0008951861533382,0.6949330297383395,0.6929493799354091,0.6928500785972133,0.6945997675259908,0.6930732329686483,0.5485143145953113,0.0080165200991304,0.5409830505378588,0.558781412784412,0.554291780247915,0.5509499170518276,0.5375654123545431,0.358952621004968,0.0524900153603522,0.3080243456256361,0.440390972186467,0.3829213054151339,0.3670094786365919,0.2964170031610109,0.6939005765047941,0.000849091653588,0.6952693263689677,0.6931770172986117,0.6935574394283872,0.6944721864931511,0.6930269129348524,0.5083256024890984,0.0229861440059622,0.5070615252064028,0.4878637742258618,0.4953833927751215,0.4987051625913152,0.5526141576467904,0.3669333020354359,0.046864369065565,0.2947058548219174,0.4388586740227728,0.3600275294701453,0.3866247357361891,0.3544497161261549,6.4,3.3823069050575527,3,7,10,2,10
-25,0.6979743784235924,0.0035867498059785,0.6941315064725188,0.7018309008214891,0.6950621690946756,0.6961069082476429,0.702740407481636,0.5060082922165651,0.0060428212460917,0.5059546249112643,0.5145159187240297,0.508282516692867,0.4957719937621087,0.5055164069925558,0.5048556801929706,0.0072597452246251,0.5059726595999049,0.5152834817958468,0.5082752624212381,0.4935087095634278,0.5012382875844352,0.6937389308756048,0.0007223074921153,0.6933660723946311,0.6933788494630293,0.6950300913868528,0.6939682779890118,0.6929513631444989,0.5452368847254541,0.0082048985077777,0.5533708366383449,0.5447359953330011,0.5529593451621988,0.5443656383562494,0.5307526081374766,0.3264334820740003,0.0223622761055248,0.3080243456256361,0.3659401114957962,0.3112407207356988,0.3102064417758879,0.3367557907369826,0.693990868510622,0.0008320202944357,0.6935065912477898,0.6937632849722197,0.6954688700762662,0.694198135173682,0.6930174610831521,0.5053873980004254,0.0115695217881781,0.5026164563830796,0.4868431002395698,0.5019911988283787,0.5170956959606077,0.5183905385904911,0.3337637305481454,0.0372115620501115,0.2947058548219174,0.3839646933313833,0.3308195447279399,0.2920108059230352,0.3673177539364514,8.0,5.019960159204453,13,2,10,13,2
0,0.6926368141911693,0.0104120851436896,0.6877949526629497,0.6749104845155146,0.7049607265855848,0.6976179615738466,0.6978999456179511,0.5370854274738491,0.0411784352610454,0.5609119140497959,0.6064900460192146,0.5014779749978722,0.4991773994484103,0.5173698028539528,0.5259569472208261,0.0276468161799608,0.5433182669551816,0.5710481286015208,0.5016844856457202,0.4976720358618615,0.5160618190398465,0.6944753086928165,0.0047618439804075,0.6927885395107847,0.6866534460674633,0.695446460536032,0.6962984764214718,0.7011896209283308,0.5536872965168461,0.0207177810092897,0.5570997317242549,0.5806056121178869,0.5381185357583804,0.5693122500077297,0.5233003529759792,0.362512651780149,0.066592978335011,0.35589257557616,0.4847119232914297,0.3659401114957962,0.3102064417758879,0.2958122067614711,0.6973537669037329,0.0022820829519108,0.694630933530403,0.6988737619284427,0.6954641233791005,0.6969046592712402,0.7008953564094774,0.5186512500356569,0.021194919557543,0.4917370878618416,0.5052821651832534,0.517379661408475,0.5548882829807402,0.5239690527439742,0.3452940374695156,0.0632294558696408,0.3116089399655081,0.4661899951066972,0.3486361007267015,0.2920108059230352,0.3080243456256361,17.2,16.53360214835231,29,44,2,7,4
25,0.6885391820337355,0.0133491168419048,0.6912234880260586,0.6934258943980502,0.6625674981431863,0.7005757566579839,0.6949032729433984,0.5389458113133018,0.049602650017509,0.5364010622165397,0.5169574211836755,0.6351031581629372,0.5024627069989686,0.5038047080043881,0.524869538857322,0.0351018951695433,0.5210049606569553,0.5057204782595883,0.5933666476640517,0.4969864616580297,0.5072691460479851,0.6931630044272452,0.0012903786531934,0.6927612496144844,0.6945227926427667,0.6909200820055875,0.6942843975442828,0.6933265003291044,0.5458857941388989,0.0173326385628964,0.5452807368582865,0.5378428558643974,0.5598691467834985,0.5679898704627596,0.5184463607255525,0.3819704855287155,0.0703778604375744,0.3698376736490578,0.3659401114957962,0.5112529571006603,0.3670094786365919,0.2958122067614711,0.6952128453688189,0.0024140089171686,0.693725201216611,0.6946320768558618,0.6999467954491124,0.6944386417215521,0.6933215116009568,0.5097697599321801,0.0121186149667264,0.4999590913671004,0.4962785809057503,0.5299553300817639,0.5160039108179323,0.5066518864883535,0.3785376174492315,0.0541448076925229,0.3439226673080757,0.3839646933313833,0.4701516452448732,0.3866247357361891,0.3080243456256361,18.2,16.117071694324622,18,10,49,3,11
50,0.6954749657935704,0.0028488697408191,0.6937688619820113,0.693554070192514,0.6937507274224586,0.6952619177778971,0.7010392515929704,0.5082354633102706,0.0094512786555508,0.5115367543085899,0.5199228188604076,0.5151638492719303,0.4996178710239679,0.4949360230864572,0.5039984522492927,0.0085644851915022,0.4947946767857802,0.5156338004039535,0.5111734759085073,0.5041467655433556,0.4942435426048676,0.6949556043653777,0.0018514087424949,0.6949425556442954,0.694798778403889,0.6983244437159914,0.6927868940613486,0.693925350001364,0.5492304541851197,0.0089373806314933,0.562043120577951,0.5442678177963883,0.5419142480544588,0.5578213728696633,0.5401057116271373,0.3155172273597898,0.0187570578510012,0.3080243456256361,0.3112407207356988,0.3112407207356988,0.3512681429404442,0.2958122067614711,0.6953058781045857,0.0020806029427667,0.6953711672262712,0.6951287713917819,0.6991068937561729,0.6930393179257711,0.6938832402229309,0.5047711578065635,0.0071483247450771,0.4985929079494378,0.5024061820984048,0.4968712436725824,0.5103345528125204,0.5156509024998721,0.3072074846958513,0.0131948877207862,0.2947058548219174,0.2932038564109843,0.3297346275242527,0.310368739096466,0.3080243456256361,9.6,2.727636339397171,11,8,12,12,5
75,0.6952183904107084,0.0018575919342928,0.6955962992206062,0.6950108648575458,0.6944871704602978,0.6926373925405679,0.6983602249745241,0.5076970847055657,0.0145479343768446,0.4996080976246744,0.4993924102422825,0.5189620575717954,0.5300574047185787,0.4904654533704968,0.506832798090931,0.0166181685343413,0.498574245253881,0.4947923754496334,0.5181414421051936,0.5336813046859973,0.4889746229599493,0.694609402887749,0.0032510626765359,0.6929917498068376,0.6927301341837103,0.6929900573961663,0.7011037920460557,0.693231281005975,0.5468893865167395,0.0098726948289146,0.5443486590494744,0.5596900580706653,0.5389293531735734,0.5569428034518391,0.534536058838145,0.3437435468495303,0.0355794449879878,0.3944234990846726,0.350826152851785,0.3654885369265745,0.3102064417758879,0.2977731036087315,0.6950683814106565,0.0034713178605344,0.6932744257377855,0.69351870544029,0.6932897206508752,0.7020083340731534,0.6932507211511786,0.5115861864981007,0.0153867797316678,0.4902443032084796,0.5050673613721509,0.5208370552953916,0.5062785731529574,0.5355036394615241,0.3312406442173853,0.0386116568204521,0.3980965414874692,0.3078592500760946,0.3502122779746912,0.2920108059230352,0.3080243456256361,10.8,3.7094473981982814,14,16,8,10,6
100,0.6947319008640407,0.0037470993341116,0.6964609266556415,0.694075916845774,0.6999272833165434,0.6884239408158764,0.6947714366863683,0.5169452786542064,0.0204563863224347,0.4997905847193764,0.5111706256849444,0.5013012707496747,0.5559296936448165,0.51653421847222,0.5127288883464173,0.0168498242073809,0.5025553820882849,0.5078417261636191,0.5004139574627597,0.5459848899375231,0.5068484860798995,0.6932910749406525,0.0004112688566754,0.6933907469113668,0.6933296106078408,0.6939840551578638,0.6928097822449424,0.692941179781249,0.5487395188238742,0.0053184307917504,0.5550837386158827,0.555169748875055,0.5434355132417624,0.5436267439341331,0.546381849452538,0.3791762811838209,0.0636990127949467,0.3680049911344684,0.3112407207356988,0.3112407207356988,0.4448934050726212,0.4605015682406174,0.6935219938104803,0.0003410958366241,0.6935023015195673,0.6937292290456367,0.6940361532298002,0.6932891354416356,0.6930531498157617,0.5166347598069203,0.0134103663365209,0.4975283501702636,0.5086746793878951,0.5310961132465407,0.5324818652712775,0.5133927909586244,0.3596355159449116,0.0389387981865336,0.3823838943644693,0.2932038564109843,0.3378207816512475,0.3885362598580545,0.3962327874398021,10.4,6.7111846942250075,8,11,4,23,6
125,0.6888609116839379,0.0138125281670507,0.6949392133152362,0.6621397924177426,0.7001719345751497,0.6974945080648992,0.689559110046662,0.5426441058537823,0.052309922567289,0.507618158954545,0.6412704787101461,0.5058525007283783,0.5067154532632014,0.5517639376126408,0.5254385485884115,0.0420681804082777,0.4840665632875182,0.6033155423430661,0.5008025571490895,0.5054537227596094,0.533554357402774,0.7015168818560514,0.0099937843204946,0.6932597955067953,0.7207808621001967,0.7008026910550667,0.6945514263528766,0.6981896342653217,0.5538526130813228,0.0162980255999822,0.5465623430408051,0.5777289536991802,0.529742221227974,0.5645170129599812,0.5507125344786741,0.3344552631726551,0.0369554975846876,0.3080243456256361,0.3907775823739214,0.3659401114957962,0.3102064417758879,0.297327834592034,0.7008715593453609,0.0088818642029524,0.6933779084321224,0.7178681691487631,0.7009295333515514,0.6947329821008624,0.6974492036935055,0.5231568070510016,0.0194854923935644,0.5040283268376166,0.5147414294598834,0.5046865109057271,0.5406005346627709,0.5517272333890104,0.3372404351724714,0.0507558920609269,0.2980601467597189,0.4307764435295795,0.3486361007267015,0.2920108059230352,0.3167186789233215,19.4,17.511139311878026,12,51,3,6,25
150,0.6931866257461076,0.0072545048732022,0.6790341218722236,0.6965530631468468,0.6966008322755086,0.6943542256797712,0.6993908857561878,0.5245366405904567,0.0383724520685065,0.5992205854436334,0.4941813923233833,0.499563162075967,0.5097548269081043,0.5199632362011952,0.5210387345262468,0.0278367778787817,0.5761946067422551,0.5015756209097473,0.5060501990730751,0.507997816644683,0.5133754292614737,0.7000739375750223,0.0117146629273596,0.7233145435651144,0.693842022707968,0.6927525220495282,0.6934028249798398,0.6970577745726614,0.5496951666676195,0.0074383620817844,0.5460303872268768,0.5460444629929293,0.5570812175011092,0.5595424854468806,0.539777280170302,0.3650795233944991,0.0537367177358685,0.3101658862861752,0.3112407207356988,0.4560061200178452,0.3670094786365919,0.3809754112961842,0.7013796087467309,0.0140327753699183,0.7293172677357992,0.6939975221951803,0.6930899367187963,0.693567207365325,0.696926109718554,0.5143849811670791,0.0108044492398245,0.511932180116417,0.5013243232309101,0.5149663930117948,0.5097006437867153,0.5340013656895576,0.362618197685066,0.0608030635723528,0.3043326621231434,0.2932038564109843,0.4609247430205447,0.3866247357361891,0.3680049911344684,13.8,13.78985134075056,41,10,8,7,3
175,0.6921607164992499,0.003717614618282,0.6943680041844082,0.6860299368494565,0.6967541452535649,0.6934568089308198,0.6901946872780004,0.535060137851039,0.021265353159411,0.5215008063201058,0.5685068641602554,0.5120247160491097,0.5220919445506316,0.5511763581750927,0.5275258041586005,0.0190954539550039,0.5141877562890621,0.5570350302606587,0.5064808766051325,0.5173191395465164,0.5426062180916329,0.6954588185657153,0.0024437876852411,0.696578587546493,0.6992895856048121,0.6926075220108032,0.69306783062039,0.6957505670460787,0.5539519114167969,0.0087477298208042,0.5420362958269727,0.568936335710338,0.5545873620234866,0.5499980618941155,0.5542015016290716,0.3409701703853591,0.0464297343402157,0.3079218174167955,0.3561662069923633,0.4244704812405483,0.3209593789939847,0.2953329672831033,0.6979523777961731,0.0062960883100726,0.6992955912243236,0.7096809817082954,0.6927931019754121,0.69331898653146,0.6946732275413744,0.5318204776400373,0.0091248622550901,0.5347072253550934,0.5140826158875912,0.5370064321135598,0.5397954072953635,0.5335107075485785,0.3400980856433102,0.0443963010958105,0.2954142373484818,0.3573981868050024,0.4135717975637981,0.2936150019412431,0.3404912045580252,13.8,6.462197768561405,9,24,6,12,18
200,0.692942190784769,0.0059365806203056,0.6937980264732518,0.6835881367172163,0.7008176445960999,0.6968429653914934,0.6896641807457835,0.5290940851554846,0.0303370408268348,0.5159111470667146,0.5772618723162631,0.5010040767317113,0.5002012657679128,0.5510920638948215,0.5225752280722596,0.0204464310781265,0.5117307066981508,0.5563996694120809,0.5031613490027842,0.505870257030848,0.5357141582174342,0.6961695317066077,0.0034111017643275,0.6932183504104614,0.7024018005891279,0.6961835044803042,0.6929097789706606,0.6961342240824844,0.5564098822184955,0.0144292587604918,0.5437526146466617,0.5680625617581929,0.5776541247554338,0.5529566332053839,0.5396234767268049,0.350305261074111,0.0490383584032117,0.3679603135159982,0.3513831882372352,0.3079218174167955,0.4315383876422997,0.2927225985582264,0.6978790077296171,0.0070717252782395,0.6925118637807441,0.7116612792015076,0.6968590436559735,0.6929762905294244,0.6953865614804354,0.5136619673793957,0.0188173989688401,0.5192136457141383,0.5170039361987341,0.4771134208563845,0.5252211964679862,0.5297576376597358,0.3633389836384941,0.0537250666668401,0.3932064051869802,0.3287327778186751,0.3283504047593475,0.4550668748286602,0.3113384555988073,13.4,9.951884243699784,11,32,4,6,14
225,0.691197843158368,0.005536400275626,0.6929304827119886,0.6844778251402157,0.6982116060158641,0.6849956254369205,0.695373676486851,0.538625411115905,0.030104737322917,0.5257151680810559,0.5699077154966109,0.5119501028965501,0.5791100435176741,0.5064440255876338,0.5281039896601529,0.0224112914378219,0.5118231261595595,0.551008249076991,0.5085384567097682,0.5596259939746976,0.5095241223797488,0.6990843870423058,0.0072218313767015,0.6937041987072338,0.7048560344811642,0.6934316284728773,0.7104535030596184,0.6929765704906348,0.5483060292923361,0.0094926173323727,0.5320727944394488,0.561548049384253,0.5514840830629253,0.5473287463891221,0.549096473185931,0.3406465712260583,0.031391207818748,0.3253067671563739,0.3079218174167955,0.3679603135159982,0.314556366115112,0.3874875919260118,0.7012568802544565,0.0089034551312739,0.6954768281994443,0.7113102259057941,0.6934241381558505,0.7128903378139843,0.6931828711972092,0.5266232083970329,0.007731001189998,0.5200400189443339,0.5342497764398386,0.5324815251811365,0.5148296273911952,0.53151509402866,0.3187927574848354,0.0325802556139474,0.2965678470782474,0.2894513263010272,0.3476704215318076,0.2923138789970965,0.3679603135159982,16.0,9.077444574328174,15,29,4,23,9
250,0.6952200114112539,0.00683861523303,0.6930427600428001,0.707597427146951,0.6884974947909719,0.6899702616573609,0.6969921134181858,0.5315746801094952,0.0178540507842234,0.5344143925111058,0.50796942517221,0.5513595288159854,0.5499065866716916,0.5142234673764828,0.525734088753502,0.0156411781846955,0.5359470596202472,0.5034462174708234,0.5317559393677956,0.5456069174628333,0.5119143098458112,0.692983648632512,0.0006674647634055,0.6928576032320658,0.6941682154482062,0.6921197808150089,0.6927392717563745,0.6930333719109044,0.5484482410321796,0.0050619923572357,0.5446080868659404,0.5546365949183455,0.5447563341278008,0.5436181234234051,0.5546220658254064,0.4295304397152394,0.042988553139292,0.4687935145930274,0.3679603135159982,0.45580822011946,0.4676025584216999,0.3874875919260118,0.6925777139085711,0.0003763015337379,0.6928428465669806,0.6928041468967091,0.6921896952571291,0.6920619751467849,0.6929899056752523,0.5405832180163711,0.0156894941834721,0.5407325609634837,0.5104079937639051,0.553213373442537,0.5514499759675491,0.5471121859443806,0.453346739813803,0.0597231361024017,0.5175031150917935,0.3973521156001433,0.4795059759790445,0.5044121788820355,0.3679603135159982,10.8,7.467261881037788,8,1,19,20,6
275,0.6907007089595205,0.0069449851350422,0.6942351374429526,0.6841956106657835,0.7025423320298342,0.688107060402939,0.6844234042560932,0.5462821059922744,0.0311206054730856,0.5197639440802521,0.5767478093769228,0.4992841951292396,0.561658402441277,0.5739561789336804,0.5306489536269712,0.019948063408048,0.5163130229335422,0.5448010848299114,0.4989309350969392,0.5407292261194927,0.5524704991549708,0.6955691930019495,0.0015226724397184,0.6959486513426809,0.6979211586894412,0.6937893195585771,0.6940219113321016,0.6961649240869464,0.5490325743927186,0.0089212114272986,0.5452194645985449,0.5565077996114728,0.5523811190794046,0.5334497065258692,0.5576047821483017,0.336614107006755,0.0339085997964134,0.3079218174167955,0.3340104288132828,0.3079218174167955,0.4004933067827604,0.3327231646041406,0.6981736894809838,0.0040519063224872,0.698961160399697,0.7049812819018508,0.6938614447911581,0.6941719416416052,0.698892618670608,0.523038629538257,0.0131847664593056,0.5335853344164982,0.5086798628299648,0.5323493103184121,0.5352889364914852,0.5052897036349239,0.3380089022926272,0.0335330997139377,0.29323905758345,0.3288614214910788,0.3283504047593475,0.3431500572637457,0.3964435703655142,15.0,7.797435475847171,8,24,4,17,22
300,0.6952698565021003,0.0056713735710477,0.7015226913481644,0.6856941507034695,0.7004356666938546,0.6934410560991346,0.6952557176658788,0.5194158474785553,0.0277084849394907,0.504833327858708,0.572520084906266,0.4922060292011205,0.5128279559813286,0.5146918394453533,0.5108177280219215,0.0168253659621161,0.504991141390249,0.5442324857643934,0.4996417062148143,0.5009705003889473,0.5042528063512037,0.6940840775316411,0.0017195694753322,0.6929791262655547,0.6930133104324341,0.6927051363569318,0.6973101749564662,0.6944126396468191,0.5488870304150468,0.0060287270218258,0.5475873679949346,0.5520284402085243,0.5588329094661962,0.542050988154308,0.5439354462512709,0.3571934439671532,0.067437817617116,0.3119036306263168,0.4637124758866979,0.4097066973477295,0.3079218174167955,0.2927225985582264,0.6954283100185973,0.0022663542753339,0.6938230286944996,0.6972215500744906,0.692977406761863,0.698939045270284,0.6941805192918489,0.5210201293362359,0.0059684128491203,0.5235360554169044,0.5252043945266777,0.5092818268297178,0.5221620915809806,0.5249162783268989,0.3480013605956459,0.063155447724689,0.2986333066391278,0.4570478773946643,0.3818841437331383,0.2945196577945035,0.3079218174167955,9.8,5.74108003776293,3,19,5,13,9
325,0.6950842276061933,0.0049264524278517,0.6883199411569182,0.6994496067774665,0.69338053096201,0.7018904901042426,0.6923805690303291,0.5218330455928122,0.0232292825191542,0.5559750885474067,0.5016892065917404,0.5196814356881713,0.4929778475950798,0.5388416495416627,0.5162551976834225,0.0171765332910907,0.5417290639912613,0.5030159904431353,0.5117672017681837,0.4950494614249099,0.5297142707896225,0.6983702793265834,0.003940067628235,0.6984288746660406,0.7057983243104183,0.6968791430646722,0.6964319745699564,0.6943130800218293,0.5508510948349814,0.0046201764714238,0.5453049421967683,0.5499643275117767,0.5510447539965518,0.559247196414989,0.5486942540548208,0.3183650355995477,0.028262450870118,0.3738787938557925,0.3079218174167955,0.3079218174167955,0.3079218174167955,0.2941809318915598,0.6985925071167223,0.0064973805661459,0.6939741391124148,0.7111811619816404,0.6975382819320216,0.6969020836281054,0.6933668689294294,0.5266393312875121,0.0120065157069613,0.5329357466591845,0.532500625909671,0.5262599622638674,0.5037608421423595,0.5377394794624781,0.3264576354759621,0.0388373342125687,0.3962988875355741,0.2894513263010272,0.3307282817858009,0.290761701710966,0.3250479800464422,9.4,4.127953488110059,14,5,11,4,13
350,0.6896944465096464,0.0075012907805407,0.6892413914818125,0.6891455969859644,0.6917522426733037,0.7009148696034225,0.6774181318037289,0.5467923744718065,0.0341632183126269,0.5540448852619512,0.5513270612833255,0.5354019721750497,0.493524940920807,0.5996630127178992,0.5308113716782341,0.0191641427428853,0.5350629623658162,0.5347982707337298,0.5201698155971098,0.5029765451567356,0.5610492645377795,0.6969064849795717,0.0039745472582239,0.6912451603195884,0.6998410640340863,0.7002956722721909,0.6929271979765459,0.7002233302954471,0.5535248018631951,0.0081563052584872,0.5557343391085104,0.5645130164577811,0.5452294111133205,0.5431309019251963,0.5590163407111671,0.3768058364036478,0.0629409235141354,0.4834884214302061,0.3227607361367008,0.3679603135159982,0.4021784561228294,0.3076412548125043,0.698878208434943,0.005791633605599,0.6918262333580942,0.7068064248923099,0.6996734015869371,0.692889872825507,0.7031951095118667,0.5301487942669653,0.0120391862127069,0.5297087490926763,0.518050904401252,0.530279827323259,0.5521821957686016,0.5205222947490371,0.3643568527659276,0.0629266873760044,0.4829033703313949,0.2943760981486525,0.3476704215318076,0.3539703028938641,0.3428640709239188,15.6,10.190191362285598,15,13,9,6,35
375,0.6937167356923684,0.0064364764881395,0.6980257716375527,0.6996183610454048,0.6906939093599614,0.6978291211668978,0.6824165152520248,0.5261390064649081,0.0284395696547579,0.5021339937648479,0.5034214204165951,0.5372904220705063,0.5107982667041862,0.5770509293684051,0.5169138979366398,0.0203560475445917,0.5081371548436157,0.4945558939800258,0.5222366581567132,0.506013687437964,0.5536260952648802,0.6931979760979161,0.0004141535215688,0.6929088704513781,0.6937174110701589,0.6927772525585059,0.6936862938331835,0.692900052576354,0.5579459361752399,0.0086316441451802,0.5607421924950782,0.5534960853924122,0.548138629274318,0.5541096010028992,0.5732431727114919,0.3318126586537268,0.0480931767121708,0.3235350370997827,0.3079218174167955,0.4259385530226213,0.3093905561879058,0.2922773295415289,0.6940712101531752,0.0008670434669084,0.6935719847679138,0.695459494085023,0.6928378975752628,0.6942745483282841,0.694212126009392,0.5258163330288539,0.0037973517838543,0.52011172616383,0.527487927196666,0.5303219819526461,0.5284392168653707,0.5227208129657567,0.3250784164567301,0.0586416630337101,0.293623451202516,0.2894513263010272,0.4416728888050856,0.2927225985582264,0.3079218174167955,11.8,10.342146779078316,4,3,14,7,31
400,0.6932495364208812,0.0084480463260712,0.6905153270849248,0.692919793202705,0.6915980429993462,0.7085575037395831,0.6826570150778466,0.534027085263278,0.0332112025637293,0.5426140169248046,0.5255639181450718,0.5389413234010851,0.4798712810896946,0.5831448867557341,0.5253336504287494,0.0174977306043503,0.5314550635360495,0.5203532660275016,0.5296776494337022,0.4958080835130802,0.5493741896334132,0.7070662429838469,0.0177077777330907,0.6932410940979467,0.6977707707520687,0.6959658806974237,0.7071248943155463,0.7412285750562494,0.5532747104508013,0.0063547538766111,0.5560888002349463,0.5504665748003723,0.5427374968388227,0.56167268541463,0.5554079949652352,0.312659392481268,0.0139440913436152,0.3351031446301025,0.3185735659390974,0.3089758358621183,0.3079218174167955,0.2927225985582264,0.7090194431218234,0.0173591529970164,0.6959039352156899,0.7028360312635248,0.6958352309284788,0.7080121040344238,0.7425099141669996,0.5265994337219588,0.0057987934195718,0.5366610371863415,0.5253369366402864,0.5284039227625633,0.5230043820093163,0.5195908900112864,0.3088497923920184,0.0158426875531691,0.3152886968787775,0.2920564287085012,0.3330662872754366,0.290761701710966,0.3130758473864106,12.0,6.782329983125268,12,11,10,3,24
425,0.6936456038779819,0.0039313809615628,0.6982800579562629,0.6919216673398755,0.6916850129353631,0.6980967730590978,0.6882445080993101,0.5270615051070988,0.0216975021825022,0.5005369425935408,0.5349739579037542,0.5382032914333461,0.5040038840924944,0.5575894495123586,0.5212601489746247,0.0128418726422661,0.5005595225023782,0.5257152713127013,0.5253725599597452,0.5153749903440767,0.539278400754222,0.6939851529670484,0.0023857953302203,0.6932100075663943,0.6920301498788776,0.693249731352835,0.6927606355060231,0.6986752405311122,0.5500854426404406,0.0083806696642197,0.5363231886312886,0.5590123917503319,0.5484189131653882,0.5587295879274525,0.5479431317277416,0.367995540305059,0.0509173490553978,0.3679603135159982,0.4413777035044686,0.3281862791113451,0.4033360778183886,0.2991173275750944,0.6941739461638712,0.0017452402571097,0.6925523136601304,0.6946800459514965,0.6932840220855944,0.6929925734346564,0.6973607756874778,0.5214234056427522,0.0147017392887893,0.53782417919107,0.5229017781933968,0.5317569816202133,0.4949725499564544,0.5196615392526266,0.3736528115142016,0.031169652227402,0.3932064051869802,0.3868003211574768,0.3426145854870427,0.4136734352974568,0.3319693104420512,9.0,3.40587727318528,6,11,11,4,13
450,0.6940613887973668,0.004324241075043,0.6925673251299514,0.6965942597880805,0.6872722137834608,0.6936033024001367,0.7002698428852042,0.5282163999542865,0.01758374875837,0.5303458736354454,0.5179877529134148,0.5586803980969175,0.528405736481142,0.5056622386445128,0.517783348598757,0.0117178512419942,0.5204449252506634,0.5167729381491928,0.538415068134126,0.5051412525869511,0.5081425588728519,0.6968567512252114,0.0047548293450069,0.6922763748602434,0.7054535909132524,0.6955891739238392,0.698009319377668,0.6929552970510541,0.545909367104396,0.0046345589007107,0.5377388824538508,0.5489422407888049,0.5493369517277092,0.5497834949981941,0.5437452655534206,0.3702037594408492,0.061993601547585,0.4758279989923657,0.3079218174167955,0.3718595714522779,0.3079218174167955,0.3874875919260118,0.6983708652583036,0.0066184867954932,0.6929784055912134,0.7109538118044535,0.6956669778534861,0.6987956057895314,0.6934595252528335,0.5214189288195679,0.0189833758890102,0.5419661006429671,0.5276269345230894,0.5303239149227573,0.5212805793024095,0.4858971147066156,0.3584646913650317,0.0580493952004167,0.4321366430635334,0.2894513263010272,0.4082555161500963,0.2945196577945035,0.3679603135159982,8.6,5.083306010855534,9,6,18,7,3
475,0.6986705501054981,0.0094288151553805,0.6959154808644167,0.6944861172400799,0.6870280547240346,0.7154187560081482,0.7005043416908107,0.5211300247600811,0.0249309799850101,0.5170477818298167,0.5218270336693883,0.5631009461696722,0.4847399238777417,0.5189344382537863,0.5145198325060545,0.0167789083725458,0.5132003662744915,0.5147283809080828,0.5416415815258012,0.488630252060128,0.5143985817617689,0.6937894279306585,0.0010354541719755,0.6955748037858442,0.6937730077541235,0.6924487912293636,0.6931984695521268,0.6939520673318342,0.5368953107638554,0.0064883490580479,0.5373282938462376,0.526628757377975,0.5372222483780557,0.5361892840174168,0.5471079701995917,0.3506065210798438,0.0692193550982099,0.2973153021567692,0.2993011255463855,0.4705790046534723,0.2983495811165801,0.3874875919260118,0.6948061469829444,0.0022219396068756,0.6982908050219218,0.6960187175057151,0.6918855634602633,0.6932236100688125,0.6946120388580092,0.5244982085624925,0.0184664200819677,0.5404324250519368,0.5338287069257109,0.5403663247312099,0.5154715914408426,0.4923919946627621,0.3486069032551428,0.0807097091055952,0.29323905758345,0.2890414302389573,0.4969815081758374,0.290761701710966,0.3730108185665033,6.6,5.6780278266313555,6,7,17,1,2
500,0.6946947516854276,0.0057062463883352,0.6915193857605925,0.6944233320423008,0.6981154028902349,0.6863129267987517,0.7031027109352583,0.5232984303617894,0.0260171504812355,0.5423731371605105,0.516731381974871,0.5018491307484867,0.5629647130581957,0.492573788866883,0.5155768945313468,0.0150176227239159,0.5341194132701659,0.5103528663514352,0.508228385033351,0.5310947221782586,0.4940890858235232,0.6934405077587475,0.0004166329013273,0.6940719286600748,0.6936815019809839,0.6931608698584817,0.692863713611256,0.6934245246829409,0.5456058058995048,0.0094106679720326,0.5474047285423198,0.5339179261872137,0.5473145103058663,0.5381507434930886,0.5612411209690358,0.3909142439329361,0.0593595656418941,0.3118549302470783,0.3794915002680363,0.3794915002680363,0.4962456969555175,0.3874875919260118,0.6939936052669178,0.0019853259095916,0.6978815071510546,0.6930263042449951,0.6933328924757062,0.6922865762855067,0.6934407461773265,0.5309958876111944,0.0098222634584361,0.5374394477078389,0.52847341206938,0.514387087906165,0.54359117150948,0.5310883188631077,0.3900306016435027,0.0719775429945216,0.3074258194722066,0.3973521156001433,0.3511025198072977,0.5212617347713627,0.3730108185665033,8.6,4.454211490264018,10,9,4,16,4
525,0.6956482992958776,0.0114949082559903,0.6991216405150816,0.7151835198254929,0.6953263006259486,0.6864881214407301,0.6821219140721351,0.5317560957219702,0.0343780219042109,0.5060953262634925,0.4983532519971005,0.5088558444150247,0.5615229077914351,0.5839531481427988,0.5163464407767271,0.0216770354596868,0.5027538464655824,0.4877962212904638,0.5080249458156373,0.5397044058435664,0.5434527844683856,0.6994196302963026,0.0071768684048824,0.6927996133313035,0.6937178319150751,0.6943140210527362,0.7068532524686871,0.7094134327137109,0.5429640203530818,0.0069286879015092,0.5478191172264001,0.5384945584673176,0.5352542831845573,0.5392023176289994,0.554049825258135,0.3237987192022226,0.0468070776828312,0.4169196223188137,0.2973153021567692,0.2973153021567692,0.3098082527830165,0.2976351165957445,0.7001597263596274,0.0075483142288264,0.6927028208067922,0.6949861970814791,0.6945259733633562,0.7078802712035902,0.7107033693429196,0.5357319467155804,0.0122211817023901,0.5477927269645976,0.5332499576328659,0.5352683413820128,0.547808738138653,0.5145399694597728,0.3313012599978236,0.0516524502401628,0.4305198188504017,0.2894513263010272,0.3315426267861924,0.2959914633360764,0.3090010647154207,12.2,9.88736567544662,6,1,10,14,30
550,0.6906178865236106,0.0056823689282333,0.6975074877444002,0.6850783161281311,0.6969161113512885,0.6894749519751244,0.6841125654191086,0.5462900233252579,0.029334239878651,0.5097440080261458,0.575312571719276,0.5147109212971184,0.5523723905511985,0.5793102250325509,0.534213065687063,0.0212269927839278,0.5112867788720122,0.562290317223078,0.5093990722114251,0.535984561137951,0.552104598990849,0.6962563511097071,0.0031103870857829,0.6930119359132015,0.6996881275465994,0.7002898978464531,0.6934781815066482,0.6948136127356327,0.5448829972442806,0.0080371633943175,0.5432577700290361,0.5521935389265049,0.5520513161397436,0.5303044367971225,0.5466079243289963,0.3810300797489478,0.0628975925515223,0.4433425239877063,0.342628840103672,0.2973153021567692,0.4639726155433953,0.3578911169531962,0.6977687748995696,0.0052565363159494,0.6932228803634644,0.706807199752692,0.7004033092296484,0.6928900823448644,0.695520402807178,0.5257277549219104,0.0156393356871268,0.5211763189836297,0.5068229986451269,0.5490389852196778,0.5380765292892808,0.5135239424718367,0.388478235943568,0.055413118838427,0.4137270331930857,0.3284140455171947,0.3283504047593475,0.474585297868663,0.3973143983795489,10.4,5.314132102234569,5,18,4,11,14
575,0.6973549583523544,0.0123442112600277,0.6851391349871134,0.7059957821344592,0.7150967846211699,0.6824329962435457,0.6981100937754837,0.5293540339196496,0.0401803574836763,0.5718590988871194,0.4944703860227115,0.4917396912116273,0.5842511836221389,0.5044498098546506,0.520634680875942,0.030503938862656,0.5544153169476074,0.498891477472906,0.4899539992323501,0.5609681061073704,0.4989445046194761,0.6936613173195811,0.001643701054068,0.6967976291974386,0.6926630464467135,0.6933201027638984,0.6920754999825449,0.6934503082073096,0.5451266728562324,0.0072189575395218,0.5372912181221084,0.5545513513011318,0.5365798892756938,0.5511644072517883,0.5460464983304397,0.4018313529842821,0.0563265870457116,0.321482054189926,0.4298990949158184,0.3794915002680363,0.4907965236216179,0.3874875919260118,0.6943052627823569,0.0032223771292538,0.7004500031471252,0.6928106474153923,0.6933627489841345,0.6910083113294659,0.6938946030356667,0.5242142510457674,0.0150002293728174,0.5220043179215006,0.5407572002902017,0.5045590924025521,0.5418083991881663,0.5119422454264164,0.3927014346664531,0.0570930874614798,0.3311364024191736,0.4233011251426225,0.3476704215318076,0.4883884056721587,0.3730108185665033,9.4,8.499411744350311,17,2,1,22,5
600,0.7039551406791531,0.0085693691606117,0.716763051514773,0.6899375049109312,0.7028162227463477,0.7062649247572594,0.7039939994664536,0.5058763191007671,0.019908837309658,0.5006935934921115,0.5436480312477521,0.4853404895306754,0.4957335203066721,0.5039659609266243,0.5010947907220257,0.0169795532405895,0.4930214573407681,0.534042350582768,0.4893141440594582,0.4887903460571282,0.5003056555700057,0.6974307587652496,0.0053123354847672,0.693079021843997,0.706143673622247,0.6931540496421583,0.693649658651063,0.7011273900667826,0.5478663843029267,0.0098472650938533,0.5571416949218375,0.5518573677187819,0.5349481232368876,0.5373014635990981,0.5580832720380285,0.3512663624296103,0.037879789638898,0.2973153021567692,0.3136152846699937,0.3794915002680363,0.3784221331272405,0.3874875919260118,0.6991201570539763,0.0082331098246791,0.6935675993110194,0.7143459374254401,0.6930065588517622,0.6933058897654215,0.7013747999162385,0.5291060254851953,0.0118211540811723,0.5328527269719131,0.5129623572731489,0.52238754921523,0.5485684080027768,0.5287590859629072,0.3386928636632548,0.0396994952932411,0.29323905758345,0.2920564287085012,0.3476704215318076,0.3874875919260118,0.3730108185665033,4.6,4.8,1,14,4,2,2
625,0.6835458327814476,0.0331527374265186,0.618532223799794,0.6976593112208179,0.7078921278727424,0.7047051738217934,0.6889403271920902,0.5474350033828177,0.0876718722646062,0.7150514019284545,0.4899770589088625,0.4803643895388343,0.497532969278677,0.5542491972592599,0.5381395164075513,0.0624581604534518,0.6603125055188384,0.5037150155809234,0.4938082895044131,0.5008418424664284,0.5320199289671533,0.7030657031319357,0.012412743666929,0.7150256850502708,0.6928789109894724,0.6934042825843348,0.6928833542448102,0.7211362827907909,0.5616163146626324,0.0145427901892624,0.5771555202370329,0.5557669575222104,0.5425894598224854,0.5799992408244563,0.5525703949069767,0.3458244063431954,0.0423165964969191,0.4008754835256204,0.3542286835433288,0.3794915002680363,0.2983495811165801,0.2961767832624112,0.7065172000364823,0.0163358989832305,0.7315036817030474,0.6934025233442133,0.6937444191990476,0.6932848673878294,0.7206505085482742,0.5030097948413628,0.0260830535971377,0.5434900305223359,0.5087738006287873,0.4806397674539472,0.4693431226079692,0.5128022529937744,0.3280122548241528,0.0328925935676427,0.3831844393067489,0.3125155635821803,0.347232367522325,0.2952676923533202,0.3018612113561895,19.0,27.18087562975115,73,6,2,3,11
650,0.7012725984927306,0.0079150133251653,0.6944408465906516,0.703714039522348,0.6917919528853033,0.7021040062314456,0.714312147233904,0.511485546377369,0.0195823456606035,0.5216746207610538,0.4962413531267398,0.5430464505207213,0.5090439822026941,0.4874213252756362,0.5082493262226946,0.0157215172341597,0.5095022237399925,0.4999669482421811,0.5332710290500847,0.5129958010115192,0.485510629069696,0.6942204041914507,0.0012940605224513,0.6958789337765087,0.6929127971331278,0.6933550635973612,0.6932465000586077,0.6957087263916478,0.5430295028841352,0.0107811294683141,0.5344012298395422,0.5487402422374705,0.5312029860439846,0.5610209469136478,0.5397821093860312,0.3380163533667469,0.0530486897083991,0.2987840409278796,0.3814997846423921,0.4206866584359167,0.2983495811165801,0.290761701710966,0.6949148452643192,0.0027956336916493,0.7000529928640886,0.6927285212458987,0.6927421147173102,0.6933267550034956,0.6957238424908031,0.5193910337005004,0.0137111724370688,0.5268387979048424,0.5135727454084797,0.5348100611304683,0.526157096573382,0.4955764674853297,0.3401230618042526,0.0498946030150715,0.3003394191095278,0.3973521156001433,0.4048857796929916,0.2961767832624112,0.3018612113561895,6.0,5.291502622129181,9,3,15,2,1
675,0.6958883031127379,0.0100030845303823,0.6895649205778063,0.699087903057177,0.7049135688653926,0.7061892919933673,0.6796858310699463,0.5278300968104639,0.038577618965688,0.553629750778869,0.485653592586751,0.5112311188308323,0.4986154121067047,0.5900206097491624,0.5184873238014918,0.0277436839031089,0.5405084417631327,0.4909753585244204,0.5050928234714647,0.4943965717930081,0.561463423455433,0.6988409959908688,0.0052763007703251,0.7072177493210995,0.6933301705302615,0.7026211474881028,0.6944495873017744,0.6965863253131057,0.5529974346519095,0.0081244194932547,0.549684896898022,0.5488033228281632,0.5511236915292752,0.5689561864386474,0.5464190755654396,0.3283531460361063,0.0571719605789437,0.2973153021567692,0.3062863792021819,0.2973153021567692,0.2983495811165801,0.4424991655482308,0.7013730240590645,0.0069942152484352,0.7137048696026658,0.6950146862954805,0.7031206271865151,0.6944116245616566,0.7006133126490044,0.5245372502956133,0.0060786348446024,0.5343423572123351,0.5238372816854318,0.5277385606788136,0.5194199319117963,0.5173481199896894,0.3275357475942941,0.0504588779642791,0.2988379336897256,0.2894513263010272,0.3283504047593475,0.2961767832624112,0.424862289958959,10.0,8.966604708583958,13,7,2,2,26
700,0.6990123824974924,0.0073160918472096,0.6953075073428989,0.7085410012412316,0.6932477471754723,0.707041133310377,0.6909245234174827,0.5129737817356925,0.0224313605758703,0.5073283113018835,0.5039280573863436,0.5374001333002091,0.4784574265450512,0.5377549801449756,0.502742469015435,0.0134627322374246,0.505328163783173,0.5044211051428154,0.4955356508569165,0.4837142636766708,0.5247131616175992,0.6953627091465575,0.0047471762596054,0.6925684376196428,0.6932625499638644,0.6931164192430901,0.6930204124161692,0.7048457264900208,0.5515333437680731,0.0110901856871286,0.5630163451506063,0.5591617342729002,0.5367732569411111,0.5592970659522559,0.5394183165234918,0.3386188614439895,0.0387151790342453,0.3873971817818367,0.2973153021567692,0.3337829068916898,0.3784221331272405,0.2961767832624112,0.6952572024229802,0.0040975597610008,0.6936373602260243,0.693946569254904,0.6924688472892299,0.692849697488727,0.7033835378560153,0.5221689457825542,0.0136490096842911,0.5371173477755943,0.5209632464070978,0.5381670543499016,0.5052526307372563,0.509344449642921,0.3331553480460695,0.0372571216881192,0.3117575986968585,0.2894513263010272,0.3664916438587627,0.3874875919260118,0.3105885794476874,7.8,5.035871324805668,9,1,12,3,14
725,0.6876307840199815,0.0179515956660253,0.6944223052447605,0.6985636789774158,0.6971089956686669,0.6962310241669724,0.6518279160420919,0.537900960140269,0.0634532219298123,0.5245495189382536,0.5167504360543642,0.480343015761717,0.5066149374200049,0.6612468925270055,0.5281041723763571,0.0463581211201982,0.5183489613118432,0.5166193608773347,0.4882719639929672,0.4991978854346317,0.6180826902650086,0.6941518664360047,0.0034548979697367,0.6932480262987541,0.7002818548318112,0.6937200824419657,0.6939465457742865,0.6895628228332057,0.550045107431582,0.0107864615300762,0.5496866242373426,0.5477012819581752,0.5495657283095984,0.5347417901943547,0.5685301124584388,0.3581757460323672,0.0747351780331157,0.3072227875660476,0.3072227875660476,0.3072227875660476,0.3695851700642119,0.4996251973994814,0.6957187576727433,0.0046570451575946,0.6947766686930801,0.7047876643412041,0.6937363274169691,0.693764814824769,0.6915283130876946,0.5271923542942141,0.0174996803091576,0.5274828694931426,0.5141658006355552,0.5057321247316937,0.5317170096874307,0.5568639669232478,0.3583742549565228,0.0749335332935739,0.2950992481328582,0.2894513263010272,0.3321425252927894,0.382439325803577,0.4927388492523621,15.6,15.83161394173064,9,4,8,10,47
750,0.6999991908515851,0.0045140740792996,0.6986563752606972,0.693283522251955,0.7005505328325882,0.707392706698978,0.7001128172137073,0.5050866387089291,0.0138419567042614,0.5090460306518911,0.529580514723251,0.5015425980421961,0.4957606872295526,0.4895033628977547,0.5039910399363307,0.0138485625316532,0.5069879928651769,0.5278186683396714,0.5001692742950854,0.4996661619384893,0.4853131022432305,0.6939688458587184,0.0007967524209434,0.695471212719426,0.6938545631639885,0.6933961456472223,0.6932122310002645,0.6939100767626907,0.5449928404781679,0.0095116267851362,0.5461868079668103,0.5521890327683943,0.5454226486518453,0.5540004536461048,0.5271652593576849,0.3483191946671206,0.0335423926754371,0.3072227875660476,0.3721782798087514,0.3692003191541509,0.3082570665258585,0.384737520280795,0.6951345458175198,0.0021254768874751,0.6979282624793776,0.6975010723778696,0.693434476852417,0.6930131009130767,0.6937958164648577,0.5035956861056956,0.0078314004322977,0.5160905276406262,0.5038326474095314,0.5057210889359778,0.4919485923872621,0.5003855741550807,0.3279026490881302,0.0294466349836356,0.2931513487219568,0.3225749593332072,0.3476704215318076,0.3026856216462495,0.3734308942074303,4.8,2.7129319932501077,4,10,4,2,4
775,0.7032411650284051,0.0063534621009523,0.7094060502101466,0.7025939514956523,0.6969968621263799,0.6957256357694409,0.7114833255404049,0.5106026268089574,0.0118338158509022,0.4931473718962429,0.5251657712889333,0.5179357896077375,0.5161212264506168,0.5006429748012565,0.5083102321856019,0.0096440821923958,0.4933852744819132,0.5227027708789898,0.512064145934991,0.5095156161656257,0.5038833534664899,0.6942961421879855,0.0013229553151249,0.6931096893368345,0.6966604012431521,0.6944696307182312,0.6929838765751232,0.6942571130665866,0.5380188592865858,0.0119731291450663,0.5160908762103289,0.545834834775385,0.5381571794016804,0.5387927291073954,0.5512186769381394,0.3600936333475838,0.0729881229970125,0.3072227875660476,0.3072227875660476,0.3072227875660476,0.4926511132301637,0.3861486908096126,0.6949937368884231,0.0025661760025795,0.6932682647849574,0.6999874151114261,0.694458650820183,0.6929232839382056,0.6943310697873434,0.5052877307443355,0.0211141297477217,0.4998370543946025,0.4882094012412924,0.4850258415315674,0.5437357244067681,0.5096306321474466,0.3560222508600564,0.0745555240116406,0.2916755517916144,0.2894513263010272,0.3337981364280657,0.4917553455721447,0.3734308942074303,2.4,1.4966629547095764,1,2,3,5,1
800,0.7003633356585945,0.0101130481144692,0.709065123317168,0.6954538588671341,0.6844395890678328,0.7129249394554453,0.6999331675853926,0.5128037470617732,0.0326789157798801,0.4877281022620762,0.5119520477069581,0.576132612985332,0.4939266989874217,0.4942792733670778,0.5079484164006438,0.0229256708321001,0.4944315073849723,0.505130551047397,0.5529216859586789,0.4951470691542443,0.4921112684579271,0.7100473125775656,0.030224205646458,0.6983710148117759,0.693501869837443,0.7703884081407026,0.693462691523812,0.6945125785740939,0.5376053958397913,0.0154396159339122,0.5601039345201599,0.5422262730517714,0.5446966291494587,0.5166986173912731,0.5243015250862932,0.3469638544071892,0.040083187501059,0.3692003191541509,0.3966619078267069,0.3692003191541509,0.3082570665258585,0.2914996593750789,0.708398176684524,0.0285373353278815,0.6955742528944304,0.6931324276057157,0.7654472210190513,0.6934258630781462,0.6944111188252767,0.5250194001711816,0.0211283276607772,0.5093186496296542,0.5122766717350654,0.5201749376302569,0.5167071281186993,0.5666196137422326,0.3481341874827426,0.0441007229047227,0.3932064051869802,0.40161609672618,0.3476704215318076,0.2958122067614711,0.3023658072072743,10.4,10.55651457631732,2,12,30,1,7
825,0.7017640832773189,0.006108663042742,0.7123579899060357,0.6934515102622435,0.7003120829149619,0.7025319755691843,0.700166857734169,0.5041076111118039,0.0100187007460249,0.5049883816337214,0.5148602131668014,0.5142965515743828,0.4978631683490689,0.4885297408350447,0.5015046537107175,0.0071334021872385,0.5026671171078149,0.5013211765698169,0.5112075840799102,0.5032996473201001,0.4890277434759458,0.6955701000762708,0.0040534766408966,0.6932586883053635,0.7036283576127255,0.69356369972229,0.6930463801730763,0.6943533745678988,0.5343512555061812,0.0076781468508937,0.5348106230666342,0.5303281736440545,0.5282424264275563,0.5490434048503181,0.529331649542343,0.330045734275104,0.031697047870979,0.3072227875660476,0.3072227875660476,0.3692003191541509,0.3681309520133552,0.298451825075919,0.6969554883061033,0.0062329369701492,0.6940082474188372,0.7093861103057861,0.6933924302910314,0.6933548468531985,0.6946358066616636,0.5064356894842422,0.0172086913353513,0.5000186247393713,0.4937401038935529,0.5333990302922806,0.4863780744763805,0.5186426140196263,0.32272286301165,0.0358095500984108,0.2931513487219568,0.2894513263010272,0.3476704215318076,0.3809754112961842,0.3023658072072743,4.8,3.3704599092705436,1,11,4,3,5
850,0.7016809722811906,0.0084524406033731,0.6852220751575588,0.7029483029522847,0.7054880574806449,0.709019456327576,0.7057269694878883,0.5158261950982939,0.0254855961046192,0.5654896142275084,0.4996405546228827,0.4950302186667778,0.5077159442064609,0.5112546437678394,0.5134381241254953,0.0142742228761289,0.5413984523478808,0.5052287067533636,0.506104239970234,0.5028298623238961,0.5116293592321014,0.69456868316188,0.0026042946227498,0.6930917971061937,0.6932389212377144,0.6929055217540625,0.6997367252003063,0.6938704505111232,0.5206593103374433,0.0072776197314769,0.5326127261762641,0.5102928115681423,0.5227670678135075,0.5175465983665041,0.5200773477627985,0.4011784713133176,0.068962838384647,0.4756424568314102,0.3789753167913245,0.479083116311936,0.2960904780515435,0.3761009885803739,0.6952481916456511,0.0027762289591932,0.697000857555505,0.6926703760118196,0.6928093993302548,0.6998420791192488,0.6939182462114276,0.510197766850735,0.021209124224671,0.5275947124097015,0.5095056478031118,0.5362143695381012,0.5021895452123868,0.4754845592903736,0.4118210087195287,0.0763048260169252,0.4852879325141156,0.3973521156001433,0.5056640068531448,0.296550164425584,0.374250824204656,6.2,8.930845424706444,24,2,3,1,1
875,0.6992789718293653,0.0172518782864249,0.6945714833810157,0.7223608672004385,0.6934394350985891,0.713266665788041,0.6727564076787418,0.5357805866817402,0.0406126849626577,0.5092973578169698,0.5056604241222457,0.525534998057629,0.5228423754113657,0.6155677780004906,0.5219960774695102,0.0342478313710365,0.509270379347102,0.4898687327938646,0.520085741900605,0.5031083690978262,0.5876471642081529,0.6935587510918125,0.001351996027575,0.6936409708225366,0.694229113333153,0.6933144782528733,0.6953654776919972,0.6912437153585029,0.5351983515664736,0.015295122249264,0.5344595517363249,0.5112894460597985,0.5325485303668352,0.5384086473827977,0.5592855822866114,0.3418455576833934,0.0584987581751406,0.3789753167913245,0.29708738047074,0.29708738047074,0.2960904780515435,0.4399872326326189,0.6949641607024453,0.0015232579292047,0.6927992087421995,0.695609860347979,0.693812092145284,0.6954047264474811,0.6971949158292828,0.5196042980919948,0.0087402742139264,0.5161803233404257,0.5079619636810475,0.5308875610179086,0.5285748985289866,0.5144167438916059,0.3502019610250338,0.0584119529897622,0.3932064051869802,0.2894513263010272,0.3307085282248211,0.296550164425584,0.4410933809867564,13.4,16.764247671756703,11,1,8,1,46
900,0.702887256735379,0.0096620310727695,0.7000169606552911,0.71375680952957,0.6961707294601756,0.7143796055587297,0.6901121784731284,0.5102297495263405,0.0202765772374891,0.5144725974391275,0.4867785020832724,0.5096322702969925,0.4947236180933306,0.5455417597189788,0.5082708145624191,0.0138569843713672,0.5031012696618202,0.4972964531872479,0.5068512250843543,0.4989326031204567,0.5351725217582161,0.6932019724990383,0.0007082367569967,0.6942014134291447,0.693163640571363,0.6934871059475523,0.6931488441698479,0.6920088583772833,0.5286325684917104,0.0154381871118108,0.5537780215108353,0.5084998893028638,0.5359036094666636,0.5189021072233763,0.526079214954813,0.3496984664984636,0.070570465484167,0.29708738047074,0.2986850349783985,0.29708738047074,0.380077666822246,0.4755548697501938,0.6941317771420334,0.0012127547409976,0.6964456330646168,0.6932899969996829,0.6942333687435497,0.6931986357226516,0.6934912511796663,0.5150818043332999,0.0142385586783374,0.4950331133213557,0.5128540201496001,0.5342756064474505,0.505815359967221,0.527430921780872,0.3490922104670373,0.0612928232657989,0.2931513487219568,0.2932434468344691,0.3252857230984587,0.379636510179785,0.4541440235005172,5.6,5.535341001239218,4,1,6,1,16
925,0.699220792534425,0.003622163239609,0.6947679157109604,0.7005449674793125,0.6980075578099674,0.6973223237647224,0.7054611979071627,0.4961714345166789,0.0091731967164576,0.50549037577804,0.5041727322532128,0.499023582625946,0.4914832456247757,0.48068723630142,0.4982300812270603,0.0089037486816519,0.5007772702086879,0.5069628980404102,0.5058190834493639,0.4950414060352462,0.4825497484015932,0.6952465393326499,0.0018117072156059,0.6930952361135772,0.6943853714249351,0.6947967933885979,0.6954210563139482,0.6985342394221913,0.5341186650496125,0.0105287525084475,0.5213166428101431,0.5267910915614001,0.5293341340585748,0.5478871109605702,0.5452643458573745,0.3320096948982146,0.0402394569564719,0.3823270233026972,0.29708738047074,0.29708738047074,0.380077666822246,0.3034690234246496,0.6960808772029299,0.001890699691451,0.69308423092871,0.696371387351643,0.6965848207473755,0.6954311656229424,0.6989327813639785,0.5093153911430739,0.0160433769970289,0.5045529472595948,0.4905359631820793,0.537115084706029,0.4991330817474657,0.5152398788202005,0.3373501676341419,0.041705821853636,0.3927493459063915,0.2894513263010272,0.3232998997088425,0.3800880847490066,0.3011621815054415,5.8,2.2271057451320084,10,4,5,6,4
950,0.6990847352853755,0.0067227781283713,0.6945264689701119,0.6956174213861682,0.7123665619142276,0.6952405344579637,0.6976726896984061,0.5020097464743866,0.0077539558291384,0.5138463953020589,0.5044216671316679,0.4948088779650133,0.5047312136912697,0.4922405782819232,0.5026097548527695,0.0087874450104831,0.5168125617498021,0.507874109286357,0.4916511934093509,0.4987882324357765,0.4979226773825607,0.6952544895085422,0.0017950676819761,0.693219390782443,0.6965004964308306,0.6953131285580721,0.6933672771309362,0.697872154640429,0.5316957009370111,0.0147535904779328,0.549893540143637,0.512264784369124,0.5180360600562278,0.5455505689401341,0.5327335511759327,0.3156344096575076,0.0318855423530759,0.3789753167913245,0.29708738047074,0.29708738047074,0.2980987624258993,0.3069232081288342,0.6961779142871047,0.0024779610391691,0.6927280769203649,0.6990887468511408,0.6973029826626633,0.6937766111258304,0.6979931538755243,0.5110450864294773,0.0159432414199772,0.5122478892145371,0.5034905317073861,0.526963225279349,0.4848928536923279,0.5276309322537862,0.3227186632166931,0.0368894630788768,0.3932064051869802,0.2894513263010272,0.3232998997088425,0.3064735033811742,0.3011621815054415,8.8,4.749736834815167,12,9,1,15,7
975,0.694855847924026,0.0042527502349324,0.6929508509095182,0.6994989723274389,0.6932327421670107,0.688731215049311,0.6998654591668513,0.5218181087657272,0.0173659504120039,0.5234469804585998,0.5158809439048069,0.5199303059417044,0.5518161420471622,0.4980161714763626,0.5147160979457366,0.0138311075427893,0.5163357309299792,0.5164366992428935,0.5111396757210002,0.5364916999824122,0.4931766838523972,0.693708629319162,0.0014378401281984,0.6959994435310364,0.6937447894703258,0.6935711629462965,0.6914580392115044,0.6937697114366473,0.5376293311778729,0.0119185196526569,0.5417970971504078,0.5218915578224613,0.5468725091541639,0.5521543394148852,0.5254311523474466,0.3762220543663868,0.0718529779557428,0.3021378855212451,0.3694411287216951,0.3171548471648642,0.5053504722602438,0.3870259381638858,0.6945458665038601,0.0025262393771402,0.699001588604667,0.6926987676909475,0.6953238230763059,0.6917791438825203,0.6939260092648593,0.5172997223532538,0.0209438027842551,0.5200917774875963,0.5009471793086124,0.5494029798281928,0.5269423118672432,0.489114363274624,0.3737703835985986,0.0579551913181564,0.2936591397194807,0.3973521156001433,0.3385378258605253,0.4663881260821254,0.3729147107307184,12.6,7.914543574963751,12,3,23,20,5
1000,0.7039246905710279,0.0095532364834167,0.6972198437169655,0.7199480048159963,0.6975991725921631,0.7098487621730136,0.6950076695570012,0.4959603776956558,0.0067647595467158,0.4956197041071296,0.4862086132293277,0.4993258113886652,0.4922653937733274,0.5063823659798292,0.498962832071727,0.0081933808333663,0.5015849207316531,0.4827013008890698,0.503877751392905,0.5022931979469287,0.5043569893980784,0.694437608574376,0.0019881654367474,0.6932090195742521,0.6983377174897627,0.6933668255805969,0.6941922054146276,0.6930822748126406,0.5347020430849238,0.0107236487077544,0.5389085027794834,0.5383142096258652,0.514942508436123,0.5470954756252832,0.5342495189578641,0.3224169504570663,0.0323747096299939,0.3021378855212451,0.3076403095334002,0.3076403095334002,0.3076403095334002,0.3870259381638858,0.6954730059161331,0.0030885342466826,0.6939333388299653,0.701560145074671,0.6939388098138751,0.6947963400320574,0.6931363958300967,0.5063234383885564,0.0179625456499548,0.5076835218025321,0.5135926383835568,0.5279731421695519,0.4734152091992298,0.5089526803879112,0.3157619815022689,0.0316034298638388,0.2936591397194807,0.2894513263010272,0.3273372102433351,0.295447520516783,0.3729147107307184,6.0,4.049691346263317,8,1,7,2,12
