lags,train_bce_mean,train_bce_std,train_bce_fold_1,train_bce_fold_2,train_bce_fold_3,train_bce_fold_4,train_bce_fold_5,train_roc_auc_mean,train_roc_auc_std,train_roc_auc_fold_1,train_roc_auc_fold_2,train_roc_auc_fold_3,train_roc_auc_fold_4,train_roc_auc_fold_5,train_sensitivity_mean,train_sensitivity_std,train_sensitivity_fold_1,train_sensitivity_fold_2,train_sensitivity_fold_3,train_sensitivity_fold_4,train_sensitivity_fold_5,train_specificity_mean,train_specificity_std,train_specificity_fold_1,train_specificity_fold_2,train_specificity_fold_3,train_specificity_fold_4,train_specificity_fold_5,train_f1_mean,train_f1_std,train_f1_fold_1,train_f1_fold_2,train_f1_fold_3,train_f1_fold_4,train_f1_fold_5,train_precision_mean,train_precision_std,train_precision_fold_1,train_precision_fold_2,train_precision_fold_3,train_precision_fold_4,train_precision_fold_5,val_bce_mean,val_bce_std,val_bce_fold_1,val_bce_fold_2,val_bce_fold_3,val_bce_fold_4,val_bce_fold_5,val_roc_auc_mean,val_roc_auc_std,val_roc_auc_fold_1,val_roc_auc_fold_2,val_roc_auc_fold_3,val_roc_auc_fold_4,val_roc_auc_fold_5,val_sensitivity_mean,val_sensitivity_std,val_sensitivity_fold_1,val_sensitivity_fold_2,val_sensitivity_fold_3,val_sensitivity_fold_4,val_sensitivity_fold_5,val_specificity_mean,val_specificity_std,val_specificity_fold_1,val_specificity_fold_2,val_specificity_fold_3,val_specificity_fold_4,val_specificity_fold_5,val_f1_mean,val_f1_std,val_f1_fold_1,val_f1_fold_2,val_f1_fold_3,val_f1_fold_4,val_f1_fold_5,val_precision_mean,val_precision_std,val_precision_fold_1,val_precision_fold_2,val_precision_fold_3,val_precision_fold_4,val_precision_fold_5,test_bce_mean,test_bce_std,test_bce_fold_1,test_bce_fold_2,test_bce_fold_3,test_bce_fold_4,test_bce_fold_5,test_roc_auc_mean,test_roc_auc_std,test_roc_auc_fold_1,test_roc_auc_fold_2,test_roc_auc_fold_3,test_roc_auc_fold_4,test_roc_auc_fold_5,test_sensitivity_mean,test_sensitivity_std,test_sensitivity_fold_1,test_sensitivity_fold_2,test_sensitivity_fold_3,test_sensitivity_fold_4,test_sensitivity_fold_5,test_specificity_mean,test_specificity_std,test_specificity_fold_1,test_specificity_fold_2,test_specificity_fold_3,test_specificity_fold_4,test_specificity_fold_5,test_f1_mean,test_f1_std,test_f1_fold_1,test_f1_fold_2,test_f1_fold_3,test_f1_fold_4,test_f1_fold_5,test_precision_mean,test_precision_std,test_precision_fold_1,test_precision_fold_2,test_precision_fold_3,test_precision_fold_4,test_precision_fold_5,num_epochs_mean,num_epochs_std,num_epochs_fold_1,num_epochs_fold_2,num_epochs_fold_3,num_epochs_fold_4,num_epochs_fold_5
-1000,0.4890443625194685,0.0666014772224816,0.4775885971529143,0.4706531365712483,0.3932227662631443,0.5037577833448138,0.599999529265222,0.8328888187157764,0.0543292846032454,0.8593922047861502,0.8415331830551358,0.9023507840985262,0.8235062182482222,0.7376617033908478,0.7385657596371883,0.0901627137628107,0.827456538170824,0.7315287226001512,0.8466269841269842,0.6822373393801966,0.6049792139077853,0.7655388702776083,0.0342171519804688,0.7594993279947749,0.773740286733561,0.812090633810845,0.7757996207213564,0.7065644821275042,0.7929610839935626,0.034823700051662,0.7976568603294888,0.8061259025578311,0.8402423037924789,0.7878751353159188,0.7329052179720954,0.3851826892373112,0.0543461622898501,0.3989063185491757,0.3590543054828768,0.4745439084724802,0.3851096654668084,0.3082992482152146,0.9225995446954456,0.1883749003444066,1.2062731640679496,0.9886012417929512,0.9732550638062614,0.7927910685539246,0.6520771852561406,0.6235479976739349,0.0676271247119561,0.5693703533066887,0.6097433171986745,0.6210295475027617,0.5659279609279609,0.7516688094335879,0.1183390022675737,0.0686983288319657,0.0753684807256235,0.0721088435374149,0.0999999999999999,0.0899659863945578,0.2542517006802721,0.9521706855450696,0.0209348007022611,0.959732251875109,0.969705796848654,0.9729017675446248,0.9424249956392814,0.9160886158176796,0.7608478240396056,0.0283272787660553,0.7418601296470616,0.7484796281884639,0.7535171580327606,0.7434718611383629,0.8169103431913788,0.2997959183673469,0.0548555627876859,0.2840136054421768,0.2571428571428572,0.2369047619047619,0.3316326530612244,0.3892857142857143,0.892218797121729,0.1337421206889523,1.037776210478374,0.9771865904331208,0.9851430441652026,0.7240288747208459,0.7369592658111027,0.6386605225599536,0.0385243024755297,0.6121187810889165,0.6335911989580467,0.639535002035002,0.7097841458779364,0.5982734848398668,0.1086507936507936,0.0506203050895048,0.1210034013605442,0.0901360544217687,0.0464285714285714,0.0875850340136054,0.1981009070294784,0.9521552302476484,0.0435735772983407,0.93838317083391,0.974777206920064,0.9950680272108844,0.9792392500766884,0.8733084961966949,0.7697759280422998,0.0324850556303089,0.7512016478889141,0.7379575137847619,0.8057103593247128,0.8125238911576036,0.7414862280555069,0.2205895691609977,0.0438719315309081,0.2251700680272109,0.2738095238095238,0.2142857142857142,0.1428571428571428,0.2468253968253968,20.2,5.670978751503131,16,24,28,21,12
-975,0.6003020756301426,0.0941635419147393,0.6890958434059506,0.4956560482581456,0.6892430583635966,0.4773943544853301,0.6501210736376899,0.6898557705685224,0.1285883278501692,0.5397895777227273,0.8227916253477134,0.559951665450925,0.849391438751339,0.6773545455699073,0.620868377654092,0.1012917276543339,0.5104591836734694,0.6805839002267575,0.5107898715041571,0.7737210540781971,0.6287878787878789,0.6647448723968721,0.089164723866952,0.5538834773193687,0.7724422676409629,0.5875333750794235,0.7626865665575631,0.6471786753870425,0.7057238433232534,0.0789649436259822,0.6165798019074826,0.7983970944751668,0.626122861584251,0.7957815827549004,0.6917378758944659,0.2783683354337931,0.0856233851698096,0.1768016281063605,0.3562918562918562,0.1983533627330619,0.3953666042951756,0.2650282257425114,0.7243614281926836,0.0478850122025883,0.6933593877724239,0.7925204847540174,0.6932562121323177,0.7706926039287022,0.671978452375957,0.619031332212949,0.0569962040794816,0.5853503628086315,0.6031784369730799,0.5861685090702948,0.588179200098843,0.732280152113896,0.0749659863945578,0.0723767964639842,0.0,0.0680272108843537,0.0,0.1894557823129251,0.1173469387755102,0.9664856787984868,0.034177198864716,1.0,0.9579282225710798,1.0,0.9071559392987966,0.9673442321225572,0.7534229944370727,0.0289869035825953,0.7349503583792629,0.7399605585246972,0.7322333985272105,0.7498306165611269,0.8101400401930661,0.1281122448979592,0.1120912884181383,0.0,0.1601190476190476,0.0,0.2840136054421768,0.1964285714285714,0.7090661874839238,0.0254557552069564,0.693357161113194,0.7596702873706818,0.6932553776672908,0.6991101333073207,0.6999379779611316,0.6447644382624704,0.0526327870433765,0.6623839397238412,0.6299880302869433,0.5887620646549218,0.7375748940896724,0.6051132625569737,0.0688265306122448,0.0603506240560274,0.0,0.0869614512471655,0.0,0.1537414965986394,0.1034297052154195,0.977575972737035,0.0202067561988053,1.0,0.965905116277787,1.0,0.974203251592414,0.947771495814974,0.7694063749650641,0.0332587620900027,0.7508043566744843,0.7346382037808757,0.7940708016193564,0.8222009077126421,0.7453176050379619,0.1771428571428571,0.1465290015639215,0.0,0.2738095238095238,0.0,0.3380952380952381,0.2738095238095238,9.6,9.891410415102593,1,16,1,26,4
-950,0.5712131931668236,0.0581871706854362,0.4911403762442725,0.5582538516748519,0.5344973738704409,0.65317245892116,0.6190019051233927,0.7637378545171797,0.064843145147545,0.8387309741625215,0.7807982518131015,0.8092711503133553,0.6526963969069702,0.7371924993899498,0.7006469456469457,0.0340584514850772,0.7334750566893427,0.6478647014361301,0.7147521129663987,0.674244142101285,0.7328987150415722,0.6934988651808853,0.0776526639271693,0.7695050980765268,0.7548249602349599,0.7412760964088816,0.5764859026253328,0.625402268558726,0.7334699440502117,0.0592502645887279,0.7962856725701364,0.774900121339351,0.7677937668858089,0.6406077148719859,0.6877624445837769,0.3197280385388524,0.0468560265947272,0.3790069718641148,0.315405956477385,0.3626748912463198,0.2506793705295475,0.2908730025768947,0.7397077266659056,0.0762530037318829,0.84127391236169,0.70277858206204,0.8166422247886658,0.6958754701273782,0.6419684439897537,0.6406635778351885,0.0550209915581561,0.581818753049343,0.6347331603581603,0.6258660568928426,0.6162090637537065,0.7446908551218895,0.1700736961451247,0.1156815261238617,0.1138888888888889,0.1998299319727891,0.056547619047619,0.0982993197278911,0.3818027210884353,0.9377976556375572,0.0342077412497023,0.9500116285830572,0.89269376126519,0.991961741961742,0.9430863713006572,0.9112347750771396,0.763522615003993,0.0374819211937133,0.7419527039274485,0.7483964797832483,0.7484058746082202,0.7406457490362424,0.8382122676648054,0.2922959183673469,0.1057071445858468,0.1918367346938775,0.3553571428571428,0.25,0.1964285714285714,0.4678571428571428,0.7263037536825452,0.0537457178058871,0.7598958313465118,0.6948678748948234,0.815600071634565,0.671337502343314,0.689817488193512,0.6515540564935468,0.0417585869152895,0.6363199632195936,0.6498740288782991,0.6301074917146344,0.7311010771054198,0.6103677215497866,0.1672335600907029,0.1017620262453106,0.094812925170068,0.318735827664399,0.0642857142857143,0.0994897959183673,0.258843537414966,0.9201678599436148,0.0599658867226994,0.9313100350661928,0.8692167471360019,0.9885865457294029,0.9771686605676752,0.8345573112188018,0.7673162948848951,0.0343719825604339,0.7470594975344446,0.7424614088425819,0.8064351010905568,0.8111221958563942,0.7295032711004978,0.2409924995639281,0.0589759398168623,0.2380952380952381,0.3344387755102041,0.2142857142857142,0.1547619047619047,0.2633808651665794,10.0,4.560701700396552,17,9,13,4,7
-925,0.5555781690847306,0.0593798015537393,0.4893611804360435,0.5604598905358996,0.5308254730133783,0.5319025183007831,0.6653417831375485,0.7741512700796387,0.0717510032823516,0.8336191039699237,0.7774360837997769,0.8132758948538731,0.8111716968465869,0.6352535709280328,0.6894281247852678,0.0768723843006208,0.7505256648113793,0.701842403628118,0.747881021095307,0.7057127396413112,0.5411787947502233,0.7045694900840289,0.0358897404804635,0.7238475358305592,0.7131854618216794,0.7152009413227136,0.7359987458018338,0.6346147656433587,0.7402245523636173,0.0381338282652634,0.764088484069121,0.7518415445569028,0.7581739981091401,0.7625854194610274,0.6644333156218956,0.3120514093258454,0.0438173636978965,0.3277324527324528,0.2964462785891357,0.3432486825343969,0.3582537832537832,0.2345758495194585,0.7057365502629961,0.0290943667830216,0.7082138231822422,0.7458565320287432,0.7071857367243085,0.7123883749757495,0.6550382844039372,0.6490145298447934,0.0470068219685689,0.606791604415828,0.6378765298854585,0.634985754985755,0.6249431107913251,0.7404756491455997,0.1686451247165532,0.0739523311864465,0.0651643990929705,0.1037414965986394,0.2573979591836734,0.1822278911564625,0.2346938775510203,0.9315620204462568,0.0355046574226512,0.9779667422524566,0.9387410605267748,0.8866468980754696,0.8952665852665854,0.9591888161099984,0.7634430829359254,0.0360704243731805,0.7469519963171072,0.7447456848749195,0.7481237373330655,0.7419336249602994,0.8354603711942356,0.2949228152799581,0.087220822842783,0.2642857142857143,0.1928571428571428,0.3106684981684982,0.2544217687074829,0.4523809523809524,0.6872016498020718,0.0221141540824824,0.6883677925382342,0.7197440266609192,0.6936936719076974,0.6507516886506762,0.6834510692528316,0.675254009877498,0.0412337387784672,0.6501375036088707,0.6610675625271897,0.6627794493865922,0.756698782581269,0.6455867512835682,0.1898582766439909,0.0464265585325842,0.1120748299319727,0.2087301587301587,0.2357142857142857,0.2294217687074829,0.1633503401360544,0.9284435266628456,0.0225474260161002,0.962331290311586,0.9152924037085528,0.9086138728995872,0.9483244013785884,0.9076556650159135,0.7754543571576819,0.0337651531018867,0.7646670158730007,0.7470290892478004,0.7998274361681624,0.827995693719117,0.7377525507803288,0.2888945578231292,0.0651627269948286,0.2202380952380952,0.2841836734693877,0.3452380952380953,0.3785714285714285,0.2162414965986394,11.0,4.381780460041329,14,8,13,16,4
-900,0.5390606933406421,0.0684561650764981,0.589884680651483,0.4245217822137333,0.5515386178379967,0.6206286308311281,0.5087297551688694,0.794179529665122,0.0568453079663613,0.7614858871198715,0.8762369989749904,0.7950372452105385,0.7095170779100597,0.8286204391101497,0.7138332302618019,0.0572230635569882,0.6475907029478458,0.7967498110355254,0.7399900364186082,0.6505385487528346,0.734297052154195,0.7356177539791677,0.0413587234935792,0.7275869394042682,0.7976183587729886,0.7266458712902945,0.6709806313672927,0.7552569690609946,0.7663283020831024,0.0383197484588685,0.7613182945569262,0.8270439353433507,0.7659044310177455,0.7062658929693593,0.7711089565281304,0.3502699490829742,0.0377681218907438,0.319678932178932,0.3966029341029342,0.3679312750741322,0.2936948341885316,0.3734417698703414,0.7195289411715098,0.0972317015836738,0.722032538482121,0.9002068383353097,0.6857505823884692,0.6788686897073474,0.6107860569443021,0.6666934279295464,0.0443155968193782,0.6352511315748893,0.6501255705273563,0.6592188317634745,0.6354396149485434,0.7534319908334686,0.249172335600907,0.1403830653222925,0.1008786848072562,0.1644557823129251,0.2001700680272109,0.2735544217687075,0.5068027210884353,0.9062657311672092,0.0350165451638983,0.9454462468748184,0.9354841851270423,0.9198773184487472,0.855416157916158,0.8751047474692795,0.7630568827661726,0.0345153125633264,0.7371870151910492,0.7566329139280643,0.7514346820987173,0.7394812221341578,0.8305485804788741,0.2994331065759637,0.0473870143207878,0.253968253968254,0.2528344671201813,0.2954081632653061,0.3131519274376417,0.3818027210884353,0.725997942686081,0.0984419919449615,0.6978988860334668,0.9193664022854396,0.6733356714248657,0.6456141684736524,0.69377458521298,0.6712938444669642,0.0379498418701063,0.6691403632629003,0.6460477168765212,0.676007326007326,0.7386699383400187,0.6266038778480549,0.2418424036281178,0.059827441758076,0.1965986394557823,0.1965986394557823,0.1880952380952381,0.2979591836734693,0.3299603174603174,0.8917770187066554,0.0550588185116265,0.9346479947711476,0.8906694289147705,0.9240479097621956,0.9238115730571008,0.7857081870280628,0.7700594150012272,0.0441162190869505,0.7712580927568854,0.7285008754910619,0.8017844855023267,0.8333636523376061,0.7153899689182559,0.3104919088847661,0.0912183949767621,0.3773809523809524,0.2123582766439909,0.2571428571428572,0.4554421768707483,0.2501352813852814,13.2,7.0823724838503095,7,24,10,6,19
-875,0.5373637137668473,0.1086768494254187,0.5668687167621794,0.5740251051528114,0.3516868927649089,0.5098795085435822,0.6843583456107548,0.7712447884798375,0.1104965603403246,0.7816324400527905,0.768185921089878,0.9141885538103928,0.8169521102534061,0.5752649171927199,0.6740259740259741,0.1234640932488083,0.7011621315192745,0.6429705215419502,0.8385393046107332,0.725175221603793,0.4622826908541193,0.7264235247391282,0.056377764841408,0.714261745800435,0.7218987088502203,0.8138093977944789,0.743934051327676,0.6382137199228308,0.7519511219201448,0.0679363794959928,0.7576813701031547,0.7509648898084635,0.8440338585195687,0.773808683749419,0.6332668074201175,0.3301976923954982,0.0905345768216917,0.3163619449333735,0.2833783940926797,0.4750835143692286,0.3719266844266843,0.2042379241555251,0.7676599860191344,0.1154668113618184,0.7270753128187997,0.6623185276985168,0.9869661544050488,0.7705393603869847,0.6914005747863224,0.6689805813613777,0.0474145666270115,0.6488241677663262,0.6799764884586313,0.6765422953369382,0.5967900568346998,0.7427698984102926,0.1902210884353741,0.1311004331376648,0.0327380952380952,0.3749999999999999,0.2085034013605442,0.0542517006802721,0.2806122448979591,0.9372795912352562,0.0628611656307139,0.9964285714285712,0.818745275888133,0.93336371300657,0.9786715797430084,0.9591888161099984,0.768353223283376,0.0406472193913721,0.7432688153658216,0.7413418237941208,0.760012298194401,0.7485402561011772,0.8486029229613594,0.3217254174397032,0.1321934544927156,0.1071428571428571,0.3760204081632652,0.3409400123685838,0.2738095238095238,0.5107142857142858,0.7639781198331288,0.1338910291444134,0.6991826125553676,0.6685982687132699,1.0287650993892126,0.7310929745435715,0.6922516439642225,0.6794370337625854,0.024973823330205,0.6771834400205706,0.6541244470534066,0.6779543868829583,0.7259656510703308,0.66195724378566,0.1711394557823129,0.1377914523767182,0.0531462585034013,0.4274092970521542,0.1059523809523809,0.0697278911564625,0.1994614512471655,0.9178406033651269,0.0785909139165188,0.9760139172084984,0.7799066289128401,0.9689836618408046,0.9843396669012432,0.8799591419622477,0.7643493222925674,0.0386123548548024,0.7578101668984881,0.7146952255369055,0.8056783785093602,0.8113270699005634,0.7322357706175195,0.2295830756545042,0.0708246843261331,0.2023809523809523,0.3538961038961039,0.25,0.1428571428571428,0.198781179138322,13.4,10.650821564555478,8,6,31,20,2
-850,0.466464464295478,0.08828737868562,0.4774302634454909,0.5394106585355032,0.2943115489823477,0.5095715721448263,0.5115982783692223,0.8572211450584831,0.05206206508129,0.8497297608757505,0.8119074462172448,0.9584829190296325,0.8357193951210335,0.8302662040487545,0.7951473922902494,0.0648571388446811,0.7706727135298563,0.7292233560090704,0.9195861678004532,0.7747448979591839,0.7815098261526834,0.7655863485121424,0.0441706449883636,0.7760708575708161,0.7427292227011494,0.8474762358592789,0.7313649085684496,0.7302905178610182,0.795379153044475,0.0405959428492667,0.8007782604514221,0.7704034609086818,0.8722279514390843,0.7621918773030982,0.7712942151200889,0.402745633995634,0.0736936392675687,0.4046576439433582,0.3274517810232095,0.5416323094894524,0.3651977982335125,0.3747886372886372,0.7348744400909968,0.1212535220722636,0.7286542483738491,0.661430937903268,0.958509794303349,0.7249480698789869,0.6008291499955314,0.7057048634075166,0.0540124667304676,0.6749973164200648,0.697737332112332,0.701811933106576,0.6474303193499623,0.8065474160486475,0.2799092970521541,0.1268812617356272,0.2592403628117913,0.3981292517006802,0.2376700680272108,0.0750850340136054,0.429421768707483,0.9063649534468768,0.0503097734565481,0.8868304211316634,0.8235401767544624,0.9344530205244492,0.9740519797662656,0.9129491690575434,0.7746233532426142,0.0366328431033802,0.752345069629864,0.751448756438139,0.7662660201560999,0.7559278703249068,0.8471290496640611,0.3984616573902288,0.0526496858182179,0.3242063492063493,0.3753865182436611,0.396031746031746,0.4107142857142857,0.485969387755102,0.7550257538046155,0.163039205787112,0.679872412766729,0.6647074435438428,1.080917979989733,0.6709188159023013,0.6787121168204716,0.6899781415852055,0.0433391532218973,0.6706850100045915,0.6678514888608057,0.6657222076864934,0.7765960946480134,0.6690359067261241,0.305204081632653,0.1498284183189482,0.4869897959183673,0.4474773242630386,0.1321428571428571,0.1358843537414966,0.3235260770975056,0.876088432770913,0.0808700668709105,0.8146714975409558,0.7823430152777978,0.9688891796034652,0.976490373337664,0.8380480980946821,0.7716421771947009,0.0404476265905787,0.7638188977208697,0.7170533408947122,0.8142904696822283,0.8210508299518968,0.7419973477237967,0.3038750931608074,0.0479285079802883,0.3578798185941043,0.3189013367584796,0.3214285714285714,0.2142857142857142,0.3068800247371676,18.6,9.8508882848198,13,8,37,17,18
-825,0.4981350355914661,0.0481799451047448,0.4633123321192605,0.4667676314711571,0.464071953580493,0.5081096923067456,0.5884135684796742,0.8324599697357637,0.0380774910691417,0.855841775887668,0.8676720785306226,0.8507824116601201,0.8269343003957963,0.7610692822046118,0.7467743764172337,0.0337999977792847,0.7486961451247167,0.7557728647014363,0.7484693877551021,0.7931216931216932,0.68781179138322,0.7512779038760844,0.03034923123719,0.7784070879549422,0.7883491963100372,0.7554960458617559,0.7253377974754326,0.7087993917782538,0.782036496203623,0.0248598083010468,0.8051929461422362,0.8068643716177162,0.7877780120120353,0.7703592228676432,0.7399879283784838,0.3734847229490087,0.0233534004676349,0.3816558441558442,0.3911366411366411,0.388084534513106,0.3789481021623879,0.3275984927770643,0.7120468774012159,0.0861181769232782,0.7501222661563328,0.6443734211581094,0.8569844130958829,0.6955704944474357,0.6131837921483176,0.7031580486357206,0.0466065156489532,0.6647915916180668,0.7253101379440665,0.6870889114192684,0.655586353130996,0.7830132490662048,0.3023526077097506,0.1123874727244116,0.1647392290249432,0.396938775510204,0.2776360544217687,0.2090136054421769,0.4634353741496598,0.8939103466320215,0.0351339731846454,0.9323661259375544,0.8276719576719577,0.9036191057619628,0.8980474155474157,0.907847128241217,0.7735042377989668,0.0375768837659237,0.7531729887162768,0.7574302256554234,0.7554114150861765,0.7529202022911374,0.8485863572458198,0.3401370851370851,0.0634426871804179,0.3503401360544217,0.3527339723768295,0.2602813852813853,0.2916666666666666,0.4456632653061224,0.7071873469012123,0.0740700006731616,0.6971830938543592,0.6632324499743325,0.8475082218647003,0.6325375693184989,0.6954753994941711,0.699026324632069,0.0406733577250192,0.6784783698330497,0.6768038853112611,0.6910590732019303,0.7791898709396118,0.6696004238744921,0.3173922902494331,0.0994686160760923,0.3569727891156461,0.478344671201814,0.1773809523809524,0.3039115646258503,0.2703514739229025,0.8853139591820252,0.0701151324271668,0.9090248981997752,0.7658611316220012,0.961583522297808,0.9383100360686568,0.8517902077218846,0.7818337424122503,0.0439126036752872,0.7959246466577966,0.7209946770081465,0.8180693589162413,0.8338519738785115,0.7403280556005563,0.368195821452124,0.0359956343231488,0.414069264069264,0.3638037032995016,0.3988095238095238,0.3523809523809524,0.3119156637013779,16.2,3.1240998703626617,17,18,18,18,10
-800,0.5755987820171174,0.0486575927705484,0.5219137391873768,0.5518351984875542,0.5455805049056098,0.6000461422261738,0.6586183252788725,0.7594128316924442,0.0561368779289735,0.812571036696474,0.787119634931467,0.7956978744700219,0.7454730616235802,0.6562025507406778,0.6782548271833987,0.0527256352381932,0.672509104651962,0.707020030234316,0.7199134199134198,0.7137849584278155,0.57804662268948,0.7098688491647801,0.0513690001214055,0.7741780871525821,0.7255152975058979,0.7370973440889749,0.6903924890727917,0.6221610280036539,0.7424290285034848,0.0431036211010113,0.787487241630509,0.761245395702137,0.7660648704636934,0.7341535473894476,0.6631940873316371,0.3228151938197272,0.0478590945491876,0.3705594669880384,0.3202664399092971,0.3655521066235352,0.3205260270386321,0.2371719285391333,0.682009084735598,0.0321519879381389,0.6975394700254712,0.6430065717015948,0.6888542004993984,0.7304553602422986,0.6501898212092263,0.7128551221020833,0.0358532367825865,0.6859936403026464,0.713237470201756,0.7114278991511134,0.6752613887435316,0.7783552121113697,0.2102777777777777,0.1350021579103963,0.1032596371882086,0.4249999999999999,0.1436224489795918,0.0708333333333333,0.3086734693877551,0.933712397072003,0.0514870298819344,0.9550210768067912,0.8321853014710158,0.9472198965056108,0.9735922146636432,0.960543495912954,0.7716895118128207,0.0430651256349141,0.7463762669416704,0.7652046275276279,0.7458318354509463,0.74457326493212,0.8564615642117394,0.3428292342578056,0.1061561825856787,0.2666666666666666,0.3983298447584161,0.2789115646258503,0.244047619047619,0.5261904761904762,0.6808161343847002,0.0155578827122581,0.6779295291219439,0.6571500471660069,0.7024693446499961,0.6922368960721152,0.6742948549134391,0.7094230727095008,0.0382169439433498,0.7054506683678482,0.68985854250994,0.6938292197220769,0.7832809413960568,0.6746959915515818,0.2232766439909297,0.1560777944873469,0.1525510204081632,0.4859126984126984,0.1321428571428571,0.0416666666666666,0.3041099773242631,0.9076985273596968,0.088068168258255,0.951574850983718,0.7641635434958417,0.9763794406651548,0.9975369458128078,0.8488378558409614,0.7694895148013218,0.0422326262727543,0.772967620979353,0.7142576445065056,0.8206821255466151,0.8099849895296422,0.7295551934444928,0.308670875907718,0.1245252162060702,0.4047619047619047,0.3168290043290043,0.4642857142857143,0.1071428571428571,0.2503348990191095,6.8,2.3151673805580453,10,7,8,6,3
-775,0.4757484692902792,0.0630892438446288,0.3765785268374851,0.5648103327978224,0.4583043903112411,0.4625920972653797,0.5164569992394674,0.8491168565200843,0.0424568398592661,0.9075901276612032,0.7817394128582816,0.8605253276956935,0.8693214535838316,0.8264079608014112,0.767511509654367,0.0562732333071594,0.8224764653336084,0.6627551020408164,0.8087868480725624,0.7787844430701574,0.7647546897546901,0.7771262094270728,0.0194076465437494,0.8141736260449083,0.7788733016899234,0.762187660239884,0.7652559103319438,0.7651405488287043,0.8002008259975263,0.0203405166756977,0.8394279519275125,0.7866520530505047,0.8007156038192631,0.7883374250596508,0.7858710961307003,0.4025364053935482,0.0302546148030614,0.4463519284947855,0.3517419088847661,0.4074161288447003,0.4086264925550639,0.3985455681884253,0.7038000162158694,0.0686217438836155,0.7820069917610714,0.6594239047595433,0.7149082124233246,0.7659649848937988,0.5966959872416088,0.7299452448030301,0.037360027349145,0.6918333282774276,0.7231442961800104,0.725295602215245,0.7087360275306702,0.8007169698117974,0.2972845804988662,0.0849665215904936,0.1860827664399093,0.2437074829931972,0.3216836734693878,0.2953231292517007,0.439625850340136,0.9143708375186208,0.0137273028884814,0.9352144020001164,0.90473297866155,0.9083613872899589,0.8982590557590557,0.925286363882423,0.783464377137167,0.0340924654750165,0.7591401917483909,0.7599832615295877,0.7789878660890671,0.7690977583070151,0.850112808011774,0.3418083900226757,0.062282906420016,0.304421768707483,0.2463718820861677,0.4120748299319728,0.3414965986394557,0.4046768707482992,0.6811710374695914,0.0333979695546537,0.7160452561719077,0.6686995157173702,0.7238060193402427,0.6369757183960506,0.6603286777223859,0.726853839206814,0.0449550721141039,0.7106500941814983,0.6847126557161495,0.7200418628990056,0.8137334780733146,0.705131105164102,0.3339455782312925,0.0869812322474973,0.2717687074829932,0.3592687074829932,0.1988095238095238,0.4083333333333333,0.431547619047619,0.8973397140963002,0.0437400827691997,0.9331208711011668,0.8630188468076667,0.9332504796790512,0.929250036589938,0.8280583363036779,0.7906456328849835,0.0374917362376919,0.7963053197228664,0.7462583492074811,0.8141410191141677,0.8449406688180255,0.7515828075623766,0.4122536193964765,0.0665765536437039,0.5292517006802722,0.3411281179138322,0.4374999999999999,0.3878401360544217,0.3655481423338566,16.2,7.833262411026456,28,4,17,19,13
-750,0.4559892424515315,0.0748293626516472,0.4304360009375073,0.5220992529676074,0.5038392841815948,0.3201993824470611,0.5033722917238871,0.8601995095586649,0.0478823873738175,0.8653026778507341,0.8150957767191407,0.8312711801041743,0.9503001929582834,0.8390277201609917,0.7765854119425548,0.0604906621457368,0.8006802721088436,0.7231009070294785,0.7179327286470145,0.8820011337868481,0.7592120181405898,0.8002681610029139,0.0282694384819754,0.8043601694671695,0.7667910072490672,0.801860464378491,0.8493041959506309,0.7790249679692115,0.8194023857822194,0.0261702936233423,0.8298317793876657,0.7951673260662415,0.8085542106524668,0.8656904763148445,0.7977681364898785,0.4311374802446231,0.0624871775604394,0.4229353318639033,0.35427059712774,0.4249242159956445,0.5451255754827184,0.4084316807531093,0.6704446924584252,0.0615819490996634,0.7309471517801285,0.6557711405413491,0.633731301341738,0.7486407927104405,0.5831330759184701,0.7451520613319713,0.0343910118390071,0.7163486991786681,0.7304444117390546,0.7428255821559394,0.7244141374498517,0.8117274761363432,0.3698639455782312,0.1379508414503367,0.2379251700680272,0.2437925170068027,0.4384353741496599,0.3245748299319727,0.6045918367346939,0.8949007050198954,0.0315539080025988,0.929716022417886,0.9202253037967324,0.8393448747020177,0.888877260305832,0.8963400638770098,0.7903703490731094,0.0350341120704826,0.7763563484641489,0.772238285149402,0.7680391858431422,0.7750107466532725,0.8602071792555813,0.4048526077097506,0.0635238987243684,0.4246031746031746,0.3178571428571429,0.3829365079365079,0.3871315192743764,0.511734693877551,0.6445384676967348,0.0102848966262176,0.6566263373408999,0.6535908324377877,0.6282792410680226,0.645602177296366,0.638593750340598,0.7418103111809135,0.0344557190244715,0.7324433751912202,0.7083025431550277,0.7363971015756731,0.8079680081271344,0.7239405278555122,0.4318934240362813,0.0294124468037707,0.4184523809523809,0.421031746031746,0.4904761904761905,0.4166666666666667,0.4128401360544219,0.8838656536184916,0.0285718850311461,0.9001546150437777,0.8714557905862254,0.88281586138729,0.9252138556572056,0.8396881454179592,0.8031666428161929,0.0344419777656039,0.8021669964503613,0.7699215737042866,0.8273206101506394,0.8539869527800953,0.7624370809955814,0.4304900258471686,0.0497630607018208,0.4585622710622711,0.4109822716965574,0.4369047619047618,0.4973639455782312,0.3486368789940218,17.2,11.651609330903607,15,8,10,40,13
-725,0.4494171620124862,0.09913514219722,0.3831975083975565,0.3044173997782525,0.4783666907321839,0.5965863693328131,0.4845178418216251,0.8613447573565998,0.0666355445507524,0.910918841990519,0.9423105449271916,0.8579094964170285,0.7473006789114692,0.8482842245367903,0.7901097711811997,0.0799421337299721,0.8535971964543394,0.8944538926681783,0.7687418401704117,0.6627808699237271,0.7709750566893425,0.7810667857528929,0.0571032923220759,0.8019196014448676,0.8637352250008409,0.7824334328865994,0.6865965603449454,0.7706491090872115,0.8084084318394755,0.0517550990155412,0.8320380689274872,0.8850056726278934,0.8040073082459183,0.7261677464050104,0.7948233629910675,0.421462104655382,0.0702258545647267,0.4491785331071045,0.5292645846217274,0.4085668299954015,0.3122743425264433,0.408026233026233,0.6536689013242721,0.0732657300158224,0.6259513561214719,0.7869625730173928,0.6451489286763328,0.6471011170319149,0.5631805317742484,0.7590650461333959,0.0469713021343416,0.7372010909064481,0.7166228232746089,0.7410593457468458,0.7500198231001802,0.8504221476388963,0.4598866213151927,0.0942954449086906,0.5651643990929704,0.3801870748299319,0.3835884353741497,0.3854591836734694,0.5850340136054422,0.8751281210083952,0.0344620657861596,0.8132707349011696,0.8861898947613234,0.8677513227513227,0.8931907378335951,0.9152379147945652,0.7976044184160428,0.0369087015347145,0.7770079302060751,0.786189223139884,0.7663435201994705,0.7887574677954708,0.8697239507393135,0.4587925170068027,0.0590535723258173,0.4150510204081633,0.4163832199546484,0.440532879818594,0.4479875283446712,0.5740079365079366,0.6615312972239085,0.0814630566349981,0.5908074506691524,0.8172201876129422,0.6602348685264587,0.6048923347677503,0.6345016445432391,0.7614157275036169,0.0385561929729632,0.7644581725631602,0.7191119683743908,0.7381163149020292,0.8322830248329339,0.75310915684557,0.4948582766439909,0.1207223240241568,0.6941326530612244,0.5224773242630386,0.3464285714285714,0.515986394557823,0.395266439909297,0.846847412202143,0.0847670374137915,0.6924818353512937,0.8188153438464,0.9063230420373278,0.918807551065783,0.8978092887099098,0.7910905009602741,0.046175983948141,0.7251091656821532,0.7593298056262349,0.8156312052235382,0.859450933020481,0.7959313952489634,0.4112380826456457,0.0685063081321611,0.3156266119501414,0.3938054009482581,0.3726808905380334,0.5098639455782313,0.4642135642135642,16.0,7.563068160475615,22,27,11,6,14
-700,0.4896502687817528,0.0483344663106913,0.49103558915002,0.5236951432057789,0.4835185408592224,0.5459000212805611,0.4041020494131815,0.8455467491569463,0.0340667764345638,0.852158959749489,0.8215708377240867,0.8516537731925573,0.8007592740860352,0.901590901032564,0.7673399616256761,0.0442738747019637,0.7357048374905519,0.7568027210884356,0.8077664399092972,0.7088275481132625,0.8275982615268331,0.7629305334864778,0.0208207617346267,0.7732406549024392,0.7527824449633074,0.7549299174010032,0.7363251896158471,0.7973744605497912,0.791933007738507,0.0183615811083233,0.7974235944384441,0.7894302922838802,0.7914533348032949,0.761991345411195,0.8193664717557212,0.3843456283057123,0.0416801749073959,0.3804057054057055,0.3454174132745561,0.3951542854904199,0.3432591548662976,0.4574915824915824,0.6402455197913306,0.0440896821386665,0.6753542295524052,0.6220814287662506,0.6810558033840997,0.6604784088475364,0.5622577284063611,0.7699996697098861,0.037325155826085,0.7427278420193791,0.7570026782080355,0.7651352367870226,0.7425113560381419,0.8426212354968514,0.4039965986394557,0.0640313236809,0.3590986394557823,0.4231292517006802,0.3782312925170067,0.3399659863945578,0.5195578231292517,0.8962261538862524,0.0148375172963303,0.892192860050003,0.8878061224489796,0.8913872899587189,0.8843701668701669,0.9253743301033942,0.800129749328885,0.0348407093154275,0.7843987516666403,0.7937352236932459,0.7830506914829979,0.7711479526178767,0.8683161271836649,0.4406561692275977,0.0830284041013288,0.4535147392290248,0.3980828695114409,0.4150510204081632,0.3452206523635096,0.5914115646258503,0.6414137274026871,0.0526447604432063,0.6027373543807438,0.6431909927300045,0.7103206515312195,0.5658366744007383,0.6849829639707293,0.7656307811682976,0.045137792442779,0.7603226593466743,0.7233564971375531,0.7399438194081052,0.8524042232649958,0.7521267066841603,0.4516609977324263,0.1036160964709845,0.5750000000000001,0.4938208616780045,0.3380952380952381,0.5316326530612245,0.3197562358276644,0.8908194023241144,0.0360339089256901,0.8765603653780994,0.8336007964889953,0.929100529100529,0.9297612832341896,0.885074037418758,0.8106396963050212,0.0397069063484725,0.8217952911519057,0.7651386742995586,0.8293544855509688,0.8695235966084051,0.7673864339142681,0.4457524221809936,0.0666071789152623,0.4772418058132343,0.3838899196042053,0.4416666666666667,0.5545068027210884,0.3714569160997732,11.0,6.782329983125268,11,5,8,7,24
-675,0.392222140161764,0.1155542776641145,0.5273610750834147,0.1887650315960248,0.4416118725424721,0.4490579771144049,0.3543147444725036,0.8880289831089719,0.052991406276451,0.8150052711756892,0.9716301772185212,0.8734990800999136,0.8626200274856166,0.9173903595651192,0.8091217248360106,0.0653656267204331,0.7177154195011337,0.9160430839002268,0.7868377654091941,0.7895219198790628,0.8354904354904358,0.8177195068973344,0.0566085102551303,0.7578883757832706,0.922591901855916,0.7963613665341085,0.787062813439124,0.8246930768742525,0.8383898419875344,0.0497264905552316,0.785012754993028,0.9302132828520958,0.8190618318104936,0.8126036233319941,0.8450577169500599,0.4684229461015174,0.0981173665324349,0.3630366987509845,0.6494880780595066,0.429414566914567,0.4180702894988609,0.4821050972836687,0.6483825845377786,0.0747737526046366,0.6567840363298144,0.7467464229890278,0.6731706793819155,0.6494712233543396,0.5157405606337956,0.7750486474831223,0.048253962792107,0.7523586953361798,0.7258284275248561,0.7739151077097507,0.7566351604744462,0.8665058463703784,0.4401927437641723,0.094176769427579,0.3744331065759637,0.406377551020408,0.4092687074829931,0.3841836734693878,0.6267006802721087,0.9051272337405344,0.0095504666835727,0.9086819001104716,0.9164759579045296,0.8959987499273213,0.8918806325949183,0.9125989281654308,0.8111611883118588,0.0332761762115244,0.7924256341284944,0.8053578231729478,0.7951159929280954,0.7863376386055178,0.8765688527242386,0.4921563753706611,0.0499594060873472,0.4920634920634921,0.4934240362811791,0.4162414965986394,0.4852433281004709,0.5738095238095237,0.6826318740844727,0.1173251044835939,0.618324054139001,0.8972744686262948,0.6924574481589454,0.5491815251963479,0.6559218743017742,0.7710121653996398,0.049543283696297,0.755237403537896,0.710710101018719,0.7665260334903191,0.8619008683871271,0.7606864205641379,0.4795748299319727,0.0640902026821025,0.5113945578231293,0.5755385487528344,0.3904761904761905,0.4887755102040816,0.431689342403628,0.8868248892021651,0.0364726494062349,0.8881262994440335,0.8373802313398588,0.9126795162509448,0.9385151602639288,0.8574232387120587,0.8149732809601579,0.0327436931098303,0.8194443909629185,0.7811465598708454,0.8294058454972192,0.8664624190338408,0.7784071894359655,0.4517187970759398,0.0348591546646428,0.4842768342768342,0.4377370645227788,0.4272675736961451,0.5005102040816326,0.4088023088023088,20.4,12.563439019631527,6,41,12,15,28
-650,0.454050593432926,0.0462732135741845,0.4983131367535818,0.5132512734049842,0.3910356944515591,0.4187724075856663,0.4488804549688384,0.8616212211927312,0.0279219306839681,0.8346744887429678,0.8236664761095676,0.8944755112364611,0.8859684714142977,0.8693211584603612,0.7759106369820656,0.0324301593269365,0.7260393046107333,0.7600907029478461,0.7840204768776198,0.8246710300281731,0.7847316704459563,0.8019077801035532,0.0146792386840366,0.8057085103772027,0.78081172203136,0.8258564133149162,0.8019158504565356,0.7952464043377516,0.8223392719260536,0.0109162891679729,0.8199090027687284,0.8099942376334907,0.8403105487737664,0.8281388135851635,0.8133437568691194,0.4384984327841471,0.0372984447372276,0.4275720972149543,0.375249419892277,0.4870641924213353,0.459948715305858,0.4426577390863104,0.5962707442896706,0.0196312928423423,0.5999416496072497,0.6157481500080654,0.6060695392744881,0.6009551818881717,0.5586392006703785,0.8012751143288463,0.034981058963575,0.7814340973754793,0.7836788839467411,0.7982274768881913,0.7736308251933252,0.869404288240495,0.4888435374149658,0.0540660515355138,0.5804421768707482,0.4284863945578231,0.4426870748299319,0.4832482993197278,0.5093537414965985,0.900948433248926,0.0322812414735569,0.8603277806849237,0.9039298796441654,0.9053751671608816,0.878951973951974,0.9561573648026852,0.8230048183964863,0.031274314400629,0.8102373593138685,0.8039605393199171,0.8091732442054964,0.806255319019673,0.8853976301234766,0.5397088625660056,0.0639428057698882,0.5487885130742274,0.4308956916099773,0.5412698412698412,0.5457875457875458,0.6318027210884354,0.6002500078507833,0.0522816302201085,0.5629133773701531,0.6317201725074223,0.6478448041847774,0.515563598700932,0.6432080864906311,0.7887815533413198,0.0407690196423896,0.791132430388896,0.7382566795552045,0.7681271440200012,0.8616469979261657,0.7847445148163316,0.5411054421768708,0.1418474404641338,0.6607993197278912,0.5116780045351474,0.4964285714285714,0.7212585034013604,0.3153628117913832,0.8901324206361687,0.0472849381343238,0.8155580567033768,0.864302872191071,0.9176114890400604,0.8988756262894194,0.954314058956916,0.8269771678167155,0.0363739129315986,0.8015933760338279,0.7873375628713476,0.8515554645300878,0.8857851867038937,0.8086142489444207,0.5009034219748505,0.05039554669915,0.424407338693053,0.4589079571222428,0.5311224489795918,0.5567460317460318,0.5333333333333333,12.8,4.995998398718719,9,5,17,18,15
-625,0.402031547611668,0.072044352164452,0.358783725116934,0.2947686023655392,0.4591783533493678,0.3989538174299967,0.4984732397965022,0.893258379234019,0.0361916972492559,0.913357803789686,0.9472828217465054,0.8606311493873423,0.8980154121680232,0.8470047090785381,0.8053810210953068,0.0406219454689107,0.8288926681783826,0.8674319727891157,0.778835978835979,0.8023431594860168,0.7494013261870405,0.8198700384187709,0.0329531845852714,0.8308723054310972,0.8751812150643092,0.7862731102868523,0.8206180215673684,0.7864055397442277,0.838703614355461,0.0310319184586852,0.8516688850329256,0.8889437106735235,0.8126047500534872,0.8395557399106951,0.800744986106674,0.4611980479837623,0.046737663060213,0.474676183604755,0.5366178794750225,0.4076479076479076,0.4714515643087072,0.415596704882419,0.6122077690703528,0.0319098263053662,0.6008997729846409,0.6522401933159147,0.5810835169894355,0.6479700931480953,0.5788452689136777,0.8076653644822016,0.0299442957812469,0.7859324583140578,0.7841293461829176,0.8103039602593174,0.7933336058782486,0.8646274517764665,0.407125850340136,0.0575129586188087,0.4696428571428571,0.3820578231292517,0.4802721088435374,0.3354591836734694,0.3681972789115645,0.9276218685529032,0.0307753806664098,0.891223472294901,0.939104453747311,0.8918887726030584,0.9489205767777196,0.9669720673415256,0.8227676792898324,0.0206322523837912,0.8106140172912958,0.8175086434536764,0.8115537096999837,0.8104578644621391,0.8637041615420668,0.5198443619872191,0.0361717067461414,0.537118635332921,0.566468253968254,0.4959750566893424,0.463095238095238,0.5365646258503401,0.6145421913691929,0.0859733048599888,0.5265511934246335,0.7647841806922641,0.5906814507075718,0.5436956669603076,0.6469984650611877,0.798917927151458,0.0462957377637139,0.8186777962732397,0.7473813641787245,0.7777494331065758,0.8793363519108917,0.7714446902878581,0.5129421768707483,0.1225415432346802,0.6750850340136054,0.5547902494331066,0.5547619047619048,0.4768707482993197,0.303202947845805,0.9081468935148524,0.0279737831803544,0.8607607799972332,0.9010804780680558,0.9118291761148904,0.9460802552674472,0.9209837781266352,0.8328557437498978,0.0341118659962189,0.834225941834276,0.81906450390467,0.8590535886562977,0.875185194828704,0.7767494895255413,0.4815023865023865,0.0751287655931196,0.5043373293373293,0.5453231292517006,0.5357142857142857,0.484438775510204,0.3376984126984126,16.4,7.552483035399682,21,26,8,20,7
-600,0.4288937796439443,0.062166338602176,0.3387844182905696,0.4407748221641495,0.4024881202550161,0.5306628594795862,0.4317586780304,0.8797733326319441,0.0324197980464208,0.9174736205290168,0.8749189261371115,0.9018910563119034,0.8222029366182734,0.882380123563416,0.7778014842300557,0.0348375417708633,0.8138399299113588,0.7796768707482992,0.8097127739984884,0.7172971208685495,0.7684807256235828,0.8274368550404331,0.0135684410780256,0.8523994305053012,0.8261589654036289,0.826815694972164,0.8120709794463986,0.8197392048746727,0.8381694583855295,0.0182672188271923,0.8648545949524707,0.8462104279270231,0.8397200223133139,0.8092770527268065,0.8307851940080324,0.4687664187664188,0.0271080867269335,0.5130119219404934,0.4374922696351269,0.4833900226757369,0.4464861857719001,0.4634516938088366,0.5808585567133766,0.0375223995889993,0.6368969551154545,0.5408492130892617,0.5805533528327942,0.60597306064197,0.5400202018874032,0.81465343724113,0.0319616758961014,0.7750974612717625,0.8227037545787547,0.8099028104831677,0.7953754760451189,0.8701876838268464,0.5141780045351474,0.0894763655766818,0.3929988662131519,0.6697278911564625,0.5142857142857143,0.4802721088435374,0.5136054421768708,0.9044097441511234,0.0335661605873734,0.933473457759172,0.8577526309669167,0.8911147450433164,0.8885645967788827,0.9511432902073296,0.8313877840918273,0.0270614743440407,0.814320577567221,0.8269306196674664,0.8200649022776786,0.811186402244804,0.884436418701967,0.5397443826015254,0.0553249879074721,0.5787698412698411,0.5095392702535559,0.5163935271078127,0.4688492063492063,0.625170068027211,0.5768854345594134,0.0388012891230921,0.5645611818347659,0.5770044071333749,0.5986238036836896,0.5135620704718998,0.6306757096733365,0.8117629128714692,0.0375998353367624,0.8222181403138916,0.76855779514941,0.7910863276934706,0.8787131285805775,0.7982391726199957,0.5637698412698413,0.106832735141689,0.5678571428571428,0.608531746031746,0.5976190476190476,0.6812925170068027,0.3635487528344671,0.8927416385721161,0.0495610631928292,0.9132566849315618,0.7957818193998317,0.9057561486132916,0.9126596373887016,0.9362539025271944,0.8346141007149697,0.0433333650530312,0.8490615253441786,0.7651657701593171,0.862067152438234,0.8885376962721798,0.8082383593609395,0.5403756957328386,0.0639092224719994,0.5925324675324675,0.4250206143063285,0.5633786848072562,0.5995748299319728,0.5213718820861678,12.0,5.585696017507576,21,8,11,5,15
-575,0.4098842460484732,0.0427914303462308,0.3876255612288202,0.3428756722382137,0.40896915857281,0.4621402422587077,0.4478105959438142,0.8916174116704401,0.0206576788648383,0.8786115915205958,0.9267159551374448,0.9037194946604976,0.8736434906201758,0.8753965264134864,0.7967908678622966,0.0564928288749323,0.7109221466364324,0.8877551020408164,0.7845143613000756,0.792233560090703,0.8085291692434551,0.8319930246209022,0.0162017848257458,0.8418216837503925,0.8509714257729654,0.839656559505742,0.8218794566656807,0.8056359974097302,0.844601369842545,0.0156884129375596,0.8528530379238572,0.8675883166015212,0.8470476201308937,0.8332735789362259,0.8222442956202265,0.4769830830545115,0.0204136568320216,0.4633451865594723,0.5024840239125952,0.5011828779685923,0.4613393881251021,0.4565639387067958,0.6081680570329938,0.0505097237652769,0.6494440542800086,0.6569545865058899,0.618205766592707,0.6003171290670123,0.5159187487193516,0.82383385596579,0.0339808928978119,0.7896121891249995,0.8186862789987791,0.8115827410023838,0.8103155161637305,0.888972554539057,0.4900170068027211,0.0797356396132624,0.481547619047619,0.438095238095238,0.4241496598639456,0.461734693877551,0.6445578231292517,0.940584579897388,0.0115341316056595,0.9277572824001395,0.9475832897261468,0.9479511890226175,0.9257405953834524,0.9538905429545824,0.8464706814359679,0.0306117316376694,0.8344146373794156,0.8351437280819572,0.8297552571117366,0.8257253131563994,0.9073144714503314,0.626031746031746,0.0519704585427605,0.6533730158730158,0.6009920634920635,0.5777777777777777,0.5828798185941043,0.7151360544217686,0.6227841824293137,0.0668070476495489,0.553299646292414,0.7180614322423935,0.6564153070960727,0.5405679579292025,0.6455765685864857,0.8095532102845084,0.0415265905429315,0.818079222478853,0.7731976002201159,0.7660619803476943,0.8825837193347564,0.8078435290411221,0.525045351473923,0.0964578524772254,0.6852891156462586,0.566014739229025,0.4095238095238095,0.5149659863945578,0.4494331065759637,0.9144692973748446,0.0323029016989594,0.8881590048338818,0.865988144590629,0.9410619803476948,0.9509380457163708,0.9261993113856468,0.8425240513036455,0.0298789164184329,0.8564596694813422,0.7986662711093755,0.8483187521402049,0.8863792598779592,0.8227963039093462,0.5538059163059162,0.0437065188365561,0.5736678004535147,0.4768243661100804,0.5357142857142857,0.5975340136054422,0.5852891156462584,11.6,2.4166091947189146,15,14,10,9,10
-550,0.4057040968111582,0.0729563557077262,0.3885200296839078,0.3068030859742846,0.392383693584374,0.4072161551032747,0.5335975197099504,0.8934617155401527,0.0421167987402879,0.9110440999240595,0.9450888985415956,0.9000405052882834,0.8941641650794765,0.8169709088673488,0.8003282828282829,0.0428014297300805,0.8015117157974301,0.8626417233560092,0.808257747543462,0.8010959939531368,0.7281342334913764,0.8293811152458075,0.03326311577783,0.8475745526125984,0.8629670269083223,0.835739958917195,0.8345370105882014,0.7660870272027195,0.8406838502462601,0.0301450382529818,0.8536330434018504,0.876465133767016,0.8447506054930536,0.8433138620078967,0.7852566065614843,0.4773470444899017,0.0427220709298566,0.4841618038046609,0.5133769669483955,0.488863121005978,0.505714457500172,0.3946188731903017,0.5838217181818826,0.0352223240274232,0.5841985025576183,0.6236309941325869,0.6091650234801429,0.5812961501734597,0.5208179205656052,0.8339956975168878,0.02609471861339,0.823865376557535,0.8207420126170126,0.8136694902319902,0.8262033584801441,0.885498249697757,0.552375283446712,0.1118347835381967,0.4914682539682539,0.5047619047619047,0.4562925170068027,0.539795918367347,0.7695578231292517,0.9132058600910604,0.0389316381629734,0.921673985090134,0.9211528286528288,0.9558876969591256,0.92767748124891,0.8396373085043034,0.8414076050262962,0.0072509551196575,0.8303009856573186,0.8370663619626386,0.8414656289487329,0.8480415261355972,0.8501635224271932,0.5961167800453515,0.078678848114833,0.5969387755102041,0.6065759637188208,0.6645124716553287,0.6634920634920635,0.4490646258503402,0.5836289576121739,0.0686184834863836,0.5592348980052131,0.6833685721669879,0.6133031972817012,0.4736548044851848,0.5885833161217826,0.8240839351124857,0.0501242599646737,0.8331347383117704,0.7863398606081061,0.7911328420256992,0.9184273209338026,0.7913849136830502,0.6289002267573696,0.0804081532735291,0.7312074829931973,0.6068310657596372,0.5166666666666667,0.7091836734693876,0.5806122448979592,0.8819336682767824,0.0466467660740623,0.8820333329323479,0.8539804381264009,0.9328609221466364,0.9305567284385018,0.8102369197400254,0.8441230210965468,0.0447682567363252,0.8626405231183523,0.8043516911718244,0.8656333706558061,0.9057750137928527,0.7822145067438983,0.5497640454783311,0.0856948257600952,0.5900488400488401,0.5018965161822304,0.6068027210884354,0.6440476190476191,0.406024531024531,12.2,6.368673331236264,13,23,8,13,4
-525,0.3015712315837542,0.0967883671665412,0.3421896784788086,0.1471562940804731,0.2536119678545566,0.3278434500098228,0.4370547674951099,0.9404443405858992,0.0368535221647423,0.9220216523464676,0.9916030388110642,0.9670256879543976,0.9369434539028092,0.884627869914758,0.8635870610870612,0.0606536233114839,0.7955782312925171,0.9592970521541948,0.8731953892668181,0.8886380814952243,0.8012265512265513,0.8710168418284268,0.0420870911299217,0.8493094716059384,0.938178968743882,0.896449575520397,0.8544849037352785,0.8166612895366375,0.8807212439031659,0.0394071472225473,0.8562998970732805,0.946394920873602,0.8996680141656258,0.8691181296455194,0.8321252577578019,0.5756696213839072,0.0949512233374782,0.4950585789871506,0.7254818594104309,0.6401197347625919,0.5479059300487873,0.4697820037105751,0.5840103975364139,0.0725470262607126,0.5537648520299366,0.6912468160901751,0.6418438702821732,0.5436851211956569,0.4895113280841282,0.8544422076801735,0.0276010967612698,0.8325823717632724,0.8497771491075062,0.8415015771265771,0.8398000973893831,0.9085498430141288,0.5919727891156463,0.0394449536512611,0.5478741496598639,0.5399659863945578,0.6214285714285713,0.6298469387755102,0.6207482993197279,0.9377627538489608,0.0158064932272427,0.9430482876911448,0.9521947496947496,0.9377943485086344,0.9076645444502588,0.9481118389000164,0.8700966648342876,0.0159326540982617,0.8603584145212835,0.8680109029664914,0.8703537955983996,0.8523949940646898,0.8993652170205733,0.7120717377860235,0.0453755811999902,0.737329931972789,0.7521258503401361,0.6896825396825397,0.6330344258915687,0.7481859410430839,0.6425103866628239,0.1724657093096487,0.4830456269638879,0.9066404444830758,0.7661209159663745,0.4502894473927362,0.6064554985080447,0.8307732669744441,0.0425898510400247,0.8489973937187607,0.7837032175755001,0.8036989795918369,0.9046964916079512,0.8127702523781718,0.6406746031746031,0.0946086055906578,0.7096938775510203,0.6092120181405896,0.6392857142857142,0.7610544217687075,0.4841269841269841,0.8888143339828363,0.0194504931572519,0.8820241754231902,0.859091636451885,0.886009361009361,0.8989535399063531,0.917992957123392,0.8474814333305647,0.0284828003609119,0.8578479295666247,0.8077046811446599,0.8549393826309942,0.8906299539286323,0.8262852193819121,0.5451096918954063,0.0258014554328191,0.5654916512059369,0.5317404817404817,0.5084183673469387,0.5381802721088437,0.58171768707483,22.8,12.4,15,45,26,19,9
-500,0.273479215091183,0.034776548831085,0.3040660481367792,0.2195091245784646,0.2884686025125639,0.2465409091895535,0.308811391038554,0.9519965712506906,0.012576624489651,0.9398653399106331,0.9672401603861992,0.9446409821470952,0.9673131942405342,0.9409231795689909,0.844332611832612,0.0350700537011847,0.8467291967291969,0.8773113790970936,0.8153413385556243,0.8869408369408373,0.7953403078403078,0.8894015631739276,0.0162980963124803,0.8602333818081644,0.906484213196036,0.8907968631065118,0.9026981754485858,0.8867951823103394,0.8920467649908719,0.0148318153782881,0.8724039082412728,0.9114274903895352,0.8882177921028953,0.906650776380692,0.8815338578399642,0.5919561258846973,0.0410756584369084,0.5281917817632104,0.6116402116402117,0.5970899470899471,0.6514163746306603,0.5714423142994574,0.540188046012606,0.0455768641517826,0.5204693504742214,0.6079602007355008,0.5437801352569035,0.5594087306942258,0.469321812902178,0.8617819965496929,0.0309810025075192,0.8356598470398938,0.8558607695214836,0.8567059676434676,0.8393112608291179,0.9213721377145022,0.6006689342403628,0.0239080511875224,0.6070861678004534,0.5838435374149659,0.5790816326530612,0.5887755102040816,0.6445578231292517,0.9492671904497778,0.0217911402874371,0.9158988578709076,0.9747986801558232,0.9329830222687364,0.9561856793999652,0.9664697125534564,0.8798390839088818,0.0225373946060703,0.8567804669749682,0.889371998176359,0.8577385253682568,0.8777267963586051,0.9175776326662196,0.7219867037724181,0.0598721408411511,0.6363095238095238,0.8235544217687075,0.7113790970933829,0.7109693877551021,0.7277210884353742,0.5700786569288799,0.1004885032245587,0.4723676294088363,0.7099936881235668,0.5656052955559322,0.4496401505810873,0.6527865209749767,0.8441005053911959,0.0419613273076333,0.8660806217933681,0.7931324297395725,0.8118102796674226,0.9121743947939824,0.8373048009616332,0.6212131519274376,0.1057948054127411,0.7693027210884354,0.6289399092970521,0.5928571428571429,0.6693877551020407,0.445578231292517,0.9149637524410495,0.0422776699119103,0.8587062499624077,0.8759211032813518,0.9183222861794292,0.9587140290834872,0.963155093698572,0.8622558579820824,0.0326852704491336,0.8547801212433024,0.8238456189320551,0.8681573846044303,0.9208239514080898,0.8436722137225344,0.6365878169449598,0.0725051992352583,0.5603458049886622,0.593454957740672,0.5915816326530612,0.7579931972789115,0.679563492063492,25.4,7.761443164772902,18,33,17,36,23
-475,0.3610273223192918,0.1206213284415481,0.4909985980817249,0.146499432091202,0.3213039877868834,0.4394780294526191,0.4068565641840299,0.9050603739827529,0.044392277445549,0.8466759658844865,0.9681833141423212,0.9438377502016886,0.8854961333024757,0.8811087063827925,0.8042011956297671,0.0706367521362428,0.7707671957671958,0.905753968253968,0.8630007558578989,0.7724077509791796,0.7090763072905931,0.8625588141351855,0.0480724957366534,0.7915669919032526,0.939424089853486,0.8649064986387399,0.8416047060340984,0.8752917842463503,0.8660839142820617,0.0447451396120552,0.812136741572076,0.9455503187428836,0.8743078905702296,0.8405956147587862,0.8578290057663331,0.53347385418814,0.0943401887823609,0.4046098742527314,0.6927231498660072,0.5618085618085618,0.5022143200714629,0.5060133649419365,0.5065638733761652,0.0435449753728443,0.558172419667244,0.4699628778866359,0.5195995824677604,0.5421134425061089,0.4429710443530764,0.8648913981000079,0.0340465767978128,0.8229784506240251,0.8643212904820048,0.8592605856445142,0.8512014870050584,0.9266951767444376,0.6316156462585034,0.0446164774668331,0.6051020408163266,0.6459183673469387,0.6441326530612245,0.5647959183673469,0.6981292517006803,0.9161177755793306,0.0397759161276582,0.8397933524952158,0.939411593697308,0.91393031571603,0.9411484679341822,0.9463051480539164,0.8638246121432364,0.0342882715126977,0.8062513202774401,0.877112765116946,0.861644519952689,0.8615336384073284,0.9125808169617784,0.6348435784570238,0.0969448430650064,0.4483893557422969,0.7238378684807255,0.6538897610326181,0.6532029478458049,0.6948979591836736,0.5305544459394046,0.040448111583869,0.5134652512414115,0.5433867935623441,0.5669788111533437,0.4602515484605516,0.5686898252793721,0.8450147539461597,0.0447519922843923,0.8555549334013005,0.797652939279492,0.8023289871504158,0.9213517778014148,0.8481851320981754,0.6755442176870748,0.0636423790592236,0.743112244897959,0.6860827664399094,0.6857142857142857,0.7074829931972789,0.555328798185941,0.8821227859778942,0.043408146256253,0.8270879171002324,0.843670557645713,0.8773097273097274,0.9367180128756484,0.9258277149581496,0.8505480874171812,0.0326972381050576,0.827000212982211,0.8131394683993777,0.8559432624524421,0.9084866789610848,0.8481708142907909,0.5628944270015699,0.0708537631949559,0.4918792517006802,0.5489534275248562,0.4865646258503401,0.6662414965986395,0.6208333333333333,15.0,14.75127113166862,4,44,12,6,9
-450,0.2747784119986352,0.0578579833826538,0.2575774352465357,0.1918317005038261,0.3722174625311579,0.2704907574114345,0.2817747043002219,0.9524615087982162,0.0218054259818472,0.9611803663454442,0.9820232023495572,0.9154735906305655,0.9464055126577215,0.9572248720077928,0.852336631622346,0.0335153833890891,0.871806500377929,0.900858070500928,0.8266319659176803,0.8054232804232804,0.8569633408919124,0.8898617870399376,0.0245824469703612,0.9003497845928763,0.9190710422131576,0.8478197455722978,0.9030346511289964,0.8790337116923594,0.891898997363979,0.0213103967414892,0.900026018617439,0.9234226259113084,0.8589636315475536,0.8957382843764867,0.8813444263671071,0.6034641416784275,0.0456075962901047,0.6132936507936508,0.6525037792894935,0.524043549043549,0.6400072150072154,0.5874725142582287,0.5002464760627066,0.0684027223260982,0.4891198809657778,0.5693172588944435,0.5160488826887948,0.5514955137457166,0.3752508440187999,0.8840729695439217,0.0259884613563163,0.8806241989549443,0.885404111430897,0.8612224002849003,0.8609938804581663,0.9321202565907,0.6513605442176871,0.0601178568905164,0.6306972789115646,0.6005952380952381,0.6290816326530612,0.6268707482993197,0.7695578231292517,0.9363514959771118,0.0178285288488745,0.9432070178498752,0.9641694284551428,0.9164740682597824,0.940439851154137,0.9174671141666216,0.8805603425913153,0.0150821354819668,0.8758100105752117,0.8880270015457691,0.8583703297966141,0.8765671360834588,0.9040272349555224,0.7172619047619049,0.0718350405250707,0.7665816326530613,0.7886904761904763,0.6765873015873014,0.7590986394557823,0.5953514739229026,0.5480811551213265,0.1089417148692432,0.4673677150692258,0.7308105847665242,0.5684791377612523,0.4109527809279306,0.5627955570816994,0.8485056200663074,0.0449557153315772,0.8607746158808351,0.8125721838260658,0.7902541572184429,0.920407077306546,0.8585200660996468,0.6878061224489795,0.0461400871686906,0.7471938775510204,0.6289399092970521,0.6857142857142857,0.7312925170068026,0.6458900226757368,0.8975291031640357,0.0262269056109043,0.8661366238213528,0.8785049663931651,0.8861111111111111,0.9234605560467628,0.9334322584477864,0.8643534917998451,0.0252919027991873,0.855077804771217,0.8255394139636324,0.8633598904413666,0.9030418187594856,0.8747485310635245,0.5995758606472892,0.066356530669407,0.5355210265924552,0.6083616780045352,0.5354875283446712,0.6017857142857144,0.7167233560090703,21.6,8.475848040166836,23,33,7,25,20
-425,0.2843314796686172,0.0602754819860498,0.349267137547334,0.3196996159496761,0.1851826349184626,0.245892655636583,0.3216153542910303,0.9455079010253572,0.0182258742714193,0.933752173171861,0.92631967464738,0.9711426923742196,0.9637074360390157,0.93261752889431,0.8373498591355736,0.0336912656028015,0.8383030990173849,0.8303287981859411,0.8784580498866215,0.8605820105820106,0.7790773380059096,0.8897278688746763,0.0295108151357444,0.8583075739495744,0.8691097193882033,0.934635606745623,0.914506067544459,0.872080376745521,0.8935397890648042,0.0261041854661269,0.8666151393483299,0.8848315880425387,0.9326145755956378,0.9149878798831516,0.8686497624543634,0.5947275475846905,0.084932633533966,0.5153473510616368,0.5145537002679859,0.7157123960695388,0.6770897753040613,0.5509345152202295,0.5199621270809854,0.1024157815946226,0.5222475102969578,0.5004427539450782,0.7036482936569622,0.483985172850745,0.389486904655184,0.8780230752134399,0.0228327230612151,0.8645736094047429,0.8788619796209083,0.8524080251758823,0.874350525466597,0.9199212363990686,0.6580555555555555,0.0542249055351341,0.6270124716553287,0.6418367346938775,0.5922619047619048,0.6774659863945578,0.7517006802721088,0.9295313725049212,0.024696424462697,0.8935380785536067,0.9378507471364614,0.965777516134659,0.9381741671027386,0.9123163535971416,0.8795727788276773,0.018124026198909,0.8451587289610908,0.8806500186038658,0.8872810590179222,0.88650971451075,0.8982643730447576,0.6988748949463236,0.072869120754153,0.6186920222634509,0.7241496598639455,0.7830782312925171,0.7615646258503402,0.606889935461364,0.5704908124038152,0.1427857923958165,0.5093606795583453,0.6198272917951856,0.8123904424054282,0.3820276068789618,0.5288480413811547,0.8538252533156132,0.0560480316808547,0.8721653399054876,0.8004715011236752,0.792535903250189,0.9474212755743092,0.856532246724405,0.6861111111111111,0.06883595461109,0.8027210884353743,0.6432256235827664,0.6035714285714285,0.7170068027210884,0.6640306122448979,0.8769046435426816,0.0533689000556076,0.7953914020662788,0.831516019062603,0.9102157102157102,0.9285691128794576,0.9188309734893586,0.8510934091007204,0.0389055462345619,0.81697639816123,0.7968478028895918,0.8649549756321818,0.9040650207596072,0.8726228480609911,0.5544600241028812,0.0796049765902212,0.4467615717615718,0.4946995464852607,0.5479024943310657,0.6156746031746031,0.6672619047619047,22.2,8.565045242145542,12,14,31,33,21
-400,0.3090246120024295,0.0760673460698101,0.322575432913644,0.2676488304776804,0.1885600827989124,0.3555194341710636,0.4108192796508471,0.9310788588766524,0.027316825964071,0.9280699037400596,0.9489314535028286,0.9701686903564758,0.9186181805290776,0.8896060662548212,0.8252039098467672,0.0473952882647824,0.8327664399092973,0.8636054421768707,0.8866118669690098,0.7805839002267574,0.7624518999519002,0.8820806137524114,0.0276915677953904,0.8672123128650222,0.8931733783457922,0.9314330909995748,0.8620942008658863,0.8564900856857813,0.884316500343244,0.0277712133876581,0.8755727197952042,0.9022299292823236,0.92886833695659,0.8613922352845316,0.8535192803975716,0.5745225938083082,0.0630301209947514,0.5485200645914934,0.5735166288737717,0.6940381708238854,0.5459337620051906,0.5106043427471997,0.4912641684923853,0.0646531864764666,0.4768405237368175,0.5158607768160957,0.4598670452833175,0.5990259423851967,0.4047265542404992,0.8813462921589528,0.0290037910846238,0.8779573690773225,0.8558157269317984,0.8826595659631374,0.8554000050875051,0.9348987937350006,0.6613435374149659,0.0820317730318899,0.6300170068027209,0.5920918367346939,0.695408163265306,0.5839285714285714,0.8052721088435373,0.9303069204103688,0.0194521080495213,0.940920547706262,0.9548329844758418,0.9171818128960988,0.9388336531193672,0.8997656038542737,0.8789202821589928,0.0099068757967548,0.8774609375530604,0.8775748765811285,0.8772470144779526,0.8657650553084547,0.8965535268743674,0.6752236652236652,0.0628860200288308,0.7468537414965984,0.7233843537414967,0.6838280766852195,0.65578231292517,0.5662698412698414,0.5064540083919252,0.0482492517528507,0.4449144218649183,0.5624279507568904,0.5621045338256019,0.4678373294217245,0.4949858060904911,0.8509980894184672,0.0468664565368073,0.8776579413448256,0.7986735980835361,0.7971851561137278,0.9179356769465662,0.8635380746036802,0.6888095238095238,0.0424999640823676,0.770578231292517,0.6677154195011338,0.6559523809523808,0.6896258503401361,0.6601757369614513,0.8974404617379559,0.0390417147879892,0.8636720659380758,0.8823897324207884,0.8596299203442062,0.9639119555868324,0.9175986343998768,0.8664487495836714,0.0332205891772872,0.8584903336990076,0.8360988698064024,0.8400450541800218,0.9283226220365411,0.8692868681963836,0.5948237476808904,0.0862276965509328,0.5495464852607709,0.5760770975056689,0.4714672232529375,0.7201530612244896,0.6568748711605854,15.8,6.49307323229917,13,16,28,13,9
-375,0.3066172861094985,0.1011215293655855,0.2004301481481109,0.4370218408959253,0.1826974767304602,0.3919674938633328,0.3209694709096636,0.9361860474576964,0.0398521763139721,0.97883656865532,0.8857910403785948,0.9868281475937024,0.9077540058607336,0.9217204748001302,0.8491015598158457,0.06972496421523,0.9358276643990928,0.8364795918367347,0.9236583522297808,0.7778018278018279,0.7717403628117914,0.8811537718167843,0.0354168027772334,0.904701236799473,0.825079914602135,0.9283669995071612,0.862946455433484,0.8846742527416678,0.8863971831892206,0.0332135959687038,0.917930635651836,0.8440138111533938,0.930500710725938,0.8591171267922446,0.8804236316226908,0.5827951281522712,0.0909475168669812,0.6509070294784582,0.4530285851714424,0.7142376142376143,0.5387806637806638,0.557021748093177,0.547183437858309,0.0572068366015535,0.5542875155806541,0.5760804414749146,0.6067021499787059,0.5601405629089901,0.4387065193482807,0.8703592973594312,0.0258404995290093,0.8698582513644625,0.8532304748822606,0.8651447576894006,0.8446541223326937,0.9189088805283384,0.6199773242630385,0.1255021810286095,0.577437641723356,0.4420918367346939,0.7275510204081632,0.559438775510204,0.7933673469387755,0.9378138344049674,0.0216377748466872,0.9462361183789756,0.9590147683004826,0.9168775800918658,0.9593980754695044,0.9075426297840092,0.8741527684213406,0.0186609429599324,0.8675289410853544,0.8441049062362875,0.8828916637984499,0.8753145557072808,0.90092377527933,0.6621938775510205,0.0464839382312831,0.6970238095238095,0.6305272108843537,0.6964285714285714,0.7014455782312926,0.5855442176870749,0.5470734027879579,0.0746229399808772,0.4574616168226514,0.6293923386505672,0.6406668073364666,0.4873005769082478,0.5205456742218563,0.8475190494109286,0.0522868653269138,0.8805692479614894,0.7765903847561456,0.798941798941799,0.9176666551647108,0.8638271602304988,0.6440476190476192,0.0626622974390812,0.6704081632653062,0.5320861678004536,0.7142857142857143,0.677721088435374,0.6257369614512471,0.90982679595616,0.0462011146746387,0.9252762289708104,0.9262505989524624,0.8195621838478981,0.9515087184299008,0.926536249579728,0.8643675655179909,0.034184296160141,0.8810969987253989,0.8326247247013489,0.8232971764220683,0.9178640867743388,0.8669548409667998,0.6231859410430839,0.0966766772096042,0.657312925170068,0.6630385487528344,0.4310374149659864,0.6761054421768707,0.6884353741496598,15.8,9.66229786334493,29,3,24,8,15
-350,0.3431238722233545,0.0262152777387054,0.363446532970383,0.3414408479418073,0.3268785494424048,0.3048215678759983,0.379031862886179,0.9225102417313876,0.0115284558828875,0.9224400814992256,0.9305520048351308,0.9256601092720758,0.9331989123813782,0.9007001006691278,0.7979087050515623,0.0442757186964613,0.8135015117157974,0.8525982615268329,0.8223356009070298,0.7778122670979813,0.7232958840101699,0.8698184264649356,0.0172680631255607,0.8408942832992272,0.8628752909433999,0.8719066961949264,0.8906604768489663,0.8827553850381581,0.8730413134819021,0.0094240050714354,0.855792328661099,0.8751619441324169,0.8766497197579423,0.8843985908258389,0.8732039840322129,0.5330754827183399,0.0348016887748188,0.4752121555692984,0.5183201058201059,0.5520468288325432,0.5784863945578232,0.5413119288119288,0.507435218351228,0.0508774256620331,0.5372072735003063,0.5902297794818878,0.495238653251103,0.4544737019709178,0.4600266835519245,0.8834933764312245,0.0236496989647127,0.8575157309765229,0.8795067300424443,0.871637104628176,0.8810502972556545,0.9277570192533248,0.6214739229024944,0.10621541663284,0.528968253968254,0.4783163265306123,0.625,0.7233843537414966,0.7517006802721088,0.9430713370421018,0.0264282054060359,0.9595531400966184,0.977428774928775,0.9360782603639748,0.898454415954416,0.9438420938667242,0.877576474649036,0.0221465560519781,0.8620157807544537,0.8606756859538729,0.8733511820859816,0.8710827424345043,0.9207569820163674,0.7187698412698412,0.0369395445841298,0.7148809523809525,0.7831632653061223,0.7185374149659864,0.6680839002267573,0.7091836734693878,0.5175440726535661,0.1198283472545249,0.4720573340143476,0.708662252340998,0.5102726221084595,0.3397953329341752,0.5569328218698502,0.862296159065755,0.0505507396226182,0.8908999138632758,0.7925193532743997,0.8301917989417988,0.9400105845695034,0.8578591446797967,0.6681802721088436,0.1028068493891487,0.6841836734693878,0.5787698412698413,0.6357142857142856,0.858843537414966,0.583390022675737,0.926245995958461,0.0290111640230697,0.9559048741807362,0.93956335474969,0.8937830687830688,0.8890352285918789,0.952943453486932,0.8785854820576624,0.0190567316226755,0.9033615945883852,0.8565106398872793,0.8596681238951259,0.8973070432847248,0.8760800086327966,0.6466022469593897,0.0843600476007345,0.7449829931972788,0.7147108843537414,0.5359126984126984,0.5576427540713255,0.6797619047619048,10.6,3.2619012860600183,10,8,9,17,9
-325,0.3834240750897498,0.0796717325163249,0.4411403437455495,0.2940297886019661,0.2806867981950442,0.4303002825805119,0.4709631623256774,0.8984109455093863,0.0352315894512959,0.8826720079090769,0.9308369105137236,0.9477025315453644,0.8776878106331013,0.8531554669456648,0.8077324263038548,0.0268985620461273,0.7893707482993196,0.8179327286470143,0.8555366591080875,0.7951719576719578,0.780650037792895,0.857506258331521,0.0306050588598884,0.8364626066021797,0.8804806015541273,0.9035314701760396,0.8484361562169088,0.8186204571083503,0.8628844875851689,0.0274278670891249,0.8436896076745592,0.8894994605599781,0.9002431679267204,0.8524617000929491,0.8285285016716376,0.5223258223258223,0.0567198380330069,0.4732014017728304,0.5387909709338279,0.620918367346939,0.5168118918118918,0.4619064797636226,0.5316329232284002,0.0338372791086528,0.5839538808379855,0.5094717251402991,0.5150835471493858,0.5574597929205213,0.4921956700938089,0.8752998658147378,0.0273054762230458,0.865000650947856,0.868518282312925,0.886669682830397,0.8367409805802664,0.9195697324022446,0.6352437641723355,0.108003104217025,0.4965419501133786,0.6762755102040815,0.6124999999999999,0.5737244897959183,0.8171768707482993,0.9346854358011992,0.0227748462835653,0.9682804232804232,0.9276957962672248,0.9473043490900632,0.9306855049712192,0.899461105397066,0.8745687922437219,0.0159930907953308,0.8583915596288453,0.8797127327410627,0.8770585165440333,0.8570686127084095,0.9006125395962581,0.6775252525252525,0.0748568260589394,0.7601190476190476,0.6762755102040817,0.7571428571428571,0.6278756957328386,0.5662131519274376,0.5615181876080377,0.0578393106097746,0.5254986584186554,0.6523574058498655,0.597787116255079,0.4867014012166432,0.5452463562999453,0.8578208348483531,0.0467690818868468,0.8977461187097887,0.8037986844935604,0.8051445578231292,0.9178550854315696,0.8645597277837185,0.6560714285714285,0.0487093369738828,0.6144557823129252,0.6766439909297052,0.5833333333333333,0.6998299319727891,0.7060941043083899,0.9003822320639628,0.0555175637085983,0.9750429054616248,0.8466653325970095,0.9249811035525324,0.9291332695766192,0.8260885491320274,0.8627663337610191,0.0407688441191013,0.9057711441636136,0.8154677190651043,0.871626852214235,0.905952660854998,0.8150132925071442,0.6167927508998938,0.1104679026055379,0.8226190476190476,0.5288419913419914,0.5857142857142856,0.6289965986394558,0.5177918311846883,8.6,4.63033476111609,5,12,16,6,4
-300,0.3788048634926477,0.0395850516308844,0.3224884548357555,0.4132856829535393,0.3518953294981093,0.431126040716966,0.3752288094588688,0.904489429815764,0.0160278470043902,0.9339843813357728,0.8972036153642536,0.9067527762299348,0.8869216695432831,0.8975847066055758,0.8002296777296778,0.0224016283780417,0.827910052910053,0.8255668934240363,0.7743746993746994,0.7922876726448155,0.7810090702947847,0.8453280147504071,0.011807511942212,0.8528144799482347,0.8315477616562155,0.8554804446764269,0.8303482576840541,0.8564491297871037,0.8550979763793911,0.0106953829615237,0.8658488021080212,0.8508738813183916,0.863318194131214,0.8362740736447984,0.8591749306945305,0.4970975585261299,0.02452172742712,0.4972239400810829,0.4595934488791631,0.5226175279746708,0.4820689892118464,0.5239838864838865,0.5110556998423167,0.0572263090124277,0.5363935061863491,0.4796755888632366,0.5392967058079583,0.5827319217579705,0.4171807765960693,0.8733726458984009,0.0254882509410479,0.8623522063972373,0.8665664246467817,0.851000530554102,0.8637063019652306,0.9232377659286526,0.7263265306122448,0.1348575716296654,0.6300170068027209,0.7866496598639455,0.8468537414965985,0.510969387755102,0.8571428571428571,0.8502301120066166,0.1109160457767246,0.9342404449702588,0.8468610093610094,0.648765625908483,0.9678942089656376,0.8533892708276944,0.8351593799260346,0.0586245290157291,0.8727404255040738,0.8468614923667415,0.7194451361246681,0.8639833518219209,0.8727664938127686,0.5739614050748505,0.138486071051519,0.7152210884353741,0.5625227946656518,0.3587864982822966,0.7303571428571429,0.5029195011337868,0.5248897245952061,0.0456705992071377,0.4706390883241381,0.5795377088444573,0.5785225225346429,0.4888364246913365,0.5069128785814557,0.8489179562535192,0.0553897020139089,0.8965764104418661,0.7934843082067463,0.7825727513227513,0.9237092759529236,0.8482470353433087,0.6936111111111111,0.0845476711901516,0.7146258503401361,0.6664399092970522,0.7892857142857143,0.5454081632653062,0.7522959183673469,0.8056727573490263,0.1335315562840838,0.9193556812645484,0.781660504207088,0.5798360369788941,0.9614489013996405,0.7860626628949609,0.8034711511630983,0.088337704309377,0.8855195012774633,0.7692388159357944,0.6588830361975818,0.9044206048952568,0.7992937975093952,0.4870787382552088,0.1522597825686855,0.6387471655328799,0.4406539888682745,0.2462645664326336,0.6634353741496598,0.4462925962925962,7.4,2.870540018881465,12,4,7,5,9
-275,0.4408749898274739,0.0535210112339855,0.4235996245628312,0.3666484164340155,0.4248642988857768,0.4594272864716394,0.5298353227831069,0.8702616283475875,0.0361237425824208,0.8915721478159724,0.9095575463063476,0.8897408409605658,0.8518985298868573,0.8085390767681938,0.7830909434480864,0.0332121461271358,0.7843065003779291,0.812329931972789,0.8267736892736893,0.7449074074074075,0.747137188208617,0.8229660736335566,0.0269911663284652,0.8375287341844501,0.8516393147582564,0.8202498053126307,0.8325398873315984,0.7728726265808474,0.8363400962928766,0.0248276087545464,0.846053521613256,0.8689613410270328,0.8374656738872476,0.8367220851570694,0.7924978597797774,0.4626855287569572,0.029343601224097,0.4673606816463958,0.4826058201058201,0.4892015392015392,0.4677669552669551,0.4064926475640761,0.5669528863259725,0.0561985547465288,0.5369615043912616,0.5334042587450573,0.5197204032114574,0.5703765771218708,0.6743016881602151,0.8699337836314704,0.0183502692062107,0.8659198667389659,0.8613403577242863,0.8615896636432351,0.8548693783068784,0.9059496517439868,0.6151530612244897,0.0590006504237712,0.6045068027210884,0.6405612244897958,0.6262755102040816,0.5122448979591837,0.6921768707482993,0.9354055678858634,0.0192183503752579,0.9329878190592475,0.9159254898540616,0.9132626896912612,0.9582343450200594,0.9566174958046878,0.8734636617733236,0.0237152561663411,0.8669290077163351,0.8631182282697799,0.8589246046990681,0.8578892791636635,0.9204571890177708,0.6632312925170067,0.0501060527832893,0.6613095238095238,0.6193027210884353,0.6005102040816326,0.6976190476190477,0.7374149659863944,0.5575008635010038,0.0678403669513863,0.4946952738932201,0.5730560847691127,0.5504005551338196,0.4916771224566868,0.6776752812521798,0.8552350853641384,0.0529718537005476,0.903030651842228,0.7955724517603399,0.7983985260770975,0.9256115553082108,0.8535622418328164,0.6583616780045352,0.0787749398817762,0.7705782312925171,0.640249433106576,0.6357142857142856,0.7093537414965986,0.5359126984126984,0.9121639725821564,0.0417126088364106,0.8951817717950723,0.8610884095200865,0.8815686958544101,0.9618893841061328,0.96109160163508,0.868670242650402,0.0361892713127942,0.8789489650514909,0.8174457144195052,0.8530501574230397,0.9283767087171342,0.86552966764084,0.6059616573902288,0.0975850449682959,0.5992810760667904,0.5209750566893423,0.4825113378684807,0.7448979591836734,0.6821428571428572,4.6,1.9595917942265424,5,8,4,4,2
-250,0.3652207141121228,0.0898074848352709,0.3465439978809583,0.2082601555046581,0.3752930508483024,0.4203069862865266,0.4756993800401687,0.9029157998681112,0.0353548263434429,0.9167895669158874,0.953405503302876,0.9074374865919652,0.8920857081240411,0.8448607344057855,0.7902418348846921,0.0493290248331455,0.7928099017384733,0.8774943310657597,0.7924412227983657,0.7566515495086925,0.7318121693121693,0.8605020701960715,0.0304144198367367,0.8555423625269806,0.9200163253880675,0.8458524671542508,0.8356594940454164,0.845439701865642,0.863255123884041,0.0328284988776296,0.8619543885414066,0.925995907267778,0.8535994602038538,0.8344984240816975,0.8402274393254692,0.5183156393870679,0.0554839405349818,0.4934901738473168,0.6290910808767952,0.488781522710094,0.4855691266405552,0.4946462928605785,0.5287198688302721,0.0325177627606088,0.5182556914431709,0.5026610536234719,0.5778499160494123,0.5540804628814969,0.4907522201538086,0.8715899013579727,0.0219801584713329,0.8621987865194385,0.8742165787255072,0.8542052953660096,0.8542813353974068,0.9130475107815011,0.6625680272108843,0.0340741977307264,0.6210884353741495,0.685204081632653,0.6530612244897959,0.6375,0.7159863945578231,0.9142941471005296,0.0218264868900546,0.9087863172024664,0.928852258852259,0.8939564800279086,0.8911074771789058,0.9487682022411086,0.8704581699986933,0.0272322384124403,0.853336831035408,0.8806948692346265,0.852821187753704,0.8459880289768507,0.919449932992878,0.6496315192743765,0.0513619238901055,0.630952380952381,0.702125850340136,0.6258219954648527,0.5758219954648526,0.7134353741496599,0.564630603151662,0.072016850175466,0.4601146195616041,0.6327230195913996,0.6346901272024427,0.4983255565166473,0.5972996928862163,0.858777628720736,0.0500897082993138,0.9040687898354154,0.8215368100383629,0.7929516250944822,0.9270650168640836,0.8482659017713365,0.6671145124716553,0.0857399952744382,0.7527210884353742,0.6831065759637189,0.6785714285714286,0.7170068027210884,0.5041666666666667,0.90370018319258,0.0424035828298682,0.9141518903464716,0.8483442173193725,0.8609221466364324,0.9390931008418694,0.9559895608187536,0.8657855472351758,0.0320373059736009,0.8899722883169098,0.8210539001129191,0.847254035109775,0.9121484278148472,0.8584990848214271,0.6020325706039993,0.0761806487346982,0.6352040816326531,0.5462739641311071,0.4819160997732426,0.6634353741496598,0.6833333333333333,10.0,6.782329983125268,10,23,6,7,4
-225,0.3042044210646834,0.0624508057782951,0.3749819263106301,0.335223440967855,0.2966350778227761,0.18988887699587,0.3242927832262857,0.9368279152220366,0.0193887259830126,0.9099876802879766,0.9289770439072572,0.9376940531238828,0.9699386191712128,0.9375421796198532,0.8342290249433107,0.0257968771083661,0.8008503401360544,0.8638321995464854,0.8352702191987907,0.8614040060468633,0.8097883597883598,0.8732846732919566,0.0323274986483229,0.8421191113218488,0.8445883063904409,0.8823819918925937,0.9307549674912998,0.8665789893635992,0.879602787898554,0.0256442360020887,0.8545772793175208,0.8613965724677066,0.8841918120709051,0.9268768082837852,0.8709714673528521,0.5619173022744451,0.0873024280995353,0.4800943104514533,0.4928966536109393,0.5683913969628256,0.7240646258503403,0.5441395244966674,0.5179387703537941,0.0524863501867161,0.5571300962141582,0.5532694373811994,0.50667462178639,0.5528763947742326,0.4197433016129902,0.8827654142905,0.026060201831452,0.8626815125437021,0.8645721044828188,0.8727592083842085,0.8804917618756904,0.9333224841660802,0.6316439909297052,0.1207900966165025,0.5323696145124717,0.4681122448979591,0.6911564625850339,0.6553571428571427,0.8112244897959184,0.9339774776400394,0.0238830622812582,0.9520467759753476,0.9688554567125996,0.9087029769172628,0.932127303913018,0.9081548746819684,0.8737644391275408,0.0179960855004039,0.8566095051693726,0.8586349111924024,0.8693407087427679,0.877927234914594,0.9063098356185674,0.6683673469387756,0.0399728247153025,0.684438775510204,0.7180272108843538,0.6525510204081633,0.6868197278911564,0.6,0.5197713722075734,0.0681847458645487,0.5294756527457919,0.6112802645989827,0.557495293872697,0.4072743750044277,0.4933312748159681,0.8644544734753531,0.0562563870712642,0.9013669468303088,0.8019878682825111,0.7998677248677247,0.9436215463662314,0.875428281029989,0.6414682539682539,0.0934535355371025,0.6967687074829932,0.4558956916099773,0.6678571428571427,0.6870748299319728,0.6997448979591836,0.9127016397134196,0.0534988237571216,0.9525769441286684,0.9540790242653596,0.8613189720332578,0.96070392023594,0.834829337903872,0.8657451144546624,0.0399466009385751,0.9042646683005342,0.8361046297797995,0.8433677502624459,0.9226165716688908,0.8223719522616408,0.620137679780537,0.1246953313794799,0.7390306122448981,0.6261904761904763,0.4486678004535147,0.7720238095238094,0.5147757004899862,14.4,9.748846085563152,7,7,10,33,15
-200,0.3343863368389151,0.0847711411974169,0.3200627501521791,0.3916745019100961,0.2854022021804537,0.4599238055802527,0.2148684243715944,0.924249719037336,0.0385561612434771,0.93927593152097,0.9022615547922824,0.9381225745066818,0.8637535580065454,0.9778349763602004,0.8396121074692504,0.0417599915768427,0.8322467876039306,0.8320389266817839,0.8661349893492752,0.771220710506425,0.8964191232048376,0.8687396750316363,0.0300873242298045,0.8680780440536277,0.8424126839020432,0.877885000824781,0.8352947173328802,0.9200279290448492,0.8745800991525371,0.0222454612764567,0.8720561963984873,0.8613858996714001,0.888021788268212,0.8432331112590968,0.9082035001654896,0.5528985432556862,0.0761960393111786,0.5402021919879064,0.476024702810417,0.5687573009001582,0.4897787397787397,0.6897297808012094,0.4972330308386257,0.0393559200017859,0.5180337535483497,0.5367568135261536,0.4912648711885725,0.5160804901804242,0.4240292257496288,0.8856818963457831,0.0285766729431456,0.8643741973749738,0.8771058455433456,0.8827334256352113,0.8633172531833246,0.9408787599920606,0.6958673469387755,0.0622846746628524,0.6283163265306122,0.6448129251700678,0.7000850340136054,0.8062925170068027,0.6998299319727891,0.8757358336791835,0.088651860916211,0.9235922146636434,0.9075484039769756,0.8941772777487064,0.7025021803593232,0.950859091647269,0.8506512765169176,0.0549949947298976,0.8666628986118473,0.8607387186932659,0.8593607653856077,0.7493350049380778,0.9171589949557896,0.6074875218152529,0.1109582077592455,0.6866496598639457,0.6200396825396826,0.6340136054421769,0.3943537088495071,0.7023809523809524,0.5435506293816227,0.0626765868632635,0.478325496826853,0.6281168162822723,0.5456399332199778,0.469581914799554,0.5960889857794557,0.8662247163954161,0.0521075183957385,0.8980331335673083,0.7929278265011962,0.8154053287981861,0.9255842741722312,0.8991730189381585,0.7164285714285714,0.1112610524572851,0.7318877551020408,0.5752834467120181,0.7107142857142856,0.9107142857142856,0.6535430839002266,0.8726230678690351,0.0689804891832602,0.9280005403281268,0.8922237952983295,0.8772675736961452,0.7402125049687923,0.9254109250537822,0.851318938642976,0.0337611635037064,0.8950834755871888,0.8255764563119153,0.8628889201686228,0.8008202460155698,0.872225595131583,0.5619166944166945,0.113119733912364,0.680952380952381,0.5609977324263039,0.5203514739229026,0.3733873269587556,0.6738945578231291,12.6,8.957678270623475,13,4,12,5,29
-175,0.3432253983758745,0.0843807043908461,0.4406397761333556,0.2241988018864677,0.2622805457739603,0.3863620946095103,0.4026457734760784,0.9204657842204602,0.0367664028108776,0.8743471389764318,0.9638589694733096,0.9632216178226296,0.908185815575812,0.8927153792541181,0.8199728578300007,0.0648120972658486,0.7654744726173297,0.9001039304610733,0.8983276643990931,0.7737150415721844,0.7622431801003229,0.871452956288611,0.0297471153624817,0.8234008975220513,0.915670360541911,0.882716136478518,0.8660321697199052,0.8694452171806698,0.87407694411768,0.0264453867672867,0.8394118086594367,0.9150434095523016,0.8919214443860052,0.8601422085309384,0.863865849459718,0.5478217153217154,0.0623364532214583,0.44043648150791,0.6226379440665157,0.5946308321308322,0.5387488833917405,0.5426544355115784,0.502654618024826,0.0397986334647161,0.5220975875854492,0.4745690354279109,0.5604199788400105,0.511330783367157,0.4448557049036026,0.8800486179649143,0.0272995032101537,0.8604397563559054,0.8733690912262341,0.8689581152974012,0.8635556754753183,0.9339204514697128,0.6702437641723356,0.0458836071226349,0.6722222222222223,0.7209183673469387,0.5850340136054422,0.6774659863945577,0.695578231292517,0.9105287523689752,0.0199935090013376,0.882367402553738,0.9045967788824932,0.9333001918716204,0.8990458747601604,0.9333335137768636,0.8699709668488808,0.0179535504755054,0.8498522339804356,0.8716286995765931,0.8637235529028052,0.8615904766555513,0.9030598711290184,0.6418990929705217,0.0460014729044775,0.5859410430839003,0.6435657596371882,0.7255668934240365,0.6244897959183674,0.6299319727891157,0.5142710885831288,0.0501815095081062,0.469113745859691,0.5396909266710281,0.5841053021805627,0.4457836491721017,0.5326618190322604,0.8674495322442809,0.0464066111421582,0.9031503391586518,0.813528604188542,0.832927059712774,0.9385598611914404,0.8490817969699959,0.6819047619047619,0.0823982226414621,0.8051020408163266,0.7140589569160998,0.5535714285714286,0.6896258503401361,0.6471655328798186,0.8919086818324343,0.0252168149452913,0.8737033428166434,0.8563216631539614,0.9196900982615268,0.920267928568421,0.8895603763616187,0.8631033370012204,0.0210522876290295,0.8714174872655998,0.8340484233683438,0.8643834161949906,0.8964099728412902,0.8492573853358775,0.5806106988249846,0.0184091878242376,0.5663574520717378,0.5659915481344053,0.5660714285714287,0.5944444444444444,0.6101886209029066,11.6,5.71314274283428,5,21,15,9,8
-150,0.3616718426391128,0.1084198073837734,0.4466107225134259,0.33112828149682,0.16289829127934,0.4152425678358191,0.4524793500701586,0.9075675329276056,0.0430395005298809,0.8694755514712547,0.9233885544522455,0.9839703985743734,0.8918629129307943,0.8691402472093598,0.8167955060812204,0.0557993209228648,0.790047584690442,0.8265589569160999,0.9211167800453514,0.7786160929018073,0.7676381158524017,0.8615891983615196,0.0429916902923597,0.8216017116964571,0.8655836610273042,0.9427865888978764,0.84140969359735,0.83656433658861,0.8668736510304635,0.0412038755665936,0.8361078621665816,0.8745443601332041,0.9440560782019178,0.8454680455654947,0.8341919090851191,0.5380480234051663,0.1050895135545594,0.4501633287347572,0.4960128495842782,0.7448601662887379,0.4989383632240775,0.5002654091939805,0.5000760223184313,0.0436096172145215,0.5338159224816731,0.4686622406755175,0.5431921780109406,0.5247483657939094,0.429961404630116,0.8799215360323066,0.0261407625546562,0.8662016813414329,0.8725391737891739,0.8751685599453457,0.8553182961218676,0.9303799689637128,0.7463718820861678,0.0793154039549616,0.8566043083900227,0.7681122448979593,0.6201530612244898,0.7055272108843537,0.7814625850340136,0.860932199520334,0.0762077925628885,0.7142151717617555,0.8720822431536718,0.9349781964067676,0.8891724809581951,0.8942129053212797,0.8491110180363057,0.0437337150826553,0.7646388121686759,0.8593450872223836,0.8695131930827875,0.8609045929284485,0.891153404779233,0.5746227675219273,0.1016508400758811,0.4201093024622436,0.5852607709750567,0.7329931972789118,0.6026643990929706,0.5320861678004535,0.5226483340774264,0.0459856272135132,0.5191138535737991,0.5699736475944519,0.5733565666845867,0.450052695614951,0.5007449069193431,0.8674652705446357,0.0469483378113913,0.8962215751316737,0.7995384630322518,0.8370228647014362,0.9356636197299276,0.868879830127889,0.7228911564625851,0.1059367039306454,0.895578231292517,0.7200113378684808,0.5619047619047619,0.7312925170068026,0.7056689342403628,0.8440907792777572,0.081953691754324,0.7005655902207627,0.8210510923399122,0.9331254724111868,0.9104157118196524,0.8552960295972719,0.8361199598077296,0.0457357764697289,0.7669409358695208,0.8078437224233321,0.8746451265407977,0.8943335444288248,0.836836469776172,0.5218242648550033,0.0744625022369708,0.3869218967184468,0.4954755561898418,0.5795068027210883,0.5819727891156463,0.5652442795299938,12.2,13.49666625504239,3,8,39,6,5
-125,0.3433864165274869,0.0173413986449866,0.3450435541924976,0.3129757679998874,0.3453885998044695,0.3671119929779143,0.3464121676626659,0.9285345276232012,0.0038424621167297,0.9313085615298796,0.9316986168487652,0.9260638723541422,0.92211037544266,0.9314912119405584,0.8299505256648114,0.0217008537585152,0.8484771181199753,0.8339380196523054,0.852730536659108,0.8223167044595617,0.7922902494331068,0.8657582192063792,0.0125725576795669,0.8474314807100197,0.8798071070624739,0.8699782906172566,0.8548487641750455,0.8767254534671,0.870518207096651,0.0105938867704389,0.8613145180586508,0.8872687678751097,0.8747840754355135,0.8572669422501175,0.8719567318638632,0.544649900364186,0.0247113747788482,0.5151214526214526,0.5398122380265237,0.5719593898165327,0.5218417164845736,0.5745147048718477,0.4863163879939488,0.0288731157888783,0.5169098206928798,0.4672512114048004,0.5091781616210938,0.4987427102667944,0.4395000359841755,0.882966146042407,0.0290682277782016,0.8664307731174967,0.8675225122100121,0.8686676914355486,0.8711932924879354,0.941016460961042,0.7805272108843537,0.0522476548486049,0.7369897959183673,0.7770408163265305,0.7812925170068027,0.7306122448979592,0.8767006802721088,0.8451932951194034,0.0175037133402803,0.8597403918832492,0.8301757369614513,0.8183644397930111,0.8599248502819933,0.8577610566773126,0.8448781510343091,0.0183055519009506,0.8439440427142308,0.8327248633260934,0.8242709623689694,0.8453765527766756,0.878074333985576,0.5421751264608408,0.0252997758680713,0.5803313749742322,0.5262227851513567,0.5287339644482502,0.5630024737167594,0.5125850340136054,0.4992385447025299,0.0330571712634241,0.4655901151044028,0.5419972304786954,0.5197118478161948,0.4557534626552036,0.5131400674581528,0.8650064503887565,0.0468157151161814,0.8951595728550779,0.8016267683173739,0.8311130007558579,0.9348366029753769,0.8622963070400961,0.7776870748299319,0.0364282000259132,0.8385204081632652,0.7378684807256236,0.7785714285714285,0.7431972789115645,0.7902777777777777,0.8152716511574883,0.0511421085274467,0.8518650342541968,0.7955575514892285,0.7811413454270598,0.8947356343998811,0.7530586902170754,0.8250721577363009,0.0419522871563386,0.8632738934048154,0.7929203937975683,0.8062257290832482,0.8856451078304064,0.777295664565466,0.4813755292326721,0.0476981233717537,0.5322459286745,0.4664854986283558,0.4057272092986378,0.5332766439909297,0.4691423655709369,9.6,2.33238075793812,11,9,6,9,13
-100,0.4139610329554195,0.0295205801557018,0.388244880097253,0.3741755098814056,0.416433379408859,0.4377086449946676,0.453242750394912,0.8857853110231544,0.016390183478438,0.8966420823888742,0.9089727353876852,0.8866534293739667,0.8745531387358797,0.862105169229366,0.7925869236583524,0.0211244413129863,0.7683012093726381,0.8203420256991686,0.8115173847316706,0.7699452003023433,0.7928287981859411,0.8417631071909335,0.0114719665804495,0.8591659445293344,0.8491384752567067,0.8392429737221625,0.8354669445270285,0.8258011979194361,0.8523463981271666,0.0097457207350305,0.8606120338297794,0.8651318537713744,0.8530051453306936,0.8433642122564683,0.8396187454475175,0.4967590874733733,0.0142390393113742,0.5208522297808011,0.4856919535490966,0.5006381845667559,0.4970487184772899,0.4795643509929225,0.5303119489124842,0.0233701529258342,0.5405219772032329,0.4908122484173093,0.5191815559353147,0.5425981964383807,0.5584457665681839,0.8837922492508324,0.022862845580518,0.8715836289458183,0.8745113269666842,0.8687817605674749,0.8747757863829293,0.9293087433912556,0.5927891156462585,0.172579997928877,0.7010204081632654,0.7204931972789116,0.7091836734693878,0.5670918367346939,0.266156462585034,0.927385478506168,0.0307941738451565,0.8977821384964242,0.9155075876504448,0.90684792720507,0.932136461422176,0.984653277756726,0.8667288647205279,0.0064658972513404,0.861021785892304,0.8768985637980279,0.8706178892084336,0.85915847965032,0.8659476050535545,0.6776788291074005,0.0180191914879619,0.6574134199134198,0.6852607709750567,0.6634920634920636,0.6738945578231293,0.7083333333333334,0.5418226535831179,0.0402053821189417,0.4882340856960842,0.5515643379517964,0.5479796252080372,0.5139367005654744,0.6073985184941973,0.8695918370740447,0.0457615731894412,0.9042859323216468,0.8258598937869124,0.8170304232804232,0.9370964270967512,0.8636865088844902,0.5979705215419502,0.2086460273851377,0.8402210884353742,0.6070578231292517,0.7166666666666667,0.6083333333333333,0.2175736961451247,0.9119418283104296,0.0436995368291064,0.8869289663994099,0.8771233005549777,0.8666477702191988,0.9563484845750856,0.972660619803477,0.853426805673068,0.0404459467696775,0.8879582378108386,0.8195463599456111,0.85575860934987,0.9059223665335164,0.7979484547255036,0.5914682539682541,0.0732165231862745,0.6076530612244897,0.5328514739229024,0.5051020408163266,0.7164965986394558,0.5952380952380952,4.8,1.16619037896906,6,6,3,5,4
-75,0.3345395304262638,0.041088422618226,0.3301701561680862,0.3018166649909246,0.2904368798647608,0.4076182480369295,0.3426557030706179,0.928534453529966,0.0176490804900929,0.9379696166251896,0.9399429105408652,0.9424299670619368,0.8947060590271798,0.9276237143946592,0.8303911564625851,0.02557937111267,0.8298280423280426,0.8631802721088435,0.8355725623582767,0.7845804988662133,0.8387944066515496,0.8588013820932879,0.0207771419230705,0.8445909203309134,0.8747963097741954,0.8893668745443432,0.8315999808821255,0.8536528249348623,0.8687202374301789,0.0202511220279955,0.8610376952730088,0.8890172215562104,0.8931009795578727,0.8379587086467284,0.8624865821170739,0.5268439232724946,0.0350110196787281,0.5015201729487443,0.5338452552738266,0.5832199546485262,0.4801020408163264,0.5355321926750498,0.477315622142383,0.0324997960948227,0.4985545426607132,0.4900397573198591,0.4854465510163988,0.4993738766227449,0.4131633830921991,0.8850040422292779,0.0283891170574585,0.876638147408722,0.8715125697714984,0.871207846386418,0.8644135196813769,0.9412481278983742,0.7766836734693878,0.0360934440990004,0.7988945578231293,0.7400510204081633,0.8366496598639456,0.758673469387755,0.7491496598639454,0.8376835642008056,0.0710554216508164,0.842334583406012,0.8748130705273562,0.7015237804523519,0.8642464678178963,0.9054999188004116,0.8382689207817225,0.0480066077103717,0.8410721378767076,0.8535893120269956,0.7491187584255518,0.8536518429806043,0.8939125525987535,0.5496630750202179,0.0691822224033047,0.5749072356215212,0.5918650793650794,0.4117868242868243,0.5815192743764174,0.5882369614512472,0.5020147291677339,0.0561720679923006,0.4729578047990799,0.5991908631154469,0.5024976740990367,0.4281179500477655,0.5073093537773404,0.8700972585402991,0.0456266529556939,0.8887684271689814,0.8093501454118689,0.839795918367347,0.9439205001419806,0.8686513016113171,0.7734637188208617,0.0459757955321716,0.8385204081632655,0.7301303854875283,0.8035714285714286,0.78078231292517,0.7143140589569162,0.8211676099697034,0.0791600545465322,0.8475034434640347,0.8558550053581108,0.6646941682655968,0.8829545464857885,0.8548308862749857,0.828807589368546,0.0541577763961095,0.8613061154066186,0.8334436979054404,0.7273808035478717,0.8857885475764701,0.8361187824063299,0.5027829563919789,0.0942602663156295,0.5366110080395795,0.5614207221350078,0.3149244865410278,0.5495902906617192,0.5513682745825602,11.4,3.006659275674582,13,11,15,6,12
-50,0.3906288987469105,0.0390022368411562,0.4014726323740823,0.3496219079409327,0.3504637206594149,0.3964637232323487,0.4551225095277741,0.900761515676282,0.0181383069838443,0.9020185890569088,0.9171995742544394,0.9172839596465012,0.8996962387352461,0.8676092166883155,0.8259826152683296,0.0113967841273505,0.8327097505668936,0.8416761148904005,0.8296296296296296,0.8113945578231291,0.814503023431595,0.8311017124798011,0.0188175404142391,0.810225637773327,0.843421291781789,0.8578456348424475,0.8343020620772815,0.8097139359241604,0.8485601129858218,0.0149230796054085,0.8355005401093821,0.8627832057837613,0.8671447570345279,0.848692497099667,0.8286795649017707,0.4861823493966349,0.0265876059176073,0.4575040700040698,0.4686413454270597,0.5264120799835086,0.5087731052016767,0.4695811463668604,0.5269149495022638,0.0258513141802173,0.5093353454555783,0.5137143965278353,0.4975583276578358,0.5666819938591549,0.5472846840109143,0.8814716029337066,0.0281084001556757,0.8776515618324625,0.8629294217687076,0.8683432357985931,0.8618681318681318,0.9365656634006386,0.5884183673469388,0.1748147641584713,0.6885204081632652,0.741326530612245,0.7396258503401361,0.4724489795918367,0.3001700680272109,0.907481879459712,0.0514289678447497,0.8895057852200711,0.8432814407814408,0.87144252572824,0.9508811558811558,0.9822984896876522,0.8519600510094909,0.0124817253000311,0.8524189378968058,0.8324047087558929,0.8516933135243198,0.8514238302292488,0.8718594646411867,0.6309732727589871,0.0507571667093925,0.6317743764172336,0.5471153846153847,0.6200242218099362,0.7035714285714285,0.6523809523809524,0.5244337069136756,0.0427626988925758,0.463355187858854,0.5459007982696805,0.5128015407494136,0.5082012308495385,0.5919097768408912,0.8714968611732077,0.0479687427874264,0.9073104678800492,0.8054398930233557,0.8451388888888889,0.942000998058491,0.8575940580152537,0.618843537414966,0.1809062087672648,0.8414965986394558,0.7026643990929705,0.7345238095238095,0.4554421768707483,0.3600907029478458,0.904099855741856,0.0536639656225786,0.9012175878308883,0.8488604655064282,0.8424603174603174,0.9775562332212578,0.9504046746903888,0.8568096159597969,0.0354816387520294,0.8977594834141714,0.8244873776001452,0.8416211023749921,0.9008386849177512,0.8193414314919246,0.609812925170068,0.0923458640562757,0.6291666666666667,0.5329262007833436,0.494114615543187,0.7595238095238094,0.6333333333333334,5.0,1.095445115010332,5,5,6,6,3
-25,0.3365216127463749,0.0715855164570816,0.3404805195473489,0.233017107560521,0.3117191883779707,0.4559110051819256,0.3414802430641083,0.9239644948111548,0.0326359604314702,0.930451621961782,0.9630393740604264,0.9414716351600048,0.8653999199531793,0.9194599229203804,0.8468901733187447,0.0423019871047743,0.8515022675736962,0.9251039304610736,0.8366050616050617,0.8046296296296298,0.8166099773242633,0.8539801188239814,0.0357815729826283,0.8642727190099931,0.8979875864585293,0.8710644697021092,0.7907264568826645,0.8458493620666105,0.8649090320607794,0.0313685211079703,0.8709618343434875,0.9103158501483186,0.8754638666570939,0.8140623969194805,0.8537412122355164,0.529704316847174,0.0539193234893006,0.5397229093657664,0.6123840445269018,0.5373720195148768,0.4441327852042137,0.5149098256241114,0.4944859113012042,0.0625991161948536,0.4826075434684753,0.5803735128470829,0.5014880065407071,0.5201052193130765,0.3878552743366786,0.8853343234136901,0.0276869859585343,0.8800207805623178,0.8716888336531196,0.8655870254084539,0.8694783490319206,0.9398966284126384,0.6879421768707482,0.0997839479672143,0.696173469387755,0.508843537414966,0.6792517006802721,0.8045918367346939,0.7508503401360543,0.8862646114148578,0.0448960981420639,0.8778898482469912,0.9564083667655098,0.8869921216349788,0.8154273504273505,0.8946053699994587,0.8536122463720716,0.0196363075504581,0.8444834401513389,0.8615675250501249,0.849659310021168,0.8265736600689709,0.8857772965687555,0.6142323945895376,0.0791758192942058,0.6269480519480519,0.741326530612245,0.6366857349000207,0.5070179820179821,0.5591836734693878,0.516411315543311,0.0860318269377675,0.4254989496299198,0.6792605753455844,0.5059310836451394,0.4750966578722,0.4962693112237112,0.8774477297450358,0.0423973987970495,0.9113903819337932,0.8334629918189701,0.8367819349962206,0.9412827359913828,0.8643206039848123,0.7204648526077098,0.134442722670334,0.8266156462585034,0.4733843537414967,0.7285714285714285,0.854591836734694,0.7191609977324263,0.8818034202162947,0.0406615430495886,0.8907944778264975,0.9441209480650476,0.8980536659108088,0.8278961450402988,0.8481518642388208,0.858081944833368,0.0225230640797792,0.888363704410298,0.8350965519388243,0.8791306148574228,0.8550081148123644,0.8328107381479305,0.555937950937951,0.0648145428511888,0.5827097505668934,0.6289115646258504,0.5795068027210885,0.4359539270253555,0.5526077097505668,12.2,6.764613810115105,12,24,10,3,12
0,0.3332169738553819,0.0416855523154759,0.3543069618088858,0.3039913557115055,0.3449982857065541,0.3915774247476032,0.2712108413023608,0.9283706647798102,0.0197333999334182,0.9148494870459378,0.9493791427371958,0.925543693077453,0.9005061523652674,0.9515748486731967,0.8409274719989007,0.0397229002172486,0.8214002267573697,0.9123771730914588,0.8256407613550472,0.7952380952380952,0.8499811035525323,0.8578708000797473,0.0160582434153515,0.8398553451443019,0.8531906446006882,0.8654308398997518,0.8458021589530835,0.8850750118009113,0.8693325213561174,0.0130575325209941,0.856194942702976,0.8769350869877,0.8709446762711246,0.8538038482184104,0.8887840526003762,0.5334860509860511,0.0355267353939104,0.4906857692571978,0.525693156050299,0.5500678554249983,0.5082732082732083,0.5927102659245517,0.5116341974054064,0.0342547103483186,0.5277234805481774,0.5605973026582173,0.4972818174532482,0.515605166554451,0.4569632198129381,0.8825041623833121,0.0279545814554225,0.8734968034036356,0.8640273780452352,0.8743346270131985,0.863031971335543,0.9376300321189484,0.6486281179138322,0.1304780980871886,0.8438208616780045,0.5105442176870748,0.7485544217687075,0.6232142857142857,0.5170068027210885,0.8839861249821628,0.0685724400888552,0.7694456578618069,0.93449851735566,0.8617845514274085,0.8845028780743067,0.969699020191631,0.8471776545552844,0.0349880522456638,0.7979224620383827,0.8451121465534878,0.8469987280048803,0.8385447625701614,0.9073101736095096,0.5944927691356263,0.0783769169880739,0.4630121862264719,0.6525510204081633,0.571866625438054,0.5928571428571427,0.6921768707482994,0.5461637403283801,0.0746126470023483,0.5137304152761187,0.6893929349524635,0.5156105373586927,0.473517249737467,0.5385675643171582,0.8704348092141115,0.0460851247794085,0.9049286652842689,0.8064733658910678,0.8377078609221467,0.9356873695543646,0.8673767844187099,0.6758333333333334,0.1347575671418317,0.9070578231292518,0.5390306122448979,0.7464285714285713,0.5964285714285714,0.5902210884353741,0.8742162017242334,0.0819599976534142,0.736561312706633,0.9389987554428548,0.823204837490552,0.9452633673569634,0.927052735624164,0.8472527225878583,0.0347078487852635,0.794447278893849,0.8499721345859799,0.8306030458853167,0.8996379981310361,0.86160315544311,0.5743495988138845,0.1189796198523877,0.4171845020059305,0.6484693877551021,0.4439342403628118,0.7010204081632654,0.6611394557823129,10.2,5.946427498927402,8,8,6,7,22
25,0.3618370339274406,0.0339763512074094,0.4178203933295749,0.3289291894152051,0.3617014551446551,0.3757812423365457,0.3249528894112223,0.9131730472498704,0.017508363048302,0.8934621253669319,0.9320336693414748,0.8949438377189499,0.9110048461140412,0.9344207577079532,0.8144851576994435,0.0274022957762553,0.796897546897547,0.8609126984126984,0.7832860922146638,0.8031462585034015,0.8281831924689068,0.8568756809422972,0.0208384809661729,0.8187355298293839,0.8617549526802867,0.8680261826521904,0.855203636441301,0.8806581031083238,0.8650480967790628,0.0171571519575563,0.8326937798186833,0.8788243774098864,0.8717160199949427,0.8632615454512834,0.8787447612205184,0.5220728874300302,0.0464507568374729,0.4367576206861921,0.5297902494331065,0.5491410705696419,0.5204974919260634,0.5741780045351474,0.4911831659930092,0.0447171096296872,0.5137742332049778,0.4793715051242283,0.540793029325349,0.5113058111497334,0.4106712511607578,0.8866565972584526,0.0239485015187053,0.8768794689466273,0.8720490290133147,0.8720188673760102,0.8780338246409676,0.934301796315343,0.7825396825396825,0.0665414879231495,0.8540249433106576,0.8611394557823129,0.7232993197278912,0.6970238095238095,0.7772108843537415,0.8300025195844428,0.063882894244408,0.7556759935486641,0.7517192860050004,0.8648624920053491,0.906265625908483,0.8714892004547179,0.8333346023006916,0.0365866421160831,0.789330177160617,0.7921597415502459,0.8414902226755477,0.8680836801840035,0.8756091899330446,0.5395459500816643,0.0827063734518798,0.4587185631828489,0.448207744636316,0.604591836734694,0.6615079365079365,0.5247036693465265,0.502858704328537,0.0329609710544285,0.4725621747119086,0.5295874966042382,0.5538350471428463,0.4729316788060324,0.4853771243776594,0.8736469914021987,0.0445803546481925,0.9038651116945452,0.8179011855409372,0.8305319349962207,0.9371358900176636,0.8788008347616266,0.7487868480725623,0.1088585227425203,0.8968537414965987,0.7903344671201813,0.7321428571428571,0.5613945578231292,0.7632086167800453,0.8183878460726822,0.0754117505702287,0.7407158896567764,0.7387274187740027,0.8509070294784582,0.94083309775428,0.8207557946998941,0.8244606894009351,0.0421910209754619,0.7957490632086797,0.7685433259093463,0.8456445560489815,0.8914529561318714,0.8209135457057971,0.4751060447489018,0.0544646174128785,0.4213925954997383,0.4164546762761048,0.4674036281179138,0.5600340136054421,0.5102453102453103,8.0,3.7416573867739418,4,7,6,8,15
50,0.3462758734467484,0.0280594133476892,0.3347521791500704,0.3440511255037217,0.3042886757424899,0.3896799864513533,0.3586074003861064,0.9206921724135186,0.0091266720820031,0.9312116319958202,0.9122644628249862,0.9268836685422313,0.9075462534282456,0.9255548452763104,0.8427396413110699,0.0128206249159181,0.8610054627911772,0.8360733182161754,0.8261715797430085,0.8363662131519276,0.8540816326530613,0.8498347085125589,0.0135584911703276,0.8456710892147091,0.8389635913117919,0.8763122631640906,0.8411878460298892,0.8470387528423141,0.8644821538894784,0.0106382926776782,0.862432620719394,0.8639465367908598,0.8833125599328925,0.8502423156806054,0.86247673632364,0.5188210334638905,0.031687548972298,0.513567649281935,0.4695449391877962,0.5659778052635196,0.50998075998076,0.5350340136054422,0.501322699870382,0.0154677956104598,0.5003929606505803,0.4870941106762205,0.5269785204104015,0.5078982199941363,0.4842496876205717,0.8848123541523762,0.0262697931535127,0.8741347307224636,0.8740534696784696,0.8735654689226118,0.8653759121169837,0.9369321893213518,0.7802607709750566,0.0668255367692496,0.7979024943310657,0.7811224489795918,0.8932823129251701,0.7317176870748299,0.697278911564626,0.8121849129072304,0.0997457672691008,0.789931328161142,0.8559339205767775,0.6319158090586663,0.8581397174254317,0.9250037893141342,0.8201903206986938,0.0642266364227353,0.8059170173976454,0.8476811258611149,0.7064248754136245,0.8415825371746515,0.8993460476464321,0.5219758735293898,0.0876846518076913,0.4826812076812076,0.5640460729746444,0.3751289989680083,0.5540945165945165,0.6339285714285714,0.4896287977695465,0.0400143976444143,0.4620180151292256,0.5252216032573155,0.5311563419444221,0.4259740050349916,0.5037740234817777,0.8779384804375836,0.0425480428303575,0.9049696886196272,0.8229649653601517,0.8405808477237048,0.9403480906067112,0.8808288098777229,0.7971541950113379,0.0639278769464226,0.8766156462585035,0.7396541950113378,0.8678571428571429,0.7784013605442176,0.7232426303854875,0.7986131623250357,0.1121250378172604,0.8096566961591593,0.8509891701351329,0.5798229548229548,0.881577599845684,0.8710193906622477,0.8143215472417108,0.075154095819252,0.8399178349654719,0.8329418741343229,0.6679988181661827,0.8829193148441882,0.8478298940983879,0.4890927355030388,0.1104028830805625,0.5018283303997589,0.5502422180993609,0.2760719581234744,0.5271541950113379,0.5901669758812617,7.2,1.469693845669907,8,6,9,5,8
75,0.3255745710006782,0.0509850451841034,0.3424362557984534,0.2553022840902919,0.4103467613458633,0.3029380391041438,0.3168495146646386,0.9297586882595628,0.0240447080281699,0.9195038633865206,0.9613785829046056,0.88982328092755,0.9360028643612518,0.942084849717886,0.8447565793994365,0.0272882798950612,0.8217781557067273,0.890268329554044,0.8446840857555141,0.8126494537208823,0.8544028722600151,0.8665941123453788,0.0270099104033583,0.8533743112426351,0.8971176230885662,0.8211911211090194,0.8871634166465177,0.8741240896401562,0.8771869439669329,0.0217855983268646,0.8647431306991118,0.9059867268117732,0.8435545775273471,0.8931876309428615,0.8784626538535708,0.5480532166246451,0.0488664577637013,0.4986454682883254,0.5962911427197143,0.4795360063217205,0.5878404664118949,0.5779529993815709,0.4879404229777199,0.0227188765191595,0.4873722153050558,0.4908494736467089,0.5108667377914701,0.5046932420560292,0.4459204460893358,0.8862442168556834,0.027753780300004,0.8668672281249921,0.8799842287342289,0.8677883343508345,0.8757023300773301,0.9408789629910318,0.7519274376417233,0.0653187164058093,0.8361678004535147,0.7852040816326531,0.7568877551020409,0.7436224489795917,0.6377551020408162,0.8470695713978001,0.0588106769276662,0.7701825055551762,0.8078997325425897,0.8519883423454852,0.8599329902901333,0.9453442862556164,0.8400457697822823,0.035788896123797,0.7980319140403355,0.8142830657578959,0.8392710471240273,0.8458161037727506,0.9028267182164024,0.5763671249385536,0.0904877827437756,0.4876004947433518,0.4993371707657421,0.5590780251494537,0.5969593898165327,0.7388605442176871,0.4855228675263269,0.0414150134521621,0.4455289478812899,0.5364655618156705,0.51917664706707,0.429650217294693,0.4967929635729108,0.8751861530748155,0.0417120816880699,0.9060760066994674,0.8225364451082617,0.83567649281935,0.9335276245854416,0.8781141961615564,0.7536848072562359,0.0553169275814764,0.8325680272108844,0.7903344671201813,0.75,0.7248299319727892,0.6706916099773242,0.8321816032820533,0.0594110509236992,0.7798131006012781,0.7733722184188023,0.7993880458166174,0.9061742061988368,0.9021604453747312,0.8325557012031666,0.0359838801901472,0.8113302980480098,0.7904292466832248,0.8128739533527366,0.8884666214526381,0.8596783864792235,0.5098185544614117,0.0994274924233405,0.4262915655772797,0.4640633176347462,0.4013399299113585,0.6159297052154196,0.641468253968254,11.8,5.635601121442148,9,14,3,20,13
100,0.3414445164657774,0.0614839878822145,0.3534272653715951,0.268080534679549,0.3610113195720173,0.4401927895489193,0.2845106731568064,0.9208242492380893,0.0244177608856607,0.9141045033983388,0.9413238531574052,0.9189377638720824,0.8799386053692511,0.9498165203933684,0.8506775235346666,0.0254071628964885,0.811271730914588,0.8700680272108844,0.8781746031746034,0.8308939737511165,0.8629792826221399,0.8552624300853335,0.0329068697610937,0.8281721742912476,0.8990725667130668,0.8353167212280513,0.8225382936122898,0.8912123945820117,0.8699492599016247,0.028756364231677,0.8468856493338583,0.9108005886540298,0.8570194566810181,0.8378985051611436,0.8971420996780737,0.5380662062804921,0.0557039788042867,0.4848373187658901,0.5885865457294029,0.5163024805881948,0.4819066515495085,0.6186980347694635,0.5039654957396643,0.0337092226882631,0.4803536704608372,0.4999588046755109,0.5471186510154179,0.5357274647269931,0.4566688878195626,0.8813946448086789,0.0193530209835884,0.8772070813646901,0.8790411869876157,0.8647760044188616,0.8674278664457236,0.9185210848265036,0.7402040816326529,0.1060997081207434,0.7695578231292517,0.8789965986394558,0.6209183673469388,0.8176020408163265,0.6139455782312925,0.8275740684515582,0.0844334847759005,0.8282158214456352,0.6921246874818302,0.9168848479562764,0.7859535438106865,0.9146914415633628,0.8235623891247537,0.0446471545510028,0.8237278987277293,0.7512801303183254,0.8571927539761249,0.8049209710636996,0.8806901915378884,0.543653611794368,0.1028596376578626,0.5153164296021439,0.3997550243873772,0.6746315192743764,0.4824766503337931,0.6460884353741496,0.5029521431241717,0.0355435531312764,0.4370729667799813,0.5350929988282067,0.5334775256259101,0.5063834275518145,0.5027337968349457,0.8759032913702797,0.0375672955805401,0.9055460885356206,0.8273410281057796,0.8450774754346183,0.9293415776504964,0.8722102871248832,0.7696825396825397,0.06911542818646,0.7909013605442176,0.8399943310657597,0.6666666666666666,0.8379251700680272,0.7129251700680272,0.8209772998554266,0.0696676119797453,0.8508290026886085,0.6884677578000559,0.8787037037037039,0.8162748076878232,0.8706112273969417,0.8281705777291786,0.0430367711946897,0.8541045164347418,0.7426368133332844,0.8556877165877932,0.844648966719805,0.8437748755702682,0.482338455195598,0.0715350764112353,0.5114229024943311,0.3911848072562359,0.4906179138321995,0.4228729603729604,0.5955936920222635,10.2,6.794115100585211,8,13,5,3,22
125,0.3571803266093845,0.0397319655271027,0.4042746907188779,0.3055868737754367,0.4030911769895327,0.3413789708699499,0.331569920693125,0.9182603122508768,0.0183376973377474,0.8919969321805057,0.93781329336313,0.9009003875457036,0.93331327864546,0.9272776695195843,0.845369683226826,0.0433762722463315,0.7765649694221124,0.8933767951625097,0.8728741496598641,0.8702097505668936,0.8138227513227512,0.8429367460128809,0.0182992383449904,0.8228271659131577,0.8582250222261844,0.818967980251981,0.8524713162793834,0.8621922453936977,0.8605789132865963,0.0165479713781851,0.838253920367932,0.881194420595134,0.8440411402252048,0.8680006068249956,0.8714044784197148,0.5139403717975147,0.0336539294178461,0.4570153391581962,0.5220865113722256,0.4990470508327651,0.5530986870272586,0.5384542705971278,0.5232966699770518,0.0266368806027432,0.4952359327248165,0.535448472414698,0.5117694437503815,0.5694438836404255,0.504585617354938,0.8809576893373479,0.0182623602638205,0.871570817754824,0.8658163447002734,0.8734923178673178,0.8771723101633816,0.916736656200942,0.6649036281179137,0.1751953456139712,0.6671201814058956,0.8932823129251701,0.8224489795918366,0.4467687074829932,0.4948979591836734,0.838334117957592,0.1539396619357387,0.8820386043677969,0.551919733705448,0.8195836967265537,0.9714609861038432,0.9666675688843176,0.8142933747074939,0.086381313776774,0.8450481794512555,0.6470822302527204,0.828750716169413,0.8558977778633704,0.8946879698007102,0.5925297108169731,0.1709883109754331,0.5765306122448981,0.3201135097641068,0.5267187177901463,0.8178571428571428,0.7214285714285714,0.5251078822783062,0.0536677103949068,0.4510945528745651,0.6186648628541401,0.5168145277670452,0.5238513627222606,0.5151141051735196,0.8747376353492895,0.0373382215210617,0.9021636062692098,0.8210836422462977,0.842853145531717,0.9216071779433848,0.8859806047558377,0.6840419501133785,0.1813521674969958,0.7664115646258504,0.8640022675736961,0.7964285714285714,0.3510204081632652,0.6423469387755103,0.8142257537683752,0.1545761018692253,0.8994533864238298,0.5545434471210869,0.7239345310773883,0.9746389124467942,0.9185584917727776,0.8078514625462526,0.0885857743898636,0.8835250340994564,0.6518550392493104,0.7666267692509348,0.875312739024609,0.8619377311069528,0.509426935600642,0.1489769551669731,0.6011440940012369,0.3191063687774215,0.3387039431157078,0.6226190476190475,0.6655612244897958,7.8,3.709447398198282,5,7,3,13,11
150,0.3411335539959726,0.0281423686192448,0.3792868462346849,0.3298916688987187,0.2991219492895262,0.3644780814647674,0.3328892240921656,0.9299838104332168,0.0092170861312911,0.9139441576375192,0.9395826525294828,0.9355517413977468,0.925730776043298,0.935109724558036,0.8529961176389748,0.0178942783741092,0.8429988662131519,0.8869425547996977,0.8522864701436129,0.8351242011956298,0.8476284958427817,0.8570628939080717,0.0140105438645063,0.8422556480773513,0.8486507622505639,0.8827977313163292,0.8594115875953532,0.8521987403007605,0.8672799977373209,0.0129879897337697,0.8552301422736128,0.8693494416213722,0.8915898828673106,0.8605154801451794,0.8597150417791299,0.5310527039098467,0.0299693661280557,0.4987923452209167,0.5020880574452002,0.5809901738473168,0.5418771043771043,0.5315158386586957,0.4939163263354983,0.0270588541825405,0.529406019619533,0.4797584010022027,0.4696284745420728,0.5237375668116978,0.4670511697019849,0.8828815016331882,0.0225038287037769,0.8699182886644067,0.877284598668527,0.8775098479562765,0.8630863894703181,0.9266083834064128,0.7158503401360543,0.0931247328003295,0.6376700680272107,0.8420068027210884,0.8045068027210884,0.6930272108843536,0.6020408163265305,0.8512697410234356,0.0606791724226919,0.8869809291237861,0.7657070178498749,0.8127974010116867,0.8483526658526659,0.9425106912791642,0.8371831748183354,0.0334583345397341,0.8393468722689563,0.7972358278038735,0.8219908017206581,0.829299752211475,0.8980426200867141,0.558458644530073,0.0768820228305033,0.6197356215213359,0.4727688977688978,0.5041537827252113,0.5190476190476191,0.6765873015873015,0.4960408576897211,0.0201229609740923,0.4943070858716964,0.5244525756154742,0.4701975839478629,0.4790975877216884,0.5121494552918843,0.8715990471322582,0.0326942894084176,0.9019859395644494,0.8240311255198679,0.8479032211175069,0.9115510800547746,0.8725238694046924,0.7534580498866215,0.0544795110103267,0.7783163265306123,0.7760487528344671,0.8214285714285714,0.7306122448979593,0.6608843537414966,0.8407835956414317,0.0714332724891964,0.9059960883852508,0.7602723501481264,0.7472527472527473,0.8878203344874332,0.9025764579336008,0.8385069993373364,0.0462134746067507,0.8900018727433362,0.778622144055735,0.788833239643318,0.8795248380070275,0.855552902237265,0.5217862494648209,0.1071528998237944,0.6449366110080396,0.4378711566211566,0.3754148629148628,0.5119614512471655,0.6387471655328797,7.8,2.4819347291981715,5,5,10,8,11
175,0.2734546361579781,0.0387716402581383,0.2445552038649718,0.2123768971789451,0.2996008811252458,0.3160872200415248,0.2946529785792033,0.9508781021630058,0.0106059096597732,0.9626236305414796,0.9638921835401716,0.9373773529266096,0.9430747759151412,0.9474225678916276,0.8833743901601043,0.0234627241547569,0.8876039304610733,0.9178932178932178,0.8460128495842782,0.8741307634164777,0.8912311894454752,0.8829654388117001,0.0101910699772367,0.8846763079882235,0.8965727875785348,0.8883079800847069,0.8659557519920197,0.8793143664150153,0.8931447373834965,0.0114834835899849,0.8944265733067839,0.9116867919905212,0.8958134941963543,0.8767109659172405,0.8870858615065826,0.5888416477702192,0.0115444419721105,0.5799285370713942,0.6011612725898441,0.596415687487116,0.5707517350374495,0.5959510066652924,0.4803491860628128,0.0193820656244127,0.4736284932919911,0.4661161197083337,0.5187693578856332,0.4725975756134306,0.4706343838146755,0.8824977782890343,0.0207197660873884,0.8618428033606605,0.8743599010116867,0.8722360311646025,0.8822039253735683,0.921846230534654,0.7446088435374151,0.0870234057068611,0.7943027210884354,0.807312925170068,0.6965136054421769,0.8288265306122449,0.5960884353741498,0.8081081959456344,0.0855638691815853,0.7707557125414268,0.7286449793592651,0.8591341066341067,0.7311657654514798,0.9508404157418936,0.8119803627256198,0.0505399778920501,0.7927477119284533,0.763791662177759,0.8327895285281551,0.7698646250136622,0.90070828598007,0.5090895006021057,0.0957677417826485,0.4669834600506868,0.4195881965839948,0.5546897546897547,0.4290160236588807,0.6751700680272109,0.4741782810006823,0.0428714592082614,0.4288881037916456,0.5153369435242244,0.5042405767100198,0.4153618812561035,0.5070638997214181,0.8829194422865712,0.0331290486525069,0.91449692531743,0.8378272070119895,0.8668767831329408,0.9273885084537794,0.8680077875167161,0.8194954648526076,0.0934364489778123,0.9165816326530613,0.835232426303855,0.8166666666666665,0.8826530612244897,0.6463435374149659,0.8004202859640855,0.0592402487113685,0.7896024778906554,0.7391979931731483,0.8012109765804346,0.7614025875602229,0.910687394615966,0.8204720315463117,0.0276109663706321,0.8323081416065712,0.774578711338885,0.8233942429871546,0.8128845790893907,0.8591944827095566,0.4669228787085929,0.0886117641702687,0.4806776556776557,0.4403760921618063,0.4299989692846835,0.3580514723371866,0.6255102040816327,15.8,3.9698866482558417,23,17,12,13,14
200,0.2972672706558591,0.055843637508785,0.2666680869602021,0.3834355104537237,0.25259395050151,0.2409459341849599,0.3426928711788995,0.9399943967418862,0.0175503997380002,0.934369819831428,0.9165558180413252,0.959954036162026,0.9606591249017358,0.928433184772916,0.8782295746581461,0.0223631298393571,0.8551492819349963,0.8815665154950869,0.919708135779564,0.8674886621315194,0.8672352779495635,0.8685799163500884,0.0224668441984183,0.8718087078199505,0.8309800379187112,0.8807428945973328,0.898460037955112,0.8609079034593353,0.8838180996134242,0.0165133890029352,0.8921615230241935,0.8579933927394224,0.8966390060250757,0.9011765396031084,0.8711200366753211,0.5634805802662947,0.0489513069703891,0.5524291845720418,0.4839354428640144,0.6071411392839966,0.6224721706864567,0.5514249639249639,0.5010552606412343,0.0279623166899718,0.5197991111448833,0.5327305027416774,0.4831869048731668,0.5139839117016111,0.4555758727448327,0.8874182201100304,0.020537189519859,0.8756857048374905,0.8782900713704285,0.879388645415431,0.8753481670445956,0.9283785118822064,0.7264965986394558,0.065018824009581,0.6510204081632652,0.702295918367347,0.8443027210884353,0.7375850340136054,0.6972789115646257,0.8547646254493545,0.0867032057283975,0.8982705389848247,0.8998241176812606,0.6816319262747834,0.8895195941624514,0.9045769501434526,0.8383574707372304,0.051906567797638,0.8468674964864598,0.859923951223095,0.7378705421901186,0.8601931514238562,0.8869322123626225,0.5806703007543342,0.0943349528699753,0.6381519274376418,0.632001133786848,0.3930056987830098,0.6308106575963718,0.6093820861678003,0.5007111736706324,0.0356749412483355,0.4670317194291523,0.569910175033978,0.4889931465898241,0.4856377648455756,0.4919830624546323,0.8831847832500943,0.0361232926476958,0.9200504095316288,0.8259851154280503,0.869408907093636,0.9239258873310596,0.8765535968660966,0.7535544217687075,0.0856855886795596,0.8397108843537415,0.6473639455782312,0.869047619047619,0.7134353741496599,0.6982142857142856,0.8409962281794581,0.1043936405549698,0.9073224485786062,0.8913781697943188,0.6350894999909779,0.90985329940995,0.8613377231234376,0.8350721079891784,0.0665306460454774,0.9009679473210404,0.8354628061946184,0.7145284403435006,0.8920881799361673,0.832313166150565,0.5423208537494252,0.1282653052194585,0.6533446712018139,0.5800170068027211,0.2919485276628134,0.6113095238095239,0.5749845392702536,14.8,7.678541528180987,20,3,16,25,10
225,0.3560689623511973,0.0798414381722921,0.3539511589776902,0.3799406190713246,0.2054242365771816,0.4082940618197123,0.4327347353100776,0.9159526657071554,0.0331747122763191,0.9142210277862988,0.900894876719955,0.9801642758585714,0.8958129522501356,0.8886701959208161,0.8602910052910054,0.0394920175312239,0.8273242630385489,0.8498488284202571,0.9372448979591836,0.8358465608465612,0.8511904761904764,0.8462774873978992,0.0305851301593388,0.8485131721574662,0.8304928108924786,0.9028836329278732,0.836829508128438,0.81266831288324,0.8639723749881462,0.0274096318108588,0.8641053986791369,0.8593496985666208,0.9144061023776404,0.849248455350053,0.8327522199672802,0.5236174407602978,0.0705195733607295,0.5148500309214595,0.4514468335896907,0.6562959527245241,0.5156002066716352,0.4798941798941799,0.5110004241977418,0.0466512607880931,0.5879102562155042,0.5184645354747772,0.4424435006720679,0.5096388459205627,0.4965449827057974,0.8833076389264812,0.0229280878500119,0.8723136882958312,0.8638067801907088,0.882841607796965,0.8700841255305543,0.9274919928183476,0.7405442176870748,0.1257869669451682,0.5027210884353741,0.8700680272108843,0.7989795918367346,0.7418367346938776,0.7891156462585033,0.8405396374288001,0.0897234262213585,0.9603631025059596,0.6920970695970696,0.8034634281062852,0.860619658119658,0.8861549288150276,0.8291816338519833,0.0464146906290476,0.8540303016094046,0.7487497296700193,0.8134085990076665,0.8437621075496239,0.8859574314232023,0.5669286071071784,0.1351852001856228,0.8139455782312925,0.4118307287950144,0.4943104514533085,0.5778061224489797,0.5367501546072975,0.5084545561245509,0.0438302208864523,0.5555502644606999,0.5460023369107928,0.4437151636396135,0.4703216254711151,0.5266833901405334,0.8853737955364643,0.0364284285316601,0.910134941686666,0.8272617907167596,0.8712948051310121,0.9347988280192714,0.8833786121286121,0.7101077097505668,0.1758203441275349,0.3688775510204081,0.7954365079365078,0.8654761904761904,0.7891156462585034,0.7316326530612246,0.8373295345928673,0.0892307954960187,0.9673512293216726,0.7414241084427421,0.7317287893642573,0.8736418015482056,0.8725017442874584,0.825206003972788,0.0405157743982503,0.8457431400611805,0.7698332466970307,0.7856349961199801,0.8762961068791179,0.8485225301066304,0.5159332147777527,0.1137281422409191,0.6785714285714286,0.4358283639796245,0.3536861947576233,0.5218692022263451,0.5897108843537415,8.0,6.723094525588644,8,4,21,4,3
250,0.293678867000909,0.0422688235863504,0.3164035486323492,0.2863592399018151,0.2463118659243697,0.2567029552800314,0.3626167252659797,0.9464429441072733,0.0165616309099226,0.9384037018551226,0.9548945398822912,0.966680130394568,0.9536200847955684,0.9186162636088162,0.8948579330722188,0.0263806768021034,0.87339208410637,0.9256991685563112,0.9268424036281177,0.8839096749811035,0.8644463340891912,0.8679232438031992,0.0159895028539256,0.8609742653355928,0.8545182493046639,0.8772862368891146,0.8946587004268878,0.8521787670597366,0.8844206340630189,0.0129247814595563,0.8794616638003037,0.8770279345667651,0.895072299238411,0.9031745955283716,0.8673666771812434,0.5655215419501134,0.0424336166624155,0.5325525664811379,0.5230296158867589,0.6074022538308254,0.6258589294303581,0.5387643441214871,0.4977226844855716,0.0132445809655911,0.5064401264701571,0.5171476921864918,0.4939052590302059,0.4780320993491581,0.4930882453918457,0.8883526112183746,0.0255299884273216,0.8782540227629514,0.8757121780336067,0.8676312758009186,0.8815927524856095,0.9385728270087876,0.7121938775510204,0.108024696782719,0.5718537414965985,0.6695578231292517,0.8687925170068027,0.6480442176870748,0.802721088435374,0.8449668234520452,0.1139612208589858,0.9039524100238384,0.8924177277748707,0.6197653933368219,0.93115108436537,0.8775475017593245,0.8258889048333394,0.0670155534519374,0.8355959877723843,0.8472474737459618,0.6956670867188167,0.8715102512954088,0.8794237246341258,0.5504000714504917,0.1068551500106348,0.5806972789115646,0.6025355596784169,0.3641602211980363,0.6840986394557823,0.520508658008658,0.4873507689152445,0.0550354020266765,0.4579315100397382,0.5625023352248328,0.4916882099849837,0.4016573280096054,0.5229744613170624,0.8863331794986861,0.0410546985658733,0.9087996244769644,0.8284099619037507,0.8697110246987093,0.9506818961006152,0.8740633903133902,0.7308560090702948,0.0871403331545784,0.6836734693877551,0.6785997732426303,0.8988095238095238,0.66156462585034,0.7316326530612244,0.8426974360487961,0.1323707001226314,0.9290279256412262,0.8916865944039857,0.5845269672855881,0.9463067720456884,0.8619389208674922,0.8331542179528574,0.0808634405200845,0.8882494791062323,0.8448210592323847,0.6799390386549591,0.9103728044240248,0.8423887083466859,0.5693974506745404,0.1607374642146928,0.6733457019171304,0.602651515151515,0.2712322544034176,0.7376700680272108,0.5620877138734282,12.4,4.454211490264018,12,8,14,20,8
275,0.3835382812966902,0.1565734072031792,0.6640547627494449,0.3347901503245036,0.2090042735494318,0.2863270951701062,0.423515124689965,0.8802530597218141,0.1183047134612409,0.6513129278861878,0.9308349664631788,0.9782002140296032,0.9534835681787652,0.8874336220513354,0.8394853294853295,0.0996686805217151,0.6563586545729404,0.881412767127053,0.9377551020408164,0.904524840239126,0.817375283446712,0.8082689409015659,0.1119242287973675,0.5899617301847813,0.860797876324934,0.9044528675514332,0.859570708893369,0.8265615215533118,0.8328974578909001,0.0937597062240869,0.6507858799400815,0.8736833555855897,0.9161604453684772,0.8778651315169845,0.8459924770433677,0.4989160872912531,0.1507088630178185,0.2193631933818798,0.5362081701367416,0.6657948532948532,0.5774454381597238,0.495768781483067,0.5506539206419673,0.0744086847637196,0.6930977063519614,0.544896777187075,0.5033279561570713,0.5297167152166367,0.4822304482970919,0.8769469378231692,0.0342463815218056,0.835723370544799,0.8739077853363566,0.8733450527646955,0.8621689669457526,0.9395895135242426,0.6174149659863946,0.3492825634834831,0.0,0.9438775510204082,0.602295918367347,0.5766156462585034,0.9642857142857144,0.8084146973260273,0.206130370663355,1.0,0.4328709517995232,0.9311664922379208,0.933276934705506,0.7447591078871866,0.7641354113744461,0.1143494547477152,0.7316784849540968,0.556163654142689,0.8641479612238187,0.8589649088125536,0.8097220477390726,0.4063153074995179,0.2578730377065882,0.0,0.2816752483105867,0.6751700680272108,0.6877551020408162,0.3869761191189762,0.546650955932481,0.0828202953288315,0.6930834863867078,0.5758223405906132,0.4656620685543333,0.4773508374180112,0.5213360467127391,0.8813370058643673,0.031361526200609,0.893654499635103,0.8369651766740276,0.8682837289056502,0.932258138003212,0.875523486103843,0.5893650793650793,0.3244955467060617,0.0,0.897420634920635,0.661904761904762,0.5246598639455782,0.8628401360544217,0.7851122389861949,0.210640755596047,1.0,0.4392742115257643,0.8780955087605333,0.9569033183565204,0.6512881562881562,0.7561478320146576,0.1164370364202343,0.7502494431013706,0.5625718426606213,0.8556562077149991,0.8938318735894052,0.7184297930068916,0.3465680773517581,0.2041863234947672,0.0,0.2819701104185894,0.4591141001855287,0.6119047619047618,0.3798514142499106,8.6,6.529931086925803,1,6,19,13,4
300,0.3229671080552396,0.1133145743901703,0.3862195550685837,0.1374701057516393,0.3842189978985559,0.2530166705449422,0.4539102110124769,0.9287164289358976,0.0387636799272036,0.9094864392512572,0.9804686833098076,0.9103663147197631,0.9665072656651644,0.8767534417334962,0.8739993472136328,0.0379621252808407,0.8479591836734696,0.9329459561602416,0.8526643990929704,0.9037853019995876,0.8326418951418952,0.8624588798015148,0.0440740280802293,0.851017274306776,0.9363674981922768,0.8398127562700635,0.8800551479948014,0.8050417222436569,0.8777000006867262,0.0379392052213172,0.8670144153321564,0.942462711565744,0.8606211021769054,0.8901233938204934,0.8282783805383315,0.5600762200762202,0.0785531995156715,0.5260556242699101,0.6938019652305367,0.5204100132671562,0.5950079021507593,0.4651055954627384,0.5182771380458558,0.0225622301653142,0.5079824669020516,0.4835652112960815,0.5139982913221631,0.5420432239770889,0.5437964967318943,0.8838401829196163,0.0212711640049089,0.8738032916157916,0.8654677234141518,0.8759586494854351,0.8784974053724054,0.9254738447102978,0.6995918367346938,0.1336582186519312,0.6386054421768707,0.6164965986394558,0.9117346938775508,0.5403061224489796,0.7908163265306122,0.8457080193114676,0.1365006896448259,0.8780302633874063,0.9139108378394092,0.5775380836095121,0.9569012733298446,0.9021596383911656,0.8242724843757612,0.0781721222211969,0.8336549153364292,0.8524521958571266,0.6731693126813447,0.8670015219612959,0.8950844760426092,0.5789242037141197,0.1330568362863491,0.5674242424242424,0.6249149659863945,0.340915597008034,0.7474489795918366,0.6139172335600909,0.5158115540231977,0.0311511103795573,0.484165819627898,0.5244808537619454,0.5240469447204045,0.4807622794594083,0.5656018725463322,0.8850052473604626,0.0351368375062352,0.9115394640025182,0.8453910503891093,0.860281835251047,0.9397806257781628,0.8680332613814755,0.7204818594104307,0.1415397581751008,0.7289115646258503,0.7136337868480725,0.9273809523809524,0.4829931972789115,0.7494897959183674,0.8355839038364206,0.148290204753581,0.9150618520322954,0.8811004529172232,0.5478409430379874,0.9695027878525416,0.8644134833420548,0.8251952938535408,0.0884307478347835,0.8831782773980262,0.8458531362983555,0.653177378021841,0.8979741545748701,0.8457935229746116,0.5609771786275546,0.15257699194582,0.6436688311688311,0.5980507587650445,0.265944080981675,0.7023809523809523,0.59484126984127,11.0,8.12403840463596,6,24,5,17,3
325,0.3164386904665402,0.082687467542057,0.3783603179312887,0.230132236544575,0.4473645580666406,0.2566139737055415,0.2697223660846551,0.9362267455682142,0.0356328521187106,0.9059946244022554,0.965176575082158,0.8815053774691366,0.968339164945103,0.9601179859424176,0.8706160241874528,0.0251037487501285,0.8374716553287982,0.8768990929705216,0.84572940287226,0.9017195767195768,0.8912603930461073,0.858776549167465,0.0344437958340451,0.8290361573431498,0.902423022011222,0.8097504362627157,0.8841500724327167,0.8685230577875213,0.8724668104437366,0.0244307283270778,0.8516599162655648,0.8989612123069032,0.8358186933804506,0.8916253012828012,0.8842689289829638,0.5455483801912373,0.0617343018895885,0.4724483188768902,0.6086545729402875,0.4712310176595891,0.6057642754071324,0.5696437160722875,0.4880334202732358,0.0334127650649518,0.5096053608826229,0.4456197385277067,0.5398665091821125,0.4812237811940057,0.4638517115797315,0.88917443989827,0.0214878884456608,0.8832413221698936,0.8797486954183382,0.8732861285539857,0.8779282589104017,0.9316677944387304,0.7044897959183672,0.0910063141778212,0.8545068027210885,0.6773809523809524,0.5716836734693878,0.7249999999999999,0.6938775510204082,0.8674268201238645,0.0728235364974786,0.7335833478690621,0.8805286644572359,0.9305107855107856,0.8589138903424619,0.933597412439777,0.8431002809626271,0.0417892103024018,0.7754400053924868,0.8453174485450113,0.8466084610740764,0.8407616884473358,0.9073738013542252,0.5813730946924224,0.0777332433565033,0.4553915505596178,0.5788265306122449,0.6563775510204081,0.5478174603174603,0.6684523809523809,0.486919471834387,0.0427278512531083,0.4760922704424177,0.4895640260406902,0.5370696655341557,0.4129807885204042,0.5188906086342675,0.8895240606306547,0.0357377522457603,0.9163557505598762,0.8459499831316604,0.866119722277358,0.9443368249156424,0.8748580222687365,0.7495975056689341,0.1131350676345479,0.9165816326530613,0.7470521541950113,0.6321428571428571,0.8290816326530611,0.6231292517006802,0.8715840089406163,0.0556035060151983,0.7765121819432166,0.8526152505189772,0.9291645364305462,0.8758255291506523,0.9238025466596896,0.8590909762904522,0.0257503185205161,0.8231276733341986,0.8350089501926244,0.8844497927620691,0.8863701454394084,0.8664983197239605,0.5715762412190983,0.061048702641229,0.4695062873634302,0.5646916575488005,0.6130952380952381,0.5596243042671614,0.6509637188208617,12.4,6.343500610861483,7,16,3,20,16
350,0.3478484568141755,0.054665131179378,0.3366412101756958,0.410280113418897,0.2662343315425373,0.3194805099850609,0.4066061189486867,0.925863532725271,0.0191585144313057,0.9225081429319936,0.9101653023268952,0.961437815362388,0.926972154720574,0.908234248284504,0.855614134542706,0.0358548991171189,0.841468253968254,0.8494047619047619,0.9258881330309902,0.8291005291005291,0.8322089947089948,0.8409308747777382,0.0225543721733363,0.839222071184304,0.8036826838212265,0.8701916204473625,0.8569582416586043,0.8345997567771936,0.8610692739556898,0.0184780509981888,0.859716312239813,0.8360913017169345,0.888138157994709,0.8739000237707099,0.8475005740562825,0.5130040197897341,0.055110112601679,0.4872071050642479,0.4241762866762866,0.5876606198034771,0.5443336425479283,0.5216424448567306,0.5036699537719999,0.0454298550733394,0.5096448915345329,0.5405339513506208,0.5456786049263818,0.5034387026514325,0.4190536183970315,0.8846924066856333,0.0341644062394061,0.8604770262805977,0.8700872688819118,0.8698021505610791,0.8704856750392465,0.9526099126653312,0.7094387755102041,0.1430296678508017,0.6456632653061225,0.899829931972789,0.4912414965986394,0.6839285714285713,0.826530612244898,0.8373504794785583,0.1406674004988204,0.8875896854468283,0.5609516541659398,0.9533109483109484,0.8766775684632826,0.9082225410057922,0.8191129646627265,0.0837158072482374,0.840973251677644,0.6580224978606661,0.8477430700461989,0.8454492304429877,0.9033767732861364,0.5578223724160256,0.121981100284077,0.5844258915687487,0.3306909179448984,0.699829931972789,0.5765460729746444,0.5976190476190476,0.4908699116536549,0.0480096305366013,0.4412201983588082,0.5658178074019296,0.5269537504230227,0.4488558641501835,0.4715019379343305,0.889948819700801,0.041490663866224,0.9193060636795244,0.826357410274336,0.8709991910115064,0.9475915976470164,0.8854898358916216,0.7290022675736962,0.0954093765375165,0.7712585034013607,0.8346371882086169,0.5523809523809524,0.7653061224489796,0.7214285714285714,0.8598563042979406,0.1166174541840144,0.933909168736755,0.6318293490498459,0.9452192489138304,0.9151077247875278,0.8732160300017443,0.8488478823506395,0.0766526559066126,0.9094385577367256,0.7018018533757886,0.8841825067834002,0.9020594995959988,0.8467569942612839,0.5848633191468221,0.1235446248920669,0.7291666666666667,0.3589537839427268,0.6400793650793651,0.6210884353741497,0.5750283446712018,8.0,3.4641016151377544,9,3,12,11,5
375,0.3293888696247623,0.0567079015582848,0.3598540639948277,0.2255837594469388,0.3379169141962415,0.3286113405511492,0.3949782699346542,0.9289733393144534,0.0191352625435487,0.9182503523654716,0.9646609644404498,0.9226428960020424,0.9303452831196368,0.9089672006446654,0.866590737305023,0.0283520335124258,0.8479308390022676,0.9230347694633408,0.8529572940287226,0.8564608671751528,0.8525699168556312,0.8515237948414963,0.0197046133390781,0.8339382513039866,0.885209202344655,0.8536874815818636,0.8551580042045869,0.82962603477239,0.8706252256738575,0.018854640260387,0.8567227984051432,0.9043284382269386,0.8712938069793873,0.8713074739790679,0.8494736107787502,0.5237863062863063,0.0223059025015471,0.4943044389472961,0.5622826908541195,0.523042499828214,0.5267874321445751,0.5125144696573267,0.5132683783769607,0.0201008895889652,0.5159170180559158,0.4993267336062023,0.4907597069229398,0.5109217869383949,0.549416646361351,0.8936270160805257,0.0269803088835394,0.8870491380312808,0.8678313782778068,0.8879755181987324,0.8796538316181174,0.945625214276692,0.6056972789115647,0.1571064742020451,0.7738945578231292,0.6725340136054422,0.6850340136054421,0.5806972789115646,0.3163265306122449,0.9119458448867316,0.0539457380533828,0.8400581429152858,0.8707969940112797,0.913827402755974,0.9400607593464736,0.9949859254046446,0.8576199395553822,0.018692003102317,0.8376614953085266,0.8355090604966838,0.8678755742870449,0.86238023737505,0.8846733303096055,0.6370001030715315,0.0747868605751244,0.5429937126365697,0.5546201814058956,0.6634920634920635,0.6977040816326531,0.7261904761904763,0.5115370546068464,0.0408960529771122,0.4762233410562788,0.5127596833876201,0.5046543947287968,0.4762247885976519,0.5878230652638844,0.8906424241170171,0.0361394913750823,0.9254879894781372,0.8389510581436047,0.8707977959825249,0.9370696647359208,0.8809056122448978,0.6530498866213152,0.1569937914293245,0.8682823129251701,0.7238378684807255,0.7095238095238096,0.552721088435374,0.4108843537414966,0.9137076787708616,0.0508326522061581,0.8770071936820705,0.8489675938278426,0.8976365907400391,0.9620037351810752,0.9829232804232804,0.8676823472419007,0.0271842814389103,0.884696147054847,0.8265917524817139,0.8760473813796621,0.903139096427672,0.8479373588656084,0.6458683776540919,0.1154175675553018,0.6100520511234796,0.5762471655328799,0.5406617192331479,0.6345238095238095,0.8678571428571429,8.6,2.4166091947189146,9,12,7,10,5
400,0.3807880312559151,0.07308925694199,0.4015904374065853,0.240869931344475,0.3938062450005894,0.4550802537373134,0.4125932887906119,0.9053828051254122,0.0257767755850264,0.8997715907705368,0.9507943979331498,0.911567815678352,0.8742375051069566,0.8905427161380657,0.8339720332577475,0.024633857781074,0.8192460317460317,0.8724489795918368,0.8536126571840857,0.8144712430426717,0.8100812547241119,0.8318850151868711,0.0337113052507984,0.8187533237063485,0.8955130156748358,0.8302729429906451,0.795956738584261,0.8189290549782653,0.8556404979962732,0.0283915940735835,0.8410077816416701,0.9096975792449824,0.8556249467069221,0.8282679391204776,0.8436042432673135,0.497222446865304,0.0571628216422307,0.4494049601192459,0.6022727272727275,0.5111506218649076,0.449601787101787,0.4736821379678524,0.5059195735624858,0.0414756628716564,0.5649016095059258,0.4637198575905391,0.4899675973824092,0.5447895526885986,0.4662192506449563,0.8874772915576485,0.0320548511778074,0.8535285300017443,0.8682590194197337,0.8854098530437816,0.8827989454328741,0.94739010989011,0.7754421768707482,0.1012241612029265,0.6235544217687075,0.7465136054421768,0.8819727891156461,0.893877551020408,0.7312925170068025,0.7683163776562791,0.1458056863774022,0.8936292807721379,0.828518227803942,0.6591563462992035,0.5402206523635095,0.9200573810426028,0.7866983563875535,0.0909842972520898,0.8376439066315096,0.8244895839978917,0.7313819205360002,0.6400868419496766,0.899889528822689,0.495409122928641,0.126870592332436,0.5999716553287983,0.5341705913134484,0.3768797903776895,0.3191698361266703,0.6468537414965987,0.5165952920913697,0.0183076796154913,0.5507550942046302,0.5202648660966328,0.5005830760513034,0.504940886582647,0.5064325375216348,0.8883970793203766,0.0369660309715041,0.8873307195336135,0.8401395965002331,0.870466857535823,0.9530036855591042,0.8910445374731089,0.7872052154195011,0.1376113318982512,0.5887755102040816,0.7628117913832199,0.8607142857142858,1.0,0.7237244897959183,0.7984031604149403,0.1245715952088905,0.9594830393106256,0.8096073721539562,0.6253032955003398,0.6949981053429328,0.902623989766847,0.8096784666212287,0.0650163900451828,0.8874148028056049,0.8093857974274331,0.7058052803596392,0.7784312611330105,0.8673551913804555,0.5084164073554829,0.1847313537225272,0.7838435374149659,0.500453514739229,0.2861171624827086,0.3370589786030962,0.634608843537415,6.0,2.6076809620810595,5,11,4,4,6
425,0.3931930816244511,0.1508565312827481,0.321839129995732,0.6799025663307735,0.3482728284739312,0.3785191467475323,0.2374317365742865,0.8678931453366652,0.1322830773101919,0.932399819076516,0.604843465596079,0.926107508665252,0.9168108002305636,0.9593041331149148,0.8015105132962276,0.12166432627169,0.8387557548271835,0.5663548752834469,0.8841080876795162,0.8152648938363224,0.9030689548546692,0.8047718870643525,0.1237072543663616,0.8690887290347239,0.5583792068477952,0.857969001044399,0.8528310909421102,0.8855914074527347,0.8251955383999656,0.1054324023293121,0.8793147317155442,0.616071763784666,0.8719152903688696,0.8584480062663509,0.9002278998643977,0.4794765435774127,0.1584893767513099,0.52891070569642,0.16827287270579,0.5531933674790818,0.5335849996564284,0.6134207723493438,0.5260560618979591,0.1046190831190532,0.4623429626226425,0.6931313063417163,0.5837614642722266,0.5023156659943717,0.3887289102588381,0.8785194940413537,0.0461734576927059,0.883862579219722,0.7983721982382697,0.877173963602535,0.8910346168381882,0.9421541123080532,0.5341836734693877,0.2905285951788479,0.7530612244897957,0.0,0.4478741496598639,0.7165816326530611,0.7534013605442176,0.9226220880925312,0.0599928912449268,0.82982658875516,1.0,0.9683219954648524,0.8868605732891448,0.9281012829534996,0.8345937224857531,0.0585295124014628,0.8254556321447515,0.7316784849540968,0.8482820453709167,0.8570530046273034,0.9104994453316968,0.5024092970521542,0.2605867059437744,0.5230442176870748,0.0,0.7380952380952381,0.604733560090703,0.6461734693877551,0.5243537728275571,0.1070507102274515,0.3977395551545279,0.6931362748146057,0.6001624379839215,0.4592683443001338,0.4714622518845967,0.8742036845702111,0.0632598562183014,0.9252646843441178,0.7633967017856769,0.8626073889620688,0.9448340821739836,0.8749155655852083,0.5417857142857143,0.3088370361777902,0.8766156462585034,0.0,0.4178571428571428,0.7312925170068025,0.6831632653061224,0.9355954546274744,0.0434129753210334,0.8789594623584771,1.0,0.965849056982062,0.9312426243707032,0.9019261294261296,0.8479619828306004,0.0691568886001703,0.8879309908396653,0.7133635839150162,0.8728261507340126,0.9067956443774932,0.8588935442868145,0.5205081426509999,0.2619020835696103,0.609995361781076,0.0,0.697278911564626,0.6627551020408163,0.6325113378684807,9.2,6.43117407632541,12,1,6,7,20
450,0.4063930228352547,0.139967029419664,0.4083103970402763,0.6735683991795495,0.2765227733623414,0.338990218937397,0.3345733256567092,0.8731222873598924,0.1164968832040714,0.8956203283631577,0.6439830559955764,0.9618362204176526,0.9286882067842605,0.9354836252388146,0.8028844568130282,0.0988527817565078,0.7851190476190476,0.6194444444444444,0.9002456538170823,0.8514524496667354,0.8581606885178313,0.8081497099189688,0.1029211025968153,0.8280369380745791,0.6061878662904936,0.8908902683365222,0.857656706555362,0.8579767703378879,0.825535219426025,0.0897467952187868,0.8454495718458911,0.6491193380318436,0.8974608303284749,0.866508804602334,0.8691375523215816,0.4823020504718191,0.1307557000091722,0.4796912743341314,0.2338834479465769,0.6087464783893356,0.541615527329813,0.5475735243592386,0.5256636236395155,0.0962635644078018,0.5171669870615005,0.6931299567222595,0.5086867213249207,0.5173051208257675,0.3920293322631291,0.8797633896617887,0.0408886787781694,0.8743635894528751,0.8144695367463225,0.8806744578173149,0.8860947402465261,0.9432146240459048,0.659047619047619,0.334548655652284,0.7224489795918367,0.0,0.8149659863945578,0.8675170068027211,0.8903061224489796,0.8507115620194436,0.0851044016706891,0.8585548578405721,1.0,0.7933353683353683,0.7479299668585383,0.8537376170627402,0.8094451388763575,0.0476207235884241,0.8358918806053951,0.7316784849540968,0.8126168921177193,0.7921525570099252,0.8748858796946509,0.4029988662131519,0.2039624988454602,0.5518578643578643,0.0,0.4913832199546485,0.4551587301587301,0.5165945165945166,0.5285863165344511,0.0839904130016225,0.4950161512408937,0.6931350146021161,0.5126506984233856,0.4809980690479278,0.4611316493579319,0.8760745265702028,0.0495177654298665,0.9047109708162664,0.7886867119825194,0.8703588420337187,0.9374001470614772,0.8792159609570325,0.6789115646258503,0.3424953845123108,0.7723639455782313,0.0,0.869047619047619,0.9124149659863946,0.8407312925170068,0.8451621826449414,0.1031054278854568,0.9132437481329106,1.0,0.7015490074603374,0.8251854057272777,0.7858327519041804,0.8071962661026392,0.0632363835324028,0.8900539987910082,0.7133635839150162,0.7639433291989531,0.8564808714034438,0.8121395472047749,0.3873210321424607,0.2194345833063639,0.6595804988662132,0.0,0.3380166460523603,0.4511209029066171,0.487887112887113,7.6,4.079215610874228,5,1,12,11,9
475,0.3646733371984391,0.0497214983662709,0.3105754334302175,0.4333000999121439,0.3052425877678962,0.3775113384638514,0.3967372264180864,0.9224710495385364,0.0182771118244306,0.9441605244858527,0.901738735286908,0.9448019769071294,0.9105405918990644,0.9111134191137268,0.8598902288188002,0.0320024767386478,0.8692743764172336,0.8698129251700679,0.9087018140589568,0.8365929705215419,0.815069057926201,0.8425600825704587,0.0266753155877058,0.8709062341903068,0.8092893603726209,0.8699442480343446,0.8133677154070527,0.8492928548479688,0.8587055563758332,0.0235855504280562,0.8804816722346411,0.8253219621335655,0.8886818838957495,0.8416015409828501,0.8574407226323596,0.5200226228797658,0.0547848158422313,0.568064144849859,0.4379680504680504,0.5872300979443837,0.4822339036624751,0.5246169174740603,0.4981546691485814,0.0308057171844544,0.4836613131420953,0.5059147732598441,0.497906887105533,0.5488164467470986,0.4544739254883357,0.8866661029587041,0.0266636345444158,0.8721485997120395,0.8704359025999064,0.8750927628136276,0.8758024764674202,0.9398507732005268,0.7091156462585033,0.0907572198034817,0.6412414965986394,0.7983843537414964,0.7996598639455782,0.569047619047619,0.7372448979591837,0.8652121064101879,0.0716007706673883,0.9072156122908002,0.7437605919560807,0.8241440674335411,0.9346881627144784,0.9162520976560388,0.8448070011330285,0.0391705268520206,0.8562705388788314,0.7779092379956498,0.8339032070317323,0.8586670969021293,0.8972849248568,0.5846132672183092,0.0944461120895403,0.639795918367347,0.4290187170439271,0.5331632653061223,0.7003401360544217,0.620748299319728,0.4927123018673488,0.0402743893324386,0.4191800653934479,0.5419802644423076,0.4935861080884933,0.5035444838660104,0.5052705875464848,0.8946862157558775,0.0367486863234244,0.9341805294914902,0.8360559269060823,0.8880027357244106,0.933835485122431,0.881356401534973,0.737687074829932,0.088489507895248,0.7170068027210883,0.7701530612244898,0.8892857142857143,0.6301020408163265,0.6818877551020408,0.8443454385228797,0.0975512101519784,0.9374838202301256,0.7440422287627255,0.7204338263451563,0.9593866724408596,0.860380644835532,0.8384700422604204,0.0595112543778972,0.9010110063836052,0.7703279934137912,0.7793800851918088,0.9130597787559772,0.8285713475569193,0.5660876868229809,0.1484403994189493,0.7200680272108844,0.4325874289109582,0.3665081417182257,0.7355442176870748,0.5757306185877614,8.0,2.6076809620810595,11,4,10,9,6
500,0.4274439521488689,0.0677292110230466,0.4429744329480898,0.4818843539272036,0.3261646121030762,0.3760770555763018,0.5101193061896733,0.8867103295564253,0.0368755869069614,0.87657363023691,0.8458693910665024,0.94435777933828,0.9123826464345935,0.85436820070584,0.8101504844361989,0.0586917576343137,0.7732014017728306,0.736583522297808,0.909495464852608,0.8317743764172336,0.7996976568405142,0.8153320899397329,0.037063791413776,0.8317984144420927,0.7919944468513487,0.8611576538464879,0.8358183181189537,0.7558916164397811,0.8364018334765259,0.0311888531105843,0.8424765783219081,0.818791904878759,0.880884243670772,0.8515135491269097,0.7883428913842798,0.467544413258699,0.0708007520665443,0.4739959114959114,0.3811463668606527,0.5788170823885109,0.5002818609961469,0.403480844552273,0.5647889971733092,0.0359770674442066,0.608946001955441,0.5886834306376321,0.5059683408055987,0.5451988173382623,0.5751483951296125,0.8689122295233261,0.0256730677604451,0.8486456774567674,0.8342630758443729,0.8745974578540368,0.8786934990482921,0.9083614374131616,0.5212074829931972,0.1714702026708965,0.4243197278911564,0.6363945578231293,0.7715986394557823,0.4999149659863944,0.2738095238095238,0.9080577822392708,0.0710031648206707,0.9568906163455038,0.8710098735850617,0.7863393985574437,0.945819769203228,0.9802292535051156,0.8358803809915061,0.0201523501283727,0.8366774998676547,0.8285975598964184,0.8025597395786893,0.8496854565449998,0.8618816490697684,0.6042551099693958,0.0919470898043951,0.7198979591836735,0.5650046382189239,0.4776994830566259,0.7003401360544218,0.5583333333333333,0.5606633190597806,0.0497624103298424,0.5972180558102471,0.6107281446456909,0.4901350459882191,0.511174642613956,0.5940607062407902,0.8706968984234594,0.043438747898206,0.9006364675622681,0.7967029950725603,0.872698931473562,0.9246998772983994,0.8587462207105064,0.5364682539682539,0.1852042261756705,0.3147108843537414,0.590844671201814,0.8369047619047619,0.5705782312925171,0.3693027210884353,0.912092964320529,0.083021993806109,0.9922167487684728,0.8776706735868227,0.7647983242810829,0.9618294267309044,0.9639496482353626,0.840282019629908,0.0357877959825884,0.8462722492449737,0.8227566809243678,0.8019552812710197,0.9061321965864686,0.82429369012271,0.6599977007119865,0.1559378070496752,0.8630952380952381,0.606828885400314,0.3940099582956725,0.7214285714285714,0.714625850340136,4.8,1.6,5,3,7,6,3
525,0.3996594403471266,0.0953928243816469,0.4472580027012598,0.27736682338374,0.4347706273907706,0.3048610616297948,0.5340406866300673,0.8926501747964919,0.0521122430001381,0.868837127184034,0.952271336320004,0.8749710014116874,0.9505924310638026,0.816578978002931,0.8142681921253351,0.0622600454077153,0.8233843537414965,0.8763983371126228,0.780810657596372,0.8778507867793582,0.7128968253968255,0.8311877359800507,0.0423365743880742,0.7946812267388038,0.872250059445897,0.8188362228415416,0.8887518769597141,0.7814192939142963,0.848317726753623,0.0363826920702568,0.8254295873070975,0.8883770428881448,0.8354682331019099,0.8926081377248819,0.7997056327460813,0.4926147463647463,0.074702285379285,0.4381589310160738,0.5414957397100254,0.4638976103261816,0.6125584072012644,0.4069630435701863,0.5317385239260538,0.0247020790560807,0.5610484778881073,0.4930392290864672,0.528886718409402,0.5553405029433114,0.5203776913029807,0.870974292851302,0.0230215204555667,0.8526231549187375,0.845170662844535,0.8758511281255641,0.8699710825063268,0.911255435861347,0.6240136054421769,0.1099348273901953,0.4791666666666666,0.690561224489796,0.7756802721088435,0.519047619047619,0.6556122448979592,0.8978831024553088,0.0587881188109328,0.9417708648911656,0.8167026464206916,0.8360642372108538,0.9513561375967392,0.943521626157094,0.8490919033569672,0.0317937313168539,0.8415130585755746,0.8085098664460502,0.8332668439766652,0.8581465509890351,0.90402319679751,0.6302292945150089,0.0922370267159535,0.6920634920634922,0.5101626548055119,0.5291074005359719,0.736139455782313,0.6836734693877552,0.5331747676645007,0.0221344726759307,0.5576505299125399,0.5027793688433511,0.5257325576884406,0.5200810198272977,0.5596303620508739,0.877211664719509,0.0362021144866952,0.8959266702554879,0.8424645651392545,0.8548586174817701,0.9397573485627672,0.853051122158265,0.5872335600907029,0.1508084389540008,0.4147108843537415,0.695266439909297,0.8214285714285715,0.4634353741496598,0.5413265306122449,0.8870346586596769,0.0850175538870409,0.9751125566642808,0.8337744536347023,0.7538303650372615,0.9747130947869864,0.8977428231751539,0.8347687203000094,0.0365957842652769,0.8535134247315611,0.8111023215500596,0.791585166491032,0.8959893278149457,0.8216533609124487,0.5836213786213786,0.133800722748366,0.7202380952380951,0.5269252572824003,0.3717088467088466,0.7333333333333333,0.5659013605442177,7.0,3.4641016151377544,6,10,4,12,3
550,0.3759473963152794,0.0868644145330668,0.4481798467181977,0.2238977847709542,0.4485161581209728,0.424837623323713,0.3343055686425595,0.907078037956198,0.0433200016891712,0.8676865274058274,0.9779940006444212,0.8704311978124178,0.8827483641566329,0.9365300997616904,0.8428296174724746,0.0510174153807711,0.7980064247921392,0.9317649281934997,0.7972222222222223,0.8210592317735175,0.8660952803809947,0.8351696606745632,0.0454345620697161,0.7971753765397067,0.9103080347065784,0.7984860702692858,0.8042281390701824,0.8656506827870629,0.8559993675053809,0.0371807046556385,0.828645709827354,0.91910397027443,0.823617213432746,0.8305733183512081,0.8780566256411662,0.5050417307560165,0.0795562300802619,0.421540959040959,0.6290687487116061,0.4422447261732976,0.4656823996109711,0.5666718202432488,0.5308867590767996,0.035177201153845,0.5506694465875626,0.5138443346534457,0.5884522071906498,0.5143942151750837,0.4870735917772565,0.8729162251142254,0.0264833734914629,0.862946925846362,0.8423792578209871,0.8611885511627053,0.8769739404983765,0.9210924502426966,0.5616326530612246,0.0848619074639723,0.6204081632653062,0.6238095238095239,0.3962585034013605,0.5971088435374151,0.570578231292517,0.9011436172216571,0.0384443189450814,0.8488310902408648,0.8750997686524001,0.9449860457003316,0.89140817550592,0.9453930060087694,0.8393702010721287,0.0281669787283097,0.8124476065823572,0.8301255786489993,0.8245182106422101,0.8362918445424045,0.8934677649446717,0.5884297052154194,0.0460689748976005,0.5230442176870748,0.5546201814058956,0.6232142857142857,0.5897392290249434,0.6515306122448978,0.5326294869184494,0.0475076058517571,0.5442191788128444,0.5300104511635644,0.6058960216385978,0.4569116149629865,0.5261101680142539,0.8761348440415159,0.0325385013039693,0.8952919087617364,0.8446901864526088,0.8418848654993976,0.9284042927515834,0.8704029667422526,0.5924206349206349,0.1109689534979614,0.6471938775510203,0.5979875283446712,0.4095238095238095,0.7474489795918366,0.5599489795918366,0.921665214056834,0.0236837299741472,0.9244104358513228,0.9019863630733196,0.9664450218637411,0.9106460780598712,0.9048381714359158,0.8628450511110687,0.0227800092886824,0.8735096205601536,0.8374255480460839,0.8710306655273664,0.8956777874470275,0.836581633974712,0.6552040816326532,0.0467643734678446,0.6630952380952381,0.6570011337868482,0.7304421768707483,0.5844387755102041,0.6410430839002268,8.0,3.40587727318528,6,13,4,6,11
575,0.2715681709349155,0.0746705390376438,0.2372255350152651,0.2467212004675751,0.2202280465336073,0.4199389957246326,0.2337270769334974,0.9439620847628666,0.0220636861729154,0.9509366783336052,0.9513913213987952,0.9640063835694372,0.9009012052986,0.9525748352138952,0.8745820449391879,0.0135861251048565,0.8780990173847317,0.876851851851852,0.88963529856387,0.8489692846835705,0.879354772211915,0.8752149243117111,0.0393362004430134,0.8991261214993992,0.8933770648652939,0.8942171174658716,0.7966725703110216,0.8926817474169694,0.8915445522279872,0.0326952028171938,0.9094323303498516,0.9093408835599728,0.9059375200220834,0.8262121861207502,0.906799841087278,0.5848231530374387,0.0609840875971565,0.6149247577819008,0.5851551226551227,0.6314814814814813,0.4670922992351564,0.6254621040335326,0.5110810475690024,0.0632328346254906,0.5532713000263486,0.5301734741244998,0.5205788016319275,0.5630185944693429,0.3883630675928933,0.8658090766446028,0.0409130026307516,0.8548419373372379,0.8196233448395102,0.8634617392841076,0.8489741964037077,0.9421441653584512,0.6187925170068025,0.0961662889709004,0.5154761904761904,0.7084183673469387,0.5963435374149659,0.5220238095238094,0.7517006802721087,0.8808026303390577,0.0524797049215304,0.9045718080304548,0.7778394628206659,0.8887045299451316,0.9159545154094026,0.9169428354896336,0.8369828405519426,0.0370268003869663,0.825194152644541,0.7853611180533686,0.8382558113799286,0.8355016510876061,0.9006014695942696,0.5791696795268224,0.0694754811842491,0.5855442176870749,0.4442765567765567,0.6169784580498865,0.6378246753246753,0.6112244897959184,0.5070821383169719,0.0136786047649635,0.514121658035687,0.5028808138200215,0.4902853880609785,0.5296941335712161,0.4984286980969565,0.881380695193189,0.031234393653839,0.9340748804310997,0.8431417292306268,0.8775393792943056,0.8929254181778813,0.8592220688320313,0.6309013605442176,0.1105381029182691,0.4679421768707483,0.771343537414966,0.6738095238095239,0.5408163265306122,0.7005952380952382,0.8818738866322311,0.0661313434590183,0.9698215513732756,0.7912755320364017,0.8424800660022335,0.9446584203973366,0.8611338633519087,0.8460637988816228,0.0302890958985474,0.8656337539024571,0.8015115594686033,0.8344306579419609,0.8909570980681262,0.8377859250269665,0.5777781303909124,0.0996663077316726,0.7285714285714285,0.5112468671679198,0.437847866419295,0.6318027210884354,0.5794217687074829,18.0,6.899275324264136,24,14,19,7,26
600,0.3375246155829656,0.0396456648427621,0.3349157447616259,0.3164281458372161,0.2896894468438057,0.4090705662965774,0.337519174175603,0.928682894414042,0.0211216755225074,0.921938191574891,0.9462925180964376,0.9537937851264172,0.8934127769598463,0.9279772003126175,0.8683256029684602,0.0362329830269905,0.8241780045351477,0.882624716553288,0.9272761629904488,0.8377739984882842,0.8697751322751321,0.8460439825164162,0.0175845072270034,0.8450010099825372,0.8560351608747053,0.8700652301276124,0.8168185676564952,0.8422999439407308,0.8663242382554653,0.0157311197514421,0.8602531828996499,0.872949356252258,0.8903180551364811,0.8422268409093671,0.8658737560795703,0.5215371533228677,0.039737954294415,0.5075164914450627,0.5195543874115304,0.5875613804185235,0.4642407195978624,0.5288127877413593,0.5328475471053805,0.0154646309126252,0.5476851314306259,0.5145200001341956,0.5244691478354591,0.5545787939003536,0.5229846622262683,0.8645358578886905,0.0241437006020229,0.842886301337899,0.8484632894430826,0.8597750729846595,0.8606526561366786,0.910901969541132,0.5945068027210885,0.1046837243621371,0.5040816326530612,0.7686224489795918,0.6624999999999999,0.5279761904761904,0.5093537414965986,0.8853942322333559,0.0466442160393094,0.9033563533375564,0.8153136351256652,0.859055277081593,0.8940209727615743,0.9552249228603908,0.8385295608025878,0.0276759427664587,0.823885405964538,0.8202221731595162,0.8299125265054731,0.8250943316683291,0.8935333667150821,0.5786006057434628,0.0411244833882079,0.6012188208616779,0.5133390419104704,0.5495902906617192,0.6026643990929704,0.6261904761904761,0.5240709534713199,0.0305690644131927,0.4958699090140206,0.5234421747071403,0.5027498091970172,0.5162489201341357,0.5820439543042865,0.8720834888715127,0.0320690932215246,0.9210285475448652,0.8279959431958656,0.8562464913758017,0.8932531261841606,0.8618933360568699,0.597001133786848,0.1210529879345237,0.4917517006802719,0.7151077097505668,0.7357142857142858,0.6147959183673468,0.4276360544217686,0.8877074236240518,0.0700749871496093,0.9670451068726932,0.8038726307049286,0.802764845991447,0.935148324581822,0.9297062099693678,0.8403476693477699,0.0364524276095172,0.873372106451699,0.799162332284449,0.8166969000950136,0.89361459282185,0.8188924150858387,0.5482149200006343,0.1004942673349928,0.713095238095238,0.4761183261183261,0.4164868861297432,0.5685374149659863,0.5668367346938775,11.8,2.3151673805580453,13,9,14,9,14
625,0.4371070691517421,0.0346035942725526,0.426379049817721,0.3825414191399301,0.4404867475941068,0.4900464412002336,0.4460816880067189,0.8783284372761025,0.0184886549344123,0.8789458548021049,0.9125710249961072,0.8747037257813568,0.8585122509537533,0.8669093298471912,0.7979755033326463,0.0383897450988868,0.7409297052154197,0.8595804988662133,0.8090325018896448,0.796302308802309,0.7840325018896449,0.8037661264210115,0.0204336778389261,0.8157939214244356,0.8340323571791075,0.8052751172394921,0.7761491046311482,0.787580131630874,0.8238273938130412,0.0180477098721589,0.8253704266072477,0.8540248593907046,0.8289108218483955,0.8031253146716433,0.8077055465472152,0.4401425558568416,0.0178729500604323,0.424340342197485,0.4727672459815318,0.445376382876383,0.426614589114589,0.4316142191142191,0.567918934566634,0.0446755554503698,0.5113257999931063,0.555376295532499,0.6038865532193866,0.6333686070782798,0.5356374170098986,0.8387537157253583,0.0244876776972327,0.8538358650365228,0.8113749422396038,0.8176919414301933,0.8328367469344914,0.8780290829859796,0.4808503401360544,0.1351934642645872,0.6448129251700679,0.5850340136054422,0.3873299319727891,0.2717687074829932,0.5153061224489796,0.901687922545195,0.0578422270933483,0.8317605980763876,0.8372551265220439,0.9182992738255896,0.9760361067503924,0.9450885075515616,0.8212828157177221,0.0333970011495265,0.8059387929004459,0.8008941600494713,0.804488208326678,0.8071481579830025,0.8879447593290123,0.5445042259327973,0.081426380431049,0.4779066171923315,0.46187641723356,0.5005952380952381,0.6666666666666667,0.6154761904761905,0.5697881558111735,0.0449134846096394,0.5004764475992748,0.5459144243172237,0.615278069462095,0.621070146560669,0.5662016911166055,0.8413295673746358,0.0305610329860406,0.8869757858566356,0.8181313687893657,0.799377156550802,0.8580794267309045,0.8440840989454711,0.4791439909297052,0.1684849051709024,0.6816326530612243,0.5880668934240363,0.4476190476190477,0.1828231292517006,0.495578231292517,0.919684937168654,0.0414444270653335,0.9175274023549884,0.8559068979100034,0.9369222047793476,0.9829765062523684,0.905091674546562,0.843316092623265,0.0260957512889145,0.8768592013137455,0.8095775091007182,0.8636981000563392,0.8493834999118712,0.8170621527336512,0.5836982065553494,0.0755970777242015,0.6620748299319726,0.5093073593073593,0.6877551020408165,0.5404761904761904,0.5188775510204081,6.6,1.8547236990991407,9,8,5,4,7
650,0.4330043234995434,0.0935371897141154,0.5610476859978267,0.4981362770001094,0.3443193095070975,0.4507041935409818,0.3108141514517012,0.877880081996504,0.0550716733239372,0.7981226928402801,0.8391369835061828,0.931000593305512,0.8763420273263565,0.9447981130041886,0.8169727891156462,0.0591681625938819,0.7119992441421014,0.7960695389266816,0.8732237339380197,0.836621315192744,0.8669501133786847,0.7998894228118798,0.0483992395495597,0.740669235629526,0.7676048618809381,0.8552628462143349,0.7764571564932445,0.8594530138413554,0.8252852366840818,0.0384049894694374,0.769398704043182,0.8042296890512587,0.8691470559461804,0.8159693771612957,0.8676813572184925,0.4551532446700513,0.0848510005584866,0.3611395140806905,0.3787093197807483,0.54010989010989,0.4256425452854023,0.5701649540935255,0.5889502742460796,0.0335211047777795,0.6335352786949703,0.6144136573587146,0.5819345946822848,0.5791863330772945,0.5356815074171338,0.8297704019308407,0.0252925069245333,0.8034150767256971,0.8071913376236682,0.8265903818229946,0.8381348278740196,0.873520385607824,0.4046088435374149,0.1115167502427777,0.2622448979591837,0.3159013605442177,0.459438775510204,0.4046768707482993,0.58078231292517,0.9256867240730348,0.0236604595309213,0.9463013378990824,0.9302367640713508,0.8888062800468817,0.9100431711145998,0.9530460672332592,0.8189965716935251,0.0423060638673176,0.7864538571101257,0.7963936931929992,0.8045358433781894,0.80507877100084,0.9025206937854716,0.5675283446712017,0.0815677388191143,0.5071428571428571,0.5210034013605442,0.5252267573696144,0.5568877551020408,0.7273809523809522,0.5864144044263022,0.0373007914589112,0.6310528814792633,0.6172411526952472,0.5916272103786469,0.5269414207765034,0.5652093568018505,0.8336175779745207,0.0358640599249914,0.8365625526293631,0.7943412618121469,0.8031999153920335,0.896376626247316,0.8376075337917444,0.4218877551020409,0.1089571526492178,0.2394557823129251,0.3537414965986394,0.5214285714285716,0.5051020408163265,0.4897108843537415,0.933304542799611,0.0373875145464847,0.9815411280928522,0.9556171238469374,0.8720006275424995,0.9421653223623666,0.9151985121533992,0.8285167768565728,0.0266185586210318,0.8114243526328518,0.8019570494430406,0.8261113921646422,0.8787368490291426,0.824354241013187,0.5768650793650794,0.0910778046200792,0.5761904761904761,0.7324829931972788,0.4482709750566894,0.55,0.5773809523809523,8.6,5.462600113499065,3,4,11,7,18
675,0.3914095116158326,0.0759157779482294,0.4385963415815717,0.2572674944642044,0.3588901910753477,0.4369911338601793,0.4653023970978601,0.902320256083094,0.0373729296169462,0.8810032796029307,0.9683282260637552,0.9185360001552926,0.877084552332598,0.8666492222608939,0.8444418676561535,0.0486588040685331,0.8363945578231292,0.9297129457843744,0.8589929911358484,0.7922524565381711,0.804856386999244,0.8106233061346749,0.0352884268393796,0.7857186698237604,0.8759845317907359,0.8190961131879901,0.7918683907521631,0.7804488251187254,0.8346871141631953,0.0337255671102461,0.8182983731571708,0.8955209367269346,0.8446309468614097,0.8158523155019394,0.7991329985685217,0.4666058016058015,0.0526869967449462,0.4303054088768374,0.5569135229849516,0.4963480302766016,0.4274513845942417,0.4220106612963755,0.5815779634884426,0.0253631135707363,0.5745170414447784,0.6013023406267166,0.5617746519190925,0.619498074054718,0.5507977093969073,0.8267147388214442,0.0271731039582353,0.815348364998271,0.7965348591640885,0.8227810358848894,0.8211511742573773,0.8777582598025947,0.4604761904761904,0.1303230460264226,0.5744047619047619,0.5035714285714286,0.588095238095238,0.2366496598639456,0.3996598639455782,0.8895388294955315,0.05510492038848,0.8351046878490488,0.9000206177837757,0.8168268580486625,0.9508294086865516,0.9449125751096192,0.8095508500211247,0.0316113979558988,0.7927226040278582,0.8247697206060606,0.7828341317446075,0.7826856645633876,0.8647421291637094,0.5072366522366523,0.0500763658078145,0.4749149659863946,0.56797052154195,0.4376855287569573,0.5603741496598639,0.4952380952380952,0.5771960956709726,0.0205278006329711,0.5529247905526843,0.5830984520060676,0.5532626403229577,0.6011277607509068,0.5955668347222465,0.8332221106099086,0.0193487257883864,0.8618695221604705,0.8105925722540629,0.8140564006327552,0.8463281997148993,0.8332638582873546,0.4375226757369614,0.1407634343868616,0.558843537414966,0.5133786848072562,0.580952380952381,0.2704081632653061,0.2640306122448979,0.9179340452745892,0.0396175794249758,0.9178050598370796,0.9194205426503564,0.8482412269358083,0.9701791804254858,0.9340242165242164,0.8287129142245799,0.0245178515127787,0.8491339352260361,0.825945093189498,0.8212223552295039,0.8587969045734355,0.7884662829044257,0.5263967381824525,0.0605036016018143,0.5906746031746033,0.5917233560090703,0.4320687249258678,0.5226190476190476,0.4948979591836734,10.8,5.30659966456864,8,21,11,7,7
700,0.4407979009406907,0.0646177663307776,0.4397081934979984,0.3799418828317097,0.3924019691489991,0.5620854042825245,0.4298520549422219,0.8669864586728322,0.0476068251625125,0.8636581849166434,0.903354107576648,0.9069527120405696,0.7769292169064606,0.884038071923839,0.7998287294715866,0.0456440856785653,0.7643192125334983,0.8210789871504157,0.8545351473922903,0.7301398337112622,0.8290704665704667,0.7831230261016727,0.0605400581530388,0.7889977648932042,0.8464764724090127,0.818263764308956,0.6693105921746957,0.7925665367224947,0.8134177799652138,0.0484338291029862,0.8192396488799983,0.8656537824157986,0.8402452098287767,0.7227868697704293,0.819163388931066,0.4239974097642164,0.0629849923703246,0.4023156737442451,0.4720641792070363,0.4830394473251616,0.3108559682614305,0.4517117802832087,0.6356052181550436,0.037587492153713,0.5892244854143688,0.6435023375919887,0.6998387745448521,0.6367495443139758,0.608710948910032,0.7960133168908123,0.0289267292350109,0.8025581476967755,0.7678618583623281,0.8018453232057555,0.7639631310801426,0.8438381241090599,0.3496088435374149,0.1047027728691551,0.5257653061224489,0.2658163265306122,0.2289115646258503,0.3338435374149659,0.3937074829931973,0.926553422100998,0.0450736330897505,0.846807862146208,0.9449841560555846,0.9717662134579428,0.9092540799495687,0.9599547988956856,0.8055610348095403,0.0352731336477216,0.7892444205423665,0.7925077853510042,0.7911819817965899,0.7793698633555378,0.8755011230022031,0.5158317872603586,0.0733878151011337,0.4468460111317253,0.5212585034013605,0.6258503401360545,0.4256802721088434,0.5595238095238095,0.6398460158279964,0.0582007704835611,0.5663818887301854,0.6169998454196113,0.7427637662206378,0.6223326027393341,0.6507519760302135,0.8174831469081563,0.0273848925171438,0.8694207787742271,0.8176075117515335,0.7957031132523744,0.810064215341309,0.7946201154213373,0.3410884353741495,0.1762319491939568,0.6421768707482992,0.358078231292517,0.0976190476190476,0.3375850340136054,0.2699829931972789,0.9387861079489908,0.0286676643187742,0.8871599641919838,0.9556520411955196,0.970768649340078,0.9320289070535376,0.9483209779638352,0.8187118077845337,0.0215770137625349,0.8429634789556921,0.7993503721466624,0.8082149950116533,0.8464041395501508,0.7966260532585103,0.4636023500309214,0.101826424108195,0.549474335188621,0.5188775510204081,0.2916666666666666,0.4035714285714286,0.5544217687074829,8.0,2.6832815729997477,9,11,9,3,8
725,0.431896417126769,0.0762328660060697,0.4128445550089791,0.3240688311911764,0.389269314351536,0.4956237290586744,0.5376756560234797,0.8736396981173685,0.0445068178646008,0.9009387770209356,0.9206979123435404,0.9020921852117134,0.842851542352796,0.8016180736578574,0.8227626606198035,0.0599081681063306,0.8898809523809522,0.8588435374149661,0.8505479969765681,0.7946050642479217,0.7199357520786094,0.7914750651602894,0.0461278853054263,0.8052821558817985,0.8652872485569532,0.8018692007208807,0.7358094358845767,0.7491272847572377,0.8211328131199209,0.0415003494067004,0.8374118682648144,0.8842408446028774,0.833510071243821,0.7755820979827606,0.7749191835053318,0.4439812568383997,0.0533000402759759,0.4631143327571898,0.5157673675530818,0.4764449175163461,0.3854202014916302,0.3791594648737506,0.6208616878305163,0.0291373369213058,0.6429562228066581,0.6637800974505288,0.587496144430978,0.6173002294131688,0.5927757450512477,0.8120792801864878,0.0309599246043406,0.8025159338364224,0.766987338232639,0.8193456378277808,0.8084590195727414,0.8630884714628558,0.3690136054421768,0.1370592422898941,0.2540816326530612,0.2907312925170068,0.6144557823129251,0.2623299319727891,0.423469387755102,0.9049810640871052,0.0406183851348698,0.9170564690113564,0.9140020992652572,0.8255017351069984,0.934815541601256,0.9335294754506576,0.7969279291250326,0.033953575440622,0.7682083030958384,0.7799509857815335,0.7921069445801462,0.7812480972739532,0.8631253148936923,0.456299850942708,0.046814558358996,0.3829365079365079,0.4363095238095238,0.4895104895104896,0.4527210884353742,0.520021645021645,0.6067320431981769,0.0153388141696172,0.5966545534985406,0.6300053553921836,0.5877642205783299,0.6007648812873023,0.6184712052345276,0.8250062334031225,0.0308187386231482,0.8780609431733198,0.8130325145581357,0.8009478047039623,0.8395937539472023,0.7933961506329928,0.3802551020408163,0.0758341399984252,0.3527210884353741,0.3891156462585034,0.5226190476190478,0.3180272108843537,0.3187925170068027,0.921110621140172,0.0428506643727481,0.96152516385275,0.9443737376035513,0.8486010112857404,0.9547647918583878,0.8962884011004312,0.8138814717164458,0.0286647839863653,0.8287419483334154,0.8009434568256325,0.8092273546892665,0.8582282918792413,0.772266306854673,0.4938888888888889,0.1053031484748054,0.6869047619047619,0.4807823129251701,0.367998866213152,0.4857142857142857,0.4480442176870748,9.0,4.47213595499958,12,16,8,5,4
750,0.4676921630189533,0.1033798025100748,0.3349017451206843,0.6439074448176793,0.4066142156010582,0.4973209386780148,0.4557164708773295,0.8430897579696376,0.0862314728482043,0.9363164794481498,0.6819878750035502,0.8868020423360115,0.8422946648720594,0.8680477281884167,0.7838177695320554,0.0811578309295253,0.8576814058956919,0.6341544698687558,0.8524943310657596,0.7744142101284959,0.8003444307015736,0.7505355601459693,0.0779002838610873,0.8362134378991735,0.60478409852877,0.7897840434569422,0.7603164540231722,0.7615797668217889,0.7888460059759577,0.0607729083127241,0.852859247574778,0.6758003965317044,0.8280691010328391,0.7924926862579156,0.7950085984825515,0.3961042405143467,0.0822849641845893,0.4958986119700405,0.2485260152194031,0.4416525273668129,0.392824173181316,0.4016198748341607,0.6298803163426263,0.0336853674916077,0.6307171242577689,0.6889730989933014,0.6112723818847111,0.6313652311052594,0.5870737454720906,0.7898033231670288,0.0366354706408339,0.787022622758055,0.7357943230711088,0.7954228338321384,0.780421926305385,0.8503549098684567,0.3325680272108843,0.079684629610826,0.3319727891156462,0.2552721088435374,0.4499149659863945,0.2379251700680272,0.3877551020408162,0.9215290468708928,0.0246295679476524,0.8989483935724538,0.939076912366386,0.8870588482806527,0.9301713762428048,0.9523897038921668,0.798589809791243,0.0371106286343969,0.7759826265170539,0.779525717497516,0.7998402487673217,0.7678444441926954,0.8697560119816286,0.5090702947845804,0.0421183616615841,0.5062074829931972,0.5488095238095237,0.5132086167800454,0.4318877551020407,0.5452380952380953,0.6182063124009541,0.0406618247955561,0.5640677213668823,0.6881696624415261,0.6283378345625741,0.6043476653950555,0.6061086782387325,0.809421154181558,0.0363753435221905,0.8626665092798097,0.7680960107726411,0.770278983240806,0.832261588985727,0.8138026786288065,0.3200453514739229,0.0571600480746046,0.3443877551020408,0.2106009070294784,0.3452380952380953,0.3758503401360544,0.3241496598639455,0.9294497790036392,0.0153627502465494,0.939328088441389,0.94946567465201,0.9077628310386932,0.9347761598007904,0.9159161410853142,0.8084566549335737,0.033711578915105,0.8159997110733191,0.760309581294879,0.8264451878460687,0.8566967474157986,0.7828320470378027,0.4694331065759637,0.049141955525019,0.544047619047619,0.4384353741496598,0.4468253968253968,0.4098639455782313,0.5079931972789116,8.8,6.968500556073738,22,2,9,5,6
775,0.4399019966877642,0.0524217195560348,0.4777418346632094,0.3969236945822125,0.4678595889182317,0.4971190031085695,0.3598658621665977,0.8749695243622071,0.029042810387493,0.8539926436314849,0.9039805268523944,0.87077797773122,0.8348985013442717,0.9111979722516642,0.8145306809592524,0.0219585261088132,0.8074228681371539,0.8371409674981104,0.8235166288737716,0.775188964474679,0.8293839758125472,0.7997505906867245,0.031932664627331,0.7847354683766733,0.8227200485417747,0.7836658879990785,0.7587954657107925,0.8488360828053035,0.8224073426391059,0.0265547577848371,0.8126285443395974,0.8436031540711659,0.8052413435413237,0.7887462944202304,0.861817376823212,0.4483275851132993,0.0458219846875654,0.4280752316466601,0.4456108706108705,0.4402787027787027,0.3947898662184376,0.5328832543118256,0.6351074555090495,0.0752207104003575,0.6007814811808723,0.7748897458825793,0.6322924750191825,0.6176827251911163,0.5498908502714974,0.7877831445086759,0.0284936644149497,0.7798513798231842,0.7687703452388603,0.771988083188741,0.773994577025592,0.8443113372670022,0.446734693877551,0.2701492556779963,0.9011054421768708,0.1174319727891156,0.2922619047619048,0.3480442176870748,0.5748299319727891,0.8327977060245664,0.168394745324162,0.5012881715889235,0.9672473690330834,0.9210432369078986,0.8800945357900245,0.8943152168029016,0.7545235095002393,0.0830434968051695,0.6052309157624923,0.7568195721525421,0.7837182892549064,0.7665383537368472,0.8603104165944079,0.451611952130177,0.07548988785772,0.3129015458498133,0.4418367346938776,0.5316326530612245,0.5001700680272109,0.471518759018759,0.6290858375174657,0.065418035881097,0.5674472195761544,0.7464972734451294,0.653301511492048,0.592789854322161,0.5853933287518365,0.807252302963159,0.0272818798442172,0.8547900119744333,0.7951927970522691,0.7807772755432855,0.8197033508363558,0.7857980794094516,0.4619444444444444,0.2700556761723154,0.9136054421768708,0.1295351473922902,0.2928571428571428,0.3860544217687074,0.5876700680272108,0.8330760998764628,0.1455014460787312,0.5765239358342807,0.9722314722314724,0.934163323449038,0.913058788502138,0.7694029793653854,0.7708750770786816,0.0612111453064311,0.6754102911926979,0.747295660025838,0.8278905180691858,0.8459914031916574,0.7577875129140285,0.3859587836430759,0.0360064749268883,0.3211450274236315,0.4285714285714285,0.406547619047619,0.3822665429808287,0.3912633001918716,8.6,4.586937976471886,6,10,5,5,17
800,0.3750098403011049,0.0767412171862615,0.3841481375552359,0.3220537244564011,0.4051207637503033,0.4949066560892832,0.2688199196543012,0.9053503507172926,0.0371891777732022,0.8956945118854119,0.931538920714872,0.8992139958873993,0.8451776178759115,0.9551267072228692,0.8450965436679724,0.0405111947205488,0.8142195767195768,0.8629887308458738,0.8574804164089878,0.7871787603930462,0.9036152339723768,0.8163772814779374,0.0510667977745214,0.8221735716931552,0.8654232724677742,0.799607378861974,0.7280807127344574,0.866601471632326,0.8423969157661085,0.0426806506578944,0.8433620602524876,0.8828564644461872,0.8307946936805195,0.7687873767083541,0.8861839837429948,0.4809554995269282,0.0726575783067645,0.459078884078884,0.5174869442726586,0.4636610743753601,0.372093845308131,0.5924567495996068,0.628223580121994,0.0265426814670899,0.619938177721841,0.5916056973593575,0.6164245988641467,0.6430421045848301,0.6701073220797947,0.7916689708962524,0.0283760044814247,0.7827045014474524,0.7767745877590803,0.7889021603918219,0.7639838416248191,0.8459797632580883,0.3749659863945578,0.154042701678748,0.384438775510204,0.6273809523809524,0.2163265306122448,0.2130102040816326,0.433673469387755,0.8984292171737078,0.0592183180616939,0.8806314626615379,0.7898958094258847,0.9324648541377866,0.9414045415737144,0.9477494180696152,0.7940184476514045,0.0403912727282073,0.7839238242920269,0.7779471457869709,0.7677025081981287,0.7667459019244349,0.8737728580554605,0.4814472432329575,0.0821173803591533,0.4314625850340135,0.4490729508586651,0.5380952380952381,0.3789115646258503,0.6096938775510203,0.6173454548631396,0.0425061127882229,0.5766757662807193,0.5667066297360829,0.6345800033637455,0.6245912632771901,0.6841736116579601,0.8059382859679504,0.0281341801441036,0.8575252219956654,0.8045563063575486,0.7866830043246299,0.8053770593117884,0.7755498378501198,0.3732369614512471,0.1560866902533815,0.4402210884353742,0.6443310657596372,0.2095238095238095,0.3163265306122449,0.25578231292517,0.9109271014598652,0.0585174339050539,0.920474110363273,0.8082757758689436,0.9737121344264202,0.9584241866507875,0.8937492999899014,0.8112647373399137,0.0365767084485351,0.8213767497218811,0.7828478914379747,0.8356004399049007,0.8590877526814974,0.757410852953314,0.4510171261487051,0.0514832936908407,0.4873299319727891,0.4978577395870629,0.4642857142857143,0.4523809523809524,0.3532312925170068,17.0,9.486832980505138,19,22,8,5,31
825,0.4123048175658498,0.0664529323108638,0.5130805536395028,0.3974407088188898,0.444350710936955,0.3964499643161183,0.3102021501177833,0.8865317285412877,0.0348221073233924,0.8281363310327798,0.88665211400574,0.8800537466986421,0.9028704654793664,0.93494598548991,0.8184968338539766,0.0493122522729788,0.7403155706727137,0.7886715797430084,0.8282639318353604,0.8567595764024337,0.8784735106163678,0.797316106835767,0.0316675544735859,0.7647063879105302,0.8258796879789898,0.7655124997038717,0.7880304430633205,0.842451515522123,0.8251347809077549,0.02816489538943,0.791468421330564,0.849861913661852,0.8003244106620135,0.8192457959563028,0.864773362928042,0.4431440517154802,0.0499865071946109,0.3746875479018336,0.4571110106824392,0.4098009794438366,0.4507090132090132,0.5234117073402788,0.6619918831757137,0.0478029095024607,0.6428978783743722,0.7230660191604069,0.6119260106767926,0.6170874429600579,0.7149820647069386,0.7755320940186767,0.0188063701171157,0.7543336104684789,0.7788868424112784,0.7731396715231301,0.7622269683289421,0.8090733773615547,0.36078231292517,0.1150531182717967,0.3047619047619047,0.1657312925170067,0.4923469387755101,0.4371598639455782,0.4039115646258503,0.8932215842329922,0.0466647157029072,0.8903738665956712,0.9492594046165476,0.8268200033049659,0.8595582898026508,0.9400963568451254,0.7862458175106861,0.037685348165363,0.7612432780045058,0.7635820779696819,0.7690135693569075,0.7765092098559594,0.8608809523663764,0.4470686456400742,0.0386433098778245,0.4059523809523809,0.5148809523809523,0.4152417027417028,0.4409348587920016,0.4583333333333333,0.6418732498373305,0.0361701472359039,0.6163913224424634,0.6798373396907534,0.6249338516167232,0.5985281893185207,0.6896755461181913,0.7978174175272393,0.0204310243394138,0.8300261993981206,0.797563181513104,0.7819780645827443,0.8080481874447393,0.7714714546974885,0.3672959183673469,0.0817320752267771,0.3370748299319727,0.2473639455782313,0.4107142857142857,0.4931972789115647,0.3481292517006802,0.9195524808322938,0.0368600666406308,0.964922283974008,0.9582304812739596,0.8871402908348721,0.9144137389703892,0.8730556091082405,0.8092283918423011,0.0329593316997395,0.8261763404827068,0.7731571335698038,0.8189037210310065,0.8569929148897454,0.770911849238243,0.4628741496598639,0.0923313616386033,0.6392857142857142,0.3869047619047619,0.4188492063492063,0.4678571428571428,0.4014739229024943,12.0,7.694153624668538,4,12,6,12,26
850,0.4460957767707961,0.0410403526355914,0.4092502519488334,0.4901226716382162,0.3881846829539254,0.4558858942417871,0.4870353830712182,0.8747753671539489,0.0235551735158422,0.8911589871518028,0.8457472022634371,0.9113762806060628,0.8670746221113672,0.8585197436370735,0.8193271146842577,0.024401895029396,0.7982426303854874,0.7992630385487529,0.8648139558853847,0.8222411186696901,0.8120748299319727,0.7814277342865124,0.0284975380288888,0.8088461984860329,0.771914988076861,0.8208630957647524,0.7558504466296999,0.7496639424752154,0.8127993585534068,0.0235121046003518,0.8299503726943863,0.8114994881056629,0.8466669008363094,0.7944693369911552,0.7814106941395194,0.426166926755162,0.0416251368874249,0.4369303976446834,0.3739288489288489,0.49899247577819,0.4139258150812772,0.4070570963428107,0.6034508445433208,0.0127278124367003,0.5950623537812915,0.624721131154469,0.5883416831493378,0.6098761579820088,0.5992528966494969,0.784332782228718,0.0193012072399311,0.7849848723227482,0.7758704491693215,0.7783641337776676,0.7624117002288994,0.8200327556449543,0.4522619047619047,0.1272080490971465,0.5186224489795918,0.2759353741496598,0.6550170068027211,0.4056122448979592,0.4061224489795917,0.8525828463204663,0.0469132648764865,0.8172764022388084,0.8944143554857841,0.7814439180980536,0.8641578075224692,0.9056217482572162,0.7838488029028796,0.0265911544039732,0.7743706942452805,0.7595270884873655,0.7728445428201803,0.7768461641291778,0.8356555248323939,0.4128183721040863,0.035373699768057,0.4388181263181263,0.3892399267399267,0.4422773654916511,0.439589775304061,0.3541666666666666,0.5940628375325885,0.0362340680205741,0.5254768644060407,0.6044801771640778,0.6091654598712921,0.5983251758984157,0.6328665103231158,0.7982317590665837,0.0364737099839404,0.8583402916869665,0.7989377132816574,0.7609447522009098,0.8126503747527212,0.7602856634106633,0.4679648526077098,0.0870233743172622,0.5791666666666667,0.4448412698412698,0.5297619047619049,0.4634353741496599,0.3226190476190476,0.888964838840773,0.0352541318320138,0.8930716451036648,0.9306894589192728,0.8245960069851695,0.9066387501531398,0.8898283330426187,0.8119371590267331,0.0299984057417696,0.8397533904122568,0.8128825791768847,0.7944725486918297,0.8472524090254383,0.7653248678272562,0.4506148216862503,0.1044291456587619,0.5334029066171924,0.6079081632653062,0.3221371882086167,0.3848639455782313,0.4047619047619047,9.4,3.4985711369071804,14,7,13,8,5
875,0.442042591600191,0.0255109903004743,0.4265148788690567,0.4592494545947937,0.402169297848429,0.4470401725598744,0.4752391541288012,0.8742490565597747,0.0134785511786327,0.8780994659873974,0.857054850367978,0.8961137027071454,0.8764510285518172,0.8635262351845354,0.8040635951350238,0.0148473392709126,0.780498866213152,0.7933106575963722,0.8118188689617261,0.8143140589569162,0.8203755239469525,0.7734468187379359,0.0302599392510108,0.7988606795503347,0.7571005919883729,0.8107088623428379,0.7748133552937831,0.7257506045143506,0.8045944705102721,0.0225414338855748,0.8252163125390695,0.7962494877172487,0.8304512394548291,0.8035557290051356,0.7674995838350782,0.4108197622483336,0.0377696766923679,0.4313174259602831,0.3619015904730191,0.4604857444143159,0.4287207501493216,0.3716733002447288,0.6407026640006475,0.030204742858401,0.6663574916975838,0.5979984870978764,0.6503527973379407,0.6757017629487174,0.6131027809211186,0.7801704618109208,0.0183227420720439,0.76997651236608,0.7637622549582136,0.7786758993408431,0.7729054215590868,0.8155322208303801,0.3280102040816325,0.1330321375912517,0.3141156462585033,0.5661564625850339,0.1997448979591836,0.2074829931972789,0.3525510204081632,0.9092085701918472,0.061163290144941,0.912131473372075,0.7900785694394717,0.9484445087076666,0.9465758183615326,0.9488124810784908,0.7857957968750806,0.0324077403868774,0.7756129351688603,0.7636689596777967,0.7684803946113304,0.7710680382822007,0.8501486566352148,0.4557925804354376,0.0447627252468529,0.4404761904761904,0.402262221905079,0.4722789115646258,0.5333333333333333,0.4306122448979591,0.6331725691046033,0.035614079370512,0.6242708585091999,0.5723063030413219,0.6809422969818115,0.6400508880615234,0.64829249892916,0.7921656177315348,0.0277137915656621,0.8227639675823174,0.7933531591625537,0.771791563663485,0.8212618890918087,0.7516575091575092,0.370657596371882,0.1597765149461215,0.430017006802721,0.658985260770975,0.2333333333333333,0.2644557823129251,0.2664965986394558,0.9062025882821556,0.0761670430006539,0.9349246598138224,0.7578007057354883,0.9610064538635968,0.9615655280679912,0.9157155939298796,0.8053833005674008,0.0393787945902057,0.828544809105425,0.7530660299181144,0.8354862111553409,0.8471782800064501,0.7626411726516736,0.454904143475572,0.0673410184171447,0.5523809523809524,0.4239538239538239,0.5166666666666666,0.3999999999999999,0.3815192743764172,9.2,2.0396078054371136,13,8,9,9,7
900,0.4799119344424634,0.0358700313008639,0.4989557081744784,0.5147953459194728,0.4225020321706931,0.4537981635048276,0.5095084224428449,0.8552749879930837,0.0274649915036615,0.8341240739661111,0.843656079887995,0.8979287950991247,0.8760339172952809,0.8246320737169064,0.7802267573696144,0.032448963635713,0.7244897959183674,0.7918650793650795,0.819520030234316,0.7979119425547998,0.7673469387755102,0.7753410955875045,0.0239453694745443,0.7786627028894894,0.7568690022473555,0.8049295932711712,0.7958253838253183,0.7404187957041886,0.7993626258693926,0.0218137040831495,0.7941493048260865,0.7912039746962813,0.8261599916670644,0.8198273711380443,0.7654724870194859,0.4087282030139173,0.0375860964647629,0.3835321424607137,0.36975887868745,0.4624802446231017,0.4452926702926703,0.3825770790056504,0.6382836380175182,0.0414836222884129,0.6565489598682949,0.7093642524310521,0.6193235729421888,0.6169075284685407,0.5892738763775144,0.7769417975831964,0.0298397378176649,0.7634076109076109,0.7448741578840262,0.7606098235515528,0.7849314171800075,0.8308859783927841,0.3627380952380952,0.1166375754571183,0.2241496598639455,0.2218537414965986,0.4733843537414965,0.4119897959183673,0.4823129251700681,0.909314417575242,0.0336528564681819,0.9315781976308292,0.940743165912339,0.8503578313916661,0.8933803831924134,0.930512509748963,0.7919769661106678,0.0352211692501482,0.7619831972946545,0.7681432028152917,0.7789670414660895,0.791248231741993,0.8595431572353106,0.4242063492063492,0.0489554803511787,0.330952380952381,0.4200680272108843,0.4482065553494125,0.4614306328592042,0.4603741496598639,0.635308963060379,0.0182460133124546,0.6434888456548963,0.6663761181490762,0.6304504105022976,0.615146815776825,0.6210826252188001,0.7877217248115798,0.0214769885131217,0.8244430591644261,0.7807184834805178,0.7596595682186813,0.7946380350269384,0.7791494781673353,0.3240249433106576,0.0478727100846997,0.2687074829931973,0.2864512471655329,0.3273809523809524,0.407312925170068,0.3302721088435373,0.921929754486726,0.0305802612052201,0.9707612611799804,0.9291043692907048,0.9052474482277438,0.9266429383424456,0.8778927553927555,0.8044818980395364,0.0307601883440361,0.8117579283938232,0.7729458746066589,0.8237343888155706,0.847607617400092,0.7663636809815377,0.4604210472067615,0.067742111800659,0.5773809523809524,0.4239795918367346,0.4950680272108844,0.395578231292517,0.410098433312719,7.6,2.0591260281974,8,5,8,11,6
925,0.4679748950260026,0.0766404487951284,0.5066741655270258,0.4175073806019056,0.3421976686943145,0.5414857495398748,0.5320095107668922,0.8480034355237439,0.0488676175008801,0.8345816558132497,0.8928255894169229,0.9167063248076088,0.8011636472302347,0.794739960350704,0.7725146018003162,0.0762711007954833,0.7271447467876039,0.8438019652305367,0.8642668178382464,0.7711451247165535,0.6562143544286403,0.7743078239939617,0.0440052948133006,0.7666347852586878,0.8074723924730547,0.8348372007815501,0.7072145750262049,0.7553801664303111,0.8050961614831198,0.037478751675678,0.7946807639269639,0.837843236344273,0.857040642229426,0.7540705014912511,0.7818456634236851,0.4150232703804132,0.0492444599104817,0.4021469932184219,0.4456581117295404,0.4943835925978782,0.3646345717774289,0.3682930825787969,0.6514051181929451,0.0490769388401049,0.6311686379568917,0.7447112458092826,0.6547022291592189,0.6136513991015298,0.612792078937803,0.7702999971363823,0.015858541236962,0.7673094729344728,0.7571357480239059,0.765096579398741,0.7607298427693164,0.801228342555475,0.3753401360544218,0.1163887355064406,0.367687074829932,0.185969387755102,0.3939625850340135,0.5527210884353742,0.376360544217687,0.8943536441520626,0.0515442528280998,0.886630067231571,0.957210448281877,0.8826202869811891,0.8086460045106663,0.93666141375501,0.787929959352913,0.0299249498159407,0.7724740035307767,0.7691574623954986,0.7824432469313086,0.7686246212990887,0.8469504626078926,0.4282734725591868,0.0235929453063151,0.3970521541950113,0.4494047619047618,0.4480725623582767,0.4019399251542109,0.4448979591836734,0.6631752422877721,0.0572103356739981,0.6095668971538544,0.7362707895892007,0.7262406434331622,0.6023593928132739,0.6414384884493691,0.7771229661792021,0.0229873265301861,0.8172265202868652,0.7737914414059599,0.7613069174029764,0.7832727814705388,0.7500171703296703,0.324875283446712,0.0966669396075792,0.4438775510204081,0.2268424036281179,0.2309523809523809,0.4370748299319728,0.2856292517006802,0.9175277212478348,0.0252329025853647,0.9207999512802468,0.9526756209054348,0.9181595361398316,0.8737686296073645,0.9222348683062968,0.7984882988254516,0.0222033176529792,0.8209193611958054,0.7655172745491159,0.805692558016582,0.8203703873229248,0.7799419130428294,0.4108616780045351,0.0585005596833105,0.5068877551020409,0.3922619047619048,0.3696145124716553,0.3418367346938775,0.4437074829931973,10.2,5.192301994298868,8,13,19,5,6
950,0.4414141726635751,0.0809240894071325,0.4098857385771615,0.5992991434676307,0.3928600233935174,0.3757013777891795,0.4293245800903865,0.8630223750253581,0.0594407211124501,0.8935147858134175,0.7453764540098066,0.8957291772906065,0.90335469285177,0.8771367651611903,0.7739304610733183,0.0771426117719298,0.7925642479213909,0.6251133786848074,0.7863284202569916,0.8420634920634921,0.8235827664399095,0.7903913184995837,0.0522923191315764,0.818333250707058,0.6878898043548911,0.8289105394247465,0.8196350686634863,0.7971879293477366,0.8115272070341364,0.0476544073799771,0.8390214718116337,0.7169813087903465,0.8422101759940659,0.8350532047635401,0.8243698738110959,0.4262528275326815,0.0802767792494256,0.4526659848088418,0.2680784476920036,0.4836013193156051,0.4784181427038569,0.4485002431431003,0.6470364906958171,0.0296613762149169,0.6051798207419259,0.6618119605949947,0.6792796083859035,0.6706828985895429,0.6182281651667186,0.7679121337286524,0.0266338606001697,0.7650854452217235,0.72829930155823,0.7731473305134019,0.7615127170413826,0.8115158743085241,0.3453401360544217,0.0989386647741535,0.5126700680272109,0.2022959183673469,0.3265306122448979,0.3350340136054421,0.3501700680272109,0.8963385854008099,0.0465935992116938,0.8074969780984819,0.9333036115930854,0.9020242532460576,0.9036789470624056,0.9351891370040192,0.782603270892561,0.0313992449553526,0.7598399326416029,0.7526078535813052,0.7785800946540288,0.7803071999999437,0.8416812735859246,0.4009341055769627,0.1149662120623505,0.4084532530961103,0.1877705627705627,0.5341269841269841,0.4477891156462584,0.4265306122448979,0.661325107727732,0.0782266661686233,0.5582026243209839,0.642728362764631,0.7974575332232884,0.6762664616107941,0.6319705567189625,0.7845737598559177,0.034821068258624,0.8376170408113143,0.7642699733984673,0.7457060203981387,0.8132036965281717,0.7620720681434968,0.3244557823129251,0.1237291662860735,0.5380952380952382,0.2240646258503401,0.2107142857142857,0.2619047619047619,0.3875,0.91282983728154,0.0330899370444164,0.8664384356748889,0.9234802872535792,0.9433622844952894,0.9490743246900883,0.8817938542938544,0.7985780240419753,0.0274624590466943,0.808309986188387,0.7574076722976103,0.8186260222642338,0.8317907740717103,0.7767556653879356,0.4220521541950113,0.0501685723030559,0.4494614512471656,0.4958333333333333,0.3835034013605441,0.3523809523809523,0.4290816326530611,14.2,6.493073232299172,21,3,15,20,12
975,0.5020856650812285,0.081237577664405,0.5372098769460406,0.4611390523967288,0.6005951840253103,0.5454299215759549,0.3660542904621079,0.8273369010558318,0.0593414337107587,0.8101922260423368,0.8624883696266611,0.7449835132304876,0.7994055371102669,0.9196148592694072,0.7664546828832545,0.0735221448559274,0.7412320483749055,0.758087679516251,0.6792044595616027,0.7513510959939532,0.9023981309695596,0.7417863758165555,0.0478449137159435,0.7147925435503077,0.7887396490981563,0.6876136450032798,0.7089308218698419,0.8088552195611914,0.779565383391861,0.0416517654473349,0.7601595430013972,0.8130211357414429,0.7284806649110285,0.7540201215690792,0.8421454517363581,0.3721276241654393,0.0647506261425917,0.3224504662004662,0.3889730639730641,0.3119679262536405,0.3469688205507532,0.4902778438492724,0.6474411853722164,0.0384362345869056,0.6404466884476798,0.6988758402211326,0.6682166286877224,0.6474992505141667,0.5821675189903804,0.7573763542959646,0.0287523560848702,0.7449415893212886,0.7491843887802533,0.7220973182345363,0.7618300836416436,0.8088283915021017,0.2971428571428571,0.1331380090035765,0.4051870748299319,0.1608843537414966,0.1616496598639455,0.2636054421768707,0.4943877551020408,0.9197743219148456,0.0364781625787985,0.8593212120655729,0.9561657654514798,0.9521945354840092,0.9327467707730868,0.8984433258000798,0.7805962542788795,0.0332136184765391,0.7637377889931997,0.7623824015020556,0.7565454646548598,0.7742861022527078,0.8460295139915742,0.3819069422640851,0.0682560340532649,0.4267115820687249,0.4166666666666666,0.2503401360544218,0.3812925170068026,0.4345238095238096,0.6455860078334809,0.0264279400932036,0.6186968301023755,0.6734326417957034,0.6776445891175952,0.643585490328925,0.6145704878228051,0.7692830258700163,0.0216092926938563,0.794198062587841,0.7788905824018402,0.737204273103288,0.7852324611262905,0.7508897501308216,0.3132086167800453,0.1438420800710165,0.4402210884353742,0.2119614512471655,0.1130952380952381,0.2959183673469387,0.5048469387755101,0.9227072877802664,0.0592369179196075,0.9159111746673324,0.9449280774436054,0.9924908424908424,0.9453149261938478,0.8148914181057039,0.8013182626019724,0.032184696841668,0.8183605314612181,0.7621267353187454,0.820259102775939,0.8415809534286603,0.7642639900252989,0.436238999096142,0.078866372052248,0.5318722943722944,0.5029761904761905,0.3214285714285714,0.4523809523809524,0.3725369868227011,9.2,6.705221845696084,7,9,3,5,22
1000,0.4659522996062324,0.0649912823879865,0.5248018708967027,0.4555332440705526,0.3452220452683313,0.4887214970021021,0.5154828407934734,0.857026113088251,0.0402492723211072,0.811782004222304,0.8666270574793271,0.9261499508025576,0.8579242204331001,0.8226473325039666,0.8168970315398887,0.0257824681654209,0.7922902494331067,0.8192460317460317,0.8621572871572873,0.7912603930461073,0.8195311963169106,0.7716823492518619,0.0420856999241989,0.726732695576292,0.7984085742432319,0.8342437962511856,0.7742560525365553,0.7247706276520445,0.8036153171835629,0.0336616505676472,0.7623986902561055,0.8235563496273444,0.8560740956996385,0.8008876195600587,0.7751598307746673,0.4176526780098209,0.0566137018774229,0.3433939737511166,0.4230174587317445,0.5145116127258985,0.4225082457225315,0.3848320991178133,0.6403754668576377,0.0226553034962003,0.637180473123278,0.6509839934962136,0.6274326826844897,0.6767612397670746,0.6095189452171326,0.7661469190414777,0.0213205016415542,0.7382445850584949,0.7495118959639635,0.7853366197468642,0.7625717739862478,0.795069720451818,0.2864455782312925,0.0609696510397639,0.3384353741496598,0.2140306122448979,0.271938775510204,0.2338435374149659,0.3739795918367347,0.9176594752005696,0.0187481039077133,0.8821393762183236,0.9372419678622688,0.9224546026237757,0.9269208965637538,0.9195405327347252,0.783064332704972,0.0271620809017723,0.764967431249978,0.7683175918286308,0.7789077738303346,0.7666205886460807,0.8365082779698358,0.4210884353741496,0.0184624490542869,0.4191326530612244,0.4404761904761904,0.4392857142857143,0.4166666666666667,0.3898809523809524,0.6501627692154475,0.0237191171271527,0.6232809041227613,0.6492602356842586,0.6768337701048169,0.6769641935825348,0.6244747425828662,0.7640991096265963,0.0193831504181769,0.7872026159048942,0.7587474474858017,0.7302080513903173,0.7764860866166934,0.7678513467352752,0.3193197278911565,0.0931760086706361,0.3354591836734694,0.279421768707483,0.2226190476190476,0.2678571428571428,0.4912414965986395,0.9246770884335674,0.0404697456405711,0.9409038817413202,0.9420812865533364,0.932222853774578,0.9620459589671412,0.8461314611314613,0.8050913021319801,0.0230257303989692,0.8106306838507089,0.7769619770022947,0.8118280441466649,0.841809671877232,0.7842261337829998,0.4563224077509792,0.0989574015679871,0.5757936507936509,0.5035714285714286,0.294047619047619,0.3988095238095238,0.5093898165326738,12.0,5.019960159204453,9,10,22,10,9
