lags,train_mse_mean,train_mse_std,train_mse_fold_1,train_mse_fold_2,train_mse_fold_3,train_mse_fold_4,train_mse_fold_5,train_r2_mean,train_r2_std,train_r2_fold_1,train_r2_fold_2,train_r2_fold_3,train_r2_fold_4,train_r2_fold_5,train_corr_mean,train_corr_std,train_corr_fold_1,train_corr_fold_2,train_corr_fold_3,train_corr_fold_4,train_corr_fold_5,val_mse_mean,val_mse_std,val_mse_fold_1,val_mse_fold_2,val_mse_fold_3,val_mse_fold_4,val_mse_fold_5,val_r2_mean,val_r2_std,val_r2_fold_1,val_r2_fold_2,val_r2_fold_3,val_r2_fold_4,val_r2_fold_5,val_corr_mean,val_corr_std,val_corr_fold_1,val_corr_fold_2,val_corr_fold_3,val_corr_fold_4,val_corr_fold_5,test_mse_mean,test_mse_std,test_mse_fold_1,test_mse_fold_2,test_mse_fold_3,test_mse_fold_4,test_mse_fold_5,test_r2_mean,test_r2_std,test_r2_fold_1,test_r2_fold_2,test_r2_fold_3,test_r2_fold_4,test_r2_fold_5,test_corr_mean,test_corr_std,test_corr_fold_1,test_corr_fold_2,test_corr_fold_3,test_corr_fold_4,test_corr_fold_5,num_epochs_mean,num_epochs_std,num_epochs_fold_1,num_epochs_fold_2,num_epochs_fold_3,num_epochs_fold_4,num_epochs_fold_5
-2000,94.6214467531092,8.559261435285899,94.836555593154,91.96631929734174,105.56944714714498,80.2888344708611,100.44607725704418,-0.0192698128083173,0.0899153950171194,-0.0905049366109511,0.0301496712600483,-0.094795451444738,0.1353852089713601,-0.0765835562173058,0.2048738643527031,0.1177408431285654,0.1006552726030349,0.2555816173553467,0.124139554798603,0.4140401482582092,0.1299527287483215,866.4478393554688,161.36480538244248,1119.9258401435718,882.6081789250959,930.655114960252,753.5237662332099,645.5262965152139,-27.003363161756283,3.926113668426608,-32.27148849922314,-25.09711190273887,-26.56202006758305,-21.002978182675545,-30.083217156560796,0.0939820244908332,0.0173015640474915,0.08999764919281,0.0729972943663597,0.1044888943433761,0.080896720290184,0.1215295642614364,849.3982254831415,128.97406502459796,1034.101866604989,851.9182396604303,941.6885980974164,736.7355186060855,682.5469044467859,-23.668541637638157,5.892192924245194,-18.314441904687044,-25.45117382835923,-21.08589547977113,-34.36593007204826,-19.12526690332513,0.0876266092061996,0.0117096774639632,0.0825843214988708,0.092968501150608,0.0873920321464538,0.0698238238692283,0.1053643673658371,14.6,12.658593918757326,6,15,6,39,7
-1975,99.75365745544434,6.694749220646643,93.2548807480756,100.3359094731948,103.90856397292194,91.61475695441752,109.65417612861184,-0.072982950070325,0.06209095736305,-0.0860641907243167,-0.0716629385948181,-0.0554035025484421,0.021003789060256,-0.1727879075443043,0.1447142668068409,0.0673975806453343,0.1254902780055999,0.1482651978731155,0.1350280344486236,0.2620711028575897,0.0527167208492755,723.7012413694148,221.841268402297,984.1897433096902,668.3910688433731,936.8220868027,659.8903487356085,369.21295915570175,-21.80285084707695,4.699410511031925,-28.166820768724406,-18.87360083429437,-26.722783816488164,-18.682838025845975,-16.568210790031834,0.1039529711008071,0.0175597189970259,0.0939866378903389,0.1121593341231346,0.1031267344951629,0.0790638327598571,0.1314283162355423,703.3710218998424,202.7359584426353,904.3331823516312,651.566162109375,944.151805141516,627.6466246487802,389.1573352479098,-19.131538713605785,5.9926803648147775,-15.8243268309978,-19.204841442275463,-21.229920843191316,-28.74281226542958,-10.65579218613474,0.0901594147086143,0.0263559037902249,0.0562036707997322,0.1119927167892456,0.0827938988804817,0.0716249421238899,0.1281818449497223,9.2,5.5641710972974225,7,8,7,20,4
-1950,96.8416547461117,12.681491011168534,88.1350368275362,102.86295643974752,108.82680260153376,76.29908971225514,108.08438814948587,-0.0452670053874745,0.12370749072653,-0.0211709029534283,-0.103825115105685,-0.1233421451905194,0.1843220945666818,-0.1623189582544214,0.1922357335686683,0.1408056406500627,0.196931317448616,0.1170355454087257,0.1067388355731964,0.4625592231750488,0.0779137462377548,700.7939180072985,362.0937755215313,1268.6685020045231,951.205347964638,576.3828280264871,269.705521432977,438.0073906078673,-21.330684876860236,10.066037876067137,-36.54625171527528,-27.26842675292701,-16.149076445060864,-6.8080668449401855,-19.88160262609783,0.1008079215884208,0.0193442478175618,0.0662694871425628,0.1148025020956993,0.1089788377285003,0.0939763411879539,0.1200124397873878,682.551660691646,318.4692419569365,1156.8380373235334,928.2405117101836,585.7164804559005,275.39424160070587,466.5690323679071,-17.294961042989762,6.250892643855526,-20.52005928441098,-28.168306881921332,-12.734740934873882,-12.04997085897546,-13.001727254767166,0.0944708436727523,0.0247146920915799,0.0825797542929649,0.1133366301655769,0.0932156518101692,0.0559822246432304,0.1272399574518203,14.8,14.593149077563758,15,5,6,43,5
-1925,99.53105053172392,8.033106240905814,84.1016804190243,106.16139838274788,103.8288589701933,104.2337365991929,99.32957828746125,-0.0704086273557999,0.0584756944013789,0.0290181135430055,-0.1337800467715544,-0.0640929972424226,-0.1251938399146585,-0.0579943663933697,0.1519623026251793,0.0606709103787649,0.2675554156303406,0.1008608043193817,0.1470651626586914,0.1043896153569221,0.1399405151605606,943.5191380550988,146.6167982495197,976.1724703604716,1133.8789437277276,992.1993215460526,683.3725553813733,931.9723992598684,-30.008889895154716,7.317706329455355,-27.88902061027393,-32.661096154597764,-28.283461570739743,-19.368726767991717,-41.84214437217043,0.100932465493679,0.0191854053027784,0.0661598369479179,0.1047322005033493,0.0981513187289238,0.113369733095169,0.1222492381930351,924.5482425087378,156.1421091453876,886.3923404091283,1106.9016038325794,996.78988915159,645.22729974044,987.4300794099506,-25.870015674724915,6.327297005881856,-15.502443675409284,-33.82107416788737,-22.43703743449429,-29.33045746778187,-28.25906562805176,0.1040955975651741,0.0279631856752317,0.0602395609021186,0.1282364279031753,0.0831224992871284,0.1326837539672851,0.1161957457661628,9.6,5.3516352641038605,20,5,7,7,9
-1900,94.0726873150994,14.784210818829983,66.66988612904268,110.29491415584788,101.28941930883072,92.98434405607335,99.12487292570226,-0.0153198198009939,0.1307575971888241,0.2170728970976436,-0.1777135182829464,-0.0534398548743304,0.0084167901207419,-0.0709354130660786,0.2278655864298343,0.1507614357836763,0.5075516700744629,0.0593758709728717,0.1797606199979782,0.2332496345043182,0.1593901365995407,579.1165255630225,242.3052613270479,232.42723337809244,465.9259043911047,974.9558897854988,581.0185493335389,641.2550509268777,-18.344584736489413,9.008175698022326,-5.534671327524018,-12.927125479045667,-27.850522886242786,-16.228465168099653,-29.18213882153494,0.0876766398549079,0.0174627447429379,0.0542174875736236,0.1027141585946083,0.0899913311004638,0.0910385847091674,0.1004216372966766,581.7362042878804,244.12826544896208,237.7976467734889,462.41913537811814,975.2868914687842,552.7481577019943,680.4291901170162,-16.496630163778338,7.865621222874366,-2.7700865812468947,-13.412867667382224,-21.994990039290045,-25.085210593123183,-19.219995937849347,0.0783054463565349,0.0349602151681178,0.0158773623406887,0.1166635751724243,0.0765436962246894,0.0769782438874244,0.1054643541574478,17.8,15.66397139936102,48,4,9,17,11
-1875,94.07527863670798,14.938494788383052,97.91463160795324,74.72458126965691,117.35201330745922,81.39923394147088,98.98593305699966,-0.0174120966125937,0.1540150572067199,-0.1285243823247797,0.1956897619892569,-0.2126673891263849,0.1250617006245781,-0.0666201742256389,0.2262081049382686,0.1821583894520995,0.0848588868975639,0.477806031703949,0.0261512137949466,0.4099858105182647,0.1322385817766189,679.6972804019326,117.00530240977427,711.5202053136993,598.5491611413788,815.6436414216694,497.4254402026796,775.3479539302357,-21.655764537108578,7.150329904928505,-20.22219523212366,-16.597341432906035,-23.56297360805043,-13.607804231476363,-34.28850818098637,0.0800083961337804,0.0328507371651711,0.0970356091856956,0.0292948838323354,0.1087653487920761,0.0533615872263908,0.1115845516324043,678.268200094658,134.80826916228634,657.1858948824698,583.5149755645217,831.2429140325178,490.35755063776384,829.0396653560169,-18.645709239390857,4.419958892122036,-11.259369979824935,-17.027202434707107,-18.712345821815624,-22.589277919970066,-23.64035004063657,0.0766262374818325,0.0224351695244934,0.0736236423254013,0.0486768558621406,0.0835997909307479,0.0622489191591739,0.1149819791316986,21.0,18.601075237738275,6,47,3,40,9
-1850,100.23216075224036,4.794375902319712,96.9515027663287,109.74229200026568,97.47157242718863,98.2886022455552,98.70683432186352,-0.0851878540656145,0.0716631433800544,-0.1260265280218685,-0.2032643090276157,0.0008696363252751,-0.0467373164261088,-0.050780753177755,0.1318108864128589,0.0572550845536587,0.087209939956665,0.0609455294907093,0.2266275286674499,0.1515213549137115,0.1327500790357589,829.452539597896,276.06018310221384,771.5173007898163,382.2261079487048,1049.0159473084566,1182.8304882384184,761.6728537040844,-26.007660223308356,8.881360275755625,-21.881248474121097,-10.525698875126086,-30.0420895961293,-34.04354843340422,-33.545715737761114,0.1068994462490081,0.013068133080468,0.0996264889836311,0.1154575869441032,0.089010901749134,0.1035841777920723,0.1268180757761001,810.9587606865064,260.21098345026985,712.0058625873767,382.3585992110403,1037.458502518503,1117.1136977881715,805.8571413274396,-23.867768293514587,14.087500009656576,-12.201875460775277,-10.81366004860192,-23.325984908823383,-50.03404154275593,-22.963279506616423,0.1106745541095733,0.0194320043156671,0.1055566594004631,0.1298315376043319,0.0765426754951477,0.1287205070257187,0.1127213910222053,8.4,3.7202150475476543,6,4,15,9,8
-1825,97.23664755428538,7.609217845134341,94.12222778095918,109.37133719500372,90.54344884087058,102.59400680766386,89.55221714692958,-0.052252812385559,0.094452507808848,-0.0986922193976009,-0.1719279355862561,0.0765721391229068,-0.1072167964542613,0.0400007503874161,0.1800647050142288,0.1048191059434279,0.1088736355304718,0.0697228014469146,0.3274753391742706,0.1094342023134231,0.2848175466060638,717.8860185589708,180.03894825263296,1010.1560486910636,491.7114589758087,748.4754253186678,769.2524510433799,569.8347087659334,-22.19438799305966,5.087542630712115,-29.036632939388877,-13.73304308088202,-21.03857559906809,-21.87614711962248,-25.28754122633683,0.092289163917303,0.0285869985470273,0.0975781604647636,0.1165153607726097,0.0545409880578517,0.1281261891126632,0.064685121178627,697.9726012112802,150.26394786196914,932.3521439401728,486.29480944181745,751.2137354800576,720.9795698199356,599.0227473744175,-19.284350271810563,6.716357257963916,-16.481640382816916,-14.096902512667471,-16.579420512182672,-32.577754054153175,-16.68603389723259,0.0964225888252258,0.0340319458234817,0.061538279056549,0.1330833882093429,0.0583835169672966,0.1382760107517242,0.0908317491412162,13.0,8.648699324175862,7,4,24,7,23
-1800,106.26932481429156,7.10467484783179,94.91182033314423,109.03255008248722,116.92095121495863,104.94046974182127,105.54083269904642,-0.1471862530708313,0.0359449099012837,-0.1056097160367404,-0.1793692441547618,-0.1994757298161001,-0.1211770611650803,-0.1302995141814736,0.0783944442868232,0.0312473746824107,0.1124685108661651,0.0658571273088455,0.0235682800412178,0.096411183476448,0.0936671197414398,743.4274757786801,155.0087986545737,925.2309923673932,663.2442091557018,586.1295942339981,936.136150159334,606.3964329769736,-23.099467394644755,4.378852184883691,-26.46929312588876,-18.86922602067914,-16.73456857497232,-26.769322612829377,-26.654926638854175,0.1179198190569877,0.0136442007104461,0.1024671271443367,0.1033252924680709,0.1202522665262222,0.1250861436128616,0.1384682655334472,728.6419291713783,116.47805041086902,857.9737773694491,653.1073635168243,606.4358635617975,881.4407562791256,644.2518851296943,-21.20086988524387,9.58877667667277,-15.03155753696174,-19.52193053563436,-13.378819536744505,-39.87300120320237,-18.199040613676377,0.1001482263207435,0.0302908138407925,0.0627422407269477,0.1243243739008903,0.0633777230978012,0.1261195242404937,0.1241772696375846,5.0,1.2649110640673518,6,4,3,6,6
-1775,88.6091530160343,10.989789675037493,97.05240132948931,74.64975666719324,101.27087478637696,76.3221425224753,93.75058977463668,0.0440988483849693,0.1257221091982489,-0.1230178233455209,0.1993039821877199,-0.0361560800496269,0.1805298703558304,-0.0001657072235556,0.2842560037970543,0.1615119237424684,0.0834958925843238,0.4853162169456482,0.1586517840623855,0.4610870778560638,0.2327290475368499,704.272573049445,187.1447195651801,800.4799033717105,563.2531395627741,1024.0473686352111,512.4072297748767,621.1752239026522,-21.98068591251708,6.152391091371249,-22.870392280712466,-15.707943585881017,-29.41237797653466,-14.181693139829134,-27.731022579628124,0.0790060222148895,0.0320308017429071,0.120960921049118,0.0330111235380172,0.1082546785473823,0.0727615281939506,0.0600418597459793,695.9725956431605,184.2820153328041,740.0296973512884,542.9156130071271,1026.358919913309,511.8943079898232,658.6644399542557,-18.888514541324817,4.167980627602555,-12.847975563584711,-16.03811005751292,-23.162518831721524,-23.777896694969712,-18.616071558835213,0.059076477587223,0.0270810304780989,0.074772223830223,0.0168769024312496,0.0731641352176666,0.0391674451529979,0.0914016813039779,25.4,18.853116453255147,5,48,9,48,17
-1750,99.85362314112048,5.556730122173704,95.55893375172334,103.45639507069308,95.60309573902803,109.13223354115206,95.5174576030058,-0.0841662471434649,0.073009965599299,-0.1270170390605926,-0.1005180530688342,0.0177662179750554,-0.1869116306304931,-0.0241507309324601,0.1508841559290886,0.0609147279434762,0.1117545366287231,0.1185174435377121,0.2490346431732177,0.0828508213162422,0.1922633349895477,799.2627198336417,161.45218936707315,775.0807077508224,654.8010275322094,1049.7109449955456,612.0563349138226,904.6645839758088,-25.634332684466717,8.519821692956716,-22.177272587491753,-18.44640024084794,-30.058596226207,-17.33425616381461,-40.155138203972264,0.1091218203306198,0.0121367973431019,0.1084202900528907,0.1302392482757568,0.0989149808883667,0.1121959015727043,0.0958386808633804,786.7351309793037,185.70589930614284,717.0876700418037,635.5622526469983,1047.679727119312,571.9522576583059,961.3937474300986,-21.673715339208904,5.5144750542660805,-12.457730448036862,-18.619635222250956,-23.674255023922836,-26.083337141756427,-27.53361886007744,0.1078764587640762,0.0241764925831986,0.0906216502189636,0.1273348182439804,0.0688417851924896,0.1309923529624939,0.1215916872024536,8.6,4.17612260356422,6,6,15,4,12
-1725,98.3519362595502,8.721663589193435,94.60138938006232,94.7051929025089,108.7588118833654,85.88950062920065,107.80478650261374,-0.061785742184695,0.0834088784978801,-0.0948226809501648,-0.0207145312253166,-0.1110901832580566,0.0786916971206665,-0.1609930126106037,0.1705298975110054,0.0931874861029079,0.1224348843097686,0.2029953747987747,0.1076089069247245,0.3382735550403595,0.0813367664813995,808.3961654930783,224.02851132767495,871.4429567571271,1178.0767822265625,840.2004201788651,602.5771650347793,549.6835032680578,-24.725827556325676,5.480076036061322,-25.019715886366996,-33.912550031093126,-24.014428966923763,-16.686204538010713,-23.99623835923379,0.1161121368408203,0.0161814438138146,0.1080323383212089,0.1099224761128425,0.1154842302203178,0.1001702174544334,0.1469514220952987,789.6803362930029,203.50204343306584,805.8326416015625,1131.514204058731,847.7686114394874,578.4106713010553,584.875553064179,-22.071307723145736,7.368160672031952,-14.14595241713942,-34.21403457825644,-18.983776243109453,-26.557168138654607,-16.455607238568756,0.0925701431930065,0.034981174384513,0.1015161871910095,0.1114914789795875,0.0919663459062576,0.0274196751415729,0.1304570287466049,11.8,9.846826900072935,7,11,5,31,5
-1700,92.94416202320772,11.991977594473433,87.47720745311064,102.22099907818962,93.70185737609864,73.45448967428769,107.86625653435202,-0.0033167693194221,0.1238747660983474,-0.0137215067358577,-0.0940485796507667,0.0402226809193106,0.2055232633562649,-0.1545597044860615,0.2405882552266121,0.1440417834139761,0.2149038612842559,0.1345865577459335,0.2865064442157745,0.4909060299396515,0.0760383829474449,522.683432542232,141.9950837286896,685.6664155658923,381.68069056460735,682.7015809176261,353.58085016618696,509.7876254968476,-16.13248045068038,5.346387858971695,-19.280207968594738,-10.292275257277907,-19.13107769112838,-9.276261321285316,-22.68258001511557,0.1153109192848205,0.0181771223092065,0.0967758670449256,0.1314063072204589,0.1078455820679664,0.0985304564237594,0.1419963836669922,515.8916727701824,131.7297169357841,625.2017019171464,374.3096184981497,682.021982828776,353.5394437020285,544.3856169048108,-13.378393076177227,2.4923636628817767,-10.469793719157838,-10.242755638925653,-14.881187208911827,-15.962538922042178,-15.335689891848649,0.0917691566050052,0.0360458245407984,0.0823091939091682,0.1288730204105377,0.0760045796632766,0.0372947715222835,0.1343642175197601,19.2,14.783774890061062,16,8,22,46,4
-1675,104.42101867226992,4.3755169871645885,98.59402028252096,106.22581001730526,108.58139866099638,99.81341620052562,108.89044820000144,-0.1208966257992912,0.0345038786855384,-0.1448529786923352,-0.1291912920334759,-0.1068623812759623,-0.0620539724826812,-0.1615225045120014,0.1014725908637046,0.0258975418712896,0.0868784263730049,0.0950630456209182,0.1231970787048339,0.1373553276062011,0.064869076013565,845.9453938802084,135.4283741888902,753.0722399259869,823.2363752398575,844.5714561060855,1099.0022850705866,709.8446130585252,-26.355881516138716,4.2207036521763515,-21.433052389245283,-23.42535544278329,-24.097426414489743,-31.522452111829793,-31.301121222345454,0.129190020263195,0.0134022268894078,0.1182536035776138,0.1265523135662078,0.1178418770432472,0.1287632584571838,0.1545390486717224,826.9778702585321,114.60209751431454,699.3179471199973,798.296052631579,849.7372838070518,1033.6053509628564,753.9327167711759,-24.75858671539708,11.678409978972244,-12.1647338281598,-24.22958899799146,-19.17142895230076,-46.69915387086701,-21.52802792766638,0.1094812095165252,0.0259393023479492,0.0999654307961463,0.1433199495077133,0.0656324923038482,0.1164792105555534,0.1220089644193649,6.0,1.7888543819998317,5,5,7,9,4
-1650,105.06916181900922,3.3339411055326846,100.02968101501465,108.2439702426686,107.9229466606589,102.18015559701358,106.96905557969038,-0.1385018577295191,0.0248700327525535,-0.1666759228005128,-0.1595382052309372,-0.1028978389852187,-0.1159494757652282,-0.1474478458656984,0.0955002412199974,0.0162721391672156,0.0779046639800071,0.0798780247569084,0.1109871417284011,0.1180261820554733,0.0907051935791969,545.9534020139461,172.9740546256495,519.2089982952988,249.51929621110884,561.7086781284265,781.8505548845258,617.4794825503701,-17.177830514573216,7.084018533904779,-14.58790119489034,-6.354276673835621,-15.615744143201594,-22.1670570875469,-27.164173473391617,0.1348495334386825,0.0046420455356309,0.1301681101322174,0.1417942494153976,0.1304181516170501,0.1331397742033004,0.138727381825447,542.7644494307668,165.6521583015682,491.4904554935924,254.67017859743353,572.0477059347588,734.1524561831826,661.461450944867,-15.789408478402256,9.590522997437803,-8.221008304964032,-6.492258810160453,-12.499189117498563,-33.016416248522304,-18.718169910865917,0.1201177179813385,0.0262221267490842,0.0796717181801796,0.1432810872793197,0.0984300300478935,0.1438384652137756,0.135367289185524,5.0,1.095445115010332,4,4,5,7,5
-1625,97.28613983154295,2.69084271760361,95.1940548840691,96.36521947524128,99.82695806166706,101.01587196798886,94.02859476874856,-0.0448928344950956,0.0378952787866102,-0.097810630938586,-0.0284490697524126,-0.0199848844724542,-0.0804757041089675,0.0022561167969423,0.1732493236660957,0.0450958813148996,0.1009015366435051,0.184076726436615,0.2114969491958618,0.1456233412027359,0.2241480648517608,805.8234948944628,123.00741884015376,995.0044362921464,884.4803991485061,742.8072895250822,769.4838256835938,637.3415238229852,-24.99728913098051,3.238381972246683,-28.55268577107212,-25.266846196693287,-20.886264851218776,-21.765369314896432,-28.515279521021927,0.117210179567337,0.0226899077223795,0.1284137666225433,0.1278067380189895,0.1176841780543327,0.1383845508098602,0.0737616643309593,779.432081577234,88.85413358538648,918.6704288951138,845.2956468013294,736.8956561172217,717.2129473769874,679.0857286955181,-22.04199650998701,6.285622023583154,-16.322926630053605,-25.779620680892677,-16.40941151401453,-32.56298538258201,-19.135038342392235,0.101880370080471,0.0154499186619471,0.0969356149435043,0.1065224930644035,0.0743462890386581,0.116781860589981,0.1148155927658081,11.0,3.286335345030997,6,11,14,9,15
-1600,91.80758799384624,15.054250470917994,81.06802154989803,93.54258272507612,111.47875298892752,103.37045887217802,69.57812383315142,0.0044901565243216,0.134085999564608,0.0218387246131896,-0.0128550287555245,-0.1280406860744252,-0.1066542025874642,0.2481619754258324,0.2549339935183525,0.1602180258184748,0.3097712397575378,0.2321067750453949,0.0848938673734664,0.1161257103085517,0.5317723751068115,637.7638966878255,188.19418704363056,625.1978358218545,963.7243962873492,424.337925961143,688.1031761838678,487.456149184913,-19.40548143554152,5.097598801975256,-17.593651742265937,-27.499699885385077,-11.710711487552576,-19.432859203271697,-20.79048485923232,0.1146949365735054,0.0341781303623275,0.1018461808562278,0.1280818879604339,0.1496288627386093,0.1396607905626297,0.0542569607496261,616.8180938185308,167.6280256202223,577.1580467893366,923.0839404725192,442.36307244551807,643.0048983389871,498.48051104629246,-17.99408142608509,8.802096538569927,-9.677153200433963,-28.12304560343425,-9.466104444704555,-29.108951566512125,-13.595152315340544,0.1026726439595222,0.0218097215049781,0.088876187801361,0.0894046351313591,0.0792154669761657,0.1375636309385299,0.1183032989501953,19.8,16.166632302368974,24,15,4,7,49
-1575,87.97279268601362,10.577891723141729,73.51871218961828,87.71131908192353,103.13181284736184,79.9865270951215,95.5155922160429,0.0552754579572116,0.0837327229148112,0.1448075196322273,0.069794585424311,-0.0707194009247948,0.1394373963860904,-0.0069428107317756,0.3045406401157379,0.1089355832990863,0.4197367429733276,0.321966677904129,0.1577425450086593,0.4214257895946502,0.2018314450979232,637.7001641524465,309.672340083198,267.61364906712583,688.8555988512541,962.7562759131716,292.42159820021243,976.8536987304688,-20.841497982594007,13.510765721524974,-6.853867171103494,-19.336865082121733,-27.42276332252904,-7.523840209894013,-43.07015412732174,0.1091247007250785,0.0173737963931032,0.1117661222815513,0.1111598908901214,0.1389419287443161,0.0945372283458709,0.089218333363533,645.3000191671806,327.90066006993476,264.49817858244245,658.9386339689556,970.7926625034264,288.25670476545366,1044.013916015625,-17.44748342309082,8.99819344446024,-3.5246751005189463,-19.80570080405787,-21.982506860766495,-12.01358575569956,-29.910948594411213,0.0840842179954051,0.0334549884402554,0.073984570801258,0.0704843252897262,0.1064961776137352,0.0357071124017238,0.1337489038705825,23.0,11.713240371477058,35,23,8,37,12
-1550,99.68249713224525,9.055184203901028,97.24776837966022,87.01996020148782,115.05997258354635,101.44081912321202,97.64396537331974,-0.0731424777648028,0.0871831290981348,-0.1288205567528219,0.0742420129916247,-0.1863402534933651,-0.0706906974315643,-0.0541028941378873,0.1564091198146343,0.0923940068470804,0.1002364829182624,0.3241530954837799,0.053322110325098,0.1331021636724472,0.1712317466735839,777.7961887292695,190.09510778282043,795.7900679738898,774.3643059981497,427.5038875111362,970.989955969024,920.3327261941474,-24.947546726360656,9.331510374818649,-22.7017167660228,-21.957994628370855,-11.839751373257553,-27.74128792578714,-40.49698293836493,0.1230767369270324,0.012330320157147,0.1268958449363708,0.1140495017170906,0.124207928776741,0.1432054936885833,0.1070249155163765,762.5130473354407,186.81742599554192,739.4747469717996,733.9358049359238,443.91093284205385,908.134745279948,987.109006647478,-22.573968825423925,10.889199345300463,-13.060329165375023,-22.30003501657854,-9.44474710916218,-39.83420745949997,-28.230525376503927,0.0992898613214492,0.0351177501839142,0.1028941720724105,0.0551808625459671,0.0634085685014724,0.136297345161438,0.1386683583259582,9.6,7.08801805866774,5,23,3,7,10
-1525,99.37674473033232,5.316392858798562,96.25695587606992,98.39340187521542,103.03640040229348,107.25121769624596,91.9457478018368,-0.0778175479524275,0.0646276942912466,-0.1120358866803786,-0.05533567702069,-0.0617945068022784,-0.1772784587214974,0.0173567894627066,0.151404857635498,0.05937741822242,0.0997728556394577,0.1694179624319076,0.1636707484722137,0.0776431411504745,0.2465195804834365,1085.4826163308662,148.98168823081073,1195.8674434193397,1089.7792593972724,811.8577763072232,1240.0289156729714,1089.8796868575246,-34.555270129755925,8.177498338332953,-34.51035650152909,-31.282571842795925,-22.940927630976628,-35.80553172764025,-48.236962945837725,0.1252924919128418,0.0183077049342868,0.1263299435377121,0.1436682492494583,0.1312625557184219,0.1347291022539138,0.0904726088047027,1061.2447054678937,131.28762260285507,1107.870899936609,1047.3395867598683,814.4592568916187,1168.345532869038,1168.2082508823328,-31.131911910625927,11.899467180863413,-20.15095831427658,-32.22859900039539,-18.2688156889196,-51.506205240885414,-33.504981308652646,0.1239332363009452,0.0223837303716172,0.1055216863751411,0.147139236330986,0.0932236835360527,0.1500964760780334,0.123685099184513,8.6,4.454211490264017,6,8,8,4,17
-1500,97.004313361224,7.628070712654392,82.81606867173139,102.18726504830754,102.68182714125687,95.1328940447639,102.20351190006032,-0.0413189230245702,0.0468682696348253,0.0380769694552702,-0.0945137290393604,-0.0392922808142269,-0.0285323342856238,-0.08233324043891,0.1803750202059745,0.0587184818090422,0.2806834578514099,0.1269825845956802,0.1655589491128921,0.2067045718431472,0.1219455376267433,976.0319937722724,110.2998357502272,804.5382979543585,1105.262396561472,904.1829973187364,994.0586719178316,1072.1176051089635,-31.198902880518062,8.436792656444181,-23.007835128851102,-31.845058566645573,-25.727843301338066,-28.386320273081463,-47.0274571326741,0.1359448343515396,0.0106489379527256,0.1204279363155365,0.1497810333967209,0.1404351592063903,0.1271011084318161,0.1419789344072342,957.6122115285772,140.16577647694746,739.1408873440927,1067.2330664919134,904.7244605348822,932.158621804756,1144.8040214672424,-28.05885939681739,10.020123319451454,-12.97158928921348,-33.05400571488497,-20.373644523453297,-40.96982521341558,-32.92523224311962,0.1125176399946212,0.0265874744786973,0.1009471490979194,0.1461459398269653,0.0766642093658447,0.0983310714364051,0.1404998302459716,10.6,5.642694391866353,21,6,8,12,6
-1475,93.4816694910386,9.998772361306132,99.39356898139503,95.05576750811407,97.82292837255142,73.89945728077608,101.23662531235638,-0.0127851252696093,0.122931465830697,-0.165743159195956,-0.010876086880179,0.0026771541904,0.20117587797782,-0.0911594124401316,0.234648922085762,0.1346934659606865,0.092687651515007,0.2211502939462661,0.2255203425884246,0.4853896200656891,0.1484967023134231,747.5044991476494,340.80339168826356,332.5610043709738,931.7090882418448,1248.7915520918996,403.97761642723754,820.4832346062911,-23.59742200416431,11.711378981242936,-8.839942212690387,-26.62110635690522,-35.83167440012882,-10.916305562906098,-35.778081488191035,0.1347988948225975,0.0164198334291153,0.1431376785039901,0.1478099972009658,0.1489340215921402,0.1052277013659477,0.1288850754499435,746.0946782162315,344.1291410070718,321.1560023793003,891.5160865114447,1241.722171181127,391.6601450066817,884.4189860026041,-20.473181724966615,8.78569616745307,-4.775609654292726,-27.128004492374888,-28.199859359808137,-16.967428349612053,-25.29500676874529,0.1002568818628788,0.0431876773762343,0.1402932107448578,0.1110018268227577,0.08082927018404,0.0265345610678195,0.1426255404949188,16.8,15.328405005087776,5,12,12,47,8
-1450,96.12630759295295,7.88756925568592,87.2173667234533,103.16819538789638,85.842064891142,101.07975001615635,103.32416094611672,-0.0332032808836768,0.086660863820667,-0.0109200565253987,-0.093475750614615,0.1267055294092963,-0.0797028397812562,-0.1086232869064106,0.1935337334871292,0.1070349134948221,0.2159311175346374,0.1108502745628357,0.393021285533905,0.1391046345233917,0.1087613552808761,933.8990884345874,192.91506584894344,958.9760024756716,958.3618731582374,591.7948089064213,968.3299624794408,1192.032795153166,-30.320962570424665,11.70293048584601,-27.49468435320938,-27.607412831825123,-16.59960879359329,-27.79281997680664,-52.1102868966889,0.1294844970107078,0.0168011738997565,0.1314097046852111,0.1516219824552536,0.1186785325407981,0.1417371183633804,0.1039751470088958,918.9735726339776,214.2466371202572,883.7923573276453,930.4174279999314,600.7573231479578,905.0021265933387,1274.8986281010143,-26.818606449846634,10.78544571475527,-15.688872410539997,-28.723003776449907,-13.118133285589384,-39.62912839337399,-36.9338943832799,0.1270500838756561,0.0323619067504487,0.1244546622037887,0.1646654903888702,0.0677257627248764,0.1394078731536865,0.1389966309070587,12.8,10.870142593360956,12,5,34,7,6
-1425,92.5664061243394,5.518379184475222,82.02645005618825,97.71874658921186,96.11683291266948,93.89249052159929,93.0775105420281,0.0080794541976031,0.0273894383978043,0.0462811571710249,-0.038459453162025,0.0154395310317768,0.002609052026973,0.0145269839202656,0.2385808438062668,0.0365768540182398,0.2914735376834869,0.1799478828907013,0.2565362155437469,0.2271408289670944,0.2378057539463043,891.9529697351287,64.3379449107863,988.3080572831004,949.2183002672696,853.9833266944216,832.7151157312226,835.5400486996299,-28.02880987284476,4.6553272968786,-28.33699715764899,-27.194932042506704,-24.220134877322018,-23.72796891028421,-36.6640163764619,0.1300016969442367,0.020811775331834,0.115416407585144,0.1444690376520156,0.1571250557899475,0.1344334930181503,0.0985644906759262,867.6317192211485,54.49441006246806,912.8572109289336,911.597865054482,851.1689056931881,768.2035640248081,894.3310504043311,-24.52842049807833,6.394330017955181,-16.129597908572148,-27.83887904150444,-19.017798729110183,-34.0941601636117,-25.56166664759318,0.1100341200828552,0.0200905663491246,0.1145199537277221,0.1472369879484176,0.0936247259378433,0.0938456431031227,0.1009432896971702,14.2,4.445222154178573,22,9,14,11,15
-1400,102.0014115816004,3.797161724436743,105.8382391761331,96.26177940368652,106.1013930825626,99.2897637984332,102.51588244718664,-0.1042857048090766,0.0831855469482627,-0.2629336521906011,-0.0237789935925427,-0.0729247794431798,-0.0600272964028751,-0.1017638024161843,0.1425108231604099,0.0503487400687544,0.0591382347047328,0.2114575803279876,0.1639432311058044,0.15460304915905,0.1234120205044746,725.1882644385622,141.86309631067874,534.4310934501782,747.7018871641995,784.3666660241913,944.4643394068668,614.9773361473752,-22.48380559954727,4.340358620730943,-15.119296709696451,-21.294565460138152,-22.28073811112789,-27.146051239549067,-26.578376477224783,0.1431488126516342,0.0120677178870766,0.1307308375835418,0.1530578583478927,0.1614817976951599,0.1379251927137375,0.132548376917839,713.0647850705866,125.10527448468434,508.53798903080457,718.4868271141721,793.4154111627947,879.4197559022067,665.463942142955,-21.054403243566817,9.701395847501264,-8.69288474844213,-21.72242159592478,-17.708621330428542,-38.39870100690607,-18.749387536132545,0.1414170891046524,0.0225462268189435,0.1554413437843322,0.1430499106645584,0.0978234261274337,0.1503019779920578,0.1604687869548797,6.8,2.9933259094191533,3,12,7,7,5
-1375,96.44662016027114,5.620976190428726,96.14856282402488,100.7001090330236,88.966353225708,91.978900011848,104.4391757067512,-0.0408555797969593,0.0817017062120414,-0.1095973011325387,-0.0775864117285784,0.0885503106257494,0.0188331036006703,-0.1244776003500994,0.1992142185568809,0.0923283088116447,0.1228178516030311,0.1352401077747345,0.354098230600357,0.2575284540653229,0.1263864487409591,846.3885711134526,263.6120313355235,1294.8748875668175,893.0678807308799,841.8947925233005,709.9974873860677,492.10780736019734,-25.762831998289677,6.23101015836321,-37.526589619485954,-25.86377099522373,-24.170516156313713,-20.160335503126447,-21.092947717298543,0.1427359715104103,0.0121162200243388,0.1402447074651718,0.1583677381277084,0.1378166675567627,0.1240400746464729,0.1532106697559356,823.6005063776386,230.9331507305465,1208.5042681777686,866.7559525339227,859.1708138449151,654.6184296189693,528.9530677126165,-22.173730787896275,4.916094424824939,-21.862684684887267,-26.491632900739972,-19.28763895704035,-28.43761830790001,-14.789079088913766,0.1383358493447303,0.0286179262759371,0.1602538079023361,0.1670974344015121,0.1172095388174057,0.0927024260163307,0.1544160395860672,10.8,7.413501197140255,5,6,24,14,5
-1350,97.56804004893584,8.793731822155856,83.96365307078642,104.607561044132,109.30937780492448,94.36439633088952,95.59521199394676,-0.0464284518887014,0.0628633993528721,0.0303783826968249,-0.1183752996080061,-0.124073637934292,-0.0083360538763158,-0.0117356507217182,0.1937737107276916,0.0578806707457957,0.267706036567688,0.1348619908094406,0.1193243116140365,0.2393890023231506,0.2075872123241424,796.8942941766037,225.1920918719855,1087.330496804756,403.3830502158717,779.5741876970258,798.7582483124314,915.4254878529332,-25.566811093949433,9.674236441263664,-31.352521009612506,-11.149098868955646,-22.448473185823676,-22.84401313882125,-40.0399492665341,0.1381675079464912,0.0192549811815096,0.1283230781555175,0.1622749865055084,0.1599945276975631,0.1250226199626922,0.1152223274111747,784.3776406806812,220.61944326828,1002.2121742650082,396.7379792865954,792.9496331465872,737.3682673939487,992.6201493112663,-21.591135979535288,7.844092482979891,-17.775552887665597,-11.264950154120465,-17.7037036837193,-32.705970898009184,-28.50550227416189,0.1319293037056922,0.0319464722633992,0.1438208222389221,0.1861605942249298,0.1000898703932762,0.1003131568431854,0.1292620748281479,10.2,4.791659420284375,17,5,5,14,10
-1325,91.46960404339958,9.740980769774287,78.20573005676269,85.4592264287612,94.20176892000086,92.05645915760714,107.42483565386604,0.0156831773589639,0.089057618303905,0.0921540060464073,0.0875316500663757,0.0334415951195885,0.0179087312782512,-0.1526200957158032,0.2715780422091484,0.0901108783343093,0.35317462682724,0.3506978154182434,0.2820356786251068,0.2663722634315491,0.1056098267436027,770.5235002484239,210.5784520747107,1086.2870783220258,744.4784417403372,841.0832712273849,750.7784563031113,429.99025364925984,-23.33510960570553,4.381881301392827,-31.307739383295964,-21.438500998312968,-24.10020443431118,-21.473183180156507,-18.355920032451028,0.1429634109139442,0.0236431540136406,0.1360156536102295,0.1264576911926269,0.1545908153057098,0.1151929274201393,0.1825599670410156,747.3524922688802,181.46288864807897,1010.8459044339364,717.7697539747807,851.0120110762747,693.9317530581826,463.2030388012267,-20.35649145067784,5.664388048785558,-17.957107249059174,-21.772305283630104,-19.09476414061429,-30.09750004818565,-12.860780531899971,0.1204953283071517,0.0195593334672882,0.1243107840418815,0.0939419046044349,0.1198112070560455,0.1107770651578903,0.1536356806755066,18.4,9.58331884056875,28,30,16,14,4
-1300,98.32625381918515,5.757598363227626,89.08642883300782,102.19619252821978,106.20166049284092,96.72848878748276,97.41849845437444,-0.0593951979805441,0.0237603164566169,-0.0398214413839228,-0.0948036379673901,-0.0803193211555481,-0.0349970838602851,-0.0470345055355745,0.1755603194236755,0.0188025755163365,0.1795731335878372,0.1474978327751159,0.161174014210701,0.1978156119585037,0.1917410045862198,948.1760390967652,153.58816816858348,1224.0318068119518,950.8690571032072,780.7749558833607,954.4202334755346,830.7841422097724,-29.69348474050823,5.186292915009024,-35.319935530946964,-27.487669208593537,-22.354571007845696,-27.38475024072747,-35.920497714427476,0.1610051393508911,0.0099350948106149,0.1468265354633331,0.1632978171110153,0.170647919178009,0.1523353308439254,0.1719180941581726,922.60328594007,114.74114891749664,1132.7071083470394,920.2041454649808,783.9086726673862,882.5803865131579,893.6161167077851,-25.97944443100377,7.305995274429144,-20.307580801478604,-27.974196467483253,-17.455581330416496,-38.547181121090006,-25.612682434550504,0.1539724022150039,0.0253499085984841,0.1556701958179474,0.2002929002046585,0.1302161514759063,0.1316940784454345,0.151988685131073,7.2,0.9797958971132712,8,6,6,8,8
-1275,92.85046203164492,4.533052273974524,89.01316721299115,98.62890849393956,86.23843273836023,95.19133987426758,95.18046183866612,0.0042335491320666,0.0608537016453464,-0.0306015410844017,-0.0461383931777056,0.1233462253037621,-0.0116185963153839,-0.0138199490659377,0.2406615138053894,0.0795153776837342,0.1957511156797409,0.1662289798259735,0.3938233554363251,0.2273521572351455,0.2201519608497619,669.1236500254848,235.9755939513168,942.3261258309348,832.0678967927631,256.5924809773763,599.1300857276248,715.5016607987253,-21.13284891111809,8.581703228683093,-27.274763324804475,-23.95218539656254,-6.639714908181575,-16.92725612406145,-30.8703248019804,0.1488924920558929,0.0095985154429903,0.1545478701591491,0.1623613685369491,0.1439463645219802,0.1339839100837707,0.1496229469776153,655.3067416542455,218.59496779699683,873.1761603104441,798.5767972176535,275.1886005066989,550.2196569610061,779.3724932754249,-17.67558982874218,6.865190359421102,-15.17788663245084,-21.833245323415387,-5.298239494624891,-23.900158716921226,-22.16841897629855,0.1493915304541588,0.0295460997377153,0.1772182732820511,0.1902825832366943,0.1148616522550582,0.1238792911171913,0.1407158523797989,12.6,7.812809993849844,8,7,28,11,9
-1250,92.6279056706148,4.785280301550868,85.88294014650232,88.92078428829417,99.64923474928912,94.1520814334645,94.5344877355239,-0.0022992426507613,0.0281900708575417,-0.00422284042134,0.0521896986400379,-0.0256760246613446,-0.0131388247013092,-0.0206482221098507,0.2400927066802978,0.0351658468871756,0.2424510419368744,0.3063189089298248,0.2050298154354095,0.2228545993566513,0.2238091677427292,929.018112878632,147.34635130039658,942.5656641909952,690.1912167197779,1008.831353438528,1132.86669921875,870.6356308251096,-29.3016551310556,5.9071416716764045,-27.32752273793806,-19.7704046818248,-29.16421922047933,-32.68040438702232,-37.56572462801348,0.1503173172473907,0.0110487141312362,0.1531489789485931,0.1447993516921997,0.1704049259424209,0.1387020945549011,0.1445312350988388,911.6250732421876,135.58812583909784,875.0914445843613,668.9900255705181,1021.7478423536868,1047.6210455643504,944.6750081380208,-25.840452071240076,10.616917096453314,-15.285093006334806,-18.259051833236427,-23.11469083083303,-45.48174091389305,-27.061683771903056,0.1485390394926071,0.0160175979381589,0.1739794164896011,0.1268373131752014,0.1565977931022644,0.14652019739151,0.1387604773044586,11.0,3.7416573867739418,11,18,7,9,10
-1225,96.20838139029112,3.842522718844755,92.87265382654526,92.04983624851002,94.54981260860669,100.16584167480468,101.40376259298884,-0.0388584202878615,0.0536381341113263,-0.0859602700261508,0.0184174211586222,0.0334399079575258,-0.0687312434701358,-0.0914579170591691,0.2099963963031768,0.0534973798128194,0.1529309898614883,0.2532521188259125,0.2913134098052978,0.1883103251457214,0.1641751378774643,891.2487612004867,200.7384864049061,1028.795813844915,1108.1918591951069,1022.7161426209568,656.4908923768161,640.0490979646381,-27.540667625477436,4.676172828637757,-29.866548839368317,-32.18163081219322,-29.553946436497203,-18.69112778964795,-27.4100842496805,0.1645877450704574,0.0080327663641062,0.1630540788173675,0.1595107614994049,0.1640259176492691,0.1565881967544555,0.1797597706317901,870.7042370177153,185.6147534428902,958.8308672988624,1060.6942931058113,1033.633325409471,602.2486700760691,698.1140291983621,-23.169884986208196,4.4506906098350205,-16.87499605563649,-29.356701512085763,-23.476826868559183,-26.31289695438586,-19.82800354037369,0.157310451567173,0.0190228877382871,0.1750465482473373,0.177920714020729,0.1248670741915702,0.1544031947851181,0.1543147265911102,8.6,3.0724582991474434,6,10,14,7,6
-1200,95.69769368339988,6.294675725712194,87.03604316711426,105.3931084801169,96.31905111425064,91.1732655244715,98.56700013104609,-0.0318833394611583,0.0573745569653256,-0.016245503986583,-0.1321222354384029,0.0190022987477919,0.0237629508270936,-0.0538142074556911,0.2150276020169258,0.0540036377577129,0.2374206781387329,0.1235979869961738,0.2456406205892563,0.2792160212993622,0.1892627030611038,755.0986577619586,174.35703595701364,700.6912997061746,828.3316104286596,1057.7703022203948,580.4164053933662,608.2836710611979,-23.44662125528904,4.865748754142809,-20.123114485489698,-23.990854623024923,-30.577592473281054,-16.43774637841342,-26.103798316236126,0.1608247771859169,0.0185000747163096,0.1687210947275161,0.1691959500312805,0.1751629710197448,0.124251089990139,0.1667927801609039,741.9256134568599,178.67450145484042,649.4963935718201,808.2364898146244,1052.7975645901863,530.6324987578811,668.4651205497876,-19.778834670468378,4.676477585709533,-11.036425011199816,-22.23356154508758,-23.803612633755332,-22.926793416341145,-18.893780745958026,0.1584836199879646,0.0307887499675478,0.1720818877220153,0.2098489850759506,0.1375334560871124,0.1205250844359397,0.1524286866188049,9.6,3.720215047547655,13,4,10,14,7
-1175,97.1106114914838,7.563075658526155,90.8444310580983,99.76076745425954,93.53688457713407,90.67816359576057,110.73281077216652,-0.0530935879314647,0.0886967094077815,-0.0773691622649922,-0.0586779184201184,0.0455234474995557,0.0279097167884602,-0.2028540232602287,0.2044853746891021,0.0725766484172127,0.1935394406318664,0.1682267934083938,0.2923822999000549,0.2745508551597595,0.0937274843454361,694.3472825435169,135.6948125149847,854.4288833350466,604.1118437114515,838.9664542214912,671.9216404965049,502.3075909530907,-21.34255748673489,2.8619427060509075,-24.696413910179807,-17.150291292290937,-24.04848506157858,-19.171002944310505,-21.646594225314622,0.1613866209983825,0.0100071300738793,0.1694734096527099,0.1688903570175171,0.1640006601810455,0.1421237587928772,0.162444919347763,673.0360385827851,117.81801059969916,792.86653003358,585.4043182908443,834.7101429721765,610.9915129009046,541.20768871642,-17.93064550767865,4.624105893053003,-13.716820173096238,-15.321962358658771,-18.80801026444686,-26.556008228084497,-15.250426514106884,0.169167822599411,0.0256644411001359,0.1882915645837783,0.2096085995435714,0.1445117890834808,0.1455930173397064,0.1578341424465179,8.6,3.97994974842648,8,6,14,12,3
-1150,94.7935666476979,13.30165522616828,69.67547315709731,97.94284183277804,109.48933666453642,97.5876740623923,99.27250752168544,-0.0172332150094649,0.1068478507561361,0.1903958832516389,-0.0437373319092918,-0.1148609091253841,-0.047735964901307,-0.0702277523629805,0.2366006985306739,0.1211609860503717,0.4720651507377624,0.200974628329277,0.1238010749220848,0.2024506777524948,0.1837119609117508,727.2886266875686,117.19760996918151,536.557203861705,704.6008755867941,701.4633398223342,811.5747016772889,882.2470124897204,-23.25127034020006,7.662763065452072,-15.163573687536674,-20.225725734442996,-19.956541554969657,-23.231167408457974,-37.67934331559298,0.1658863514661789,0.0116935195532819,0.1485590785741806,0.1682905405759811,0.1839135438203811,0.1594414412975311,0.1692271530628204,722.1235925507127,141.0500171051138,517.3548642877947,680.8411950897752,711.0279621325041,744.2645317211486,957.129409522341,-20.35698884871968,8.332452200136899,-8.52421834803464,-18.17554099099678,-15.828092771664,-31.858028035414847,-27.399064097488136,0.1697855144739151,0.0202631912381571,0.1700516492128372,0.207226887345314,0.1560735702514648,0.1671457886695861,0.1484296768903732,13.6,14.759403781996072,43,8,4,7,6
-1125,97.43477947010716,5.136380414201681,88.19322090148925,103.31118076548856,100.5421276990105,96.49488184311812,98.63248614142924,-0.051861748414881,0.0335467860872426,-0.0291743180331061,-0.113106644854826,-0.026035463809967,-0.027985604019726,-0.0630067113567801,0.1965892612934112,0.0269185425862034,0.2180194854736328,0.1479401290416717,0.2102338075637817,0.2194814383983612,0.1872714459896087,862.0872414036801,124.57171980753272,860.0419183028372,759.491669236568,923.5819081088952,707.0985541092722,1060.2221572608278,-27.81186227798462,9.150648014677191,-24.890528319174784,-21.870509875448125,-26.59737479895876,-20.15028701748764,-45.55061137885378,0.165979716181755,0.0092187263658025,0.1578797399997711,0.1688502579927444,0.178419753909111,0.1531460881233215,0.1716027408838272,849.4566443727729,174.90222662346272,798.1863328364857,734.7757193582099,919.78287439179,644.6273701985677,1149.9109250788104,-23.097482071006507,6.768597555667917,-13.757247155172784,-19.686817311404045,-20.8581308732953,-28.059976705333643,-33.12523830982677,0.1770558983087539,0.03407429920472,0.1991545408964157,0.2332241386175155,0.1482468992471695,0.1449422240257263,0.1597116887569427,7.2,1.7204650534085253,10,5,8,7,6
-1100,91.6951581618365,11.433393152336734,84.31460147184484,73.41639590543859,102.8919069402358,103.11431126314052,94.7385752285228,0.0046823563996483,0.1096124063970358,0.02266906079124,0.2055532041717978,-0.0597344272276934,-0.1133196515195509,-0.0317564042175517,0.2756519734859466,0.1143509002856656,0.2684392929077148,0.4911719262599945,0.2125788331031799,0.1563708335161209,0.249698981642723,598.5850978918244,221.699408518655,998.0087655050712,632.8615481728002,573.1212656121505,371.4218016507333,417.51210851836623,-18.267015668802095,6.150812271340328,-29.124501261794776,-18.07880248939782,-16.10751566134001,-10.115304675018578,-17.908954256459285,0.1493724346160888,0.0236469983115587,0.1649017184972763,0.1235907077789306,0.1797989606857299,0.1587889343500137,0.1197818517684936,587.7578840289199,199.3067035505693,932.2493114806058,628.4079209712513,579.4939548425507,339.3090734649123,459.3291593852796,-14.601562408815347,1.7574065271349175,-16.417269564511482,-16.877589054274978,-12.713349045368664,-14.197010149035538,-12.802594230886092,0.1534386843442917,0.0284888506316908,0.1974352151155471,0.1085394620895385,0.1559697687625885,0.1596496552228927,0.1455993205308914,15.4,14.051334456200236,13,43,7,5,9
-1075,92.48548377093148,7.025604699667898,86.73868080587948,95.40260362064136,81.98127095839557,97.416719010297,100.88814445944394,-0.0003696672355427,0.0862305532759361,-0.0031321504536797,-0.0215569387463962,0.1614063666147344,-0.0463428518351386,-0.0922227617572335,0.2540408819913864,0.0952241761485873,0.238742396235466,0.2119331210851669,0.4385400116443634,0.2151407599449157,0.1658481210470199,801.3300980417351,271.9212160880505,1049.4833374023438,1127.7523022032622,587.9421724018298,833.8227474814967,407.6499307197437,-24.23799790081225,6.720189389475428,-30.604913795203498,-32.959199378364964,-16.682667046262505,-23.917855739593502,-17.025353544636776,0.1654036968946456,0.0129173012504946,0.172097772359848,0.1656143367290496,0.1457878947257995,0.1590340137481689,0.1844844669103622,777.1073287160773,235.80456526264817,981.5681762695312,1091.5189476682428,608.4228322882401,756.2692903217517,447.7573970326206,-21.184319975501616,8.35227504227336,-17.619348341958563,-29.826692384586,-13.679534347433792,-32.45124477670904,-12.344780026820668,0.1830994248390197,0.0263186956307943,0.2196105420589447,0.2095184624195099,0.1694527268409729,0.1544777750968933,0.162437617778778,12.0,8.717797887081348,11,8,29,7,5
-1050,91.95969409718232,2.8856530794560507,91.1869223650764,95.6376101101146,92.00013342464672,93.89063989975872,87.0831646863152,0.0112244782027076,0.0496251902889717,-0.0602716957821565,-0.0168269318692824,0.0614586300709668,-0.0006929478224586,0.0724553364164689,0.2656415492296219,0.0534836390854139,0.1948863416910171,0.2256854474544525,0.3234434127807617,0.2536323368549347,0.3305602073669433,763.6190202679551,107.70865411308633,623.0895840828879,810.7650328519052,830.9786269873904,651.8139311137952,901.4479263037966,-24.483667233952307,7.409333673673097,-17.814227087455883,-23.509633055904455,-24.01410289396319,-18.64246551195781,-38.43790762048019,0.1510810911655426,0.0178762087533935,0.1799265444278717,0.1602771431207656,0.1489253491163253,0.1290993094444275,0.1371771097183227,755.7093781052974,152.58178772508373,584.4422757332785,785.4397379557291,838.1559940806607,588.2183671917832,982.2905155650355,-20.87422141945153,6.300957313438465,-10.024641306776749,-21.17565603423537,-19.22872657106634,-25.619010132655763,-28.32307305252343,0.1696137487888336,0.0403167908389584,0.209499791264534,0.2207338809967041,0.166804701089859,0.1291065961122512,0.1219237744808197,11.8,3.9698866482558417,7,9,16,10,17
-1025,94.40761720096364,5.508940733262293,93.45519727819106,97.03923018960393,103.53937449735754,87.98176606122185,90.02251797844382,-0.0180654604995951,0.0578975882932352,-0.0921493814272039,-0.0317363966913784,-0.0639570551760056,0.0536875886075636,0.0438279421890483,0.23517687022686,0.059417823734206,0.1660746335983276,0.2066077291965484,0.192392811179161,0.3189458847045898,0.2918632924556732,721.1365484940378,58.29584567808218,777.3746102316338,788.9120440566749,670.0082242196066,640.1655332331072,729.2223307291666,-22.77664255677608,4.637897259641006,-22.425162708550168,-22.793972542411403,-19.086027049181755,-18.2427818315071,-31.335268652229978,0.1677664577960968,0.0186955222664876,0.1853000521659851,0.1682797968387603,0.177275538444519,0.1319676339626312,0.1760092675685882,710.0592823764734,75.5152926798368,725.2910199081689,762.2804983038651,679.8670086777001,582.0032064872876,800.8546785053454,-19.20288745018474,4.5558644694440105,-12.692759076754252,-20.29245330576311,-15.316505097506338,-24.80425252830773,-22.90846724259226,0.1806241035461425,0.0393173134950559,0.2087527066469192,0.2386765778064727,0.1788804233074188,0.1382180750370025,0.1385927349328994,8.6,3.878143885933063,5,7,5,15,11
-1000,86.22748646455652,11.196526945175092,82.51205101013184,91.43890416762407,101.9333470064051,87.40465256186093,67.84847757676069,0.0666991212087519,0.1021233297547847,0.0422306155457216,0.0261428254492142,-0.0551494721104117,0.0663423247197095,0.2539293124395258,0.3290213406085968,0.1165046288793671,0.296177476644516,0.2675322592258453,0.2043711543083191,0.3301326930522918,0.5468931198120117,685.7097179747464,112.13926504873682,708.1408600388912,778.0677147580866,530.0929436934622,826.1087218167489,586.1383495665433,-21.138375624857453,3.3302571596556874,-20.47605846639265,-22.522000212418405,-14.958303376248008,-23.80597998803122,-23.929536081196968,0.1466093808412552,0.0312418099031566,0.1694841086864471,0.1564196050167083,0.1809588074684143,0.1335136592388153,0.0926707237958908,667.7052056563527,81.08753818561915,667.3191228498492,752.714171292489,534.182083932977,749.7106473153098,634.600002891139,-18.69267415456605,7.398157937809945,-11.666336848024736,-20.13881012849641,-11.817669207589669,-31.89778417035153,-17.94277041836789,0.1718534305691719,0.0467359392044445,0.2198519259691238,0.208396166563034,0.1879816949367523,0.1527814269065857,0.0902559384703636,19.8,15.118200951171406,17,11,6,16,49
-975,94.15183478411508,3.696502982437711,88.10507119122674,91.81047663969152,97.19924403919892,97.98989293715532,95.6544891133028,-0.0170998254944296,0.0268261987167177,-0.0269028502352097,0.0192981369355145,0.0031744164579054,-0.0588088351137497,-0.0222599955166087,0.2393138915300369,0.0208233695390138,0.2180454730987548,0.2673417925834656,0.2585494220256805,0.215774118900299,0.2368586510419845,777.2542112116229,134.22478504286104,924.1828977350604,838.0249098392956,885.3583427563049,579.0541028474506,659.6508028800027,-24.282518684236628,4.074907224121052,-26.85121705239279,-24.37559335273609,-25.593444447768363,-16.516559609195642,-28.07577895909025,0.1651988506317138,0.0120764190306842,0.1837095469236374,0.1498720198869705,0.1627465188503265,0.1563078165054321,0.1733583509922027,766.2801946271929,134.4026062593211,868.0244601065652,815.9040345309073,898.8768428334018,525.2876667223478,723.3079689427426,-20.31747793816684,2.468095292566377,-15.544641666245042,-21.929136431008057,-20.84202932056628,-22.450962639691536,-20.82061963332327,0.1920668870210647,0.0299036130210436,0.2249864339828491,0.2047551274299621,0.2169204503297805,0.1647842228412628,0.1488882005214691,8.6,2.1540659228538015,7,12,10,6,8
-950,98.54889872831455,5.953675603695777,94.83132867252124,98.9677183487836,105.6523552165312,103.91079173368566,89.38229967005113,-0.0681035526359782,0.0560434398889942,-0.0991305614218992,-0.0689571917057037,-0.0856639181866365,-0.1246552996775683,0.0378892078119165,0.2019195586442947,0.0539428310254768,0.1685171127319336,0.1988953202962875,0.1849789321422577,0.1520746052265167,0.3051318228244781,725.1124216180099,69.20880227836068,617.0424708316201,700.1263663308662,759.2119344075521,827.4437844795093,721.7375520405017,-22.842038793731156,4.392167534505094,-17.5949450835847,-20.198268882015295,-21.843661308288578,-24.013426605023835,-30.559892089743364,0.1731116414070129,0.0105349904215012,0.1889417022466659,0.1644546389579773,0.1826139539480209,0.1649578809738159,0.1645900309085846,717.4271961948327,77.88602272292289,583.0849090040775,677.9391784667969,771.7765695672286,759.3869404039884,794.9483835320724,-20.32045030677528,7.55007314559027,-10.049759839710436,-17.859072752166213,-17.71130458932174,-32.94022374822382,-23.041890604454174,0.1857571393251419,0.0447392316797892,0.2120491117238998,0.2405722737312317,0.2109779715538025,0.1359933018684387,0.1291930377483368,6.8,3.249615361854384,5,7,5,4,13
-925,96.6097619673785,5.779027746065057,86.749725745706,94.54075716804056,97.7312749974868,103.72021737940172,100.30683454625746,-0.0427631894981159,0.0517389097689382,0.0001700397799996,-0.0094897308770348,0.0027551289866952,-0.1254635358557981,-0.0817878495244418,0.2177910357713699,0.0373040477362039,0.2552419006824493,0.2328350096940994,0.2516133487224579,0.1594700515270233,0.1897948682308197,794.3034324244448,303.8147905344597,492.0543651915433,1330.6985655667488,895.3942057291666,716.2162464878015,537.1537791469641,-24.48671980406109,8.340033545635048,-13.937143794277258,-39.186617608655965,-26.027700984687137,-20.684470051213314,-22.59766658147176,0.1622643858194351,0.0069590810997483,0.1607419103384018,0.1513559967279434,0.1608501225709915,0.1657965779304504,0.1725773215293884,779.8586252312911,292.5385388714662,465.1604844478139,1291.8114859597724,899.4481190463953,655.1007224635074,587.7723142389666,-21.83504488049892,9.533884748249587,-7.770189216262416,-35.55428728722689,-20.88025946784438,-28.259319092098035,-16.711169339062874,0.1821726024150848,0.0356033734277098,0.2215928137302398,0.2206313014030456,0.1831857115030288,0.1329292804002761,0.1525239050388336,7.6,3.1368774282716245,13,8,8,4,5
-900,96.71724795621984,3.40705537682152,90.8740249409395,96.49080231610466,99.69419438979205,100.5220292484059,96.00518888585708,-0.0508612979159635,0.0224578083704318,-0.0569299427901997,-0.0344091969377854,-0.0392647687126608,-0.0921681698630837,-0.031534411276088,0.2125939279794693,0.0132748434241642,0.2107874453067779,0.215810477733612,0.2254918068647384,0.1881370097398758,0.2227429002523422,829.4382659376713,141.42146167520153,825.7337164627878,1007.2724620082922,752.2619832356771,611.1009526838336,950.822215297766,-26.641792401932832,7.95952694911368,-24.007513171748112,-29.452335039774574,-21.717597660265472,-17.474253629383288,-40.55726250849272,0.1685953319072723,0.0133352366305542,0.1757847070693969,0.1589145213365554,0.1625939905643463,0.1545160859823227,0.1911673545837402,824.225349078262,172.15281509622378,777.8312559964364,978.629807857045,766.0086723461486,556.8816828142133,1041.775326377467,-22.37194853247258,5.955963286926071,-13.845918914727998,-26.449103238289815,-17.63571509980319,-23.541338447938884,-30.387666961602996,0.199509659409523,0.0334833951457292,0.225391000509262,0.2361728996038437,0.2123274505138397,0.1789692491292953,0.1446876972913742,6.4,0.8,7,7,7,5,6
-875,93.90945021685432,8.766407845158515,92.91818152034983,90.49483415940227,107.26199944440056,80.68125240101534,98.19098355910356,-0.0167162074762232,0.087592460650924,-0.0831017301363103,0.0344707026201136,-0.1042936433764065,0.1305461957174189,-0.0612025622059317,0.2463005930185318,0.0934416811355995,0.1727933883666992,0.275241494178772,0.1553996950387954,0.413977175951004,0.2140912115573883,889.4839118823669,153.05795530395767,993.3669904742324,1039.5512127792626,975.801977324904,623.2255928976494,815.4737859357867,-27.923662905107467,5.39102677066459,-28.96581741801479,-30.469876925150555,-28.270494912800036,-17.89742248100147,-34.014702788570474,0.14697757512331,0.0275020497803486,0.1768772900104522,0.1301562041044235,0.1590575277805328,0.1016687229275703,0.1671281307935714,877.110678796601,166.43692721832704,930.6184296189692,1011.8164640727796,996.3559206243146,556.0303890830592,890.7321905838816,-23.14938883279499,3.902950179057508,-16.07972240447998,-27.4385310474195,-23.17529103630467,-23.113629771952045,-25.939769903818767,0.1836431443691253,0.0480598119722298,0.2181257009506225,0.2219278812408447,0.227233424782753,0.1148741543292999,0.1360545605421066,11.0,9.316651759081692,5,11,4,29,6
-850,94.63940755956313,6.142315890354749,84.41832228267894,91.76862786236931,101.60777572183048,95.62492130503936,99.77739062589758,-0.019809230075163,0.0363165579317933,0.0139500947559581,0.0246847559424007,-0.0428069020018858,-0.0207952650154338,-0.0740788340568542,0.2384370744228363,0.0261773770876666,0.2657399773597717,0.2707262337207794,0.2227877229452133,0.2310919612646103,0.2018394768238067,811.558101078502,142.028052334858,1045.979471842448,849.4454827559622,672.1238547877261,835.1244014271518,655.1172945792215,-25.188898942763345,3.735381503920667,-30.55959440532483,-24.689251615290058,-19.24689523379008,-24.176720970555355,-27.2720324888564,0.1535384893417358,0.0111192873579036,0.1611746251583099,0.1380164176225662,0.1600193083286285,0.1424945741891861,0.1659875214099884,795.1542052151865,104.75741688753442,982.5949053848,826.6338136907209,688.3045889871162,762.019072950932,716.218645062363,-21.719463345042445,6.098416661687676,-17.040081241674592,-22.167514570972376,-15.708312657841464,-32.97535632785998,-20.70605192686382,0.198383679986,0.0418562768880398,0.2423616349697113,0.2371592074632644,0.2154235541820526,0.1536067277193069,0.1433672755956649,7.8,2.7129319932501073,12,10,6,6,5
-825,90.20215554630056,8.111287241083073,101.2423713908476,78.92229643429027,96.58651998183306,83.95139853533577,90.30819138919604,0.0201866511036367,0.1120628289727657,-0.1765155371497659,0.1527077836148879,0.0007369420107673,0.0984810902791864,0.0255229767631081,0.2941904291510582,0.1139015594927902,0.0996340736746788,0.4353103935718536,0.2683993577957153,0.3744066953659057,0.2932016253471374,638.2040374220463,133.8608849771684,494.2857510750754,530.8466090152139,589.9103966428522,716.7411996941818,859.2362306829084,-20.47212209032293,7.882329965595407,-14.08030496982106,-15.124362397612186,-16.87977671204952,-20.69621163920352,-35.57995473292836,0.1417950302362442,0.0226737039194112,0.1438395977020263,0.1195149198174476,0.1513219326734542,0.1161509528756141,0.1781477481126785,638.9201725474576,162.7078401566486,475.71537057976974,528.1589125248424,604.5656101159882,643.4905411569696,942.6704283597176,-18.042091429860967,8.027859220560545,-7.695179336949399,-13.826105057147512,-13.706358096055816,-27.38709557265566,-27.595719086496455,0.1852812528610229,0.0452686252572986,0.2359306514263153,0.1950110346078872,0.2256424129009246,0.1559215635061264,0.113900601863861,14.4,8.935323161475472,3,29,9,19,12
-800,96.27456830193016,6.695413073086617,84.72828409531537,97.64377423454734,105.69027407029095,96.60039989247042,96.71010921702666,-0.0374030188251944,0.0343730847279016,0.0209255323690526,-0.0393756887492011,-0.0859363222823423,-0.0489088963059818,-0.0337197191574994,0.2281304627656936,0.0284897740299229,0.2668486535549164,0.2094319015741348,0.1842826008796692,0.2412844002246856,0.2388047575950622,663.0701171875,216.4966194205825,1048.0542613246985,747.9115236516584,553.7051263106497,514.5925287614789,451.08714588901455,-20.31575755487408,5.798576100456541,-30.821610308530037,-21.707170812707197,-15.772448180014628,-14.623034728200812,-18.654523744917753,0.1432289361953735,0.0107043356411215,0.1352637708187103,0.1480864137411117,0.1575659662485122,0.1271913200616836,0.1480372101068496,649.2666729843407,189.6758693587609,981.7978462085388,729.7604070295367,571.2907522101151,464.1453220300507,499.3390374434622,-16.711144533491968,2.814755550647967,-17.067930238288746,-19.445385661041527,-12.839828121034722,-19.992600167006778,-14.209978480088084,0.1944248527288437,0.0587144188438021,0.2611690759658813,0.2448249608278274,0.2166259288787841,0.1202525049448013,0.1292517930269241,8.2,3.059411708155671,14,7,5,7,8
-775,99.40222029742073,4.404569296824668,96.4241606544046,103.10402078067555,104.3530424005845,100.6769952213063,92.4528824301327,-0.0761658704982084,0.0439908451241128,-0.1229900938623091,-0.1045543526901918,-0.0747791199123158,-0.0836966753005981,0.0051908892743727,0.1944786638021469,0.0452599873033062,0.1474395394325256,0.1632630825042724,0.1949623376131057,0.1884707510471344,0.2782576084136963,670.0426122832716,209.8965350314609,1019.1923646090324,462.0645259388706,448.0617113615337,674.5184352941681,746.3760242127536,-21.238610349621688,8.013675946970398,-29.738654044636508,-13.051340266277917,-12.611790150926824,-19.36118401560867,-31.43008327065853,0.1425544142723083,0.0136055633974375,0.1620728224515915,0.1505095213651657,0.1385929137468338,0.140524759888649,0.1210720539093017,663.835630503872,199.1392332568304,961.836929053591,454.9814378169545,466.0124650921738,616.1489680775425,820.1983524790982,-17.742779973933573,6.536235156406407,-16.53618290131552,-11.427143994130589,-10.2524767403017,-26.56737098568364,-23.930725248236406,0.184715436398983,0.0451201374555814,0.2083944529294967,0.24158775806427,0.2077261507511139,0.1486177593469619,0.1172510609030723,5.6,1.743559577416269,4,5,5,5,9
-750,92.50541915444768,11.089112994491275,74.68994535558365,90.2705473731546,105.78211844949162,102.7202907113468,89.06419388266171,0.0011291816655327,0.0895403687931629,0.1290243327617645,0.0349098282701828,-0.0857557773590087,-0.1145070696578306,0.0419745943125556,0.2700463831424713,0.0875451011841168,0.4095494151115417,0.2826112508773803,0.1837122738361358,0.1697713732719421,0.3045876026153564,817.2111347399259,134.05308219114107,800.1486398797286,936.665099026864,603.3886547423245,764.847322162829,981.0059578878838,-26.203100954858883,7.9287867050019,-23.21765868705616,-27.414196591628222,-17.427073507978204,-22.224239675622236,-40.73233631200958,0.1236427664756774,0.0086193196880547,0.1134376153349876,0.1227698922157287,0.1189257502555847,0.1238083913922309,0.1392721831798553,821.1693297269051,158.28894032148767,773.3485846268503,912.4094998543724,632.6709974857799,708.4929836340118,1078.9245830335117,-22.993680782485423,8.018323011614672,-13.030693501756902,-24.433166336594965,-14.407587536594324,-31.39987125731351,-31.69708528016743,0.1779242724180221,0.0561827826941744,0.2471683025360107,0.2311679571866989,0.181535392999649,0.1246062815189361,0.1051434278488159,13.0,11.027239001672177,34,11,4,4,12
-725,94.60934583776138,4.736759885131295,97.46862476573271,87.21468068291159,91.3474822324865,96.47209064259248,100.54385086508358,-0.0283211688434376,0.0846224022358679,-0.1480403987800373,0.0633778309120851,0.0704793218304129,-0.0437501539202297,-0.0836724442594191,0.245209264755249,0.0705753647246077,0.1456415057182312,0.3255131840705871,0.3255991339683532,0.2249230593442917,0.2043694406747818,668.111968244586,213.1914383525148,498.9099201403166,928.4837592944764,919.9814185426948,561.9910728053043,431.1936704401384,-20.4245030599728,5.486968580209233,-14.222736095127306,-27.110467952594423,-26.877367002922192,-16.042403789988736,-17.869540459231327,0.1338742822408676,0.0225249579533934,0.1431552171707153,0.1119986400008201,0.1153911426663398,0.1254585981369018,0.1733678132295608,665.2305680124384,219.5065083853423,474.10543662623354,916.6418221456964,949.8682743540982,511.129668654057,474.40763828210663,-17.921177799241583,6.405502787073579,-7.578973920721757,-24.569501742982027,-22.202204938520467,-21.84016714388864,-13.415041250095031,0.1884003162384033,0.0360117720334396,0.2094841748476028,0.2277896702289581,0.2106150090694427,0.1640276759862899,0.1300850510597229,9.2,5.268775948927796,4,17,14,6,5
-700,94.65600800233727,5.2056960874589295,92.70120809218464,100.31707772647631,99.48358562693876,85.92205932841581,94.85610923767088,-0.0216325647690716,0.0606056038768268,-0.0813128643176134,-0.0850992707645191,-0.0099738257772782,0.0811471518348245,-0.012924014820772,0.2378169119358062,0.0581300389090769,0.1856607943773269,0.179303303360939,0.2388786375522613,0.3413206040859222,0.2439212203025818,739.8122015702097,142.43001033092852,674.5457860043174,945.6884990491366,545.3990987141927,854.8697434810169,678.5578806023849,-23.20133864754125,4.912330393496031,-19.52390232002526,-27.66131916380765,-15.586331806684797,-24.898502901980752,-28.336637045207777,0.133505468070507,0.0195699295398555,0.1332945078611374,0.1273791193962097,0.1253170818090438,0.111572541296482,0.1699640899896621,725.4138379548725,124.68085528681657,630.2577546772204,923.0412287126508,560.5999022366708,772.5284509491502,740.6418531986706,-20.465377127496826,8.249816719189086,-10.468175051505106,-24.602990476708666,-12.609053975657412,-33.130593743240624,-21.516072390372297,0.1873744994401932,0.049308974844299,0.2426709234714508,0.23883917927742,0.1932331621646881,0.137173518538475,0.1249557137489318,8.2,3.919183588453085,6,6,7,16,6
-675,93.65874983394846,5.9645881555747815,86.50554717568791,88.78277507108801,103.69240895439596,95.0258050581988,94.28721291037166,-0.011585134267807,0.0342988927922345,-0.0038148518870858,0.0447081039933597,-0.0620353569002712,-0.0211192699039683,-0.0156642966410693,0.25285065472126,0.0339999970946006,0.2483814060688018,0.3064105808734894,0.1993066817522049,0.2523860037326813,0.2577686011791229,785.6328717148094,97.57738256647484,664.7734118009869,941.461061711897,834.7167112116229,780.8601341916803,706.3530396578604,-24.776951397092716,3.752142879826367,-19.23520526551364,-27.6278365285773,-24.32193614725481,-22.716772598132753,-29.98300644598509,0.1241847604513168,0.0040723854253817,0.1240212395787239,0.1231637150049209,0.1301578730344772,0.1176246032118797,0.1259563714265823,779.3886624520285,105.64545625945408,624.6547273334704,926.849879214638,857.1386922200521,715.9647430955318,772.3352703964501,-21.730486595421507,6.922552321209426,-10.142236605025174,-24.44138855264898,-20.01345858657569,-31.43809063392773,-22.61725859892996,0.1822890117764473,0.054920796188943,0.2437366843223571,0.2276733517646789,0.2061102539300918,0.1084969714283943,0.1254277974367141,8.6,2.939387691339814,11,13,5,7,7
-650,92.7361915767894,9.289226654447557,85.86876985886518,98.65687693427591,86.17440562528722,84.70090917699477,108.27999628852396,-0.0057972472555497,0.1047399941750722,0.0004961792160482,-0.0573384362108567,0.1108709209105547,0.0926460662308861,-0.175660966424381,0.2685055240988731,0.0993677040900398,0.2652907371520996,0.2032990902662277,0.391953557729721,0.360059529542923,0.1219247058033943,788.0294866193805,111.28145194270932,684.3859279699493,887.8393308405291,809.1847330729166,921.8753051757812,636.8621360377261,-24.658362585619876,2.657807897568986,-19.884025962729204,-25.97993838996218,-23.679368019104004,-26.884316210161177,-26.864164346142815,0.1145897954702377,0.0152038649767921,0.1236026436090469,0.1322957128286361,0.1011275127530098,0.1236452460289001,0.0922778621315956,777.8171588027687,94.3070764494135,640.0037129720052,870.1792773865817,845.5839008532072,844.4556477864584,688.8632550155908,-21.932938107273035,8.431532409527964,-10.429759272357874,-22.881873507248727,-19.777404320867436,-36.55869570949621,-20.01695772639492,0.189784425497055,0.0522884979193976,0.2553888857364654,0.2368339896202087,0.1903441250324249,0.1524628102779388,0.1138923168182373,12.4,7.002856560004639,13,6,20,20,3
-625,89.08138561473172,3.865826852843751,88.0170950721292,82.11748381221996,92.91294800253476,92.07628348855413,90.28311769822064,0.03310927678557,0.043689091775118,-0.016875434623045,0.10953229841064,0.0434856239487143,0.0002208222361171,0.0291830739554236,0.3019906610250473,0.053898920812631,0.2321019321680069,0.3937932252883911,0.316438227891922,0.2707043290138244,0.296915590763092,852.702801085355,178.58877128077063,940.036083556058,579.349305270011,1035.86929053591,1001.7211185923794,706.5382074724164,-26.752269537825335,5.118954418300443,-27.516617942274664,-16.702573968653095,-30.4692886084841,-29.293028045118906,-29.77983912459591,0.1199312403798103,0.0124206604791202,0.1204903200268745,0.0989153236150741,0.1255916804075241,0.1176372915506362,0.1370215862989425,846.7846192477042,160.6164610751161,874.7714640299479,589.4256147418106,1073.0832498115406,921.6546084755346,774.9881591796875,-23.60852495410986,9.165077111854762,-14.673821252689027,-15.35443361181962,-25.386547707674797,-39.97782828515036,-22.649993913215503,0.1752879559993743,0.0441345630941676,0.2461671084165573,0.1753617525100708,0.1893082559108734,0.154116153717041,0.1114865094423294,12.4,5.953150426454887,8,24,12,9,9
-600,88.90906260322122,7.858709004469836,81.5836103327134,78.92979258368997,100.28430409150964,93.94418518963982,89.80342081855325,0.0367462689035079,0.0639811727877458,0.0313928221955018,0.1529383484055014,-0.0360522392918081,-0.0036694155019872,0.0391218287103316,0.3079293102025985,0.0681943847442003,0.3131730854511261,0.4317859411239624,0.2346384972333908,0.2581669092178345,0.3018821179866791,612.9622974061128,101.02018927233362,755.5163959703947,569.2174998500891,519.6782023111979,710.3818498577988,510.01753904108415,-19.08998515940549,2.8976585433609983,-22.100748538970947,-16.40251478395964,-14.884606248454045,-20.54398358495612,-21.518072640686704,0.121049889922142,0.0118591986314714,0.1177311018109321,0.1011312454938888,0.1317072063684463,0.1201730743050575,0.1345068216323852,608.1597248278167,62.77267247859375,706.4628949081689,580.9493445680853,539.8994916949356,654.8820634808457,558.6048294870477,-16.648853523271125,6.0704362345211695,-11.652217651668348,-15.01185946088088,-12.1670565040488,-28.319749399235373,-16.093384600522224,0.1892075806856155,0.0357066722229079,0.2369419038295745,0.2026771008968353,0.20303276181221,0.173012375831604,0.1303737610578537,14.2,8.795453370918409,17,30,6,7,11
-575,96.17316108703614,8.864756840417716,86.90031706866095,105.65997155133417,100.75169280557073,103.38127008325914,84.1725539263557,-0.0376801378586712,0.081350612718554,-0.0023489191251642,-0.1276251586044536,-0.0383391373297747,-0.1154553911265204,0.0953679168925565,0.2288124620914459,0.0819713870061647,0.2417161762714386,0.1341140568256378,0.240870326757431,0.1590738892555236,0.3682878613471985,805.2950132135759,170.5063741887389,1077.3359728361431,847.7662150065104,631.2061858595463,613.8691652532209,856.2975271124589,-25.752057065461816,7.315342447223535,-31.74240123179921,-24.876480571010656,-18.326406123345357,-17.60400646611264,-36.210990935041195,0.1279325067996978,0.0133430283183128,0.1136492192745208,0.1306431740522384,0.1357388645410537,0.1123400777578353,0.1472911983728408,796.8428919741982,165.29246851058073,1005.5382979543584,832.7257283528646,652.1884101733826,565.4294310452646,928.3325923451206,-20.856570821895936,4.552594939638255,-16.674480484243023,-21.175589967192263,-15.07378916363967,-23.936346608295775,-27.422647886108933,0.1926434338092804,0.0535729046678312,0.2518096566200256,0.2438464760780334,0.2083686143159866,0.1256782263517379,0.1335141956806183,7.8,4.4,8,4,7,4,16
-550,95.12855203067556,9.073932877012089,77.67191310209387,95.7779831830193,97.88895351185518,102.50486160727108,101.79904874913832,-0.0305805314288419,0.0708509788810037,0.0902054401005015,-0.0343031718450434,-0.0067540701697854,-0.0996968910974614,-0.1023539641324211,0.245563143491745,0.0727007159701482,0.3718633949756622,0.2298323810100555,0.2726992070674896,0.178944706916809,0.1744760274887085,733.0379198576275,238.39256557795736,639.9632825349506,926.5529656661184,641.0545268811678,1067.5920934844437,390.02673072145694,-22.43955543208541,5.791954614868387,-18.55587904076827,-27.274609147456655,-18.68392733105442,-31.299440233330976,-16.383921407816704,0.1283762946724891,0.0098647766927234,0.1128531843423843,0.1402371376752853,0.1372421979904174,0.1232466921210289,0.1283022612333297,718.1290305689761,210.9471489031869,594.4037100808662,910.3088453861706,672.1908590751782,996.6023431075248,417.1393951951411,-20.464454729515207,11.841391772128455,-9.397014550995408,-23.39580768033078,-15.606152312797413,-42.16003021859286,-11.763268884859588,0.1939560428261756,0.049153924739359,0.2462105453014373,0.2370776832103729,0.2143293172121048,0.1498017311096191,0.1223609372973442,9.0,6.6932802122726045,22,7,8,4,4
-525,89.98836902394014,12.124599174479934,97.01160572276396,102.59228120691635,92.88072859820196,90.23763723934398,67.21959235247444,0.0178482364906984,0.143909943619992,-0.1465283961857066,-0.1035391193978926,0.0414216897066901,0.0330380562473745,0.2648489520830266,0.2993773341178894,0.1442289919672299,0.1401673555374145,0.1851498782634735,0.3204249441623688,0.2964967489242553,0.5546477437019348,531.9002408211692,300.05723059213557,312.8419218899911,284.6715476052803,775.2938778525904,1001.803301894874,284.8905548631099,-15.783267907092446,8.758378768068159,-8.525937446376734,-7.739294848944011,-22.782491750884475,-29.49255673090617,-10.37605875835084,0.1335370481014251,0.0094255114551148,0.1356155574321746,0.1432549655437469,0.1175134181976318,0.1419653892517089,0.1293359100818634,533.1089475397478,281.85224724853197,304.79231048048587,289.2489126105058,815.3979417232044,934.5584973787006,321.54707550584226,-15.849684126753557,13.37877210040225,-4.12567831340589,-6.347655825447618,-19.19680562772249,-40.54010675246256,-9.038174114729228,0.1898699760437011,0.0556593217368528,0.2447515875101089,0.2532987594604492,0.1932274401187896,0.1518591940402984,0.1062128990888595,15.4,16.977632343763368,4,5,11,8,49
-500,88.9691255232867,7.361785548765412,97.51118233624626,87.46279716491699,96.90259112189798,84.70674907459932,78.26230791877298,0.0271598437253166,0.1037807133864118,-0.153915902446298,0.0382466309210833,0.0106675516156589,0.0798960531459135,0.1609048853902255,0.3109472274780273,0.1007451775340729,0.1393497586250305,0.3311944603919983,0.2759570777416229,0.3701569139957428,0.4380779266357422,735.5444825289542,187.06054252790463,983.396105314556,943.8799984580592,561.5868332176877,590.180464895148,598.6790107593201,-23.1215575193104,5.386140606894431,-28.94473781920316,-27.84269376386676,-16.280662783405237,-17.074701229731243,-25.4649920003456,0.1431894987821579,0.0117233171137871,0.1399800330400467,0.1610855758190155,0.1373753547668457,0.1506580114364624,0.1268485188484192,731.6590719658032,166.88820983885844,931.4261785139116,931.3702917266312,594.477579217208,544.6164320560924,656.4048783151727,-19.117859442610488,4.089451384739718,-15.483424533877455,-23.972652694635222,-13.671297088003994,-23.261292315365974,-19.200630581169797,0.1995173931121826,0.0454582619453012,0.24652199447155,0.2498660832643509,0.2071253806352615,0.1437558829784393,0.1503176242113113,12.8,7.626270385975047,4,12,7,15,26
-475,91.38424678578096,8.73841997414222,98.26124236162973,94.04633416568532,74.94302563386805,98.91493792814369,90.75569383957809,0.0029637110233306,0.1233837304941466,-0.1422478472485261,-0.025673679744496,0.2290024771409876,-0.0527607069295995,0.0064983118982876,0.283168663084507,0.1330852424939167,0.11546341329813,0.2792035043239593,0.5124762058258057,0.1987863183021545,0.3099138736724853,452.0490509568599,131.1719709176954,298.4342629951343,316.7608503375137,444.0894871761925,599.2581749631647,601.7024793122944,-14.6498988176647,6.6275720404216045,-8.132829469546937,-8.797637813969663,-12.868426837419207,-17.275234912571154,-26.17536505481653,0.1321763396263122,0.0247311826034782,0.1281944513320922,0.1572560220956802,0.0901607871055603,0.1279855072498321,0.1572849303483963,460.8432326467413,133.52890197771976,295.28660396107455,321.64747994406184,490.1343988786664,556.3365906832511,640.8110897666529,-12.95946180820465,7.237011064354101,-3.905284191432752,-7.273193173241197,-11.364376883757744,-23.53458872176053,-18.71986607083103,0.1764998257160187,0.0403366243036444,0.186127096414566,0.2281569689512252,0.1960554867982864,0.1067191958427429,0.1654403805732727,13.0,13.594116374373144,4,8,40,5,8
-450,84.82250303156236,9.8089112246979,89.15626362071318,68.47754337086397,94.95151611776912,92.50029743418976,79.02689461427576,0.0819546660254983,0.1088218161868843,-0.0401756251559538,0.260323486959233,0.033828214336844,0.0067275801125694,0.1490696738747989,0.3586222976446152,0.1153534691399869,0.2103094011545181,0.5411895513534546,0.3086883127689361,0.3009324669837951,0.4319917559623718,541.409306094521,169.35385319776665,841.5281714723822,370.41259042840255,603.5349244234854,414.6006421540913,476.97020199424344,-17.128723532693428,5.420944243358813,-24.737532967015316,-10.42002805074056,-17.683110601023625,-11.782627130809583,-21.020318913878057,0.1255777403712272,0.016649700345025,0.1084240525960922,0.1055609211325645,0.1376466155052185,0.1488625407218933,0.1273945719003677,544.0013618870786,155.9269109136245,794.6987979286596,386.7225625556812,637.5282314367462,388.2445975855777,512.812619928728,-13.713917537739402,2.514779458699492,-12.806979693864522,-9.311024220366226,-14.909020953011094,-16.642719425653155,-14.899843395802012,0.1805031329393386,0.0388149850044017,0.2250459641218185,0.2017872333526611,0.2071536183357238,0.1268599033355713,0.1416689455509185,16.8,13.24235628579748,6,41,7,9,21
-425,86.59145610136144,10.165824047921436,97.45519285763012,96.03640318477856,86.85302720911362,83.30118307225844,69.31147418302648,0.0552877536941977,0.1328084997036862,-0.1411717330708223,-0.0329111186897053,0.1027358956196728,0.0982970714569091,0.2494886531549341,0.3414795726537704,0.136474362942941,0.1372898370027542,0.2480559051036834,0.4031004905700683,0.3851069211959839,0.5338447093963623,549.5187624747293,186.6865400874959,776.4207506681744,436.4673403020491,445.1098445423862,767.3382611191064,322.2576157419305,-16.793747045282732,4.78188223227719,-22.751450362958405,-12.53751790732668,-12.866091661285935,-22.533815869113855,-13.27985942572878,0.1542670488357544,0.0218316769424658,0.16146782040596,0.1826801896095276,0.143426164984703,0.165328100323677,0.1184329688549041,544.4341082121197,152.279761675087,733.3070903577303,437.0021999426056,482.4213685152823,714.5764128032483,354.86346944173175,-15.030323289151776,8.353244609194691,-11.731878209532352,-10.63047096603795,-11.049155707944903,-31.700346419685765,-10.039765142557911,0.1967568963766098,0.0581663869233876,0.2550623416900635,0.2556005716323852,0.217032328248024,0.1380619257688522,0.118027314543724,15.4,13.850631754544628,4,5,14,12,42
-400,86.07636624728933,9.655979165335744,90.90578940896428,69.88037932900822,99.3457124149098,83.96944276024314,86.28050732332117,0.0644238054752349,0.1008704688161054,-0.0596287001581753,0.2355798882596633,-0.0105110431418699,0.0880427188733044,0.0686361635432523,0.3408893883228302,0.1142808882503738,0.2024087905883789,0.5314487814903259,0.2475135028362274,0.3724710941314697,0.350604772567749,701.3360066196375,301.75345946711167,582.3153151127331,637.3723449707031,282.2322085196512,1202.5242952045642,802.2358692905359,-22.712413874425387,10.833711919001804,-16.994530627602025,-18.480203444497626,-7.716923088358159,-35.527944899441906,-34.842467312227214,0.1522011399269104,0.019531691980208,0.1445571780204773,0.1319445967674255,0.1356492489576339,0.1650277525186538,0.1838269233703613,702.3467020670572,279.71900553582583,544.2345254463062,659.5734086956894,312.91200711434345,1136.22640295196,858.7871661269874,-21.12769660405945,15.116976735629072,-8.412323696571484,-16.92143690376951,-6.664260464802123,-48.25568777218199,-25.384774182972155,0.213794007897377,0.0211871464202008,0.2435909062623977,0.2275623679161071,0.2171180099248886,0.1850247830152511,0.1956739723682403,13.8,13.673331708109767,5,41,6,9,8
-375,85.92056223925422,11.454862347063528,69.32005570355584,96.627810197718,100.90096078760484,81.64808612150304,81.10589838588939,0.0644932089132421,0.0946625255676005,0.1795350534074446,-0.0465890568845412,-0.050035066464368,0.1188751241740058,0.1206799903336693,0.354227802157402,0.0988476315517604,0.4739073812961578,0.2273053675889969,0.2459446787834167,0.4154116511344909,0.4085699319839477,567.5850967674926,208.0406601943884,863.5107775236431,278.64198892158373,487.3602230674342,469.6213191517612,738.7911751730401,-18.561085396900513,8.786300322318331,-25.62923608746445,-7.651007838416517,-14.156453693122195,-13.639941658890038,-31.728787706609356,0.1601585835218429,0.018511532628406,0.1350828111171722,0.1615422368049621,0.1483021229505539,0.1903877705335617,0.1654779762029647,566.5359629848547,198.46150832923044,789.3902828818873,285.48092356899326,524.4465685392681,441.3551836515728,792.0068562825521,-14.7633932084368,6.019978765766252,-12.466936749324464,-6.295485011318274,-12.0147070089976,-19.882085821084807,-23.157751451458847,0.2175245851278305,0.0388014027406918,0.2639290988445282,0.2361983060836792,0.235690176486969,0.2007109522819519,0.1510943919420242,12.2,8.059776671843954,27,5,5,13,11
-350,87.09529519025018,8.378124397217524,88.16219798817355,102.70299473930808,78.74291873258703,81.97648685679717,83.89187763438505,0.0472232090725618,0.1040710270336529,-0.0412061116274665,-0.1008721046588,0.1855987492729635,0.11108819491723,0.081507317458882,0.3312955856323242,0.1187592774570751,0.2477422207593917,0.1444944590330124,0.4744162261486053,0.4006247818470001,0.3892002403736114,665.4810288814076,131.45407599093264,774.8014654862253,659.1169540672971,614.2871468527276,827.2815947950932,451.9179832056949,-20.96315449497156,2.3792736334782663,-22.951505828322027,-19.42179194667883,-18.206634203592937,-24.537631344376948,-19.698209151887056,0.1600131765007972,0.0315929859483605,0.1727229803800583,0.1479562520980835,0.1100389137864112,0.1626517325639724,0.2066960036754608,661.5511461759868,101.5496634050786,724.3100098727042,654.1882516961349,660.9059742710047,785.9478502775494,482.4036447625411,-18.552842133087022,8.485880886649928,-11.485902683776722,-16.541110285541468,-15.645818978025202,-35.17072946565193,-13.9206492524398,0.2133336842060089,0.0394266742413411,0.2783136665821075,0.2367928326129913,0.1986638307571411,0.1708176285028457,0.1820804625749588,9.8,6.43117407632541,5,4,22,9,9
-325,77.99824704114128,10.235094171711038,66.94668029336368,96.27572326660156,72.09019319870893,81.32736553865321,73.35127290837904,0.1544102234700147,0.1054134751815445,0.2167569419916938,-0.0372302465579089,0.262439906947753,0.1259889101280885,0.2040956048404469,0.4401533126831055,0.1019181625478827,0.5037332773208618,0.2560702562332153,0.5393741130828857,0.4064303934574127,0.4951585233211517,562.4646532560649,158.82546222512715,534.894919412178,472.2466377124452,352.7962287768983,825.3230473033169,627.0624330754865,-18.36179898454432,6.750548386889581,-15.564461356715151,-13.722133866527624,-10.0821504007306,-24.425858472522936,-28.01439082622528,0.1552180543541908,0.0324252805103718,0.1209589540958404,0.1840274184942245,0.1159610971808433,0.1586918383836746,0.1964509636163711,564.6964944404468,142.76031969043737,484.70237598084566,478.7418924967448,397.77258033083194,780.3750867341694,681.8905366596423,-16.634793167783503,10.125706843702384,-7.13122370368556,-11.983772750486407,-9.18513652316311,-34.91457494936491,-19.959257912217524,0.2210719972848892,0.0457814457895595,0.2883636951446533,0.2615699470043182,0.1984569728374481,0.1877758055925369,0.1691935658454895,18.8,10.127191120937727,27,5,31,9,22
-300,76.20122151543113,7.367224872416141,61.98434345020967,77.7813772538129,79.73366524191464,78.21945134331199,83.28727028790642,0.1733377948228051,0.0550766354360845,0.2688779182293835,0.1654727150412167,0.1809680630179012,0.151930442978354,0.0994398348471697,0.4665532886981964,0.0493988154141712,0.555000901222229,0.4532160758972168,0.4706777036190033,0.4497860968112945,0.4040856659412384,476.3240505820827,146.98019674137387,378.0509822912384,663.3938314872876,641.0612600226151,394.7517756411904,304.3624034680818,-14.989947292260956,3.753278275981472,-10.904181584977268,-19.746984506908216,-19.046440145425628,-11.306672748766449,-13.945457475227222,0.1720331698656082,0.0203627527079383,0.1653196513652801,0.1758754849433899,0.1401687562465667,0.175351932644844,0.2034500241279602,476.7581561172218,162.01924564657529,348.7461499665913,662.3794164824905,685.0029853686951,373.0179951985677,314.64423356976425,-12.845265984744357,5.0788933152565034,-4.800302642479277,-17.17898834588235,-16.4664750601116,-16.912470012380364,-8.868093862868191,0.2406620889902115,0.0456433087904712,0.311042457818985,0.2773225307464599,0.2187793105840683,0.2007638067007064,0.1954023391008377,18.4,10.091580649234292,38,16,15,14,9
-275,87.72265162524056,8.859239043950499,74.52742139030906,84.32689465915456,98.72774043363684,84.59647057477166,96.43473106833063,0.0429482864632325,0.0657924482533093,0.1216152843307046,0.0884943544864654,-0.0141932105316835,0.0721255071022931,-0.0533005030716166,0.3431034207344055,0.0676149193545003,0.4222205579280853,0.3829711675643921,0.2790310680866241,0.3841926455497741,0.2471016645431518,547.8902353922526,121.87519813103512,546.0068900125068,507.6768204538446,344.1571588348924,649.3129106488144,692.2973970112048,-18.231874761665075,7.011608029911661,-16.031651379769308,-15.075426553425036,-9.905964615052206,-19.238708228395694,-30.907623031683137,0.1663025856018066,0.0149668134547199,0.1571318358182907,0.1623336374759674,0.1644676923751831,0.1950582414865493,0.1525215208530426,542.7732982970122,121.75679115832526,490.9067677280359,505.446503220943,370.3053610283032,618.550970244826,728.6568892629523,-15.66191636052048,8.079077106744219,-7.2908143056066415,-12.93035993032288,-8.241084678131237,-28.254734656266997,-21.59258823227464,0.2334545195102691,0.0368124867141892,0.2813161015510559,0.2429731339216232,0.2570399940013885,0.2097118496894836,0.1762315183877945,6.6,2.5768197453450252,11,7,4,7,4
-250,81.53326221690459,10.069067951646836,62.18551970089183,84.89383239746094,89.95336905086742,88.6163127674776,82.01727716782514,0.113906455671086,0.0774315188787862,0.262041864675634,0.0842132007374483,0.0666541863890255,0.0437743232530706,0.1128487033002516,0.4094279646873474,0.074345574388062,0.5509804487228394,0.3629914224147796,0.3685802817344665,0.3483688533306122,0.4162188172340393,606.0336003889117,96.0349204372129,632.6711548922354,778.1244051749246,576.7615870425576,538.2486850671601,504.36216976768094,-19.59654715228499,3.0713981581605916,-18.62212562142757,-23.28881609230711,-17.083297223375556,-15.871560824544806,-23.116935999769915,0.1561506375670433,0.0333455034605409,0.1220425888895988,0.1371425986289978,0.1315689533948898,0.1806430369615554,0.2093560099601745,603.6807818496437,92.43782760432326,584.4510899593955,773.3881600363213,615.5074896561472,511.5250533254523,533.5321162709018,-16.458113564943012,4.896853046663421,-8.866237263930472,-20.032013763461197,-14.57641955844143,-23.185690959294636,-15.630206279587329,0.2161945849657058,0.0365949608508788,0.2751183211803436,0.2137371301651001,0.2246603816747665,0.2065117955207824,0.1609452962875366,13.2,11.93984924527944,37,7,7,6,9
-225,85.52130909190458,4.002219400796789,81.18384706833783,84.01719353619744,81.90147633272059,89.49355257819681,91.01047594407024,0.0639352081803714,0.05318616665555,0.0487873999511494,0.0901225381037768,0.1535820003818063,0.0214404593495761,0.0057436431155485,0.3682088494300842,0.0451353692923269,0.3497914969921112,0.3822146654129028,0.4488236308097839,0.3412525355815887,0.3189619183540344,628.2023150527687,199.46442578156757,792.5133410002056,878.5420607182018,662.4512339809485,464.3071133797629,343.19782618472453,-19.768683513842127,4.816748194373722,-23.78793345836171,-26.269238798241865,-19.785338385063305,-13.479435929080896,-15.521470998462878,0.1606458663940429,0.0307439205555287,0.1510195732116699,0.1442929953336715,0.1228884607553482,0.171194389462471,0.2138339132070541,620.5528797350432,191.26396209271553,713.8257392749451,875.1966970343339,713.4509866279468,442.4380458363315,357.85292990165846,-16.502484428673462,5.095267131799665,-11.216250791884304,-23.33914863854124,-17.244453484551947,-20.4526767709799,-10.25989245740991,0.2290092349052429,0.0361361257582522,0.2797739803791046,0.2555265426635742,0.2144207507371902,0.2208012193441391,0.1745236814022064,7.6,2.4166091947189146,7,8,12,6,5
-200,90.63610619937673,5.990607152975606,94.5516673817354,95.67612600887524,95.506864009184,86.83704560223748,80.60882799485151,0.0152168843325446,0.0807063320175403,-0.1074783500503091,-0.028790505844004,0.0165841561906478,0.067005519656574,0.1287636017098146,0.313427522778511,0.0778053968248747,0.2026255279779434,0.2632393538951874,0.3121383786201477,0.3606296181678772,0.4285047352313995,465.08095751310645,164.97228040836424,267.7774374443188,653.907286526864,265.60823915715804,575.546566076446,562.5652583607456,-15.508294934975476,7.264499337018111,-7.445280083438806,-19.556817033834623,-7.425980214487042,-16.8677847970996,-26.245612546017295,0.1688005000352859,0.0090812288638096,0.1716035604476928,0.1747420132160186,0.1516044586896896,0.1773717701435089,0.1686806976795196,467.7925746181555,159.4104976577353,258.9204560664662,651.2430751867462,296.10869852701825,545.4139511376096,587.2766921729373,-13.828954583511017,7.963446357488928,-3.217936376730601,-17.197091713286284,-6.415881531280384,-25.08071722691519,-17.23314606934263,0.2328134506940841,0.0497166605320066,0.2813383042812347,0.2756769359111786,0.2563813328742981,0.1977393627166748,0.1529313176870346,6.0,2.6076809620810595,4,4,5,6,11
-175,83.41177829742432,9.200876630527247,75.896514971116,90.75073625901166,97.77895413567038,78.02441552106072,74.60827060026281,0.0948798707653494,0.0799186550492916,0.1047660157961004,0.0150861466632169,-0.0064385067014133,0.1639761128846336,0.1970095851842095,0.3868102848529816,0.0777400172227941,0.4145441353321075,0.3110134899616241,0.2813774049282074,0.4434751868247986,0.4836412072181701,623.4913091291462,230.90279803918972,695.1159410978619,584.3805119029263,383.3994828608998,1027.8899953741775,426.670614409865,-20.110388902195712,6.316502822137234,-20.74781090334842,-17.494429671973514,-11.266865132147808,-30.788063266821077,-20.25477553668775,0.1515159398317337,0.0245720203994353,0.156091958284378,0.1439212560653686,0.1344007849693298,0.126620814204216,0.1965448856353759,612.4115266498766,197.69395594324084,637.5727405213473,580.8161267732319,418.6132507324219,973.46726588199,451.588249340392,-18.431474701981795,13.138095075135332,-9.851579145381326,-15.340443148947598,-9.5637125529741,-44.3584459622701,-13.043192700335856,0.2292424887418747,0.0522400983830204,0.2982163429260254,0.2612487375736236,0.2464374452829361,0.187257707118988,0.1530522108078003,9.8,4.874423042781576,10,5,4,13,17
-150,81.87387473835665,7.075487216771084,75.20188572827507,83.08037033081055,72.46445247425753,90.91955243278952,87.70311272565057,0.1062840519933139,0.0804171254650559,0.1170925259590149,0.0982492285616257,0.2508109881597407,0.0182042377836564,0.047063279502532,0.4036285221576691,0.0739025715350174,0.4095933139324188,0.4003399312496185,0.5344268083572388,0.3119348585605621,0.3618476986885071,624.8168869286253,70.23836124511872,575.5813711065995,564.4367686489172,716.3361061497739,562.9505872224506,704.7796015153851,-21.005401244916413,6.111493925738951,-17.05429742629068,-16.95896519694412,-21.529930332250764,-16.786755846257794,-32.69705742283871,0.1431733772158622,0.0415571744376207,0.1207555904984474,0.1529287695884704,0.0791893005371093,0.1590693295001983,0.2039238959550857,624.7411450837787,101.64668260996294,520.6315007795367,562.685536702474,757.41584643983,544.5144171463816,738.4584243506716,-17.73210786685609,6.145999059173691,-7.77632993355132,-14.824686378763433,-18.38726247820938,-25.617772997471324,-22.054487546284992,0.2058845102787017,0.0450754035810295,0.2542979717254638,0.2651605606079101,0.1755575835704803,0.1811538338661193,0.1532526016235351,11.4,8.06473806146238,11,8,27,5,6
-125,93.51327015371884,8.798675136364762,88.07151341157801,84.86586750254912,95.20781865961412,89.63564513711368,109.78550605773924,-0.0218644548864925,0.0943986200669393,-0.0194167224799885,0.0864897566683152,0.0113502099233515,0.0094114724327536,-0.1971569909768946,0.2775443762540817,0.1073452607553071,0.2731838226318359,0.3790962994098663,0.3176453709602356,0.3435283005237579,0.0742680877447128,493.6825969495272,140.41870388026084,588.6241519325658,701.8034105802838,290.71994045324493,438.3851722583436,448.8803095231976,-15.91791084691098,4.784394815027283,-17.57713794708252,-20.989945018500613,-8.235210040159393,-12.75377531218947,-20.033485916622897,0.1436298906803131,0.0185590295941717,0.1355498135089874,0.118647426366806,0.1364437937736511,0.1545032560825348,0.1730051636695861,493.3814417253461,127.50788951911645,544.2525088661596,702.7669870476974,321.09313884534333,423.81735015333743,474.9772237141927,-13.603177197774253,5.302891691356576,-8.300676912592168,-18.89633201716239,-6.953357433017931,-19.939166351368552,-13.926353274730214,0.2199874982237815,0.0653803717634007,0.271563857793808,0.2521567046642303,0.2808900475502014,0.1895402073860168,0.1057866737246513,5.4,1.624807680927192,5,8,5,6,3
-100,77.54470290688906,6.086344004376554,67.80802953383503,86.57465075324563,76.17168316560632,77.03098344241872,80.13816763933967,0.153201194300371,0.0504685402641293,0.2033136827104232,0.0709877045715556,0.2028408530880423,0.1650128084070542,0.1238509227247799,0.4433811664581298,0.0564792108319812,0.491408497095108,0.3459479212760925,0.5016388893127441,0.457882821559906,0.4200277030467987,937.2376294587788,359.3449118214889,727.0046707956415,1581.602813185307,540.1938000059964,800.5666685940927,1036.8201947128564,-31.490321331693412,13.644809058851488,-21.739932511982165,-47.91774147435238,-16.096197375080042,-23.786509831746415,-47.91122546530607,0.1168445870280265,0.0117691625147777,0.1243182197213172,0.1262885183095932,0.0963816195726394,0.1107908934354782,0.1264436841011047,929.8483342756304,368.8268208228531,643.9486083984375,1578.9076431006715,581.4399285567434,755.6610803436814,1089.2844109786183,-26.952073475352503,13.01114168180612,-9.907772990695218,-43.89050216842116,-13.646388716865005,-34.67134133556433,-32.64436216521681,0.1953483372926712,0.0673916056704422,0.269027441740036,0.2400534152984619,0.218506708741188,0.1731956303119659,0.0759584903717041,14.8,5.192301994298868,21,8,20,15,10
-75,75.92078678355497,15.06848203263336,63.64439876780791,57.43910136503331,99.57228458628936,84.87631016899557,74.07183902964873,0.1729795972739949,0.1383362063711317,0.2454602658748626,0.3750906299142276,-0.0268759099876179,0.0770997920457054,0.1941232085227966,0.4610360383987427,0.1300103267577455,0.5369310975074768,0.6371530890464783,0.2577642798423767,0.3855340182781219,0.4877977073192596,499.5922150193599,181.60806368527236,669.1001902797766,315.28128024988007,360.0470080459327,388.59161002175847,764.9409864994518,-16.947259603466904,9.330999592948466,-19.777346556646783,-8.949317426012273,-10.628216551061264,-11.344859838485718,-34.03655764512848,0.149104805290699,0.0377140353291831,0.1083802431821823,0.1756359338760376,0.115008570253849,0.1384584605693817,0.2080408185720443,504.1275116502194,179.45677508963198,607.2402531138638,339.9010911908066,391.29494837710735,372.51280025013705,809.6884653191818,-13.755072980178028,6.201205601142747,-9.595652341842651,-8.600320360116791,-8.749300103438529,-17.68903386802004,-24.141058227472136,0.2327391922473907,0.0627011700942126,0.2447600066661834,0.2949675917625427,0.2881850898265838,0.2134748101234436,0.1223084628582,23.6,17.6022725805505,37,50,4,7,20
-50,86.72108493580538,8.221430172663782,84.08810442756204,100.49973999472223,85.59282729204963,88.41044944314396,75.014303521549,0.0460185569174149,0.0907347632763669,9.612651432261748e-05,-0.0931946000632117,0.1134627966319813,0.0408311864909003,0.1688972750130821,0.3470911890268325,0.0984944290246291,0.3065017759799957,0.19139064848423,0.4153100848197937,0.3412672579288482,0.4809861779212951,622.424865347879,165.46726303194177,811.1673675001713,435.36992096482663,568.7754024037143,824.5527830960458,472.2588527746368,-20.16708666943667,4.5750639542567635,-24.41603794432523,-12.916138686631855,-17.05200378936634,-24.900909223054583,-21.550343703805353,0.1199018374085426,0.0254412006367022,0.1205502897500991,0.1052733659744262,0.0992103368043899,0.1056728586554527,0.168802335858345,610.8586630302563,131.75435919115407,737.3073441354852,441.24696805184345,600.7238828424822,779.8374912195038,495.1776289019669,-17.509747480509574,9.031072782050552,-12.075280714453312,-11.491355578104654,-14.017449383150067,-35.42674797459652,-14.53790375224331,0.2045142740011215,0.0429524220702494,0.247911736369133,0.2401578426361084,0.2251851260662078,0.1729918420314788,0.1363248229026794,8.4,4.586937976471886,6,4,9,6,17
-25,71.75723182453828,7.776631902610527,72.53481636047363,57.01139816957362,79.19694014156566,76.98053113152,73.06247331955853,0.2174429549189175,0.0841056147891684,0.1449932585744296,0.3814843388164745,0.1840279596693375,0.1741875273339888,0.2025216902003568,0.5018102109432221,0.0722172296869496,0.4445085823535919,0.6418221592903137,0.4722084999084472,0.4540039002895355,0.4965079128742218,835.8070128859135,242.95144701998953,1005.1174327114172,434.4755299886067,1132.022944935581,715.421182732833,891.9979740611294,-27.669014500735095,9.434361293843052,-30.277782758076984,-12.875758053963644,-34.42649767691629,-21.466240138338325,-39.29879387638025,0.1314066380262374,0.0395847261084324,0.1109158545732498,0.1281374841928482,0.0871424973011016,0.1258507519960403,0.2049866020679474,834.9216839171293,251.56689670785065,907.0914488675302,452.9349501760382,1192.6464051363762,676.4452718098959,945.490343595806,-22.98500620984195,7.899760439644279,-14.996615947338572,-11.89058670244719,-28.661815442537005,-30.92169273527045,-28.45432022161651,0.1964469701051712,0.0355032590313668,0.2360463589429855,0.1962993443012237,0.2301255017518997,0.1813993752002716,0.1383642703294754,19.4,9.00222194794152,13,36,13,13,22
0,86.61294875874239,5.686779041090515,79.23417080149932,89.76118693632237,95.34300550573012,82.01768454383401,86.70869600632611,0.0536531850169686,0.0293383409628013,0.0686935544013977,0.0317207287339603,0.0124859553926131,0.0970071305246914,0.0583585560321807,0.3535027086734771,0.0312435138767037,0.3690271079540252,0.3280385732650757,0.3116346895694732,0.4005773663520813,0.3582358062267303,954.0986493027,115.9927511249283,809.4215248509457,868.5658601459704,1019.4197666101288,1139.4100909316749,933.6760039747808,-31.348022092016116,5.972212184509637,-24.304216150651897,-26.29938937070077,-30.80094067255656,-34.27258954968369,-41.06297471648768,0.1112544760107994,0.031080217127637,0.1123906075954437,0.1112835779786109,0.0747508630156517,0.0910310968756675,0.166816234588623,947.1815707022683,130.31682761212082,736.5062839441132,866.0720621744791,1059.3660385399537,1088.1484000222724,985.8150688305236,-27.73450934510482,11.498117345992402,-12.076140320091916,-24.10063235801563,-25.252571289999445,-47.54982537972299,-29.693377377694112,0.1997464060783386,0.0461336230117569,0.2427932322025299,0.2496654540300369,0.2116941809654235,0.1653232872486114,0.1292558759450912,6.6,1.3564659966250536,7,6,5,9,6
25,82.01665497274959,8.353007809205348,74.16042300953585,97.4362450319178,76.33416700924144,78.30854458528407,83.84389522776884,0.1036747399498434,0.0908547891715379,0.123238010967479,-0.0609924467170939,0.2116250202936284,0.1490050648941713,0.0954980503110324,0.3970785319805145,0.0930996518560644,0.4322225749492645,0.2260900735855102,0.5001111030578613,0.4427380859851837,0.3842308223247528,732.0687412195039,143.96582647432402,472.87794896175984,829.738879287452,676.1381857353344,832.4059025279263,849.1827895850466,-24.073191740638332,7.52524548703025,-13.93033530419333,-24.883663219318056,-20.033253054869803,-24.681460296898557,-36.83724682791191,0.126371482014656,0.0303637256458972,0.1255202293395996,0.1203770488500595,0.09810421615839,0.1041936948895454,0.1836622208356857,728.009487915039,161.52207447415736,428.0881039803488,825.2516757898163,706.9301575777823,787.1642509594299,892.613251267818,-21.53471575055206,9.522229502069411,-6.580612614489438,-23.025713071488497,-16.52607696516472,-34.75975231538739,-26.781423786230256,0.1975903958082199,0.0532587037575858,0.2666777968406677,0.2231185138225555,0.2144899517297744,0.1754058599472046,0.1082598567008972,11.2,5.564171097297422,14,4,20,11,7
50,93.06935071159812,9.886039972227758,91.08404262767118,98.3147046033074,86.80488301445456,108.94961637609146,80.193506936466,-0.0179770730523502,0.1170849746695368,-0.0761310356504776,-0.0646362641278435,0.1003681929672465,-0.181089430696824,0.1316031722461476,0.2705028370022774,0.124574616362066,0.2188866585493087,0.2206250727176666,0.3977801203727722,0.0904132947325706,0.4248090386390686,908.0421274820962,294.706655571288,849.9744434022067,1271.7986932051808,871.0862962153919,412.36208919056673,1134.9891153971355,-30.17164596674735,12.490772244149428,-25.81538932365284,-38.374808503870376,-25.97750171025594,-11.958082445880825,-48.732447850076774,0.1098510988056659,0.052744524133633,0.0587912313640117,0.0662114098668098,0.0872255116701126,0.1368602365255355,0.20016710460186,904.594309274774,309.86046950389914,778.659089740954,1258.5278812876918,909.7602003666392,393.2151312577097,1182.8092437208743,-24.52906111792514,9.327069661626274,-13.088077225183186,-35.26525855900948,-21.53429131340562,-17.07837984854715,-35.679298643480266,0.1827019616961479,0.0502007379738971,0.2378401011228561,0.206223651766777,0.2226703912019729,0.1370494365692138,0.1097262278199195,5.8,2.7129319932501073,4,4,8,3,10
75,78.17191575443043,9.358124252876594,65.86543347975787,71.15545331169577,80.75490789974437,93.26525957444134,79.81852450651282,0.1437398431581609,0.0877861660694595,0.2188284309471354,0.2206306937862845,0.1698175304076251,-0.0175705986864426,0.1269931593362022,0.4416451513767242,0.0807752450076514,0.5143266320228577,0.5160551071166992,0.4554426074028015,0.2953570485115051,0.4270443618297577,705.1951912863212,340.36333318631006,677.263153611568,702.5902977658991,1265.9511772289611,191.654979505037,688.5163483201412,-22.704169413081388,11.000396702382696,-19.96025197966057,-20.913647434167693,-37.91043553436012,-4.996228855952882,-29.74028326126567,0.1234914526343345,0.0295760456828669,0.0843851566314697,0.1257739216089248,0.0974182412028312,0.1454171240329742,0.1644628196954727,711.28185657702,358.7390474514798,601.0676660370408,714.1000066389117,1314.417015744929,194.46736426102487,732.3572302031936,-18.165608512936977,8.655524761281674,-9.692151454457065,-20.10972177145774,-31.616570916092183,-7.844452938489747,-21.565145484188147,0.1860972791910171,0.052684571302454,0.2077931761741638,0.2401780188083648,0.2226756662130355,0.1675567030906677,0.0922828316688537,16.0,8.579044235810887,27,25,13,5,10
100,83.93139994901769,17.835650973041098,87.93303119435029,53.63801585926729,108.45255174075857,79.62075702442843,90.01264392628389,0.0787664714280296,0.1812122481590915,-0.0338778509813196,0.4076442921862883,-0.108607639985926,0.1268449387129615,0.0018286172081442,0.3686421930789947,0.1771213545692472,0.2541057765483856,0.6702641248703003,0.1551531255245208,0.4403218924999237,0.3233660459518432,765.6203644334225,193.18064437658415,1141.614412006579,632.6603580943325,684.8864467687774,621.7993795829907,747.1412257144326,-24.77730650650828,7.104753189818838,-34.371676988768996,-18.469403839947883,-20.43062435116684,-18.19790119455572,-32.41692615810194,0.122277820110321,0.0485636463333243,0.0622971504926681,0.1544215977191925,0.0769862383604049,0.1239420473575592,0.1937420666217804,758.4365882204289,154.03458618912987,1035.1626801072505,654.7500064247533,726.0350373920642,587.2076159025494,789.0276012755277,-20.316844882881433,3.3990678330018747,-17.703086397104094,-17.91869159957819,-17.157849311828613,-25.35736966969674,-23.447227436199523,0.1774159759283065,0.0421138743263133,0.2011321932077407,0.2320386320352554,0.1877362877130508,0.1584345996379852,0.1077381670475006,14.8,16.868906307167638,5,48,3,12,6
125,86.58410336887135,11.822208902606873,77.80034508424647,93.28701230217428,77.77348399442785,77.2008010191076,106.85887444440056,0.0546107675748712,0.1277353101705841,0.0929663738783668,-0.001540829854853,0.1926218751598807,0.1536956871257108,-0.1646892684347489,0.3433753326535225,0.1367359974236544,0.3850460648536682,0.2908988893032074,0.484083890914917,0.452718436717987,0.1041293814778328,825.2941830819112,272.8691441969384,476.3980115923966,790.0136782997533,1160.107780590392,1110.74007482696,589.2113701000549,-25.944951397494265,7.38664648748472,-13.95259276189302,-23.38299108806409,-34.55372600388109,-32.83222713805082,-25.003219995582313,0.0967931285500526,0.0168386901105536,0.0939415544271469,0.1111771315336227,0.0656747967004776,0.1019751131534576,0.1111970469355583,814.3692735103137,279.8288187341541,424.8188214218407,783.1508360745614,1198.34306362219,1045.703295255962,619.8303511770148,-23.915870739284316,12.32447085822626,-6.607946295487253,-21.96463280393366,-28.622508914847124,-43.999375096538614,-18.38489058561492,0.1837997496128082,0.0484649498523616,0.2400585412979126,0.2094395607709884,0.1936869025230407,0.1804023832082748,0.0954113602638244,9.4,5.314132102234569,9,5,18,12,3
150,93.06686337190516,5.161598941713259,88.30644515542423,99.82754790362188,96.82867687449736,86.0572608498966,94.31438607608573,-0.0190738430443932,0.0468484780840597,-0.0501498117166406,-0.0738854604608872,-0.0060147166252136,0.0630642165155971,-0.0283834429348216,0.2842875123023987,0.0473330013666299,0.2633505463600158,0.2241115570068359,0.2903504073619842,0.36812424659729,0.2755008041858673,822.5516985976905,87.09375070890228,657.443354556435,858.5428755910773,851.6652810615406,914.52084618284,830.5861355965598,-26.374071429905136,4.69967338772383,-19.51437186358268,-25.74133915650217,-25.32494674649155,-27.081209350050543,-34.20849003289875,0.12271089553833,0.0307708500946906,0.0954439789056778,0.1168866753578186,0.0912288576364517,0.1340111345052719,0.1759838312864303,812.9118990714089,108.5105263832686,597.5028375993695,843.4570558782209,881.0853196528919,864.8286304139255,877.685651812637,-23.57679000402752,8.734538962792767,-9.941647161517228,-23.88601377554107,-20.909321441985018,-37.07068775829516,-26.076279882799113,0.1972623571753501,0.0520307444879549,0.2414215803146362,0.2131172716617584,0.2334441393613815,0.2011193186044693,0.0972094759345054,5.2,0.9797958971132712,5,4,5,7,5
175,92.580567483341,8.184887111081398,94.10084578570198,86.80216342701631,87.39880503486185,86.62684588712804,107.9741772819968,-0.0053189361095428,0.1039439728518295,-0.0987374309231253,0.0730943728895748,0.0931634885423323,0.0668789895141826,-0.1609941005706787,0.2811545729637146,0.1065237117413731,0.193224623799324,0.3475854694843292,0.3854279518127441,0.3628385961055755,0.1166962236166,988.8715386641652,295.79939070151806,702.3400000856634,1505.3669347930372,1107.943748072574,896.5949235882675,732.1120867812842,-31.098559532667466,8.128163667033801,-20.991161681058113,-45.23970630712677,-33.081333227324905,-26.333449363708496,-29.847147084119023,0.1067061394453048,0.0428599468968643,0.0563516542315483,0.0989682003855705,0.0886884480714798,0.1037221103906631,0.1858002841472625,981.8344510262472,308.0970789165364,634.360092430784,1498.290767201206,1150.3142271878426,843.3347596285636,782.8724086828399,-27.86425862939734,11.057186426194876,-10.571003531154831,-43.855085009022766,-27.775624664206255,-33.830856013716314,-23.288723928886547,0.1866501882672309,0.0398817294873154,0.2335918098688125,0.2028909474611282,0.1959698349237442,0.187617152929306,0.1131811961531639,5.6,1.743559577416269,4,7,7,7,3
200,80.5308216341804,8.518739076017372,71.57912464141846,76.55700539981618,95.08111673242904,84.90926094055176,74.52760045668659,0.1187556556393118,0.0712051652338574,0.1594226802096647,0.1674124507343067,0.0059549685786752,0.0659572373418247,0.1950309413320878,0.4156998813152313,0.0665905596055024,0.4518370330333709,0.4619150459766388,0.3042806982994079,0.3759511709213257,0.4845154583454132,780.5808979235198,106.0822575690513,928.4556327953674,864.8091350354647,718.5448865388569,628.4801325212445,762.6147027266653,-24.940001051049485,4.776302185154639,-27.488103900039405,-25.595969032822993,-21.318813491285898,-18.295012955079997,-32.00210587601913,0.1178831502795219,0.0470804382543471,0.0811990872025489,0.1040041297674179,0.0949013233184814,0.098477765917778,0.2108334451913833,770.544808263946,97.65136805878696,829.9695530941611,872.8630745871026,758.0532654879386,590.1254508035224,801.7126973470052,-20.958230941755733,4.263003772782362,-14.015587637298983,-24.898449165779247,-17.96761325785988,-24.29994445098074,-23.609560196859796,0.1933305740356445,0.0425628673858875,0.2298997640609741,0.2100817859172821,0.2346497476100921,0.1710555553436279,0.1209660172462463,11.8,4.874423042781576,14,13,5,8,19
225,91.52577249414782,10.4441778628638,88.6448725532083,92.03736570021684,104.69427010031308,98.47774281221278,73.77461130478802,-0.0001515115709865,0.1072938180927346,-0.0373934437246883,0.0051874921602361,-0.0919155639760634,-0.0798753384281607,0.2032392961137435,0.294173714518547,0.1023062820664533,0.2629940211772918,0.2926503419876098,0.2056245952844619,0.2203260362148285,0.4892735779285431,719.7177280359101,338.5527636630491,334.36379630105534,824.499745686849,358.66367647940655,1237.2678158408717,843.7936058713678,-22.720455748993057,11.267939311010323,-9.395344828304491,-24.410131688703572,-10.228510241759452,-36.69526459041395,-32.87302739578381,0.1208125993609428,0.0370440997156165,0.0920673161745071,0.1104408353567123,0.0883697047829628,0.1225741356611251,0.1906110048294067,717.6683162756134,327.61096628550774,311.280965972365,824.9893991570724,379.44772285327576,1182.11262378358,890.5108696117736,-22.318828509983263,15.656798010933796,-4.539125314930029,-23.87578899400276,-8.31588205747437,-48.70677832553261,-26.156567857976544,0.1862533330917358,0.0518307230507885,0.2434608340263366,0.2251096963882446,0.1860454827547073,0.1833551675081253,0.0932954847812652,7.6,6.216108107168021,5,5,4,4,20
250,89.5723681236716,11.38889480509498,92.9619920169606,75.95792014178107,78.54412464815027,107.41774134916416,92.98006246230182,0.0248079083246343,0.1432083666909387,-0.0856552783180685,0.189529038176817,0.1856284334379083,-0.1670385027632993,0.0015758510898141,0.3031837150454521,0.1512216387890395,0.1903366297483444,0.4681938290596008,0.4796256721019745,0.0963738337159156,0.2813886106014251,610.5478921053702,300.90868136527746,652.160729659231,1039.9590571888707,631.4889981453879,95.16671893471164,633.9639565986499,-19.0008806347847,9.72695902504149,-19.2879687484942,-30.75181501790097,-18.31473099139699,-1.7060270696355586,-24.94386134649578,0.1051920622587204,0.0258296934211121,0.0901695191860199,0.0952552407979965,0.072280004620552,0.1228651404380798,0.1453904062509536,612.7038119198983,293.8249131284093,585.7427303916529,1037.9542696768776,656.9364415218955,117.370594258894,665.5150237501713,-15.61419374440846,9.223540363923847,-9.813467326917149,-30.340162122458743,-15.288721841678283,-3.01424973680262,-19.614367694185493,0.1675862446427345,0.0556927905183575,0.2432844638824463,0.1774094253778457,0.2074693590402603,0.0942090079188346,0.1155589669942855,8.6,5.678027826631356,4,15,16,3,5
275,90.40172814313102,7.371949428571648,77.11759275548599,93.631781836117,95.24610250136432,97.89474117054658,88.11842245214126,0.0194416133095236,0.0522123370842809,0.0956918930306154,-0.0067210846087511,0.0285048628554624,-0.0616143612300648,0.0413467565003563,0.310448357462883,0.0545645393485329,0.3890022933483124,0.2907087206840515,0.3127422630786896,0.2230888754129409,0.3366996347904205,695.3154226202713,193.12302647423064,958.7018914473684,883.4854747036047,588.1600025913172,449.2441299170778,596.9856144419888,-21.520143162576776,5.6879646010683755,-28.261273576502216,-26.17927450882761,-17.296558865329676,-12.880896179299606,-22.982712682924777,0.1258398085832595,0.0440162908233771,0.0693601593375206,0.1247315928339958,0.1043561547994613,0.127242311835289,0.2035088241100311,682.2574286745306,168.48090376495293,858.2443312260143,878.1672556023849,615.5397874263294,425.8443734687671,633.4913956491571,-18.123526509184583,4.408432932193215,-14.728638563239784,-26.461846552397077,-14.447457001920332,-16.54064336785099,-18.439047060514753,0.1841527894139289,0.0513842535572615,0.2288997024297714,0.2425248473882675,0.1997502297163009,0.1406383663415908,0.1089508011937141,5.6,1.3564659966250536,8,5,5,4,6
300,85.84466835021972,7.742927204353951,74.26302878435921,98.68492824330048,85.79480272180894,85.35193499396829,85.12864700766171,0.063492854903726,0.0652919090105998,0.1282099296064937,-0.058759319782257,0.1086351233370163,0.0639161691946141,0.0754623721627628,0.3621592223644256,0.0680813499626355,0.4193849265575409,0.2314373850822448,0.4122850894927978,0.3701916933059692,0.3774970173835754,778.0985527975517,269.8510353207366,897.1853948225055,242.3988351654588,945.8081011855812,946.3629835697644,858.7374492444491,-24.454177138261628,9.233891196278456,-26.580172906842147,-6.564196530141328,-28.084885496842233,-27.78565298046982,-33.25597777701261,0.1245973005890846,0.0348734611770623,0.080553725361824,0.1419972330331802,0.1027527302503585,0.1157849505543708,0.1818978637456894,768.2000184711657,266.04730930000113,792.6124706602933,251.45224721808185,992.7206677888568,899.8986912777549,904.3160154108416,-21.071374351727336,9.961648603606246,-13.512303910757366,-6.511883075822864,-23.962124360235112,-34.7988598639505,-26.571700547870837,0.2012105718255043,0.0493074145515585,0.221787616610527,0.2584737539291382,0.225903645157814,0.1859114915132522,0.11397635191679,7.2,1.9390719429665315,10,4,8,7,7
325,78.25140322068157,9.120386837873108,79.79597060259651,71.26892435410443,82.59100543751435,65.66032779917998,91.94078791001265,0.14616199240965,0.1003571497528007,0.0584567332968992,0.2263878748697393,0.1538364210549523,0.2805458163513857,0.0115831164752735,0.434962922334671,0.0974953638176535,0.3606375753879547,0.5148541927337646,0.435447484254837,0.5653567910194397,0.298518568277359,795.6020058079769,245.6069555847302,714.682781554105,958.8036156369928,1186.2645231548108,603.7140460097999,514.5450626841763,-24.178434671853715,6.494042309822477,-21.032009517937375,-28.136940671686546,-34.93290424346924,-17.224260970165854,-19.56605795600958,0.1072703473269939,0.048807624657776,0.0923906192183494,0.0758654698729515,0.0509304516017437,0.1249435544013977,0.1922216415405273,790.5988908734238,270.293527786885,637.5925464295505,963.5902292351974,1239.4266314590186,573.7564140453674,538.6286331979852,-21.60525499937827,7.474771708547606,-10.949759968540125,-28.99896646382516,-30.225651218180072,-22.279001100021496,-15.572896246324506,0.1816736370325088,0.0392563861991549,0.2476007938385009,0.1648624390363693,0.171182245016098,0.1956803798675537,0.1290423274040222,16.6,12.93986089569745,7,21,10,40,5
350,81.23359495723949,7.882689654647158,69.48446293999167,90.7828322017894,89.08627236310174,77.02654661290786,79.78786066840676,0.1184901151236365,0.06035134493478,0.1843387305736541,0.0209318024270674,0.0831234721576466,0.1727326628039865,0.1313239076558281,0.4086219906806946,0.0598374459744867,0.4743867218494415,0.3087814152240753,0.3769704699516296,0.456445574760437,0.4265257716178894,729.3893932677153,183.96149637667503,771.576176693565,827.9305189701549,554.4351870888158,998.02231102659,494.9827725594504,-22.388992561373794,4.43429765396633,-22.685696635329933,-24.527944263659027,-16.126062773821648,-29.155645537794683,-19.449613596263685,0.1317326217889785,0.0269343420540102,0.0976361259818077,0.1266508549451828,0.1104042306542396,0.1532260775566101,0.1707458198070526,709.747512389066,157.21143641897646,677.2321541769463,825.2450400904605,584.5006371213678,946.0545836331552,515.7051469233998,-20.31726427789319,9.356513840708374,-11.611650713703089,-24.88192797961988,-13.638262278155276,-36.634878522471375,-14.819601895516378,0.2060195282101631,0.0503060579497338,0.247150257229805,0.2275580763816833,0.2333496063947677,0.2144098132848739,0.1076298877596855,11.2,5.635601121442148,20,5,6,15,10
375,82.59875695621267,11.19291457744552,66.98419095207663,89.62976321052102,75.00405152264763,99.19110307132496,82.18467602449304,0.1017709119179669,0.1165259625221142,0.2135313949164222,0.0155665439717909,0.2377386008991914,-0.0696489158798666,0.1116669356822967,0.3925607770681381,0.1098666377602182,0.5022396445274353,0.3215817809104919,0.5132154226303101,0.2233529537916183,0.4024140834808349,692.6984086956894,78.19907881758348,715.5276082356771,650.0832085860403,753.1221934536047,563.380655389083,781.378377814042,-21.553993791446352,4.447658739167446,-20.989837328592937,-18.98410231188724,-21.888748110386363,-16.322062973390544,-29.585218232974672,0.1325919240713119,0.0371646732688341,0.122797667980194,0.0931361243128776,0.0950076952576637,0.1700632125139236,0.1819549202919006,686.1766718278851,110.14035939916796,617.9798471551193,656.5656973855537,791.5340533340186,534.0809427897135,830.7228184750205,-18.714189069312916,4.485786647241475,-10.536012574246056,-19.687545255610814,-18.90803435392547,-20.19891499427327,-24.24043816850897,0.2017936512827873,0.0578587158875009,0.2551646828651428,0.1813549846410751,0.2162626832723617,0.2560004293918609,0.1001854762434959,12.8,8.840814442120138,24,5,23,4,8
400,85.59219677195829,9.732241837188814,93.30608756121468,90.3134120492374,96.41791855307186,72.53711395263672,75.3864517436308,0.0665511306594399,0.110999893158984,-0.0866655332200667,0.0182993625893312,0.01273854655378,0.2068666023366591,0.1815166750374962,0.3554212510585784,0.1169187887118481,0.1860400736331939,0.3326010704040527,0.2872119843959808,0.5026547908782959,0.468598335981369,445.4933488544664,199.25962823696707,267.2757189566629,305.55897602282073,326.6465368438185,526.9338306627775,801.0516817862527,-14.114051294745058,8.667374397543725,-7.290590148223074,-8.502110481262207,-9.146929947953476,-15.022136771888064,-30.60848912439848,0.1420641556382179,0.0320664800323547,0.1111679822206497,0.1318952888250351,0.1191917583346366,0.1464995145797729,0.2015662342309951,451.45209206028994,213.2696466017391,249.8914666426809,315.76062332956417,343.4705122562877,504.35694269548384,843.7809153774328,-12.693607637129332,7.936110018330845,-3.433721731629288,-8.722746194454661,-7.3514080800508195,-19.492139264156943,-24.468022915354947,0.1992109984159469,0.0405527773857174,0.2272885590791702,0.2451324611902237,0.1888826340436935,0.207324743270874,0.1274265944957733,11.2,8.23164625090267,4,5,5,24,18
425,79.69606179630054,12.33088089390526,62.89367994420669,74.44586740381577,100.49902608534867,77.42048393698299,83.22125161114862,0.1362556747829212,0.0990038236769381,0.2548858491813435,0.1944908114040599,-0.0342754458679872,0.1680414908072527,0.0981356683899374,0.4254697352647781,0.1011155600977613,0.5440976619720459,0.4846121966838836,0.2469129413366317,0.4547465741634369,0.3969793021678924,766.7924685829564,209.7773376847534,580.9263348495751,834.9720833761651,1114.841294673451,522.8351606402481,780.3874693753427,-23.55604999525505,6.878267398549636,-16.80799303138465,-24.36549221005356,-32.669328580822864,-14.817835238941928,-29.119600915072255,0.1276733458042144,0.0314826785353718,0.1038465499877929,0.1230469420552253,0.1136359423398971,0.1085026785731315,0.1893346160650253,765.0498747173109,243.10096077610103,506.97132364908856,847.7331907038104,1151.7380349677906,500.9748272812157,817.8319969846491,-21.059019357279727,6.888561049571676,-8.563258737848516,-25.5847104683257,-28.06737614096257,-19.188711892094528,-23.891039547167328,0.2011220380663871,0.0455511415709563,0.2544382810592651,0.2022407799959182,0.2275580614805221,0.2028868645429611,0.1184862032532692,15.6,9.830564581955606,33,17,4,15,9
450,84.26879833894618,9.144498758628334,73.93928913789637,83.33725615108715,99.8845880171832,87.43969977883732,76.74315860972685,0.076790896654129,0.0691796700674518,0.1245512681848862,0.1006521961268256,-0.0339628521133871,0.0329271852970123,0.159786685775308,0.3796806097030639,0.0668640948065714,0.4237441122531891,0.3944942057132721,0.2646276354789734,0.3559132218360901,0.4596238732337951,680.5283881471868,150.56983753122438,700.062733968099,872.4186669065241,713.486936334978,407.9953958611739,708.678207665159,-20.8884345581657,5.258378847381714,-20.542154927002755,-25.41898565125047,-20.83913728647065,-11.436656646561204,-26.205238279543423,0.1220526427030563,0.0338752488095202,0.0746160075068473,0.1150038689374923,0.1090155020356178,0.1335863620042801,0.178041473031044,677.6944619697437,165.75266427027773,620.4588756895902,875.9488589638158,753.0397114000822,388.2592934056332,750.7655703895971,-18.275624108314513,5.418109462173572,-10.723141312599182,-26.252350694254822,-18.0451270613754,-14.57046239417896,-21.7870390791642,0.1910381570458412,0.0378306960070276,0.228656992316246,0.1877386718988418,0.2259855568408966,0.1888815611600875,0.123928003013134,9.0,4.47213595499958,10,8,4,6,17
475,87.0949030752743,8.820767133703841,83.28146882898668,81.52365323235007,97.61109899633072,97.30453630335192,75.75375801535213,0.045627121925354,0.0904284956690204,0.0148628820391262,0.1185990021509282,-0.0080365647287929,-0.0744816909818088,0.1771919811473173,0.3460979729890823,0.0885774206634474,0.3202520310878753,0.4276862144470215,0.2814676165580749,0.2328802794218063,0.4682037234306335,621.4964358145731,167.00897507756218,672.2185363769531,354.8928262810958,518.4610622472931,827.5354282312226,734.3743259363007,-18.939190939853063,6.095181190421077,-19.463473361835145,-9.849801113730985,-14.718545407579656,-24.04507450471845,-26.6190603114011,0.1460539653897285,0.041521732041561,0.1048638075590133,0.1104216054081916,0.1576906591653823,0.1374524086713791,0.2198413461446762,611.9161475466009,156.13469200096307,595.0698445638021,369.9846855297423,533.350262022855,781.7308531644052,779.4450924521998,-16.656036194165544,7.415652520296372,-10.261227153895192,-10.063256148706405,-12.189219556356733,-28.409836953146417,-22.356641158722994,0.1974997639656067,0.0372488105317661,0.2582592666149139,0.1681065708398819,0.1927457004785537,0.2158558070659637,0.1525314748287201,8.0,4.049691346263317,6,10,5,4,15
500,84.8055153611127,10.491397058418832,69.34130879570456,91.0884162005256,81.22298278808594,81.76835255342371,100.6065164678237,0.0751275602508993,0.1042673193059507,0.191876913168851,0.0243847229901482,0.1601518550339867,0.0984019289998447,-0.0991776189383338,0.3712611317634582,0.1090417062554893,0.4776130318641662,0.3164140284061432,0.4628374278545379,0.4148492515087127,0.184591919183731,537.375600794742,169.4580035049941,725.3124743009869,648.3841226142749,524.3689869663172,560.0673838832922,228.7450362088387,-15.61800945746271,4.53641172616371,-20.9461224330099,-18.753635485967,-14.963405199218217,-15.821630176744964,-7.605253992373483,0.148999761044979,0.0363233842298223,0.1249927431344986,0.1448754221200943,0.110506884753704,0.1483818143606186,0.2162419408559799,519.8831176222417,149.8350225711145,632.6101090280633,650.6772337796396,558.3669262266995,522.3968687894052,235.36445028740064,-13.464499639628226,4.80873488845766,-10.924038372541728,-18.577042527366103,-12.835925307190209,-18.846638579117624,-6.138853411925466,0.2067505240440368,0.0439694851557696,0.2587226033210754,0.2278330028057098,0.2133070975542068,0.2076208442449569,0.1262690722942352,10.2,5.491812087098393,19,5,13,10,4
525,85.98070043451646,8.692375809830665,76.76759910583496,96.92987116645364,89.05759714911966,74.85722834643195,92.29120640474208,0.0648042918654049,0.0808665542513723,0.0912464695818284,-0.0429777275113498,0.0766230793560252,0.1939697269131155,0.0051599109874052,0.3603972941637039,0.0846407791004224,0.4123872518539428,0.2363439351320266,0.3790802359580993,0.4764024913311004,0.2977725565433502,737.7088481702302,160.5264091585604,503.2002606308251,686.8054525810376,751.1317556280839,1004.2579795435856,743.1487924676193,-22.327359396114684,5.145395416972437,-14.412536002042,-19.781038644021017,-21.748835337789433,-28.84104060290153,-26.85334639381944,0.148463062942028,0.0418966198082286,0.0990843102335929,0.1650973558425903,0.1308256238698959,0.1263178437948227,0.2209901809692382,730.6723608184279,165.41160789654103,448.3118414627878,682.5902833102042,780.9587959155701,951.3518933747944,790.1489900287829,-20.45498688848395,8.591320326047821,-7.443691822520473,-19.303884527139495,-18.5144599487907,-34.20808731882196,-22.80481082514713,0.2084871843457222,0.0490054024700254,0.26287841796875,0.2118073254823684,0.2388186156749725,0.2105225622653961,0.1184090003371238,9.4,6.280127387243033,11,4,6,21,5
550,86.97268408158246,11.90872791874106,77.98868569766773,90.83168339448817,79.19103179258458,108.74984680624569,78.10217271692612,0.0488908567148096,0.1363890906199175,0.0903777676470139,0.0249904660617603,0.1830701761385973,-0.201916336662629,0.1479322103893055,0.3464461654424667,0.1259547080963697,0.3667994737625122,0.3263548612594604,0.4735173285007477,0.1180812567472457,0.4474779069423675,873.1721917403371,182.89342942544303,1069.3578277052495,536.6720538222999,854.508041649534,917.0004069010416,988.3226286235608,-26.806318012873326,6.904852094760727,-31.091219249524567,-15.44322897676836,-24.716716055284465,-26.67247400785747,-36.10795177493179,0.1463771641254425,0.0190816718461062,0.1240107715129852,0.1596951782703399,0.1234962046146392,0.1549375653266906,0.1697461009025573,857.4769795735676,173.23234255673128,954.7963203296326,536.085001092208,889.2351556075247,859.3411651075932,1047.92725573088,-22.959379460100543,6.623091211774386,-17.2164761810972,-14.988195162070426,-21.21172977330392,-31.021178429586847,-30.359317754444323,0.201567094027996,0.0437686043226739,0.2456028759479522,0.2271480560302734,0.211048424243927,0.2054160386323928,0.1186200752854347,10.0,5.656854249492381,9,5,16,3,17
575,83.88878666597253,11.420427187758175,73.44793797661276,89.17258671031279,102.82040043999169,71.43708143795237,82.56592676499311,0.0850802434893215,0.0914978717818748,0.1234206080436706,0.0369434226961696,-0.0589113477398367,0.2144776267163893,0.1094709077302147,0.3781180173158646,0.0941900922532107,0.424660861492157,0.3248509168624878,0.2346926480531692,0.514478862285614,0.3919067978858948,691.4513614989164,401.8342901264943,534.3128828082168,1015.2626524808114,79.31171290079753,594.9102665415982,1233.459292763158,-21.232027757167817,14.373792183982546,-15.281832360384756,-29.39984474684063,-1.0768200044046368,-16.713779817547714,-43.68786185666134,0.1346577122807502,0.039263415349802,0.0655415132641792,0.1443312019109726,0.1405803710222244,0.135243535041809,0.187591940164566,689.4661282790336,426.9467232943598,470.2543067262884,1014.0622569301672,96.53558192336769,554.0402548271313,1312.4382409882128,-19.22914119854308,13.570655029185623,-7.853286981582642,-29.283719100450213,-0.8187328054193865,-20.243543959500496,-37.94642314576266,0.1867143362760543,0.0240263141161421,0.2249741554260254,0.1913461238145828,0.1952956765890121,0.1621354669332504,0.1598202586174011,13.6,10.403845442911962,15,6,4,33,10
600,83.04113229190602,9.476561600251603,86.84198821572697,80.9442086836871,65.60533801808077,89.80482868867762,92.00929785335764,0.0839479720592498,0.1273878590364683,-0.0216504861326778,0.1063934280591852,0.322258064326118,0.0244655440835391,-0.0117266900399151,0.3859159409999847,0.1156667205375353,0.2829492390155792,0.4254312813282013,0.5953589677810669,0.3230980932712555,0.3027421236038208,570.0597367136102,125.94766661561864,576.1869480066132,598.873505174068,368.54854436506304,543.876310649671,762.8133753726357,-17.174259991394845,5.524309088147271,-16.43676917594776,-17.108885054002727,-9.933161927942644,-15.397293295776636,-26.995190503304464,0.1464599713683128,0.0377177354958833,0.1328629106283188,0.1477098166942596,0.0944658443331718,0.1458175182342529,0.2114437669515609,570.6224442331414,139.55319814684762,516.6844498483758,607.006133497807,403.0115511710184,508.4376231411047,817.9724635074014,-15.338566363903514,5.710243322430601,-8.79601452225133,-17.18469316290136,-8.908724211809927,-18.2957985526637,-23.50760136989125,0.1978705048561096,0.0477009877060082,0.2724794447422027,0.2018574029207229,0.1410506665706634,0.2211068421602249,0.152858167886734,15.4,16.48757107641996,5,12,48,6,6
625,86.7985542342242,4.110045772253366,82.0225835014792,91.65177248786478,88.42932981603286,90.06647529602051,81.8226100697237,0.0563827602302326,0.0401566312157178,0.0454446136951446,0.010246074550292,0.0893431049935958,0.0213369267828324,0.1155430811292985,0.348941159248352,0.0376908061548286,0.3445284068584442,0.2994123995304107,0.3770579099655151,0.3199822902679443,0.4037247896194458,815.5014133386445,118.74810192020112,648.9547986482319,750.9461279082717,815.5222660533169,853.9018918756854,1008.1819822077166,-24.87602658355445,5.953227941343623,-18.597568524511235,-21.57237549831993,-23.519561165257503,-24.635442440969904,-36.05518528871369,0.1527170211076736,0.0304193689448139,0.1206441670656204,0.1590305864810943,0.1321496963500976,0.1437706053256988,0.2079900503158569,804.446561257881,162.76056893502468,574.7575763903166,743.5861612955729,831.1525107935855,794.1112772623698,1078.6252805475604,-22.106786627100227,7.542325785522207,-9.84800376390156,-21.04427126625128,-19.67943393556695,-28.73118185160453,-31.231042318176804,0.2149612545967102,0.0471597731444308,0.2924695014953613,0.2102223932743072,0.2111071348190307,0.2172508984804153,0.1437563449144363,8.0,2.6076809620810595,8,6,7,6,13
650,92.40645468767951,11.119250271754863,87.14395426581888,87.60691586662742,111.84940273060518,79.18868547327378,96.24331510207232,-0.0094520042223088,0.0992189395518735,-0.0173069122959585,0.0593575859771055,-0.1588505439898547,0.1301492957507862,-0.0606094465536229,0.280710968375206,0.1035296989674092,0.2669550478458404,0.3418027460575104,0.1171455979347229,0.4287208914756775,0.2489305585622787,748.9624159428112,39.55328303559042,687.4206687525699,806.7854410807291,731.2448623389529,768.2757107918723,751.0853967499314,-22.389390077089008,2.373405631359283,-19.592982434389885,-23.1410881761919,-20.9226358898899,-21.75098649242468,-26.539257392548677,0.1654741942882537,0.0462853055020941,0.1382785737514495,0.1504206359386444,0.124363899230957,0.1592948734760284,0.2550129890441894,737.1200031481292,72.30053250001144,613.4133589895148,805.0435073584841,749.5906157911869,708.1482356556675,809.4042979457922,-19.928621702026906,5.267311957143123,-10.600539305753877,-22.80579675707901,-17.76984587886877,-25.15758005987134,-23.30934650856152,0.1979361832141876,0.0459589569298462,0.2872708737850189,0.1869806498289108,0.1881825923919677,0.16132652759552,0.1659202724695205,8.2,5.635601121442148,6,8,3,19,5
675,90.68065873089958,13.559821722317666,67.28795356750489,88.13400064356186,104.58612015668083,103.76409566542682,89.63112362132352,0.0141846482893999,0.1171211510239327,0.2061497979304369,0.0530095321290633,-0.0854853591498206,-0.1278557177852181,0.0251049883225384,0.3043237388134002,0.1194760274601892,0.4984374642372131,0.3439116179943084,0.1892489790916443,0.1680463552474975,0.3219742774963379,611.9608286004318,204.48760197649256,671.9422141627261,493.2163803368284,987.172742341694,437.5504782158032,469.922327945107,-17.73102110645227,5.910447568757691,-19.189101842411777,-13.880850821210627,-28.61525210999606,-12.221537564930165,-14.748363193712736,0.1676315665245056,0.0276191390966597,0.1431822627782821,0.1743625402450561,0.1379295736551284,0.1672123074531555,0.2154711484909057,602.7624840451961,216.8229432403044,583.4831125359786,496.19637954444215,1021.3348452919408,404.9909753632127,507.8071074904057,-15.383107606569927,4.955445523578312,-10.080897414893435,-13.546896742101302,-24.801106645349872,-14.23452525598961,-14.252111974515412,0.2072227567434311,0.020806004936493,0.234052762389183,0.1970542222261428,0.2055205702781677,0.2245061248540878,0.1749801039695739,12.4,12.00999583680194,36,9,4,4,9
700,88.0491733416389,7.474926924876723,81.31838405833525,84.37785108229693,88.6716641594382,102.2229092093075,83.65505819881663,0.0415837271073285,0.0759209028776062,0.0571528550456552,0.0850454849355361,0.0876131569637971,-0.1085452318191528,0.0866523704108069,0.3269955694675445,0.0739567375862425,0.3242911398410797,0.3723082840442657,0.378592312335968,0.1845307946205139,0.3752553164958954,830.9942579838267,253.23926486981432,1011.6323081568668,1139.196763423451,555.6656895687705,506.9455678839433,941.530960886102,-24.33066173352693,7.721964033508721,-29.347926148197107,-32.80979024318226,-15.785870769567657,-14.245575419643467,-29.464146087044163,0.1623211950063705,0.0160258820950215,0.1412035971879959,0.1695036590099334,0.1510325819253921,0.1618745028972625,0.1879916340112686,819.9576767235473,255.7551014413083,912.5076743678044,1130.0363437585663,571.9607725979989,469.80382015830594,1015.4797727350604,-21.40674810911479,7.65704424706991,-16.428165751591063,-32.22111509975634,-13.079391234799436,-16.36898512589304,-28.936083333534107,0.212397626042366,0.0277123885258545,0.2444064617156982,0.1960472911596298,0.2057480365037918,0.2429872304201126,0.1727991104125976,9.6,3.3823069050575527,8,11,11,4,14
725,89.41889845231,6.264343710613335,86.70290817933925,80.42210942436667,99.3366496591007,92.30617915882785,88.32664583991556,0.0293770323080175,0.063164646122792,-0.0288035252515007,0.1387897344196544,-0.029967832214692,0.0106515477685367,0.0562152368180892,0.3078528463840485,0.0611602800154133,0.2644433677196502,0.4185802042484283,0.2542344629764557,0.2728144526481628,0.3291917443275451,923.2605115388568,319.73680560160085,989.5422780890214,1016.593530487596,659.6330710963199,1435.2369770250823,515.296700996265,-26.70071871071531,8.904627167483728,-28.365978123848897,-29.256146464431495,-18.854024452075624,-41.14333132693642,-15.884113186284116,0.1750672698020935,0.0243300959653236,0.1554094403982162,0.1645316928625106,0.1665581613779068,0.1657742261886596,0.2230628281831741,895.3613370125755,272.4127210910805,892.9711753443668,1011.8203970925848,672.0405096756784,1338.339489317777,561.6351136324698,-24.392766736264814,11.810401952449482,-16.059079199506524,-28.68124467448184,-15.722281968384458,-45.80991059437133,-15.691317244579915,0.2092312574386596,0.0261455951005493,0.2558468878269195,0.190600037574768,0.2174422144889831,0.2004970461130142,0.1817701011896133,9.0,4.69041575982343,6,18,5,7,9
750,92.52294046738568,11.938257634842898,74.44447396222283,89.49737800149357,99.48929750779097,110.27255316341623,88.91099970200483,0.001305574389065,0.1075678629231012,0.1383804472053752,0.0372037701746996,-0.0169479741769678,-0.1889119888053221,0.0368036175475401,0.2820000573992729,0.1073348480132734,0.4162741899490356,0.3181691169738769,0.2510498166084289,0.0948247835040092,0.3296823799610138,639.9974871719093,165.4612821120265,877.8145355760006,689.2467881587513,459.52535850123354,445.89308996367873,727.5076636598822,-18.53258358010074,5.117793953449603,-25.099141488995468,-19.647348253350508,-12.93216530063696,-12.34106719703005,-22.64319566049074,0.1705904275178909,0.0188902796962591,0.1537446677684784,0.1816840767860412,0.1702212691307068,0.147588700056076,0.1997134238481521,629.2324042069284,157.59865651157128,785.8554559004934,685.1557044313665,471.87672611705045,414.22752621299344,789.0466083727384,-16.03698768824862,4.136781765388087,-13.896860461486014,-19.05754245373241,-10.663170998556572,-14.228577925447832,-22.338786602020264,0.2139246731996536,0.0149750578350759,0.2424995899200439,0.212589681148529,0.2106805592775344,0.2034317553043365,0.2004217803478241,8.8,5.946427498927402,20,7,5,3,9
775,91.1889116937974,3.895320279460161,91.0833813162411,90.16022415161132,89.73489611008588,98.37092399597168,86.59513289507697,0.0127563270400552,0.0664264406136693,-0.064659394937403,0.0422078763737398,0.0842218935489654,-0.0690596513888415,0.0710709116038154,0.2932043701410293,0.060498031802619,0.2120129615068435,0.3121681809425354,0.3568219542503357,0.2320932149887085,0.3529255390167236,789.1512054978756,133.18470601235973,911.7085378546464,635.9232664944833,898.5613167746026,882.2978697659677,617.265036599678,-22.912474937188,3.784469126706321,-26.428877838870935,-18.18596432083531,-26.014309699075262,-25.53699979447482,-18.396223032683658,0.1691063553094864,0.0161439860626829,0.1494412124156952,0.1722822189331054,0.1616804748773574,0.1978750377893448,0.164252832531929,771.2385219640898,104.43213477847702,821.1356072676809,633.9391806083813,914.246223315858,818.243353057326,668.6282455712034,-19.59872494078519,3.662147235556613,-14.679397693851538,-17.44560408801363,-21.77211924603111,-25.326734342073134,-18.769769333956535,0.216030603647232,0.0329818353975668,0.2643716633319855,0.1959152221679687,0.2035072594881057,0.2429458349943161,0.1734130382537841,8.2,2.9257477676655586,5,8,11,5,12
800,96.86973586587344,8.02765026788194,90.45917591768152,91.0826494329116,105.55460559620576,107.73747518202838,89.51477320053998,-0.0526439004084643,0.0752159177269672,-0.048952356857412,0.0189487842952503,-0.0990777801064883,-0.1684982492643244,0.0343600998906528,0.2207421407103538,0.0858849997096184,0.2197203487157821,0.3002780675888061,0.1898211985826492,0.0776444599032402,0.3162466287612915,712.9386724103962,179.5534847311838,701.7173933062637,707.9636551706415,909.481809381853,392.3798083924411,853.1506958007812,-20.6454639903286,5.5302041098618915,-20.025238321538556,-20.301377196060983,-26.37796094124777,-10.906665806184735,-25.616077686610975,0.1529220402240753,0.0315165543613908,0.1438395678997039,0.1600655168294906,0.16135074198246,0.100990206003189,0.1983641684055328,708.4337078964502,208.7865631673875,627.2023861533717,702.6631212736431,927.206991630688,364.35409492358826,920.7419455009594,-17.939155664778593,6.121948637988503,-10.889484043706927,-19.38647764816619,-22.246462750853155,-10.96410510414525,-26.209248777021443,0.2021003395318985,0.0315986947268464,0.2443820983171463,0.18094502389431,0.2298347204923629,0.1577424705028534,0.1975973844528198,5.8,2.3151673805580453,5,8,4,3,9
825,94.63251869426054,3.23272425937591,91.71599890765022,90.93519858191996,96.5232634824865,94.22390944536994,99.7642230538761,-0.0302529411456164,0.0450336101330173,-0.084769167619593,0.0256977757986854,0.0045967901454252,-0.0154948059250326,-0.081295298127567,0.2501199096441269,0.0395549351646438,0.2055802196264267,0.2956286668777466,0.2896458208560943,0.2561964988708496,0.2035483419895172,892.2159487004865,199.67871709080688,864.4762926603619,1254.5841353567023,858.8374430338541,639.640346058628,843.5415263928866,-25.933869381954793,5.87268237647466,-24.955324039124605,-36.47449680796841,-24.807783453088057,-18.285963953587046,-25.14577865600586,0.170670685172081,0.0269716659079798,0.1311332285404205,0.1487560123205185,0.1767401695251464,0.2017849534749984,0.1949390619993209,879.7903676886308,212.4257017939548,787.6326422440378,1240.652946606017,866.3895649157072,587.6104024251302,916.6662822522616,-22.80824519123947,7.299017516536991,-14.066854368176376,-35.16418691267047,-20.56672141426488,-18.163825390631693,-26.07963787045395,0.2059996724128723,0.0257779191030863,0.2149587720632553,0.1776199787855148,0.2234867215156555,0.2395943999290466,0.1743384897708892,6.2,1.16619037896906,5,8,7,6,5
850,90.41536151661592,7.25815833722795,79.50274462980383,97.68141048655792,89.67280610028435,86.23261783824248,98.98722852819108,0.0209422374472898,0.0647538428451023,0.0760052684475393,-0.0547456331112805,0.0800758954356698,0.0648006463752073,-0.0614249899106867,0.2991344839334487,0.0674031265961478,0.3460245430469513,0.2286931872367859,0.3636747300624847,0.3512683510780334,0.2060116082429886,816.8037400630483,171.94470700843786,955.7317569130346,516.524782415022,886.9669178745203,983.3852025082236,741.4100406044408,-23.58186019428989,5.027586130266992,-27.550912480605277,-14.509630161419247,-25.652391174383332,-28.215779279407705,-21.98058787563391,0.1604649364948272,0.0154615934612623,0.1437352299690246,0.162087470293045,0.1505473852157592,0.1888094246387481,0.1571451723575592,800.4303161621094,147.70849471140355,858.2825627912555,514.790148818702,908.051449424342,912.2315630996436,808.7958566766036,-20.361961075297575,5.289699682098018,-15.285342515560618,-13.748888791653147,-21.66688966332821,-28.272370020548504,-22.83631438539739,0.1967781215906143,0.0274149801543914,0.2390626519918441,0.1997624039649963,0.1908877342939376,0.201078400015831,0.1530994176864624,9.8,3.9698866482558417,14,5,13,12,5
875,95.1697072017894,11.343574897409248,78.39104533475988,87.15292549133301,102.63387978497674,97.06441865808824,110.60626673978918,-0.0339188986666062,0.1017231718690549,0.0834290017099941,0.0687969165689805,-0.0690571963787078,-0.0589889337034786,-0.1937742815298192,0.249763810634613,0.0995720729130915,0.3631958365440368,0.3400693237781524,0.2242222726345062,0.2381958067417144,0.0831358134746551,662.2568100243284,144.30872814479125,718.4543291058457,686.1060003983347,561.3781866776316,884.8102449115954,460.5352890282347,-19.103758365229556,4.413359137798956,-20.517160482573928,-19.895621642731783,-16.242352636236895,-26.00301710764567,-12.860639956959506,0.1533591598272323,0.0116615034766012,0.135102093219757,0.1518241018056869,0.1508279740810394,0.1711805611848831,0.1578610688447952,645.1432192082991,109.37687365842044,655.2685739617599,683.5645719829358,568.481057150322,820.3925294039542,498.0093635425233,-16.33114409823167,4.760950305114898,-11.412177290832789,-18.66857601257793,-13.02354311524776,-24.538421969664725,-14.013002102835136,0.1846582695841789,0.0425710709835621,0.2109825015068054,0.1918189078569412,0.2082266211509704,0.2115132361650467,0.1007500812411308,8.6,5.161395160225576,17,12,5,6,3
900,84.52292641134822,13.553562910420204,85.09878129398122,100.1228479721967,68.85309515560374,69.62183833402746,98.91806930093205,0.0786561106934266,0.1524579145146736,0.0106111884117126,-0.075439450670691,0.2795205596615286,0.2430287424255819,-0.0644404863609987,0.3586560308933258,0.1573027508311852,0.2764338552951813,0.2059477716684341,0.5673115253448486,0.529524564743042,0.2140624374151229,514.9367963556658,241.7169388163465,728.5926385176809,846.1137502569901,186.1689663267972,355.04836848744173,458.7602581894188,-14.48082304837411,7.351572829278635,-20.832417354249117,-24.675908414941084,-4.459486961364746,-9.764127865172268,-12.672174646143327,0.1464407041668892,0.0318204971299485,0.1194494441151619,0.1592303067445755,0.1263752728700637,0.1236939281225204,0.2034545689821243,509.9310316253126,218.49424889295776,660.7589202345463,828.3394882469846,219.05902882626185,336.92689005533856,504.570830763432,-12.33836436376237,6.240758088162294,-11.565029916010404,-22.92488015325446,-4.047033223143795,-9.111799514084533,-14.043079012318662,0.1704103127121925,0.0368211146770256,0.2055086642503738,0.2179044187068939,0.143093466758728,0.1202172264456749,0.165327787399292,21.6,19.14784583184229,8,5,46,44,5
925,95.48186074200798,1.8236353756284296,96.15512610042796,92.84737586975098,96.79725186965044,97.71470060909496,93.89484926111558,-0.0390717280612272,0.0509445372618874,-0.1270515732905444,0.0050689539488624,0.0136641365640303,-0.0588045372682459,-0.0282356202602386,0.2372167527675628,0.0471730337087877,0.1572262942790985,0.265231043100357,0.2926841974258423,0.2147290110588073,0.2562132179737091,859.0409454881099,180.479430623122,703.0163440369723,1159.953877766927,718.7455562123081,975.6530772426672,737.8358721816749,-24.860420667916017,5.525005763797627,-19.97103083761115,-34.07806672547993,-20.82562271753947,-28.41738281751934,-21.01000024143018,0.1530581176280975,0.0246951714973194,0.1135834008455276,0.147489458322525,0.1552215069532394,0.1581279039382934,0.1908683180809021,845.717619778817,172.81539501170565,647.4974547269052,1147.931845146313,727.1483919913309,900.63005199767,805.3803550318668,-22.089423156202887,7.308696377858395,-11.341184344208031,-32.261333415382786,-17.020631769247224,-26.71010466625816,-23.113861585918222,0.1917811602354049,0.015812409822107,0.2099115550518036,0.1812255084514618,0.2117886841297149,0.1818199604749679,0.1741600930690765,6.2,1.469693845669907,4,7,8,5,7
950,95.19361938027774,7.60855733745134,80.8254997029024,103.1530402688419,99.31718209210564,96.19338167975933,96.47899315777948,-0.0348613166809082,0.056953888563631,0.0545585439485662,-0.1244561510927537,-0.0235729831106522,-0.0386289428262149,-0.0422070503234863,0.2377129703760147,0.0542916537841336,0.3314449787139892,0.1619808226823806,0.2397020012140274,0.2251556515693664,0.2302813977003097,661.2320223624246,219.7667846852384,616.7443269428454,318.0453871342174,959.846061840392,825.3338291101288,586.1905067845395,-18.903664387318127,6.657606112822586,-17.383075889788177,-8.653542897157502,-27.98384980988084,-24.00207117147613,-16.49578216828798,0.1590663194656372,0.0222459180119804,0.1353624314069748,0.1420536488294601,0.1557227522134781,0.1631900668144226,0.1990026980638504,652.3303267629523,215.2676802080851,564.8496136581689,323.6828329521313,973.5163991827714,764.498081675747,635.104706345943,-16.297312062665036,6.416307291826727,-9.638670360832885,-7.937391906453852,-23.228755817078707,-22.672562544805963,-18.009179684153775,0.2057592183351516,0.0200826624557246,0.2192717045545578,0.1978912055492401,0.2216986417770385,0.2203156054019928,0.169618934392929,7.2,3.487119154832538,14,4,6,6,6
975,90.0832252816593,10.46839838597002,72.77558723898495,88.70530399995691,103.09350855210248,87.39311637878419,98.44861023846796,0.0270706016175887,0.0776792666858807,0.1417321597828584,0.0567046638797311,-0.0479906895581413,0.0561480136478648,-0.0712411396643694,0.2911812633275986,0.0878934952486912,0.4306569099426269,0.3076992332935333,0.1974736601114273,0.3239880204200744,0.1960884928703308,883.1017369320518,158.2341630155873,815.2206710012335,1007.8826743678044,943.7909278200384,1041.5804882384184,607.0339232327646,-25.6137961295613,4.839382271869762,-23.62527351212083,-29.456767793287312,-27.652058383874724,-30.24939827333417,-17.085482685189497,0.1351788863539695,0.0266752028575765,0.0954606086015701,0.1221664771437645,0.1385071128606796,0.1428567618131637,0.1769034713506698,863.0449904057017,135.65817215922812,734.9922142698053,991.7983741091008,953.6249432480126,970.1626115765488,664.6468088250411,-21.870268953473943,5.477402481745863,-12.81202378816772,-27.024069225578977,-22.70820688783077,-27.645712584779975,-19.161332281012285,0.1702202707529068,0.0210649530959667,0.1942523717880249,0.179828256368637,0.1841102689504623,0.15709288418293,0.1358175724744796,12.8,8.772684879784524,29,12,5,13,5
1000,89.5096976291432,10.892461411576958,82.01422581392175,72.43856026144589,95.7582233428955,94.26404955246868,103.0734291749842,0.0309474928940043,0.1068891958134955,0.0467992263681748,0.2147019498488482,0.0221768943702473,-0.0153607925947974,-0.113579813522451,0.3003207057714462,0.1144052962102611,0.3126860558986664,0.5016070008277893,0.2888133823871612,0.2451299279928207,0.1533671617507934,706.0643417626096,104.35026387202312,829.7124387506854,518.0610806649191,767.6903450949151,709.5877797980057,705.270064504523,-20.26788820467497,3.2030031265869425,-24.094298889762477,-14.608627097648489,-22.388471410985577,-20.335234884630168,-19.912808740348147,0.1454625606536865,0.0305963062877282,0.1249609366059303,0.1052514836192131,0.1516322642564773,0.1490920633077621,0.1963760554790496,694.3294843707168,96.4394561850396,757.4585785447506,525.9086828399123,776.6260643674616,646.1827708461828,765.4713252552768,-17.046501148792736,3.3217283558220947,-13.400347893698171,-13.366754379188803,-18.26002983043068,-18.080159574224236,-22.125214066421776,0.1715496405959129,0.0284103879922507,0.2007015347480774,0.1562690883874893,0.1983710527420044,0.1777087748050689,0.1246977522969245,13.8,13.302631318652711,11,40,8,6,4
1025,80.77650884291704,11.88824054414746,90.4984551149256,69.32672312119428,83.91086201387293,95.40661713095272,64.7398868336397,0.1218563445175395,0.1439603832283021,-0.0571375720641192,0.2530874213751624,0.1434838021502775,-0.0287116359261905,0.2985597070525674,0.3948525428771973,0.1514745109796442,0.2044017016887664,0.5344381332397461,0.4178861379623413,0.2384023964405059,0.5791343450546265,577.0353149949458,243.26270908445076,832.9777853447094,371.5171075118216,630.0033954821134,825.3298436215049,225.3484430145799,-16.34205234008923,7.528925948392327,-24.30133848022996,-10.1847659704978,-18.048018079054984,-23.89124077244809,-5.284898398215311,0.1139389961957931,0.0194142349837869,0.1154910624027252,0.0816759094595909,0.1117244586348533,0.1425322443246841,0.1182713061571121,554.3158828467654,216.3044876102438,765.9647859272204,379.4778265702097,649.4962163557086,753.6544414319491,222.98614394873903,-12.879217859318382,5.378378373638204,-13.61262888030002,-9.014297629657545,-14.846758491114564,-21.35457411356139,-5.567830181958382,0.1517980426549911,0.0471359988834102,0.2022590488195419,0.1297615021467209,0.1759849339723587,0.1807558536529541,0.0702288746833801,27.0,18.782971010998235,6,48,27,6,48
1050,90.64488923016717,6.12256784145073,81.36473186717313,96.8298028833726,92.08822423149556,86.01158126382266,96.93010590497184,0.019419985518736,0.0521698630809052,0.0523699648240033,-0.0456405828980838,0.0555156816454494,0.0764996528625488,-0.0416447888402377,0.2913375198841095,0.0540539419598635,0.3285152614116668,0.2336703091859817,0.3284033536911011,0.3478188812732696,0.2182797938585281,757.1146671763638,187.94680754010653,559.4308964244107,608.7973022460938,833.0337572599713,1083.6070342482185,700.704345703125,-21.838790087950866,5.694814333876261,-15.946690814536916,-17.411495388599864,-24.363562475171005,-31.69782214415701,-19.774379617289497,0.132337050139904,0.0329050026550769,0.1185205429792404,0.1417422592639923,0.0992724671959877,0.1102163642644882,0.1919336169958114,746.1348730254592,176.3309537354593,515.8591437088816,598.7019476639597,838.7779872961212,1014.1381964432566,763.1970900150768,-19.05613437493642,6.770455738601261,-8.734653316046062,-15.632655863176312,-19.728389995139946,-29.131021093903925,-22.053951606415865,0.1754919558763504,0.0299631353911203,0.2028190791606903,0.2094565331935882,0.1790373921394348,0.1584695875644683,0.1276771873235702,11.4,4.454211490264017,14,7,12,18,6
1075,95.09609116498162,11.01406096007002,74.57899686027976,95.38747679766486,104.30483844981474,105.07804278205424,96.1311009350945,-0.0359511542320251,0.0983547036478346,0.1297473921495325,-0.0157368382986854,-0.0775746766258688,-0.1727541082045611,-0.0434375401805428,0.2412320107221603,0.093933779492246,0.4104633033275604,0.2358431220054626,0.1938625872135162,0.1263269037008285,0.2396641373634338,439.9035461158083,133.68336660267585,607.7900652969092,566.7420204564145,351.6312226412589,247.29327780740303,426.06114437705594,-12.491035759239868,4.1771408734859,-17.73164617387872,-16.60241720969217,-9.803638627654628,-6.5660024233031695,-11.751474361670644,0.1207719326019287,0.0322154490784085,0.0735306814312934,0.1156676411628723,0.1342756599187851,0.1086120530962944,0.1717736274003982,437.2958155849524,126.28101054696242,561.5224989506237,563.2290847510623,365.1165819670025,231.2699891475209,465.34092310855266,-10.165020039207056,3.344149717535713,-9.562504028019152,-14.717108462986191,-7.860083590474045,-5.589902679125468,-13.095501435430426,0.1815982073545456,0.0324728030936022,0.1725370436906814,0.188019722700119,0.2199280261993408,0.202759563922882,0.1247466802597045,10.4,8.452218643646177,27,8,5,4,8
1100,86.01416174047134,11.464432432585584,92.58039211946377,64.30091927472283,84.56815712872674,95.50036423627068,93.12097594317268,0.0664184702143949,0.1363212212726918,-0.086304507185431,0.2987303576048682,0.1313025471042184,-0.027932391797795,0.0162963453461142,0.3339721083641052,0.1439615809866002,0.1877131164073944,0.5789992809295654,0.4112343490123749,0.2268275022506714,0.26508629322052,637.8846054880244,221.55471210082433,775.788843522992,270.9163580108107,527.8212473016036,912.6422772323876,702.2543013723273,-18.484318486849467,6.800831751995917,-22.993321611170185,-7.271405669680813,-15.243370202549716,-27.009365784494506,-19.90412916635212,0.1163178525865078,0.0441968594784712,0.100854180753231,0.0517302639782428,0.1236552149057388,0.1162149757146835,0.1891346275806427,629.6999783699972,198.80297596317183,712.6282166598136,279.965750711006,551.908038758395,840.7064444558662,763.2914412649054,-15.435484042920564,6.562111090766649,-12.581904660191451,-6.2403695897052165,-12.480628628479806,-23.752442439397175,-22.12207489682917,0.1667012989521026,0.020842127451127,0.2001988589763641,0.1461734920740127,0.1679292768239975,0.175822764635086,0.1433821022510528,19.6,16.85941873256608,6,50,26,7,9
1125,98.1484383392334,9.735502948962704,93.82607015721938,105.46732222613166,113.35436787324794,90.59097103792078,87.50346040164723,-0.0628039932952207,0.0862326223947431,-0.1000006093698389,-0.135535598151824,-0.1581897160586189,0.0269784418975605,0.0527275152066174,0.2035846620798111,0.0910932997112627,0.1665559113025665,0.1204567179083824,0.1079166457056999,0.2919261157512665,0.3310679197311401,666.199926971971,163.28078376469745,725.735859653406,756.6719338935718,344.9431821588884,708.7872078878838,794.8614512661047,-19.399761348858213,4.882733255391744,-21.450978304210462,-22.335493347101043,-9.709898570127654,-20.906449962080572,-22.59598656077134,0.1212070927023887,0.0246769535843472,0.1034029722213745,0.1058492437005043,0.1151647120714187,0.11176697909832,0.1698515564203262,655.4405064633017,165.96068342257456,668.9348438999109,738.7754966334293,358.1590426260965,650.4973626387747,860.8357865182977,-16.488832746053998,6.131792551215333,-11.7059869849891,-19.603002389272053,-7.647227383496468,-18.426313201586407,-25.06163377092596,0.1703965842723846,0.0382434814118415,0.2181589156389236,0.2003224790096283,0.1531425714492797,0.1718983352184295,0.1084606200456619,8.2,5.418486873657627,5,4,3,12,17
1150,88.7520364447201,11.910452999209369,87.12661307839787,83.44519278582405,70.37542945637422,98.2033011043773,104.60964579862708,0.0366834824225481,0.1397120630922574,-0.015258213001139,0.0980118656859678,0.275780116109287,-0.048194414727828,-0.1269219419535468,0.2980415850877762,0.1512991864234098,0.2281645834445953,0.3762628138065338,0.5536270141601562,0.2067124545574188,0.1254410594701767,590.9131203099302,127.3885756971208,629.1330432557223,748.6520867598684,363.00523670932705,572.6492652223822,641.1259696023506,-17.136841632190503,3.899168153118618,-18.50671302226552,-22.181341129436827,-10.227406351189863,-16.7397040107794,-18.02904364728091,0.111471839249134,0.0343481311639721,0.0858096927404403,0.0988012701272964,0.0855351611971855,0.1093874424695968,0.1778256297111511,588.7177768640352,125.89104224972236,583.2512779905085,746.6457123338131,393.00126299941746,523.6527479740612,697.0378830223752,-14.616239907030472,4.773236808191916,-10.067395394308525,-19.721028986730072,-8.551187810144926,-14.6132494420336,-20.128337901935243,0.1516370490193367,0.0361989766967055,0.1891875714063644,0.1507682502269745,0.1385611146688461,0.1882667690515518,0.0914015397429466,17.0,15.05988047761336,7,23,44,7,4
1175,102.2015855295518,3.390983881821522,99.41053798899932,108.55394668579102,102.65975136476403,99.46266943987678,100.92102216832778,-0.1137850065792308,0.0538754707833068,-0.1911200642585754,-0.1616951065904953,-0.0547376467901117,-0.0639666876372169,-0.0974055276197545,0.1510667562484741,0.0375345925085072,0.1076995804905891,0.1087593659758567,0.2025813460350036,0.1764049530029297,0.1598885357379913,678.0233857807359,219.60336458317065,379.05697203519054,1017.0097292180646,560.8232138115063,816.9161885579427,616.3108252809759,-19.859007671841404,7.008104541776241,-10.897792742963423,-30.88643803512841,-16.443676488441334,-24.47599558244672,-16.591135510227137,0.1154697626829147,0.0305067894475037,0.0782099962234497,0.119996041059494,0.1166456267237663,0.0941998288035392,0.1682973206043243,672.3319785134834,210.62963408447868,359.0435836524294,998.0025077953674,573.3322898463199,760.7021752073053,670.5793360659951,-17.46820634457103,7.436812420334988,-5.630881089913218,-27.27451838108531,-13.139832260315876,-21.45075250090214,-19.8450474906386,0.1736504092812538,0.0472428528434116,0.1843304187059402,0.2019702196121215,0.2055054754018783,0.1961816102266311,0.0802643224596977,5.0,0.8944271909999159,4,4,6,6,5
1200,91.85572401607736,7.669881529454082,80.5205592435949,101.7681859184714,85.69224633609548,96.20962941786824,95.0879991643569,0.0017394285342272,0.0882265132281315,0.0622422327013576,-0.1231832458692438,0.1333366776213926,-0.038137671176125,-0.0255608506062451,0.2641878008842468,0.0876844549579543,0.3286513090133667,0.1591863632202148,0.400454580783844,0.2088624536991119,0.2237842977046966,753.2920264528509,167.9003700333972,962.5038227282072,588.5377170495819,535.4418115448533,778.5559970788788,901.4207838627332,-21.953185959866175,4.787148009898263,-28.97117331153468,-17.496464001505,-15.761169546528867,-23.250309835400497,-24.28681310436182,0.1228381857275962,0.0409373373138842,0.0819144994020462,0.11237383633852,0.1253914833068847,0.0953125953674316,0.1991985142230987,740.7051623963473,165.2308743849798,882.5276896158854,575.7756090666119,553.6140591805441,719.1232995819627,972.4851545367324,-18.51685990617986,5.773089302655279,-15.792897090577243,-14.927681136549564,-12.57025232649686,-20.414255527027866,-28.879213450247786,0.1632887706160545,0.0350300622186408,0.1751341074705124,0.2083711624145507,0.1659630239009857,0.1664987057447433,0.1004768535494804,12.4,7.525955088890712,17,5,25,7,8
1225,90.59991807825423,13.00113426890899,68.26650356965906,99.20797278460334,106.115736097448,93.57276167028093,85.83661626927993,0.0204386323339798,0.1053839975987613,0.1999131420079399,-0.0668118610101587,-0.086129779324812,-0.0184623690212474,0.0736840290181777,0.2805303066968918,0.1220011634537041,0.4885068237781524,0.1772477030754089,0.1567145586013794,0.2401576191186905,0.3400248289108276,640.477176224558,177.12673597193492,462.9986682021827,691.5775146484375,402.9943017792283,831.4628692091557,813.3525272837857,-18.58397057014599,5.150933378661026,-13.468603836862664,-20.651984925855672,-11.647839153022096,-25.037221925300464,-22.114203009689064,0.1018712103366851,0.0264330846355429,0.0750034227967262,0.0931933000683784,0.1259379237890243,0.075585201382637,0.1396362036466598,634.8065713447437,182.59068315986036,433.63863279108415,675.2847600568805,417.2963824355812,770.2339895148026,877.5790919253701,-16.402912241534185,7.23639909323009,-7.128474806484423,-17.725670707853215,-9.229063161632473,-21.93989623220343,-25.99145629949737,0.1522192433476448,0.0445785510420503,0.1523495018482208,0.1969495415687561,0.1902112066745758,0.1499066650867462,0.071679301559925,16.6,12.46755790040696,37,6,5,10,25
1250,91.34174159779268,10.183707035673748,85.63752659068388,106.78562904806698,85.95877690034754,78.94035108229693,99.38642436756808,0.0118284920383902,0.1122084412585053,0.0103805201895096,-0.1499758008648367,0.1235112463726716,0.1447771423003253,-0.0695506478057188,0.2747496351599693,0.1227325937734244,0.2528189122676849,0.1105697825551033,0.3954753279685974,0.4322783350944519,0.1826058179140091,647.694755045573,189.23912498190631,979.3235291598136,424.7417548999452,679.1645068787692,512.1971553334018,643.0468289559348,-18.930960790316263,5.9135342251073455,-29.626793192144024,-12.564036118356803,-20.18954951721325,-14.971714663923832,-17.302710459943402,0.0996180593967437,0.0405800756987009,0.0837964341044426,0.0909238532185554,0.098715990781784,0.0507479906082153,0.1739060282707214,642.7524757786802,174.69596043278332,911.6034685101424,423.3254255328262,700.1651461417215,481.7212968792832,696.9470418294271,-15.467302369653137,3.316419094771796,-16.411825782374333,-10.741222603279247,-16.213415948968183,-13.3379988231157,-20.6320486905282,0.1430238187313079,0.036453571114803,0.1705055385828018,0.1841994225978851,0.1537402272224426,0.1248857676982879,0.0817881375551223,16.6,12.32233744059949,10,4,26,36,7
1275,96.91697837380802,4.392834924858768,90.74500543930952,97.43043390161851,103.33002130845014,93.64866624719956,99.43076497246236,-0.0449086371590109,0.027664449438724,-0.0607335006489473,-0.024075738472097,-0.0587266592418446,-0.0023432770196129,-0.0786640104125527,0.1917244732379913,0.0213553087896207,0.186962604522705,0.1886138170957565,0.1909247785806656,0.2292995005846023,0.1628216654062271,892.0614337051123,193.1117337182134,668.397411145662,958.4395676997668,664.5413074158786,1140.2578746059485,1028.6710076583058,-26.355402059722365,5.672807724538857,-20.165450447484066,-29.394271407211036,-20.075938488307752,-34.9082685855397,-27.233081370069268,0.1025800704956054,0.0426148964161746,0.0693279951810836,0.0793795064091682,0.1061340197920799,0.0741458386182785,0.183912992477417,881.5596975226151,198.36651265048505,616.998380962171,936.4624184056332,683.0559510348136,1062.8660845840186,1108.4156526264392,-22.903890376760252,8.42728171629276,-10.71566323021002,-25.21201731447588,-15.96588412920634,-28.89894571638944,-33.72694149351957,0.1545191779732704,0.0399283567888623,0.1662737727165222,0.1863391399383545,0.1860681474208831,0.1557103395462036,0.0782044902443885,7.4,1.019803902718557,7,8,7,9,6
1300,97.18323955311494,7.540485910989816,83.24196961346794,102.38466442332548,104.8293414620792,99.11210230659036,96.34811996011172,-0.0469029751244713,0.0430406845373913,0.0279347654651193,-0.0905776132555569,-0.0732665240764618,-0.0721914677058949,-0.0264140360495623,0.1948621302843093,0.0494747098041874,0.283215194940567,0.1382927000522613,0.1763248890638351,0.168226346373558,0.2082515209913253,855.9328566166392,202.9007277641798,843.0784376713268,807.4381371213678,684.68342456483,1243.294069524397,701.1702142012747,-25.486864765903405,6.820311047176329,-25.601590131458483,-24.56901462454545,-20.71594992855139,-38.108288873705945,-18.43948027125576,0.0998601354658603,0.035054831988826,0.057367343455553,0.0966848731040954,0.1098565980792045,0.0753147676587104,0.1600770950317382,836.3670945552358,170.2394397245235,784.6440044202303,788.8695186146518,685.6032473915502,1168.7239701120477,753.9947322376987,-21.039446416235805,6.221874210004706,-13.99823522567749,-20.96962715031808,-15.87409980882678,-31.756911156470316,-22.59835873988637,0.1510972619056701,0.0493914298816109,0.1511785984039306,0.2035300433635711,0.1586674749851226,0.18264240026474,0.0594677925109863,8.8,3.54400902933387,15,5,6,8,10
1325,94.86459413416246,6.670665317143144,94.85194679709042,88.63594517427332,101.51139853982365,86.31227650361903,103.01140365600584,-0.0229479701378766,0.0736323360555898,-0.0834057828959296,0.0531810224056243,-0.0526830592576195,0.0753932437475989,-0.1072252746890572,0.2193464636802673,0.0867673234331737,0.1334855109453201,0.3007168471813202,0.1919061690568924,0.3411108553409576,0.1295129358768463,760.8652896278783,165.2406736000826,750.845060649671,910.0372517903646,838.0148288659882,858.6570605897067,446.7722462436609,-22.62994136224713,5.857242177538773,-22.78717115469146,-27.742032251859968,-25.37768488599543,-25.890916857803077,-11.351901660885726,0.099037005007267,0.0411305733136306,0.0724738091230392,0.0742802321910858,0.1043926700949668,0.066996082663536,0.1770422309637069,744.3800616348,145.2621033759466,698.4644186454907,890.8538186591968,850.8089942262884,797.7202865868284,484.0527900561952,-18.354268692669116,4.371595404449854,-12.27787789336422,-23.68011656978674,-20.096048706456234,-21.515286445617676,-14.202013848120709,0.1457145735621452,0.0398662791462724,0.1628486365079879,0.1638852506875991,0.1698335111141204,0.1658802926540374,0.066125176846981,13.0,9.055385138137416,6,19,7,28,5
1350,102.29974163728602,5.934650567395975,99.25260126450482,92.41492417279412,104.5125165378346,109.49766004225788,105.82100616903864,-0.1047374481313368,0.0682488468431082,-0.1538752503254834,0.0103871594457065,-0.0637338382356307,-0.1686383296461666,-0.1478269818951101,0.1485624954104423,0.0654217898529068,0.1014862358570098,0.2627502381801605,0.1746653467416763,0.0782992169260978,0.1256114393472671,774.0404575280976,306.12217125094304,1368.518335175096,631.629762883772,725.7387438322369,646.3966380336828,497.9188077157004,-23.18161454368056,10.064917905034411,-42.38060859211704,-19.11135002186424,-21.899176697981986,-19.71099625135723,-12.8059411550823,0.098720596730709,0.0388815978317262,0.0682789012789726,0.0807718634605407,0.1119804009795188,0.0637638345360755,0.1688079833984375,757.4242010819285,270.6201791521302,1282.6340224952028,622.4608057925576,741.9922228361431,598.6076322856702,541.4263220000686,-17.85034444039328,2.883343835631736,-23.527168922257005,-16.048334171897487,-17.410863991369283,-16.153642593768605,-16.111712522674026,0.1499454200267791,0.0360461840975721,0.1544608920812606,0.1722196638584137,0.1851384192705154,0.1565082222223281,0.0813999027013778,7.0,4.560701700396552,4,16,6,4,5
1375,94.03789452272304,4.089257841142966,89.69412146175608,95.65524452433868,94.5732572667739,89.68186632044176,100.58498304030476,-0.0135638398983899,0.0444108154314672,-0.0399615634890163,-0.0242014842874863,0.0281280861181371,0.0445336408474866,-0.0763178786810706,0.2330905199050903,0.0460908569374482,0.2020158618688583,0.1995507776737213,0.2842854857444763,0.293746143579483,0.1858543306589126,808.3234476992958,362.59464049997536,759.0090289199561,1211.3717694198876,792.8150270696271,1105.6095463267543,172.8118667602539,-24.605428886413577,12.061726958023552,-22.980580513937433,-37.866646239632054,-24.361801783243816,-34.46491906517431,-3.3531968300802664,0.0900452271103859,0.0361792904823577,0.0749686136841774,0.0861242935061454,0.0885468572378158,0.0451128408312797,0.155473530292511,781.3243680719744,346.1058544282727,702.7190765916256,1186.488969769394,808.1455731308251,1032.0980824253015,177.17013844272546,-19.09235841014929,10.01281179913314,-12.391415602282471,-32.18238452024627,-18.958736741751956,-27.4852032661438,-4.44405192032195,0.1383681550621986,0.048377446861974,0.1609802693128585,0.182569146156311,0.1551006883382797,0.1488779187202453,0.0443127527832984,12.0,3.7416573867739418,9,8,16,17,10
1400,92.31885253457465,4.055993150691867,93.1897185606115,94.69560665803796,96.97656166974237,84.98191068312701,91.75046510135428,0.0059479346696068,0.0528815948587116,-0.0767805702546063,-0.0149965847239774,0.0178109084858613,0.0860901043695562,0.0176158154712003,0.2421987026929855,0.0717921408994142,0.1297222375869751,0.2144207805395126,0.2620535790920257,0.3509049117565155,0.2538920044898987,998.263521000377,204.1149847217266,1320.4651489257812,1156.0752574184485,869.0012517560992,796.6744068881922,849.1015400133634,-30.026843030829177,7.1813319883848505,-40.77540009481865,-36.09094188924421,-26.711461619326943,-24.595951615718377,-21.960459935037715,0.0851332794874906,0.0400710188946164,0.0666045397520065,0.0898891314864158,0.0883961990475654,0.0287578161805868,0.1520187109708786,980.8958905136376,177.4266914324375,1236.8499006304824,1127.8857346919544,889.0734509919819,743.3197674667626,907.3505987870066,-24.275871228335195,4.037708860650879,-22.582857090130187,-30.387151559193928,-21.017835148593836,-19.82189801701328,-27.569614326744748,0.1373950615525245,0.049277958310097,0.1702720671892166,0.184519812464714,0.1541718095541,0.1330253928899765,0.0449862256646156,15.0,7.668115805072325,6,11,14,29,15
1425,99.23208918851964,5.096593113583598,99.22410951502182,104.07180346320658,101.07417057261748,102.250896543615,89.53946584813735,-0.0742019539720871,0.0661260870117967,-0.1596857007812051,-0.1125942447606255,-0.032803515476339,-0.0960771388867322,0.0301508300444659,0.1705574810504913,0.0702594448600303,0.0847610235214233,0.1345462352037429,0.1982377618551254,0.1440415680408477,0.2912008166313171,662.3050935444079,151.1828628595708,703.3502207973547,586.2986236036869,931.0083735951206,485.01680608381304,605.8514436420642,-19.68462851131172,5.110454228792628,-21.55942882571304,-17.972889950400905,-28.71579549187108,-14.693884263958848,-15.481144024614702,0.0918488577008247,0.0378965221621084,0.061194147914648,0.0893756449222564,0.1040223911404609,0.0481634922325611,0.156488612294197,655.9141158254523,162.3717176551665,659.38582196152,579.2073637309827,943.0703949510006,447.4965643631784,650.4104341205798,-16.01502654970738,4.368179332136218,-11.589625130619918,-15.023270719929746,-22.36540867571245,-11.420800480926246,-19.676027741348538,0.138046383857727,0.0564454566830019,0.1247292980551719,0.1899678260087967,0.1737156957387924,0.1680909395217895,0.0337281599640846,8.8,4.874423042781576,4,6,9,7,18
1450,97.59608518263876,12.041100943471998,82.45819666245404,83.84247939165901,111.44673345229204,106.03008256800034,104.2029338387882,-0.0470536896060494,0.1022482724933347,0.041233437201556,0.1087542698663823,-0.1363975458285387,-0.1355313967255985,-0.1133272125440485,0.1959654852747917,0.113723716060048,0.2891485691070556,0.3734115362167358,0.1027123108506202,0.1014482825994491,0.1131067276000976,701.6599602414851,190.514555522451,862.4442973889803,344.65229315506787,787.5215678967928,842.6045414439419,671.0771013226425,-20.90871612147281,6.304229007796375,-26.17255425034908,-10.19913909518928,-24.57756224849768,-26.33997986609476,-17.25434514723326,0.0828453779220581,0.0383018952664391,0.0531144961714744,0.0571862496435642,0.0866429954767227,0.0614846535027027,0.1557984948158264,694.1183422423245,178.15038894845674,809.3499070552357,344.0217949047423,812.2714468972724,784.6527838456003,720.295778508772,-16.86408701444927,5.147032169725843,-14.457453265524746,-7.926185057874312,-19.197984779090213,-20.761603974459465,-21.977207995297615,0.129301731288433,0.032657879446506,0.1244775652885437,0.1400190442800521,0.1585900783538818,0.1548263877630233,0.0685955807566642,12.6,10.818502669038816,17,32,4,5,5
1475,90.63688415527344,12.844667468978686,68.26496902914609,97.40434992173138,105.20525483524098,85.41680190142463,96.89304508882412,0.0268226663505329,0.097908926289471,0.1963281603420482,-0.0324556676780476,-0.0721486014478346,0.0751673821140738,-0.0327779415775747,0.2749743938446045,0.127297191409336,0.4907644093036651,0.1870665550231933,0.1530753374099731,0.3489648997783661,0.1950007677078247,740.7727720026385,246.5642925461068,701.1880685906661,1089.6909736499451,876.4114540501645,340.4371402138158,696.1362235086006,-22.212358397349977,8.215835786797838,-21.49265097735221,-34.21122000510233,-27.32866038774189,-9.988025533525567,-18.04123508302789,0.0734769459813833,0.0415454819721249,0.0278041753917932,0.0799189656972885,0.0958672016859054,0.0277699865400791,0.1360244005918502,740.3677926046806,250.21248059098625,682.3032065943668,1059.7743508857593,896.5769032260828,312.430619089227,750.7538832279674,-18.43421482328783,7.517013471055466,-12.168151378631592,-27.97996407642699,-21.237836097416125,-7.462272102372689,-23.322850461591756,0.1248769357800483,0.0452000545345674,0.105202205479145,0.1786352396011352,0.1608514189720153,0.1297850161790847,0.0499107986688613,19.2,14.931845163944072,46,9,6,25,10
1500,96.5903448486328,6.717207765134126,86.51357951444739,104.9080265045166,101.0303679073558,99.22302569221048,91.2767246246338,-0.044069094096913,0.0501866878440116,-0.0027369397528031,-0.123332612654742,-0.0296183754416073,-0.0777048233677359,0.0130472807323231,0.1889074519276619,0.0553359812082581,0.2316871136426925,0.1056983843445777,0.1960494369268417,0.1510008573532104,0.2601014673709869,816.8247030693188,140.6017030545215,800.511618630928,901.8485064590186,828.4655965169271,986.3931809810168,566.9046127587034,-24.740437911686143,5.559101552191565,-24.782389716098184,-28.23736910234418,-25.38569941437035,-30.806731541951496,-14.48999978366651,0.0903862670063972,0.0302120237896498,0.0519501492381095,0.0889267697930336,0.0967978984117508,0.0718956813216209,0.1423608362674713,802.5281349583677,110.20826262520931,746.1191010056881,884.0754555150082,847.7219666598136,919.6472938939144,615.0768577174136,-19.864077910624054,3.793204902920587,-13.265706348837467,-23.27698614722804,-19.965414812690337,-23.854546747709577,-18.957735496654845,0.1304416883736849,0.0531456305655285,0.1295411586761474,0.1793009787797927,0.1495300382375717,0.1644541472196579,0.0293821189552545,10.2,4.534313619501853,12,5,9,7,18
1525,98.38862013424144,6.8893221275695575,94.89054372450885,101.98510470670811,87.21836960736444,100.31377868652343,107.53530394610236,-0.0672340864994946,0.092029904561156,-0.099619286551195,-0.0990248178734498,0.1062462256235234,-0.0759574059177847,-0.1678151477785671,0.1752511203289032,0.1033927618661939,0.1223570927977562,0.1509705781936645,0.3762032091617584,0.1451492607593536,0.0815754607319831,873.3293798613965,249.52158227699636,1327.930071914405,765.3526948627673,677.5380800481428,650.816356458162,945.009696023506,-26.16143227376436,8.000264529723678,-41.755615426782974,-23.744806791606702,-20.450011207346332,-20.13591906480622,-24.72080887827957,0.0835526309907436,0.0272369712671922,0.0623981617391109,0.0765893310308456,0.0906119272112846,0.0557302013039588,0.132433533668518,859.8010356702301,234.05890865476803,1238.514439633018,748.7938864189282,692.0909359580592,603.59294262267,1016.012973718476,-21.12414473985371,6.038421230606766,-22.625899168483,-19.3855455716451,-16.113012336848076,-15.436918557735911,-32.05934806455646,0.1320280492305755,0.039902850138922,0.1442494541406631,0.1716794073581695,0.136928990483284,0.1516200900077819,0.0556623041629791,11.8,11.21427661510095,5,8,34,8,4
1550,100.884214257633,7.200102557122833,88.75110926908606,107.1486805859734,108.78956126044778,97.84311350654151,101.88860666611616,-0.0850588854621438,0.0463467516347967,-0.0244406963095945,-0.158981838647057,-0.1040443441447089,-0.0499511504874509,-0.0878763977219076,0.1429963499307632,0.0416546750922689,0.2057356834411621,0.0792927592992782,0.1397716999053955,0.1632844358682632,0.1268971711397171,848.2446260151112,144.76362866042402,951.6372295178866,807.3732669228002,612.5883392869381,1039.4550770542078,830.1692172937226,-25.589301868070635,5.042815492305889,-29.735261850189744,-25.352336205934225,-18.7729177140353,-32.484285823085855,-21.60170774710806,0.0861676916480064,0.0396381222841459,0.0583036467432975,0.07994145154953,0.0861264243721962,0.0464080795645713,0.160058856010437,834.6985422234786,117.0151495990692,893.4948377107319,792.3421930681195,628.9884076034814,967.9561681914748,890.7111045435855,-20.91620197463454,5.1186019336546025,-16.10650076364216,-20.912729861443506,-14.508508983411287,-25.13833741974412,-27.91493284493162,0.1258524589240551,0.0400901729867133,0.1118547990918159,0.1703320741653442,0.1537012308835983,0.1378267854452133,0.0555474050343036,7.2,2.4819347291981715,11,4,6,9,6
1575,96.26559766881606,8.583120940804735,80.73739336799173,95.01073734059054,106.19545602237476,98.3571507846608,101.02725082846248,-0.0308353742431191,0.0559261571131346,0.0668825033832998,-0.0033331580021802,-0.074038309209487,-0.0646460729486802,-0.0790418344385483,0.1877195298671722,0.0718500224494347,0.3196655511856079,0.204437181353569,0.1323465704917907,0.1598511934280395,0.1222971528768539,925.308749978584,231.9716613761761,1215.590904905085,994.7258386444628,875.0566748903509,1025.1119331226014,516.0583983304208,-28.07493844534222,8.205326257573809,-37.51048889494779,-30.836501799131696,-27.082703724242094,-31.85924123462878,-13.08575657376072,0.0786098904907703,0.0329884567441962,0.0369141697883605,0.0762417912483215,0.0927997827529907,0.0544989891350269,0.1325947195291519,903.6597417463336,191.42242475521155,1141.7802616587855,968.4139340049342,894.5983404862253,955.5909552323192,557.9152173494037,-21.907816454402187,2.976574086784509,-20.926113120296545,-25.340543734399898,-21.196880972176267,-24.880507268403704,-17.195037176734523,0.1288884408771991,0.0401371704538492,0.1156066805124282,0.1820999234914779,0.1392698884010315,0.1465914249420166,0.0608742870390415,11.0,5.932958789676531,22,12,6,9,6
1600,100.48719314575196,5.566607825306192,95.01693238651052,105.71864069770363,107.01658159143784,93.14516659904928,101.53864445405848,-0.0842089308009428,0.0483746974041302,-0.1014015976120444,-0.1362402063958785,-0.08603296455215,0.0068599974407869,-0.104229882885428,0.142977100610733,0.0518870512822514,0.1251100301742553,0.1063746586441993,0.1354762613773346,0.244054839015007,0.1038697138428688,775.1193085787588,263.1065854810646,653.2903501276385,440.40250999049135,1092.987034847862,611.4432421232525,1077.4734058045503,-22.76491107689707,7.279787707698083,-20.045420236754836,-13.27939268162376,-33.76655112651356,-18.578813134578237,-28.154378205014947,0.078861191868782,0.0350547673983441,0.0604435428977012,0.0816357508301734,0.0829445719718933,0.0311911255121231,0.138090968132019,777.4485877321479,296.60552512510105,615.3574652420847,437.2741319087514,1115.5086220189144,567.9045886658786,1151.1981308251095,-19.744396554796317,10.080805627897709,-10.698983037680913,-10.757239571788856,-26.61273672287924,-14.463027056894804,-36.18999638473778,0.1287367731332779,0.0359400610399364,0.1244642809033393,0.167940616607666,0.1515879034996032,0.1366671472787857,0.063023917376995,7.8,4.1182520563948,6,5,6,16,6
1625,100.01808039945716,9.931620072054084,82.32412948608399,95.97040723912856,109.1128677816952,105.6205852059757,107.06241228440228,-0.0754441742336048,0.0778995355875649,0.048962375346352,-0.0198763626463273,-0.1134320010157192,-0.1351734722361845,-0.1577014106161454,0.1544482797384262,0.081077234969262,0.2944267988204956,0.1911811977624893,0.1263744235038757,0.0734365656971931,0.0868224129080772,768.6956501207853,232.1717911922309,1096.8580129523027,948.5042713901452,536.693299410636,767.8109184398986,493.6117484109443,-23.159872162969492,7.887178478394146,-33.75446118806538,-29.329911984895404,-16.326589019675005,-23.88250492330183,-12.505893698909826,0.0726077035069465,0.0276413702995138,0.0389012470841407,0.079902783036232,0.0676479712128639,0.0557800978422164,0.1208064183592796,751.3022521972656,198.94411925036897,1033.875279476768,924.1029748749314,553.3157632392749,711.6688724986294,533.5483708967242,-18.121837991162348,3.739777549118589,-18.791201746254636,-24.17955537846214,-12.66013108847434,-18.527145218430903,-16.45115652418973,0.1276286616921425,0.0373247914483357,0.1151208505034446,0.165838211774826,0.1456729024648666,0.1508491039276123,0.0606622397899627,9.2,5.912698199637792,20,11,6,4,5
1650,99.99020010331098,4.840273126191168,94.78640908633962,94.24028897004968,101.48055598315072,102.4856175815358,106.95812889547908,-0.0782698992420645,0.0513926518989575,-0.1056915781077216,-0.0008723318576812,-0.042545665362302,-0.0935952891321743,-0.1486446317504434,0.1427045598626136,0.0425024943398475,0.1251845955848693,0.2063692361116409,0.1746973246335983,0.1208970546722412,0.0863745883107185,987.2057497258772,315.89741044600794,724.4275095086349,1427.6790921395286,1196.0846975226152,1036.3404005619518,551.4970488966557,-29.956134003505376,10.680679591325864,-22.294219368382503,-44.42135400939406,-36.75870854394478,-32.197586026108056,-14.108802069697465,0.0774026364088058,0.0276135578126286,0.0623821914196014,0.0644781664013862,0.0792146027088165,0.0512572601437568,0.1296809613704681,972.9551036098546,305.7189078955833,683.630495305647,1395.2165056195176,1222.667724609375,968.3657065943668,594.8950859203674,-24.429657285255296,8.667356540428521,-12.014339334086367,-37.13982599241692,-29.322488809886732,-25.192229003237006,-18.479403286649468,0.1207301773130893,0.0352108823225594,0.1131098791956901,0.1598145216703415,0.1350663751363754,0.1388118714094162,0.0568482391536235,7.8,2.4819347291981715,7,12,9,6,5
1675,91.84026030596564,7.731064807138892,86.15939548716825,84.86342528848087,103.84132672478172,86.09992047478171,98.2372335546157,0.0155378537318285,0.0661123274718589,0.0123840240871205,0.1005292065003339,-0.0575754929991329,0.0791357001837562,-0.0567841691129347,0.2528839111328125,0.0841167187309393,0.239936962723732,0.3590691983699798,0.1653077602386474,0.3401903808116913,0.1599152535200119,924.5503699587103,116.0820291485013,990.8862036989448,918.9718499434622,716.6843727513364,931.3406886050576,1064.8687347947505,-26.805053218205774,2.854527918694329,-29.69686189450716,-27.582998986829793,-21.32378225995783,-27.92148159261335,-27.500141357120715,0.0669378049671649,0.0396980025650098,0.0497597493231296,0.0466758422553539,0.0699753984808921,0.0268108658492565,0.1414671689271927,913.3139876516244,131.11275925916323,930.8967488606772,901.6726941560444,733.8516294245135,861.7873813562226,1138.3614844606634,-22.99633584273489,6.749031259239897,-16.838711374684383,-23.27065674463908,-17.15091428003813,-22.272638228901645,-35.448758585411206,0.117641881853342,0.0305924295850338,0.1119189113378524,0.1342352628707885,0.1343001872301101,0.1469761133193969,0.060778934508562,18.2,9.453041838477178,14,31,9,28,9
1700,100.55139842089486,7.075863312506757,91.33681609209846,108.01900374468634,108.79371076471664,94.0916326859418,100.51582881703096,-0.0818353538653429,0.0482873694229197,-0.0550154366913963,-0.1510636143824633,-0.1169791347840253,-0.0122028589248657,-0.0739157245439641,0.1336217403411865,0.0494483057219492,0.167336493730545,0.0700051262974739,0.1016699150204658,0.2098699808120727,0.119227185845375,864.7018038565651,111.1830271497568,851.0606678745203,698.3165390282346,941.0668784693668,809.9169643469024,1023.147969563802,-25.17130518126906,2.437171093817873,-25.49918222427368,-21.09580840144241,-28.434471431531403,-24.360860138608697,-26.466203710489104,0.0772715218365192,0.0298962571817942,0.0523504875600338,0.0804370567202568,0.0819661095738411,0.0429634675383567,0.1286404877901077,860.9209915964227,151.18104942454627,797.9540030496162,686.3443185906661,964.9103682668584,754.3422455369381,1101.0540225380346,-21.7958453078019,6.86397945617706,-14.205685678281284,-17.970599860475776,-22.98535782830757,-19.5051213942076,-34.31246177773727,0.1289105169475078,0.0356378038067157,0.1363216638565063,0.1612867712974548,0.146438181400299,0.1408571153879165,0.0596488527953624,8.0,3.63318042491699,10,4,5,14,7
1725,95.3587231983858,9.347894448513603,100.70379311056698,87.53259779986213,99.50865949742936,107.3399585275089,81.70860705656163,-0.0320200730772579,0.1165622168724504,-0.1665140825159409,0.0706678986549377,-0.0259139569366679,-0.1586920931058771,0.1203518685172585,0.2172113001346588,0.1291920750371207,0.0795885249972343,0.3167456984519958,0.2214872688055038,0.069776527583599,0.3984584808349609,661.1403431674889,143.46121212894698,569.6784325315241,912.9796956380208,674.202666700932,663.5999311480606,485.2409898189076,-19.31739058996502,4.973491200164011,-16.969283112308435,-27.4471853574117,-19.94879154573407,-20.05472680978608,-12.1669661245848,0.0647481001913547,0.0294980087816056,0.0562276318669319,0.0428160168230533,0.0530352592468261,0.0486091822385787,0.1230524107813835,651.4895475688733,134.39745241298053,538.8311039439419,892.4271175986842,689.6019886753015,614.5263468424479,522.0611807839912,-15.968533656889932,4.374670894467333,-9.226936754427458,-23.047317287378142,-16.05490327927104,-15.885714756815055,-15.62779620655796,0.1071857992559671,0.0467955945623688,0.1106960549950599,0.157792329788208,0.1324223577976226,0.1154175549745559,0.019600698724389,15.8,11.05260150371848,5,25,13,4,32
1750,99.36933781343348,6.713208060799107,96.6962240780101,103.48002451728372,105.19700256796445,104.13133073694566,87.34210716696346,-0.0700388418926912,0.0723815239969961,-0.1214960066711201,-0.1038599207120783,-0.0743638469892389,-0.1210773008711197,0.0706028657801011,0.1542365625500679,0.089687449789527,0.1103528514504432,0.0937205180525779,0.1415861099958419,0.0952439829707145,0.3302793502807617,952.3643643563252,214.5065474355876,863.1987647341009,1172.086596037212,979.4859051620753,1156.9597060889528,590.0908497592859,-28.280531311035155,7.61132558892282,-26.15114116668701,-35.70859856354563,-29.460328813184773,-35.228876197547244,-14.853711814211126,0.0777879424393177,0.0282519723302303,0.054378654807806,0.0770307034254074,0.0738466456532478,0.0529076606035232,0.130776047706604,936.3962815669544,182.5982408726264,813.205048142818,1143.633993583813,1002.2074220891584,1077.137682462993,645.7972615559896,-23.372373042190283,5.795762372090655,-14.557733703077885,-30.66868065114607,-23.86856958740636,-28.14088968226784,-19.625991587053264,0.1124673164449632,0.055587155873148,0.1213903054594993,0.1667049080133438,0.1490409672260284,0.1179049611091613,0.007295440416783,9.8,8.133879763065101,5,5,7,6,26
1775,94.65052119311164,10.603411827595428,89.72339476417093,80.96424392251407,109.05108310475067,88.56179870156681,104.95208547255572,-0.0244711746889002,0.0992801180556548,-0.0492637918275945,0.1329323382938609,-0.1195632612003999,0.0408700567834517,-0.1273312154938193,0.2172869935631752,0.119351841142515,0.1913306713104248,0.4047379195690155,0.1092746630311012,0.2961770296096802,0.0849146842956543,682.2590575101083,178.52323213306838,730.4345671001233,471.54028106154055,691.3727738229852,983.4466220788788,534.5010434870135,-19.9554646634219,5.856411127055188,-21.792495150315133,-13.91832623147128,-20.727153485281427,-29.58148509577701,-13.757863354264645,0.058124254271388,0.0457405563847919,0.0437317080795764,0.0152228754013776,0.0674002543091774,0.0222399197518825,0.1420265138149261,672.3174455609237,148.526851051836,691.1185206363076,464.8509906969573,716.4039531506991,909.6980258874726,579.5157374331826,-16.214146098337675,4.288333830464331,-12.204440976444044,-11.365117894975764,-16.82763027099141,-23.335920212561625,-17.337621136715537,0.1017974369227886,0.0407190210881847,0.0602993443608284,0.110040046274662,0.1463581919670105,0.1433178633451461,0.048971738666296,16.2,12.221292893961753,10,37,6,23,5
1800,101.77270517685834,8.118183619080721,90.27625162461224,99.2179219862994,113.25781236536362,97.78182610904469,108.32971379897174,-0.0965508465907152,0.0551331686076198,-0.0578732816612019,-0.0534491577569176,-0.1538703918457031,-0.0445158081896164,-0.1730455935001373,0.1240203469991683,0.0461847676849823,0.1792358458042144,0.1570537835359573,0.0712417289614677,0.1457221657037735,0.0668482109904289,795.2716068736294,181.8548303802743,852.3362769411322,990.9951129043312,578.5072032192297,972.3957840768916,582.1236572265625,-23.477607781426947,6.190710491148124,-25.637588124526175,-29.92213101136057,-17.2980916625575,-29.48662309479295,-15.043605013897544,0.0840356484055519,0.0276947503497476,0.0623074471950531,0.0785853117704391,0.0767139643430709,0.0646494701504707,0.1379220485687255,778.1662174693327,147.21316297380716,803.1297971491229,963.3650491279468,594.9592799136514,905.238664593613,624.1382965623287,-19.12201032805861,4.686390733789074,-14.33756158853832,-25.419440064513893,-13.727683604809275,-23.368278168795403,-18.757088213636163,0.1168984487652778,0.0290673602569574,0.1175687238574028,0.1436521112918853,0.137436643242836,0.1240328848361969,0.0618018805980682,7.2,2.2271057451320084,9,9,4,9,5
1825,91.30291730095358,13.900095808864624,89.4931074254653,93.26328809401568,107.35152863895192,100.08794451320873,66.31871783312629,0.0112384967944201,0.1323469245675952,-0.0452818344621097,0.0097421509378096,-0.0987625609425937,-0.0752908177235547,0.2657855461625492,0.2420205324888229,0.1646694659517677,0.1827849745750427,0.2351032048463821,0.1139481142163276,0.1191795691847801,0.559086799621582,767.7905489202132,292.4805390172824,747.7215527986225,982.8028725071956,787.1244710286459,1083.5940562465737,237.7097920200281,-22.751531162596585,9.682783994914583,-22.36129976155465,-29.70464871222513,-23.588304377438728,-33.05537486494633,-5.048028096818087,0.0602866761386394,0.0049417967802439,0.0555326305329799,0.0550183244049549,0.0641473978757858,0.0590165369212627,0.0677184909582138,745.1715090567606,275.85982775896724,707.5268822385553,958.6097487064832,808.0944995545505,1013.800392552426,237.82602223178796,-17.821375739783573,7.696262800940142,-12.470407241269164,-25.254223923934138,-19.04774484299777,-26.299032366066648,-6.035470324650145,0.1117550077848136,0.0562984546081345,0.1057040020823478,0.1457873433828354,0.1498169600963592,0.1529735028743744,0.0044932304881513,17.2,16.203703280423277,9,15,6,7,49
1850,100.58251990710988,9.224703871485602,98.9448403302361,107.0220355538761,108.66970230551328,104.928296436983,83.34772490894093,-0.0898345897478215,0.0969532705874987,-0.1557213092551511,-0.156684944559546,-0.1079163242788875,-0.1295111270511851,0.100660756405662,0.1489137232303619,0.1112831246225477,0.0763291791081428,0.0854275152087211,0.1120097860693931,0.1006816700100898,0.3701204657554626,687.9368499220463,127.22901914464408,869.6158811334979,743.1046351382607,595.2942970677426,502.0250431529263,729.6443931178043,-19.978611808074145,3.964122991816463,-26.28176162117406,-22.400231507786533,-17.610589161253813,-14.907387440664726,-18.693089309491608,0.0721824944019317,0.0240269263618452,0.0553424656391143,0.058412916958332,0.0662797689437866,0.0611823722720146,0.1196949481964111,678.9308351750958,128.85926760107702,819.3851885879249,723.8071674547697,609.4543419553522,463.2948876096491,778.7125902677838,-16.451621236299214,4.114987852891821,-14.63700184696599,-18.935494425003988,-14.010902218651353,-11.520266869611907,-23.154440821262828,0.1069610729813575,0.0423877215092469,0.1146573573350906,0.1413374096155166,0.147584319114685,0.1021718457341194,0.0290544331073761,11.2,10.925200226998127,5,5,7,6,33
1875,94.51338551465204,12.44479035476303,85.16802788902731,101.66897571788115,95.94171200920552,77.0966926574707,112.69151929967543,-0.0235100448131561,0.1330404275724329,0.0165100336074829,-0.085376413078869,0.024641819561229,0.1638429396292742,-0.2371686037848977,0.2202659077942371,0.1423072268394871,0.251141607761383,0.1096109673380851,0.256362646818161,0.4492325484752655,0.0349817685782909,834.8468395567777,282.2755681322336,924.2492997018916,1205.3585033751372,1030.4594094795093,508.47780354817706,505.68918167917354,-24.715955714593857,9.10489682712302,-27.668545538919012,-36.62513509549593,-30.990240665904263,-14.927783321916012,-13.368073950734054,0.0486482962034642,0.0339569006291089,0.0392647869884967,0.0631939172744751,0.0463670305907726,-0.0050241877324879,0.0994399338960647,817.7784533048932,268.1922781387039,869.3149510433799,1165.1059056332238,1031.443921540913,472.18154318290846,550.8459451240406,-19.79068872844964,6.8542449723760175,-15.60095997442279,-30.88006757435046,-24.141307132285935,-11.699477699764987,-16.631631261424015,0.0962798319756984,0.0416947023879054,0.0781960934400558,0.1486349105834961,0.1371539533138275,0.082477368414402,0.0349368341267108,17.6,14.361058456812994,15,7,19,44,3
1900,96.80976269665884,7.409064689817233,83.24427476770738,100.4707483964808,105.20478784897747,99.2122589560116,95.91674351411709,-0.0391721360823687,0.0342780294670201,0.0212103682405808,-0.0694719202378216,-0.06936516270918,-0.053244400024414,-0.0249895656810087,0.1700951695442199,0.0545461402780122,0.2722397446632385,0.1392045766115188,0.1227149069309234,0.1362631320953369,0.1800534874200821,872.3118050558526,80.2493182864402,875.7124259011787,757.6892378957648,992.64210911801,820.1708363315515,915.3444160327576,-25.698169853812765,2.413059228798627,-26.3221990434747,-23.01079614120617,-30.023730411864165,-24.90882159952532,-24.225302072993497,0.0802442573010921,0.0379743571276085,0.0488449819386005,0.0684098452329635,0.0659891963005065,0.063007079064846,0.154970183968544,860.8076278954222,109.91070431008508,827.7386206911322,736.9453585440652,1001.7696244089228,759.3194398043448,978.265096028646,-21.36960405383194,4.9087172300242,-14.830918569313852,-19.31080480834894,-23.365955570287873,-19.785932603635285,-29.554408717573736,0.0985107488930225,0.0359416486524816,0.0531006604433059,0.1154267564415931,0.1372013837099075,0.1292023658752441,0.0576225779950618,11.4,5.276362383309167,21,7,7,9,13
1925,90.08920226601994,14.944951023970049,65.53338922612808,82.6399679296157,99.98396836449118,93.53053656185376,108.75814924801097,0.0239502448194167,0.1369634237516255,0.2289603338522069,0.1201823132879593,-0.0219875735395094,-0.0412330778206096,-0.1661707716829636,0.2755651138722896,0.1582556530984989,0.5144350528717041,0.3869964778423309,0.1949833482503891,0.2209572196006775,0.0604534707963466,597.5162308542352,226.20410396655015,242.20349388791803,606.0202219109786,799.3302280359101,867.8536874871505,472.1735229492187,-17.409705640558613,7.277841716058279,-6.574216821737457,-17.97006288745947,-23.935529052165517,-26.266410099832637,-12.302309341597976,0.055262728780508,0.0366954882513714,0.0171625800430774,0.0522038377821445,0.0455003380775451,0.036677923053503,0.1247689649462699,590.317333716677,204.74587454794616,252.08770296866433,589.3583063493695,803.1199126661869,798.3076535944354,508.7130930047286,-14.514770195358675,5.944748790062527,-3.430304267950225,-14.80919985813007,-18.51762274273655,-20.618745536134956,-15.197978571841592,0.0870726056396961,0.0456542353407669,0.0216089114546775,0.0907212123274803,0.1426478773355484,0.1290168613195419,0.0513681657612323,23.4,16.353592877407703,48,37,11,16,5
1950,97.6915487760656,7.212616760193286,96.09633342518526,88.08186459260828,110.4694210725672,96.31036985060749,97.49975493935978,-0.051626771548215,0.0704340280743054,-0.1156721535850973,0.0615068600458257,-0.136109965689042,-0.0255650643040152,-0.0422935342087465,0.1656130969524383,0.07994797948692,0.100540705025196,0.311337798833847,0.0860828980803489,0.1740689724683761,0.1560351103544235,927.772040330318,65.24803416482229,886.8178935803866,1013.7818721302768,827.3156127929688,972.582080506442,938.362742641516,-27.41177612271225,2.3354171048068,-26.844504565523383,-30.61938983515689,-25.026337790907476,-29.6228577797873,-24.945790642186218,0.0743862643837928,0.030362432188648,0.0627468675374984,0.0526662357151508,0.0603827722370624,0.0614314675331115,0.134703978896141,917.6994710286456,70.5137023699603,836.9221180698328,985.28838575932,850.4351571066338,903.1222962496572,1012.7293979577852,-22.96645661822536,5.322638773592307,-14.98638163114849,-25.835977219698723,-19.78535533787911,-23.559715655812045,-30.664853246588457,0.1075685165822506,0.0318602445365363,0.1007533743977546,0.0926089510321617,0.1447234004735946,0.1405378729104995,0.0592189840972423,11.8,7.332121111929345,5,25,5,13,11
1975,101.95175141727223,3.3741091868802617,99.50849077561324,102.4508103538962,101.1599109874052,98.5065351598403,108.13300980960622,-0.1015429997444152,0.0518084960928199,-0.1491855751065647,-0.0941176933400771,-0.0319361167795517,-0.0622996091842651,-0.1701760043116177,0.1136830374598503,0.0459812201167486,0.0770967975258827,0.1062960773706436,0.1866196393966674,0.1406685262918472,0.0577341467142105,902.4229198790432,267.80049196301627,553.9026360762747,1261.9692297149122,768.2950600071957,1166.8016785738762,761.1459950229578,-26.88949594915959,8.713241780149934,-16.573569414908427,-38.5743116746869,-23.125117071887903,-35.82060742796513,-20.353874156349583,0.0702275857329368,0.0376126551115106,0.0504148453474044,0.0663560554385185,0.0372091904282569,0.0540355965495109,0.1431222409009933,886.048422937226,245.3596240905724,525.4499318976151,1225.6781337804962,777.7472170110334,1083.9924509148848,817.3743810820998,-22.654409083567167,8.378755501323383,-8.940450720619737,-32.36306859735857,-17.935411520171584,-29.0612312576227,-24.971883322063245,0.1049412913620471,0.0262897293468564,0.10537850856781,0.125116765499115,0.1189124584197998,0.121229812502861,0.0540689118206501,7.0,2.6076809620810595,5,6,11,9,4
2000,95.05091743469237,9.752959231893197,76.38540573120117,102.99635988123276,95.9262716629926,102.69763120763442,97.24891869040096,-0.0223157966838163,0.0813529052660967,0.1130101884112638,-0.1108654095846063,0.0192602455615997,-0.0920427175129161,-0.0409412902944228,0.2021066725254058,0.1043380056496804,0.3806833326816559,0.11282479763031,0.2529743909835815,0.0991549789905548,0.1648958623409271,882.62300286544,338.1363699263531,626.775739703262,581.055957994963,1104.7409186112254,1443.8015757778237,656.7408222399259,-26.149123306023448,10.92515685386548,-18.466424695232455,-17.371572013486897,-33.409680684407554,-44.27104655483313,-17.226892582157202,0.0674175284802913,0.031801467084502,0.0428256727755069,0.0681133642792701,0.0366032272577285,0.0631081014871597,0.1264372766017913,868.2196565326892,313.86027357388383,590.9291922586006,562.9797245494107,1121.1595073499177,1352.535200152481,713.4946583530359,-21.692186475218385,9.204299643349144,-10.20607618699994,-14.088212899994431,-26.463309446970623,-36.219318548838295,-21.48401529328865,0.0969476297497749,0.038279458446497,0.0424320586025714,0.1198467165231704,0.1347907930612564,0.1283218115568161,0.0593467690050601,14.8,8.930845424706442,31,8,17,6,12
