lags,train_cross_entropy_mean,train_cross_entropy_std,train_cross_entropy_fold_1,train_cross_entropy_fold_2,train_cross_entropy_fold_3,train_cross_entropy_fold_4,train_cross_entropy_fold_5,train_roc_auc_multiclass_mean,train_roc_auc_multiclass_std,train_roc_auc_multiclass_fold_1,train_roc_auc_multiclass_fold_2,train_roc_auc_multiclass_fold_3,train_roc_auc_multiclass_fold_4,train_roc_auc_multiclass_fold_5,train_f1_mean,train_f1_std,train_f1_fold_1,train_f1_fold_2,train_f1_fold_3,train_f1_fold_4,train_f1_fold_5,val_cross_entropy_mean,val_cross_entropy_std,val_cross_entropy_fold_1,val_cross_entropy_fold_2,val_cross_entropy_fold_3,val_cross_entropy_fold_4,val_cross_entropy_fold_5,val_roc_auc_multiclass_mean,val_roc_auc_multiclass_std,val_roc_auc_multiclass_fold_1,val_roc_auc_multiclass_fold_2,val_roc_auc_multiclass_fold_3,val_roc_auc_multiclass_fold_4,val_roc_auc_multiclass_fold_5,val_f1_mean,val_f1_std,val_f1_fold_1,val_f1_fold_2,val_f1_fold_3,val_f1_fold_4,val_f1_fold_5,test_cross_entropy_mean,test_cross_entropy_std,test_cross_entropy_fold_1,test_cross_entropy_fold_2,test_cross_entropy_fold_3,test_cross_entropy_fold_4,test_cross_entropy_fold_5,test_roc_auc_multiclass_mean,test_roc_auc_multiclass_std,test_roc_auc_multiclass_fold_1,test_roc_auc_multiclass_fold_2,test_roc_auc_multiclass_fold_3,test_roc_auc_multiclass_fold_4,test_roc_auc_multiclass_fold_5,test_f1_mean,test_f1_std,test_f1_fold_1,test_f1_fold_2,test_f1_fold_3,test_f1_fold_4,test_f1_fold_5,num_epochs_mean,num_epochs_std,num_epochs_fold_1,num_epochs_fold_2,num_epochs_fold_3,num_epochs_fold_4,num_epochs_fold_5
-1000,1.0350119471549988,0.0055785839274934,1.0450839450484828,1.0330245099569622,1.0366607584451375,1.0299002088998492,1.0303903134245622,0.5032346724614251,0.0035498967004382,0.5023074722494517,0.5000427925835385,0.5018485649848,0.5018107727080314,0.5101637597813036,0.3493495278104998,0.0053105117024615,0.3397172740103796,0.3480573495085072,0.3522473296538398,0.3550872243502833,0.3516384615294889,1.047006484493613,0.0026024434223753,1.046707795932889,1.0507068894803524,1.0490827523171902,1.0448864847421646,1.04364849999547,0.51201956090141,0.0054728647440755,0.5089315993011986,0.5081426258133473,0.5207775029969954,0.5062812382046046,0.5159648381909036,0.3307225217166571,0.0001047948378379,0.3306701242977381,0.3306701242977381,0.3306701242977381,0.3306701242977381,0.3309321113923331,1.041044981405139,0.0073728068497369,1.026827048510313,1.042441187426448,1.0435205399990082,1.0442127715796232,1.0482233595103023,0.4887165238311297,0.0169086129877659,0.5132142903681243,0.4811284125308697,0.4646196104439063,0.5014012582514845,0.4832190475612641,0.3437065668535683,0.0150606908248924,0.3719504546142647,0.3428835045600489,0.3420966394034567,0.3309321113923331,0.3306701242977381,6.0,5.513619500836088,1,5,1,7,16
-975,1.0347538907904374,0.0040405072810375,1.0393626821668525,1.039320110647302,1.034432089328766,1.029978032488572,1.0306765393206947,0.5027235319274771,0.0052662620811782,0.5056219472961844,0.495519507296532,0.4991185138275258,0.5108070189862759,0.5025506722308676,0.3483073718844123,0.0051159935523546,0.3400158404382951,0.3458184733834322,0.348852833816638,0.3546992237383335,0.3521504880453625,1.045739958807826,0.0017629152019413,1.045118449255824,1.04433330334723,1.0465184692293406,1.04879249073565,1.0439370814710855,0.5084781313723731,0.0081438848868459,0.5091198442877233,0.4936093521521952,0.5167845342957648,0.5080034625301215,0.5148734635960606,0.3307225217166571,0.0001047948378379,0.3306701242977381,0.3306701242977381,0.3306701242977381,0.3306701242977381,0.3309321113923331,1.0378973517566918,0.0085146355169585,1.0221911519765854,1.0375104080885649,1.038868758827448,1.0450202897191048,1.0458961501717567,0.498218170478174,0.0056360297015807,0.4927282739761023,0.505751983950247,0.4933794653342955,0.4948928345806527,0.5043382945495726,0.3437065668535683,0.0150606908248924,0.3719504546142647,0.3428835045600489,0.3420966394034567,0.3309321113923331,0.3306701242977381,5.8,4.955804677345546,5,1,2,15,6
-950,1.0334032986038608,0.0028176561609731,1.0384431155104386,1.032645464570899,1.0338864872330114,1.0320539029021012,1.0299875228028548,0.5016499517770802,0.0105957036501022,0.5048510541744162,0.5067684852039958,0.5095843073730691,0.4806806797707761,0.5063652323631435,0.3482066854678556,0.0041874563281333,0.3406937312292717,0.3488530692780847,0.3477604630329721,0.3504713069738439,0.3532548568251059,1.0454008772969243,0.0010514807171064,1.0455206986516714,1.0460392460227013,1.0469561461359262,1.044169049710035,1.0443192459642887,0.5041615046897432,0.0118542255984102,0.4956239979054274,0.4879543590338006,0.513627105756286,0.5028363658180806,0.5207656949351215,0.3307225217166571,0.0001047948378379,0.3306701242977381,0.3306701242977381,0.3306701242977381,0.3306701242977381,0.3309321113923331,1.0370463512837886,0.0094081808197793,1.0193051751703024,1.0381105076521635,1.0378464590758083,1.045052755624056,1.0449168588966131,0.4844955560386145,0.0092093238508595,0.4942361376506065,0.4883524026166079,0.478517212178455,0.469516004586302,0.4918560231611013,0.3437065668535683,0.0150606908248924,0.3719504546142647,0.3428835045600489,0.3420966394034567,0.3309321113923331,0.3306701242977381,9.0,5.692099788303083,18,7,3,4,13
-925,1.034021172398015,0.0029415568895884,1.0386044565000032,1.0345414876937866,1.0351386076525635,1.0317435013620475,1.030077808781674,0.5039140387714397,0.0070616313002649,0.5091841642489154,0.5009018176461144,0.5027429695773242,0.4931109068674414,0.5136303355174033,0.3472510460839469,0.004350483177975,0.341252162584092,0.3461775964185698,0.3444180645611879,0.3526571392767298,0.3517502675791549,1.0485058199614286,0.0044272039316461,1.0458157379180193,1.0465285126119852,1.0564842615276575,1.0498266443610191,1.043873943388462,0.5126674720687796,0.0055728103454956,0.511932956081402,0.5101720618161014,0.5184859559248444,0.5039129848179619,0.5188334017035886,0.3307225217166571,0.0001047948378379,0.3306701242977381,0.3306701242977381,0.3306701242977381,0.3306701242977381,0.3309321113923331,1.0392560463398697,0.0106326175539941,1.0188925210386517,1.0385042764246464,1.04644775390625,1.0453899949789047,1.047045685350895,0.4950381804996319,0.0057937977414944,0.492568481495981,0.501830075689299,0.4888387172156718,0.4898361383112361,0.5021174897859716,0.3437065668535683,0.0150606908248924,0.3719504546142647,0.3428835045600489,0.3420966394034567,0.3309321113923331,0.3306701242977381,9.6,7.310266752998826,6,6,8,4,24
-900,1.033582713729457,0.0027786032798696,1.0385312488204554,1.0335574683390163,1.033554750367215,1.032167439084304,1.0301026620362934,0.5046223482047463,0.0133181371936842,0.4867529975929938,0.5065755568068371,0.5267758414875785,0.5066759852199159,0.496331359916406,0.3475952256851373,0.0037680365175517,0.3413867519043656,0.3457798057138885,0.3483226996969124,0.3502430579568634,0.3522438131536567,1.0456463176757098,0.0011320912223578,1.0467812363058329,1.0469989255070686,1.045571954920888,1.044871797785163,1.0440076738595965,0.5064174774307106,0.0080554074759708,0.5157737517821075,0.4995506060440406,0.5050359357682692,0.5155390782880263,0.4961880152711092,0.3307225217166571,0.0001047948378379,0.3306701242977381,0.3306701242977381,0.3306701242977381,0.3306701242977381,0.3309321113923331,1.0371762074530124,0.0096384462592401,1.0191585309803486,1.0387056563049557,1.0371260941028595,1.044828336685896,1.0460624191910028,0.4789922310497114,0.004014232344122,0.4837130001675709,0.4836002082181623,0.476564584497374,0.4736252867345906,0.4774580756308589,0.3437065668535683,0.0150606908248924,0.3719504546142647,0.3428835045600489,0.3420966394034567,0.3309321113923331,0.3306701242977381,6.6,4.923413450036469,7,16,4,3,3
-875,1.039061464761433,0.0083684692892458,1.0451242045352334,1.0324769013806394,1.0353856789438347,1.0300309896469115,1.052289549300545,0.5030221269211597,0.0103357538195563,0.4884145098337321,0.5057706776050753,0.5090985356221004,0.5173055521445795,0.494521359400311,0.346584603882651,0.003646355341055,0.3415214330670373,0.3490536444785014,0.3448922088671667,0.3520965699607711,0.3453591630397781,1.048387825116515,0.0030284457168327,1.0479283910244703,1.047026813030243,1.0479154884815216,1.0450097024440763,1.0540587306022644,0.5140294221804187,0.0107062981185346,0.5073191145933237,0.498804471748438,0.5123307180619076,0.5285043229810992,0.5231884835173248,0.3307225217166571,0.0001047948378379,0.3306701242977381,0.3306701242977381,0.3306701242977381,0.3306701242977381,0.3309321113923331,1.0423258751630784,0.0091860008980306,1.031087063252926,1.0386886689811945,1.0385480411350727,1.044792853295803,1.0585127491503954,0.4887388734913456,0.0094259166159828,0.4985114832742402,0.4827862819622778,0.4748382522804927,0.4996641441431182,0.487894205796599,0.3437065668535683,0.0150606908248924,0.3719504546142647,0.3428835045600489,0.3420966394034567,0.3309321113923331,0.3306701242977381,12.6,11.637869220780924,1,18,11,32,1
-850,1.0353418328887538,0.0045277214226619,1.0390058297859994,1.0330073739352978,1.0423180391913969,1.0316719651222228,1.030705956408852,0.5040083399856566,0.0117862411812097,0.4986466365749948,0.5214004813851986,0.4856084447148726,0.5086933720915511,0.5056927651616665,0.34790835578484,0.0045153601107717,0.3399979215691674,0.3471994476679581,0.3479808094965503,0.3511012996644007,0.3532623005261234,1.0474796559661628,0.0016095888027315,1.048863522708416,1.0475688949227333,1.0478645134717226,1.0486903823912144,1.0444109663367271,0.5062002366106428,0.0056480152002671,0.499728831662406,0.5028367134128233,0.50330167658798,0.5154683163813263,0.5096656450086787,0.3307225217166571,0.0001047948378379,0.3306701242977381,0.3306701242977381,0.3306701242977381,0.3306701242977381,0.3309321113923331,1.03945368565619,0.0073854123678858,1.0255633797496555,1.0401805900037289,1.0402112118899822,1.0447276793420317,1.0465855672955513,0.486848877509497,0.0178827765502955,0.5214889924510224,0.4700686001512443,0.4805412022902562,0.4787339696939824,0.4834116229609797,0.3437065668535683,0.0150606908248924,0.3719504546142647,0.3428835045600489,0.3420966394034567,0.3309321113923331,0.3306701242977381,8.0,5.656854249492381,5,9,1,7,18
-825,1.035505668866007,0.0064605714303638,1.0477493135552658,1.032399602940208,1.035887965403105,1.0321022472883523,1.0293892151431034,0.5099085566671171,0.0053097288377666,0.5048559501768115,0.5201601408249792,0.5080259698656351,0.5090562564841091,0.5074444659840502,0.3479405394375527,0.0053543766369751,0.338697147387443,0.3503332305257555,0.345630560024196,0.3509577991316834,0.3540839601186858,1.046591670438647,0.0014458234677934,1.0482182707637548,1.0467820316553116,1.047535391524434,1.0464500114321709,1.043972646817565,0.5132022327938508,0.0073063782161164,0.5239718274722125,0.5105494534484545,0.5095876048093952,0.5187194730615228,0.5031828051776686,0.3307225217166571,0.0001047948378379,0.3306701242977381,0.3306701242977381,0.3306701242977381,0.3306701242977381,0.3309321113923331,1.0385048646479844,0.0076539317356173,1.024769900366664,1.0384902767837048,1.0381003245711329,1.0441799331456425,1.046983888372779,0.4936962885240009,0.0065432791018719,0.4935031312494539,0.4902440913140456,0.4914171269862923,0.4871882506223021,0.5061288424479105,0.3437065668535683,0.0150606908248924,0.3719504546142647,0.3428835045600489,0.3420966394034567,0.3309321113923331,0.3306701242977381,5.6,2.8000000000000003,1,9,4,7,7
-800,1.0332816349832634,0.0029914024541973,1.038321498193239,1.034076326144369,1.0335173324534768,1.0299065414227937,1.030586476702439,0.5061639056511269,0.0058775300366947,0.5080190497378322,0.5035711962455203,0.5119124553322288,0.5113057100329198,0.4960111169071333,0.3482173309831536,0.0047758586422709,0.3400006102993559,0.3458895019098201,0.3501134180760467,0.3527841961684034,0.3522989284621416,1.048310671374202,0.0035009697106795,1.0478831082582474,1.0483988653868437,1.0547236874699593,1.046146197244525,1.0444014985114336,0.5155880256547347,0.0148015045194883,0.5360261703983775,0.5148198624398418,0.5174679047379358,0.5196687786610588,0.4899574120364602,0.3307225217166571,0.0001047948378379,0.3306701242977381,0.3306701242977381,0.3306701242977381,0.3306701242977381,0.3309321113923331,1.0398364581167698,0.00805532555466,1.0239067766815424,1.041491897776723,1.0445753429085016,1.0444867219775915,1.0447215512394905,0.4953324949852106,0.0159431850424995,0.5092667460100498,0.4998191489027612,0.4871755123824301,0.4685508003826478,0.5118502672481642,0.3437065668535683,0.0150606908248924,0.3719504546142647,0.3428835045600489,0.3420966394034567,0.3309321113923331,0.3306701242977381,9.6,3.1368774282716245,13,10,9,12,4
-775,1.0340256850343,0.0034115162601242,1.0397947970189547,1.0338130411348845,1.0352142867289091,1.031246272513741,1.0300600277750116,0.5029355965066881,0.0086937054858828,0.4975031907934332,0.49877446580424,0.4963405030556086,0.5021827252006645,0.5198770976794939,0.3471439036567641,0.0042087276082942,0.3396837252299473,0.3479613834901668,0.346048309808836,0.3502702530907418,0.3517558466641285,1.046396128088236,0.0010050610112049,1.0474267285317185,1.0457600355148315,1.0472849048674109,1.0467471219599247,1.044761849567294,0.5104241387851877,0.015786976216937,0.5318365008770498,0.5032721845968062,0.5108875322532016,0.5207807805675041,0.4853436956313769,0.3307225217166571,0.0001047948378379,0.3306701242977381,0.3306701242977381,0.3306701242977381,0.3306701242977381,0.3309321113923331,1.037959735095501,0.00839961507947,1.0225611049681902,1.0380535703152418,1.0381366331130266,1.0447545517235994,1.046292815357447,0.4910367529384667,0.0146151279525033,0.4841039301687247,0.5078236510581987,0.4868065699320842,0.4694573173969101,0.506992296136416,0.3437065668535683,0.0150606908248924,0.3719504546142647,0.3428835045600489,0.3420966394034567,0.3309321113923331,0.3306701242977381,7.8,6.046486583132389,19,2,5,4,9
-750,1.0332840682330884,0.0041092644465509,1.0404901284920542,1.0335899177350496,1.0336629936569617,1.0300913785633288,1.028585922718048,0.5012001444615912,0.0057564158545216,0.490718835090674,0.5017986124667817,0.5006198294684759,0.5068733227897931,0.5059901224922315,0.348744942140565,0.0061326028636236,0.3390794646197381,0.3468345071240204,0.3473631941771014,0.353624841264482,0.3568227035174832,1.0469745378941298,0.0028255787005675,1.0456001572310925,1.0492720250040293,1.051305504515767,1.0446574948728085,1.0440375078469517,0.5140399081102166,0.0069981524017561,0.5164365175880757,0.5030607067540074,0.5168827013170451,0.5237665547860028,0.5100530601059523,0.3307225217166571,0.0001047948378379,0.3306701242977381,0.3306701242977381,0.3306701242977381,0.3306701242977381,0.3309321113923331,1.039522760361433,0.008549825368437,1.0231143534183502,1.0408454425632954,1.0413838904350996,1.044792763888836,1.047477351501584,0.4914504124336064,0.0177053856724007,0.517748515189526,0.4972940489325351,0.4820661429384921,0.4643451174711877,0.4957982376362911,0.3437065668535683,0.0150606908248924,0.3719504546142647,0.3428835045600489,0.3420966394034567,0.3309321113923331,0.3306701242977381,7.6,2.244994432064365,4,9,9,6,10
-725,1.0338373889421164,0.0024469110027869,1.0375141049686232,1.0333387299587853,1.0356992075317784,1.0312760742087113,1.0313588280426829,0.5038753116842616,0.008685132653949,0.4990372298461716,0.514100598422822,0.4931291229464699,0.5142798989114946,0.4988297082943501,0.3478134798096126,0.0031861775907941,0.3422879789211025,0.3464626016741891,0.3488362057787278,0.3504056341513645,0.3510749785226792,1.0486277673393487,0.0041930563540955,1.04584033600986,1.049978829920292,1.0562559980899096,1.0462224818766117,1.0448411908000708,0.5120740447423365,0.0079664937781543,0.5237733560445502,0.5103231249368491,0.510225035669507,0.5164257426446908,0.4996229644160859,0.3307225217166571,0.0001047948378379,0.3306701242977381,0.3306701242977381,0.3306701242977381,0.3306701242977381,0.3309321113923331,1.0409714493900537,0.0093967866193665,1.0226457100361586,1.0418059881776571,1.048114413395524,1.0456961896270514,1.0465949457138777,0.4895111112134177,0.0094622118916176,0.5028985868258389,0.4902675101322147,0.489891496596568,0.4732420708330628,0.4912558916794043,0.3437065668535683,0.0150606908248924,0.3719504546142647,0.3428835045600489,0.3420966394034567,0.3309321113923331,0.3306701242977381,8.8,6.4,19,11,1,10,3
-700,1.0331121556382432,0.0031094975607944,1.0383714688451666,1.033724692620729,1.033367579861691,1.0291905233734533,1.030906513490175,0.5029433258394539,0.0111292567367102,0.5159505880368861,0.4954779058128413,0.5082575251940963,0.5099091115527293,0.4851214986007165,0.3488096286955595,0.005042838934914,0.3402917301465414,0.347437755546182,0.3486119876187278,0.3548013542665015,0.3529053158998447,1.0465479034930467,0.0019961226440211,1.0486102998256683,1.0468752533197403,1.0486117359250784,1.0434888564050198,1.045153371989727,0.509279654514476,0.0152081148978288,0.5087980624042316,0.5220020652807088,0.5033131741027481,0.527811121463372,0.4844738493213189,0.3307225217166571,0.0001047948378379,0.3306701242977381,0.3306701242977381,0.3306701242977381,0.3306701242977381,0.3309321113923331,1.039398293197155,0.0084032513109059,1.0242082197219131,1.039393613114953,1.0390032418072224,1.046619726344943,1.0477666649967432,0.4910524184208752,0.0162800084941062,0.4930197067075998,0.4979079855683154,0.5084694926012615,0.4602307173621561,0.4956341898650431,0.3437065668535683,0.0150606908248924,0.3719504546142647,0.3428835045600489,0.3420966394034567,0.3309321113923331,0.3306701242977381,5.2,2.039607805437114,7,3,5,8,3
-675,1.0343017073681482,0.0035242249354223,1.0378165370539616,1.0386000388546994,1.0343913555145263,1.0302163412696437,1.030484264147909,0.5079551860906878,0.0067149769444836,0.5073539793085332,0.5195969739516797,0.5097587099766431,0.502915828088098,0.5001504391284853,0.3479050959165751,0.0044402719385294,0.3408294824738846,0.3469702196267653,0.3463921824201452,0.3526154974591421,0.3527180976029382,1.047374476492405,0.004913592705487,1.0435516741126776,1.0458976868540049,1.0570197496563196,1.0460526570677755,1.044350614771247,0.5133374845903488,0.0191589596421645,0.5287143810106583,0.5239451210236605,0.5142353590072705,0.5236051367881829,0.4761874251219717,0.3307225217166571,0.0001047948378379,0.3306701242977381,0.3306701242977381,0.3306701242977381,0.3306701242977381,0.3309321113923331,1.0395809683948756,0.0094302763575158,1.0213543996214869,1.039614100009203,1.0468234959989786,1.0451709609478712,1.0449418853968382,0.5030063236972456,0.026762449762547,0.5217982519744369,0.5302505200342554,0.488339492070535,0.4575003043074897,0.5171430500995111,0.3437065668535683,0.0150606908248924,0.3719504546142647,0.3428835045600489,0.3420966394034567,0.3309321113923331,0.3306701242977381,5.4,4.586937976471886,3,1,14,6,3
-650,1.0349945876472877,0.0028823299298127,1.0382098110098588,1.031997149241598,1.0383877095423246,1.034635548842581,1.0317427196000752,0.4989618313220282,0.0150848390798455,0.4943040734710417,0.516477350346288,0.4886774749776232,0.5163860153618914,0.4789642424532966,0.347457393158921,0.0044900210199829,0.3402351708370478,0.3497225421858441,0.3447775207729419,0.3493828706551169,0.3531688613436543,1.04582365937531,0.0016088184435819,1.047277258709073,1.0480686333030462,1.0453617479652166,1.0437946747988462,1.0446159821003675,0.5176125229010788,0.0122405360847273,0.5324023408542513,0.5230696993339261,0.508904320558502,0.5252265023793983,0.4984597513793167,0.3307225217166571,0.0001047948378379,0.3306701242977381,0.3306701242977381,0.3306701242977381,0.3306701242977381,0.3309321113923331,1.0387959897518158,0.0092697722053036,1.0217526629567146,1.0413833912461996,1.0372671354562044,1.0456975623965263,1.047879196703434,0.4796404632859932,0.0171833691091506,0.4727581161306757,0.4605961250486188,0.5084308220707232,0.4674081109347122,0.489009142245236,0.3437065668535683,0.0150606908248924,0.3719504546142647,0.3428835045600489,0.3420966394034567,0.3309321113923331,0.3306701242977381,7.0,9.18694726228468,6,25,1,1,2
-625,1.032752276847237,0.0030890504427447,1.0380129305939925,1.0324760474656758,1.0338678385082043,1.0299378577031588,1.0294667099651538,0.5072477101465733,0.0102324811448165,0.507502720157741,0.5218091116553721,0.5053700738640972,0.4901908904133712,0.5113657546422852,0.3486345033357946,0.0045926470037774,0.3413288177940447,0.3470383660160029,0.3476928267033501,0.3538782320446959,0.3532342741208793,1.045849846303463,0.0019078025592321,1.0443034935742617,1.045894904062152,1.0494932308793068,1.0444347150623798,1.0451228879392147,0.51400354922236,0.0123138508041354,0.5192756235600333,0.5252488628292019,0.5088289981174069,0.5243445761072809,0.4923196854978775,0.3307225217166571,0.0001047948378379,0.3306701242977381,0.3306701242977381,0.3306701242977381,0.3306701242977381,0.3309321113923331,1.038364260643721,0.0094828073790294,1.0206486713141203,1.038428582251072,1.0398752838373184,1.0451625734567642,1.0477061923593285,0.4873838577711918,0.0169305636000706,0.5010768546404674,0.4629987011347053,0.4961364697994184,0.4714332777495911,0.505273985531777,0.3437065668535683,0.0150606908248924,0.3719504546142647,0.3428835045600489,0.3420966394034567,0.3309321113923331,0.3306701242977381,13.0,9.715966241192897,5,31,15,9,5
-600,1.033341893020429,0.002911910167188,1.0382730979668466,1.0338491433545165,1.0336708413927178,1.0297225487859625,1.0311938336021025,0.5042924558262462,0.0088727275036611,0.5155622367493837,0.4886686353257595,0.5080988648911703,0.5065507153529751,0.5025818268119417,0.3483646558401588,0.0044711879259916,0.3409273643117068,0.3476606844076137,0.347441293369388,0.3539487315828423,0.3518452055292435,1.0462116736918687,0.0025914623671029,1.044366404414177,1.0464917533099651,1.0511154513806105,1.045029617846012,1.0440551415085793,0.5204909512484892,0.0093844455917874,0.5346553356902135,0.5191398237583098,0.5060343734495488,0.5250234653379797,0.5176017580063941,0.3307225217166571,0.0001047948378379,0.3306701242977381,0.3306701242977381,0.3306701242977381,0.3306701242977381,0.3309321113923331,1.0387005370110274,0.0097600008741776,1.0197490211576223,1.0401790514588356,1.0415635164827108,1.046103285625577,1.045907810330391,0.4891519738985623,0.0217824627273719,0.5024193529666086,0.505109277327555,0.4602739376524234,0.4654444366047828,0.5125128649414422,0.3437065668535683,0.0150606908248924,0.3719504546142647,0.3428835045600489,0.3420966394034567,0.3309321113923331,0.3306701242977381,11.2,9.019977827023745,28,2,11,10,5
-575,1.034652119310279,0.0055342264812372,1.038056332814066,1.0438647508621215,1.031967857009486,1.0294177795711317,1.0299538762945877,0.5077160353718044,0.0079441751124171,0.5059818675925687,0.5133481488425594,0.5166465396611485,0.5090084010585788,0.493595219704167,0.3495254449515853,0.0052680375208346,0.3400833949749481,0.348904992558904,0.3496694906149713,0.3543975331736068,0.3545718134354961,1.0472269490361217,0.0029547595217855,1.044801753014326,1.052320038899779,1.0488432571291924,1.0449395310133696,1.0452301651239395,0.513820755322882,0.0185227678331855,0.5263408076836888,0.5212104388062844,0.5069770124592583,0.533478488158445,0.4810970295067333,0.3307225217166571,0.0001047948378379,0.3306701242977381,0.3306701242977381,0.3306701242977381,0.3306701242977381,0.3309321113923331,1.039564110711217,0.0096794495331462,1.0204780753701923,1.0461712405085564,1.0414525475353005,1.0455236490815878,1.0441950410604477,0.4806918259550731,0.0132594569480493,0.4895155221523607,0.4839065547308119,0.4693989781456852,0.4621109685189956,0.4985271062275118,0.3437065668535683,0.0150606908248924,0.3719504546142647,0.3428835045600489,0.3420966394034567,0.3309321113923331,0.3306701242977381,8.6,8.01498596380555,11,1,6,23,2
-550,1.034269760282416,0.0035962254699177,1.0378388172701785,1.0384732572655928,1.0346219916092725,1.0294568682971754,1.0309578669698616,0.5092137594747229,0.0085420598174346,0.5224785480122541,0.4969334974004471,0.5039054243793015,0.5108520245849778,0.5118993029966341,0.3476071013513099,0.0051767220456822,0.3415273249661559,0.3433535963247079,0.3459161121701855,0.3549949698577826,0.3522435034377178,1.0457011692225933,0.0024110702303534,1.0430252831429243,1.0435109958052635,1.049596585333347,1.0470419824123385,1.0453309994190931,0.5172023828735514,0.0079911810041965,0.5235249470106982,0.51565192650316,0.5100212887548888,0.5289531174800197,0.5078606346189903,0.3307225217166571,0.0001047948378379,0.3306701242977381,0.3306701242977381,0.3306701242977381,0.3306701242977381,0.3309321113923331,1.0389509867876767,0.0090999017921014,1.022388570010662,1.0375375095754862,1.0406720787286758,1.0459255557507277,1.0482312198728323,0.4818402023229772,0.012694647256369,0.4972710221197811,0.4818548204147839,0.4798826541922004,0.4597198737374781,0.4904726411506428,0.3437065668535683,0.0150606908248924,0.3719504546142647,0.3428835045600489,0.3420966394034567,0.3309321113923331,0.3306701242977381,9.4,7.525955088890711,7,1,11,23,5
-525,1.034663529019607,0.0030655133869869,1.0379291013667458,1.038300611470875,1.034391455273879,1.0306277513504027,1.032068725636131,0.5031758154614738,0.0115788806237188,0.5027642113442037,0.4836969395448616,0.4999282391212469,0.5122423669657011,0.517247320331356,0.3471621490400506,0.004260349533531,0.3402289703221179,0.3450588007288134,0.347507947988008,0.3519410423662399,0.3510739837950736,1.0460698161274196,0.0021793904497981,1.0433475375175476,1.0463187582790852,1.0497850701212883,1.044526455923915,1.0463712587952614,0.5237883387376723,0.0129723923113285,0.5405537908532402,0.5231688862349545,0.5092244900734372,0.5361614840269672,0.5098330424997626,0.3307225217166571,0.0001047948378379,0.3306701242977381,0.3306701242977381,0.3306701242977381,0.3306701242977381,0.3309321113923331,1.0392472106963395,0.0086461404768462,1.023486373946071,1.0387233160436151,1.0400040447711945,1.0484200045466423,1.0456023141741753,0.4934466607127774,0.0103454607720123,0.5081549029632157,0.479966626020532,0.5022673270255248,0.4863240126002991,0.4905204349543152,0.3437065668535683,0.0150606908248924,0.3719504546142647,0.3428835045600489,0.3420966394034567,0.3309321113923331,0.3306701242977381,6.6,5.083306010855534,6,1,9,15,2
-500,1.0333358215030872,0.0031585984801201,1.038625849548139,1.0341358454603895,1.0336737319042808,1.029629015295129,1.0306146653074968,0.500295086409039,0.0074328317264955,0.5133269083934541,0.5032963820379611,0.4926414005429759,0.4974678007439512,0.4947429403268523,0.348045644326184,0.0050926907005291,0.3401261421133634,0.345517402519808,0.3476737506702633,0.3544292152687942,0.3524817110586908,1.0447722770273686,0.00128678971167,1.044530974701047,1.044438382610679,1.0472223293036222,1.043417040258646,1.0442526582628489,0.5178590599882448,0.0131631200183093,0.5331171999922913,0.5227811609299888,0.5032447176483985,0.5288643686126947,0.5012878527578506,0.3307225217166571,0.0001047948378379,0.3306701242977381,0.3306701242977381,0.3306701242977381,0.3306701242977381,0.3309321113923331,1.0389339838176963,0.0075905042436003,1.0259293261915443,1.037677252665162,1.0381330605596304,1.045180581510067,1.0477496981620789,0.4973986260781539,0.0067118540116216,0.4972908266356307,0.4844309888173547,0.5019933436618106,0.501617117256218,0.5016608540197549,0.3437065668535683,0.0150606908248924,0.3719504546142647,0.3428835045600489,0.3420966394034567,0.3309321113923331,0.3306701242977381,8.0,3.0983866769659336,11,9,2,9,9
-475,1.0334663706076772,0.0026381634574812,1.038449313766078,1.033167985238527,1.0331831336021424,1.031026189578207,1.031505230853432,0.5066540058379013,0.0062530200430635,0.5036753728770865,0.5024935707237221,0.506033433899829,0.5022022981470756,0.5188653535417933,0.347945464068697,0.0042912452767466,0.3401185052846759,0.3484604797154542,0.3474746829780503,0.3519789039143163,0.3516947484509882,1.0459748350083828,0.0004532474548369,1.045356884598732,1.045572916045785,1.046279039233923,1.0460727289319038,1.0465926062315702,0.5153009542189149,0.0141578439911917,0.5266049463986692,0.5253004558782146,0.4895229484260087,0.5246070236920597,0.5104693966996215,0.3307225217166571,0.0001047948378379,0.3306701242977381,0.3306701242977381,0.3306701242977381,0.3306701242977381,0.3309321113923331,1.038433951884508,0.0084267986868729,1.023468729108572,1.0381546951830387,1.0378127191215754,1.0448220651596785,1.047911550849676,0.5037288821129371,0.0144530312182576,0.5291656925971218,0.5090269156521735,0.4884577078614521,0.4988761760501978,0.4931179184037406,0.3437065668535683,0.0150606908248924,0.3719504546142647,0.3428835045600489,0.3420966394034567,0.3309321113923331,0.3306701242977381,10.8,8.034923770640267,2,26,9,9,8
-450,1.0336567157193235,0.0034269653320549,1.0399571487778112,1.0326953549134104,1.0342691653653195,1.0307686604951558,1.0305932490449203,0.4995427850034883,0.0090308975561331,0.498064631588248,0.4826522995801534,0.5040465073745993,0.5078735723242114,0.5050769141502299,0.3478287554116115,0.0051433130941903,0.3387750697315403,0.3487814808480822,0.3462462534817007,0.3526358052178017,0.3527051677789323,1.0454431243240834,0.0009453626393625,1.0449816212058067,1.0441821049898865,1.0470551010221243,1.0456727799028158,1.0453240144997835,0.5132632692842304,0.0145638287889228,0.5282536581629703,0.5294977379460106,0.5001676007325012,0.5150712442190617,0.493326105360608,0.3307225217166571,0.0001047948378379,0.3306701242977381,0.3306701242977381,0.3306701242977381,0.3306701242977381,0.3309321113923331,1.0371096678078175,0.0082189767253515,1.0218101721256971,1.037346251308918,1.037811616435647,1.0442007537931204,1.0443795453757048,0.4997085602091634,0.0099424016563379,0.4904319578352477,0.5073854596567497,0.4855024504650053,0.5042542946991391,0.5109686383896755,0.3437065668535683,0.0150606908248924,0.3719504546142647,0.3428835045600489,0.3420966394034567,0.3309321113923331,0.3306701242977381,7.8,5.075431016179808,16,8,3,2,10
-425,1.034381632302937,0.0035133111513836,1.0399598855721324,1.0361951225682309,1.0339323664966382,1.0321372352148357,1.0296835516628466,0.503877836108853,0.0118937375628411,0.5039437762535519,0.4836484140989212,0.5002988009291338,0.5144437110713145,0.5170544781913433,0.3469894743562298,0.0056244063016546,0.3372542295287989,0.3469851308029378,0.3464101699192678,0.3499331418510252,0.3543646996791191,1.0469515182077884,0.002267044174636,1.0478737615048883,1.0484807956963778,1.0498151313513515,1.0445961263030767,1.0439917761832476,0.5122009848637663,0.005480854800749,0.507942202470188,0.5118735460943349,0.5065354711486579,0.5221903553330082,0.5124633492726429,0.3307225217166571,0.0001047948378379,0.3306701242977381,0.3306701242977381,0.3306701242977381,0.3306701242977381,0.3309321113923331,1.0404996316879989,0.0058469936031484,1.0302427243441343,1.0405214335769415,1.0395026002079248,1.0452053360641005,1.047026064246893,0.4914427758328411,0.0047163065429338,0.4969653319023739,0.488766471169488,0.495599995389623,0.4839567130784966,0.4919253676242242,0.3437065668535683,0.0150606908248924,0.3719504546142647,0.3428835045600489,0.3420966394034567,0.3309321113923331,0.3306701242977381,6.8,3.487119154832538,4,3,13,7,7
-400,1.0338532439031098,0.0025389325238394,1.0368958109303523,1.0319854341055217,1.0331499143650658,1.030545139312744,1.0366899208018654,0.5049084203711985,0.0069453344154229,0.5105109937888803,0.4980960674896303,0.5118352619383375,0.509087923007482,0.4950118556316629,0.3492964346474507,0.0035643967193412,0.3438950327791198,0.3494303298667265,0.3472023100683184,0.3517836454549897,0.3541708550680992,1.0451629627496004,0.0008398918205314,1.0444537717849016,1.0451608523726463,1.0466953460127115,1.0451640337705612,1.0443408098071814,0.5134192569574271,0.0147636297854908,0.5201533084078682,0.5121186514762022,0.4933334938385406,0.5370549483223961,0.5044358827421281,0.3307225217166571,0.0001047948378379,0.3306701242977381,0.3306701242977381,0.3306701242977381,0.3306701242977381,0.3309321113923331,1.0383998304605484,0.0073147648276915,1.0258059706538916,1.0376556944102049,1.0371263269335032,1.0456981379538774,1.045713022351265,0.4884284824607576,0.0203307592931068,0.5088492600336962,0.5075198664030307,0.485864886213107,0.4526909512006327,0.4872174484533214,0.3437065668535683,0.0150606908248924,0.3719504546142647,0.3428835045600489,0.3420966394034567,0.3309321113923331,0.3306701242977381,11.4,6.151422599691879,19,10,11,16,1
-375,1.0329414839493605,0.0029603454310736,1.038262409285495,1.0334971101660475,1.032413596855967,1.0297128558158877,1.0308214476234034,0.5099797244704636,0.0063209682638214,0.5018955706293009,0.51697422971388,0.5034597905758431,0.5111355403308478,0.516433491102446,0.3486020638638415,0.0045556460925645,0.3407223685208919,0.3471879836658333,0.3497048346073544,0.3542656785019714,0.3511294540231569,1.046977090090513,0.0018311721525791,1.0488994978368282,1.045268027111888,1.0494326800107956,1.0461707711219788,1.0451144743710756,0.504491816303613,0.0032332268953873,0.5039016645009251,0.5091602124324468,0.4992029880654733,0.5042538650020547,0.5059403515171648,0.3307225217166571,0.0001047948378379,0.3306701242977381,0.3306701242977381,0.3306701242977381,0.3306701242977381,0.3309321113923331,1.0398754190653563,0.0091059367361552,1.0239178966730833,1.0380568131804466,1.040257165208459,1.0469582099467516,1.0501870103180408,0.4903215182703723,0.0166752110331174,0.5216417440656647,0.4818761438491308,0.489037864133841,0.4867125306399358,0.472339308663289,0.3437065668535683,0.0150606908248924,0.3719504546142647,0.3428835045600489,0.3420966394034567,0.3309321113923331,0.3306701242977381,8.4,6.829348431585549,3,19,2,4,14
-350,1.0339493526910482,0.0028207590104239,1.0366483751096225,1.0327593709293166,1.0379421390985188,1.0312495984529193,1.031147279864863,0.5058923454280619,0.0049450682296547,0.5134631696169669,0.5004872307415587,0.5097826970865544,0.5018005759493978,0.5039280537458318,0.3486314211136648,0.003342434342747,0.3427147653474145,0.3484328712498732,0.3485510938757226,0.3526276119876827,0.3508307631076308,1.0464490413665772,0.0013506312787886,1.045843742787838,1.0465267468243835,1.0482366252690554,1.0473616663366556,1.044276425614953,0.5023792757920835,0.0087699369809673,0.4911068395452434,0.4932351869051258,0.504631802658733,0.5128464642501872,0.5100760856011276,0.3307225217166571,0.0001047948378379,0.3306701242977381,0.3306701242977381,0.3306701242977381,0.3306701242977381,0.3309321113923331,1.037912381440401,0.0090302500036844,1.0209053214639423,1.038128150627017,1.0394722949713469,1.04545852355659,1.045597616583109,0.4973498716733736,0.018143678956015,0.5273254417752827,0.5086674285396017,0.4791470102063911,0.4825321873268023,0.4890772905187898,0.3437065668535683,0.0150606908248924,0.3719504546142647,0.3428835045600489,0.3420966394034567,0.3309321113923331,0.3306701242977381,3.4,1.8547236990991407,5,6,1,2,3
-325,1.0337255450298912,0.0028694489678742,1.038660727049175,1.034137178722181,1.034094865071146,1.0311587860709743,1.0305761682359795,0.5070286182105314,0.0046485477439784,0.5023961150153816,0.5039624184595852,0.5120287581446442,0.5034514002823942,0.5133043991506507,0.3474179745915655,0.0039520592241169,0.3400508527047218,0.3473963844031411,0.3479547944332317,0.350675813019759,0.3510120283969737,1.0483779825270176,0.0024481196287309,1.0492291878908873,1.0520699806511402,1.0472973100841043,1.0487020313739777,1.0445914026349783,0.4997801239937581,0.0053891365800413,0.5053850275970853,0.4899288984696963,0.4987400782478653,0.5033446763625262,0.5015019392916179,0.3307225217166571,0.0001047948378379,0.3306701242977381,0.3306701242977381,0.3306701242977381,0.3306701242977381,0.3309321113923331,1.039889493957162,0.0079118763152848,1.0257754493504765,1.0427483264356852,1.0374665837734938,1.0449687615036964,1.048488348722458,0.4957342693417641,0.0075411347689097,0.5011351945959462,0.507213879895697,0.4933891858895884,0.4859913651954946,0.4909417211320944,0.3437065668535683,0.0150606908248924,0.3719504546142647,0.3428835045600489,0.3420966394034567,0.3309321113923331,0.3306701242977381,6.6,5.782732917920384,4,4,5,2,18
-300,1.0375262087269832,0.0044500342931599,1.0379309277785451,1.040375466723191,1.0426459488115811,1.037177360685248,1.029501339636351,0.5068417038245958,0.0090889235261634,0.5224671936085965,0.4994657059490413,0.4984117327908043,0.5022735809773529,0.5115903057971843,0.3466497084726082,0.0050196983110859,0.3406865287180252,0.342056808048106,0.3455678989595114,0.3519985158332713,0.352938790804127,1.0513728357851506,0.0078203044189423,1.0469634104520082,1.0551839787513018,1.0650235749781132,1.045228686183691,1.0444645285606384,0.499286765016033,0.0059370891443471,0.4937130976391161,0.5011773330011833,0.5008000554240885,0.508646965237729,0.4920963737780479,0.3307225217166571,0.0001047948378379,0.3306701242977381,0.3306701242977381,0.3306701242977381,0.3306701242977381,0.3309321113923331,1.0462591223418714,0.0112456148064011,1.0270354393869638,1.0520943123847246,1.0612221024930475,1.044132186099887,1.0468115713447332,0.5055504505530684,0.0101604725460379,0.5195484071631188,0.5083836685170235,0.5119827292087679,0.4942635149734266,0.4935739329030052,0.3437065668535683,0.0150606908248924,0.3719504546142647,0.3428835045600489,0.3420966394034567,0.3309321113923331,0.3306701242977381,5.2,5.2306787322488075,13,1,1,1,10
-275,1.0334712590669333,0.0028911395505278,1.0381087629418624,1.0343186252995542,1.0341474451516803,1.030133404857234,1.0306480570843346,0.5103535113111589,0.0091600044263179,0.5182437079642565,0.4960866649834615,0.5136818206929449,0.5035708630089402,0.5201844999061916,0.3480587580198932,0.0048657949706245,0.3400002546840142,0.3486571763798552,0.3462589895043023,0.3545555823098435,0.3508217872214508,1.047009476646781,0.001767401868574,1.0485674608498812,1.0475482996553185,1.0489817541092634,1.0455800369381905,1.0443698316812515,0.5003557268484092,0.0072627012966435,0.5012465742463974,0.4916432568662098,0.4941909669663035,0.5022883006936868,0.5124095354694487,0.3307225217166571,0.0001047948378379,0.3306701242977381,0.3306701242977381,0.3306701242977381,0.3306701242977381,0.3309321113923331,1.0404365308582784,0.0063287577313421,1.0306992288678885,1.0389965139329431,1.038541642948985,1.0442944560199976,1.0496508125215769,0.5001139888327621,0.0208150672951365,0.5334193201225294,0.5149836550208264,0.4900440127028613,0.4789899663413297,0.4831329899762639,0.3437065668535683,0.0150606908248924,0.3719504546142647,0.3428835045600489,0.3420966394034567,0.3309321113923331,0.3306701242977381,6.6,4.498888751680797,5,2,15,4,7
-250,1.037205222531369,0.0057751246578197,1.0461423434709247,1.0324941854727896,1.0332468139497857,1.0420206019752905,1.032122167788054,0.4987002174920898,0.0098934241430444,0.4833257536918087,0.4967061081155653,0.5096399625158291,0.4945421943825933,0.5092870687546531,0.3461270800090208,0.0054359774804968,0.3362090848225724,0.3496913379703817,0.3472602558234876,0.3454383097628239,0.3520364116658386,1.0463756933808326,0.0021803150348534,1.0455531310290098,1.0504874177277088,1.0456612557172775,1.046174829825759,1.0440018326044085,0.5049720896646582,0.0120810627219283,0.5096215325183764,0.4923944686581351,0.4965133719313744,0.5000481554500468,0.5262829197653588,0.3307225217166571,0.0001047948378379,0.3306701242977381,0.3306701242977381,0.3306701242977381,0.3306701242977381,0.3309321113923331,1.0390672516077757,0.0083852974730183,1.023856407031417,1.0421895422041416,1.0366938449442389,1.0466449055820704,1.045951558277011,0.5041587572969254,0.0083561011858457,0.5157890646445161,0.5097268347046641,0.5044633919995309,0.4992532814177837,0.4915612137181319,0.3437065668535683,0.0150606908248924,0.3719504546142647,0.3428835045600489,0.3420966394034567,0.3309321113923331,0.3306701242977381,4.4,4.882622246293481,1,3,14,1,3
-225,1.0380940461158752,0.0054387627480167,1.0447219880003678,1.040487851594624,1.0342482020980432,1.0414245097260726,1.0295876791602687,0.5005368726163765,0.0055623669156935,0.5063953740352162,0.5058250124608942,0.49432290227904,0.493507965617007,0.5026331086897244,0.3474374676764066,0.0050977989312088,0.3398076796199488,0.3453003744554851,0.3459001876941539,0.3524181036480145,0.353760992964431,1.0484788171947002,0.004175756156512,1.056130561977625,1.0459046810865402,1.0466765221208334,1.049429327249527,1.0442529935389755,0.5048512449131816,0.0028112001327885,0.5051548266801849,0.500190012547769,0.5083340520879646,0.5036789522784918,0.5068983809714975,0.3307225217166571,0.0001047948378379,0.3306701242977381,0.3306701242977381,0.3306701242977381,0.3306701242977381,0.3309321113923331,1.0421757876873017,0.0064227873862144,1.0330347530543804,1.0414741206914186,1.0389368869364262,1.0523329060524702,1.0451002717018127,0.5062419146238513,0.0065508159122568,0.5151589833124601,0.4975458212377619,0.5051914136308118,0.5012723398760345,0.512041015062188,0.3437065668535683,0.0150606908248924,0.3719504546142647,0.3428835045600489,0.3420966394034567,0.3309321113923331,0.3306701242977381,1.6,0.8,1,1,3,1,2
-200,1.0356860842202835,0.0049617207513015,1.0431128872068305,1.033791482448578,1.0398491545727375,1.0309282967918798,1.0307486000813937,0.4990890948547649,0.0067622115199281,0.492555204127471,0.493635286416356,0.4952119316841614,0.5042536345911868,0.5097894174546497,0.3477361846894897,0.0047642223331939,0.3392579590256948,0.3469667994030262,0.3481388695541681,0.3512263671293132,0.3530909283352462,1.0489287339150906,0.0027371107819795,1.0489434953778982,1.048183012753725,1.0523647852241993,1.0508501268923285,1.044302249327302,0.5081979702974738,0.0038704247976767,0.507293241574343,0.5094215754984417,0.5149997895888122,0.5039418145976585,0.505333430228114,0.3307225217166571,0.0001047948378379,0.3306701242977381,0.3306701242977381,0.3306701242977381,0.3306701242977381,0.3309321113923331,1.0402644097805025,0.007358284580587,1.0263523887842894,1.0391096882522106,1.045171981677413,1.0450652353465557,1.045622754842043,0.5103422797956149,0.0144585481458168,0.5037939324575136,0.5266336974173942,0.5255297631497815,0.4879893584528673,0.5077646475005175,0.3437065668535683,0.0150606908248924,0.3719504546142647,0.3428835045600489,0.3420966394034567,0.3309321113923331,0.3306701242977381,5.2,3.815756805667782,1,9,1,10,5
-175,1.033415715568944,0.0028097984109233,1.0384273830213044,1.0339872385326183,1.0331121783507498,1.0308065696766502,1.0307452082633972,0.4976604154024411,0.0072722928425036,0.5094258136652038,0.4922684907175186,0.4911274091269078,0.492532453287294,0.5029479102152814,0.348549637959853,0.0044779958662474,0.3402225108387723,0.3475996223441165,0.3508226862588525,0.3516496645864101,0.3524537057711131,1.0483398441225291,0.003051346421425,1.050689347088337,1.052785772830248,1.0467004515230656,1.047387732192874,1.0441359169781208,0.5032806146769502,0.0095425296716192,0.493342985032854,0.4936942354186872,0.5192437191489605,0.503741315423696,0.5063808183605533,0.3307225217166571,0.0001047948378379,0.3306701242977381,0.3306701242977381,0.3306701242977381,0.3306701242977381,0.3309321113923331,1.04091741964221,0.0089117875151331,1.024909283965826,1.0448292046785357,1.0378632433712482,1.0493412371724844,1.047644129022956,0.5065014291921183,0.0168112314068065,0.513107368731904,0.5149114839351233,0.5299486060857188,0.4894195152451709,0.4851201719626745,0.3437065668535683,0.0150606908248924,0.3719504546142647,0.3428835045600489,0.3420966394034567,0.3309321113923331,0.3306701242977381,4.6,2.4166091947189146,8,3,2,3,7
-150,1.0331590006225988,0.0031782446306069,1.038437880340375,1.032580295989388,1.034634538700706,1.0293438905163814,1.0307983975661428,0.5060675158329472,0.0065847889163084,0.5001716439207322,0.4983479253915462,0.5130366895984562,0.5043020510733681,0.514479269180633,0.3483775830058259,0.0054107614435391,0.3399559190828148,0.3488369095425968,0.3453597654526489,0.3555789712105937,0.3521563497404749,1.0468979574739934,0.0015680356991138,1.0489248018711803,1.0453964490443468,1.048670956864953,1.0460193026810884,1.0454782769083977,0.5085330776082737,0.0078503561481384,0.5021205272819559,0.5059805310770685,0.5048945705404132,0.5056740932197646,0.5239956659221666,0.3307225217166571,0.0001047948378379,0.3306701242977381,0.3306701242977381,0.3306701242977381,0.3306701242977381,0.3309321113923331,1.0381054393947124,0.0070674659581242,1.025173332542181,1.0377071630209684,1.0386680364608765,1.0450005400925877,1.0439781248569489,0.5002713717155173,0.0065607079656544,0.5027530676417149,0.5026735494327362,0.5100422070721786,0.4924772725891886,0.4934107618417684,0.3437065668535683,0.0150606908248924,0.3719504546142647,0.3428835045600489,0.3420966394034567,0.3309321113923331,0.3306701242977381,11.2,4.833218389437829,3,9,14,17,13
-125,1.03588810908167,0.0045772261316365,1.037628185749054,1.0335928007176047,1.0435253212326452,1.0349019627822074,1.0297922749268382,0.5016037857172352,0.0043735277736509,0.4987989912699194,0.5016865016723006,0.5013952072877607,0.4966105101433276,0.5095277182128678,0.3482003373228228,0.0037077213607853,0.3427050252878748,0.3476840290999803,0.3460332640960996,0.3525438886843415,0.3520354794458177,1.046842814981937,0.0040755673172305,1.05489612929523,1.0451970044523478,1.044219046831131,1.0458007100969553,1.044101184234023,0.5032234410104681,0.0049229564467542,0.5012016578392949,0.4980602429380793,0.5092549150100134,0.4986336043028178,0.5089667849621355,0.3307225217166571,0.0001047948378379,0.3306701242977381,0.3306701242977381,0.3306701242977381,0.3306701242977381,0.3309321113923331,1.040873159840703,0.0066499213767346,1.030557852238417,1.0375200398266315,1.0402822699397802,1.0471527986228466,1.04885283857584,0.5023290495981725,0.0138230871702674,0.5191186763554204,0.4945501608598538,0.5189741510105912,0.4876551114048052,0.491347148360192,0.3437065668535683,0.0150606908248924,0.3719504546142647,0.3428835045600489,0.3420966394034567,0.3309321113923331,0.3306701242977381,7.6,6.529931086925803,4,16,1,2,15
-100,1.0343025335512663,0.0041970359447589,1.0401060455723812,1.038165643340663,1.0333844002924468,1.0295039133021706,1.03035266524867,0.5073764314447164,0.0089613712380053,0.5077315491456771,0.4966728956077534,0.4979574685340262,0.5160880414894847,0.5184322024466411,0.3468967261528625,0.005092586648261,0.3387257956336343,0.3439017285215884,0.3478246482345346,0.3525939393421872,0.3514375190323682,1.047299377247691,0.0035688790804597,1.0441637821495533,1.0534525942057371,1.046490641310811,1.0487343054264784,1.043655563145876,0.5103765616354204,0.0079405645512307,0.5122110832570121,0.5004329319524283,0.5047202401786047,0.5106910160169467,0.5238275367721104,0.3307225217166571,0.0001047948378379,0.3306701242977381,0.3306701242977381,0.3306701242977381,0.3306701242977381,0.3309321113923331,1.040676672756672,0.0067538390339853,1.0287285335361958,1.0458190236240623,1.03780678473413,1.0441317074000835,1.0468973144888878,0.515339363940594,0.0125778224271666,0.5259022481995278,0.533012999348377,0.4986267600488497,0.512845794525668,0.5063090175805475,0.3437065668535683,0.0150606908248924,0.3719504546142647,0.3428835045600489,0.3420966394034567,0.3309321113923331,0.3306701242977381,9.2,9.282241108697834,2,1,2,22,19
-75,1.0345608797826265,0.0051839519280223,1.0437768597351875,1.0349183942142286,1.0344711140582437,1.031289741867467,1.0283482890380056,0.5056692069199304,0.0069074996751594,0.5051047519527618,0.5003345372596995,0.515700203640876,0.4965098453853006,0.5106966963610143,0.3481580362316885,0.0056944699210682,0.3390929131177604,0.3466552078876196,0.3472769325132794,0.3514968550857247,0.3562682725540583,1.0476057320833203,0.0032805751249588,1.0540881492197514,1.0467426721006632,1.0463130548596382,1.0455235317349434,1.045361252501607,0.510822105784538,0.0099844308948259,0.5027332895893724,0.504872007404397,0.507772689836511,0.5083592908601181,0.5303732512322916,0.3307225217166571,0.0001047948378379,0.3306701242977381,0.3306701242977381,0.3306701242977381,0.3306701242977381,0.3309321113923331,1.040307879447937,0.0065892057398524,1.0306224264204502,1.039188327267766,1.0373748168349266,1.0440901145339012,1.050263712182641,0.4970507381744782,0.0153222354691815,0.5039053726428486,0.4683436650137301,0.513482865826493,0.4967552547730279,0.5027665326162915,0.3437065668535683,0.0150606908248924,0.3719504546142647,0.3428835045600489,0.3420966394034567,0.3309321113923331,0.3306701242977381,3.6,2.8000000000000003,1,3,3,2,9
-50,1.0337059534223456,0.0031882619048925,1.0394051790237426,1.03271997225912,1.0346535921096802,1.0304006852601704,1.0313503384590148,0.5059460034247053,0.005937180691712,0.5042130392602918,0.5075875113407248,0.5041353938658706,0.5159927942861436,0.4978012783704957,0.347413483895011,0.0049356880032956,0.3384861508993051,0.3488494119952103,0.3461981801304826,0.3511899650505835,0.3523437113994729,1.0448619224131108,0.0011734454787644,1.0444552414119244,1.0447181221097708,1.047111593186855,1.044323906302452,1.0437007490545511,0.5039491145628687,0.0052518577681873,0.5056185350730273,0.4980761773787391,0.4975430731333302,0.5105409378456122,0.5079668493836349,0.3307225217166571,0.0001047948378379,0.3306701242977381,0.3306701242977381,0.3306701242977381,0.3306701242977381,0.3309321113923331,1.0374952130019666,0.0094674038390751,1.0196116864681244,1.0384523570537567,1.0386977922171354,1.0442715641111135,1.0464426651597023,0.5044830582180599,0.0124007493176928,0.4949529820217521,0.4933500437180499,0.5157163265852054,0.5230449809961359,0.4953509577691561,0.3437065668535683,0.0150606908248924,0.3719504546142647,0.3428835045600489,0.3420966394034567,0.3309321113923331,0.3306701242977381,7.6,6.6513156593263565,4,20,9,3,2
-25,1.0348953593404668,0.0040250454652383,1.038766472590597,1.037724238947818,1.0380095218357286,1.0297053977062829,1.030271165621908,0.5007281186117574,0.0089116366671456,0.4925605130150574,0.5080112700880325,0.4948150984636003,0.4936562867945077,0.5145974246975891,0.3491473697620532,0.0044484554528173,0.341353814716165,0.3480725452503847,0.349697925064805,0.354343783765605,0.3522687800133065,1.0464393619447947,0.0025202926443482,1.0464113894850016,1.044104715809226,1.051069650799036,1.0463772732764482,1.0442337803542614,0.509594722232353,0.010623292297962,0.5014883072392994,0.5040818565646907,0.4996970747929565,0.5145092230350327,0.5281971495297858,0.3307225217166571,0.0001047948378379,0.3306701242977381,0.3306701242977381,0.3306701242977381,0.3306701242977381,0.3309321113923331,1.0391537237912416,0.0084092574666174,1.0238318499177694,1.0374129507690668,1.042241957038641,1.0440662447363138,1.0482156164944172,0.4998768955789753,0.0128912957241665,0.5223601783602827,0.4997839624549078,0.4913263887298988,0.4841099663700945,0.5018039819796927,0.3437065668535683,0.0150606908248924,0.3719504546142647,0.3428835045600489,0.3420966394034567,0.3309321113923331,0.3306701242977381,6.4,7.031358332498778,5,1,1,5,20
0,1.0353976573442158,0.0033644009978229,1.0402403793836894,1.0342610804658188,1.0344740880163092,1.0376892936857125,1.030323445169549,0.5001757476626755,0.0080571673731614,0.5058479518017022,0.4899588046848175,0.4926712802035029,0.500763385263856,0.5116373163594985,0.3467855475391329,0.0043310368886977,0.3395440724156719,0.345514702245488,0.3481094132410816,0.3479154461910097,0.3528441036024133,1.0469401322305203,0.0033437303781246,1.0499133318662643,1.0432508662343023,1.045095920562744,1.051879057660699,1.0445614848285911,0.5115235378359204,0.0087827399170086,0.5110643629028352,0.5123817418996226,0.4976302282574765,0.5111761945349335,0.5253651615847346,0.3307225217166571,0.0001047948378379,0.3306701242977381,0.3306701242977381,0.3306701242977381,0.3306701242977381,0.3309321113923331,1.0398334618657827,0.0089921462012793,1.0252772271633148,1.039090445265174,1.0377592369914057,1.0528001636266708,1.0442402362823486,0.5003900925275234,0.0119469747456895,0.4897215384056959,0.5049825927261103,0.5162374831018961,0.5073336808302228,0.4836751675736915,0.3437065668535683,0.0150606908248924,0.3719504546142647,0.3428835045600489,0.3420966394034567,0.3309321113923331,0.3306701242977381,2.8,1.7204650534085253,2,3,2,1,6
25,1.0358428907394408,0.0024940463421287,1.0385231802338049,1.0348157330563197,1.0329464416754872,1.033847299375032,1.0390817993565609,0.5024573564548943,0.0105685037497462,0.5114141435177263,0.4934326993283899,0.4985954589053769,0.5180999977050966,0.4907444828178819,0.3473532168463955,0.0036587046574473,0.341026943953863,0.3463940310215149,0.3496545275540028,0.3518789987986103,0.3478115829039865,1.0509670607745647,0.0090200867548448,1.0468136556446552,1.0444359593093395,1.0441943258047104,1.0683170557022097,1.051074307411909,0.5097377607892057,0.0071904884555374,0.5174413627889337,0.5047685742142964,0.5107618109359193,0.4987380671672089,0.51697898883967,0.3307225217166571,0.0001047948378379,0.3306701242977381,0.3306701242977381,0.3306701242977381,0.3306701242977381,0.3309321113923331,1.044562229141593,0.0136526732434634,1.0285734664648771,1.037739783525467,1.0363357793539762,1.0664233192801476,1.053738797083497,0.5056392645958044,0.0146506387329232,0.4916722189210367,0.4967258973619669,0.5335919200171163,0.5016090166831049,0.5045972699957971,0.3437065668535683,0.0150606908248924,0.3719504546142647,0.3428835045600489,0.3420966394034567,0.3309321113923331,0.3306701242977381,3.2,3.4292856398964493,10,2,2,1,1
50,1.0345640468597412,0.0050592164210377,1.0440548445049085,1.033880821027254,1.0343028495186253,1.0309419487652025,1.0296397704827158,0.5124720499414461,0.0064222132509644,0.5008270324357065,0.518602831666869,0.5114157495142682,0.5134847144379738,0.5180299216524135,0.3478846270438519,0.005442811749393,0.3384257291950452,0.3479345190524301,0.3467323090810817,0.3522851912102211,0.3540453866804813,1.0459474708884955,0.0019807730972716,1.0498752146959305,1.0452644620090723,1.0450124759227035,1.0450942404568195,1.0444909613579512,0.5184540970046545,0.0083792164599169,0.5097324844192107,0.5148357113428548,0.5107213107641796,0.5279235765848023,0.5290574019122252,0.3307225217166571,0.0001047948378379,0.3306701242977381,0.3306701242977381,0.3306701242977381,0.3306701242977381,0.3309321113923331,1.0405804883688687,0.0035839986036536,1.0388277135789394,1.037384191527963,1.0369056072086096,1.0445419903844595,1.045242939144373,0.5044891059817156,0.0058982603918839,0.513701271202815,0.506068709637522,0.5050521188650601,0.5021136633570741,0.4955097668461061,0.3437065668535683,0.0150606908248924,0.3719504546142647,0.3428835045600489,0.3420966394034567,0.3309321113923331,0.3306701242977381,7.4,5.535341001239219,1,4,4,13,15
75,1.0335731187619663,0.0034580159502234,1.038779322097176,1.0346709985482063,1.0345340948355826,1.0313837559599626,1.028497422368903,0.5047600373679724,0.0058234456397506,0.4963861950518062,0.5048751687199717,0.5008823931236264,0.513146233681398,0.5085101962630595,0.3475747764981414,0.0048549452901549,0.3418839579617292,0.3447797064327456,0.3449943674906129,0.3508983264102719,0.3553175241953472,1.0447918407619,0.0012743606017676,1.04362547211349,1.047060266137123,1.0452686548233032,1.0442670155316591,1.0437377952039242,0.5211618936589175,0.0049106645406372,0.5174942239659271,0.515902425810674,0.5254097975475901,0.528524807554591,0.5184782134158054,0.3307225217166571,0.0001047948378379,0.3306701242977381,0.3306701242977381,0.3306701242977381,0.3306701242977381,0.3309321113923331,1.0379288978874683,0.007622989565713,1.024033721536398,1.0389211159199476,1.037027956917882,1.0443814508616924,1.0452802442014215,0.5004212914081398,0.0103727816766153,0.4942314471279409,0.4964248405070796,0.5060384497034055,0.5175668193302616,0.4878449003720113,0.3437065668535683,0.0150606908248924,0.3719504546142647,0.3428835045600489,0.3420966394034567,0.3309321113923331,0.3306701242977381,6.4,1.9595917942265424,7,6,9,7,3
100,1.032153300486113,0.0039972544542233,1.039187118881627,1.0321376693876163,1.0326658004208615,1.0293358727505333,1.027440040989926,0.5226608960365373,0.0110078398239283,0.5350679937775381,0.5216571185537896,0.5081989216786729,0.5133023247680577,0.535078121404628,0.3487096967612885,0.0053244676433567,0.338839868269654,0.3488557174179528,0.3490301016447144,0.3534234214527814,0.35339937502134,1.0450572583824396,0.001528423720286,1.0432827454060316,1.0456490814685822,1.0477133691310885,1.044463438913226,1.04417765699327,0.5277111326233619,0.0099904157361561,0.5354230156683916,0.5213924750390677,0.5116335624927025,0.5391362088660575,0.5309704010505903,0.3307225217166571,0.0001047948378379,0.3306701242977381,0.3306701242977381,0.3306701242977381,0.3306701242977381,0.3309321113923331,1.038702591881156,0.0076466828899261,1.025069059804082,1.0380266029387712,1.038467163220048,1.04566247202456,1.0462876614183187,0.508129682196482,0.0105514810008263,0.5058054026930641,0.5241141970198409,0.501407694469399,0.4940184954333895,0.5153026213667163,0.3437065668535683,0.0150606908248924,0.3719504546142647,0.3428835045600489,0.3420966394034567,0.3309321113923331,0.3306701242977381,18.4,10.22936948203554,15,9,7,31,30
125,1.0339918938436008,0.0029830573046655,1.0392032014696222,1.0348923444747924,1.0328501042566802,1.0327049575353924,1.030308861481516,0.5074266534019773,0.0157338097279159,0.4980494189322321,0.5150320405618423,0.5343073682761855,0.5000774552191563,0.4896669840204702,0.346696256804898,0.0044413406168491,0.3393863993085016,0.3459021935695886,0.3461157543507406,0.349233420863799,0.3528435159318598,1.0460490472614763,0.0012211769925018,1.0477961637079716,1.0462938398122787,1.045675028115511,1.046443296596408,1.0440369080752134,0.5269944349453458,0.0101515316164146,0.5452179362107848,0.5162037728044513,0.5219975277943287,0.5213720609609491,0.5301808769562152,0.3307225217166571,0.0001047948378379,0.3306701242977381,0.3306701242977381,0.3306701242977381,0.3306701242977381,0.3309321113923331,1.037924525141716,0.0084508117809548,1.0223737228661776,1.0388410817831757,1.037734381854534,1.043837359175086,1.0468360800296068,0.5111466299846862,0.0092963591013711,0.5187326387265615,0.5191219699581606,0.4941699269579407,0.5151518688768965,0.5085567454038719,0.3437065668535683,0.0150606908248924,0.3719504546142647,0.3428835045600489,0.3420966394034567,0.3309321113923331,0.3306701242977381,9.0,3.0983866769659336,7,9,15,7,7
150,1.0331355704759295,0.0026982905560115,1.0367440098210383,1.033164630438152,1.0354627527688678,1.030451298387427,1.0298551609641626,0.5102304764487864,0.0077112220324326,0.5202300178254289,0.4993260732480396,0.5033228049935119,0.5144401621098096,0.513833324067142,0.3481489875160169,0.0035876761222801,0.3428082188410831,0.3470826689639324,0.3465769916222697,0.3516956974581638,0.3525813606946357,1.044877154380083,0.000501410743384,1.0457436181604862,1.0450849775224924,1.044292040169239,1.044656127691269,1.0446090083569288,0.5272968353494791,0.0081617455374023,0.5394743857499347,0.5339843262280276,0.5184522229153937,0.5246973798171846,0.519875862036855,0.3307225217166571,0.0001047948378379,0.3306701242977381,0.3306701242977381,0.3306701242977381,0.3306701242977381,0.3309321113923331,1.037053782492876,0.0083426969596458,1.0218195859342811,1.0374670159071684,1.0366827491670847,1.044321594759822,1.044977966696024,0.4997114973877578,0.0119335299853104,0.4889541354751562,0.5142228021755322,0.5100487546276365,0.4831894254127802,0.5021423692476833,0.3437065668535683,0.0150606908248924,0.3719504546142647,0.3428835045600489,0.3420966394034567,0.3309321113923331,0.3306701242977381,7.4,5.0039984012787215,3,7,2,9,16
175,1.033226744124764,0.002385356653322,1.0373491870729548,1.034346396044681,1.0316114162143908,1.0307008046852917,1.0321259166065015,0.5124099878442534,0.0099647128124676,0.5245720585620768,0.5085785804812065,0.5236918963921924,0.5052752100665855,0.4999321937192057,0.3485359583694793,0.0044639213759546,0.3424373427641538,0.34609750656519,0.3468427844883995,0.352845456731845,0.3544567012978085,1.046580795943737,0.0021783003574636,1.0456962995231152,1.046022703871131,1.0508159175515177,1.0458153169602156,1.044553741812706,0.5284433225692231,0.0089408556621203,0.5403010130498719,0.5288908902752593,0.515599767117439,0.535560374561639,0.5218645678419064,0.3307225217166571,0.0001047948378379,0.3306701242977381,0.3306701242977381,0.3306701242977381,0.3306701242977381,0.3309321113923331,1.038574118167162,0.0088145609982737,1.0218251589685678,1.0378544796258211,1.0426244158297775,1.0445738267153502,1.0459927096962929,0.5025472675853992,0.008028849332127,0.5035863813200014,0.5064364509299748,0.4946238318232345,0.5149727905643884,0.4931168832893971,0.3437065668535683,0.0150606908248924,0.3719504546142647,0.3428835045600489,0.3420966394034567,0.3309321113923331,0.3306701242977381,14.8,7.934733769950949,14,24,21,14,1
200,1.0331377233956989,0.0015819972360004,1.0330490030740436,1.033648687287381,1.0341806154502065,1.030159750737642,1.0346505604292218,0.518708155174861,0.011131693039253,0.5383507401111811,0.5130352556186273,0.5099107678502287,0.5235647764619523,0.508679235832316,0.3484361956586936,0.0030150585575178,0.3441041684200852,0.346250927602916,0.3484458355785527,0.3522967159739823,0.3510833307179323,1.0460455257445571,0.0019553601006079,1.0434184540063145,1.0463619362562897,1.0489906296133995,1.0470012240111828,1.0444553848356009,0.5267084846547854,0.0097821218634457,0.5452062146455988,0.5222232740217421,0.5201527988462942,0.5277438485116522,0.5182162872486392,0.3307225217166571,0.0001047948378379,0.3306701242977381,0.3306701242977381,0.3306701242977381,0.3306701242977381,0.3309321113923331,1.0389863602817058,0.0077395843078087,1.0254327449947596,1.0380127765238285,1.0391539987176657,1.0437442734837532,1.0485880076885223,0.4971997851830858,0.0102059526220199,0.4936886312441196,0.4806649675667456,0.4956750616889959,0.5082161357763544,0.5077541296392134,0.3437065668535683,0.0150606908248924,0.3719504546142647,0.3428835045600489,0.3420966394034567,0.3309321113923331,0.3306701242977381,15.6,15.969971822141702,47,11,5,11,4
225,1.0330132587332477,0.0024417029366763,1.037361663266232,1.0336172969717727,1.032552697156605,1.0304241952143218,1.0311104410573055,0.5076039811623066,0.0076721650801382,0.4993324510143501,0.5004283274450314,0.5172840059621727,0.5161474823312414,0.5048276390587375,0.3486305000829502,0.0033598424951077,0.3430112362497577,0.3474739485152559,0.3485476965379964,0.3520299176278855,0.3520897014838557,1.047298578172922,0.0041549238086964,1.046596836298704,1.045441009104252,1.0554059948772192,1.045316046103835,1.0437330044806004,0.5202012584254609,0.0057542463183688,0.5166828775109913,0.5312098602496201,0.5148363406211633,0.5198269510411708,0.5184502627043591,0.3307225217166571,0.0001047948378379,0.3306701242977381,0.3306701242977381,0.3306701242977381,0.3306701242977381,0.3309321113923331,1.0400967691093683,0.0086701400411481,1.024143297225237,1.037840113043785,1.0477384999394417,1.0443786401301622,1.0463832952082155,0.5039324683623638,0.0105172416688077,0.5004261996808037,0.4964746384621137,0.4966527582290228,0.5015275289006367,0.5245812165392422,0.3437065668535683,0.0150606908248924,0.3719504546142647,0.3428835045600489,0.3420966394034567,0.3309321113923331,0.3306701242977381,8.2,4.874423042781577,5,5,17,4,10
250,1.0319244455036365,0.0026422727295555,1.0362957239151,1.0322739293700771,1.032459499334034,1.0301852803481253,1.0284077945508454,0.5178833075874422,0.009919741563971,0.5264075227905728,0.511382153874202,0.5150558287016039,0.5047068392783561,0.5318641932924756,0.34926156237856,0.0045718116312655,0.3410081585907391,0.3491923884867523,0.349070499102578,0.3537489284167175,0.353287837296013,1.0471982281655072,0.0012329245456323,1.0473404843360186,1.0494075864553452,1.0458602011203766,1.047135854139924,1.0462470147758722,0.5268868691426427,0.0093826296428526,0.544439154245206,0.5276553916180375,0.5240409082826932,0.5205022987447063,0.5177965928225703,0.3307225217166571,0.0001047948378379,0.3306701242977381,0.3306701242977381,0.3306701242977381,0.3306701242977381,0.3309321113923331,1.0374956335872412,0.0103148225595385,1.0179278943687675,1.0406797621399164,1.0376418307423592,1.0437309183180332,1.047497762367129,0.4967279737753663,0.0086242929791298,0.4823461104931622,0.5078938204527194,0.4930971417529857,0.4987811035545273,0.5015216926234374,0.3437065668535683,0.0150606908248924,0.3719504546142647,0.3428835045600489,0.3420966394034567,0.3309321113923331,0.3306701242977381,19.2,7.440430095095309,24,20,12,10,30
275,1.0326453345700315,0.0030774889406418,1.038610785885861,1.032059028901552,1.031898954667543,1.030589705391934,1.0300681980032669,0.5135524244441536,0.0132011731398333,0.5048997740228333,0.5072598859394737,0.5365948992570914,0.4996764777931421,0.5193310852082272,0.3479164369354099,0.0046751866902987,0.3396644047905191,0.3499690052050526,0.3459966160877765,0.3515694605372862,0.3523826980564153,1.0462413925677538,0.002599803060263,1.0440867133438587,1.0504508931189775,1.0481416508555412,1.044267937541008,1.0442597679793837,0.5252748114269592,0.0084517424019901,0.519466149293484,0.5350851046458183,0.532748086639467,0.5267999597283393,0.5122747568276875,0.3307225217166571,0.0001047948378379,0.3306701242977381,0.3306701242977381,0.3306701242977381,0.3306701242977381,0.3309321113923331,1.039656737074256,0.0095788270125348,1.021603588014841,1.0444460529834032,1.0388861484825611,1.0443459022790194,1.049001993611455,0.5106446040706597,0.0135264305431022,0.5203061462159817,0.526952559069107,0.4913704530752066,0.4983074900597351,0.516286371933268,0.3437065668535683,0.0150606908248924,0.3719504546142647,0.3428835045600489,0.3420966394034567,0.3309321113923331,0.3306701242977381,10.0,9.633275663033835,2,4,28,4,12
300,1.0340607328163949,0.0026734700332058,1.03894961005763,1.0344029395203842,1.0334440902659767,1.0311652089420118,1.0323418152959722,0.5026982482562381,0.0165273548419255,0.4927020448270622,0.4877772558708556,0.5343285391299664,0.4961637241534927,0.502519677299814,0.3479600560804556,0.0043926309511703,0.3406969057676153,0.3466892751060663,0.3473891434072894,0.3521045788315808,0.3529203772897265,1.0491678934544324,0.0060567095929616,1.0479124542325735,1.0468471385538578,1.0610469579696655,1.0456781312823296,1.044354785233736,0.5234226468282719,0.0040254926609845,0.5251593061546266,0.5249357852237044,0.5229737709122607,0.5280052165675271,0.5160391552832408,0.3307225217166571,0.0001047948378379,0.3306701242977381,0.3306701242977381,0.3306701242977381,0.3306701242977381,0.3309321113923331,1.040771323814988,0.0102936069277277,1.0217997040599585,1.039827885106206,1.0521561224013567,1.0438151881098747,1.0462577193975449,0.5049237561475869,0.0061668947810132,0.5121030372020441,0.4997552385428703,0.4981897028679712,0.5125482471808376,0.5020225549442111,0.3437065668535683,0.0150606908248924,0.3719504546142647,0.3428835045600489,0.3420966394034567,0.3309321113923331,0.3306701242977381,5.8,3.9698866482558417,10,4,11,3,1
325,1.033149510308316,0.0033338297784687,1.0392914433228342,1.0335253690418444,1.032232815968363,1.029580515309384,1.0311174078991538,0.5101087969448986,0.0063017499194681,0.5111107294238968,0.5103986629982824,0.5201069977444267,0.500354277384159,0.5085733171737281,0.3477890400721176,0.0054083125754257,0.3379493011460215,0.3477624259909846,0.3479128322228622,0.3536487494575334,0.3516718915431863,1.0466313589364291,0.002237286223761,1.047092441469431,1.0458809565752745,1.0504242032766342,1.046244978904724,1.0435142144560814,0.5182124429524386,0.0156159716303689,0.5433981601317063,0.5173009029560627,0.5248172472594952,0.5084192964203418,0.4971266079945872,0.3307225217166571,0.0001047948378379,0.3306701242977381,0.3306701242977381,0.3306701242977381,0.3306701242977381,0.3309321113923331,1.039309075847268,0.0087555116970692,1.0235887207090857,1.037910306826234,1.04133010096848,1.0440166499465704,1.049699600785971,0.5001008626555471,0.0060359086868965,0.5018895498796371,0.5016036738269307,0.5003174456011015,0.5075799931483002,0.4891136508217663,0.3437065668535683,0.0150606908248924,0.3719504546142647,0.3428835045600489,0.3420966394034567,0.3309321113923331,0.3306701242977381,10.2,6.910861017268399,17,6,20,5,3
350,1.033486693156393,0.0027905580391636,1.0388461721570867,1.0329131521676715,1.0327951788902283,1.0307243723618358,1.0321545902051423,0.518055647330945,0.0107971625927813,0.5071573211993912,0.5120128473936112,0.533560843402416,0.5284214774828604,0.5091257471764467,0.3466809356526639,0.0040985750894062,0.3393457895026007,0.3476994213560662,0.3455842878737893,0.3499034922172134,0.3508716873136496,1.0478926803916693,0.0023004581129401,1.0481993593275547,1.0472751632332802,1.0510335117578506,1.048938974738121,1.0440163929015398,0.5196883411627125,0.0097977021056722,0.5133027923346999,0.5151525970240448,0.5235689863180079,0.5369706027300821,0.5094467274067274,0.3307225217166571,0.0001047948378379,0.3306701242977381,0.3306701242977381,0.3306701242977381,0.3306701242977381,0.3309321113923331,1.0393672056496144,0.0088963696757316,1.0225285422056911,1.039284149184823,1.0418281089514494,1.0457127895206213,1.0474824383854866,0.5018001408100098,0.0100332843249834,0.5092277445079433,0.493191576265694,0.4923741072117402,0.4964042685052921,0.5178030075593789,0.3437065668535683,0.0150606908248924,0.3719504546142647,0.3428835045600489,0.3420966394034567,0.3309321113923331,0.3306701242977381,13.4,13.514436725220923,3,5,18,38,3
375,1.0324431403059708,0.0024835219449192,1.0359771170114216,1.034567932078713,1.031995225580115,1.0296666157873051,1.0300088110722994,0.5148003113243762,0.0170823228045553,0.5360185889748145,0.4935527811544107,0.5334838383256789,0.501332476208048,0.5096138719589287,0.3481792153385291,0.0051246448105649,0.3397404624331339,0.3467371192470693,0.3476262259047006,0.3546766502554921,0.3521156188522499,1.050725431740284,0.0072191972961081,1.050894571468234,1.046237014234066,1.0644591301679611,1.0479520540684462,1.0440843887627125,0.5217627560214357,0.0136898623242258,0.5365657767078517,0.5217034810297831,0.5360919372177554,0.5139339652181037,0.5005186199336844,0.3307225217166571,0.0001047948378379,0.3306701242977381,0.3306701242977381,0.3306701242977381,0.3306701242977381,0.3309321113923331,1.0433202143758535,0.0101714743936948,1.0272084847092628,1.0391477141529322,1.0579019486904144,1.0437828786671162,1.048560045659542,0.5028124517017085,0.008090540201618,0.5049549812319616,0.5050005347085834,0.4994376832699441,0.4899639964593842,0.5147050628386692,0.3437065668535683,0.0150606908248924,0.3719504546142647,0.3428835045600489,0.3420966394034567,0.3309321113923331,0.3306701242977381,17.4,11.412274094149684,36,8,25,6,12
400,1.0334015374434624,0.0030342930671126,1.0392617451517203,1.0326764294975683,1.0327965466599716,1.0306169164808172,1.031656049427233,0.5134928078893937,0.0075453836043181,0.5098663871900236,0.5185786576681716,0.5254627954044284,0.5092471133099165,0.5043090858744284,0.3475223034889365,0.004364416371745,0.3399908760663245,0.3480070649045556,0.3460701756167654,0.3515987342175955,0.3519446666394413,1.049591314420104,0.0039792383001932,1.0469808485358951,1.0510228406637907,1.056772185489535,1.0471950750797987,1.0459856223315,0.5168372008011626,0.0091783350183273,0.5246703824414068,0.5163981706712364,0.525519796079312,0.5176033527224939,0.4999943020913641,0.3307225217166571,0.0001047948378379,0.3306701242977381,0.3306701242977381,0.3306701242977381,0.3306701242977381,0.3309321113923331,1.0429218895733356,0.0080817820363073,1.027627745643258,1.0440955013036728,1.0464476644992828,1.0448478981852531,1.0515906382352114,0.4874849423860826,0.011272713356955,0.5065382113822,0.4751993392004315,0.4928906441307317,0.4783907532553624,0.4844057639616877,0.3437065668535683,0.0150606908248924,0.3719504546142647,0.3428835045600489,0.3420966394034567,0.3309321113923331,0.3306701242977381,9.6,4.715930449020639,5,11,17,11,4
425,1.032960505861985,0.0031609734822591,1.0376475804730465,1.0332658265766343,1.0337724723313984,1.0277788206150658,1.0323378293137802,0.5086534192551503,0.015545014578406,0.5015263511974303,0.4984651987216373,0.4968028071156372,0.5388549573235836,0.507617781917463,0.3481409324182102,0.0040588294132152,0.3409703133086292,0.348416942697685,0.3475312409964908,0.3529764883255248,0.3508096767627209,1.0466322038322686,0.0020871765165037,1.04665095359087,1.0459220688790083,1.0467998888343573,1.050143025815487,1.0436450820416212,0.525062160068466,0.0108736191312856,0.5229033580033398,0.5354002409506784,0.5094762840864128,0.5389951519862298,0.5185357653156695,0.3307225217166571,0.0001047948378379,0.3306701242977381,0.3306701242977381,0.3306701242977381,0.3306701242977381,0.3309321113923331,1.038693831115961,0.0081729099524234,1.023754836991429,1.0397569444030523,1.0378606282174587,1.0466830898076296,1.0454136561602354,0.4970119525586016,0.0068370664057158,0.4893459458530906,0.4946733404120814,0.4992970163694467,0.4926719331925802,0.5090715269658092,0.3437065668535683,0.0150606908248924,0.3719504546142647,0.3428835045600489,0.3420966394034567,0.3309321113923331,0.3306701242977381,9.4,10.403845442911964,7,3,4,30,3
450,1.0350373229227567,0.004275307664203,1.0388285981981378,1.03267860098889,1.041171864459389,1.0296427387940257,1.0328648121733417,0.5068127275380289,0.0021071771026901,0.5090252874331371,0.5053993788667324,0.5085810476708174,0.5076366781865651,0.5034212455328927,0.3497389045469397,0.0051719696497657,0.3402489288731261,0.3498103649001978,0.3502418378809707,0.3528393336869861,0.3555540573934178,1.0464888021349907,0.0019702362116313,1.0487438421696424,1.048812186345458,1.0457153674215078,1.045324094593525,1.0438485201448202,0.5266226154576394,0.0125197581243383,0.5260567375089317,0.5487768727785086,0.5098621289128769,0.5241033163649008,0.5243140217229787,0.3307225217166571,0.0001047948378379,0.3306701242977381,0.3306701242977381,0.3306701242977381,0.3306701242977381,0.3309321113923331,1.037904766201973,0.0085122897358908,1.0219404064118862,1.0412939712405205,1.0368460100144148,1.0437508560717106,1.0456925872713327,0.5021799023761535,0.0064334518534929,0.5114693174028794,0.5050849940289379,0.491763183602376,0.502321889060259,0.5002601277863149,0.3437065668535683,0.0150606908248924,0.3719504546142647,0.3428835045600489,0.3420966394034567,0.3309321113923331,0.3306701242977381,5.2,3.919183588453085,8,11,1,5,1
475,1.0341278089975057,0.0034975566741139,1.0377971348009611,1.035339347312325,1.0334042756181014,1.0277440573039809,1.0363542299521598,0.5132726980097229,0.0139971054832038,0.5160096490811926,0.5000091927547684,0.5194309497317083,0.5348052114354351,0.4961084870455091,0.3480850888494224,0.0049413481562103,0.3407877708920505,0.3452254786455722,0.3474757337086173,0.3545472685808786,0.3523891924199933,1.047263377532363,0.0016787694102623,1.0443911030888555,1.0480107385665178,1.0476328376680613,1.049483772367239,1.0467984359711409,0.5244020282795734,0.0083299573177139,0.535709566797249,0.5137705777034303,0.5244991419270915,0.53128675557845,0.5167440993916456,0.3307225217166571,0.0001047948378379,0.3306701242977381,0.3306701242977381,0.3306701242977381,0.3306701242977381,0.3309321113923331,1.0376177795231345,0.0093715567933448,1.019552510231733,1.0401290021836758,1.0387067887932062,1.0454271845519545,1.0442734118551016,0.4929861072022897,0.0041421101541908,0.4910660304736197,0.5010005758584521,0.4928462650025145,0.4902528539480263,0.4897648107288357,0.3437065668535683,0.0150606908248924,0.3719504546142647,0.3428835045600489,0.3420966394034567,0.3309321113923331,0.3306701242977381,16.2,9.703607576566563,29,13,14,24,1
500,1.0330803642774884,0.0028526447990895,1.0379044777468631,1.0329204923228217,1.034095961169193,1.0305785003461336,1.0299023898024309,0.5119013466369935,0.0089020288899662,0.5112809849234907,0.5287341340967262,0.5056615739313327,0.5034623876632932,0.5103676525701245,0.3485887202111414,0.0045689196298561,0.3411883889442316,0.3478195317887237,0.347211070461953,0.354241633724405,0.3524829761363935,1.0463833034038543,0.0017250652407505,1.046952547505498,1.0483907777816055,1.047725884243846,1.0451455544680357,1.0437017530202866,0.5216960580997262,0.0081107215892235,0.5216362297234635,0.5238022431580778,0.5069414789796627,0.531657963989847,0.5244423746475803,0.3307225217166571,0.0001047948378379,0.3306701242977381,0.3306701242977381,0.3306701242977381,0.3306701242977381,0.3309321113923331,1.0384207282215356,0.0083094191702344,1.0231048166751862,1.0389884300529957,1.038689475506544,1.0440122541040182,1.0473086647689342,0.5066446316685859,0.0091622181246468,0.5135801968313933,0.4968280483141102,0.4941401166932165,0.5138160434070713,0.5148587530971379,0.3437065668535683,0.0150606908248924,0.3719504546142647,0.3428835045600489,0.3420966394034567,0.3309321113923331,0.3306701242977381,10.6,7.2,7,24,6,4,12
525,1.03330424459357,0.0028264194603507,1.0383335138622083,1.0338353960137618,1.0329987946309542,1.0301935898630243,1.031159928597902,0.5051510287568364,0.0086289162878158,0.5032511178088209,0.4900930552774751,0.5163367734414902,0.5083191197622582,0.5077550774941377,0.3471340645938374,0.0048333999636503,0.33866460951377,0.3470397693434939,0.3463227082808666,0.3523030759830533,0.3513401598480033,1.046738739684224,0.003610808768484,1.0483414959162474,1.044762535020709,1.0531109515577557,1.0434966422617435,1.0439820736646652,0.5161630903695938,0.0125924752234165,0.5398604470803623,0.503333101443591,0.5082920098635768,0.5150084967865772,0.5143213966738616,0.3307225217166571,0.0001047948378379,0.3306701242977381,0.3306701242977381,0.3306701242977381,0.3306701242977381,0.3309321113923331,1.039727120101452,0.0077462204220468,1.024746948853135,1.0400940608233211,1.042909162119031,1.0455377176404,1.045347711071372,0.4927023185504958,0.0092644809163396,0.5028822262935476,0.4830867428011078,0.4859147446965008,0.5049689295447555,0.4866589494165672,0.3437065668535683,0.0150606908248924,0.3719504546142647,0.3428835045600489,0.3420966394034567,0.3309321113923331,0.3306701242977381,10.4,4.2708313008125245,14,9,15,11,3
550,1.033613439861097,0.0029116622674581,1.038606659989608,1.034585506037662,1.0333854016504789,1.030715518876126,1.0307741127516097,0.5038894915059817,0.0068412946616421,0.5151083558852906,0.4939600859528777,0.5050739757957535,0.5010560628808497,0.5042489770151372,0.347727624088995,0.0048473583641389,0.3391329866026934,0.346905403384217,0.3480632658977149,0.3531608896131566,0.3513755749471933,1.0451826840639111,0.0011608152725323,1.0472724325954914,1.0446093175560236,1.0454594567418098,1.0447088107466698,1.0438634026795626,0.5243836198772373,0.0097829990394222,0.5235958777118261,0.5212570203559529,0.5085803258404216,0.5377067202811956,0.5307781551967905,0.3307225217166571,0.0001047948378379,0.3306701242977381,0.3306701242977381,0.3306701242977381,0.3306701242977381,0.3309321113923331,1.0383512765169145,0.0079817177658191,1.0242916643619535,1.0384884681552649,1.037004470825195,1.0448770485818386,1.047094730660319,0.4955557491317096,0.00789432139817,0.4976684225637297,0.5057424737421363,0.4813813939333815,0.4970842974654443,0.495902157953856,0.3437065668535683,0.0150606908248924,0.3719504546142647,0.3428835045600489,0.3420966394034567,0.3309321113923331,0.3306701242977381,8.2,3.919183588453085,11,4,4,14,8
575,1.0331273349962735,0.0028131374935819,1.0377427910503587,1.0342655294819882,1.0331577934716878,1.0305830629248367,1.0298874980524966,0.5143881814593265,0.0049663509660122,0.5226356893806614,0.5101925159173437,0.512008086790211,0.5174661287867672,0.5096384864216489,0.3484085161729183,0.0043900850056041,0.3405705095158177,0.3474232371483406,0.3494204215757445,0.3512127697062613,0.3534156429184273,1.0469633966684342,0.0010675834379242,1.0469121225178242,1.0472280625253916,1.0488134901970625,1.0461242198944092,1.0457390882074833,0.5238845081749586,0.0052390116862425,0.5300145147056824,0.522583157638646,0.5159153211816183,0.5216124882122659,0.5292970591365808,0.3307225217166571,0.0001047948378379,0.3306701242977381,0.3306701242977381,0.3306701242977381,0.3306701242977381,0.3309321113923331,1.0388339903205632,0.0105601868979734,1.01958916336298,1.039069576188922,1.0394242033362389,1.0451117623597383,1.0509752463549376,0.5018195594736576,0.0131161349333728,0.4874770882286753,0.4899399098772692,0.5122507702713588,0.4978861125325799,0.521543916458405,0.3437065668535683,0.0150606908248924,0.3719504546142647,0.3428835045600489,0.3420966394034567,0.3309321113923331,0.3306701242977381,9.4,5.885575587824865,11,20,3,7,6
600,1.034462957382202,0.0026462827755136,1.0390187169376173,1.0345262439627396,1.0350870922992104,1.0315963218086643,1.032086411902779,0.5061277804875353,0.006755732628539,0.4974946622089071,0.5030520287805752,0.5081041992018732,0.5178109740033059,0.5041770382430151,0.34621306328376,0.0035605656860625,0.340448711879549,0.345122231135737,0.3455383656926102,0.3502658460702105,0.3496901616406931,1.046101276576519,0.002217325119225,1.0439711101353168,1.0497721247375011,1.0473029669374228,1.0455563943833113,1.043903786689043,0.5191523255104993,0.0139765514624516,0.5229936580270053,0.5042756769390313,0.5017437957522359,0.5293081473962414,0.5374403494379829,0.3307225217166571,0.0001047948378379,0.3306701242977381,0.3306701242977381,0.3306701242977381,0.3306701242977381,0.3309321113923331,1.038255014270544,0.0081859459929296,1.022508334368467,1.041022777557373,1.0386612098664043,1.0442033912986517,1.0448793582618237,0.5031212039359327,0.007452375605081,0.4952959340396997,0.5077478335711076,0.5083325641694544,0.5112215767265743,0.4930081111728276,0.3437065668535683,0.0150606908248924,0.3719504546142647,0.3428835045600489,0.3420966394034567,0.3309321113923331,0.3306701242977381,5.4,3.0724582991474434,6,4,2,11,4
625,1.033626394146367,0.0033874705674675,1.038289233257896,1.0364837502178392,1.0335010014082255,1.0301645316575705,1.0296934541903044,0.5128804433306993,0.0124556985039898,0.5275892883896482,0.5004152615746872,0.4989497107512391,0.5103087494338786,0.5271392065040432,0.3496847191890791,0.005984213431603,0.3384354008056994,0.3532933114527727,0.3485869354878322,0.3542765092188665,0.3538314389802248,1.0464377094060182,0.0016733301681386,1.0454099271446466,1.046127088367939,1.0486961007118225,1.047891328111291,1.0440641026943922,0.5180032410544083,0.0150445406081233,0.5188182342476,0.4992636154192617,0.5112218503666676,0.5157160309919263,0.5449964742465859,0.3307225217166571,0.0001047948378379,0.3306701242977381,0.3306701242977381,0.3306701242977381,0.3306701242977381,0.3309321113923331,1.0378689907491208,0.0083408444626917,1.0221755392849443,1.0382338482886553,1.039223713800311,1.043865703046322,1.0458461493253708,0.496400352372878,0.0131188262295078,0.4945842775854608,0.497143477514391,0.478468440945386,0.5192167197041105,0.4925888461150418,0.3437065668535683,0.0150606908248924,0.3719504546142647,0.3428835045600489,0.3420966394034567,0.3309321113923331,0.3306701242977381,8.4,5.122499389946279,16,1,9,5,11
650,1.03477904131538,0.0033484389776486,1.0378793634866412,1.0366815052534404,1.037906233260506,1.0307390551818043,1.0306890493945071,0.5025086094364186,0.0090306851192748,0.5106524103920251,0.4921446774821348,0.4941284268840221,0.5004731338002996,0.515144398623611,0.3490543881209612,0.0038601353120109,0.341803266684391,0.3500910874352875,0.349130612720081,0.3531247787912597,0.3511221949737867,1.0460135713219645,0.0012944146133044,1.0477184914052486,1.0455152057111263,1.046388901770115,1.046606531366706,1.0438387263566256,0.5193006788524759,0.0124481405810021,0.5073004390179663,0.5117807201941466,0.5099288651264576,0.5278721463514793,0.5396212235723297,0.3307225217166571,0.0001047948378379,0.3306701242977381,0.3306701242977381,0.3306701242977381,0.3306701242977381,0.3309321113923331,1.038987458869815,0.0075099367858844,1.0248895566910503,1.0396400056779385,1.039750974625349,1.044374018907547,1.046282738447189,0.5019869191837134,0.0084185765038438,0.5020316193486442,0.4915061544124696,0.5149810250885953,0.5067243404875519,0.4946914565813062,0.3437065668535683,0.0150606908248924,0.3719504546142647,0.3428835045600489,0.3420966394034567,0.3309321113923331,0.3306701242977381,6.2,4.955804677345547,5,1,1,12,12
675,1.0345334837311193,0.0026747703575572,1.0388487282552217,1.033113325897016,1.0329295183482925,1.0363094511785005,1.0314663949765657,0.5024144983057773,0.0065078858122943,0.5003770507203323,0.492589139285954,0.5047141517459317,0.5126759773063944,0.5017161724702747,0.347010875411729,0.0038322854259246,0.3395531408404116,0.3482518425548885,0.3486214177368352,0.3480746832970817,0.3505532926294278,1.0446772657334804,0.0004014559570358,1.0452796295285225,1.0448293294757605,1.0443207789212463,1.0448051039129496,1.0441514868289232,0.518654458702137,0.0080063083357637,0.5189468826421249,0.5126962349198383,0.5077762846603255,0.5230707539414828,0.5307821373469132,0.3307225217166571,0.0001047948378379,0.3306701242977381,0.3306701242977381,0.3306701242977381,0.3306701242977381,0.3309321113923331,1.0376202210783958,0.0071412647971553,1.02490315400064,1.03768558986485,1.0366904940456152,1.044120850041509,1.0447010174393654,0.5014643844122456,0.0075999503380089,0.5097960796714484,0.4905882750703823,0.4970735228679105,0.5103060633625371,0.4995579810889493,0.3437065668535683,0.0150606908248924,0.3719504546142647,0.3428835045600489,0.3420966394034567,0.3309321113923331,0.3306701242977381,5.8,3.815756805667782,12,8,4,1,4
700,1.0328512224398163,0.0035167837041723,1.0388239132730583,1.033717924670169,1.033062411609449,1.0298332151613738,1.0288186474850305,0.5163488051312356,0.0100882735563422,0.5210690249115781,0.5048226336593635,0.5148076119411221,0.5331025310464275,0.5079422240976872,0.3481516856694953,0.0050324405052645,0.3400928382665679,0.3465331935894871,0.3475370220315296,0.3516061977073277,0.3549891767525644,1.047371482476592,0.0032880685358177,1.0456066895276308,1.047829169780016,1.053503941744566,1.045820178464055,1.0440974328666923,0.5218866723052764,0.0143516176419725,0.5167292093955008,0.5135280293167547,0.5036946692943387,0.5306793087159858,0.5448021448038026,0.3307225217166571,0.0001047948378379,0.3306701242977381,0.3306701242977381,0.3306701242977381,0.3306701242977381,0.3309321113923331,1.039562228694558,0.0099986208229792,1.0204230844974518,1.0400001164525747,1.0434607788920405,1.044889364391565,1.0490377992391586,0.5018103727730084,0.0199307350199945,0.4991369605367486,0.4728559857431994,0.4903797235541991,0.5168978349737661,0.5297813590571291,0.3437065668535683,0.0150606908248924,0.3719504546142647,0.3428835045600489,0.3420966394034567,0.3309321113923331,0.3306701242977381,13.0,5.621387729022079,12,7,7,20,19
725,1.0328575292386506,0.0025470975208968,1.0354498380108883,1.0333934156518234,1.0344692801174364,1.028079236808576,1.0328958756045292,0.5089330776275596,0.0190802846987963,0.5308136750140675,0.4933737113121898,0.5131878847350206,0.5262879627635355,0.4810021543129845,0.3477913730647029,0.0047758918733775,0.3403579285220804,0.3483937719027843,0.3452849072352174,0.3545277122065992,0.3503925454568334,1.053807034343481,0.0085113247522584,1.0582634657621384,1.0467388276010752,1.0678188670426607,1.0520492009818554,1.0441648103296757,0.5226523889024027,0.0056683140702907,0.5260667879825999,0.5203091441516232,0.5125277080203797,0.527117222887551,0.5272410814698598,0.3304505197824211,0.000579160224411,0.3306701242977381,0.3306701242977381,0.3293101146265582,0.3306701242977381,0.3309321113923331,1.0440664544701577,0.0087906884132678,1.0317013412714005,1.0386558808386326,1.057980814948678,1.0472513772547245,1.0447428580373526,0.5009527103551628,0.0107137824583469,0.5137093921599076,0.4975996320899527,0.4864499710304025,0.512899606791137,0.494104949704414,0.3437065668535683,0.0150606908248924,0.3719504546142647,0.3428835045600489,0.3420966394034567,0.3309321113923331,0.3306701242977381,13.4,12.499599993599796,35,5,5,20,2
750,1.0337398822684036,0.0029273371220328,1.0392076517406263,1.0340499419915048,1.0328097330896475,1.0309705753075449,1.0316615092126946,0.5028578959466522,0.0077684015902595,0.4991515417035894,0.5109533701041206,0.501041195091507,0.4911828106158796,0.5119605622181643,0.3482266274019824,0.0050859739353262,0.3389924265709754,0.3478839820384879,0.3493675638500875,0.3543239120650666,0.3505652524852947,1.0456123266369104,0.0012646305045135,1.046728279441595,1.0436548721045256,1.046881191432476,1.0446182172745466,1.0461790729314089,0.5240513358660188,0.0078672731544966,0.5148921362889571,0.5299337675712026,0.5141957516310314,0.5325686805739301,0.528666343264973,0.3307225217166571,0.0001047948378379,0.3306701242977381,0.3306701242977381,0.3306701242977381,0.3306701242977381,0.3309321113923331,1.0387727033346892,0.0075227550473064,1.024923289194703,1.0387766938656569,1.0392193254083395,1.0447008982300758,1.0462433099746704,0.5085369078365489,0.0099975764322764,0.4996992204079609,0.500350604107938,0.5023434019517747,0.5249805185676615,0.5153107941474097,0.3437065668535683,0.0150606908248924,0.3719504546142647,0.3428835045600489,0.3420966394034567,0.3309321113923331,0.3306701242977381,6.0,4.049691346263317,4,4,5,14,3
775,1.033268015886608,0.0024251220557571,1.0373959189967106,1.032010737218355,1.0344345324917843,1.0304507788858916,1.0320481118402982,0.5150363650057982,0.0076134500254613,0.5140311995755068,0.5278616888276593,0.5120832614025268,0.5167790284511611,0.5044266467721373,0.3478919150474222,0.0037243426014187,0.3415920321658789,0.3482811332873632,0.3464153518640243,0.351430904252236,0.3517401536676085,1.0473089039325714,0.0021542608000584,1.0484678484499454,1.049966637045145,1.0462880358099935,1.04812990128994,1.043692097067833,0.5222933913810136,0.0112983484805906,0.5163789533085135,0.5184934545776853,0.513549695569257,0.5184449481582186,0.5445999052913939,0.3307225217166571,0.0001047948378379,0.3306701242977381,0.3306701242977381,0.3306701242977381,0.3306701242977381,0.3309321113923331,1.0379448965191842,0.009089782458713,1.0208062492311,1.0406534485518932,1.0376410949975252,1.0440051145851612,1.0466185752302408,0.4996348624848435,0.0054722114543618,0.4974144498571986,0.4953152220406163,0.5070217933510777,0.5051784419628657,0.4932444052124594,0.3437065668535683,0.0150606908248924,0.3719504546142647,0.3428835045600489,0.3420966394034567,0.3309321113923331,0.3306701242977381,10.2,6.968500556073739,10,17,2,19,3
800,1.0330799338692114,0.003631939851896,1.03815081433246,1.0353112992487457,1.0340382889697426,1.0286142926467092,1.029284974148399,0.5119011001271683,0.0121883041345743,0.5125615096842754,0.4907538470631741,0.5087003428866081,0.5222726107959683,0.5252171902058156,0.3476883591727578,0.0056267041714467,0.3387628126989175,0.3454947710283778,0.3469479898219947,0.3548325506144314,0.3524036717000676,1.0470671072602271,0.0029095833104798,1.044797359034419,1.0483095441013577,1.0460549928247929,1.0521197449415922,1.0440538953989744,0.5277390628816556,0.01051693567452,0.5285894328121521,0.5163426267830513,0.5213276685425513,0.5253195344591391,0.5471160518113846,0.3307225217166571,0.0001047948378379,0.3306701242977381,0.3306701242977381,0.3306701242977381,0.3306701242977381,0.3309321113923331,1.0393440335989,0.0108090911434897,1.020025534555316,1.0397589411586523,1.0378315821290016,1.049316694959998,1.0497874151915312,0.5116213589151751,0.0113440070493304,0.5217813751179904,0.4962025023486069,0.4996209515859682,0.5224321316657953,0.5180698338575149,0.3437065668535683,0.0150606908248924,0.3719504546142647,0.3428835045600489,0.3420966394034567,0.3309321113923331,0.3306701242977381,11.4,9.93176721434811,8,3,2,15,29
825,1.0332253164994087,0.0033224143679868,1.0387574365264491,1.0346106836670323,1.0330191599695306,1.0296404004096984,1.030098901924334,0.5023341120970389,0.0093037397166936,0.5116258262630708,0.4933217316438105,0.5154480328912575,0.4969743390354602,0.494300630651596,0.3478975658448511,0.0053146113227478,0.338945744607126,0.3460141944593689,0.3480562918045606,0.3537479574396818,0.3527236409135183,1.0465510617941618,0.001834759268557,1.04582385905087,1.0498980432748797,1.0462022572755814,1.0465110819786787,1.0443200673907995,0.5291000023750196,0.0052564845121771,0.5199267903053095,0.527282109012557,0.5353682970627806,0.5318195991934186,0.5311032163010329,0.3307225217166571,0.0001047948378379,0.3306701242977381,0.3306701242977381,0.3306701242977381,0.3306701242977381,0.3309321113923331,1.038430566340685,0.0072250690764235,1.0245460644364357,1.0420361291617155,1.0382048673927784,1.0436382237821815,1.043727546930313,0.5109915718494921,0.0118076169153261,0.5062683984127984,0.4948396065569687,0.505124303180127,0.521053567365762,0.5276719837318039,0.3437065668535683,0.0150606908248924,0.3719504546142647,0.3428835045600489,0.3420966394034567,0.3309321113923331,0.3306701242977381,4.4,2.0591260281974,7,2,6,5,2
850,1.0330292291390268,0.0032142641667446,1.038883537995188,1.0337451997556184,1.0319628809627734,1.0297349553359183,1.0308195716456363,0.5101375730832626,0.0081206334253479,0.5071161453693029,0.5014999196559626,0.5247412188095053,0.5048980865762115,0.5124324950053303,0.3486607327654911,0.0051583066269602,0.3395946969831177,0.349715862618891,0.3471899062287784,0.3545460151152643,0.3522571828814039,1.0501762401312589,0.008102604326997,1.046883886680007,1.0453275106847286,1.0662445425987244,1.0476789977401495,1.0447462629526854,0.5269428804846374,0.0089978465798466,0.5244136724023059,0.5393120714353259,0.518671331633177,0.5167841255131965,0.5355332014391821,0.3307225217166571,0.0001047948378379,0.3306701242977381,0.3306701242977381,0.3306701242977381,0.3306701242977381,0.3309321113923331,1.041890586540103,0.0121521305054271,1.020060170441866,1.0397967621684074,1.0553839802742004,1.043869711458683,1.050342308357358,0.5050301713385211,0.011578285895856,0.5092476149669277,0.485352729034238,0.5110567819344062,0.5001426862250076,0.5193510445320266,0.3437065668535683,0.0150606908248924,0.3719504546142647,0.3428835045600489,0.3420966394034567,0.3309321113923331,0.3306701242977381,12.4,11.038115781237304,10,2,33,4,13
875,1.0341163645292584,0.0041081106754189,1.0404707946275409,1.0363571606184308,1.0343325282398024,1.029951392349444,1.0294699468110735,0.506507351476828,0.0092441633251524,0.5045432652624237,0.5003332124655923,0.4959182941199899,0.5088777296329352,0.5228642559031988,0.3485218304695987,0.0044031350275079,0.3410240749048447,0.348324982804249,0.3474574141189401,0.3536726082628639,0.3521300722570957,1.0523268785327673,0.0068819359736938,1.0641534365713596,1.0552577301859856,1.0486873891204596,1.0493464730679989,1.0441893637180328,0.5347142519841064,0.0034605329758718,0.5340064935693839,0.5350325563620925,0.5400837829498627,0.5352276912399345,0.5292207357992584,0.3307225217166571,0.0001047948378379,0.3306701242977381,0.3306701242977381,0.3306701242977381,0.3306701242977381,0.3309321113923331,1.0479563985019922,0.004450192654617,1.0557927452027798,1.047768246382475,1.0424159914255142,1.0453760959208012,1.048428913578391,0.5095184116138138,0.0124366068225237,0.5147401691345769,0.498618628539151,0.4943500161029199,0.5104572385175918,0.5294260057748297,0.3437065668535683,0.0150606908248924,0.3719504546142647,0.3428835045600489,0.3420966394034567,0.3309321113923331,0.3306701242977381,7.0,6.572670690061994,1,1,7,7,19
900,1.034546986253638,0.0029688336681893,1.0380820330820586,1.033631864346956,1.0337279940906323,1.0298753506258915,1.0374176891226516,0.5102452905406405,0.0056902168320524,0.5094493810674887,0.5184704181353023,0.5021078677027924,0.5142830198301704,0.5069157659674487,0.3478296575439253,0.004602984305676,0.3406105639922916,0.3470712654010668,0.3459147604688234,0.3533461133426563,0.3522055845147883,1.0491495549678802,0.0023078278428453,1.0462555270642042,1.050191106274724,1.051619902253151,1.0511726383119822,1.04650860093534,0.5217135435685825,0.007062885078392,0.5181309975781507,0.5221541108777279,0.5309728807405016,0.5267772602293601,0.5105324684171715,0.3307225217166571,0.0001047948378379,0.3306701242977381,0.3306701242977381,0.3306701242977381,0.3306701242977381,0.3309321113923331,1.0400826267898082,0.0082937469236326,1.0239255130290985,1.0424571670591831,1.041660875082016,1.0458127819001677,1.0465567968785765,0.5050198437797576,0.0075615379101505,0.493972114290468,0.512427770151984,0.5127675984030604,0.5074652703945447,0.4984664656587309,0.3437065668535683,0.0150606908248924,0.3719504546142647,0.3428835045600489,0.3420966394034567,0.3309321113923331,0.3306701242977381,6.6,3.2,5,9,9,9,1
925,1.033576821527983,0.002691790773046,1.0386754123788131,1.0328275849944666,1.0335362729273343,1.0309824435334456,1.031862393805855,0.5057045580185319,0.007934266659962,0.5105366078490527,0.5038904620702461,0.5168136777702748,0.5043385487834954,0.4929434936195903,0.3477695822813468,0.0049081610815012,0.3386345518060169,0.349001834269903,0.3477503172166429,0.3531629519727184,0.3502982561414532,1.049596429243684,0.0072418752258889,1.0467786826193333,1.0516967475414276,1.0627360474318266,1.0432012360543013,1.0435694325715303,0.5280771012088392,0.0064519228222532,0.5334758780712033,0.5221107544606608,0.5250165341217395,0.5378737662512644,0.5219085731393276,0.3307225217166571,0.0001047948378379,0.3306701242977381,0.3306701242977381,0.3306701242977381,0.3306701242977381,0.3309321113923331,1.042316861078143,0.0101441793010855,1.0229590721428394,1.0431084502488377,1.052021324634552,1.04505517706275,1.0484402813017368,0.5094080562732071,0.0089558428739764,0.5014585950639069,0.5019509382137978,0.503219046939841,0.5178880386121663,0.5225236625363231,0.3437065668535683,0.0150606908248924,0.3719504546142647,0.3428835045600489,0.3420966394034567,0.3309321113923331,0.3306701242977381,6.4,3.0724582991474434,5,4,9,3,11
950,1.0333849771399248,0.0025872553029316,1.0381660624554283,1.0307589832105135,1.033857910884054,1.0319332969816108,1.0322086321680168,0.512719593918955,0.0079325413621512,0.4998105077156941,0.5225770197626225,0.5082524847194522,0.5153406248425123,0.517617332554494,0.3474547060575772,0.0034351455454822,0.3416065776629733,0.3508001317012581,0.3455214050389653,0.3495463580594168,0.3497990578252726,1.0499084059149026,0.003079590256222,1.0522033534944055,1.0474188849329948,1.0521377995610235,1.052693260833621,1.045088730752468,0.5327015388805088,0.0087828100343034,0.5262074331318175,0.5418449396535071,0.5276119053611854,0.5446695353032257,0.5231738809528085,0.3307225217166571,0.0001047948378379,0.3306701242977381,0.3306701242977381,0.3306701242977381,0.3306701242977381,0.3309321113923331,1.0418280515819789,0.0073485902517622,1.0292186625301838,1.040017481893301,1.0422886237502098,1.046561673283577,1.0510538164526224,0.5049682075042756,0.0121302840297081,0.4999390217340678,0.494137354506501,0.4922226766653634,0.5225520747817857,0.5159899098336599,0.3437065668535683,0.0150606908248924,0.3719504546142647,0.3428835045600489,0.3420966394034567,0.3309321113923331,0.3306701242977381,10.0,6.260990336999411,2,9,7,11,21
975,1.0349987403970016,0.0032263770591577,1.0370866995108754,1.0336244445098073,1.0328403748964008,1.0312435275629948,1.0401986555049294,0.5046779790410445,0.0043907021650917,0.5128280889914059,0.5003298659941184,0.5054327753129124,0.5021660778414421,0.5026330870653432,0.3479284278442573,0.0043433394019865,0.3408843893806712,0.3462438332789195,0.3475936737950774,0.3518761281723122,0.3530441145943065,1.0495593078434466,0.0025825556124506,1.0464267246425152,1.0479677598923445,1.048236433416605,1.051886847242713,1.053278774023056,0.5287272080601232,0.0058147113122369,0.5331514369640399,0.5333318825923932,0.531661094463077,0.5276506907887585,0.5178409354923472,0.3307225217166571,0.0001047948378379,0.3306701242977381,0.3306701242977381,0.3306701242977381,0.3306701242977381,0.3309321113923331,1.0392534106969833,0.0095061689001462,1.0226275194436312,1.0392799321562052,1.0376043170690536,1.0466180182993412,1.0501372665166857,0.5071965441313561,0.0107819532207388,0.4888807686434027,0.5007807257669546,0.5147934834828717,0.5159989663825044,0.5155287763810465,0.3437065668535683,0.0150606908248924,0.3719504546142647,0.3428835045600489,0.3420966394034567,0.3309321113923331,0.3306701242977381,7.6,6.740919818541087,20,9,5,3,1
1000,1.033377579262382,0.0026703068193483,1.0377201394030922,1.033908766821811,1.0341392071623552,1.0307240523790058,1.0303957305456464,0.5013767835660079,0.0094015567496049,0.5000122842710131,0.4904635457131526,0.4937963597482098,0.5170656220339793,0.505546106063685,0.3475347146408601,0.0039160370328266,0.3412230405107727,0.3474256521350539,0.3457680846618701,0.3519367303434862,0.3513200655531177,1.0470593646168709,0.0016723767171825,1.0451607014983892,1.046674411743879,1.0500776711851358,1.0473443418741226,1.0460396967828274,0.5397332525553589,0.0074850897709389,0.5315000115976283,0.5403823184438045,0.5430225130664373,0.5516756810176406,0.5320857386512838,0.3307225217166571,0.0001047948378379,0.3306701242977381,0.3306701242977381,0.3306701242977381,0.3306701242977381,0.3309321113923331,1.0402541633695364,0.0089517185832572,1.0246141161769629,1.0393327102065086,1.0413806717842815,1.0437992699444294,1.0521440487354994,0.5040534570533558,0.0189206940803812,0.4917045831433517,0.485125367328412,0.490470889029788,0.5198303622005223,0.5331360835647051,0.3437065668535683,0.0150606908248924,0.3719504546142647,0.3428835045600489,0.3420966394034567,0.3309321113923331,0.3306701242977381,7.8,3.867815921162744,8,4,5,7,15
