lags,train_mse_mean,train_mse_std,train_mse_fold_1,train_mse_fold_2,train_mse_fold_3,train_mse_fold_4,train_mse_fold_5,train_nll_embedding_mean,train_nll_embedding_std,train_nll_embedding_fold_1,train_nll_embedding_fold_2,train_nll_embedding_fold_3,train_nll_embedding_fold_4,train_nll_embedding_fold_5,train_cosine_sim_mean,train_cosine_sim_std,train_cosine_sim_fold_1,train_cosine_sim_fold_2,train_cosine_sim_fold_3,train_cosine_sim_fold_4,train_cosine_sim_fold_5,train_pairwise_accuracy_mean,train_pairwise_accuracy_std,train_pairwise_accuracy_fold_1,train_pairwise_accuracy_fold_2,train_pairwise_accuracy_fold_3,train_pairwise_accuracy_fold_4,train_pairwise_accuracy_fold_5,val_mse_mean,val_mse_std,val_mse_fold_1,val_mse_fold_2,val_mse_fold_3,val_mse_fold_4,val_mse_fold_5,val_nll_embedding_mean,val_nll_embedding_std,val_nll_embedding_fold_1,val_nll_embedding_fold_2,val_nll_embedding_fold_3,val_nll_embedding_fold_4,val_nll_embedding_fold_5,val_cosine_sim_mean,val_cosine_sim_std,val_cosine_sim_fold_1,val_cosine_sim_fold_2,val_cosine_sim_fold_3,val_cosine_sim_fold_4,val_cosine_sim_fold_5,val_pairwise_accuracy_mean,val_pairwise_accuracy_std,val_pairwise_accuracy_fold_1,val_pairwise_accuracy_fold_2,val_pairwise_accuracy_fold_3,val_pairwise_accuracy_fold_4,val_pairwise_accuracy_fold_5,test_mse_mean,test_mse_std,test_mse_fold_1,test_mse_fold_2,test_mse_fold_3,test_mse_fold_4,test_mse_fold_5,test_nll_embedding_mean,test_nll_embedding_std,test_nll_embedding_fold_1,test_nll_embedding_fold_2,test_nll_embedding_fold_3,test_nll_embedding_fold_4,test_nll_embedding_fold_5,test_cosine_sim_mean,test_cosine_sim_std,test_cosine_sim_fold_1,test_cosine_sim_fold_2,test_cosine_sim_fold_3,test_cosine_sim_fold_4,test_cosine_sim_fold_5,test_pairwise_accuracy_mean,test_pairwise_accuracy_std,test_pairwise_accuracy_fold_1,test_pairwise_accuracy_fold_2,test_pairwise_accuracy_fold_3,test_pairwise_accuracy_fold_4,test_pairwise_accuracy_fold_5,num_epochs_mean,num_epochs_std,num_epochs_fold_1,num_epochs_fold_2,num_epochs_fold_3,num_epochs_fold_4,num_epochs_fold_5,test_word_avg_auc_roc_mean,test_word_avg_auc_roc_std,test_word_avg_auc_roc_fold_1,test_word_avg_auc_roc_fold_2,test_word_avg_auc_roc_fold_3,test_word_avg_auc_roc_fold_4,test_word_avg_auc_roc_fold_5,test_word_train_weighted_auc_roc_mean,test_word_train_weighted_auc_roc_std,test_word_train_weighted_auc_roc_fold_1,test_word_train_weighted_auc_roc_fold_2,test_word_train_weighted_auc_roc_fold_3,test_word_train_weighted_auc_roc_fold_4,test_word_train_weighted_auc_roc_fold_5,test_word_test_weighted_auc_roc_mean,test_word_test_weighted_auc_roc_std,test_word_test_weighted_auc_roc_fold_1,test_word_test_weighted_auc_roc_fold_2,test_word_test_weighted_auc_roc_fold_3,test_word_test_weighted_auc_roc_fold_4,test_word_test_weighted_auc_roc_fold_5,test_word_perplexity_mean,test_word_perplexity_std,test_word_perplexity_fold_1,test_word_perplexity_fold_2,test_word_perplexity_fold_3,test_word_perplexity_fold_4,test_word_perplexity_fold_5,test_occurence_perplexity_mean,test_occurence_perplexity_std,test_occurence_perplexity_fold_1,test_occurence_perplexity_fold_2,test_occurence_perplexity_fold_3,test_occurence_perplexity_fold_4,test_occurence_perplexity_fold_5,test_word_top_1_mean,test_word_top_1_std,test_word_top_1_fold_1,test_word_top_1_fold_2,test_word_top_1_fold_3,test_word_top_1_fold_4,test_word_top_1_fold_5,test_occurence_top_1_mean,test_occurence_top_1_std,test_occurence_top_1_fold_1,test_occurence_top_1_fold_2,test_occurence_top_1_fold_3,test_occurence_top_1_fold_4,test_occurence_top_1_fold_5,test_word_top_5_mean,test_word_top_5_std,test_word_top_5_fold_1,test_word_top_5_fold_2,test_word_top_5_fold_3,test_word_top_5_fold_4,test_word_top_5_fold_5,test_occurence_top_5_mean,test_occurence_top_5_std,test_occurence_top_5_fold_1,test_occurence_top_5_fold_2,test_occurence_top_5_fold_3,test_occurence_top_5_fold_4,test_occurence_top_5_fold_5,test_word_top_10_mean,test_word_top_10_std,test_word_top_10_fold_1,test_word_top_10_fold_2,test_word_top_10_fold_3,test_word_top_10_fold_4,test_word_top_10_fold_5,test_occurence_top_10_mean,test_occurence_top_10_std,test_occurence_top_10_fold_1,test_occurence_top_10_fold_2,test_occurence_top_10_fold_3,test_occurence_top_10_fold_4,test_occurence_top_10_fold_5
-1000,0.3369486855342984,0.0038578936609342,0.3417348746831218,0.3393435887992382,0.3371345279738307,0.3363150662432114,0.3302153699720899,3.465356170386076,0.0078866423503527,3.4694625648359456,3.46817272529006,3.469853496799866,3.469665086517731,3.4496269784867764,0.6344621222466229,0.0065845736320368,0.6260430912176768,0.6341775978604952,0.6297857724130154,0.6370022054761648,0.6453019442657629,0.5021596185242136,0.0121943832362386,0.4955476932227611,0.4967384707803527,0.4961777341862519,0.4957990096881985,0.5265351847435037,0.3546175999566913,0.0046537764780821,0.3600829681381583,0.3570023057982325,0.3567233560606837,0.3527005361393094,0.3465788336470723,3.484521062672138,0.0022223763955082,3.486464910209179,3.4849064350128174,3.485564805567265,3.48547937721014,3.48018978536129,0.6068667791783809,0.0036959410356428,0.6063777953386307,0.605616208165884,0.6040373984724283,0.6042495183646679,0.6140529755502939,0.4928856385871768,0.0005484489204737,0.4937059683725238,0.492868198081851,0.4923833413049578,0.4922189824283123,0.493251702748239,0.349529568478465,0.0043358897917207,0.3467556042596698,0.3444683197885752,0.3562522605061531,0.3473586374893784,0.3528130203485489,3.479783795773983,0.0023305202546787,3.4756933227181435,3.479400008916855,3.4817102029919624,3.4797692075371742,3.48234623670578,0.6210610823705792,0.0151609642159522,0.6454474441707134,0.6294782739132643,0.6166507862508297,0.6123957820236683,0.6013331254944205,0.4926389528438449,0.0016895908031607,0.4909908594563603,0.4923262726515531,0.4913734095171094,0.4927267516031861,0.4957774709910154,7.0,5.621387729022079,3,6,3,5,18,0.5030731493353029,0.0285972013264052,0.464466247415755,0.5269032650638583,0.4732408574772071,0.5168430012726883,0.5339123754470054,0.5031345213903308,0.0229717565354874,0.4664633373065288,0.5303542784936888,0.4882503730207848,0.5111089162706746,0.5194957018599768,0.501555708949233,0.0162219123158687,0.476902596306118,0.517270549840238,0.4910112999436821,0.5023514352444427,0.5202426634116839,433.7694152832031,11.652174841183763,426.9650573730469,428.9725036621094,422.9671936035156,455.9691162109375,433.97320556640625,1015.3997192382812,0.4904519757030056,1015.9996337890624,1016.0011596679688,1014.999755859375,1015.0001831054688,1014.9978637695312,0.0068936426658183,0.0044478283836418,0.0118110235780477,0.0029527558945119,0.0118226604536175,0.0009852217044681,0.0068965516984462,0.0007879834156483,0.0007372206790883,0.0009842519648373,0.0,0.0009852217044681,0.0,0.0019704434089362,0.0273751992732286,0.0121375787021948,0.049212597310543,0.0216535441577434,0.0315270945429801,0.01576354727149,0.0187192130833864,0.0057123464997857,0.0022816246417985,0.0049212598241865,0.0049212598241865,0.0059113302268087,0.0029556651134043,0.0098522175103425,0.0502214819192886,0.0156381816790107,0.078740157186985,0.047244094312191,0.052216749638319,0.0334975384175777,0.0394088700413703,0.0096514876931905,0.0013078121723394,0.0098425196483731,0.0088582672178745,0.0098522175103425,0.007881773635745,0.0118226604536175
-975,0.3346442390233278,0.0021631741702763,0.3360555258889993,0.3308506179600954,0.3364217675601442,0.3363014146064718,0.3335918691009283,3.457960718373458,0.0125883998741218,3.456208623945713,3.4349025040864944,3.4687185920774937,3.469630246361097,3.46034362539649,0.6374342069029809,0.0032961219683187,0.6340210077663263,0.6430551279336214,0.6357011583944162,0.6352017130702734,0.6391920273502668,0.5139090322578947,0.0190860321694481,0.5164272369196018,0.5486978981643915,0.4967440717543165,0.4965137569233775,0.5111621975277861,0.352633866108954,0.0025406536608986,0.3561600670218467,0.3529596412554383,0.3531250320374965,0.3527052504941821,0.348219339735806,3.48387548327446,0.0022041019434782,3.4844886511564255,3.4841625690460205,3.4863887950778008,3.484586238861084,3.4797511622309685,0.6064739735797048,0.0036296636104722,0.6061522997915745,0.6081071449443698,0.6044699717313051,0.601395939476788,0.6122445119544864,0.494140881113708,0.0016541017053395,0.4965603286400437,0.4949350077658891,0.4914884995669126,0.4938196502625942,0.4939009193331003,0.3489317737519741,0.0037753167086183,0.3484196616336703,0.34322973433882,0.3516814839094877,0.3471335917711258,0.3541943971067667,3.480014792084694,0.0023759759870944,3.476118803024292,3.480799965560436,3.482394240796566,3.4785774424672127,3.4821835085749626,0.6170999284833669,0.0122709670439133,0.6332661584019661,0.6239658817648888,0.6212298795580864,0.6089247651398182,0.5981129575520754,0.4919811878353357,0.0004913037461188,0.4920108010992408,0.4917587852105498,0.4916859362274408,0.4929145164787769,0.4915359001606703,10.8,6.43117407632541,12,22,4,5,11,0.5134501476401786,0.0139958379584622,0.4903607652789441,0.526137723278553,0.5125171337761351,0.5086243779185976,0.5296107379486632,0.5130753918924629,0.0072729294612248,0.4996612410405068,0.5217383995624899,0.5153518135800801,0.5151021039025945,0.5135234013766432,0.5105607555899427,0.0026165176179602,0.5113241798090047,0.5097311977389587,0.5076470267525899,0.5088860198947451,0.5152153537544154,433.77037353515624,11.652495854219744,426.9642028808594,428.9725036621094,422.96881103515625,455.970458984375,433.9758911132813,1015.3993286132812,0.4895991744529045,1015.9987182617188,1015.9992065429688,1015.0001831054688,1014.999755859375,1014.998779296875,0.006498778425157,0.0040160998710713,0.0108267720788717,0.0078740157186985,0.0,0.0039408868178725,0.0098522175103425,0.0013783406466245,0.0010035919506395,0.0019685039296746,0.0029527558945119,0.0,0.0009852217044681,0.0009852217044681,0.0269782012328505,0.0183832499195889,0.062992125749588,0.0226377956569194,0.0118226604536175,0.0167487692087888,0.0206896550953388,0.0061056593433022,0.0015747574397679,0.0059055117890238,0.0078740157186985,0.0039408868178725,0.0049261087551712,0.007881773635745,0.0439147058874368,0.0237638516737874,0.0895669311285018,0.0433070883154869,0.0305418726056814,0.0226600989699363,0.0334975384175777,0.0116203794255852,0.0014418522619295,0.0127952750772237,0.0137795275077223,0.0108374385163187,0.0098522175103425,0.0108374385163187
-950,0.3365136082594593,0.0028115695013123,0.3415827990199129,0.3343884690354268,0.3375990983719627,0.3344127796590328,0.3345848952109615,3.4637149450679616,0.0067593275055628,3.46915290504694,3.450882269690434,3.46940670410792,3.464149635285139,3.464983211209377,0.6350031469017268,0.0057948718953112,0.6251957099884748,0.639960465952754,0.6315323573847612,0.6386753687014183,0.6396518324812254,0.5049666593472163,0.0099316950369313,0.4982169661670923,0.5234857912485799,0.4948546485975384,0.504862490730981,0.5034133999918898,0.3551995458081364,0.0041717488222001,0.3549215458333492,0.3560000881552696,0.3563465848565101,0.3608296541497111,0.3478998560458421,3.483949728310108,0.002098943348703,3.48426017165184,3.4845471680164337,3.4871543422341347,3.4830869287252426,3.4807000309228897,0.6035000316798687,0.00707707964515,0.6110170669853687,0.6045011449605227,0.6014189161360264,0.5911199515685439,0.6094430787488818,0.4931705266237259,0.0013545309848077,0.4921564357355237,0.4913816694170236,0.4941474515944719,0.4951614569872617,0.4930056193843484,0.3516073444858193,0.0042958237987298,0.3492202777415514,0.3442208273336291,0.3550758520141244,0.3549881903454661,0.3545315749943256,3.480748189985752,0.002474078514161,3.477108232676983,3.4806928411126137,3.48308677226305,3.479085221886635,3.483767881989479,0.6134794114157558,0.0124907998483774,0.6265738066285849,0.6260554008185863,0.6169247608631849,0.6016370821744204,0.5962060065940022,0.4921213570982218,0.0011123532973626,0.4922824427485466,0.4904425488784909,0.4913381701335311,0.4934740858152509,0.4930695379152894,8.0,4.2895221179054435,4,15,3,9,9,0.5100725104173975,0.0229873259650347,0.470937003010798,0.5335965518680833,0.4977873131484497,0.5269431123365068,0.5210985717231499,0.5062540296198916,0.0207629920185712,0.4721250671796925,0.5332264802064018,0.5006762989303055,0.5213107559950131,0.5039315457880452,0.5044853703448615,0.0116367271660972,0.4838429917364013,0.5200184159047074,0.5054054800135663,0.5067566153355151,0.5064033487341173,433.7691955566406,11.6518293292602,426.963623046875,428.9696350097656,422.9685974121094,455.9678039550781,433.976318359375,1015.39951171875,0.489424742281405,1015.9996337890624,1015.9982299804688,1015.0001831054688,1014.999755859375,1014.999755859375,0.0049224235117435,0.0054618176585888,0.0029527558945119,0.015748031437397,0.0009852217044681,0.0029556651134043,0.0019704434089362,0.0009848338086158,0.0006231090983742,0.0009842519648373,0.0009842519648373,0.0009852217044681,0.0,0.0019704434089362,0.0244210852310061,0.0109658128871746,0.0206692907959222,0.0423228330910205,0.0177339911460876,0.0305418726056814,0.0108374385163187,0.0047271247953176,0.0007362391009957,0.0039370078593492,0.0059055117890238,0.0049261087551712,0.0039408868178725,0.0049261087551712,0.0543565038591623,0.0177240963043027,0.0679133832454681,0.0728346481919288,0.0423645339906215,0.0630541890859603,0.0256157647818326,0.0102422328665852,0.0010034898041203,0.0088582672178745,0.0118110235780477,0.0098522175103425,0.0098522175103425,0.0108374385163187
-925,0.3350603766739368,0.0019802430088961,0.3344683932761351,0.3333810673405726,0.3381597508365909,0.3328453212355574,0.3364473506808281,3.459007085611423,0.009850507364143,3.4473991307119527,3.4481667739649615,3.4699470214545727,3.459913443773985,3.4696090581516423,0.6367722875128189,0.0042006180919104,0.6352458111941814,0.6415605209767818,0.6300828084349632,0.6409705883512894,0.6360017086068789,0.5122698067997893,0.0147944775160966,0.53128358690689,0.5259996457025409,0.4951696693897247,0.5124971826250354,0.4963989493747552,0.3548708448186516,0.00315700948761,0.3553686253726482,0.3590660179033875,0.357171512208879,0.3524318253621459,0.3503162432461977,3.483155357837677,0.0023063142629303,3.482871040701866,3.484920673072338,3.4857137873768806,3.483220614492893,3.479050673544407,0.6018706206232309,0.0039214168559948,0.5981981176882982,0.6066038645803928,0.6021970426663756,0.6056451490148902,0.5967089291661978,0.4946993311867118,0.001388504229935,0.4972099978476763,0.4939899435266852,0.493737923912704,0.4951614513993263,0.4933973392471671,0.3519149562343955,0.0044284655092992,0.3503420362249017,0.3481383109465241,0.3571865642443299,0.3467806130647659,0.3571272566914558,3.480180341005325,0.0021071146230797,3.476992681622505,3.4800596237182617,3.4820538386702538,3.478963293135166,3.48283226788044,0.6124587649479508,0.0139210434648866,0.6173944789916277,0.6288476455956697,0.6134553756564856,0.6158911269158125,0.5867051975801587,0.4922522623091936,0.0008551764177659,0.4907703511416912,0.4922564225271344,0.492662500590086,0.492184991016984,0.4933870462700724,10.0,5.549774770204643,16,15,2,12,5,0.5030484397754476,0.0316324753728265,0.4823496479439454,0.5428710377693755,0.4615505247157291,0.5367789064327081,0.4916920820154798,0.5093979241473141,0.0200386144268918,0.5028499131215405,0.529138671543417,0.485444130581833,0.536497941487048,0.4930589640027321,0.5134832695096655,0.0091150686786644,0.5179263687482705,0.5253135300370344,0.5014950876158506,0.5185110470313453,0.5041703141158267,433.7699401855469,11.65152496004701,426.9650573730469,428.9702453613281,422.9704284667969,455.9684753417969,433.9754943847656,1015.3997924804688,0.4895939985763923,1015.9996337890624,1015.9992065429688,1015.0001831054688,1014.999755859375,1015.0001831054688,0.0070885535795241,0.0051098616696045,0.0118110235780477,0.0137795275077223,0.0019704434089362,0.0068965516984462,0.0009852217044681,0.0011816842015832,0.0003934100433233,0.0009842519648373,0.0019685039296746,0.0009852217044681,0.0009852217044681,0.0009852217044681,0.0311132228001952,0.0160401082058116,0.050196848809719,0.050196848809719,0.0197044350206851,0.0236453209072351,0.0118226604536175,0.0061052715405821,0.0019067355349404,0.0098425196483731,0.0059055117890238,0.0049261087551712,0.0049261087551712,0.0049261087551712,0.0488367404788732,0.0237618248477052,0.079724408686161,0.0738188996911048,0.027586206793785,0.0413793101906776,0.0216748770326375,0.0118166482076048,0.0029811000160589,0.0137795275077223,0.016732282936573,0.0098522175103425,0.0088669955730438,0.0098522175103425
-900,0.336915982949237,0.0043355856590665,0.3414079723879695,0.3395080687478184,0.3352953167632222,0.339161157918473,0.3292073989287019,3.4641401591400305,0.0094508503073903,3.4695851244032383,3.468610029667616,3.467275831848383,3.469902604818344,3.4453272049625716,0.6338317287464936,0.0068157079671042,0.6258258229742447,0.6308057922869921,0.6370730878164371,0.6300404127687216,0.6454135278860728,0.504730743293961,0.0151246603955408,0.496146231268843,0.4969715848565101,0.4998109691465894,0.495873915652434,0.5348510155454278,0.3534438515082002,0.0026117037918241,0.356256503611803,0.3508957559242844,0.355651332065463,0.3546340158209204,0.3497816501185298,3.4830256938934325,0.0022784847093427,3.4820528775453568,3.4839748591184616,3.485911376774311,3.4840120524168015,3.479177303612232,0.6031150130555034,0.0054556790397204,0.6033355370163918,0.6043061278760433,0.5937250070273876,0.6034058593213558,0.6108025340363383,0.4941760335117579,0.0015580404005338,0.4949792884290218,0.4934986932203173,0.4921121494844556,0.4935804158449173,0.4967096205800771,0.3505237556993961,0.0064350515223063,0.3499310640618205,0.339278157800436,0.3525654068216681,0.3516751239076257,0.3591690259054303,3.4801512494683267,0.002795733965197,3.4759246855974197,3.4797250404953957,3.483300194144249,3.478668376803398,3.4831379503011703,0.610118711553514,0.0126407396517058,0.6204602625221014,0.6215635817497969,0.6167641263455153,0.6034082109108567,0.5883973762392998,0.4935215964913368,0.0022667623006509,0.4908968117088079,0.4921057559549808,0.4932925421744585,0.4937033094465732,0.4976095631718635,7.2,6.615134163416491,3,4,7,2,20,0.5130525189513442,0.0201500626671124,0.4977522073798896,0.5300138064066272,0.5183417673085463,0.4825939733536564,0.5365608403080016,0.5108120185295628,0.0169137488213533,0.5037948127593059,0.5270215759509049,0.5264844936534799,0.4815922991408594,0.5151669111432641,0.5062995651124373,0.0169126766893831,0.5060121887261813,0.5154585310436742,0.5194878787871231,0.4737176688192507,0.5168215581859578,433.7699829101563,11.651879227903404,426.9646301269531,428.972900390625,422.9693908691406,455.9693603515625,433.9736328125,1015.3994140625,0.4900779763405014,1015.9996337890624,1015.9996337890624,1015.0001831054688,1014.999755859375,1014.9978637695312,0.0037413211539387,0.0041941273831901,0.0118110235780477,0.0009842519648373,0.0009852217044681,0.0009852217044681,0.0039408868178725,0.0009848338086158,0.0006231090983742,0.0009842519648373,0.0009842519648373,0.0019704434089362,0.0009852217044681,0.0,0.0191063189879059,0.0082309463065394,0.0265748035162687,0.0088582672178745,0.0197044350206851,0.0108374385163187,0.0295566506683826,0.0045304683968424,0.0007888584865628,0.0049212598241865,0.0029527558945119,0.0049261087551712,0.0049261087551712,0.0049261087551712,0.0352569729089736,0.0120688410224151,0.0462598428130149,0.0246062986552715,0.0394088700413703,0.0177339911460876,0.0482758618891239,0.009651293978095,0.000392173184635,0.0098425196483731,0.0098425196483731,0.0098522175103425,0.0098522175103425,0.0088669955730438
-875,0.3358864692350228,0.0034589282745806,0.3415162274613976,0.3357617454603314,0.3372023239110907,0.3337245142708222,0.3312275350714723,3.4614728892842934,0.0073301702531545,3.4695308258136115,3.454252455383539,3.469577231754859,3.4617943204939365,3.4522096129755178,0.6365828590467572,0.0066645866565697,0.6260560946539044,0.6398573319117228,0.6317909422020117,0.6410152005652586,0.6441947259008884,0.5085172863056262,0.0112142345367365,0.4952788759643833,0.5175046048437556,0.496324743454655,0.5100715247293314,0.523406682536006,0.3532785734161734,0.0042154952241316,0.3522856617346406,0.3533311756327748,0.3584945602342486,0.3562159752473235,0.3460654942318797,3.4834549143910407,0.0026291210175387,3.484919421374798,3.483517937362194,3.4864111691713333,3.4838227182626724,3.4786033257842064,0.6091574113816023,0.0085010314512243,0.6212525442242622,0.6052817730233073,0.5987645890563726,0.6035488368943334,0.6169393137097359,0.4938512435182929,0.0014033454029865,0.4934352319687605,0.4950368171557784,0.4938073214143514,0.4954888029024005,0.4914880441501736,0.348681866005063,0.0060775114890907,0.3424294702708721,0.3415994886308908,0.3578624045476317,0.3496371349319815,0.351880831643939,3.4801518231630326,0.0019706500641216,3.477311573922634,3.4797000661492348,3.483059912919998,3.479200206696987,3.4814873561263084,0.6229437408968806,0.016795779664753,0.6520189344882965,0.6286762002855539,0.6135188229382038,0.6180399404838681,0.6024648062884808,0.49352459423244,0.0021137592955,0.4903863882645964,0.4968246687203645,0.4925717301666736,0.4943561404943466,0.4934840435162186,9.0,4.898979485566356,3,12,4,10,16,0.5176840667966424,0.0320124679439363,0.4584493392555998,0.5337374358338877,0.5101505002075217,0.5457591087676416,0.5403239499185611,0.5101223457749592,0.0213612696151842,0.4729014639265242,0.5260564054492222,0.5018844640887165,0.5332067807042031,0.5165626147061302,0.5106865953048104,0.0142028401048146,0.4843555987425048,0.5194715032475488,0.5084256541083634,0.5248817461204922,0.5162984743051431,433.7691589355469,11.651829114592475,426.9646301269531,428.9690246582031,422.9682312011719,455.9678039550781,433.9761047363281,1015.3990356445312,0.4898136573808009,1015.9996337890624,1015.9982299804688,1014.999755859375,1014.999267578125,1014.998291015625,0.0078786704223603,0.0053226981962478,0.0039370078593492,0.0118110235780477,0.0009852217044681,0.01576354727149,0.0068965516984462,0.0009848338086158,4.750734557719872e-07,0.0009842519648373,0.0009842519648373,0.0009852217044681,0.0009852217044681,0.0009852217044681,0.0330896791070699,0.0103979589736477,0.0364173240959644,0.033464565873146,0.0256157647818326,0.0502463057637214,0.0197044350206851,0.0057115706615149,0.0013042973089488,0.0059055117890238,0.0078740157186985,0.0049261087551712,0.0059113302268087,0.0039408868178725,0.0516062229871749,0.0155241905701237,0.0413385815918445,0.0570866130292415,0.0394088700413703,0.0798029601573944,0.040394090116024,0.0118172300979495,0.0025636431078325,0.0108267720788717,0.016732282936573,0.0098522175103425,0.0098522175103425,0.0118226604536175
-850,0.3373451565702756,0.0012192613373452,0.3369821595648924,0.339647889137268,0.3373880023136735,0.3362283731500308,0.3364793586855133,3.465896349400282,0.0061152112035811,3.453742638230324,3.467703692615032,3.4692604057490826,3.468995942423741,3.46977906798323,0.6334189419945081,0.002171068188599,0.6335429809987545,0.633472990244627,0.6295648124068975,0.6362414478013912,0.6342724785208702,0.5012218386555711,0.0099899283547416,0.5211588417490324,0.4966082603981097,0.4964507513990004,0.4968903809785843,0.4950009587531288,0.3558136355131864,0.0045151631200977,0.3556817155331373,0.360335111618042,0.3584444373846054,0.3572988798841834,0.3473080331459641,3.4839154154062273,0.0014324078842649,3.485313355922699,3.4846829771995544,3.4842915534973145,3.4841183871030807,3.481170803308487,0.5988952569663525,0.0061317352254136,0.6061366740614176,0.5939890118315816,0.5945866778492928,0.5931376852095127,0.6066262358799577,0.4931466935202479,0.0009705606062438,0.4943670583888888,0.4942104564979672,0.4928622609004378,0.492080645635724,0.4922130461782217,0.350934312865138,0.0039356154183595,0.3470833478495478,0.3475382560864091,0.3580811051651835,0.3510009692981839,0.3509678859263658,3.4802448779344557,0.0018734524398473,3.47829257696867,3.4794128760695457,3.4807746037840843,3.4791112765669823,3.483633056282997,0.6145826825872064,0.0125405018601532,0.6383065227419138,0.6163070928305387,0.6069962996989489,0.6069652158766985,0.6043382817879319,0.492953191511333,0.0003943231013179,0.4926476841792464,0.4926476841792464,0.4925994966179132,0.4934488078579306,0.4934222847223282,6.0,3.3466401061363023,12,6,2,6,4,0.5151754613344077,0.0201274409769068,0.4857558019932543,0.5393811914996723,0.5030790627486459,0.5356202200016904,0.5120410304287754,0.5121213378896218,0.015616851349191,0.4963214629254792,0.5375186641745511,0.500794644490087,0.522859683569612,0.503112234288379,0.5119582706448786,0.0040311694587222,0.5117853538275965,0.5185065837847609,0.5113672754944928,0.5123266227030854,0.5058055174144577,433.7702209472656,11.651580683202395,426.9652404785156,428.9716796875,422.9693908691406,455.9684753417969,433.976318359375,1015.3995239257812,0.4898387595352931,1015.9987182617188,1016.0001831054688,1015.0006713867188,1014.999267578125,1014.998779296875,0.0023635623510926,0.0010037827051295,0.0039370078593492,0.0009842519648373,0.0029556651134043,0.0019704434089362,0.0019704434089362,0.0007881773635745,0.0007372724136266,0.0,0.0,0.0009852217044681,0.0019704434089362,0.0009852217044681,0.0198900356888771,0.0122165544629417,0.0442913398146629,0.0137795275077223,0.0128078823909163,0.0137931033968925,0.0147783253341913,0.00472770659253,0.0013083019832429,0.0039370078593492,0.0029527558945119,0.0049261087551712,0.0049261087551712,0.0068965516984462,0.0389932505786418,0.0208856113870609,0.080708660185337,0.0285433065146207,0.027586206793785,0.0305418726056814,0.027586206793785,0.0088638923130929,0.0010817391766345,0.0088582672178745,0.0068897637538611,0.0098522175103425,0.0088669955730438,0.0098522175103425
-825,0.335235801897943,0.0048515369622979,0.34008155670017,0.3374743017678459,0.3259524771322806,0.3368815785894791,0.3357890952999393,3.4606526347498097,0.0144869783981128,3.469259798526764,3.463613573461771,3.432016915331284,3.469840694218874,3.468532192210356,0.6367837547014157,0.0069174317087642,0.6279289070516825,0.6355731195459763,0.6492887437343597,0.6354415336002907,0.6356864695747694,0.51030828046302,0.0229335488875381,0.498074156542619,0.5045887725427747,0.5557683538645506,0.4954524884621302,0.4976576309030254,0.3546699212864041,0.0041224337552722,0.3593833679333329,0.3536604652181268,0.3552286308258772,0.3576541971415281,0.3474229453131556,3.4830406293272973,0.0013163179244249,3.4818064272403717,3.4843610525131226,3.484578713774681,3.4831536263227463,3.4813033267855644,0.5982145179063082,0.0125247390776025,0.5931554082781076,0.5995686911046505,0.5858765970915556,0.5908085983246565,0.6216632947325706,0.4930347481742501,0.0010478250701212,0.493945655412972,0.4930069940164685,0.4929252658039331,0.4941223440691829,0.4911734815686941,0.3502321535721421,0.0045193598763641,0.3501782575622201,0.3415919905528426,0.3532052710652351,0.3541565164923668,0.352028732188046,3.479485069215298,0.003158704102239,3.474220745265484,3.479148752987385,3.483086809515953,3.478601634502411,3.482367403805256,0.6110839493572712,0.0107538465210073,0.6216775644570589,0.6226040702313185,0.6071257628500462,0.5932652084156871,0.6107471408322453,0.4924880497157574,0.0013276403200415,0.4900270840153098,0.4921500440686941,0.4934210414066911,0.493545800447464,0.4932962786406278,9.8,7.30479294709987,4,9,24,5,7,0.5067930232505755,0.0228889394016257,0.4717420188054811,0.5202250785365053,0.4913109030614041,0.537230188942303,0.5134569269071843,0.508328946446061,0.0155080384658568,0.4848853319374472,0.5249337095977339,0.5060146188560629,0.525749378999576,0.5000616928394851,0.5110004614399605,0.0114674301451904,0.489233912498924,0.5172555562560481,0.5149653641178757,0.5223513275172278,0.5111961468097269,433.77000122070314,11.651036680101406,426.9674987792969,428.97125244140625,422.9683837890625,455.9671630859375,433.9757080078125,1015.3993286132812,0.4899733416083478,1015.9996337890624,1015.9992065429688,1015.0001831054688,1014.999755859375,1014.9978637695312,0.0033482022583484,0.0022960169963474,0.0009842519648373,0.0068897637538611,0.0049261087551712,0.0009852217044681,0.0029556651134043,0.0009846398606896,0.0006224957813585,0.0009842519648373,0.0019685039296746,0.0,0.0009852217044681,0.0009852217044681,0.0228460885584354,0.0056798974722642,0.0305118113756179,0.0255905501544475,0.0256157647818326,0.0167487692087888,0.01576354727149,0.0061068231239914,0.0026735267665337,0.0019685039296746,0.0059055117890238,0.0098522175103425,0.007881773635745,0.0049261087551712,0.0370266862213611,0.0071825161307827,0.048228345811367,0.0413385815918445,0.0364532023668289,0.0305418726056814,0.0285714287310838,0.0108331719413399,0.0022451265330989,0.0078740157186985,0.0137795275077223,0.0128078823909163,0.0108374385163187,0.0088669955730438
-800,0.3378202626481651,0.0032113867929503,0.3403216175114115,0.3405320839956403,0.3382068642725547,0.331694260550042,0.3383464869111776,3.466643327474594,0.0058279904866384,3.4693484865128994,3.4689781380196414,3.469537536303202,3.4550209753215313,3.4703315012156963,0.631890525172154,0.0055541744681697,0.6268279987076918,0.6297176002214352,0.6304709600905577,0.6427150970945755,0.6297209697465102,0.5009995043277741,0.0094982262391256,0.4975113198161125,0.4959887232010563,0.4958305126056075,0.5199512622008721,0.4957157038152218,0.3557003140449524,0.0029056705014601,0.3546186555176973,0.3585871662944555,0.3563625514507293,0.3582894271239638,0.3506437698379159,3.483897812664509,0.0028671125295326,3.4852959737181664,3.4841494113206863,3.487743966281414,3.483293227851391,3.4790064841508865,0.6070035936310887,0.0042911724558433,0.6087928200140595,0.6118037309497595,0.6080286176875234,0.5989662678912282,0.6074265316128731,0.4937932612374425,0.0016092478612972,0.4930508201941848,0.4936183085665107,0.4930133828893304,0.4969132393598556,0.4923705551773309,0.3516689885407686,0.0043534864487302,0.3459504507482052,0.3483354533091187,0.3563316809013486,0.3507350962609052,0.3569922614842653,3.479894734919071,0.0024555650180253,3.476832166314125,3.479016549885273,3.483534425497055,3.4782141745090485,3.4818763583898544,0.619607874751091,0.0122097355432332,0.6351656299084425,0.6281524077057838,0.6212068442255259,0.6137394160032272,0.5997750759124756,0.4934078827500343,0.0013444674074209,0.4919108105823397,0.4936808571219444,0.4923474816605449,0.4957724874839186,0.4933277769014239,5.2,4.445222154178574,4,3,3,14,2,0.5064183033373315,0.0225401441162611,0.4721316580882378,0.5201533269112986,0.4960108754159422,0.5390518311231695,0.5047438251480092,0.5062397975458393,0.0182772365292755,0.4830363727109916,0.517962229622082,0.5048158341400976,0.5340133440733804,0.4913712071826446,0.5024268831129574,0.0126937836701333,0.4921710824717789,0.5033839604346241,0.4969837501735061,0.5265500411888218,0.4930455812960561,433.77028198242186,11.650191355127436,426.96441650390625,428.9770202636719,422.96923828125,455.9656677246094,433.9750671386719,1015.3996826171876,0.489858348756658,1015.9996337890624,1015.9996337890624,1015.0001831054688,1014.998779296875,1015.0001831054688,0.0037430667784065,0.0032619692013919,0.0029527558945119,0.0009842519648373,0.0009852217044681,0.0098522175103425,0.0039408868178725,0.0011818781495094,0.0003942828682211,0.0009842519648373,0.0009842519648373,0.0009852217044681,0.0019704434089362,0.0009852217044681,0.0275786440819501,0.0179414941237315,0.0305118113756179,0.0078740157186985,0.01576354727149,0.0600985251367092,0.0236453209072351,0.0041361856739968,0.0007364458071713,0.0039370078593492,0.0049212598241865,0.0049261087551712,0.0029556651134043,0.0039408868178725,0.0510158650577068,0.026206843373119,0.0679133832454681,0.0265748035162687,0.0256157647818326,0.0935960635542869,0.0413793101906776,0.0092572052031755,0.0013344254159862,0.0088582672178745,0.0108267720788717,0.0098522175103425,0.0068965516984462,0.0098522175103425
-775,0.3375972129404544,0.0024538672295587,0.3410669344787796,0.3397601529334982,0.3344981983924905,0.335793514115115,0.336867264782389,3.467999516427517,0.0017906698704967,3.4693168848752975,3.4682377949357033,3.464846776177486,3.4675681988398233,3.4700279273092747,0.6338529201845329,0.0042961319370719,0.6263809446245432,0.6319985420753559,0.6377203222364187,0.637838926166296,0.6353258658200502,0.4987989832336704,0.0037019535612164,0.4962407390897472,0.4955791967610518,0.5055142336835464,0.50007348600775,0.4965872606262564,0.3553342249244451,0.0031740187475247,0.3555660648271441,0.3568226601928472,0.3548854514956474,0.3595509491860866,0.3498459989205003,3.482573811709881,0.0025107898688033,3.48248639702797,3.4828068241477013,3.483836904168129,3.485668860375881,3.4780700728297234,0.6026693357154727,0.0053448491964138,0.6104946453124285,0.606255678460002,0.5951341912150383,0.6022223364561796,0.5992398271337152,0.4944977182894945,0.0006916948569599,0.4947898183017969,0.4943930758163333,0.4950048569589853,0.4950984483584761,0.4932023920118809,0.3513087248429656,0.0036003019744944,0.3476644866168499,0.3463585944846272,0.3551757968962192,0.3530020387843251,0.3543427074328065,3.4791742265224457,0.0023506368606127,3.475729361176491,3.4772671535611153,3.4821610152721405,3.4799064844846725,3.4808071181178093,0.6148238914087415,0.0132894609201442,0.6328740455210209,0.623191237449646,0.6115537732839584,0.6134637696668506,0.5930366311222315,0.4928799847140908,0.0013664034502195,0.490821024402976,0.4926289627328515,0.4922239622101187,0.4940436091274023,0.4946823650971055,5.6,1.743559577416269,3,5,8,7,5,0.5216588322203535,0.0192549274499831,0.4894021660705473,0.5423277496784139,0.5105137349131256,0.5317099305568197,0.5343405798828607,0.5215662446299727,0.0144028264218396,0.495056677896584,0.53801495684575,0.5208381073347599,0.528566733476825,0.5253547475959447,0.5181575557775835,0.010251975405089,0.4992939779830643,0.5286715964834008,0.5180156753969893,0.5190074462015761,0.5257990828228869,433.7701049804688,11.650443233799685,426.96441650390625,428.9745178222656,422.9698181152344,455.966064453125,433.9757080078125,1015.3995361328124,0.4900276492915651,1015.9992065429688,1016.0001831054688,1014.999267578125,1014.999267578125,1014.999755859375,0.0061058532912284,0.0035996115162211,0.0029527558945119,0.0098425196483731,0.0068965516984462,0.0098522175103425,0.0009852217044681,0.0009848338086158,0.0006231090983742,0.0009842519648373,0.0009842519648373,0.0009852217044681,0.0,0.0019704434089362,0.0258029175922274,0.0087766764288777,0.0295275598764419,0.0206692907959222,0.0295566506683826,0.0374384261667728,0.0118226604536175,0.0051212133839726,0.0011489586121679,0.0039370078593492,0.0059055117890238,0.0068965516984462,0.0039408868178725,0.0049261087551712,0.0443163577467203,0.012094027015056,0.048228345811367,0.0462598428130149,0.0423645339906215,0.0610837452113628,0.0236453209072351,0.0110300222411751,0.0011470717321915,0.0098425196483731,0.0127952750772237,0.0118226604536175,0.0108374385163187,0.0098522175103425
-750,0.3374689773966868,0.0039578946866397,0.3413979181398948,0.3413144427662094,0.3368471513191859,0.3372194052984317,0.3305659694597125,3.465756109853585,0.0073011403255843,3.4694777441521487,3.468461349606514,3.469805932293335,3.4698473575214543,3.451188165694475,0.6331016634901365,0.0068920818964483,0.6249272332837185,0.6286780176063379,0.6316817502180735,0.6350685432553291,0.6451527730872234,0.5018776401877403,0.0113519705826752,0.4956001974642277,0.4955791955192883,0.4971325956285,0.4965249570086598,0.5245512553180257,0.354156144708395,0.0043707475779537,0.3558320561423898,0.357680912129581,0.3531981380656361,0.3579663597047329,0.3461032574996352,3.4831943556666376,0.0023671541536727,3.4845107719302177,3.4828496798872948,3.4853475391864777,3.484516903758049,3.478746883571148,0.6085025135427713,0.0082993188105525,0.6150824893265963,0.5992832873016596,0.602361548691988,0.6045306324958801,0.6212546098977327,0.4938475901260972,0.0008019462405929,0.4942419594153762,0.4940214427188039,0.4926353543996811,0.4933471176773309,0.4949920764192939,0.3493336455896497,0.0041445336917398,0.3442971622571349,0.3445364739745855,0.3518866244703531,0.3514764932915568,0.354471473954618,3.4794985011219977,0.0025318911046731,3.4763800352811813,3.477741554379463,3.481570154428482,3.4785532131791115,3.483247548341751,0.6207393882796168,0.0154031748884346,0.6484296638518572,0.6221152860671282,0.617226880043745,0.6142399720847607,0.6016851393505931,0.4931718302890658,0.0012144691880677,0.4919235939159989,0.4932653978466987,0.4918119451031089,0.4937978191301226,0.4950603954493999,5.8,5.1146847410177685,3,3,3,4,16,0.5228156603265108,0.0221041506395257,0.4956143660671575,0.5507553237677212,0.4977750281256261,0.5351891878108245,0.5347443958612251,0.5182171033448578,0.020481821759826,0.4973763843715147,0.5442572774223574,0.492679933732847,0.5363276396466934,0.5204442815508767,0.5157927546264912,0.0157460396505033,0.4970055208688129,0.52798061074238,0.498310351495366,0.5362771138668119,0.5193901761590856,433.76976318359374,11.651257823516834,426.9654541015625,428.972900390625,422.9690246582031,455.9678039550781,433.9736328125,1015.3995971679688,0.4899287680869595,1015.9996337890624,1015.9996337890624,1015.0001831054688,1015.0006713867188,1014.9978637695312,0.0045293044764548,0.0045146861488944,0.0127952750772237,0.0009842519648373,0.0019704434089362,0.0009852217044681,0.0059113302268087,0.0009848338086158,4.750734557719872e-07,0.0009842519648373,0.0009842519648373,0.0009852217044681,0.0009852217044681,0.0009852217044681,0.0216673132032155,0.0081946287735375,0.0275590550154447,0.0108267720788717,0.0137931033968925,0.0236453209072351,0.0325123146176338,0.0047269308473914,0.0009636952594563,0.0059055117890238,0.0049212598241865,0.0049261087551712,0.0049261087551712,0.0029556651134043,0.0423515390604734,0.0117124544297067,0.0452755913138389,0.0206692907959222,0.0433497540652751,0.0463054217398166,0.0561576373875141,0.0102418452501297,0.0009998291059572,0.0108267720788717,0.0118110235780477,0.0098522175103425,0.0098522175103425,0.0088669955730438
-725,0.3382787779594461,0.0030360153998927,0.3406124009440343,0.3425439695517222,0.3349157180637121,0.3383790487423539,0.334942752495408,3.467968735098838,0.0017913840058406,3.4692125444610915,3.4681953924397626,3.467019277314345,3.4702975985904536,3.4651188626885414,0.6322127614170314,0.0055287320614387,0.6271197497844696,0.6264668063571056,0.6389283065994581,0.6297867236038049,0.6387622207403183,0.4981940039743979,0.0026827332598947,0.4971857986723383,0.4961357330903411,0.5003577026848992,0.4950646640112002,0.502226121413211,0.3534408811479806,0.0028077949968667,0.3542048698291182,0.3564329948276281,0.3545432584360242,0.3539154743775725,0.3481078082695603,3.483374033868313,0.0018194240855749,3.483842596411705,3.4849546402692795,3.4851088374853134,3.4828357249498367,3.4801283702254295,0.606087782792747,0.0061509550338074,0.6165125854313374,0.6070174649357796,0.5982541935518384,0.6018710220232606,0.6067836480215192,0.4933421889320016,0.0010360212357048,0.4936936423182487,0.4937630360946059,0.4941853489726782,0.4937694268301129,0.4912994904443621,0.3494630934670567,0.0045472381713356,0.3464174577966332,0.342952880077064,0.3557963892817497,0.3492820197716355,0.3528667204082012,3.4796145379543306,0.0022907387375719,3.4766880646348,3.479516305029392,3.4829760044813156,3.477670297026634,3.48122201859951,0.6175213864073157,0.0162648872921176,0.6418649777770042,0.630955521017313,0.6105092614889145,0.6058274460956454,0.5984497256577015,0.4929522525519133,0.000969168440239,0.4911232637241483,0.4938511494547128,0.493009022437036,0.4936705632135272,0.4931072639301419,4.8,2.7129319932501073,4,2,8,2,8,0.5107225967749175,0.0236849926616145,0.4649288961301713,0.5216508789835607,0.5122675449386148,0.5313128625544908,0.5234528012677495,0.5130744640909627,0.0146392949375756,0.4898977856827904,0.525480214048392,0.5065161473816373,0.5314169180483216,0.5120612552936722,0.5132643400992066,0.0173458099325322,0.4839584691873688,0.5304958766515613,0.5062540849426229,0.5304672886597053,0.5151459810547747,433.77021484375,11.651188027473047,426.9664611816406,428.97125244140625,422.9700317382813,455.9680480957031,433.9752807617187,1015.3994384765624,0.490107450126273,1015.9992065429688,1016.0001831054688,1014.999267578125,1014.999755859375,1014.998779296875,0.004925526631996,0.005250772956041,0.0019685039296746,0.0009842519648373,0.0147783253341913,0.0009852217044681,0.0059113302268087,0.0009848338086158,4.750734557719872e-07,0.0009842519648373,0.0009842519648373,0.0009852217044681,0.0009852217044681,0.0009852217044681,0.026787556707859,0.0060192004506341,0.033464565873146,0.0196850392967462,0.0285714287310838,0.0325123146176338,0.0197044350206851,0.0055151081643998,0.0007883270497953,0.0059055117890238,0.0049212598241865,0.0049261087551712,0.0049261087551712,0.0068965516984462,0.0423482410609722,0.0074255363266014,0.047244094312191,0.0354330688714981,0.0502463057637214,0.0472906418144702,0.0315270945429801,0.0090601607225835,0.0021022279159464,0.0108267720788717,0.0088582672178745,0.0059113302268087,0.007881773635745,0.0118226604536175
-700,0.3363112246617675,0.0021075232633568,0.3351819965367515,0.3392013885701696,0.3379557409013311,0.3331807237118482,0.3360362735887368,3.4635751416285836,0.0072722318371058,3.4506146920224032,3.467916466295719,3.4699033287664256,3.4605411204198995,3.468900100638469,0.635017195964853,0.0035905753948613,0.6354886374125878,0.6330112808694442,0.6294729604075352,0.640043593943119,0.6370695071915785,0.504812788652877,0.0110158475500576,0.524388845389088,0.4959992216899991,0.4962939418231447,0.5096388999372721,0.4977430344248811,0.3549287481233477,0.0035138330758337,0.3586836503818631,0.3522196663543582,0.359252268448472,0.3541399892419576,0.3503481661900878,3.4829988554120064,0.002060951559238,3.482615388929844,3.483589492738247,3.4865428507328033,3.48188029974699,3.4803662449121475,0.6014176970347762,0.0079184928392658,0.6064346907660365,0.6122139571234584,0.5941096572205424,0.5907539119943976,0.6035762680694461,0.4946111269295216,0.0017027722194874,0.4979916149750352,0.4941282784566283,0.4937694258987903,0.4934982405975461,0.4936680747196078,0.3511364692822099,0.0063804255325145,0.3478980828076601,0.3413849240168929,0.3596866074949503,0.3506169663742184,0.3560957657173276,3.4796061128377915,0.003400342110116,3.4745290279388428,3.47853647172451,3.4839298725128174,3.478222578763962,3.482812613248825,0.6121015200391412,0.018083464315043,0.6369874496012926,0.6302127130329609,0.6041857860982418,0.5967656895518303,0.5923559619113803,0.493543785251677,0.0006917814031002,0.4947816040366888,0.4934037327766418,0.4926624987274408,0.4932925421744585,0.4935785485431552,7.4,4.176122603564219,14,5,2,10,6,0.5244587037201947,0.0295176598069104,0.521691210393536,0.5480077228968597,0.4703358672064432,0.5535620367243146,0.5286966813798196,0.5189371260727393,0.0267342706976405,0.5311775892727908,0.5406348951443312,0.4682256627431784,0.5382932646895796,0.5163542185138168,0.5134747555703261,0.0202254263565417,0.5333605521257594,0.5267831127479086,0.4766426691673458,0.5226951479590182,0.5078922958515985,433.7703186035157,11.651758279126918,426.9674987792969,428.9731140136719,422.966796875,455.96868896484375,433.9754943847656,1015.3995239257812,0.4900377911353162,1015.9992065429688,1016.0001831054688,1015.0001831054688,1014.999267578125,1014.998779296875,0.0072879254817962,0.0061874301679826,0.0078740157186985,0.0059055117890238,0.0187192130833864,0.0029556651134043,0.0009852217044681,0.0011816842015832,0.0003934100433233,0.0019685039296746,0.0009842519648373,0.0009852217044681,0.0009852217044681,0.0009852217044681,0.0220577169209718,0.0096154258805672,0.0354330688714981,0.0216535441577434,0.0295566506683826,0.0088669955730438,0.0147783253341913,0.0053182577714324,0.0010051161149603,0.0039370078593492,0.0059055117890238,0.0049261087551712,0.0049261087551712,0.0068965516984462,0.0411648117005825,0.0151080416439098,0.0551181100308895,0.033464565873146,0.0630541890859603,0.0246305428445339,0.0295566506683826,0.0100449945777654,0.0011457037342062,0.0098425196483731,0.0118110235780477,0.0088669955730438,0.0088669955730438,0.0108374385163187
-675,0.3401836089168985,0.007365860677919,0.354227011402448,0.3396335234865546,0.3384263229866822,0.3352654625972112,0.3333657241115967,3.466613858689864,0.0031890642411803,3.4684086367487907,3.467526823282242,3.469619176040093,3.4670318104326725,3.460482846945524,0.6259987592115066,0.0180447568104279,0.5909479238907807,0.6315640527755022,0.6291288460294405,0.6367858542750279,0.6415671190867821,0.500291759086152,0.0057450088723322,0.4957262060294549,0.4968077754601836,0.4965872609366973,0.5012068593253692,0.5111306936790546,0.3549335381016135,0.0034371354919214,0.3572522737085819,0.3549654288217425,0.3550297664478421,0.3587444499135017,0.3486757716163993,3.482891042530537,0.0020307743862823,3.482373058795929,3.483081743121147,3.486228883266449,3.4829093515872955,3.479862175881862,0.6016950072720647,0.0085182593663662,0.6095524160191417,0.5951213240623474,0.6027607601135969,0.5892518237233162,0.6117887124419212,0.4933862911537289,0.0008033644596613,0.4933599019423127,0.4942227825522423,0.4932530671358108,0.4941154960542917,0.4919802080839872,0.3508280018344522,0.0044760081872742,0.3501057447865605,0.342483676970005,0.3546128431335091,0.352533346042037,0.354404398240149,3.479406885802746,0.00277152566326,3.4757609963417053,3.4779690206050873,3.482387453317642,3.478013962507248,3.4829029962420464,0.612687935680151,0.0105642285608237,0.6292105372995138,0.6163503732532263,0.6152880247682333,0.5996731333434582,0.6029176097363234,0.4923850923776626,0.0005546309811434,0.4917720183730125,0.4927860172465443,0.4918131912127137,0.4923487259075045,0.4932055091485381,5.0,3.286335345030997,1,5,2,7,10,0.5282834717105894,0.0189305458939099,0.5020523261853654,0.5593202320206606,0.5174360981345482,0.5328138899352958,0.529794812277077,0.5217325481540483,0.0151247867449058,0.5151304790044302,0.5504526223255549,0.5065030931857792,0.521427025536245,0.5151495207182327,0.5181643865045747,0.0103873272890167,0.5125078379072873,0.5380565825743147,0.510415292629619,0.5110031580811991,0.5188390613304533,433.7706115722656,11.65213579715144,426.9640197753906,428.9725036621094,422.9712219238281,455.97064208984375,433.97467041015625,1015.3991333007812,0.4899331456918046,1015.9996337890624,1015.9987182617188,1014.999755859375,1014.999267578125,1014.998291015625,0.0027574570849537,0.0013056999704098,0.0009842519648373,0.0049212598241865,0.0019704434089362,0.0029556651134043,0.0029556651134043,0.0011818781495094,0.0003942828682211,0.0009842519648373,0.0009842519648373,0.0009852217044681,0.0009852217044681,0.0019704434089362,0.0137865094467997,0.0041270459009465,0.0206692907959222,0.0127952750772237,0.0128078823909163,0.0147783253341913,0.007881773635745,0.0047267368528991,0.0013046477762252,0.0049212598241865,0.0068897637538611,0.0049261087551712,0.0029556651134043,0.0039408868178725,0.0289542689919471,0.0075945826392399,0.034448817372322,0.0226377956569194,0.0197044350206851,0.040394090116024,0.027586206793785,0.009257205016911,0.0013347113431989,0.0098425196483731,0.0098425196483731,0.0108374385163187,0.0088669955730438,0.0068965516984462
-650,0.3327130485946933,0.0051796395572743,0.3360891230404377,0.3260225703318913,0.3374766080329816,0.337196225921313,0.3267807156468431,3.4506261256833866,0.0192422907023104,3.4545176153381667,3.420137867331505,3.4698029110829034,3.470326332996289,3.4383459016680717,0.6398218574623267,0.0083323572906881,0.6341124592969815,0.6511789131909609,0.6320115067064762,0.6330858916044235,0.6487205165127913,0.524195769429207,0.0281136668305267,0.517456297762692,0.568239651620388,0.4962512381995718,0.4956211987882852,0.5434104607750972,0.3560713561251759,0.0022828288705462,0.3582989238202572,0.3559149336069822,0.3569719195365906,0.3574000597000122,0.3517709439620375,3.4822608083486557,0.0027042374703924,3.4847569316625595,3.4800196066498756,3.484362155199051,3.484092593193054,3.4780727550387383,0.6001732531934977,0.0096246956944543,0.6045621009543538,0.598561579361558,0.5821693101897836,0.608575670979917,0.6069976044818759,0.4957160729914903,0.0021728572828802,0.497120969928801,0.498835782520473,0.4926166357472539,0.4942040648311376,0.4958029119297862,0.3525527618825436,0.00427870608132,0.3539077639579773,0.3451147265732288,0.3542834371328354,0.3514191461727023,0.358038735575974,3.4782124787569044,0.0020544900328327,3.4763312861323357,3.475452207028866,3.480238229036331,3.478419877588749,3.4806207939982414,0.609010747820139,0.0107618196041306,0.6193414516746998,0.6164065953344107,0.5992283020168543,0.6170888226479292,0.5929885674268007,0.4952729353681206,0.0028176186755492,0.4942278107628226,0.4959791358560323,0.4926952458918094,0.4930430129170418,0.5004194714128971,13.4,9.604165762834375,11,27,3,4,22,0.5294168000137712,0.0124347473948541,0.5115207656633431,0.5357404849818557,0.5207116495922848,0.5314472352383312,0.5476638645930412,0.5268583886692876,0.0144725666853309,0.52914552447488,0.5348065561343295,0.4993807033144848,0.529347756424803,0.5416114029979409,0.5239448049054278,0.0160031919436825,0.524968298992533,0.5361086723686641,0.4954453180298486,0.5215496933340826,0.5416520418020109,433.76703491210935,11.652639387036489,426.9621887207031,428.9694213867187,422.9656066894531,455.9680480957031,433.9699096679687,1015.39873046875,0.4892663561290121,1015.9987182617188,1015.9971923828124,1015.0001831054688,1015.0001831054688,1014.9973754882812,0.0120156320277601,0.0082054503385505,0.0137795275077223,0.0068897637538611,0.0009852217044681,0.0128078823909163,0.0256157647818326,0.0011820720974355,0.0009653558503591,0.0009842519648373,0.0,0.0009852217044681,0.0009852217044681,0.0029556651134043,0.0435268223285675,0.018811100707199,0.0757874026894569,0.0255905501544475,0.0246305428445339,0.0413793101906776,0.0502463057637214,0.0061070170253515,0.0025247924304423,0.0039370078593492,0.0029527558945119,0.0059113302268087,0.007881773635745,0.0098522175103425,0.0667646721005439,0.025666250785698,0.1131889745593071,0.0561023615300655,0.0384236462414264,0.0532019734382629,0.0729064047336578,0.0106370974332094,0.0035482335948138,0.0108267720788717,0.0059055117890238,0.0088669955730438,0.0108374385163187,0.0167487692087888
-625,0.3364160746646424,0.0059510899350342,0.3408443969674408,0.3400054375330607,0.3374520139768719,0.3390491005654136,0.3247294242804249,3.461412822206815,0.0156977649639343,3.4695354575912156,3.4680067350467048,3.4695297293365,3.469946968058745,3.43004522100091,0.6342109657203158,0.0092267569869564,0.6253137743721405,0.6320387329906225,0.6316542414327463,0.6300146390373508,0.6520334407687187,0.5083674753084779,0.0242672656226076,0.4960454280177752,0.4956779036050041,0.4965662586813171,0.4966509643321236,0.5568968219061693,0.3542594136670232,0.0026048053969133,0.3551348280161619,0.3536587143316865,0.3546101730316877,0.3579765167087316,0.3499168362468481,3.482285480201244,0.0019711690844831,3.481745757162571,3.4842390790581703,3.483927965164185,3.4827511981129646,3.4787634015083313,0.5983771851286293,0.009237510116024,0.6026882957667112,0.6054295673966408,0.5951974671334028,0.5817406075075269,0.6068299878388643,0.4936257062479853,0.0006674944688288,0.4937817547470331,0.494450144469738,0.4933283999562263,0.4940593373030424,0.4925088947638869,0.3511107839643955,0.006155343254702,0.3460519444197416,0.342723005451262,0.353556765243411,0.3529365453869104,0.3602856593206525,3.4781944409012793,0.0020130007186013,3.4748807922005653,3.4787806943058968,3.480328820645809,3.4770408645272255,3.4799410328269005,0.6062422895804047,0.0181928787164211,0.6290858220309019,0.622336046770215,0.6088701542466879,0.5867503490298986,0.5841690758243203,0.4940961128100752,0.0027649063678901,0.4912492679432034,0.4930005967617035,0.4928540028631687,0.4940485898405313,0.4993281066417694,7.4,8.822698000045111,3,4,3,2,25,0.5343076644278304,0.0116928484793274,0.5187484183717557,0.5457568837642706,0.5455489600064286,0.5396483351385384,0.5218357248581592,0.5286743867193019,0.0103728594334112,0.5097402216345686,0.5359505329600691,0.5278212752353526,0.5300542897585591,0.5398056140079605,0.521678223954931,0.01361758451374,0.4998898519262234,0.5276454582205997,0.5152893636200552,0.5247398264772869,0.5408266195304898,433.7683410644531,11.651083431844398,426.96441650390625,428.970458984375,422.9693908691406,455.9667053222656,433.9707336425781,1015.3994140625,0.4907277849982686,1016.0001831054688,1016.0006713867188,1015.0001831054688,1015.0001831054688,1014.995849609375,0.0082725651096552,0.0050835348255412,0.0039370078593492,0.0127952750772237,0.0029556651134043,0.0059113302268087,0.01576354727149,0.0011818781495094,0.0003942828682211,0.0009842519648373,0.0009842519648373,0.0009852217044681,0.0009852217044681,0.0019704434089362,0.0224556848406791,0.0142836288471241,0.0127952750772237,0.0246062986552715,0.01576354727149,0.0098522175103425,0.0492610856890678,0.0053182577714324,0.0013369936365953,0.0049212598241865,0.0049212598241865,0.0039408868178725,0.0049261087551712,0.007881773635745,0.0458958160132169,0.0173255735129666,0.0393700785934925,0.0393700785934925,0.0305418726056814,0.040394090116024,0.0798029601573944,0.0106363216415047,0.0007387909090343,0.0098425196483731,0.0108267720788717,0.0108374385163187,0.0098522175103425,0.0118226604536175
-600,0.3356611256798109,0.0031295546691329,0.3371791612977783,0.3388891347373525,0.3384297291437785,0.3314878965417544,0.3323197066783905,3.461428388953209,0.0062460563851133,3.4579028921822705,3.4675856543083987,3.470106193174918,3.4541201889514923,3.4574270161489644,0.6354410881797472,0.0052718875520338,0.6320545660952727,0.6334628108888865,0.6286155159274737,0.6426962011804184,0.6403763468066851,0.5081930267934999,0.0103144963101147,0.5137663645048937,0.4963877474268277,0.4951374695325891,0.519428327990075,0.5162452245131135,0.3557049866765737,0.0036722910409724,0.3538416605442762,0.3569278512150049,0.3605171544477343,0.3575308276340365,0.3497074395418167,3.482047313451767,0.0022559698365914,3.481401100754738,3.48344886302948,3.4839389473199844,3.483550801873207,3.4778968542814255,0.6037944801151752,0.0097025165759194,0.6081866603344679,0.6066151270642877,0.5855947099626064,0.6041958620771766,0.6143800411373377,0.4942659754306078,0.0011595091443785,0.4948596758767962,0.494336468167603,0.493265395052731,0.4960631439462304,0.4928051941096782,0.3534928487613797,0.0048879716794273,0.3477691980078816,0.3497536545619368,0.3600869458168745,0.3513830294832587,0.3584714159369468,3.4788160368800165,0.0020782323174291,3.474903456866741,3.478950396180153,3.4804834350943565,3.479077436029911,3.48066546022892,0.6113132078200578,0.0123987854706883,0.6313781216740608,0.6136445850133896,0.5988312419503927,0.6151783727109432,0.597533717751503,0.4957535428926348,0.0023111913700348,0.4980966234579682,0.4935480011627078,0.4928817683830857,0.4956427440047264,0.4985985774546861,8.2,4.069397989875161,10,5,2,13,11,0.527054563520562,0.0130909007072746,0.5206339357062505,0.5296620313775063,0.505677438772597,0.53549167916421,0.543807732582246,0.5272781149626724,0.0134347756853091,0.5340447490047164,0.5389651345750317,0.5013798210735152,0.5277095944266122,0.5342912757334869,0.5236851434274536,0.0121399792783862,0.5294039644339039,0.5313865159871676,0.500984802023487,0.5217482362916256,0.5349021984010838,433.7695068359375,11.651026304500531,426.96197509765625,428.9761962890625,422.9683837890625,455.9665222167969,433.9744567871094,1015.3984619140624,0.4894849217370066,1015.9971923828124,1015.9987182617188,1014.999755859375,1014.998779296875,1014.9978637695312,0.0066956285852938,0.004956212797358,0.015748031437397,0.0039370078593492,0.0009852217044681,0.0068965516984462,0.0059113302268087,0.0005907451268285,0.0004823415062316,0.0009842519648373,0.0009842519648373,0.0009852217044681,0.0,0.0,0.0326932627707719,0.0154753639540587,0.0620078742504119,0.0196850392967462,0.0246305428445339,0.0344827584922313,0.0226600989699363,0.0057117646094411,0.0016939597800121,0.0059055117890238,0.0068897637538611,0.0049261087551712,0.0029556651134043,0.007881773635745,0.0577085852622985,0.0217074055101796,0.096456691622734,0.03248031437397,0.0532019734382629,0.0620689690113067,0.0443349778652191,0.0108325902372598,0.0016437268447339,0.0108267720788717,0.0137795275077223,0.0088669955730438,0.0098522175103425,0.0108374385163187
-575,0.3375270826742053,0.0036762032393174,0.3412584916998942,0.3417508983984589,0.3339875986178716,0.3379202686871091,0.3327181559676925,3.4656774858633677,0.0042712112928047,3.4693612195551395,3.468368006249269,3.4616722303132215,3.4695703523854413,3.459415620813767,0.6325053997337818,0.0061363374539608,0.6244034556051096,0.6278421431779861,0.6374211255460978,0.631638778373599,0.6412214959661166,0.5021612994372845,0.0066319670851926,0.4973328085616231,0.4958417133117715,0.5097250053659081,0.4971332966039578,0.5107736733431617,0.3534062229096889,0.0037658873231579,0.353527314029634,0.3591264132410288,0.3538992153480649,0.353228211402893,0.347249960526824,3.4825312942266464,0.0023500576930255,3.4835747852921486,3.482777401804924,3.4846870973706245,3.4836265295743942,3.4779906570911407,0.6065668882802129,0.007723331062689,0.6067914199084044,0.5988454520702362,0.6079718600958586,0.599171387962997,0.6200543213635683,0.493930591084063,0.0015690130549143,0.4944560816511512,0.4930640570819378,0.4967744471505284,0.4928558701649308,0.492502499371767,0.3502988843247294,0.0029084415979383,0.3471634639427066,0.3483436228707433,0.354513555765152,0.3484462453052401,0.3530275337398052,3.4790848404169084,0.0019704015461184,3.476350300014019,3.478764332830906,3.482001170516014,3.4778662994503975,3.480442099273205,0.6152977377176285,0.0076794915922931,0.6252020299434662,0.6155248135328293,0.6218331512063742,0.6042144419625401,0.6097142519429326,0.4934470886364579,0.0011876658821041,0.4913122737780213,0.4929873580113053,0.4942993652075529,0.4941770872101187,0.4944593589752912,5.8,3.487119154832538,3,3,9,3,11,0.5351472181568928,0.0149822610310495,0.5063890482051547,0.5464300274444098,0.5365537220818117,0.5474784052977618,0.5388848877553263,0.5299082152065435,0.0104533596409667,0.5117546916167457,0.541548329053789,0.5365209839988108,0.5341937013419817,0.5255233700213907,0.5216500013088329,0.0080376177013393,0.506098174611693,0.5252829582195229,0.5290473229703221,0.5226827209049084,0.5251388298377176,433.7702026367187,11.6524128656227,426.96441650390625,428.9698486328125,422.9693908691406,455.9700012207031,433.9773559570313,1015.39931640625,0.4899830521236312,1015.9996337890624,1015.9992065429688,1014.999267578125,1015.0001831054688,1014.998291015625,0.0045304681640118,0.0022122325966846,0.0039370078593492,0.0039370078593492,0.0068965516984462,0.0009852217044681,0.0068965516984462,0.0011816842015832,0.0003934100433233,0.0009842519648373,0.0019685039296746,0.0009852217044681,0.0009852217044681,0.0009852217044681,0.0194980803877115,0.0068876567062154,0.0206692907959222,0.0265748035162687,0.0246305428445339,0.0068965516984462,0.0187192130833864,0.0055149142164736,0.0017170386216594,0.0049212598241865,0.0068897637538611,0.007881773635745,0.0049261087551712,0.0029556651134043,0.0413620501756668,0.005803359327921,0.048228345811367,0.0393700785934925,0.0472906418144702,0.0325123146176338,0.0394088700413703,0.0098483381792902,0.0012462268899881,0.0098425196483731,0.0098425196483731,0.0118226604536175,0.0098522175103425,0.007881773635745
-550,0.3357925874491532,0.004212671121451,0.3375048184146483,0.341932063922286,0.3348792754113674,0.3289172717680533,0.3357295077294111,3.4609425293902563,0.0096118489671852,3.460695861528317,3.468385111540556,3.465338991334041,3.442497925211986,3.467794757336378,0.6358830330272516,0.0061669214575184,0.6336127010484537,0.6264277206112941,0.6371517951289812,0.6455451132108768,0.636677835136652,0.5091179244220256,0.0145139682004254,0.5116095254197717,0.495568696099023,0.5037277188772956,0.5360389901325107,0.4986446915815274,0.3535063022747636,0.0020011804982959,0.3551021814346313,0.3536928510293364,0.3556511141359806,0.3531442694365978,0.3499410953372717,3.4816470220685005,0.0024766841430857,3.482219822704792,3.4839210733771324,3.484557807445526,3.479015737771988,3.478520669043064,0.6024304680526257,0.007607476752928,0.6085428521037102,0.6111664138734341,0.5970539571717381,0.5905557218939066,0.6048333952203393,0.4959370432421565,0.0023936863946909,0.5000826176255941,0.494241957552731,0.4969136985018849,0.4951623687520623,0.4932845737785101,0.3515805138275027,0.0054208716766427,0.3540212279185653,0.3427296513691544,0.356961733661592,0.3480238895863294,0.3561660666018724,3.4783764481544495,0.0026579095628187,3.475845880806446,3.478785492479801,3.481779418885708,3.4748765230178833,3.480594925582409,0.6088591909036041,0.0121211271579738,0.6164867058396339,0.6271972060203552,0.6080413050949574,0.5996968122199178,0.5928739253431559,0.4932049591094255,0.0005390486229317,0.4940780634060502,0.4926348989829421,0.4931652890518307,0.493479061871767,0.4926674822345376,8.6,5.642694391866353,8,2,8,19,6,0.5257726995176533,0.0070123596702493,0.5157980267813554,0.5223274667303773,0.5292861590185474,0.5367711264753202,0.5246807185826663,0.5229787166748144,0.0044267887329241,0.5236005296440566,0.5273927171130302,0.5238089354919558,0.5255328587923311,0.5145585423326986,0.519078264714122,0.0030206264781185,0.5173933963060875,0.5242022307647602,0.5194383133952083,0.5193212041559635,0.5150361789485904,433.7700256347656,11.650481845156456,426.9666748046875,428.972900390625,422.9693908691406,455.96630859375,433.974853515625,1015.3989624023436,0.4904964712985243,1015.9987182617188,1016.0006713867188,1014.998779296875,1014.998779296875,1014.9978637695312,0.007485357671976,0.006611636214331,0.0098425196483731,0.0019685039296746,0.0187192130833864,0.0068965516984462,0.0,0.0005907451268285,0.0004823415062316,0.0009842519648373,0.0009842519648373,0.0009852217044681,0.0,0.0,0.0204854354262352,0.0065484008193877,0.0226377956569194,0.0137795275077223,0.0305418726056814,0.0226600989699363,0.0128078823909163,0.0051214073784649,0.0009664659047941,0.0039370078593492,0.0049212598241865,0.0068965516984462,0.0049261087551712,0.0049261087551712,0.0374250426888465,0.0113227404036123,0.0383858270943164,0.0295275598764419,0.0561576373875141,0.040394090116024,0.0226600989699363,0.0106365155428648,0.0011516237575559,0.0098425196483731,0.0098425196483731,0.0098522175103425,0.0108374385163187,0.0128078823909163
-525,0.3344359959165255,0.0033175213886079,0.3328107545773188,0.3399769573782881,0.3363782567903399,0.3321217124660809,0.3308922983705997,3.457195437202851,0.0103715326819021,3.4426397904753685,3.4680668401221433,3.469509953012069,3.455954475949208,3.449806126455466,0.6385261107236146,0.0043012832659857,0.6386252703766028,0.632316076507171,0.6353395363936821,0.6426479114840428,0.6437017588565747,0.5142857960114877,0.0153910214297053,0.5350953272233406,0.4965452579781413,0.4971437944720189,0.5166435490051905,0.5260010513787469,0.3552073024213314,0.0021854577730781,0.3570559099316597,0.3552026515826583,0.3579114759340882,0.3541182391345501,0.3517482355237007,3.482060165703297,0.0028503402395547,3.4808027148246765,3.4834902733564377,3.4867870658636093,3.480761341750622,3.478459432721138,0.6004150420427322,0.0036415186112728,0.6002354491502047,0.6019128998741508,0.5956703424453735,0.5979065857827663,0.6063499329611659,0.4947511991485953,0.0019415320034514,0.4970716647803783,0.4934293013066053,0.4929631603881717,0.4971716497093439,0.4931202195584774,0.3511299308389425,0.0053521061167823,0.3457768624648452,0.3465120894834399,0.3573335222899914,0.3481317609548569,0.3578954190015793,3.4782205924391745,0.0025337942577423,3.475064478814602,3.4789747446775436,3.482443280518055,3.47628989815712,3.478330560028553,0.6124863229691982,0.0147909213155145,0.6386026907712221,0.6125876437872648,0.6102017611265182,0.6082710605114698,0.5927684586495161,0.494587305560708,0.0028292825088607,0.4949158355593681,0.493637029081583,0.4917514333501458,0.4927810402587056,0.4998511895537376,10.6,5.238320341483519,17,4,5,12,15,0.528921062045073,0.0120268049141696,0.536565596971856,0.5277685874627353,0.5072020688183936,0.5426911777789122,0.5303778791934683,0.5301241267865955,0.0160828678130452,0.548429189454974,0.5361081890755506,0.5002831083112079,0.5300268592983258,0.5357732877929196,0.5255231040012516,0.0151379256362048,0.5407582432153064,0.5301387931077202,0.4972765144748457,0.524277838131298,0.5351641310770877,433.768603515625,11.65127840874919,426.9625854492187,428.9726867675781,422.9690246582031,455.9669494628906,433.9717712402344,1015.3984375,0.4901051795603075,1015.9971923828124,1016.0001831054688,1015.0001831054688,1014.998779296875,1014.995849609375,0.0120115590747445,0.0085881870460929,0.0265748035162687,0.0147637799382209,0.0009852217044681,0.0108374385163187,0.0068965516984462,0.0009850277565419,0.0006231090380063,0.0,0.0009842519648373,0.0009852217044681,0.0009852217044681,0.0019704434089362,0.0344664677977561,0.012753481909987,0.0570866130292415,0.0255905501544475,0.0285714287310838,0.0216748770326375,0.0394088700413703,0.0047275125980377,0.0013076888402903,0.0029527558945119,0.0049212598241865,0.0049261087551712,0.0068965516984462,0.0039408868178725,0.057314109057188,0.0153821676626299,0.0866141766309738,0.0442913398146629,0.0541871935129165,0.0453201979398727,0.0561576373875141,0.0098483379930257,0.0022466560516437,0.0098425196483731,0.0098425196483731,0.0068965516984462,0.0137931033968925,0.0088669955730438
-500,0.3345920358474056,0.0045613834185813,0.3418644865353902,0.3290016036480665,0.3314521793896953,0.3374385333930452,0.3332033762708306,3.4565801240503786,0.0140986715780522,3.4695808986822763,3.432103560616573,3.4512151231368384,3.470251760135094,3.4597492776811123,0.637464780608813,0.0078363720555026,0.6251832402000824,0.6475397112468878,0.6408225453148285,0.6322650269915661,0.6415133792907,0.5157039475937684,0.0191135676075669,0.4965242575854063,0.5472677098587155,0.525359807536006,0.4967342708259821,0.5126336921627322,0.3544967446476221,0.0016788068900882,0.3532911166548729,0.3557712715119123,0.3558955648913979,0.3557604094967246,0.3517653606832027,3.4815933600068094,0.0032532924330072,3.485305666923523,3.4774087369441986,3.4839483126997948,3.483326859772206,3.4779772236943245,0.6039557369425893,0.010124390413481,0.6175054600462317,0.5973930889740586,0.5919490326195955,0.5984314437955618,0.6144996592774987,0.4960842346772551,0.0028304154762599,0.4944811891764402,0.5013048052787781,0.4967689709737897,0.4944373639300465,0.4934288440272212,0.3512395134195685,0.0064868450029824,0.3426265064626932,0.3449941668659448,0.3572439774870872,0.3523529795929789,0.3589799366891384,3.478540064394474,0.0027671198052923,3.4770861119031906,3.4740895852446556,3.481869086623192,3.478836491703987,3.480819046497345,0.6141771093010903,0.0183503906545892,0.6493203975260258,0.6152264401316643,0.6046712659299374,0.600099103525281,0.6015683393925428,0.4947454031556845,0.0025613195658612,0.4904366061091423,0.497630481608212,0.4960029628127813,0.4933592788875103,0.4962976863607764,10.2,6.554387843269576,3,21,13,4,10,0.5259687811584669,0.010875304236951,0.5104617082157779,0.5334933155277055,0.5243356555194366,0.5418530676620098,0.5197001588674046,0.524520154775631,0.0068031082409471,0.511478773749928,0.5301334154162629,0.5263649870797659,0.5296393657308454,0.5249842319013522,0.5217548502567253,0.0121017305952489,0.501358418094866,0.5389147143553914,0.5261275610945882,0.5201822825010232,0.5221912752377578,433.7696899414062,11.651788997542871,426.96380615234375,428.972900390625,422.9685974121094,455.9684753417969,433.97467041015625,1015.3989379882812,0.4898932959704262,1015.9996337890624,1015.9982299804688,1014.999267578125,1014.999267578125,1014.998291015625,0.0049247509334236,0.0022475022260823,0.0039370078593492,0.0029527558945119,0.0029556651134043,0.0059113302268087,0.0088669955730438,0.0007877894677221,0.0007366505423584,0.0019685039296746,0.0,0.0,0.0009852217044681,0.0009852217044681,0.0242263682186603,0.0071698911975277,0.033464565873146,0.017716534435749,0.0246305428445339,0.0147783253341913,0.0305418726056814,0.0063027035444974,0.0014724221105931,0.0049212598241865,0.0088582672178745,0.0059113302268087,0.0049261087551712,0.0068965516984462,0.0433328811079263,0.0081486779863121,0.0462598428130149,0.0393700785934925,0.0453201979398727,0.0305418726056814,0.0551724135875701,0.0120154378935694,0.0029506748389992,0.0098425196483731,0.0118110235780477,0.0147783253341913,0.007881773635745,0.01576354727149
-475,0.3326048440610369,0.0070120238500754,0.3292362028732896,0.3416540548205375,0.3381901827330391,0.3215890430534879,0.3323547368248303,3.448810676733653,0.0208362941514943,3.4282450874646506,3.469426759829124,3.4696570448577404,3.4200608941415944,3.4566635973751545,0.6390115446721515,0.0108644707578103,0.6426805071532726,0.6246970994397998,0.6298826051255068,0.6557166576385498,0.6420808540036281,0.5272878686587015,0.0312366455937182,0.5581212049971024,0.4965137569233775,0.4960314265141884,0.5704300900300344,0.5153428648288051,0.3530465560033917,0.0040300978799129,0.3534817174077034,0.3575226878747344,0.3561648773029446,0.3521157428622246,0.3459477545693517,3.481184597313404,0.0026999588165273,3.4800701290369034,3.481151305139065,3.486290894448757,3.4784002006053925,3.4800104573369026,0.6053613094612956,0.0104196375103348,0.6148506365716457,0.5905632264912128,0.6020894106477499,0.6000003544613719,0.6193029191344976,0.4954289929941297,0.003009590212557,0.4993777070194483,0.493001053109765,0.4929439844563603,0.4988403413444757,0.4929818790405988,0.3496003335341811,0.0038911660454306,0.3452660627663135,0.3457228112965822,0.3558390028774738,0.3498737402260303,0.3513000505045056,3.47840863764286,0.0026521384621159,3.4763767048716545,3.47735608369112,3.482271231710911,3.4753075540065765,3.48073161393404,0.6152277380228043,0.0161560654264734,0.6457317341119051,0.6078844591975212,0.614851750433445,0.5983144398778677,0.6093563064932823,0.4941796714439988,0.0015104118258224,0.4942104639485478,0.4929056335240602,0.4923789817839861,0.4947250774130225,0.4966782005503773,12.6,10.05186549850325,21,2,2,27,11,0.5189355672072186,0.0217354278885237,0.5416640218939671,0.5341542045296541,0.4940745195233046,0.4910587621744106,0.5337263279147564,0.5189291835479882,0.0195985346252464,0.5461515029473145,0.5227905766316763,0.4946988979426976,0.4988598096132632,0.5321451306049898,0.5161656195569508,0.0172267096572057,0.5316811683290217,0.5228446160627732,0.4943650497704846,0.4969539805038045,0.5349832831186704,433.7693420410157,11.651526435992803,426.9625854492187,428.972900390625,422.9693908691406,455.9678039550781,433.9740295410156,1015.3987548828125,0.490043962438176,1015.9982299804688,1015.9996337890624,1015.0006713867188,1014.9978637695312,1014.9973754882812,0.0035448585636913,0.0028250105209573,0.0088582672178745,0.0009842519648373,0.0019704434089362,0.0019704434089362,0.0039408868178725,0.0011816842015832,0.0007369098893146,0.0019685039296746,0.0009842519648373,0.0009852217044681,0.0,0.0019704434089362,0.0167415928095579,0.0069868445444254,0.0285433065146207,0.0078740157186985,0.0137931033968925,0.0137931033968925,0.0197044350206851,0.0047269308008253,0.001446894157461,0.0059055117890238,0.0049212598241865,0.0049261087551712,0.0019704434089362,0.0059113302268087,0.0370266865938901,0.0165199964145734,0.0669291317462921,0.0226377956569194,0.0236453209072351,0.0295566506683826,0.0423645339906215,0.0102416510693728,0.0026107011837348,0.0137795275077223,0.0098425196483731,0.0098522175103425,0.0059113302268087,0.0118226604536175
-450,0.3368648356447617,0.0027497019456045,0.3419672229016821,0.3343763674298922,0.3372455469022195,0.336056225001812,0.3346788159882028,3.465102622409662,0.0068154710502328,3.469588698198398,3.452054933955272,3.4697598069906235,3.4695622784396014,3.464547394464413,0.6341433714454372,0.0061627937284179,0.623214484192431,0.640238955616951,0.6322589876751105,0.6356063180913528,0.6393981116513411,0.5030189934497078,0.0092846399372684,0.4973706100136041,0.5209383262942234,0.4960405261566241,0.4976058245326082,0.5031396802514791,0.3527791783213615,0.0029463722852182,0.3535777572542429,0.3517633872106671,0.3579798843711614,0.3513530390337109,0.3492218237370252,3.4818460538983347,0.0027859249217198,3.483160600066185,3.4785341396927834,3.4863349571824074,3.4817952662706375,3.4794053062796593,0.6075819808989763,0.0090333081257579,0.6088267676532269,0.597847843542695,0.6019026516005397,0.6052040318027139,0.6241286098957062,0.4947499180212616,0.0012778359322159,0.4939963314682245,0.495842631906271,0.4933914039283991,0.4938388243317604,0.4966803984716534,0.3487685164436698,0.0071321833150774,0.3424724265933037,0.3398528462275862,0.3567346753552556,0.347621557302773,0.3571610767394304,3.4784323811531066,0.0031469879143689,3.47483928501606,3.4754042625427246,3.482338063418865,3.47772902995348,3.481851264834404,0.6195050025358796,0.0111364067132728,0.639806754887104,0.6214736253023148,0.6171142999082804,0.6101754941046238,0.6089548384770751,0.4945532113313675,0.0028458509416729,0.4913876019418239,0.4967050524428487,0.492534002289176,0.4931400110945105,0.4989993888884783,6.0,3.3466401061363023,3,12,3,5,7,0.5219557310418672,0.0251573462476237,0.4813655220448131,0.5448586553988851,0.5133520618197914,0.5520233988626038,0.5181790170832421,0.5212249983568185,0.0139721839911816,0.5016484614515448,0.5338855108955162,0.5089207980676673,0.5377805548680028,0.5238896665013607,0.5146386859284591,0.010800217108022,0.4985744022533655,0.5237160541718225,0.5050890013527022,0.5256307313573756,0.5201832405070297,433.7701904296875,11.651888577321047,426.9652404785156,428.9710388183594,422.9698181152344,455.9693603515625,433.9754943847656,1015.3993041992188,0.4891711745008408,1015.9996337890624,1015.9971923828124,1015.0006713867188,1014.999755859375,1014.999267578125,0.0068930609151721,0.0047021776435866,0.0118110235780477,0.0059055117890238,0.0029556651134043,0.0009852217044681,0.0128078823909163,0.0009850277565419,0.0006231090380063,0.0009842519648373,0.0,0.0009852217044681,0.0009852217044681,0.0019704434089362,0.0193037506192922,0.009022300408342,0.0206692907959222,0.0127952750772237,0.0206896550953388,0.007881773635745,0.0344827584922313,0.0045306622050702,0.0016011787910433,0.0049212598241865,0.0019685039296746,0.0049261087551712,0.0039408868178725,0.0068965516984462,0.0419564798474311,0.0121785140256134,0.0413385815918445,0.0295275598764419,0.0541871935129165,0.027586206793785,0.0571428574621677,0.0100459641776978,0.002282999856304,0.0098425196483731,0.0068897637538611,0.0088669955730438,0.0108374385163187,0.0137931033968925
-425,0.3367077262451251,0.0034727712725978,0.3405979645128051,0.3391653774306178,0.3310278992479046,0.3381962083900968,0.3345511816442013,3.4650008069972196,0.0060291790956899,3.468717029939095,3.4670611595114074,3.45337729776899,3.4703222264846167,3.4655263212819896,0.6342274691909552,0.0056600101033254,0.6269245514025291,0.631767055640618,0.6430656891316175,0.631354587773482,0.6380254620065292,0.5037656617661317,0.0101914657045553,0.4981413604691624,0.4988239019488295,0.5237014045317968,0.4957682083671291,0.5023934335137407,0.3538241054862737,0.0036146291111544,0.3552372949197888,0.352045307867229,0.356949757784605,0.3572704624384641,0.3476177044212818,3.482277685403824,0.0020495711779574,3.4827848970890045,3.481442704796791,3.484947018325329,3.483363278210163,3.4788505285978317,0.600854929536581,0.0072946722512925,0.6056644525378942,0.6053582224994898,0.5922688404098153,0.5918699344620109,0.609113197773695,0.4951882090419531,0.0009642811225666,0.4942985726520419,0.4963521426543593,0.4961827611550689,0.4939584387466311,0.4951491300016641,0.3502096517011523,0.006234099793767,0.3421197226271033,0.3436630796641111,0.3570293886587024,0.3520019371062517,0.356234130449593,3.4791076838970185,0.0027367712215031,3.475166715681553,3.478380650281906,3.4820495769381523,3.477599523961544,3.482341952621937,0.6134948907420039,0.0195421859641096,0.6477085780352354,0.6199855990707874,0.609370993450284,0.5975183518603444,0.5928909312933683,0.4938483133912086,0.0013488518917056,0.492011709138751,0.4930567545816302,0.4949343837797642,0.4934512944892049,0.4957874249666929,6.6,3.4985711369071804,4,6,13,3,7,0.5255816267533614,0.0133254710969104,0.5137324341005869,0.5240222713459398,0.5132872755135501,0.5499120867122451,0.5269540660944855,0.5177844424334023,0.0091926655883749,0.5099917042573885,0.5259212731514675,0.5070436968094311,0.5309257503564492,0.5150397875922749,0.512440674126064,0.0088673863395767,0.4995049317634545,0.5147867636181808,0.5077178445218203,0.5264519903771303,0.5137418403497339,433.7696350097656,11.651105861062428,426.9664611816406,428.9708862304687,422.9683837890625,455.9669494628906,433.9754943847656,1015.3994262695312,0.4899185035405852,1016.0001831054688,1015.9987182617188,1014.999755859375,1015.0001831054688,1014.998291015625,0.0053178697824478,0.0013351068030475,0.0049212598241865,0.0068897637538611,0.0068965516984462,0.0039408868178725,0.0039408868178725,0.000787595519796,0.0007365986620096,0.0019685039296746,0.0009842519648373,0.0,0.0009852217044681,0.0,0.0256062604486942,0.0041355181648406,0.0275590550154447,0.0206692907959222,0.0325123146176338,0.0246305428445339,0.0226600989699363,0.0037419030442833,0.0016934623673478,0.0039370078593492,0.0059055117890238,0.0009852217044681,0.0049261087551712,0.0029556651134043,0.0519997291266918,0.0111009816546507,0.0590551197528839,0.0423228330910205,0.0689655169844627,0.0512315295636653,0.0384236462414264,0.008863116428256,0.0017593867250249,0.0078740157186985,0.0118110235780477,0.007881773635745,0.0098522175103425,0.0068965516984462
-400,0.3358874517182509,0.0033023092329705,0.3368949890136719,0.3400437949846188,0.3382035347943504,0.3333509527146816,0.3309439870839317,3.461384099970261,0.0067270324413448,3.4573473731676736,3.4686614349484444,3.4694632552564144,3.459443679700295,3.452004756778478,0.6350885493680836,0.0059577923504281,0.6340020578354597,0.6293248999863863,0.6283006084462007,0.6404931026821336,0.6433220778902372,0.5076243096962572,0.0107702619701527,0.5140519837538401,0.4968602775285641,0.4948952539513508,0.5085685287291805,0.52374550451835,0.3542096622288227,0.0040658989003641,0.3523138258606195,0.3546294849365949,0.3604714069515466,0.3555735349655151,0.3480600584298372,3.481184881925583,0.0026411399418974,3.4797353222966194,3.4832522720098495,3.4853280186653137,3.4788479283452034,3.4787608683109283,0.6035743543878198,0.0109317302631707,0.6118430411443114,0.6063145846128464,0.5886324131861329,0.5934860408306122,0.6175956921651959,0.4954391291365027,0.0017562411109465,0.4979843096807599,0.4944245796650648,0.4937945390120148,0.4971091011539101,0.4938831161707639,0.3514010084792971,0.0060147982092417,0.3476436967030167,0.3444811115041375,0.3598698442801833,0.3477761894464493,0.3572342004626989,3.478220449388027,0.0030554567377575,3.4746580123901367,3.478101633489132,3.4819110110402107,3.475025676190853,3.4814059138298035,0.6119498776271939,0.0122832011770834,0.6312850844115019,0.621060723438859,0.601569652557373,0.6065632831305265,0.5992706445977092,0.4947797432541847,0.0022752630603512,0.4964279271662235,0.4928869139403105,0.4918434461578727,0.4946521110832691,0.4980883179232478,7.6,4.223742416388575,9,4,2,9,14,0.5343772547527283,0.0260034460035624,0.515108131873947,0.5555909523236701,0.4947440647446562,0.5650234763808978,0.5414196484404703,0.5301444290275563,0.0203155084923015,0.529987080812127,0.5399550450136481,0.4912531484782024,0.5484623598297822,0.5410645110040221,0.5250267889105295,0.0166620818343598,0.524349982377904,0.5301656485101308,0.4939904279934143,0.5335754677447555,0.5430524179264428,433.76978759765626,11.65051169084892,426.96484375,428.9770202636719,422.968017578125,455.966064453125,433.9729919433594,1015.3983642578124,0.4903622272844753,1015.9982299804688,1015.9996337890624,1014.999267578125,1014.9978637695312,1014.996826171875,0.0035446647088974,0.0032699626847573,0.0098425196483731,0.0009842519648373,0.0009852217044681,0.0029556651134043,0.0029556651134043,0.0009846398606896,0.0006224957813585,0.0019685039296746,0.0009842519648373,0.0009852217044681,0.0,0.0009852217044681,0.0244243830442428,0.0107030959697817,0.0374015755951404,0.0088582672178745,0.0266009867191314,0.01576354727149,0.0334975384175777,0.0051210194360464,0.0013064912158401,0.0059055117890238,0.0049212598241865,0.0049261087551712,0.0029556651134043,0.0068965516984462,0.0470776937901973,0.0175116499860478,0.063976377248764,0.016732282936573,0.0561576373875141,0.0384236462414264,0.0600985251367092,0.010439665056765,0.0017200662605983,0.0088582672178745,0.0098425196483731,0.0098522175103425,0.0098522175103425,0.0137931033968925
-375,0.337563268840313,0.0038383008438548,0.3431897188226382,0.3396575792382161,0.3324330551549792,0.3382611252988378,0.3342748656868934,3.465813773870468,0.0049587569069858,3.469700150191784,3.467645812779665,3.456714302301407,3.470330068220695,3.46467853585879,0.632462038906912,0.0063610959674356,0.6230460368096828,0.6306920818363627,0.640057168280085,0.6294412910938263,0.6390736165146033,0.5013104636843007,0.0076390341863725,0.496051725000143,0.4977318346500397,0.5151335516323646,0.4939284914483626,0.5037067156905929,0.3550532910972833,0.0012240105178423,0.357129780575633,0.3542893668636679,0.354088619351387,0.3557750321924686,0.3539836565032601,3.48274037539959,0.0025409663866596,3.4840841069817543,3.4816382005810738,3.48185246437788,3.4868228659033775,3.479304239153862,0.6020853305235505,0.0060367209912325,0.6057434752583504,0.6002413118258119,0.5955872628837824,0.5969362054020166,0.6119183972477913,0.4942671600729227,0.0010734925604861,0.4942734595388174,0.4953130250796675,0.4955842206254601,0.4928307579830289,0.4933343371376395,0.350224014557898,0.0067286776878283,0.3443363243713975,0.3429858330637216,0.3529208656400442,0.3492069877684116,0.3616700619459152,3.478943572938442,0.0027131546366237,3.4750823825597763,3.477205015718937,3.4791195765137672,3.480217531323433,3.4830933585762978,0.6158286986872554,0.0149930955505694,0.6421520877629519,0.6194366170093417,0.6130393017083406,0.6068350952118635,0.5976803917437792,0.4947799673303962,0.0019805478603869,0.4922568751499057,0.494329615496099,0.4960029618814587,0.4934173040091991,0.4978930801153183,5.6,3.4985711369071804,2,5,11,2,8,0.5293731072109829,0.0185230125880721,0.5067787065747481,0.5255913226069029,0.5432530516122807,0.5570684916477335,0.5141739636132492,0.522297601935055,0.0076228763695078,0.5134003396297364,0.5244770458595475,0.5348873051569798,0.5232916611280324,0.5154316579009788,0.5166176842485873,0.0101660907092179,0.5021695730040326,0.5167135675724571,0.531130933151152,0.5235136532354112,0.5095606942798836,433.7700988769531,11.649609774198218,426.9656677246094,428.97515869140625,422.96923828125,455.964111328125,433.976318359375,1015.3989501953124,0.4902820983394063,1015.9992065429688,1015.9996337890624,1014.9978637695312,1014.999755859375,1014.998291015625,0.0037434546742588,0.0036014140583348,0.0009842519648373,0.0009842519648373,0.0059113302268087,0.0009852217044681,0.0098522175103425,0.0009848338086158,0.0006231090983742,0.0009842519648373,0.0009842519648373,0.0,0.0009852217044681,0.0019704434089362,0.0212743883952498,0.0102700587419132,0.0236220471560955,0.0088582672178745,0.0266009867191314,0.0108374385163187,0.0364532023668289,0.0049243630841374,0.0006243380823858,0.0049212598241865,0.0039370078593492,0.0049261087551712,0.0049261087551712,0.0059113302268087,0.0464890819042921,0.0151453984148889,0.049212597310543,0.0187007877975702,0.0541871935129165,0.0463054217398166,0.064039409160614,0.0104390833526849,0.0007855721616097,0.0098425196483731,0.0118110235780477,0.0098522175103425,0.0098522175103425,0.0108374385163187
-350,0.3360252529382705,0.0060705879941771,0.3427877786258856,0.340425212867558,0.3383274640267094,0.3327002193157871,0.3258855898554126,3.4596870767573513,0.0133927105138825,3.4696853508551917,3.4678321219980717,3.4698554115990796,3.456169536958138,3.4348929623762765,0.634759084880352,0.0094215179519605,0.6240844832112392,0.6304982074846824,0.6284715210398039,0.6405239285280308,0.650217284138004,0.5101468494782846,0.0200058443633223,0.4959089172383149,0.4961462322001655,0.4965977609778444,0.5145217111955086,0.547559625779589,0.3529341638088226,0.0036017200832944,0.3568012453615665,0.3522551031783223,0.3560473034158349,0.3529381472617388,0.3466290198266506,3.481766867637634,0.0023145330809129,3.483981281518936,3.4824317395687103,3.4837560579180717,3.4810106828808784,3.4776545763015747,0.6008631434291601,0.0053651241138917,0.6013941671699286,0.6046602167189121,0.5920437555760145,0.598561504855752,0.6076560728251934,0.4944698698818683,0.0011212815378943,0.4939205469563603,0.49364341981709,0.4932653969153762,0.4962708726525306,0.4952491130679846,0.3484539749100804,0.0047473928312568,0.3459877027198672,0.3427040800452232,0.3550996026024222,0.3454877622425556,0.3529907269403338,3.4781164914369582,0.001601264391635,3.476117417216301,3.478620044887066,3.4804371520876884,3.4765113443136215,3.4788964986801147,0.6131365023553371,0.0120067468897773,0.6322215516120195,0.6178147196769714,0.6055121645331383,0.6136204581707716,0.5965136177837849,0.493586128950119,0.0022042171095128,0.4924591286107898,0.4924714555963874,0.4914654232561588,0.4937965739518404,0.4977380633354187,8.2,7.35934779718964,3,3,2,12,21,0.5310338571867741,0.0277963704622383,0.5107308476461168,0.5570478592000567,0.4930617264987005,0.5673135866832666,0.5270152659057297,0.5276948851933911,0.0232683614832303,0.5119880507666619,0.5367295816472308,0.4910274879584783,0.5562602008847405,0.5424691047098442,0.520591538412196,0.0206071846114302,0.5058307987088022,0.5277411793072349,0.4882006096968579,0.539006658028259,0.5421784463198253,433.7684326171875,11.651305883497464,426.9625854492187,428.9718627929687,422.9683837890625,455.9665222167969,433.9728088378906,1015.39873046875,0.4906368281524063,1015.9996337890624,1015.9996337890624,1015.0001831054688,1014.9973754882812,1014.996826171875,0.0078782825265079,0.0061639425510509,0.016732282936573,0.0009842519648373,0.0009852217044681,0.0118226604536175,0.0088669955730438,0.0007877894677221,0.0003938949726037,0.0009842519648373,0.0009842519648373,0.0009852217044681,0.0009852217044681,0.0,0.0226500140503048,0.0100774940026899,0.0374015755951404,0.0137795275077223,0.0098522175103425,0.0226600989699363,0.0295566506683826,0.0059093906544148,0.0008833779135729,0.0049212598241865,0.0049212598241865,0.0059113302268087,0.0068965516984462,0.0068965516984462,0.0397899623960256,0.0109832926246954,0.0462598428130149,0.0196850392967462,0.0394088700413703,0.0413793101906776,0.052216749638319,0.01083375364542,0.0020692106723536,0.0098425196483731,0.0088582672178745,0.0098522175103425,0.0108374385163187,0.0147783253341913
-325,0.3317917790263891,0.0014750421471221,0.3332295455038547,0.3321729976062973,0.3333255220204592,0.330704264032344,0.3295265659689903,3.448218509554863,0.0068737842367621,3.441354718059302,3.4416940100491047,3.459972083568573,3.450917512178421,3.447154223918915,0.6416061108931899,0.0026962076518914,0.6368130141248306,0.6420527479300896,0.6409750441089272,0.6436542570590973,0.6445354912430048,0.5266575487951438,0.0092238106171882,0.5368216382339597,0.534395985926191,0.5111733994757136,0.5223244096462926,0.528572310693562,0.353060932084918,0.0025293844701419,0.3550682328641414,0.3543027639389038,0.3536390475928783,0.3542099371552467,0.3480846788734197,3.479517090320587,0.0007372025175674,3.478515610098839,3.479342244565487,3.480707511305809,3.479144938290119,3.479875147342682,0.5988804059103131,0.0125345926130402,0.6001333314925432,0.602854186668992,0.5870102709159255,0.5848059765994549,0.61959826387465,0.4977612407878041,0.0018198551959646,0.4999630032107234,0.4997297096997499,0.4970958633348346,0.4968000184744596,0.495217609219253,0.3509646605700254,0.0032373090429243,0.349251938983798,0.3460246371105313,0.3545790184289217,0.3505623806267977,0.3544053277000785,3.4778243243694305,0.0023743266531054,3.474102921783924,3.477768622338772,3.4786162674427032,3.4771660417318344,3.481467768549919,0.6056771686300635,0.0116761842362175,0.6216059643775225,0.613351471722126,0.5982763804495335,0.5880100363865495,0.6071419902145863,0.4964848555624485,0.0019403269422792,0.4949651416391134,0.4961375622078776,0.4974810620769858,0.4941795784980058,0.4996609333902597,14.4,2.33238075793812,16,16,10,14,16,0.5322895973826484,0.0073341762105448,0.5195050095595068,0.5304024981341965,0.5385019919193308,0.5402320736408579,0.5328064136593499,0.5303304751325635,0.005630797928291,0.5298740558019303,0.5348032472484816,0.5196717265661713,0.5348018438108532,0.5325015022353811,0.5282042160393223,0.0025356285695829,0.5294502747985076,0.5297610628481855,0.5232283328230338,0.5285660335293888,0.5300153761974961,433.76868896484376,11.652686011773588,426.9646301269531,428.9678039550781,422.9690246582031,455.97021484375,433.9717712402344,1015.3976806640624,0.4899232075934216,1015.9971923828124,1015.9982299804688,1014.9978637695312,1014.998291015625,1014.996826171875,0.0072859857697039,0.0051924912763716,0.0068897637538611,0.016732282936573,0.0068965516984462,0.0009852217044681,0.0049261087551712,0.0007877894677221,0.0007371688898919,0.0009842519648373,0.0009842519648373,0.0,0.0,0.0019704434089362,0.0295421048998832,0.0108711992472716,0.031496062874794,0.0423228330910205,0.0285714287310838,0.0098522175103425,0.0354679822921752,0.0047267368528991,0.0019089770518755,0.0059055117890238,0.0059055117890238,0.0049261087551712,0.0009852217044681,0.0059113302268087,0.0606603696942329,0.0167934480073821,0.06496062874794,0.0836614146828651,0.0551724135875701,0.0325123146176338,0.0669950768351554,0.0114239169284701,0.0031510420955179,0.0088582672178745,0.0147637799382209,0.0118226604536175,0.0068965516984462,0.0147783253341913
-300,0.3375145444025596,0.002352512297731,0.3335106462861101,0.3403739823649327,0.3382339052235086,0.3389221150428056,0.3365320730954408,3.4638188498715565,0.0108252893117747,3.442215589185556,3.4682812777658305,3.469982322305441,3.470042613645395,3.4685724464555583,0.6328990019857883,0.0041244595128232,0.6386614702641964,0.6302662671854099,0.6285413863758246,0.6299649973710378,0.637060888732473,0.5046163551509381,0.0173667283228276,0.539259895371894,0.4950898659105102,0.4952228739857673,0.495136767004927,0.4983723734815915,0.353830786794424,0.0027245144179865,0.3536788681522012,0.3562288442626595,0.3550372021272778,0.3555632401257753,0.3486457793042063,3.4821784436702727,0.0025596391876868,3.4784407392144203,3.4836761951446533,3.4844868406653404,3.484512135386467,3.479776307940483,0.5973322685807944,0.0102585298027181,0.6028029192239046,0.5845608478412032,0.5853126337751746,0.6059826891869307,0.6080022528767586,0.4939347006380558,0.0010597344363658,0.4955025017261505,0.494871998205781,0.4932402838021517,0.4933096803724766,0.4927490390837192,0.34877475425601,0.0041910575831253,0.345702227205038,0.3427859367802739,0.3520555133000016,0.3489221017807722,0.3544079922139644,3.4783864259719848,0.0030775509277802,3.473020225763321,3.4786424338817596,3.480421058833599,3.4777303859591484,3.4821180254220963,0.6108623508363962,0.0115708960411892,0.6304086279124022,0.6066293129697442,0.6026914324611425,0.6167034786194563,0.5978789022192359,0.4939669996500015,0.0014482222224353,0.4964078376069665,0.4931010380387306,0.4921294581145048,0.4936693198978901,0.4945273445919156,5.6,4.923413450036469,15,3,2,2,6,0.513993495872916,0.0221539789731131,0.5041618049707429,0.5501337983224487,0.4870936257354558,0.5270842904227362,0.501493959913197,0.511496801177389,0.0210926056146644,0.5270220767071543,0.5431116979067581,0.4830863907541483,0.5012950292977755,0.5029688112211089,0.5095675983837472,0.0171254880069648,0.5241739328636542,0.5347671500609685,0.490292596996706,0.4950733859340233,0.5035309260633836,433.77000732421874,11.652409597694188,426.9630126953125,428.9716796875,422.9690246582031,455.96978759765625,433.9765319824219,1015.3993408203124,0.4901876456189818,1015.9992065429688,1016.0001831054688,1015.0001831054688,1014.999267578125,1014.9978637695312,0.0037409332580864,0.0050337896837434,0.0137795275077223,0.0009842519648373,0.0009852217044681,0.0009852217044681,0.0019704434089362,0.0007879834156483,0.000393991886837,0.0009842519648373,0.0,0.0009852217044681,0.0009852217044681,0.0009852217044681,0.0198902298696339,0.0140200976026728,0.0462598428130149,0.0108267720788717,0.0059113302268087,0.0167487692087888,0.0197044350206851,0.0047271247953176,0.0003931249695969,0.0049212598241865,0.0049212598241865,0.0039408868178725,0.0049261087551712,0.0049261087551712,0.039390055462718,0.0214289854943362,0.0748031511902809,0.0206692907959222,0.01576354727149,0.0502463057637214,0.0354679822921752,0.0102418448776006,0.0014706882352155,0.0098425196483731,0.0127952750772237,0.0108374385163187,0.0088669955730438,0.0088669955730438
-275,0.3367112709830204,0.000824075546136,0.3365981339787443,0.3366904792686303,0.3374061314389109,0.3376017271851499,0.3352598830436666,3.4631760182480016,0.0065052084939651,3.4525805190205574,3.458833958953619,3.469405418882767,3.468899251272281,3.466160943110784,0.634915383780996,0.0024960363931559,0.6343279170493284,0.6380605014661948,0.6312309919546047,0.6336478268106779,0.6373096816241741,0.5049983007833362,0.009616255917042,0.5224189190194011,0.5079279902080694,0.496482253074646,0.4971122946590185,0.5010500469555458,0.3536095600575208,0.0035333281425324,0.3563498072326183,0.3526566121727228,0.3556161010637879,0.3563376888632774,0.3470875909551978,3.481791986525059,0.0027917804483189,3.480252966284752,3.4784134328365326,3.4855194613337517,3.484687551856041,3.4800865203142166,0.6002687519416213,0.0062382164275294,0.5988704115152359,0.5931837484240532,0.5967159634456038,0.6009310949593782,0.6116425413638353,0.4946124970912933,0.0016138548443486,0.4966488983482122,0.4963210960850119,0.4932466801255941,0.4942168463021517,0.4926289645954966,0.3504665857180953,0.0043683457462927,0.3519112206995487,0.342059233225882,0.3547882148995995,0.3512984970584512,0.352275762706995,3.4793382406234743,0.0029727718111836,3.4751212373375893,3.4767250046133995,3.4820471331477165,3.4800307229161263,3.482767105102539,0.6093120882287621,0.003536780915704,0.6122888773679733,0.613402720540762,0.6097580874338746,0.6076199468225241,0.6034908089786768,0.4937592120841145,0.0016446126096031,0.4954627780243754,0.4953623386099934,0.4911806602030992,0.4926409609615803,0.4941493226215243,6.6,2.727636339397171,11,8,3,5,6,0.5199247951887236,0.0172870312877796,0.5105460441853321,0.5205194409641148,0.503553671546094,0.552769207849861,0.5122356113982156,0.5188737343301444,0.0122241781405943,0.5244962292868439,0.527983870092132,0.4966017482131394,0.5299947155673785,0.5152921084912281,0.5135449408950696,0.0093753460810823,0.5220426303208536,0.5205769698963923,0.4980796488259371,0.5197836159739945,0.5072418394581707,433.76903076171874,11.651587548442572,426.9634094238281,428.9700317382813,422.9690246582031,455.9674072265625,433.9752807617187,1015.39873046875,0.4892655505636322,1015.9987182617188,1015.9971923828124,1015.0001831054688,1014.998779296875,1014.998779296875,0.0049228114075958,0.0031116196367706,0.0098425196483731,0.0068897637538611,0.0029556651134043,0.0039408868178725,0.0009852217044681,0.0005909390747547,0.0004824998640075,0.0009842519648373,0.0,0.0009852217044681,0.0009852217044681,0.0,0.0214652262628078,0.0108745249073012,0.0403543300926685,0.0236220471560955,0.0206896550953388,0.0147783253341913,0.007881773635745,0.0047271247953176,0.0013055842868916,0.0068897637538611,0.0029527558945119,0.0049261087551712,0.0049261087551712,0.0039408868178725,0.046870757266879,0.0189578329685906,0.080708660185337,0.050196848809719,0.0453201979398727,0.0305418726056814,0.027586206793785,0.0084694156423211,0.0007859556905557,0.0098425196483731,0.0078740157186985,0.0088669955730438,0.007881773635745,0.007881773635745
-250,0.3350151838113864,0.0029730921876274,0.3392522955934207,0.3357524791111548,0.3345483619098862,0.3299934876461823,0.335529294796288,3.4602944823602835,0.0077189209343229,3.465012333045403,3.456198820223411,3.4651513087252774,3.4470602720975876,3.4680496777097383,0.636871346582969,0.0038636198829176,0.6303786253556609,0.6373299788683653,0.6371815564731756,0.6425434813524286,0.6369230908652147,0.5095914351443451,0.0107281545176423,0.5033286934097608,0.5131468251347542,0.5028876656045517,0.5290343401332697,0.4995596514393886,0.3527003517374396,0.0028193936976904,0.3569626417011022,0.3507813299074769,0.3545793723315,0.3522400502115488,0.3489383645355701,3.4802930161356924,0.0024610098566042,3.481218010187149,3.4774934351444244,3.484494186937809,3.479914978146553,3.4783444702625275,0.6036869721487165,0.0043854525031566,0.6068392042070627,0.6083644730970263,0.5998598737642169,0.5971201229840517,0.6062511866912246,0.4952311247587204,0.0026231125390613,0.4959243526682257,0.499389118514955,0.4933658391237259,0.4958234531804919,0.4916528603062033,0.3509580817073583,0.0047928803259616,0.3561173938214779,0.342635728418827,0.3530231602489948,0.3488508313894272,0.3541632946580648,3.4777673900127413,0.0023612666888549,3.4752491638064384,3.475645825266838,3.480763666331768,3.4767578691244125,3.4804204255342484,0.6110172040760518,0.0093401096503024,0.615588953718543,0.6205134876072407,0.6192358061671257,0.6020204499363899,0.5977273229509592,0.4956316772848367,0.0022779172671312,0.4950098777189851,0.4986641118302941,0.4920034492388367,0.4973488366231322,0.4951321110129356,8.6,3.3823069050575527,6,9,7,15,6,0.5245199426760406,0.0219962284851101,0.5068345337658678,0.5278552030047183,0.5145104193177897,0.5658406890786747,0.5075588682131527,0.5200555711667915,0.0216340326358977,0.5125775923462343,0.5215721171003196,0.5022932940236676,0.560943544278676,0.5028913080850596,0.5181732541689994,0.0164872996980807,0.5065621034570471,0.5186061210741976,0.5148160737352835,0.5489701016705112,0.5019118709079576,433.77015380859376,11.650556237699195,426.9656677246094,428.9681701660156,422.97222900390625,455.9665222167969,433.9781799316406,1015.3986450195312,0.4895354050314759,1015.9992065429688,1015.9971923828124,1015.0001831054688,1014.9973754882812,1014.999267578125,0.0055135566275566,0.0033278153843467,0.0108267720788717,0.0078740157186985,0.0019704434089362,0.0039408868178725,0.0029556651134043,0.0011816842015832,0.0003934100433233,0.0009842519648373,0.0019685039296746,0.0009852217044681,0.0009852217044681,0.0009852217044681,0.021860284358263,0.0079765005903413,0.0236220471560955,0.0354330688714981,0.0137931033968925,0.0226600989699363,0.0137931033968925,0.0053176759276539,0.0015985533596642,0.0049212598241865,0.0078740157186985,0.0049261087551712,0.0029556651134043,0.0059113302268087,0.0466737136244773,0.0172330492917266,0.0757874026894569,0.0551181100308895,0.027586206793785,0.0413793101906776,0.0334975384175777,0.0096507119014859,0.0021897021063738,0.0088582672178745,0.0137795275077223,0.0098522175103425,0.007881773635745,0.007881773635745
-225,0.3373431626086434,0.0043539021072901,0.3431689354280631,0.3385432694728176,0.3381579800819357,0.3371644873792926,0.3296811406811078,3.4643766644100347,0.0085062845249595,3.469705613950888,3.4645825574795404,3.4702747824291387,3.469458336631457,3.4478620315591493,0.6325708463788032,0.0078924805025138,0.6206194528688987,0.6350775752216578,0.6284915587554375,0.6341247751067082,0.6445408699413141,0.5034561018149059,0.0115833605182908,0.4961042301729321,0.5026314488301674,0.495054862772425,0.4974595156187812,0.5260304516802231,0.3533014927059412,0.0036796265033751,0.3558212798088789,0.3496724180877208,0.3580842921510339,0.3545107366517186,0.3484187368303537,3.4814883172512054,0.0026467730969677,3.482156880199909,3.4829375743865967,3.482872262597084,3.4832326620817184,3.476242206990719,0.6018043192103505,0.0093409198406942,0.6089776791632175,0.6141279935836792,0.5878224913030863,0.5957125285640359,0.6023809034377337,0.494240590184927,0.0010673108199596,0.4927303176373243,0.4947642544284463,0.4940716633573174,0.4937128154560923,0.4959239000454545,0.3483672885224223,0.0059792946859876,0.3442938588559627,0.3393237143754959,0.3555418225005269,0.3489667782559991,0.3537102686241269,3.4776623994112015,0.0016596851200364,3.474733643233776,3.4792240634560585,3.479307748377323,3.4774508848786354,3.4775956571102142,0.6149764968082309,0.01899977584703,0.6428954340517521,0.6318183150142431,0.6046525659039617,0.6023576781153679,0.5931584909558296,0.4937516236677766,0.0021727129206672,0.4912428800016641,0.4935361323878169,0.4926952449604869,0.4935205252841115,0.4977633357048034,5.8,4.833218389437828,2,6,2,4,15,0.5388877110738385,0.019712541304862,0.5194059859269919,0.5517069139957326,0.5107504124554669,0.5572443101403491,0.5553309328506517,0.5289809338764943,0.0162800429692216,0.5220560764664703,0.5423559519376489,0.5005765176796674,0.5349307010422385,0.5449854222564459,0.5229783315135192,0.008778630719518,0.5170012442947132,0.5310595043181129,0.5091285088221783,0.5254239488082585,0.5322784513243337,433.769287109375,11.65202096970937,426.9666748046875,428.970458984375,422.9683837890625,455.9693603515625,433.9715576171875,1015.3992309570312,0.4904523144678555,1016.0001831054688,1015.9996337890624,1014.999755859375,1014.999755859375,1014.996826171875,0.0043334240093827,0.0033898093683378,0.0019685039296746,0.0059055117890238,0.0,0.0098522175103425,0.0039408868178725,0.0005909390747547,0.0004824998640075,0.0009842519648373,0.0,0.0,0.0009852217044681,0.0009852217044681,0.0206832557916641,0.0052536176423646,0.0108267720788717,0.0216535441577434,0.0216748770326375,0.0266009867191314,0.0226600989699363,0.0055149141699075,0.001181170016749,0.0068897637538611,0.0049212598241865,0.0039408868178725,0.0049261087551712,0.0068965516984462,0.0399854559451341,0.0069008320250775,0.0275590550154447,0.0462598428130149,0.0374384261667728,0.0443349778652191,0.0443349778652191,0.0116213494911789,0.0020111453865977,0.0108267720788717,0.0108267720788717,0.0088669955730438,0.0128078823909163,0.0147783253341913
-200,0.3347705115253727,0.0032091388247095,0.3358783014118671,0.3286690122137467,0.3373774789894621,0.3372663455083966,0.3346614195033908,3.4579277331630385,0.014662475468962,3.4541181238989034,3.4308979933460555,3.4694799284140267,3.4698484366138778,3.465294183542331,0.6370221324265003,0.0052537932535862,0.6351314329852661,0.6469317357987165,0.6332368180155754,0.6323610804975033,0.6374495948354403,0.5123403707519174,0.0194645564128672,0.5179876325031122,0.5480825621634722,0.4967657725016276,0.4972908074657122,0.5015750791256627,0.353553164191544,0.0026751027038955,0.3536668810993433,0.3512217616662383,0.3566593173891306,0.356294022873044,0.349923837929964,3.4800885573029516,0.0033852513239269,3.480203300714493,3.4754534885287285,3.483501099050045,3.4840734526515007,3.477211445569992,0.5983984654769301,0.0089292381404311,0.6121189352124929,0.6008559744805098,0.5843519903719425,0.5957850199192762,0.5988804074004292,0.4956432972103357,0.0033325324942347,0.4985518027096987,0.5006816126406193,0.492880979552865,0.4924965631216764,0.4936055280268192,0.3509518168866634,0.0050257661805714,0.3480267692357301,0.342390414327383,0.3550126506015658,0.3542299699038267,0.3550992803648114,3.477212706208229,0.0029792832100446,3.4729492366313934,3.474319100379944,3.480195455253124,3.4796324521303177,3.478967286646366,0.6059728898108006,0.0152294251174024,0.6309897974133492,0.615342260338366,0.5992025481536984,0.5952380858361721,0.589091757312417,0.4944013131782412,0.0017604792270212,0.4967119032517075,0.4959741150960326,0.4919694559648633,0.4930770071223378,0.494274084456265,8.8,5.5641710972974225,10,19,4,4,7,0.5252646529667272,0.0189387769054184,0.5103237850579649,0.5448070113368167,0.505222603489084,0.5512518954162378,0.5147179695335325,0.5184940151848549,0.0148696313250666,0.5205341991386139,0.529819679351711,0.4935633362068851,0.5362071734372051,0.5123456877898594,0.515169854175769,0.0112346771093211,0.5246958522121685,0.5207873713239329,0.4949619975699429,0.5243204637369501,0.5110835860358501,433.7700622558594,11.65228050468614,426.9642028808594,428.9718627929687,422.9683837890625,455.9695434570313,433.976318359375,1015.3990356445312,0.4894402708540954,1015.9992065429688,1015.9977416992188,1015.0006713867188,1014.999267578125,1014.998291015625,0.0043316783849149,0.0034986891641709,0.0098425196483731,0.0068897637538611,0.0009852217044681,0.0009852217044681,0.0029556651134043,0.0007879834156483,0.000393991886837,0.0009842519648373,0.0,0.0009852217044681,0.0009852217044681,0.0009852217044681,0.0183148443698883,0.0081022753055016,0.033464565873146,0.0187007877975702,0.0098522175103425,0.0137931033968925,0.01576354727149,0.0049243630841374,0.0006243380823858,0.0049212598241865,0.0039370078593492,0.0049261087551712,0.0049261087551712,0.0059113302268087,0.0401749361306428,0.0174256784921095,0.0718503966927528,0.0403543300926685,0.0246305428445339,0.0236453209072351,0.040394090116024,0.0102422328665852,0.0010034898041203,0.0088582672178745,0.0118110235780477,0.0098522175103425,0.0108374385163187,0.0098522175103425
-175,0.3365952745079995,0.0042331819479504,0.3419282843048374,0.3356995206947128,0.3366529429331422,0.3293353139112393,0.3393603106960654,3.462974374989669,0.0089964622111054,3.469282165169716,3.4577416479587555,3.4697467163205147,3.4476301533480487,3.470471192151308,0.6331417839353283,0.0067684072431149,0.6231761683399478,0.637024133776625,0.6335306117932001,0.6429999247193336,0.6289780810475349,0.503921350153784,0.0120935749091248,0.4945312282070517,0.5083081113795439,0.4963667454818884,0.5258197343597809,0.4945809313406547,0.3538773346692324,0.0023922185770187,0.3569861855357885,0.3527633193880319,0.3550001019611954,0.3499115398153662,0.3547255266457796,3.4812213689088822,0.0022144109906019,3.4833338409662247,3.480492129921913,3.4842817708849907,3.478622227907181,3.4793768748641014,0.597265538200736,0.0076183091094004,0.6007256153970957,0.604051262140274,0.5824826909229159,0.6008282825350761,0.5982398400083184,0.4943817552179098,0.0012280097888378,0.4944432973861694,0.4955394817516207,0.4926422042772174,0.4958736710250377,0.4934101216495037,0.3503836289048195,0.0055426440509779,0.3486244929954409,0.3444823604077101,0.3519619172438979,0.3465436287224293,0.3603057451546192,3.4780911028385164,0.0030958872073651,3.476745016872883,3.477210022509098,3.4801769629120827,3.4736355245113373,3.4826879873871803,0.6079716291278601,0.0119025339442111,0.6249371021986008,0.6179466163739562,0.6010560095310211,0.6039883466437459,0.5919300708919764,0.4941846759989857,0.0026824218705013,0.4904681080952286,0.4970191577449441,0.4919719463214278,0.4972228314727545,0.4942413363605737,6.4,4.841487374764082,2,8,5,15,2,0.518101823265122,0.0278220527184466,0.4838454648205992,0.5287921758495279,0.5132140236417909,0.5651452709703151,0.4995121810433764,0.5183669045638872,0.025357582320364,0.4968195321491227,0.5249376750582118,0.5041251694043108,0.5652087272886218,0.5007434189191693,0.5142751489546225,0.0184648007866573,0.4903876856421464,0.5158595869057171,0.5076278406498188,0.5470311168634079,0.5104695147120217,433.769140625,11.651184199268448,426.9642028808594,428.96881103515625,422.9690246582031,455.96630859375,433.9773559570313,1015.3985473632812,0.4902133745657593,1015.9996337890624,1015.9982299804688,1014.998779296875,1014.996337890625,1014.999755859375,0.0039383654948323,0.0024103612130586,0.0049212598241865,0.0078740157186985,0.0019704434089362,0.0039408868178725,0.0009852217044681,0.0011814902536571,0.00096428697174,0.0009842519648373,0.0029527558945119,0.0009852217044681,0.0,0.0009852217044681,0.0208758387714624,0.0091344385184866,0.0196850392967462,0.0354330688714981,0.0088669955730438,0.0147783253341913,0.0256157647818326,0.0053182577714324,0.0007891499429376,0.0049212598241865,0.0049212598241865,0.0049261087551712,0.0068965516984462,0.0049261087551712,0.0427343782037496,0.0178207510739394,0.049212597310543,0.0738188996911048,0.0216748770326375,0.0344827584922313,0.0344827584922313,0.0084701914340257,0.001477448415517,0.0068897637538611,0.0068897637538611,0.0088669955730438,0.0088669955730438,0.0108374385163187
-150,0.3369150497640173,0.0024842583785676,0.3345277095213532,0.3408462634931008,0.3371107621739308,0.3380642269427578,0.3340262866889437,3.464535294721524,0.0073778788260791,3.4504418621460595,3.4687353720267615,3.469523006429275,3.4700695164501667,3.463906716555357,0.6329077475393812,0.0037879258597598,0.6358947387586037,0.6278171027079225,0.6311219371855259,0.6312364010761181,0.6384685579687357,0.5031077591081461,0.0114523648355397,0.5250083844487866,0.4963982462262113,0.495484690181911,0.494613136164844,0.5040343385189772,0.3513183452188969,0.0034848344397213,0.3544454406946897,0.3519615288823843,0.3517208937555551,0.3537959018722176,0.3446679608896374,3.4815880969166755,0.0021558833953876,3.481183908879757,3.4828006252646446,3.4836822003126144,3.4826871901750565,3.4775865599513054,0.6053050685673952,0.0104953869058161,0.6088028298690915,0.6028532339259982,0.5936402333900332,0.5975747583433986,0.6236542873084545,0.4948278967291116,0.0017175390543633,0.4969451986253261,0.4934229059144854,0.4924591267481446,0.4948468869552016,0.4964653654024005,0.3474381679669022,0.0037033855431744,0.3468447802588343,0.3410796159878373,0.3497643675655126,0.3473342126235366,0.3521678633987903,3.4783105209469793,0.001670497920722,3.47599858045578,3.4787275716662407,3.480043888092041,3.4767456501722336,3.4800369143486023,0.6152550622820854,0.0102941620368302,0.6336374897509813,0.6193951182067394,0.6095688054338098,0.6062318133190274,0.6074420846998692,0.4944695629179477,0.0023947984694604,0.49514867272228,0.4932275013998151,0.4921257207170129,0.4930115109309554,0.4988344088196754,5.6,3.6110940170535577,12,3,4,2,7,0.5236466262016158,0.0094125721950788,0.5126627448398107,0.5290832062128512,0.5117913862789,0.5329841317161625,0.5317116619603546,0.5218766211517457,0.0091011740389958,0.5211180951865808,0.5264506659965753,0.5046994330374026,0.5305991098379851,0.5265158017001846,0.5185912647872811,0.0065206120179495,0.5197054225834599,0.5241292633098169,0.5062643004426362,0.5189161643531843,0.5239411732473086,433.76939086914064,11.651513632276952,426.9627990722656,428.9722900390625,422.9696044921875,455.9678039550781,433.9744567871094,1015.3988403320312,0.4899737065544634,1015.9982299804688,1015.9996337890624,1015.0001831054688,1014.998779296875,1014.9973754882812,0.0045294985175132,0.0045155492478711,0.0118110235780477,0.0009842519648373,0.0009852217044681,0.0009852217044681,0.007881773635745,0.0005907451268285,0.0004823415062316,0.0009842519648373,0.0009842519648373,0.0,0.0,0.0009852217044681,0.0179226953536272,0.0094293566944515,0.03248031437397,0.0098425196483731,0.0088669955730438,0.0128078823909163,0.0256157647818326,0.0049237811472266,0.0013913956401044,0.0068897637538611,0.0049212598241865,0.0029556651134043,0.0039408868178725,0.0059113302268087,0.0417555578052997,0.0204759403965988,0.0718503966927528,0.0187007877975702,0.0187192130833864,0.0502463057637214,0.0492610856890678,0.0102422328665852,0.0013354853921093,0.0118110235780477,0.0088582672178745,0.0088669955730438,0.0098522175103425,0.0118226604536175
-125,0.3359671338150899,0.0011107440403653,0.3354219626635313,0.3370288498699665,0.337037862278521,0.336254730510215,0.3340922637532155,3.46180972630779,0.0067928100812442,3.4525435691078505,3.455802602072557,3.46940320606033,3.4689369909465313,3.462362263351679,0.6354853793357809,0.0018814176554439,0.6354724218448004,0.6362302120154103,0.6321288713564476,0.6356946943948666,0.63790069706738,0.507049432893594,0.0094733715386157,0.5205392980327209,0.5145308148736755,0.4965550589064757,0.4970275883873303,0.506594404267768,0.3525419171899557,0.0027274623469217,0.3559814086183905,0.3505248287692666,0.3555177068337798,0.3515194971114397,0.3491661446169019,3.4811530098319055,0.0036083626951186,3.478790633380413,3.478850193321705,3.4869547188282013,3.48374006152153,3.4774294421076775,0.6057931154966354,0.0063712931568141,0.6019056281074882,0.6056168591603637,0.5963892824947834,0.6104408344253898,0.6146129732951522,0.4961621217429638,0.00277751762149,0.4992754366248846,0.4983308278024196,0.4918354796245694,0.4941031672060489,0.4972656974568963,0.3493922755122184,0.005933557945601,0.3468258194625377,0.3405261039733886,0.3556999927386641,0.3476004106923938,0.356309050694108,3.4781509816646574,0.0042614377553351,3.4717408940196037,3.4749774634838104,3.4836665466427803,3.4794983863830566,3.480871617794037,0.6166594779118896,0.0109941581565132,0.6316923554986715,0.6253024619072676,0.6078754011541605,0.616817083209753,0.6016100877895951,0.4952430533245205,0.0018307895096805,0.4950345382094383,0.4982801554724574,0.4931350303813815,0.4937020689249038,0.4960634736344218,7.2,2.3151673805580453,10,9,4,5,8,0.5260207788363365,0.0182182060624307,0.4958550029854385,0.540730793020524,0.5346126325521713,0.5442138310809915,0.5146916345425568,0.523493716796777,0.0095152518828527,0.516025563731956,0.5369712154709003,0.5147839454732754,0.5330833939942761,0.516604465313477,0.5183668945279484,0.0071241292322256,0.5177154483340521,0.529902991807307,0.521455772023365,0.5139383766410904,0.5088218838339272,433.76935424804685,11.65159398460636,426.9654541015625,428.97125244140625,422.9675903320313,455.9676208496094,433.974853515625,1015.3984619140624,0.4899090429835838,1015.9992065429688,1015.9977416992188,1014.999755859375,1014.998779296875,1014.996826171875,0.0051206315401941,0.0021926792663878,0.0059055117890238,0.0068897637538611,0.0009852217044681,0.0068965516984462,0.0049261087551712,0.0013787285424768,0.0004823418961605,0.0009842519648373,0.0019685039296746,0.0009852217044681,0.0009852217044681,0.0019704434089362,0.0283631358295679,0.0055485611327484,0.0354330688714981,0.0216535441577434,0.0246305428445339,0.0344827584922313,0.0256157647818326,0.0057119585573673,0.0009644490967029,0.0068897637538611,0.0049212598241865,0.0049261087551712,0.0049261087551712,0.0068965516984462,0.0518007464706897,0.0109644591305364,0.0718503966927528,0.0393700785934925,0.0482758618891239,0.0532019734382629,0.0463054217398166,0.0116213496774435,0.0026004920849742,0.0108267720788717,0.0108267720788717,0.0098522175103425,0.0098522175103425,0.0167487692087888
-100,0.3351192289963364,0.0032069619860533,0.331372806802392,0.3396183351675669,0.3366981095944841,0.3363962350413203,0.3315106583759188,3.4591958627104757,0.0137660237845495,3.4341366291046143,3.4682242969671884,3.469921545435985,3.469228354593118,3.4544684874514737,0.6361699829498927,0.0036547863997575,0.6397833209484816,0.6319503256430229,0.6332880947738886,0.634632583707571,0.6411955896764994,0.5100169215972225,0.0192544118921529,0.5450121648609638,0.49571570319434,0.4962827398752172,0.4962505397076408,0.5168234603479505,0.3531410885974765,0.0047277538270207,0.349301403388381,0.3565862206742167,0.3565207319334149,0.3575336430221796,0.3457634439691901,3.4818585380911826,0.0037091114193778,3.4770845249295235,3.484103389084339,3.4850926101207733,3.48539512604475,3.4776170402765274,0.6032611683011055,0.0095982631700186,0.6177172884345055,0.6004173243418336,0.5938078416511416,0.5934676099568605,0.6108957771211863,0.4951930468901991,0.0019673149177934,0.4984189458191395,0.494399469345808,0.4928558701649308,0.4939520489424467,0.4963389001786709,0.3496129259467125,0.0046808031332708,0.3430914720520377,0.3457386652007699,0.356309900060296,0.3510619653388858,0.351862627081573,3.479023289680481,0.0020515704216869,3.4754027128219604,3.479182004928589,3.481635056436062,3.480051778256893,3.4788448959589005,0.6154347062110901,0.0163542257154101,0.6464392282068729,0.6171949170529842,0.6063529085367918,0.6058298666030169,0.6013566106557846,0.494606121815741,0.0027215701362909,0.4941269094124436,0.4931704355403781,0.4926612572744488,0.4931072648614645,0.4999647419899702,8.2,5.6,18,4,4,4,11,0.5280603531995256,0.0133160838830148,0.5180979003804167,0.5406803678929503,0.5067917121334292,0.5362402850212763,0.5384915005695557,0.5253898166231353,0.0157651938601547,0.5349883462577869,0.5374705598633273,0.4947905120602247,0.5260729530365569,0.5336267118977805,0.5210739267043442,0.0150574333762053,0.5358183917473095,0.5261288728048915,0.4938527162408915,0.516969971335482,0.5325996813931466,433.769091796875,11.650754695355085,426.963623046875,428.9735412597656,422.9685974121094,455.9658508300781,433.9738464355469,1015.3986572265624,0.4895500385515449,1015.9977416992188,1015.9987182617188,1015.0001831054688,1014.999267578125,1014.9973754882812,0.0033478142693638,0.0031498006033544,0.0088582672178745,0.0009842519648373,0.0009852217044681,0.0049261087551712,0.0009852217044681,0.0009846398606896,0.0006224957813585,0.0019685039296746,0.0009842519648373,0.0009852217044681,0.0,0.0009852217044681,0.0200901828706264,0.0091194517886991,0.034448817372322,0.0078740157186985,0.0137931033968925,0.0246305428445339,0.0197044350206851,0.0041363796219229,0.0007371714911427,0.0029527558945119,0.0049212598241865,0.0039408868178725,0.0039408868178725,0.0049261087551712,0.0449061337858438,0.017255919474,0.0738188996911048,0.0275590550154447,0.0295566506683826,0.0541871935129165,0.0394088700413703,0.01083375364542,0.0017654570101602,0.0098425196483731,0.0088582672178745,0.0098522175103425,0.0118226604536175,0.0137931033968925
-75,0.3312722197423379,0.0016341794731568,0.3328308214743932,0.3330652158086498,0.3300843875234325,0.3287837893391649,0.3315968845660488,3.4473251178860664,0.0058403626286546,3.4403297789394855,3.4457416174312434,3.4500102748473487,3.443397036443154,3.4571468817691007,0.6416233071436485,0.0032615201039221,0.6361994960655769,0.6397781937072674,0.6441377277175585,0.6451711213837067,0.6428299968441328,0.5272147854790091,0.0082196326046019,0.5386130530387163,0.5271967267617583,0.5251917957017819,0.5314809987321496,0.5135913531606396,0.3512331608682871,0.001422961087823,0.3524059867486357,0.3498275047168135,0.3526376746594906,0.3520814776420593,0.3492131605744362,3.478391769528389,0.0014264399107889,3.4778101444244385,3.4770899638533592,3.4804095923900604,3.4768997877836227,3.479749359190464,0.6018882708624005,0.0080769288153235,0.6150146313011646,0.6033943463116884,0.603745061904192,0.5911718849092722,0.5961154298856854,0.4984341036528349,0.0030312089347562,0.5009897872805595,0.5022055795416236,0.4969639182090759,0.4983751149848103,0.493636118248105,0.3479118777438998,0.0045712300106581,0.3456600839272141,0.3399530621245503,0.3520689886063337,0.3504572724923491,0.3514199815690517,3.475575503706932,0.0025306443565597,3.4725973084568977,3.4736941307783127,3.476443089544773,3.4752379432320595,3.4799050465226173,0.6126793999224901,0.0173632125689444,0.6358621399849653,0.6197552792727947,0.6225379873067141,0.5896198498085141,0.5956217432394624,0.49832753688097,0.0030079540392878,0.497422750107944,0.5005419105291367,0.5027103992179036,0.4969140328466892,0.4940485917031765,13.4,2.4166091947189146,15,13,14,16,9,0.5455437037937478,0.0156835387675255,0.5274344801371418,0.5407949719895067,0.5571304972066297,0.5696400428956134,0.5327185267398477,0.5451539986772358,0.0109760203752815,0.5451831937618914,0.540442463875747,0.5421338900858992,0.5654578942402576,0.5325525514223841,0.5371280199915052,0.0064111061518157,0.541409065652962,0.5281182023860904,0.5416654236891552,0.5437582623243865,0.5306891459049315,433.7689270019531,11.652484757445889,426.963623046875,428.9706726074219,422.9659729003906,455.9684753417969,433.9758911132813,1015.3975952148436,0.4896441678202247,1015.9977416992188,1015.996826171875,1014.998291015625,1014.996826171875,1014.998291015625,0.0068926730658859,0.0038377202841031,0.0118110235780477,0.0078740157186985,0.0098522175103425,0.0019704434089362,0.0029556651134043,0.0005909390747547,0.0004824998640075,0.0,0.0009842519648373,0.0009852217044681,0.0,0.0009852217044681,0.0228460879996418,0.0079061794287804,0.0354330688714981,0.0206692907959222,0.027586206793785,0.0128078823909163,0.0177339911460876,0.0043340058531612,0.0024617821040982,0.0019685039296746,0.0029527558945119,0.0049261087551712,0.0029556651134043,0.0088669955730438,0.0472691126167774,0.014753959185546,0.0708661377429962,0.0383858270943164,0.0581280812621116,0.0325123146176338,0.0364532023668289,0.0096514876000583,0.003320952572305,0.0088582672178745,0.0098425196483731,0.007881773635745,0.0059113302268087,0.01576354727149
-50,0.3353925638521711,0.0043557733374909,0.3383193320284287,0.3408445936317245,0.3308315637211005,0.3372574358557661,0.3297098940238356,3.4607771272460623,0.0079403955412172,3.462775052835544,3.4682973424593606,3.453371714800596,3.469661389787992,3.449780136346817,0.6360487245644133,0.0064964497309385,0.6297865727295479,0.6292400831977526,0.6429794570431113,0.6337075661867857,0.6445299436648687,0.5086232734844088,0.0111755190300852,0.5073609507332245,0.4963877477372686,0.5202039756501714,0.496597063417236,0.5225666298841437,0.3526008995249867,0.0029883359543626,0.3536890251561999,0.3560691131278872,0.353583225980401,0.3525824630632996,0.3470806702971458,3.4812628746032717,0.0029809304483261,3.481282114982605,3.4848422184586525,3.4820336028933525,3.482355274260044,3.4758011624217033,0.6009249359369278,0.0069176480580852,0.6076114550232887,0.5973464455455542,0.5923445969820023,0.5968361794948578,0.610486002638936,0.4947547571733593,0.0017756120270866,0.4963525952771306,0.4927613623440265,0.4949665078893304,0.492704750970006,0.4969885693863034,0.3505883859470486,0.003132875875952,0.3532407805323601,0.3451969688758254,0.3525822842493653,0.3488730369135737,0.3530488591641187,3.4773453310132028,0.002116965692071,3.4735110700130463,3.4795588850975037,3.4790135622024536,3.4774269610643387,3.477216176688671,0.6070506116375327,0.0068499113806239,0.6138761676847935,0.6124925259500742,0.6114207152277231,0.5994032202288508,0.5980604290962219,0.4960922688245773,0.0026609198274222,0.4968420164659619,0.4926604656502604,0.498133891262114,0.4933555442839861,0.4994694264605641,7.6,4.127953488110059,6,3,12,4,13,0.5363907940094568,0.0152881017827725,0.508330627273412,0.554949962439267,0.5385093744410411,0.5416751383236879,0.538488867569876,0.5283569880827433,0.0083942586275498,0.5144644731780592,0.5320177215437484,0.5259234116936516,0.5292221716345225,0.5401571623637346,0.5277801268499897,0.0076756709947414,0.5143194090704578,0.531860509561513,0.5309728763879578,0.5250686451629751,0.5366791940670446,433.7702270507813,11.652852569239093,426.96484375,428.9733276367187,422.9674072265625,455.9710998535156,433.9744567871094,1015.39873046875,0.4906371910864548,1015.9996337890624,1015.9996337890624,1014.998779296875,1014.999755859375,1014.995849609375,0.0035446647088974,0.0033288016886693,0.0098425196483731,0.0009842519648373,0.0019704434089362,0.0009852217044681,0.0039408868178725,0.0011818781495094,0.0003942828682211,0.0009842519648373,0.0009842519648373,0.0009852217044681,0.0009852217044681,0.0019704434089362,0.016348279826343,0.0046869765115373,0.0196850392967462,0.0127952750772237,0.0147783253341913,0.0108374385163187,0.0236453209072351,0.0053182576783001,0.0011825917302173,0.0059055117890238,0.0039370078593492,0.0039408868178725,0.0059113302268087,0.0068965516984462,0.0368321642279625,0.0081289972053172,0.050196848809719,0.0265748035162687,0.0374384261667728,0.0305418726056814,0.0394088700413703,0.0102426206693053,0.0023822319557468,0.0088582672178745,0.0098425196483731,0.007881773635745,0.0098522175103425,0.0147783253341913
-25,0.3401746879642208,0.0059043895619972,0.3338118540123105,0.3398092268034816,0.3383849561214447,0.3375704539939761,0.3512969488898913,3.46482946028312,0.008636370998171,3.447591041525205,3.468507368117571,3.469372584174077,3.470026566336552,3.4686497412621975,0.6248682806113114,0.0136807934822053,0.6359109443922838,0.6305170791844527,0.628931013867259,0.6310757702837387,0.5979065953288227,0.5024667989462615,0.0128330492919895,0.5281270851070682,0.4958522152155638,0.4959362189595898,0.4958417142430941,0.4965767612059911,0.3552490325644612,0.0020461272222663,0.3519261954352259,0.3550769509747624,0.3561404021456837,0.3548657922074199,0.3582358220592141,3.482042096555233,0.0024407876821762,3.478025048971176,3.485063783824444,3.483736291527748,3.4825309738516808,3.480854384601116,0.5973986431956291,0.0110013982568199,0.6065520728006959,0.612405494786799,0.5812619337812066,0.5947248982265592,0.592048816382885,0.4951225528493523,0.0030475239390279,0.5011783372610807,0.4936685292050242,0.493945655412972,0.4938575411215424,0.4929627012461424,0.3515040757134556,0.0067327058062121,0.3476735493168235,0.3427205486223101,0.3547777328640222,0.349830575287342,0.3625179724767804,3.478534884750843,0.003709404898514,3.472167901694774,3.479458935558796,3.480044074356556,3.4775529205799103,3.4834505915641785,0.6088289765641093,0.0176311371793668,0.6262799482792616,0.6333985477685928,0.5947619993239641,0.6002142820507288,0.5894901053979993,0.4941088292747736,0.0023481883213352,0.4986554412171244,0.4929499197751283,0.4919064519926905,0.4934827974066138,0.4935495359823107,4.2,3.9698866482558417,12,3,2,3,1,0.5124643275354461,0.012306594552541,0.5134452592336578,0.5164062359256856,0.4988492107046243,0.5328979025397571,0.5007230292735062,0.5170366651207616,0.0113589711579493,0.5276318168210941,0.524540304416066,0.5022001481105761,0.5266110141468782,0.5042000421091938,0.514320003482532,0.0134525292444996,0.5303499374556316,0.5279154403946107,0.4981565969147815,0.5150452292689502,0.5001328133786863,433.769189453125,11.651800638416818,426.9615478515625,428.9714660644531,422.96923828125,455.9678039550781,433.9758911132813,1015.3989624023436,0.4891261178220069,1015.996826171875,1015.9992065429688,1014.999755859375,1014.999267578125,1014.999755859375,0.0025598309002816,0.0022092601456917,0.0068897637538611,0.0019685039296746,0.0019704434089362,0.0009852217044681,0.0009852217044681,0.0009848338086158,4.750734557719872e-07,0.0009842519648373,0.0009842519648373,0.0009852217044681,0.0009852217044681,0.0009852217044681,0.0179195923730731,0.0142383006897844,0.0462598428130149,0.0118110235780477,0.0088669955730438,0.0128078823909163,0.0098522175103425,0.0045306622050702,0.0016011787910433,0.0019685039296746,0.0049212598241865,0.0068965516984462,0.0049261087551712,0.0039408868178725,0.0336747996509075,0.0222596645817424,0.0777559056878089,0.0226377956569194,0.027586206793785,0.0177339911460876,0.0226600989699363,0.0088642802089452,0.0024932051314277,0.0039370078593492,0.0098425196483731,0.0098522175103425,0.0108374385163187,0.0098522175103425
0,0.3330668387934565,0.0033057702477797,0.336227310821414,0.3296965438251694,0.3377173778911431,0.329896317794919,0.3317966436346372,3.452467090884845,0.011546505113457,3.452965632081032,3.4339477345347404,3.4699904173612595,3.4498695147534213,3.4555621556937695,0.6380442367245754,0.0063387042434446,0.6323803390065829,0.6439536151786646,0.6286599282175303,0.6440403660138448,0.6411869352062544,0.5192555563524366,0.0156510015562786,0.5193905274694165,0.5444178249066075,0.4956422007332245,0.5224511244644722,0.5143761041884621,0.3523971004411578,0.002848826127885,0.3527003647759557,0.350228619761765,0.3540315330028534,0.3565798485651612,0.3484451361000538,3.479668579995632,0.0033478333542962,3.47907180339098,3.4768858700990677,3.4850574731826782,3.481569156050682,3.475758597254753,0.6062891371548176,0.0024123811415246,0.6033815741539001,0.603624758310616,0.6077512186020613,0.60712712071836,0.6095610139891505,0.4986358070746064,0.0026216722795605,0.4986079595983028,0.5004419218748808,0.4935927428305149,0.4998552557080984,0.5006811553612351,0.3486687367781996,0.0044306805435699,0.346083446405828,0.3420285014435649,0.3522605448961258,0.3484353721141815,0.3545358190312981,3.4764094546437265,0.0024931532736886,3.4742614552378654,3.47341538220644,3.480529807507992,3.4769470766186714,3.476893551647663,0.6181424468755722,0.0100410264774881,0.6275605354458094,0.6166579779237509,0.6238863840699196,0.623276062309742,0.5993312746286392,0.4973722485825419,0.0038609604428184,0.4960553776472807,0.5005665626376867,0.4925049897283315,0.4947176035493612,0.5030167093500495,10.2,5.491812087098393,9,19,2,12,9,0.5336547950470483,0.0297065969091317,0.4995176402469011,0.5532307226317266,0.4987297901836344,0.572883208348997,0.5439126138239826,0.5355658303979387,0.0240445256142044,0.5210870793775472,0.5429159157559269,0.499716958644114,0.5715176919111319,0.5425915063009734,0.5323933704876381,0.0148470287807619,0.5245883621605917,0.5386661236273033,0.508100363918044,0.5515623377760759,0.5390496649561757,433.76837768554685,11.650700353730912,426.9640197753906,428.9681701660156,422.97021484375,455.9654541015625,433.9740295410156,1015.3975952148436,0.4894225711525882,1015.9977416992188,1015.9962768554688,1015.0006713867188,1014.9978637695312,1014.9954223632812,0.0051214073784649,0.0024453977980067,0.0029527558945119,0.0059055117890238,0.0019704434089362,0.0088669955730438,0.0059113302268087,0.0003940886817872,0.0004826580918924,0.0,0.0,0.0009852217044681,0.0,0.0009852217044681,0.0269842138513922,0.0090197231008448,0.031496062874794,0.0236220471560955,0.0108374385163187,0.0354679822921752,0.0334975384175777,0.0043336178176105,0.0013372497495607,0.0029527558945119,0.0039370078593492,0.0039408868178725,0.0039408868178725,0.0068965516984462,0.0496342275291681,0.0105404575261634,0.0590551197528839,0.047244094312191,0.0305418726056814,0.0591133013367652,0.052216749638319,0.009651681408286,0.0026002552622662,0.0088582672178745,0.0088582672178745,0.007881773635745,0.007881773635745,0.0147783253341913
25,0.3360254856447379,0.0011409252312516,0.3367807359124223,0.336911892828842,0.3371435065443317,0.3344282203664382,0.3348630725716551,3.464084737251202,0.0045641213205186,3.457260601222515,3.460925929248333,3.470246514926354,3.464913434038559,3.4670772068202496,0.635139753917853,0.0035165861103369,0.6329288094614943,0.6364340670406818,0.6295721360171834,0.6396560948342085,0.6371076622356971,0.503093618278702,0.0061125647489582,0.5138776736954848,0.5036584132661422,0.4957997109740972,0.5031613828614354,0.4989709105963508,0.3524382304400205,0.002275297554033,0.3554374305531382,0.3521633185446262,0.3542835777625441,0.3513716133311391,0.348935212008655,3.480145926773548,0.0030391525774915,3.47626194357872,3.4798774421215057,3.4847042560577393,3.4821973368525505,3.477688655257225,0.6007971253246069,0.0060135608015462,0.5955151235684752,0.6033033318817616,0.599403808824718,0.5946354130282998,0.6111279493197799,0.4957251105457544,0.0024140432992155,0.5003154575824738,0.4959932900965214,0.4939022837206721,0.4943866832181811,0.4940278381109237,0.3499880569055676,0.0052612770404964,0.3547898400574922,0.3411916140466928,0.3530379934236407,0.3467039382085204,0.354216898791492,3.477380929887295,0.0036374002090922,3.470876343548298,3.476852163672447,3.48074834048748,3.477554813027382,3.4808729887008667,0.6091069180518389,0.0089106419279615,0.604566864669323,0.6244184654206038,0.6138068232685328,0.6010788790881634,0.6016635578125715,0.4959572795778513,0.0037257661166275,0.5027881367132068,0.4948400435969233,0.4919404434040189,0.49370829295367,0.4965094812214374,6.0,1.6733200530681511,8,7,3,6,6,0.5312775898033036,0.0188932808931665,0.5205462579830824,0.5420410056768442,0.5155154077297445,0.5634490508795307,0.514836226747317,0.5246629772862702,0.0199298844416634,0.527739699540752,0.5392823059479052,0.4954769813474436,0.550962495544108,0.509853404051142,0.5227987193617324,0.0129531910080378,0.5288995185477549,0.5361532925892725,0.5044053265322738,0.5341941835598308,0.5103412755795298,433.7696472167969,11.651378917798494,426.9621887207031,428.9716796875,422.97064208984375,455.9676208496094,433.9761047363281,1015.3986450195312,0.4889377568968506,1015.9971923828124,1015.9977416992188,1015.001708984375,1014.998291015625,1014.998291015625,0.003741709049791,0.0022783399581833,0.0078740157186985,0.0029527558945119,0.0009852217044681,0.0039408868178725,0.0029556651134043,0.0007879834156483,0.0007372206790883,0.0,0.0009842519648373,0.0019704434089362,0.0,0.0009852217044681,0.0244189526885747,0.0151223105154874,0.0521653555333614,0.0216535441577434,0.0068965516984462,0.0167487692087888,0.0246305428445339,0.0051214073784649,0.0007387772369661,0.0049212598241865,0.0039370078593492,0.0049261087551712,0.0059113302268087,0.0059113302268087,0.045690818503499,0.0211640971122949,0.0846456661820411,0.034448817372322,0.0216748770326375,0.0413793101906776,0.0463054217398166,0.0100448008626699,0.001143902147163,0.0118110235780477,0.0108267720788717,0.0088669955730438,0.0088669955730438,0.0098522175103425
50,0.3323519280801216,0.0050945113178423,0.3412327375262975,0.333472179248929,0.3283379509424169,0.3321522986516356,0.3265644740313291,3.45092545201381,0.0113837397323692,3.4688980653882027,3.4484732461472354,3.4415030715366206,3.4581610212723413,3.4375918557246528,0.6401080979034305,0.007619662035904,0.6257136895631751,0.6415092541525761,0.6457890508075556,0.6404381437848011,0.6470903512090445,0.5225723665828506,0.0168198295104896,0.4968959791585803,0.5238680110002557,0.5397492240493497,0.5114674173916379,0.5408812013144294,0.3524082420393825,0.0035342992924499,0.3585061831399798,0.3494439693167805,0.3523683017119765,0.3532797852531075,0.3484429707750678,3.478446386754513,0.0026695975894919,3.4826838970184326,3.4777545407414436,3.4794918298721313,3.4778191447257996,3.4744825214147568,0.5995702242478729,0.0044687084014073,0.5980700785294175,0.6082219043746591,0.5956924185156822,0.5990170435979962,0.5968496762216091,0.4981683893129229,0.0017622620624218,0.4947395985946059,0.499131622724235,0.4983500028029084,0.4989923750981688,0.4996283473446965,0.3490098424255848,0.0053313092591356,0.3523310516029596,0.338739107362926,0.3516684090718627,0.3489964194595814,0.3533142246305942,3.47544604241848,0.0008485555072075,3.476041801273823,3.4744159802794456,3.476743370294571,3.4747607484459877,3.4752683117985725,0.6101875519379973,0.0130470008636447,0.6155924648046494,0.6282879393547773,0.6111596748232841,0.6077917795628309,0.5881059011444449,0.4984670171514153,0.0032760229609215,0.4919482478871941,0.4995023440569639,0.5005015283823013,0.500125989317894,0.5002569761127234,11.6,5.607138307550474,3,12,18,8,17,0.5434775780882081,0.0321552560799974,0.4816247111037158,0.5587189800167165,0.5503691639328516,0.5750720100810164,0.5516030253067398,0.5363190116009318,0.0220295486774506,0.4997282148264993,0.5408583005333875,0.5282017127217632,0.5662613169762992,0.5465455129467097,0.5287806786211628,0.0161690976062665,0.4979451119324958,0.5308082086603928,0.5330047856892156,0.5450868468558804,0.53705843996783,433.7669372558594,11.650877672824224,426.9652404785156,428.9692077636719,422.96478271484375,455.9638977050781,433.9715576171875,1015.397412109375,0.4911647530717898,1016.0001831054688,1015.9977416992188,1014.9973754882812,1014.996337890625,1014.9954223632812,0.0082729531917721,0.0057303489605783,0.0118110235780477,0.0029527558945119,0.0059113302268087,0.0177339911460876,0.0029556651134043,0.0007877894677221,0.0003938949726037,0.0009842519648373,0.0009842519648373,0.0009852217044681,0.0009852217044681,0.0,0.0236383389681577,0.0071913109630292,0.0206692907959222,0.0147637799382209,0.027586206793785,0.0354679822921752,0.0197044350206851,0.0053182576783001,0.0010054961105166,0.0049212598241865,0.0049212598241865,0.0059113302268087,0.0039408868178725,0.0068965516984462,0.0445182502269744,0.0091161225164403,0.0305118113756179,0.0393700785934925,0.0502463057637214,0.0571428574621677,0.0453201979398727,0.009257398918271,0.0020284747859346,0.0098425196483731,0.0088582672178745,0.007881773635745,0.0068965516984462,0.0128078823909163
75,0.3328070942933361,0.0056281312865029,0.3370148229102294,0.3224848164245486,0.3365333226198951,0.3310526879504323,0.3369498215615749,3.452105252941449,0.0225401146821384,3.4588570619622865,3.4088744272788367,3.4694931656122208,3.453247888634602,3.4700537212193012,0.6386815771460533,0.0090908474921054,0.6319636683911085,0.6549166260908047,0.631943063189586,0.6425478551536798,0.6320366729050875,0.5214693744356433,0.0320477975511625,0.5114142096911868,0.5831422004848719,0.4965970627963543,0.5193744227290154,0.4968189764767885,0.3554196866229177,0.0026923452407831,0.3584184665232897,0.3579335520043969,0.3550866087898612,0.3547542877495289,0.3509055180475116,3.479988858103752,0.0031604401397522,3.479602500796318,3.4756621047854424,3.4844264090061188,3.4777452498674393,3.4825080260634422,0.5998405754566193,0.0082846587317251,0.5962434150278568,0.5867267372086644,0.6009344207122922,0.603458609431982,0.6118396949023008,0.4981930436566472,0.0047538709004513,0.4964968683198094,0.504089311696589,0.4938639346510172,0.5035775117576122,0.4929375918582082,0.3522493578493595,0.0050512966834386,0.3595166858285665,0.344431884586811,0.3539794255048036,0.3494276031851768,0.3538911901414394,3.476130150258541,0.0055661869125957,3.470336690545082,3.470139481127262,3.480246253311634,3.475541591644287,3.48438673466444,0.6101908663287758,0.007844823592876,0.5953345485031605,0.6177507201209664,0.6154021397233009,0.6107268370687962,0.6117400862276554,0.4986395677551627,0.0046107502066599,0.5021713385358453,0.5046179993078113,0.4925982505083084,0.4996949229389429,0.4941153274849057,10.0,8.461678320522472,8,26,3,10,3,0.5385951198160027,0.0201678583251637,0.5341659347990316,0.5555574031312424,0.5212312707023028,0.5675924861120495,0.5144285043353873,0.5341694084613969,0.0215949749130818,0.5415455079862291,0.5504370509536968,0.5128202579888026,0.5608991002411041,0.505145125137152,0.5305531618027206,0.0145624646581354,0.5390689997125753,0.545510437813834,0.5160238654898224,0.5420967282580476,0.5100657777393239,433.766796875,11.651077265743318,426.9613952636719,428.9643249511719,422.968017578125,455.9637145996094,433.9765319824219,1015.3972900390625,0.4890490170530662,1015.9971923828124,1015.9953002929688,1014.999267578125,1014.9949340820312,1014.999755859375,0.006891703326255,0.00531846212107,0.0147637799382209,0.0098425196483731,0.0009852217044681,0.007881773635745,0.0009852217044681,0.0013787285424768,0.0004823418961605,0.0019685039296746,0.0009842519648373,0.0009852217044681,0.0019704434089362,0.0009852217044681,0.0307222368195652,0.0153176569912814,0.049212597310543,0.0354330688714981,0.0108374385163187,0.0433497540652751,0.0147783253341913,0.0057117646560072,0.00073478658564,0.0059055117890238,0.0068897637538611,0.0049261087551712,0.0059113302268087,0.0049261087551712,0.058690121397376,0.0223002136552771,0.0895669311285018,0.0580708645284175,0.0384236462414264,0.0768472924828529,0.0305418726056814,0.0104388890787959,0.0015977943652747,0.0098425196483731,0.0127952750772237,0.007881773635745,0.0108374385163187,0.0108374385163187
100,0.3341192645331224,0.0043285775113249,0.3340721518422166,0.3344122031703591,0.3380464076374967,0.3379262338081996,0.3261393262073397,3.4542407900094987,0.0134877502536782,3.4483349584043026,3.446925731996695,3.469892709205548,3.4699555821716785,3.4360949682692685,0.6364500929911932,0.0072310644983385,0.6350177445759376,0.6397376557191213,0.6290047088017067,0.6298238448798656,0.6486665109793345,0.5180612773944935,0.0187775709330939,0.5280850802858671,0.5265288800001144,0.496503255640467,0.4959159183005492,0.5432732527454694,0.3538039719685912,0.004232536782694,0.3567567151039839,0.3530890513211489,0.3524722447618842,0.3596022455021739,0.3470996031537652,3.4800036564469337,0.0028788769358432,3.4796231165528297,3.477513007819653,3.4825815185904503,3.4839188158512115,3.4763818234205246,0.5987205063924194,0.0059038099478838,0.6008412213996053,0.5975392535328865,0.5997199546545744,0.5886542527005076,0.6068478496745229,0.4965075496584177,0.0028066415091714,0.4999502226710319,0.4990366613492369,0.4943428551778197,0.4924586713314056,0.4967493377625942,0.3507339857518673,0.0040881110824749,0.349381823092699,0.3436857890337705,0.3528131023049354,0.3558638785034418,0.3519253358244896,3.476325289905071,0.003309990298894,3.4709909334778786,3.4743890315294266,3.480082057416439,3.4791519939899445,3.4770124331116676,0.6077024972066283,0.012967409846673,0.6291269138455391,0.6104952171444893,0.6093268683180213,0.5904554668813944,0.5991080198436975,0.4973993504419923,0.0042490726302273,0.5004076836630702,0.5001830589026213,0.4918144345283508,0.4926989814266562,0.5018925936892629,9.2,6.273754856543249,12,12,2,2,18,0.5287483900862495,0.0266844251723703,0.5317879867636904,0.5518363979218087,0.4769109017912599,0.5420353188681979,0.5411713450862908,0.5271690691191975,0.0259112720535043,0.5358804497617702,0.5445399093582564,0.4760216462120938,0.534744614175223,0.5446587260886436,0.5235535200355075,0.0205444517460876,0.5350918282646231,0.537894080895618,0.484239675361929,0.5220320583294261,0.5385099573259412,433.7681823730469,11.650800746075062,426.96240234375,428.9710388183594,422.9698181152344,455.9656677246094,433.9719848632813,1015.3977783203125,0.4892715138479428,1015.9977416992188,1015.9962768554688,1014.999755859375,1014.998779296875,1014.996337890625,0.007876537181437,0.0070692466991065,0.0216535441577434,0.0049212598241865,0.0068965516984462,0.0019704434089362,0.0039408868178725,0.0015755789354443,0.0004820251808649,0.0019685039296746,0.0019685039296746,0.0009852217044681,0.0019704434089362,0.0009852217044681,0.0285531975328922,0.0206031028073512,0.0688976347446441,0.0236220471560955,0.0137931033968925,0.0137931033968925,0.0226600989699363,0.0059088089503347,0.0012445341299116,0.0078740157186985,0.0049212598241865,0.0049261087551712,0.0049261087551712,0.0068965516984462,0.0551435176283121,0.0259570890257845,0.1043307110667228,0.0423228330910205,0.0285714287310838,0.0541871935129165,0.0463054217398166,0.010439277254045,0.0004833168326101,0.0098425196483731,0.0108267720788717,0.0108374385163187,0.0098522175103425,0.0108374385163187
125,0.3362353038663665,0.0066209553763003,0.3343952375774582,0.3352311222503583,0.3490588646382093,0.3307193526998162,0.3317719421659906,3.45589505409201,0.0073358309242017,3.447617227832476,3.455368835479021,3.469058495014906,3.4507577878733477,3.4566729242602983,0.6311248351819814,0.016169778768208,0.6350850369781256,0.6381025003890196,0.5991710894741118,0.6423615658034881,0.6409039832651615,0.5148588548103968,0.0102922652527587,0.5271379224335154,0.5156753851721684,0.4964619530364871,0.5210951371118426,0.5139238762979706,0.352574373781681,0.0031267368440392,0.35042823292315,0.3505183570086956,0.3581258440390229,0.3539393432438373,0.3498600916936993,3.4804518267512323,0.0021691247831403,3.4802239015698433,3.4820509776473045,3.4836377054452896,3.478610798716545,3.477735750377178,0.6000665159896016,0.0134640826877333,0.6144088041037321,0.6091804709285498,0.5912645533680916,0.5780289424583316,0.607449809089303,0.4964343184605241,0.0016435768412243,0.4976692907512188,0.4971273653209209,0.4939584387466311,0.4983239835128188,0.4950925139710307,0.3494558751583099,0.0080353501242425,0.3412846941500902,0.3387199100106954,0.3588364794850349,0.3522914694622159,0.3561468226835131,3.4774289801716805,0.0031242025934934,3.4717681407928467,3.477623589336872,3.480801299214363,3.477219857275486,3.4797320142388344,0.610512719862163,0.0255427353073539,0.6473929286003113,0.6320479540154338,0.5994817409664392,0.5769738052040339,0.5966671705245972,0.4963630298152566,0.0025227414364736,0.5001556659117341,0.4974610982462764,0.4925679927691817,0.4950313819572329,0.4965990101918578,8.6,4.029888335921977,12,9,1,12,9,0.5333570037584732,0.0181219604741907,0.5263733255046097,0.5480971272965152,0.5016681145789708,0.5518584235010848,0.5387880279111856,0.5299593940075048,0.0216245955647018,0.5376067070702006,0.5386260193346396,0.4887592275235282,0.5523374962870944,0.5324675198220611,0.521528611238293,0.0233943491993567,0.5402502720983942,0.5327967024331068,0.4754023802568973,0.5288270302190549,0.5303666711840115,433.7675354003906,11.651851747035286,426.9640197753906,428.9694213867187,422.9659729003906,455.9667053222656,433.9715576171875,1015.3977661132812,0.4896562685985051,1015.9971923828124,1015.9977416992188,1015.0006713867188,1014.9973754882812,1014.995849609375,0.0039395292289555,0.0026438447038397,0.0029527558945119,0.0039370078593492,0.0009852217044681,0.0029556651134043,0.0088669955730438,0.000787595519796,0.0007365986620096,0.0019685039296746,0.0009842519648373,0.0009852217044681,0.0,0.0,0.0194988558068871,0.0061778076422735,0.0196850392967462,0.0236220471560955,0.0137931033968925,0.0118226604536175,0.0285714287310838,0.0051212133839726,0.0007377944029945,0.0049212598241865,0.0049212598241865,0.0039408868178725,0.0059113302268087,0.0059113302268087,0.0411646172404289,0.0090091653392024,0.048228345811367,0.0413385815918445,0.0413793101906776,0.0246305428445339,0.0502463057637214,0.0090601608157157,0.0007331292729043,0.0098425196483731,0.0098425196483731,0.007881773635745,0.0088669955730438,0.0088669955730438
150,0.3362922383472324,0.0035052897408133,0.3358091438810031,0.3405412665257851,0.3391306428238749,0.3304130090400576,0.3355671294654409,3.462457730372747,0.0076674918329493,3.4544612305859723,3.4684432546297708,3.4698541971544423,3.4518601708114147,3.467669798682133,0.6344123758375644,0.0048160208091789,0.6347555400182804,0.6313879123578469,0.6275767094145218,0.6418812541911999,0.6364604632059733,0.5065769030402104,0.0111601029587173,0.5201465751354893,0.4966292654474576,0.4962722407653928,0.5201927771170934,0.4996436567356189,0.3537380976602435,0.003386883305921,0.3545123971998691,0.3536102920770645,0.3556471345946193,0.3574517862871289,0.3474688781425357,3.480936403572559,0.0027127319060103,3.4776793867349625,3.485147997736931,3.4828406497836113,3.4789002388715744,3.4801137447357178,0.6030788967385888,0.0086155027179019,0.6018001781776547,0.6064934907481074,0.5956835076212883,0.5936812506988645,0.6177360564470291,0.4959529306739568,0.0036777466418094,0.5002268897369504,0.4930389458313584,0.4932275004684925,0.500667461194098,0.492603856138885,0.3508301749825477,0.004927745872774,0.3550962526351213,0.341508349403739,0.3541431874036789,0.3503189850598573,0.3530841004103422,3.4775923773646356,0.0041380180336071,3.471288777887821,3.480289325118065,3.479189060628414,3.4744719713926315,3.4827227517962456,0.611392162181437,0.0087537672950659,0.604085074737668,0.6283360365778208,0.6107145454734564,0.6079277796670794,0.6058973744511604,0.4960198437795043,0.0031906369391566,0.4995511928573251,0.4933279464021325,0.4928527558222413,0.5002204934135079,0.4941468304023146,6.4,3.49857113690718,10,4,2,11,5,0.5386596377714656,0.0232745714118482,0.5400750310679319,0.5502957295893635,0.4986393404998803,0.5695486954230912,0.5347393922770617,0.5333368431034845,0.0239173669643768,0.535495893113308,0.5474368785108846,0.4942694683193434,0.565601967062392,0.5238800085114945,0.5297988699466117,0.0141473935009277,0.5332687393206652,0.5389028861545482,0.507937138188934,0.548312783139478,0.5205728029294334,433.76881103515626,11.64966875881773,426.9634094238281,428.9714660644531,422.97064208984375,455.9634704589844,433.9750671386719,1015.3980834960936,0.4902197625159549,1015.9977416992188,1015.9992065429688,1014.999755859375,1014.9949340820312,1014.998779296875,0.0051214073318988,0.0038103461968954,0.0068897637538611,0.0019685039296746,0.0029556651134043,0.0118226604536175,0.0019704434089362,0.0009848338086158,0.0006231090983742,0.0009842519648373,0.0009842519648373,0.0009852217044681,0.0,0.0019704434089362,0.0226523412391543,0.0159231081200761,0.0265748035162687,0.0127952750772237,0.0098522175103425,0.052216749638319,0.0118226604536175,0.0045306622050702,0.0011834303686267,0.0029527558945119,0.0039370078593492,0.0059113302268087,0.0039408868178725,0.0059113302268087,0.0411688845604658,0.0182363217778317,0.047244094312191,0.0206692907959222,0.027586206793785,0.0729064047336578,0.0374384261667728,0.0084692215546965,0.0010013904219677,0.0088582672178745,0.0098425196483731,0.0068965516984462,0.007881773635745,0.0088669955730438
175,0.3344394619887073,0.0038185617258063,0.3286763923242688,0.3398105644931395,0.3325486974790692,0.3371080690994859,0.3340535865475734,3.4554594859480856,0.0154059148104477,3.4261521299680076,3.468361578881741,3.4566311414043107,3.4677625335752964,3.4583900459110737,0.6364011980593205,0.0043643209374991,0.6424953949948152,0.6312762070447206,0.6385211242983738,0.6314975948383411,0.6382156691203514,0.5155325746784608,0.0237745663811576,0.5607883719106516,0.4967657721911867,0.515183956672748,0.4959782212972641,0.5089465513204535,0.3533516200259328,0.0032875278064664,0.3507535308599472,0.355228359811008,0.3538385163992643,0.358132665976882,0.3488050270825624,3.4807758748531343,0.0028210774318991,3.478008069097996,3.4828906655311584,3.4823900014162064,3.483801886439323,3.476788751780987,0.5898239640519023,0.0089391574564724,0.5958204576745629,0.5886443350464106,0.5789760546758771,0.5822015982121229,0.603477374650538,0.4950838400050997,0.0012433483899553,0.4972099987789988,0.4935616981238127,0.4953198758885264,0.4941721064969897,0.4951555207371712,0.3479399170726537,0.0064560282272172,0.3390911882743239,0.3415077142417431,0.3514378992840647,0.3519507749006152,0.3557120086625218,3.4763170674443247,0.0032804793990314,3.469975985586643,3.476449489593506,3.4780461862683296,3.478028692305088,3.4790849834680557,0.603416440449655,0.0160121053672141,0.6316970903426409,0.6104236803948879,0.5946360845118761,0.5916828205808997,0.5886425264179707,0.4962973777204752,0.0028782417443007,0.5015412978827953,0.493703312240541,0.4960357090458274,0.4936415534466505,0.4965650159865618,9.4,6.248199740725324,21,4,10,4,8,0.544161624905,0.0190247505900507,0.5117681484765184,0.5612995608382991,0.5619513955959691,0.5514669193082866,0.5343221003059266,0.5416240219058236,0.0075914649824711,0.5455454652396836,0.5453563967782699,0.5499204406221917,0.5392528203973529,0.5280449864916196,0.5358802407252068,0.0111042822906899,0.5418594768597247,0.5329049401487269,0.5543156774102675,0.5241038898446264,0.526217219362688,433.3673889160156,11.46461875963806,426.9601440429687,428.9708862304687,421.9674072265625,454.9655151367187,433.9729919433594,1015.198193359375,0.3990429941128535,1015.9962768554688,1014.999267578125,1014.9978637695312,1015.0001831054688,1014.9973754882812,0.004530468257144,0.0026121014348184,0.0078740157186985,0.0009852217044681,0.0019704434089362,0.0059113302268087,0.0059113302268087,0.0011820720974355,0.0009653558503591,0.0009842519648373,0.0009852217044681,0.0,0.0009852217044681,0.0029556651134043,0.0185136346146464,0.0126524781790388,0.0433070883154869,0.007881773635745,0.0147783253341913,0.0147783253341913,0.0118226604536175,0.0057131223380565,0.0011487587467129,0.0059055117890238,0.0049261087551712,0.0049261087551712,0.0049261087551712,0.007881773635745,0.0384098753333091,0.0164005008233691,0.0698818862438201,0.027586206793785,0.0315270945429801,0.0246305428445339,0.0384236462414264,0.0096532335504889,0.0003931369310727,0.0098425196483731,0.0098522175103425,0.0098522175103425,0.0098522175103425,0.0088669955730438
200,0.3351610751201709,0.0056671228762145,0.3415831541642546,0.3330855155363679,0.325267999432981,0.3369922088459134,0.3388764976213376,3.4553891636431215,0.0161995148587045,3.4690549907584987,3.4419109957913556,3.4302464375893273,3.4681592856844268,3.467574108392,0.6355521533017358,0.0082579095506053,0.6251284725343188,0.6406946297114094,0.6483643340567747,0.6343709820260605,0.6292023481801152,0.5158874976759156,0.0244515055017563,0.4977171327918768,0.5345786962037286,0.5549542006726066,0.4962722404549519,0.4959152182564139,0.3538660885766148,0.0030721429654374,0.3597340267151594,0.3511058613657951,0.3533817706629634,0.3534096991643309,0.3516990849748254,3.480310872197151,0.0013633796649459,3.480876088142395,3.4786745458841324,3.480351589620114,3.4825237840414047,3.4791283532977104,0.5970723569393158,0.0053378469417733,0.599470048211515,0.6046519111841917,0.5884660910815,0.5949279498308897,0.5978457843884826,0.4946996966376901,0.0018962269002914,0.4939830927178263,0.498249564319849,0.4949491573497653,0.493001053109765,0.4933156156912446,0.3505687177181243,0.0051379595540103,0.353165996260941,0.3412163741886616,0.351637371815741,0.3502126028761267,0.3566112434491515,3.4766834020614623,0.0033497119505052,3.4751115143299103,3.4730656817555428,3.4749182611703873,3.477587439119816,3.482734113931656,0.6074062556028366,0.0114319872272664,0.620851781219244,0.6202851654961705,0.6054152455180883,0.5970809096470475,0.5933981761336327,0.4958709681406617,0.0039088785665009,0.492231766693294,0.4982296479865908,0.5024546505883336,0.4929170068353414,0.4935217685997486,8.6,7.144228439796701,3,14,20,4,2,0.531085008785384,0.024905435765634,0.4906155358406074,0.564713523546642,0.5329040491055822,0.5461822632543538,0.5210096721797348,0.5287548447164732,0.0167364778916156,0.5112041788119579,0.5510648405394067,0.5236273259319475,0.5457975785276803,0.5120802997713737,0.5256746561276548,0.0121787485134362,0.5131442577129046,0.5413330046337401,0.5341421440815229,0.5298891638907952,0.5098647103193112,433.36927490234376,11.465666502306012,426.9660339355469,428.9698486328125,421.9652099609375,454.9685668945313,433.9767150878906,1015.198388671875,0.400899265529681,1016.0001831054688,1014.995849609375,1014.9973754882812,1014.999267578125,1014.999267578125,0.0039401110261678,0.0022466516871953,0.0039370078593492,0.0039408868178725,0.007881773635745,0.0029556651134043,0.0009852217044681,0.000393894733861,0.0004824206526308,0.0009842519648373,0.0,0.0,0.0,0.0009852217044681,0.0173375746235251,0.0058008128159376,0.0118110235780477,0.0236453209072351,0.0246305428445339,0.01576354727149,0.0108374385163187,0.0053192275576293,0.0007886643063564,0.0049212598241865,0.0049261087551712,0.0068965516984462,0.0049261087551712,0.0049261087551712,0.0413676753640174,0.01198474150188,0.0590551197528839,0.040394090116024,0.0492610856890678,0.0246305428445339,0.0334975384175777,0.0100475158542394,0.0011507561042468,0.0088582672178745,0.0118226604536175,0.0108374385163187,0.0098522175103425,0.0088669955730438
225,0.3347609665865699,0.0047111713515053,0.334734624872605,0.3414082393671075,0.3379616051291426,0.3278114264830947,0.3318889370808999,3.4565674923360348,0.0104957055669509,3.4511662473281226,3.46881116181612,3.467657453070084,3.4409700917700925,3.4542325076957545,0.6354191667710742,0.0073321868462109,0.6350422091782093,0.6264758187656602,0.628708972906073,0.6461879679312309,0.6406808650741974,0.5127339369306962,0.0151547375765026,0.5230468592296044,0.496251239751776,0.4950289617603023,0.5339402571941415,0.5154023667176565,0.3524832557886839,0.002604426480542,0.3520196536555886,0.3527527144178748,0.3571309968829155,0.3512833183631301,0.3492295956239104,3.479755538702011,0.0036078931357349,3.477192625403404,3.483944922685623,3.484126292169094,3.478149436414242,3.4753644168376923,0.6021816063672304,0.0081574954004335,0.5942106209695339,0.609991000033915,0.5975375175476074,0.5952280163764954,0.6139408769086003,0.4966397318989038,0.0031060254595045,0.496005448512733,0.4935365850105881,0.4939022827893495,0.4976692907512188,0.5020850524306297,0.3486227858811617,0.0051321952787877,0.3451595725491643,0.3421415453776717,0.3541129985824227,0.3465120354667306,0.3551877774298191,3.476477937400341,0.0030384541298252,3.472235068678856,3.477749928832054,3.4804636016488075,3.473718799650669,3.4782222881913185,0.6126094084233046,0.0083102596613686,0.6169044300913811,0.6244165115058422,0.6152612920850515,0.6047420864924788,0.6017227219417691,0.4961745820939541,0.0031035043053587,0.4984486224129796,0.4927860172465443,0.4923172229900956,0.4972000392153859,0.5001210086047649,8.0,4.898979485566356,11,3,2,15,9,0.5342937122993434,0.0258916636001075,0.5249213145127415,0.5446269973601212,0.490955762116687,0.5692878031967759,0.5416766843103914,0.530131606656419,0.0277759782815585,0.5350790624237642,0.5336930717319017,0.4804121330902898,0.5665353420546552,0.5349384239814838,0.5267633777834531,0.0206457057562799,0.5354266176746197,0.5367360740283955,0.4862139501347753,0.5437352210991131,0.5317050259803614,433.3680908203125,11.464544093418947,426.9621887207031,428.9726867675781,421.966796875,454.9659729003906,433.9728088378906,1015.1979858398438,0.3998809704407901,1015.9977416992188,1014.999755859375,1014.999755859375,1014.996826171875,1014.995849609375,0.0037434545811265,0.0041051267165434,0.0019685039296746,0.0009852217044681,0.0009852217044681,0.0029556651134043,0.0118226604536175,0.0009850277565419,0.0006231090380063,0.0009842519648373,0.0009852217044681,0.0009852217044681,0.0,0.0019704434089362,0.0222603859379887,0.0134715171778977,0.0285433065146207,0.007881773635745,0.0118226604536175,0.0177339911460876,0.0453201979398727,0.0045310501474887,0.001930435346429,0.0049212598241865,0.0049261087551712,0.0049261087551712,0.0009852217044681,0.0068965516984462,0.0449164126068353,0.0134566199973309,0.049212597310543,0.0256157647818326,0.0423645339906215,0.040394090116024,0.0669950768351554,0.0090622941032052,0.0023646800119681,0.0088582672178745,0.0088669955730438,0.0108374385163187,0.0049261087551712,0.0118226604536175
250,0.3372449401766061,0.0025309167540441,0.3376612796758612,0.3403334518273671,0.3379759012411038,0.3376578539609909,0.3325962141777078,3.4645136224726834,0.0043069763649201,3.4611781674126783,3.46857471143206,3.4674564289549985,3.467666570097208,3.457692234466473,0.632688350106279,0.0039731909868731,0.6324225757271051,0.6292561143636703,0.6288847588002682,0.6329408629486958,0.6399374386916558,0.5019090018545589,0.0073003212792898,0.5095828933020433,0.4956106959531705,0.494823149094979,0.4976436262950301,0.5118846446275711,0.354456327483058,0.00419040533289,0.3520892858505249,0.3557014549151063,0.361231442540884,0.3546926286071539,0.3485668255016207,3.482400268316269,0.0031286079908344,3.4827433824539185,3.4843909963965416,3.4851406067609787,3.483361542224884,3.476364813745022,0.597589761018753,0.0116680515693185,0.6100623104721308,0.5913006504997611,0.5795165691524744,0.5968909803777933,0.6101782945916057,0.4949108308181166,0.002067852903637,0.4955884534865618,0.4940342269837856,0.4935429785400629,0.4927741475403309,0.4986143475398421,0.3516434634104371,0.004552163994165,0.349828228354454,0.3444622037932277,0.3576057143509388,0.351087705232203,0.355233465321362,3.4784694984555244,0.0016129974668514,3.47588862478733,3.47851300239563,3.4803318679332733,3.4776559621095657,3.4799580350518227,0.6045465137809515,0.0085498752815156,0.6202513482421637,0.6071380153298378,0.5983344558626413,0.599023787304759,0.5979849621653557,0.4945327339693904,0.0020018702879667,0.4965397845953703,0.4927872652187943,0.49310352653265,0.4928540037944913,0.497379089705646,4.6,2.4166091947189146,7,3,2,3,8,0.5318155623485247,0.013916463037505,0.5289563586601476,0.544539920639803,0.5059486217257139,0.5390653952352997,0.540567515481659,0.5260861351632438,0.0175559357612768,0.5208800127917533,0.5427033558418157,0.49441894698626,0.5400776806868992,0.5323506795094903,0.5236347136834335,0.0098592070839074,0.5212605588854157,0.5370263222095153,0.5075347008977514,0.5223732694048999,0.5299787170195852,433.3686096191406,11.465659297332063,426.9615478515625,428.97125244140625,421.9682312011719,454.9692077636719,433.9728088378906,1015.1994140625,0.4003872911267928,1016.0001831054688,1015.0001831054688,1015.0001831054688,1015.0001831054688,1014.996337890625,0.0029535317793488,0.0039366201497614,0.0108267720788717,0.0009852217044681,0.0009852217044681,0.0009852217044681,0.0009852217044681,0.0007879834156483,0.000393991886837,0.0009842519648373,0.0009852217044681,0.0009852217044681,0.0009852217044681,0.0,0.017924440652132,0.008403234810887,0.033464565873146,0.007881773635745,0.0167487692087888,0.01576354727149,0.01576354727149,0.0041371555067598,0.0011490902558246,0.0039370078593492,0.0049261087551712,0.0049261087551712,0.0049261087551712,0.0019704434089362,0.0372289683669805,0.0169016627990294,0.062992125749588,0.0187192130833864,0.0266009867191314,0.0266009867191314,0.0512315295636653,0.0086682057008147,0.0019102389811835,0.0088582672178745,0.0098522175103425,0.0098522175103425,0.0098522175103425,0.0049261087551712
275,0.3324583019440373,0.0040425042251995,0.3336616484448313,0.3312128009274602,0.3253755650172631,0.3372782620911796,0.334763233239452,3.448751995215813,0.0148008490403097,3.4437131534020105,3.440547201782465,3.428198670347532,3.467778934786717,3.463522015760342,0.6401531315098207,0.0052798365598977,0.6381643035759529,0.6436926480382681,0.647686081007123,0.6320829850931963,0.6391396398345629,0.5261957987522086,0.0231178277146331,0.5351793381075064,0.5372626666600505,0.5587785436461369,0.4965452589094639,0.5032131864378849,0.3516354601830244,0.0021898800647417,0.3518750388175249,0.3526787040755152,0.3541512079536915,0.3518912345170975,0.3475811155512929,3.4805672615766525,0.0019724652216946,3.4783244356513023,3.480492763221264,3.480898931622505,3.4840436205267906,3.4790765568614006,0.5988557493314147,0.0066893003187563,0.595764646306634,0.5930241756141186,0.5919889211654663,0.6047055125236511,0.6087954910472035,0.4967872565612197,0.0018777040014298,0.4997782250866294,0.4964219909161329,0.4973364612087607,0.4939333302900195,0.4964662753045559,0.3480346029624342,0.0056716404323268,0.3455429961904883,0.338530970737338,0.3531808163970709,0.3487784154713154,0.3541398160159588,3.476889456808567,0.0032991110995687,3.4718510434031487,3.474443696439266,3.4778657108545303,3.4794638082385063,3.4808230251073837,0.610694257542491,0.0100443738776227,0.621347988024354,0.6211856473237276,0.6084543615579605,0.6082114055752754,0.5942718852311373,0.4976282231509685,0.0024991459415413,0.4994379673153162,0.5005719922482967,0.4977645855396986,0.4932710006833076,0.4970955699682235,11.8,5.946427498927402,14,15,20,4,6,0.5465431547528563,0.0123953290607086,0.5264065229985772,0.5521554423194159,0.543533757537946,0.5644878979498745,0.5461321529584676,0.5398698940858517,0.0085913565565236,0.5464678025810826,0.5510813132985141,0.5275713809665076,0.5412004846177974,0.5330284889653573,0.5354222160382738,0.006165433511669,0.5406552693251911,0.5441372764321623,0.5329003806841378,0.5269626104352584,0.5324555433146192,433.3667053222656,11.465020725606452,426.95892333984375,428.968017578125,421.96722412109375,454.9655151367187,433.9738464355469,1015.197509765625,0.4001194049267642,1015.9977416992188,1014.9954223632812,1014.998779296875,1014.999755859375,1014.995849609375,0.0049239751882851,0.0037868973135298,0.0108267720788717,0.0029556651134043,0.007881773635745,0.0019704434089362,0.0009852217044681,0.0007879834156483,0.0007372206790883,0.0009842519648373,0.0,0.0009852217044681,0.0019704434089362,0.0,0.026588961482048,0.0183987678960989,0.0610236227512359,0.0098522175103425,0.0295566506683826,0.0177339911460876,0.0147783253341913,0.0037432606332004,0.0003952523693442,0.0029527558945119,0.0039408868178725,0.0039408868178725,0.0039408868178725,0.0039408868178725,0.0537723530083894,0.027075397259014,0.1053149625658989,0.0256157647818326,0.0492610856890678,0.0472906418144702,0.0413793101906776,0.008471549116075,0.0018284868860625,0.0068897637538611,0.0059113302268087,0.0108374385163187,0.0098522175103425,0.0088669955730438
300,0.3373141291861733,0.0031669583640979,0.3375771331290404,0.340863926957051,0.3315098223586877,0.3373599167292316,0.3392598467568556,3.463524288435777,0.00564180586077,3.4589060060679913,3.468338780105114,3.4547171741724014,3.467791655411323,3.4678678264220557,0.6327058085550864,0.0048465899045832,0.629777611233294,0.6288880435749888,0.642072324330608,0.6326469772805771,0.6301440863559643,0.5031510220840573,0.0091391780570226,0.5128528034935395,0.4956527010848124,0.5157236919427911,0.4956316991398732,0.4958942147592703,0.3533327165991068,0.000963393856603,0.3537178924307227,0.3536282647401094,0.353293958120048,0.3544604172930121,0.3515630504116416,3.4815330311655996,0.0023167537732126,3.478297993540764,3.4825529605150223,3.4822119250893593,3.4849174469709396,3.479684829711914,0.6010622857138515,0.0083042510374779,0.5972862988710403,0.6035673813894391,0.5868116309866309,0.6082193236798048,0.6094267936423421,0.4953113082796335,0.0019674113532943,0.4985231179744005,0.4932215670123696,0.496516952291131,0.4946514843031764,0.49364341981709,0.3493746310472488,0.0047583626000025,0.3493271460756659,0.3415504060685634,0.3511619511991739,0.3485254952684045,0.3563081566244364,3.477482168376446,0.0033837238866132,3.471933513879776,3.4767991825938225,3.477590650320053,3.4786416962742805,3.4824457988142967,0.6144019905477762,0.0070373863321801,0.6200401149690151,0.6225085612386465,0.6073162667453289,0.6173071125522256,0.604837897233665,0.4957410670816898,0.0032049014081157,0.4981587138026953,0.4931325381621718,0.5008832905441523,0.4933252884075045,0.4932055044919252,5.2,2.85657137141714,7,3,10,3,3,0.5308213601815099,0.0095317843595093,0.5162414479479205,0.5248728693166481,0.5310814108181029,0.5416057282994111,0.5403053445254669,0.5310479231981101,0.0033786580561991,0.5268989965365927,0.5361045508514304,0.532621426937701,0.5318977123218918,0.5277169293429343,0.5276976514137749,0.0055603325490614,0.5245317801705824,0.5334302343734447,0.5344592334378889,0.5196813620466131,0.526385647040345,433.369140625,11.46565816915868,426.96380615234375,428.972900390625,421.96295166015625,454.9672546386719,433.9787902832031,1015.1991333007812,0.3995508096984623,1015.9982299804688,1014.999267578125,1014.996826171875,1015.0006713867188,1015.0006713867188,0.00472809439525,0.003707316039357,0.0049212598241865,0.0,0.0108374385163187,0.0059113302268087,0.0019704434089362,0.0009850277565419,3.878958523273468e-07,0.0009842519648373,0.0009852217044681,0.0009852217044681,0.0009852217044681,0.0009852217044681,0.0242288898676633,0.0104274966184647,0.0383858270943164,0.0098522175103425,0.0295566506683826,0.0285714287310838,0.0147783253341913,0.0047282884828746,0.00073810295967,0.0039370078593492,0.0059113302268087,0.0039408868178725,0.0049261087551712,0.0049261087551712,0.0433365657925605,0.0172387947046085,0.0669291317462921,0.0206896550953388,0.0561576373875141,0.0453201979398727,0.027586206793785,0.0088654439896345,0.0012474480200973,0.0078740157186985,0.0098522175103425,0.0068965516984462,0.0098522175103425,0.0098522175103425
325,0.3335400741547346,0.0045412621525745,0.3396258102729916,0.3279430173958341,0.3373994715511799,0.3290852193410198,0.3336468522126476,3.4525629080832005,0.0159195790475946,3.466995851447185,3.4279820919036865,3.46803851177295,3.439875272413095,3.4599228128790855,0.6379256871839364,0.0079686599194337,0.6286247596144676,0.6482926892737547,0.6293231329570214,0.6449429666002592,0.6384448874741793,0.5191284253572424,0.0234255385067243,0.4998361701145768,0.5574995614588261,0.4969715854773919,0.5348727138092121,0.5064620959262053,0.3522906128317117,0.0033914673545531,0.3548546796664595,0.3523399699479341,0.3569053160026669,0.3500022534281015,0.3473508451133966,3.4796759456396105,0.0022076277537331,3.482229895889759,3.4778352454304695,3.482497029006481,3.477553114295006,3.478264443576336,0.5991474973037839,0.0089816698376781,0.6021358268335462,0.5917822690680623,0.5863257916644216,0.6040129587054253,0.6114806402474642,0.4967143587768078,0.0034525887152027,0.4920034548267722,0.4991955356672406,0.4935808721929788,0.5012737596407533,0.4975181715562939,0.348759450763464,0.0047269856638236,0.3491022838279605,0.3411513706669211,0.3545309323817491,0.3464002199470997,0.3526124469935894,3.4755518436431885,0.0038673406647039,3.474333740770817,3.4702925980091095,3.479108527302742,3.473222516477108,3.480801835656166,0.6109012745320797,0.0115948036186774,0.631941432133317,0.6111346734687686,0.6018703887239099,0.6108196517452598,0.5987402265891433,0.4978512048721313,0.0045639013980592,0.4955125451087951,0.5007659960538149,0.492252972908318,0.5051700454205275,0.4955544648692012,9.8,6.675327707311455,5,20,2,15,7,0.5466491795295139,0.0276423431205768,0.5259040934481991,0.5655949976330109,0.50788948243048,0.5857218004778098,0.5481355236580696,0.5390079477235098,0.0308519446005015,0.5227563661998065,0.5605034038986405,0.4938190967004179,0.5834059457761793,0.534554926042505,0.5349826496585307,0.0177662311241178,0.5217755240109851,0.5548724356507391,0.5098840424321301,0.5544045707351412,0.533976675463658,433.3666625976563,11.46239391038806,426.9642028808594,428.96533203125,421.97021484375,454.961181640625,433.9723815917969,1015.1972045898438,0.4012186634150683,1015.9996337890624,1014.994384765625,1014.999755859375,1014.9954223632812,1014.996826171875,0.0066983439028263,0.0054465829231879,0.0059055117890238,0.0068965516984462,0.0009852217044681,0.0167487692087888,0.0029556651134043,0.0013791164383292,0.0004828165795594,0.0009842519648373,0.0009852217044681,0.0009852217044681,0.0019704434089362,0.0019704434089362,0.0254111558198928,0.0136785376154678,0.0383858270943164,0.0236453209072351,0.007881773635745,0.0433497540652751,0.0137931033968925,0.0047282883897423,0.0009659506535061,0.0039370078593492,0.0039408868178725,0.0059113302268087,0.0059113302268087,0.0039408868178725,0.0488526448607444,0.0222304525482714,0.0728346481919288,0.0384236462414264,0.0197044350206851,0.0768472924828529,0.0364532023668289,0.0092597263865172,0.0025400042452085,0.0068897637538611,0.0088669955730438,0.0137931033968925,0.0098522175103425,0.0068965516984462
350,0.3345251698667805,0.0030080839687247,0.3346098925297459,0.3336167257900039,0.3383079000438253,0.3294593384489417,0.3366319925213853,3.4556516063710054,0.0100626031067351,3.447249455998341,3.45040583362182,3.4677952639758587,3.4450115089615188,3.4677959692974887,0.63698722148935,0.0052335415969858,0.6361025683581829,0.640704778333505,0.6294839344918728,0.6445731936643521,0.6340716325988373,0.5146950432409843,0.0149573677427789,0.5285093104466796,0.5233324766159058,0.4964108507459362,0.5285828147704402,0.4966397636259596,0.3530072262510657,0.0037835942657409,0.351662315428257,0.3557568350806832,0.3586072195321321,0.3512819595634937,0.3477278016507625,3.4799555003643037,0.0015894133415276,3.4780312702059746,3.4812749475240707,3.482102744281292,3.478351406753063,3.4800171330571175,0.5940838344395161,0.0150101996038171,0.6035856939852238,0.5952525362372398,0.5696715759113431,0.5878302063792944,0.6140791596844792,0.4959455844014883,0.0021284658746878,0.4992551431059837,0.4961448647081852,0.4933854676783085,0.4969967901706695,0.4939456563442945,0.348744859546423,0.0039399892611983,0.3459361298009753,0.3432809598743915,0.3543033851310611,0.3484749468043446,0.3517288761213422,3.4760482266545294,0.0040334959920176,3.47059216350317,3.474792994558811,3.478346049785614,3.4740727469325066,3.482437178492546,0.608698301576078,0.0153562729879518,0.631319023668766,0.6180057730525732,0.5886103436350822,0.5954594453796744,0.6100969221442938,0.4968688970431685,0.0032399231942779,0.5019645225256681,0.4974570358172059,0.4926612544804811,0.498051836155355,0.4942098362371325,8.8,4.874423042781576,13,11,2,14,4,0.5356947106390081,0.0123055229927518,0.5281173008284988,0.5406352654690085,0.5207217122613275,0.5566663770435712,0.5323328975926344,0.5329241424674608,0.0189511692123052,0.5400789733992644,0.5370730516406659,0.5069643243614249,0.5620009349068771,0.5185034280290718,0.5245636558095003,0.0123677087102726,0.5394924935416624,0.5297811019898371,0.5041694534750831,0.5317145251665947,0.5176607048743234,433.36818237304686,11.465244575924974,426.9634094238281,428.9673767089844,421.9675903320313,454.9674682617187,433.9750671386719,1015.1978759765624,0.3996596945127182,1015.9971923828124,1014.996826171875,1014.999267578125,1014.996826171875,1014.999267578125,0.0049251387827098,0.0035794887363123,0.0049212598241865,0.0118226604536175,0.0029556651134043,0.0029556651134043,0.0019704434089362,0.0007879834156483,0.000393991886837,0.0009842519648373,0.0009852217044681,0.0009852217044681,0.0,0.0009852217044681,0.0224572364240884,0.0087277015812846,0.0295275598764419,0.0344827584922313,0.0128078823909163,0.0128078823909163,0.0226600989699363,0.0043340058531612,0.0017174601231972,0.0049212598241865,0.0059113302268087,0.0049261087551712,0.0009852217044681,0.0049261087551712,0.0411714065819978,0.0169460254929375,0.0551181100308895,0.0669950768351554,0.0246305428445339,0.0256157647818326,0.0334975384175777,0.0110325437039136,0.0011509565710271,0.0098425196483731,0.0118226604536175,0.0098522175103425,0.0128078823909163,0.0108374385163187
375,0.3419849647209048,0.0048248064863179,0.3406100894014041,0.3423617432514826,0.3508880060787002,0.3394205349807938,0.3366444498921434,3.467844557513793,0.0009486441987361,3.4686898700892925,3.468548851708571,3.4662035293877125,3.468434277921915,3.4673462584614754,0.6220048692077398,0.0148819507056525,0.6274715466424823,0.6250450645262996,0.5931523330509663,0.6283834235121807,0.6359719783067703,0.4960807087520757,0.0011558299059374,0.4976100266600649,0.4951276689146955,0.495079364006718,0.4952116729691624,0.4973748112097382,0.3539259107783437,0.0044771193599053,0.3560837414115667,0.3527539987117052,0.3578838082030415,0.3572119437158108,0.3456960618495941,3.4827043652534484,0.0021884881713602,3.4829575419425964,3.485960081219673,3.4826764911413193,3.4828643947839737,3.47906331717968,0.6020391864702106,0.0145299006417886,0.593755317851901,0.6198463905602694,0.5940135382115841,0.5839073266834021,0.6186733590438962,0.4938177391886711,0.0004524810413523,0.4944328386336565,0.4938767179846763,0.4930325532332062,0.4939712220802903,0.4937753640115261,0.3505136001855135,0.0047472694684178,0.3510831370949745,0.3415306890383363,0.3556320313364267,0.3523009102791548,0.3520212331786752,3.4784866109490395,0.0020524913032239,3.4760720506310463,3.4786381870508194,3.478872425854206,3.47684645652771,3.4820039346814156,0.6104230159893632,0.0152691959187337,0.6098101045936346,0.6369759254157543,0.6091050375252962,0.589295825920999,0.6069281864911318,0.4929563695564866,0.0004476956883098,0.4922632668167352,0.4936680728569627,0.4930090215057134,0.4928502682596445,0.4929912183433771,2.8,1.469693845669907,4,2,1,2,5,0.5210263044339671,0.0150293389001785,0.5250109446925799,0.5421555502403902,0.4965239133439912,0.5149530349323957,0.526488078960479,0.5175454925739099,0.0129479182564313,0.5262305325637615,0.5364981128949123,0.4989169324386527,0.5158699002022044,0.5102119847700184,0.516781783317064,0.0080436676832204,0.5238422839474006,0.5283867942781351,0.506773348174656,0.5132701722959199,0.511636317889209,433.3700744628906,11.464736499099514,426.96197509765625,428.9716796875,421.9718322753906,454.9687805175781,433.9761047363281,1015.1996215820312,0.4000063687055937,1015.9996337890624,1015.0001831054688,1014.999755859375,1014.999755859375,1014.998779296875,0.0035444707609713,0.0042490746847206,0.0118110235780477,0.0,0.0009852217044681,0.0019704434089362,0.0029556651134043,0.0007879834156483,0.000393991886837,0.0009842519648373,0.0,0.0009852217044681,0.0009852217044681,0.0009852217044681,0.0153649978339672,0.0064585075710463,0.0226377956569194,0.0216748770326375,0.0068965516984462,0.0088669955730438,0.0167487692087888,0.0041369615588337,0.0015758710461896,0.0049212598241865,0.0009852217044681,0.0049261087551712,0.0049261087551712,0.0049261087551712,0.0315177850425243,0.0087511860324075,0.047244094312191,0.0344827584922313,0.0226600989699363,0.0266009867191314,0.0266009867191314,0.0086680116131901,0.0009629458139574,0.0098425196483731,0.0068965516984462,0.0088669955730438,0.0088669955730438,0.0088669955730438
400,0.3358993969857692,0.0054004065722636,0.3382214934875567,0.3427524405221144,0.3315010725830992,0.3279113741591573,0.3391106041769187,3.4587221692005796,0.0108002652691051,3.4619894263645015,3.4693776989976564,3.453429225832224,3.440375835945209,3.468438658863306,0.6337227402254939,0.0079046190718513,0.6311764903366566,0.6232395603631934,0.6407076964775721,0.6447754539549351,0.6287144999951124,0.5112134379645188,0.0155842473283873,0.5084740230813622,0.4956737011671066,0.5178700247779489,0.5376826953142881,0.4963667454818884,0.3540439194068313,0.0030293115102611,0.3562380960211158,0.3576324339956045,0.3554212218150496,0.3510392820462584,0.3498885631561279,3.480870619416237,0.0023733942313948,3.4818260818719864,3.4847003668546677,3.480674110352993,3.4775716736912727,3.4795808643102646,0.597186940908432,0.006383610731138,0.601144103333354,0.5994639378041029,0.5844995314255357,0.5996665712445974,0.60116056073457,0.4962382746860385,0.0028203907398269,0.4956979053094983,0.4933918602764606,0.4972803043201566,0.5011217286810279,0.493699574843049,0.3509472878649831,0.0045167374339711,0.356838715262711,0.3440080992877483,0.3515543220564723,0.3481116965413093,0.3542236061766743,3.4771531343460085,0.0031809459158338,3.4736835658550262,3.478412114083767,3.4775039702653885,3.473892740905285,3.482273280620575,0.6085503263399005,0.007910341513696,0.6050374731421471,0.6217314526438713,0.6108230464160442,0.6075961217284203,0.5975635377690196,0.4971025504171848,0.0042238283063535,0.4991092532873153,0.4925994966179132,0.4958429578691721,0.5042842542752624,0.4936767900362611,7.4,5.4258639865002145,6,2,11,16,2,0.5345801336030769,0.0238783449870615,0.5229043756504131,0.5280287799003283,0.52219631986171,0.5818993434883662,0.5178718491145669,0.5352345109321377,0.0222718204595922,0.5375289885314258,0.5382464403563367,0.5223041701461875,0.5727331049134781,0.5053598507132607,0.5348537705101721,0.0123916651100086,0.537468220664763,0.5332544723894842,0.5291090151424936,0.5561154889734774,0.5183216553806422,433.3672790527344,11.463579494916376,426.961181640625,428.9694213867187,421.9670104980469,454.96246337890625,433.976318359375,1015.1984741210938,0.3996356701892553,1015.9977416992188,1014.999755859375,1014.9978637695312,1014.996826171875,1015.0001831054688,0.0068936427589505,0.0052460433338699,0.0147637799382209,0.0108374385163187,0.0019704434089362,0.0059113302268087,0.0009852217044681,0.0009850277565419,3.878958523273468e-07,0.0009842519648373,0.0009852217044681,0.0009852217044681,0.0009852217044681,0.0009852217044681,0.0305267451331019,0.0236156965137885,0.0767716541886329,0.0246305428445339,0.01576354727149,0.0236453209072351,0.0118226604536175,0.0053190336562693,0.0004812362748963,0.0059055117890238,0.0059113302268087,0.0049261087551712,0.0049261087551712,0.0049261087551712,0.0571191977709531,0.0334007342561916,0.1200787425041198,0.0453201979398727,0.0423645339906215,0.0561576373875141,0.0216748770326375,0.0094561889767646,0.0016003230362359,0.0098425196483731,0.0118226604536175,0.0068965516984462,0.0098522175103425,0.0088669955730438
425,0.3377656998733679,0.0039103476327028,0.340760157443583,0.3406569914271434,0.3381245099008083,0.3301992248743772,0.3390876157209277,3.4634188671906783,0.0090974881274125,3.46860525632898,3.4676821840306125,3.467802739391724,3.4452360967795053,3.4677680594225726,0.6315625527873635,0.0061987326874221,0.627834340557456,0.6286841860661904,0.629022321353356,0.6439350613703331,0.6283368545894822,0.5032262075692415,0.0130334567583077,0.4970156885683536,0.4973076072831948,0.4962974423542619,0.5292800602813562,0.496230239359041,0.3553532311692834,0.0033232306208151,0.3593702269718051,0.3551900163292885,0.3582690795883536,0.3539229370653629,0.3500138958916068,3.4810791224241258,0.0029742162280279,3.4813038259744644,3.4844856932759285,3.4841960668563843,3.477492853999138,3.4779171720147133,0.5971455246210098,0.0095962120239379,0.5995855173096061,0.6008075950667262,0.5862543135881424,0.5870704222470522,0.6120097748935223,0.4945927146822214,0.0024606449163486,0.4931715149432421,0.4940470112487674,0.4938264954835176,0.4993968764320016,0.4925216753035784,0.35180768314749,0.0050613238380443,0.353390458971262,0.3427272010594606,0.3552912613376975,0.3504285449162125,0.3572009494528174,3.477520500123501,0.0034326607592043,3.475259132683277,3.4786377400159836,3.4798392429947853,3.4721120223402977,3.4817543625831604,0.6082350278273225,0.0109769356285931,0.6218180172145367,0.6202811989933252,0.6040123123675585,0.59393260627985,0.601131004281342,0.4951170109212398,0.0034428660373206,0.4938753508031368,0.4931967901065945,0.4924104828387499,0.5018913494423032,0.4942110814154148,4.6,4.2708313008125245,4,2,2,13,2,0.5204274312869547,0.0232883371147212,0.4995340230043414,0.5046547023716381,0.5205977677442716,0.5647561578557018,0.5125945054588207,0.5158387369258741,0.0264458246686837,0.5046535361719204,0.5147027706813992,0.4846449927035804,0.5645283819101,0.5106640031623702,0.5150155336974997,0.0132552301906402,0.5153667499858628,0.507201853608737,0.4999306656023123,0.5392426616221062,0.5133357376684806,433.36936645507814,11.463031361320908,426.9656677246094,428.9718627929687,421.96881103515625,454.9637756347656,433.9767150878906,1015.1989624023438,0.4001235450746778,1015.9992065429688,1014.999755859375,1014.999755859375,1014.996826171875,1014.999267578125,0.0049237811472266,0.0038369231691217,0.0118110235780477,0.0009852217044681,0.0019704434089362,0.0039408868178725,0.0059113302268087,0.0005909390747547,0.0004824998640075,0.0009842519648373,0.0009852217044681,0.0009852217044681,0.0,0.0,0.0181242004036903,0.0055930284666527,0.0196850392967462,0.0177339911460876,0.007881773635745,0.0206896550953388,0.0246305428445339,0.0051221831701695,0.0009655159542424,0.0049212598241865,0.0049261087551712,0.0049261087551712,0.0039408868178725,0.0068965516984462,0.034277568757534,0.0074539825554284,0.0413385815918445,0.0285714287310838,0.0236453209072351,0.0433497540652751,0.0344827584922313,0.0092591447755694,0.0007867310891968,0.0098425196483731,0.0088669955730438,0.0098522175103425,0.007881773635745,0.0098522175103425
450,0.3324784812207023,0.0034336906584739,0.336707182539006,0.3343071124205987,0.3299691084151466,0.3271594773977995,0.3342495253309607,3.4517699648936593,0.0082385492724306,3.4584203101694584,3.453145157545805,3.44882878040274,3.4375728679200015,3.4608827084302902,0.6401977611084779,0.0050526691206962,0.6336643571654955,0.6384408554683129,0.6437941882759333,0.6479263696819544,0.6371630349506935,0.5216116268187763,0.0108707151041379,0.5135458496709665,0.5211168341338634,0.5263167697315415,0.5392871992662549,0.5077914812912544,0.3529447292909026,0.0035509197064439,0.3542260406538844,0.3550002574920654,0.3576487740501761,0.3500909600406885,0.3477576142176986,3.4801513209939,0.0013310252194735,3.48007133603096,3.4801563397049904,3.4814723134040833,3.4813074097037315,3.477749206125736,0.597032387368381,0.011193881877925,0.584736343473196,0.5975673282518983,0.5841791667044163,0.6074823532253504,0.6111967451870441,0.4973495539277792,0.0021596238757284,0.4963532211259007,0.4973866837099194,0.5014057056978345,0.4965352136641741,0.4950669454410672,0.3510007446631789,0.004554631805778,0.350642304867506,0.3478190433233976,0.3586479648947716,0.3453031945973634,0.3525912156328559,3.4762016773223876,0.0029051384363597,3.4734881296753883,3.473828062415123,3.477603033185005,3.474847286939621,3.481241874396801,0.6041835639625788,0.0072059285350377,0.6023278422653675,0.6073017958551645,0.5971111115068197,0.6165638361126184,0.5976132340729237,0.4984928412362933,0.0023132398293249,0.4997780993580818,0.4987171152606606,0.5005682688206434,0.4993761638179421,0.4940245589241385,10.8,3.54400902933387,8,10,12,17,7,0.544838640828713,0.0255158675681556,0.5101501646527729,0.5551143223956349,0.5236335248410297,0.5827516295295909,0.5525435627245368,0.537857080558853,0.0197512752036745,0.5192321369074298,0.5590465459300873,0.5188618312810411,0.5642229056673924,0.5279219830083142,0.5321651176820533,0.0089162962487979,0.5271899015908823,0.545359699194023,0.5227136859552595,0.540148761783464,0.525413539886638,433.3670349121094,11.466866896215256,426.95892333984375,428.9671936035156,421.9641723632813,454.9685668945313,433.976318359375,1015.197412109375,0.4004098331216962,1015.9982299804688,1014.995849609375,1014.996826171875,1014.9978637695312,1014.998291015625,0.0094563828315585,0.0065234876937591,0.0088582672178745,0.0147783253341913,0.0187192130833864,0.0019704434089362,0.0029556651134043,0.0011820720974355,0.0003941858346751,0.0009842519648373,0.0009852217044681,0.0019704434089362,0.0009852217044681,0.0009852217044681,0.0330964675173163,0.0163975403478995,0.0354330688714981,0.0600985251367092,0.0374384261667728,0.0197044350206851,0.0128078823909163,0.005910360533744,0.0017629612737511,0.0049212598241865,0.0049261087551712,0.0088669955730438,0.0039408868178725,0.0068965516984462,0.0567342236638069,0.0234003547403811,0.0738188996911048,0.0866995081305503,0.064039409160614,0.0266009867191314,0.0325123146176338,0.0092595325782895,0.0010068654475287,0.0078740157186985,0.0098522175103425,0.0108374385163187,0.0088669955730438,0.0088669955730438
475,0.3336071400592724,0.0057041585492897,0.3385500659545262,0.3417562519510587,0.3261172892525792,0.3306380165740847,0.3309740765641133,3.452268810321887,0.0123770382429792,3.460314892232418,3.468594073007504,3.4316488467156887,3.449279025197029,3.4515072144567966,0.6372575152354936,0.0081462321320958,0.6268222001381218,0.6286217048764229,0.6474135934064785,0.6433654191593329,0.6400646585971117,0.520963524095714,0.0189469081972355,0.5109941853831211,0.4956947049746911,0.5532656898722053,0.5245862565934658,0.5202767836550871,0.3536598864942789,0.0046560186551943,0.3523448687046766,0.3570673083886504,0.3566460469737649,0.3571720374748111,0.3450691709294915,3.479489769041538,0.0020502671506439,3.4797014966607094,3.4807858914136887,3.4808151721954346,3.4806734174489975,3.475472867488861,0.5980810195207595,0.0120608818409554,0.5999637236818671,0.5902534024789929,0.5824131797999144,0.5993095189332962,0.6184652727097273,0.4971875378862023,0.0019628006948536,0.4963959287852049,0.4940560618415475,0.4970359280705452,0.4987220978364348,0.4997276728972792,0.350265878252685,0.0052765294413867,0.3465946232900023,0.3436184376478195,0.3591158594936132,0.3499654633924365,0.3520350074395537,3.476053628325462,0.0026742931640553,3.4721269756555557,3.4766251668334007,3.476949915289879,3.4744380712509155,3.480128012597561,0.6085058638826013,0.010383141514583,0.621003670617938,0.6116252411156893,0.5903944252058864,0.6143348896875978,0.6051710927858949,0.4988702159374952,0.0043053121820334,0.4972178442403674,0.4930342976003885,0.4998387331143021,0.5062348889186978,0.4980253158137202,10.6,5.678027826631356,7,3,20,12,11,0.5395589695533112,0.0332581214532753,0.5181910906225254,0.508216285017248,0.5113062321054983,0.5828529027384376,0.5772283372828463,0.5360958582490384,0.0225465037841147,0.528751468379183,0.5161469359777233,0.5115619321101869,0.5705206393671338,0.5534983154109648,0.5345241558658969,0.0139214639584653,0.5355905369011403,0.5197536821358342,0.5176919521966014,0.5500889122308116,0.5494956958650968,432.9675354003906,11.745824787284691,426.9627990722656,427.9738159179687,420.9665832519531,454.9629211425781,433.9715576171875,1014.997802734375,0.0012352647110032,1014.998779296875,1014.999267578125,1014.998291015625,1014.996337890625,1014.996337890625,0.0096551728900521,0.0051155686819208,0.0088669955730438,0.0009852217044681,0.0098522175103425,0.0167487692087888,0.0118226604536175,0.0011822660453617,0.0003940886817872,0.0009852217044681,0.0009852217044681,0.0009852217044681,0.0019704434089362,0.0009852217044681,0.0260098531842231,0.0113809102116507,0.0246305428445339,0.0068965516984462,0.0295566506683826,0.0423645339906215,0.0266009867191314,0.0061083746142685,0.0030141987081904,0.0049261087551712,0.0049261087551712,0.0019704434089362,0.0108374385163187,0.007881773635745,0.0512315284460783,0.0222319821365856,0.0453201979398727,0.0147783253341913,0.0571428574621677,0.0837438479065895,0.0551724135875701,0.0094581285491585,0.0028281181289926,0.0088669955730438,0.0098522175103425,0.0049261087551712,0.0137931033968925,0.0098522175103425
500,0.3372473465899627,0.0076820529487399,0.3385286731645465,0.3513365493466456,0.3295293968791763,0.3316782830903927,0.335163830469052,3.4590205038587256,0.0080810683778698,3.4634031305710473,3.4677591746052108,3.4454757310450077,3.454364181806644,3.464100301265717,0.6305300017508367,0.0153166650927702,0.6304264751573404,0.6010057825284699,0.6425267240653435,0.6403362375373641,0.6383547894656658,0.5112537623072664,0.0127768590702526,0.5065419000263015,0.4953061783065398,0.5309349646170934,0.5204573938002189,0.5030283747861782,0.3548720868304372,0.0038292844699319,0.3556102411821484,0.3586432002484798,0.3575731450691819,0.3548208521679044,0.3477129954844713,3.481097064912319,0.00199329204005,3.481002613902092,3.4827173575758934,3.482728958129883,3.4817071557044983,3.4773292392492294,0.6019910586997866,0.010606709446508,0.5982550485059619,0.6067001763731241,0.5835063867270947,0.6067865807563066,0.614707101136446,0.4962382430210709,0.0024441314196092,0.4940925436094403,0.4932697536423802,0.4957998851314187,0.4996646670624614,0.4983643656596541,0.3522766159847378,0.0035760449263921,0.3537857374176383,0.3505654325708747,0.3570297649130225,0.346410371363163,0.3535917736589908,3.4776012003421783,0.0034256800049341,3.4732368662953377,3.4784786105155945,3.4764718636870384,3.476239942014218,3.483578719198704,0.6109880976378917,0.0071036999904482,0.6130661573261023,0.6136298319324851,0.6023185178637505,0.6218526940792799,0.6040732869878411,0.4982855262234807,0.0043865659089019,0.496266558766365,0.4924722444266081,0.5037147309631109,0.5030909180641174,0.495883178897202,7.2,4.069397989875161,6,1,13,10,6,0.5428837313471611,0.0252055144107485,0.5004924658171624,0.5445312740181113,0.5341735256252089,0.5738614069451347,0.5613599843301879,0.5369388565943879,0.0187296017931357,0.5186446979592964,0.5243582358099288,0.5288696672643157,0.5712029586290975,0.5416187233093017,0.533791812256412,0.0091125189223837,0.5252568596305305,0.5236780828670973,0.5348550336765225,0.5490769386874652,0.5360921464204442,432.96746215820315,11.746241629154577,426.9654541015625,427.9723815917969,420.9631652832031,454.96246337890625,433.9738464355469,1014.9984008789064,0.0012062128249058,1014.999267578125,1014.999755859375,1014.996337890625,1014.9978637695312,1014.998779296875,0.0090640397276729,0.0060219536245735,0.0049261087551712,0.0009852217044681,0.0137931033968925,0.0177339911460876,0.007881773635745,0.0013793103862553,0.0004826580918924,0.0009852217044681,0.0009852217044681,0.0019704434089362,0.0019704434089362,0.0009852217044681,0.0356650255620479,0.0157067940786277,0.0197044350206851,0.0246305428445339,0.052216749638319,0.0571428574621677,0.0246305428445339,0.0051231529563665,0.000737272388736,0.0049261087551712,0.0049261087551712,0.0059113302268087,0.0059113302268087,0.0039408868178725,0.0620689675211906,0.0240442541825092,0.0541871935129165,0.0315270945429801,0.0886699557304382,0.0916256159543991,0.0443349778652191,0.011822660267353,0.0016485909565186,0.0108374385163187,0.0098522175103425,0.0137931033968925,0.0137931033968925,0.0108374385163187
525,0.3337497596939404,0.002404816409809,0.3316165609285235,0.3338669150446852,0.3365454729646444,0.3362087396283944,0.3305111099034548,3.4544622326890626,0.0111756410146544,3.438767906278372,3.448748182505369,3.4676924981176853,3.4668287225067616,3.450273854037126,0.6382315899555882,0.0035157471915363,0.6398964275916418,0.6392945324381193,0.6323336092755198,0.6368092329551777,0.6428241475174824,0.5175302231063446,0.0176296698546032,0.5411731172353029,0.5278267627581954,0.4955896977335214,0.4985760869458318,0.5244854508588711,0.3538174143061042,0.0014502742509371,0.3524236995726824,0.355396082624793,0.3555953660979867,0.3535410258919,0.3521308973431587,3.479323236644268,0.0038989828766594,3.4784145578742027,3.477450132369995,3.483867719769478,3.4834153279662132,3.4734684452414513,0.5980394313111901,0.0078027325992542,0.5909025324508548,0.5875369235873222,0.5991364996880293,0.60791483707726,0.6047063637524843,0.4969325311481952,0.003599590314247,0.4964929232373833,0.4964589281007647,0.4935255032032728,0.4944328423589468,0.5037524588406086,0.3507286386564374,0.0052158889442183,0.3487840183079242,0.3447294356301427,0.3537763897329569,0.3470537280663848,0.3592996215447783,3.4762749895453453,0.0043757490777931,3.4695697501301765,3.472825802862644,3.4813212752342224,3.478400558233261,3.4792575612664223,0.6082599624991417,0.0096668161350527,0.6070568114519119,0.6069359071552753,0.6144292280077934,0.6209189854562283,0.5919588804244995,0.4979266513139009,0.0037780377511347,0.5031074769794941,0.4980456130579114,0.4928842596709728,0.4947113776579499,0.5008845292031765,9.8,5.1146847410177685,17,12,3,5,12,0.5364158785552561,0.0215996053442168,0.5099184656843546,0.5387813978229734,0.5165133000885349,0.5470450464921723,0.5698211826882451,0.5314473098434436,0.0196199635564584,0.5401013641381303,0.547875989319334,0.4943049179220378,0.5294882175359011,0.5454660603018145,0.5282454559861456,0.0207933901553265,0.5485138482959928,0.5363133056819652,0.4925313071747061,0.5180922588069333,0.5457765599711298,432.967333984375,11.747262733076544,426.9605712890625,427.9697570800781,420.9693908691406,454.9668273925781,433.9701232910156,1014.997705078125,0.0017650033312109,1014.9973754882812,1014.995849609375,1015.0001831054688,1014.999267578125,1014.995849609375,0.0074876848142594,0.0070661757451383,0.0019704434089362,0.0059113302268087,0.0009852217044681,0.007881773635745,0.0206896550953388,0.0009852217044681,0.0006231089172705,0.0,0.0009852217044681,0.0009852217044681,0.0019704434089362,0.0009852217044681,0.0297536952421069,0.0134424100735841,0.0325123146176338,0.0197044350206851,0.0128078823909163,0.0315270945429801,0.052216749638319,0.0035467982292175,0.0014745449143705,0.0009852217044681,0.0039408868178725,0.0049261087551712,0.0029556651134043,0.0049261087551712,0.0547783274203538,0.0186891136391769,0.0541871935129165,0.0443349778652191,0.0285714287310838,0.0620689690113067,0.0847290679812431,0.0096551727503538,0.0011489559610979,0.007881773635745,0.0108374385163187,0.0088669955730438,0.0098522175103425,0.0108374385163187
550,0.3409738753611843,0.0059330954001302,0.342082985676825,0.3383750723054011,0.3513459333529075,0.339772786013782,0.3332925994570057,3.4656013560791807,0.0049496079914163,3.4697402492165565,3.467254197845856,3.4671221214036145,3.468010652810335,3.4558795591195426,0.6236069909607371,0.0163109066575806,0.6222922823702296,0.6337409044305483,0.5931355146070322,0.628825880587101,0.6400403728087743,0.5000881851961216,0.0078933139191105,0.4963499444226424,0.4982358658065398,0.4940670998767018,0.4961357327799002,0.5156522830948234,0.3545741340145468,0.0044710092125068,0.3524262588471174,0.3539629243314266,0.3612159099429846,0.3572863806039095,0.3479791963472962,3.481052914261818,0.0033929725102566,3.4827358946204185,3.4823605716228485,3.483748197555542,3.482056349515915,3.4743635579943657,0.5999688355252146,0.0056687622526433,0.6012306567281485,0.6002719402313232,0.5925628412514925,0.5962907914072275,0.6094879480078816,0.4948675658553839,0.0020843919996248,0.4937107814475894,0.4945261003449559,0.4938040422275662,0.493332757614553,0.4989641476422548,0.3505971459671855,0.0069353446666106,0.3423401368781924,0.3431140007451176,0.360411899164319,0.3524564886465668,0.3546632044017315,3.4781055077910423,0.0019656723201986,3.4750078916549683,3.4774135053157806,3.4802279323339462,3.477644734084606,3.4802334755659103,0.6089106269180775,0.0120024963461899,0.62756765820086,0.6172881908714771,0.6058921460062265,0.5984080759808421,0.5953970635309815,0.4931314708665013,0.0012309365522747,0.4925352493301034,0.4916846957057714,0.4925994966179132,0.4935445562005043,0.4952933564782142,3.8,2.9257477676655586,2,5,1,2,9,0.5327460248728679,0.026583215151543,0.511215013041282,0.5236485782378558,0.5032136215082669,0.5504741050694439,0.5751788065074912,0.529711884841447,0.0151862652657726,0.5216648164348993,0.5317374435365381,0.5055364576390469,0.5401265361725228,0.5494941704242284,0.5242614847390273,0.0123094485873379,0.521470144917627,0.5269009196964656,0.5032423351512493,0.5286444719595512,0.5410495519702434,432.9707275390625,11.747838289995103,426.9650573730469,427.97320556640625,420.9703979492187,454.9707336425781,433.9742431640625,1014.9990478515624,0.0013105372330471,1015.0001831054688,1014.998291015625,1015.0001831054688,1014.999755859375,1014.996826171875,0.0039408868178725,0.0025691438821705,0.0009852217044681,0.0059113302268087,0.0019704434089362,0.0029556651134043,0.007881773635745,0.0007881773635745,0.0003940886817872,0.0009852217044681,0.0,0.0009852217044681,0.0009852217044681,0.0009852217044681,0.0181280795484781,0.0089995567025277,0.0098522175103425,0.01576354727149,0.0305418726056814,0.007881773635745,0.0266009867191314,0.0057142859324812,0.0009653159556583,0.0049261087551712,0.0068965516984462,0.0049261087551712,0.0049261087551712,0.0068965516984462,0.0403940897434949,0.0127242439924475,0.0266009867191314,0.0285714287310838,0.0610837452113628,0.0384236462414264,0.0472906418144702,0.0106403946876525,0.0011489559610979,0.0098522175103425,0.0128078823909163,0.0098522175103425,0.0098522175103425,0.0108374385163187
575,0.3368688742940625,0.0031698889868293,0.3422341793775558,0.3370082244897882,0.3327485465755065,0.33749954495579,0.3348538760716716,3.4639083959162233,0.0040978670524588,3.4696257213751474,3.4623266384005547,3.458281707018614,3.467482512195905,3.4618254005908966,0.6327007961769898,0.0056645005044839,0.6225618924945593,0.6346657096097866,0.6395265404134989,0.6316036330536008,0.6351462053135037,0.5032215864087144,0.0054684883736554,0.4967762722323338,0.5048617931703726,0.5109311829631528,0.4972068006172776,0.5063318830604354,0.3549280961975455,0.0021454217472569,0.3555397661402821,0.3541124453768134,0.3544582892209291,0.3585457699373364,0.3519842103123665,3.4808730259537697,0.0026407603785827,3.4817167818546295,3.483484171330929,3.4820870980620384,3.481273904442787,3.4758031740784645,0.5970626262947917,0.0112178259461295,0.5981711447238922,0.6028196820989251,0.5892552547156811,0.5812021587044001,0.61386489123106,0.4950792167335748,0.002568912104536,0.4928274815902114,0.4941605301573872,0.4960494032129645,0.4927354650571942,0.4996232036501169,0.3498666340485215,0.0060469431659329,0.3415170460939407,0.3440172197297215,0.3534445650875568,0.3529759002849459,0.3573784390464425,3.4778191328048704,0.0027158127566161,3.473058097064495,3.4785812199115753,3.4796905294060707,3.4768999069929123,3.4808659106492996,0.6108766462653875,0.0180658676394087,0.6374745815992355,0.6235868316143751,0.6074806042015553,0.5856231041252613,0.6002181097865105,0.4948010787367821,0.0021089538007862,0.491843449883163,0.4944833926856518,0.4977053171023726,0.4934235289692879,0.4965497050434351,5.4,2.4166091947189146,2,7,8,3,7,0.5286524736907002,0.0214909358634339,0.4924052823283562,0.5392818010514945,0.5215979944973229,0.5327625776861814,0.5572147128901462,0.5252052604806521,0.0123464995279525,0.5076042049765808,0.5440458135136615,0.5196515705262256,0.5220113259856891,0.532713387401104,0.5194836064236462,0.0119815471112778,0.505596309052173,0.5345807660439965,0.5248879448606808,0.5050876513221044,0.5272653608392762,432.9686279296875,11.748072377666338,426.96484375,427.9658508300781,420.9678039550781,454.9681091308594,433.9765319824219,1014.9988891601564,0.001265298683579,1015.0001831054688,1014.9978637695312,1014.9978637695312,1015.0006713867188,1014.9978637695312,0.0045320199336856,0.0035577283159547,0.0019704434089362,0.0088669955730438,0.0019704434089362,0.0009852217044681,0.0088669955730438,0.0007881773635745,0.0003940886817872,0.0009852217044681,0.0009852217044681,0.0,0.0009852217044681,0.0009852217044681,0.0222660101950168,0.0114996935064708,0.0177339911460876,0.0413793101906776,0.0147783253341913,0.0088669955730438,0.0285714287310838,0.0049261085689067,0.0019704434089362,0.0059113302268087,0.0039408868178725,0.0019704434089362,0.0049261087551712,0.007881773635745,0.0455172423273324,0.0194904648642706,0.0325123146176338,0.080788180232048,0.0433497540652751,0.0236453209072351,0.0472906418144702,0.0096551727503538,0.0032015914595703,0.0098522175103425,0.0108374385163187,0.0039408868178725,0.0098522175103425,0.0137931033968925
600,0.3380616736287872,0.001081145355119,0.338018840799729,0.3397790252541502,0.3382410962755481,0.3378905147934953,0.3363788910210132,3.4669789145390197,0.0020859451448075,3.462956910332044,3.4687818636496863,3.468049466609955,3.4680645763874054,3.467041755716006,0.6315287304421265,0.002807504450318,0.6311672441661358,0.6303493659943342,0.6274713311965266,0.6326313673829039,0.6360243434707323,0.4985172842939694,0.0035921470366347,0.5055863366772732,0.4961042307938139,0.4964192509651184,0.4965137550607323,0.4979628479729096,0.3529222754761577,0.0028942448806536,0.3552153930068016,0.352102505043149,0.3540435628965497,0.3555828304961324,0.3476670859381556,3.4805076614022257,0.0016077773528093,3.480003260076046,3.4808603525161743,3.4828009605407715,3.481016978621483,3.477856755256653,0.5984556533396244,0.0089709090955991,0.5866936380043626,0.6032335851341486,0.5970251969993114,0.5925692627206445,0.6127565838396549,0.4936651859432459,0.0003776995822233,0.4938343036919832,0.4935545176267624,0.4935230137780309,0.4942765729501843,0.4931375216692686,0.3500194171443581,0.0045997574708067,0.349317311309278,0.3420533025637269,0.3533066874369979,0.3498329622671008,0.3555868221446872,3.477597089111805,0.0039339361749924,3.471391536295414,3.476626880466938,3.4801261126995087,3.476700440049171,3.4831404760479927,0.6060801496729255,0.0070380475045885,0.608145534992218,0.6166292661800981,0.6091199554502964,0.5986723974347115,0.5978335943073034,0.49469048473984,0.0025459927220399,0.4993587359786033,0.4926612563431263,0.4928817702457309,0.4930745176970958,0.4954761434346437,4.2,1.32664991614216,6,4,2,4,5,0.5270050809931127,0.0101330526299014,0.5179913181896916,0.5242708202375075,0.5152359855386462,0.5409580225406685,0.5365692584590493,0.5234821055241589,0.0064964622702332,0.5252974470778049,0.5291214426002218,0.5117577397462046,0.529447527087421,0.5217863711091417,0.5233566280675829,0.0038560451907528,0.529182632587714,0.5265141561520463,0.5215944573023789,0.5189541671660008,0.5205377271297743,432.9702575683594,11.747554636170973,426.96197509765625,427.9729919433594,420.9707946777344,454.9692077636719,433.976318359375,1014.9988891601564,0.0008738051839928,1014.9973754882812,1014.998779296875,1014.999755859375,1014.999755859375,1014.998779296875,0.0019704434089362,0.0019704434089362,0.0059113302268087,0.0009852217044681,0.0009852217044681,0.0009852217044681,0.0009852217044681,0.0011822660453617,0.0003940886817872,0.0009852217044681,0.0009852217044681,0.0009852217044681,0.0009852217044681,0.0019704434089362,0.0133990151807665,0.0051609067709332,0.0177339911460876,0.007881773635745,0.007881773635745,0.0128078823909163,0.0206896550953388,0.0053201971575617,0.0013364196176635,0.0068965516984462,0.0049261087551712,0.0039408868178725,0.0039408868178725,0.0068965516984462,0.0346798032522201,0.0120406822583164,0.0551724135875701,0.0236453209072351,0.0246305428445339,0.0413793101906776,0.0285714287310838,0.0100492615252733,0.0007372721896108,0.0108374385163187,0.0098522175103425,0.0088669955730438,0.0098522175103425,0.0108374385163187
625,0.3328987848634521,0.0057455049055612,0.341246919396023,0.3295346976568301,0.3382972373316685,0.3269989235947529,0.328416146337986,3.450970409065485,0.0146162956657688,3.4696851869424186,3.4373147934675217,3.4677252285182476,3.43753232434392,3.4425945120553174,0.6381738066673279,0.009181800872175,0.6260627023875713,0.6454336618383726,0.6278550829738379,0.6463078359762827,0.6452097501605749,0.5224016952638825,0.0211840075019198,0.497080792983373,0.5449554588024815,0.4965872621784608,0.5397870286057392,0.5335979337493578,0.3561659947037697,0.0055728834366126,0.3564558029174804,0.3578933849930763,0.3613605462014675,0.3596038846299052,0.3455163547769189,3.480558228492737,0.0037954618288543,3.483195386826992,3.482016399502754,3.483693279325962,3.480615846812725,3.4732702299952507,0.6002825705334545,0.0114594072392425,0.6054199300706387,0.5980707425624132,0.5819961428642273,0.5986642707139254,0.6172617664560676,0.4976351890712976,0.0036150278263706,0.4940535724163055,0.499602910131216,0.493429752998054,0.4978968156501651,0.5031928941607475,0.3511531051248312,0.0050842330277087,0.3468465823680162,0.3462959118187427,0.3602131884545088,0.3496209103614092,0.352788932621479,3.476825602352619,0.0033733985101057,3.4757285192608833,3.4756059870123863,3.4812040850520134,3.4717381447553635,3.4798512756824493,0.6138405939564109,0.0131906877129144,0.6352395731955767,0.6189375789836049,0.5969508104026318,0.6142658637836576,0.6038091434165835,0.4970843134447932,0.0044057673286672,0.491775463335216,0.5009993314743042,0.4924444761127233,0.5027290750294924,0.4974732212722301,10.8,6.823488843692792,3,17,2,17,15,0.5520854117640079,0.0285791011184166,0.5210044576343881,0.5636453445718511,0.515545352048615,0.5863436717697527,0.573888232795433,0.5415127232825768,0.0263157845754149,0.5211480377008271,0.5603248370382679,0.5035129465786952,0.5765828404602795,0.5459949546348145,0.5369636057237426,0.0168031986279148,0.5259502280102845,0.5555950252938296,0.5097942683683568,0.54938629584332,0.5440922111029224,432.9668823242188,11.745910103135811,426.9650573730469,427.9631958007813,420.9685974121094,454.9622802734375,433.9752807617187,1014.9979248046876,0.0014188540718794,1014.999755859375,1014.995849609375,1014.999267578125,1014.9973754882812,1014.9973754882812,0.0126108379103243,0.0134134960553781,0.0019704434089362,0.0236453209072351,0.0009852217044681,0.0334975384175777,0.0029556651134043,0.001576354727149,0.0007881773635745,0.0009852217044681,0.0019704434089362,0.0009852217044681,0.0029556651134043,0.0009852217044681,0.0409852232784032,0.0273501529570186,0.0137931033968925,0.0669950768351554,0.0147783253341913,0.0798029601573944,0.0295566506683826,0.0061083747074007,0.0015763546805828,0.0049261087551712,0.0068965516984462,0.0049261087551712,0.0088669955730438,0.0049261087551712,0.0677832528948783,0.0352450583167961,0.0266009867191314,0.0945812836289405,0.0433497540652751,0.1221674904227256,0.052216749638319,0.0128078823909163,0.0029226397600726,0.0118226604536175,0.0167487692087888,0.0098522175103425,0.01576354727149,0.0098522175103425
650,0.3365722687914967,0.0037833792264712,0.3408305201058586,0.3401023823147018,0.3376804183547695,0.3318295575057466,0.332418465676407,3.462733348955711,0.0070351766816828,3.469340374072393,3.468221309284369,3.4674652069807053,3.452113543947538,3.456526310493549,0.6338458752259613,0.0066485565158244,0.625434904669722,0.6307470270742973,0.6298031828676661,0.6403210597733656,0.6429232017447551,0.5053406219308576,0.0111653009911141,0.4966712643702825,0.4966397633155187,0.4956106965740521,0.5211903390785059,0.5165910463159283,0.3530775781720877,0.0038274287460346,0.3528787363320589,0.3543748827651143,0.3579628579318523,0.3539428412914276,0.3462285725399852,3.4809296220541,0.0032891925160194,3.4814617037773132,3.484084017574787,3.4843922182917595,3.47913222014904,3.4755779504776,0.6056326936930418,0.0116373242771954,0.6031900905072689,0.6006529340520501,0.6015480551868677,0.5946010453626513,0.6281713433563709,0.4956442603841424,0.0028587704029908,0.493671809323132,0.493143749423325,0.4933692393824458,0.4978400403633713,0.5001964634284377,0.3482929162681102,0.0060711239463578,0.3425517594441771,0.3415246941149235,0.3565679620951414,0.3466629609465599,0.3541572047397494,3.4777275294065477,0.0036645270983772,3.4744443893432617,3.478680208325386,3.4814862608909607,3.472524009644985,3.481502778828144,0.6183620797470212,0.008384611142167,0.6325601693242788,0.6212093755602837,0.6181363519281149,0.6095558386296034,0.6103486632928252,0.4970700453966856,0.0060851431169971,0.4924042597413063,0.4928502673283219,0.4925389839336276,0.5079637682065368,0.4995929477736354,5.6,3.2,3,3,3,10,9,0.5398536318258655,0.027703096289846,0.5016512547485976,0.5220428772649869,0.5341061051156892,0.5784941029042531,0.5629738190958011,0.5320712334279655,0.0268194058650397,0.5001768410231592,0.52692958641793,0.5135387232165327,0.5780945880616466,0.5416164284205589,0.530232764947838,0.0177082210003582,0.5091955667168974,0.5328346982699703,0.5113707204130855,0.5546801401608817,0.5430826991783547,432.9663818359375,11.745828131646393,426.9625854492187,427.9678955078125,420.9675903320313,454.9620666503906,433.9717712402344,1014.9984741210938,0.0017782087631474,1015.0001831054688,1014.999755859375,1014.999755859375,1014.995849609375,1014.996826171875,0.006699507497251,0.0066354516230771,0.0019704434089362,0.0009852217044681,0.0009852217044681,0.01576354727149,0.0137931033968925,0.0007881773635745,0.0003940886817872,0.0009852217044681,0.0009852217044681,0.0009852217044681,0.0,0.0009852217044681,0.0250246308743953,0.0121562142398681,0.0147783253341913,0.0088669955730438,0.027586206793785,0.0305418726056814,0.0433497540652751,0.0051231528632342,0.0011489559930419,0.0059113302268087,0.0039408868178725,0.0049261087551712,0.0039408868178725,0.0068965516984462,0.0486699521541595,0.0124870773807062,0.0334975384175777,0.0334975384175777,0.0561576373875141,0.0591133013367652,0.0610837452113628,0.0108374390751123,0.001246217687286,0.0118226604536175,0.0098522175103425,0.0098522175103425,0.0098522175103425,0.0128078823909163
675,0.3354390568410357,0.0011870650851699,0.3368019235009948,0.3357241737345854,0.3356740546102325,0.3357779737561941,0.3332171586031715,3.4607165157794952,0.0048060346804869,3.4547113875548043,3.4564076152940593,3.46692955493927,3.465398620814085,3.4601354002952576,0.6362112164497375,0.0023158966443005,0.6335787686208884,0.6381846902271112,0.6338623662789663,0.6359900335470835,0.6394402235746384,0.5082892111813029,0.0081925148916171,0.5184118611117204,0.5155157754197717,0.4983093685780962,0.4994014420857032,0.5098076087112228,0.3546332133933901,0.0041346855972371,0.357215010561049,0.3566264780238271,0.3550054542720318,0.3577480716630816,0.3465710524469614,3.4803141847252848,0.0027149736594075,3.4801846519112587,3.483153596520424,3.4811524599790573,3.481840029358864,3.475240185856819,0.6009796595200896,0.0102370072865781,0.5927812419831753,0.6036986224353313,0.5870396113023162,0.6049235071986914,0.616455314680934,0.4964981265366077,0.0027065024566825,0.4988091289997101,0.4937485130503773,0.4932722449302673,0.4965132176876068,0.5001475280150771,0.3522466201335191,0.0052194244702166,0.3594033047556877,0.3438750980421901,0.3531288001686334,0.3497598497197032,0.3550660479813814,3.4774407491087915,0.0030931848107131,3.4717703983187675,3.479468025267124,3.478272907435894,3.4769843369722366,3.4807080775499344,0.6080072004348039,0.0154494175628852,0.5871365312486887,0.6290586059913039,0.6052354024723172,0.6216241829097271,0.5969812795519829,0.4956042923033237,0.0021375872496637,0.4991796845570206,0.4929145164787769,0.494178332388401,0.4953049356117844,0.4964439924806356,7.2,2.0396078054371136,10,9,5,5,7,0.5388935898164735,0.017992646900457,0.5055519510773602,0.5370819533871652,0.5467878361851382,0.5466119553948907,0.5584342530378135,0.5340236662333893,0.0044113262666615,0.5364733539598534,0.5350458675369425,0.5265983214667539,0.5323056356076681,0.5396951525957285,0.5284431411491477,0.0088003714407018,0.5399957013717857,0.531656042395103,0.5212242476249226,0.5156459850099258,0.5336937293440017,432.96808471679685,11.747670571529104,426.9630126953125,427.966064453125,420.9700012207031,454.9679260253906,433.9734191894531,1014.998486328125,0.0008513474499102,1014.998779296875,1014.998779296875,1014.999267578125,1014.998779296875,1014.996826171875,0.0102463057730346,0.0057985965481551,0.0098522175103425,0.0098522175103425,0.0029556651134043,0.0206896550953388,0.007881773635745,0.0005911330226808,0.0004826580918924,0.0,0.0009852217044681,0.0,0.0009852217044681,0.0009852217044681,0.0287684733048081,0.0109070758724309,0.0206896550953388,0.0433497540652751,0.0128078823909163,0.0364532023668289,0.0305418726056814,0.0049261085223406,0.0021585125217058,0.0049261087551712,0.0009852217044681,0.0068965516984462,0.0049261087551712,0.0068965516984462,0.0561576377600431,0.0212314709511246,0.0600985251367092,0.0857142880558967,0.0216748770326375,0.0472906418144702,0.0660098567605018,0.010640394501388,0.0011489559291537,0.0118226604536175,0.0108374385163187,0.0118226604536175,0.0098522175103425,0.0088669955730438
700,0.3360862451295058,0.0024280362396674,0.3338031560803453,0.339137331272165,0.3382228625317414,0.3363905896743138,0.3328772860889633,3.4609583919246987,0.0083551637837778,3.4460947637756667,3.4667985451718173,3.467036363979181,3.4675657923022905,3.457296494394541,0.6351885132491588,0.0037888248351824,0.6373584897567829,0.6336065866053104,0.6294704098254442,0.6346950071553389,0.6408120729029179,0.5067204111566146,0.0129143556855318,0.530101211120685,0.4986453937987486,0.4966439645116527,0.4967972738668322,0.5114142124851545,0.3534979617223143,0.0050581313818939,0.3577052261680364,0.3553790375590324,0.3574785804376006,0.3529438087716698,0.3439831556752324,3.480860340595245,0.0024376876500058,3.4804695695638657,3.4822683855891228,3.4832259714603424,3.4820200353860855,3.4763177409768105,0.6035673821344971,0.013236452183381,0.5955432839691639,0.5997108165174723,0.5893826503306627,0.6052896855399013,0.6279104743152857,0.4955785181373358,0.0023318998217073,0.4977090526372194,0.4943080805242061,0.4930517291650176,0.49383679125458,0.4989869371056556,0.3498819224536419,0.0044217799299079,0.3522934783250093,0.342529165558517,0.3552276324480772,0.3475321549922228,0.3518271809443831,3.4781857028603556,0.0038688264945446,3.471629709005356,3.477729916572571,3.4808955043554306,3.4775931760668755,3.483080208301544,0.6124802337959409,0.0055252328080138,0.6114093251526356,0.6221524560824037,0.6051188092678785,0.6106390142813325,0.6130815641954541,0.4941347293555737,0.0011649914570304,0.4952531410381198,0.493482799269259,0.4925667494535446,0.4936743015423417,0.4956966554746032,6.8,4.261455150532504,14,5,2,4,9,0.5203993352266381,0.0239069870319387,0.5011753755278948,0.5119822507005317,0.4955833833035958,0.5320399528165793,0.5612157137845887,0.5203262971482506,0.018277223772588,0.5340527348480593,0.5246623434928934,0.48720406209311,0.5166181201302102,0.53909422517698,0.5202064075856448,0.0209129653272746,0.5445274476927469,0.5294203905497158,0.4848748626979811,0.5096937458651556,0.5325155911226249,432.9686645507812,11.747945196125537,426.96240234375,427.9715881347656,420.96636962890625,454.9676818847656,433.9752807617187,1014.9992553710938,0.0008530959575027,1014.998779296875,1014.998779296875,1015.0006713867188,1014.999755859375,1014.998291015625,0.0076847293879836,0.0041049590524061,0.0118226604536175,0.0049261087551712,0.0009852217044681,0.0098522175103425,0.0108374385163187,0.0003940886817872,0.0004826580918924,0.0009852217044681,0.0,0.0,0.0,0.0009852217044681,0.0299507398158311,0.0135172990220812,0.0541871935129165,0.0177339911460876,0.0167487692087888,0.0295566506683826,0.0315270945429801,0.005320197250694,0.0014745448148079,0.0049261087551712,0.0059113302268087,0.0039408868178725,0.0039408868178725,0.007881773635745,0.0557635486125946,0.0315554077119912,0.1162561625242233,0.0325123146176338,0.0295566506683826,0.0463054217398166,0.0541871935129165,0.0108374388888478,0.0015262985407911,0.0098522175103425,0.0137931033968925,0.0098522175103425,0.0098522175103425,0.0108374385163187
725,0.3407526953145862,0.0053141910424569,0.3428220795467496,0.3392918889100353,0.3366057453677058,0.3499827658136685,0.3350609969347715,3.4654979159434633,0.0010766765374016,3.467467458297809,3.4654991577068963,3.4649323547879853,3.4642430916428566,3.4653475172817707,0.6251331230373276,0.0133098230885768,0.6236515181759993,0.6328088666001955,0.6325769138832887,0.5999261434481014,0.6367021730790535,0.4969308424741029,0.0006435039132052,0.4967027679085731,0.4976688278838992,0.4959362198909123,0.4967447714880109,0.4976016251991192,0.3549181366339325,0.004145703065777,0.3566829925402999,0.3555473461747169,0.3562595611438155,0.359118640422821,0.3469821428880095,3.482230953872204,0.0021558756241625,3.48538202047348,3.483288556337357,3.4814995005726814,3.4821672663092613,3.4788174256682396,0.6011231107637286,0.0078216914377812,0.6094577871263027,0.6010128166526556,0.5883820625022054,0.5977298580110073,0.6090330295264721,0.4940953560173511,0.0004368252278242,0.4937725411728024,0.4941845573484897,0.4937145169824362,0.4938985481858253,0.494906616397202,0.3495320547372103,0.0047377061657321,0.3437342010438442,0.3440314223989844,0.3548441044986248,0.3514715526252985,0.3535789931192994,3.4784110084176065,0.0022533263809002,3.475093260407448,3.478178195655346,3.479865185916424,3.4772216007113457,3.481696799397469,0.6140325259417295,0.0168635355695337,0.6445756200700998,0.618930958211422,0.602020145393908,0.6071272771805525,0.5975086288526654,0.492960961163044,0.0012857428659363,0.4911516513675451,0.4939200896769762,0.4917804440483451,0.4934210376814008,0.4945315830409527,3.0,1.4142135623730951,2,4,3,1,5,0.5369293482382026,0.0148052593039613,0.5153036320996438,0.5322926510723268,0.5585754398248385,0.5312500357138606,0.5472249824803427,0.5260756353629108,0.0059413865913743,0.5193953269310037,0.5339286578711286,0.5322506661542888,0.523995219437108,0.5208083064210247,0.5208761230938499,0.0059334116705057,0.522873095885078,0.5296816250372565,0.5217303264467132,0.511453805052638,0.518641763047564,432.9682983398437,11.747325175615185,426.9615478515625,427.9699096679687,420.9695739746094,454.9672546386719,433.97320556640625,1014.8000366210938,0.399865768306378,1015.0001831054688,1014.999755859375,1014.999755859375,1015.0001831054688,1014.0003051757812,0.0035469925031065,0.0046461300096762,0.0128078823909163,0.0019704434089362,0.0009852217044681,0.0009852217044681,0.000986193306744,0.0009854160249233,3.8864091038703914e-07,0.0009852217044681,0.0009852217044681,0.0009852217044681,0.0009852217044681,0.000986193306744,0.0254222176969051,0.0203658615737838,0.0630541890859603,0.0088669955730438,0.007881773635745,0.0295566506683826,0.0177514795213937,0.0049274688586592,0.0010817403263173,0.0049261087551712,0.0039408868178725,0.0039408868178725,0.0049261087551712,0.0069033531472086,0.0374442543834447,0.0215740037678454,0.0768472924828529,0.0226600989699363,0.01576354727149,0.0423645339906215,0.0295857992023229,0.0100517878308892,0.0015807773745512,0.0098522175103425,0.007881773635745,0.0098522175103425,0.0098522175103425,0.0128205129876732
750,0.3318563321605324,0.0067618788768296,0.3408351751665274,0.3307250738143921,0.336943662725389,0.3210773368676503,0.3297004122287035,3.4450024050970875,0.0194840204907258,3.4660890909532704,3.434549187620481,3.4653013025720916,3.4144735808173814,3.4445988635222116,0.6395490465064844,0.0102606428736195,0.6265051911274592,0.6426245837161938,0.6296450352917115,0.6545477546751499,0.6444226677219073,0.5277209153398871,0.0280581848231943,0.4987504004190365,0.5436967785159746,0.4961777351175745,0.5706660045931736,0.5293136580536763,0.3535802217200398,0.0043272502644984,0.3584923669695854,0.3561684042215347,0.35256730299443,0.3548491867259145,0.3458238476887345,3.4801306307315825,0.0024566586941191,3.4822153970599174,3.47877436131239,3.483000062406063,3.4804861918091774,3.476177141070366,0.6027546154335142,0.0092948892618264,0.590176654048264,0.5939813740551472,0.610275512561202,0.6049476191401482,0.6143919173628092,0.4958362596109509,0.0026905812438124,0.4921999322250485,0.4980327831581235,0.4945978187024593,0.4946230975911021,0.4997276663780212,0.3499887170270085,0.0032159188304388,0.3535808157175779,0.3445006664842367,0.352149243466556,0.3484447067603469,0.351268152706325,3.4759016916155816,0.0038073873214194,3.4725168645381927,3.471558518707752,3.481493644416332,3.4748949259519577,3.4790445044636726,0.6125057393684983,0.007773483676956,0.6037998963147402,0.6179732112213969,0.6225880924612284,0.6150577086955309,0.6031097881495953,0.4971338134258986,0.0047336292000839,0.491714951582253,0.5054738651961088,0.4935433138161897,0.497471977956593,0.4974649585783481,13.6,9.112628599915611,4,19,3,27,15,0.5388750395945314,0.0259040290058487,0.4954859631181801,0.5599064251262896,0.5236145427634153,0.5643817326614354,0.550986534303336,0.5321857790692862,0.022152973872759,0.5071377858465687,0.5584806986912885,0.5076659046790383,0.5552875747003411,0.5323569314291947,0.5250649849539579,0.0187097736641276,0.5185194867544722,0.5534060278370773,0.4959049463610325,0.5250870298362281,0.5324074339809794,432.968115234375,11.74716828918317,426.96380615234375,427.9644470214844,420.9712219238281,454.9670715332031,433.9740295410156,1014.7985961914062,0.4003751433566072,1015.001220703125,1014.993896484375,1015.001220703125,1014.998779296875,1013.9978637695312,0.0078825507778674,0.006623276089173,0.0039408868178725,0.0206896550953388,0.0029556651134043,0.007881773635745,0.0039447732269763,0.0007883716840296,0.0003941860216276,0.0009852217044681,0.0009852217044681,0.0009852217044681,0.0,0.000986193306744,0.0275906773284077,0.0142620747834059,0.0305418726056814,0.0532019734382629,0.0108374385163187,0.0206896550953388,0.0226824469864368,0.004927274538204,0.0010803226325469,0.0049261087551712,0.0059113302268087,0.0049261087551712,0.0029556651134043,0.0059171598404645,0.0480867858976125,0.0205161416036936,0.0482758618891239,0.0857142880558967,0.0236453209072351,0.0423645339906215,0.0404339246451854,0.0126133639365434,0.0009658449026704,0.0108374385163187,0.0128078823909163,0.0128078823909163,0.0137931033968925,0.0128205129876732
775,0.3380673316617807,0.0082945285251489,0.3318690039838354,0.3539629550650716,0.3376660294209917,0.3356030378490686,0.331235631989936,3.4558773681521417,0.0104731736877307,3.4380569669107595,3.4646989901860556,3.464984985689322,3.461743020763,3.4499028772115707,0.6280197526638707,0.0179901673294848,0.6376444200674692,0.592815773251156,0.6301231123507023,0.6379840429872274,0.6415314146627983,0.5114150521034996,0.0176860419993229,0.5395980169996619,0.4954216874515016,0.4962932417790095,0.5010290453210473,0.5247332689662775,0.3554522717371583,0.0042682391574054,0.3531215274706483,0.360845435410738,0.3587374035269022,0.3558585066348314,0.3486984856426716,3.4788616582751275,0.0038973508762055,3.477208763360977,3.4830352663993835,3.482711896300316,3.478891521692276,3.4724608436226845,0.5979443024843931,0.0080462121530404,0.5992888305336237,0.5965754119679332,0.5940111633390188,0.5877426275983453,0.6121034789830446,0.4968907443806529,0.0034655980569594,0.4994441522285342,0.4940258022397756,0.4927669670432806,0.4960684552788734,0.5021483451128006,0.3522948917001486,0.0027122570185987,0.3494646204635501,0.3494158219546079,0.3562563974410295,0.3518918557092547,0.3544457629323005,3.4760865077376364,0.003733850282289,3.469380289316178,3.4769303649663925,3.479540504515171,3.4751468002796173,3.4794345796108246,0.6067769156768918,0.0075639226505547,0.6141283232718706,0.6127656698226929,0.6111854687333107,0.5948031647130847,0.6010019518435001,0.4961599931120872,0.0034225435070359,0.5022718627005816,0.4930695351213217,0.493068290874362,0.4972203327342868,0.4951699441298842,7.8,6.241794613730893,17,1,2,6,13,0.5431740907851081,0.0145575850864265,0.518001859323258,0.5410887201272424,0.5583011063848742,0.5415184953469302,0.5569602727432362,0.538640035308173,0.0053283567031904,0.5449563204256216,0.5424958603127354,0.5409933519592618,0.5311098787380805,0.533644765105165,0.5336145044911123,0.012405707112609,0.5523019119986466,0.5332061438190214,0.5370181954321651,0.5134600744449075,0.5320861967608207,432.9695617675781,11.746386636089715,426.961181640625,427.974609375,420.96917724609375,454.9653015136719,433.9775390625,1014.798681640625,0.4001670149725913,1014.996337890625,1015.0001831054688,1014.999755859375,1014.998779296875,1013.9983520507812,0.0043365300633013,0.0028978535059773,0.0068965516984462,0.0009852217044681,0.0009852217044681,0.0049261087551712,0.0078895464539527,0.000591327343136,0.0004828168842273,0.0,0.0009852217044681,0.0009852217044681,0.0,0.000986193306744,0.0232568677514791,0.0101387839598251,0.0374384261667728,0.007881773635745,0.0167487692087888,0.0256157647818326,0.0285996049642562,0.0051247075665742,0.001579075913342,0.0029556651134043,0.0049261087551712,0.0049261087551712,0.0049261087551712,0.0078895464539527,0.0447393640875816,0.0213499914642047,0.080788180232048,0.0197044350206851,0.027586206793785,0.0433497540652751,0.0522682443261146,0.0092628329992294,0.001004052791953,0.0088669955730438,0.0108374385163187,0.0098522175103425,0.007881773635745,0.0088757397606968
800,0.3359603656455874,0.0059320336203168,0.3414929024875164,0.3402247841780384,0.3369361916556954,0.3364123068749904,0.3247356430316965,3.458043041576942,0.0148628867639233,3.466336896022161,3.4656666927039623,3.464844218144814,3.4650316387414932,3.4283357622722783,0.6346925508230924,0.0080434961341675,0.6254742673287789,0.630672030771772,0.6328466795384884,0.6349834445863962,0.6494863318900267,0.5081385598207513,0.0223907541737741,0.4978963447113831,0.496650262735784,0.4964297506958246,0.4968077739079793,0.5529086670527855,0.3546784065663814,0.0028350429240379,0.3567862445488572,0.3554785344749689,0.3575400747358799,0.354059717617929,0.3495274614542722,3.4809529349207877,0.0033070433349103,3.4820560961961746,3.4829860106110573,3.482884876430034,3.482465863227844,3.4743718281388283,0.5975730491802096,0.0082426874529837,0.6071304976940155,0.593879122287035,0.5834363615140319,0.6022801529616117,0.6011391114443541,0.4958930391818285,0.0032128470393375,0.4934890251606703,0.4939578184857964,0.4953173864632845,0.4944983320310712,0.5022026337683201,0.3510017083957791,0.0054987805211535,0.3524226536974311,0.3419436747208237,0.356793774291873,0.3479326162487268,0.355915823020041,3.4781615152955054,0.0023303761103414,3.4743777960538864,3.4779373928904533,3.480623684823513,3.4772715717554092,3.4805971309542656,0.6068030124530196,0.0116950711484256,0.62022072263062,0.6170883774757385,0.596345691010356,0.6102043362334371,0.5901559349149466,0.4938109386712312,0.0006494332090878,0.4932270459830761,0.4941406045109033,0.4929145146161318,0.4940751111134887,0.4946974171325564,7.8,8.109253973085318,3,4,4,4,24,0.5359023276263059,0.0147568823154439,0.5087871016914901,0.5314816561046766,0.5452604916906428,0.5464673144218547,0.547515074222865,0.527359285536404,0.0098629360787901,0.5078412901185005,0.533468343200961,0.5340728527695027,0.5312676987137395,0.5301462428793162,0.5265844551016035,0.0060212679563371,0.5239748427002742,0.5304976018187815,0.5257325638873922,0.5174612228176486,0.5352560442839209,432.97027587890625,11.747874568728388,426.9654541015625,427.9713745117187,420.9700012207031,454.9703063964844,433.9742431640625,1014.7991577148438,0.4006475835466416,1015.0001831054688,1014.998291015625,1015.0001831054688,1014.999267578125,1013.9978637695312,0.0033505310770124,0.0024612702098656,0.007881773635745,0.0009852217044681,0.0019704434089362,0.0019704434089362,0.0039447732269763,0.0011826546862721,0.0007376881807363,0.0019704434089362,0.0009852217044681,0.0009852217044681,0.0,0.0019723866134881,0.0201018260791897,0.013716085352669,0.0472906418144702,0.0118226604536175,0.0118226604536175,0.0128078823909163,0.0167652852833271,0.0057156461291015,0.0011503580371599,0.0068965516984462,0.0039408868178725,0.0049261087551712,0.0059113302268087,0.0069033531472086,0.0394146975129842,0.014489184808195,0.0679802969098091,0.0354679822921752,0.0344827584922313,0.0295566506683826,0.0295857992023229,0.0102488320320844,0.0014789352662334,0.0088669955730438,0.0098522175103425,0.0088669955730438,0.0108374385163187,0.0128205129876732
825,0.3341923587024212,0.00314662245147,0.333864285921057,0.3361790024985869,0.3294786671176553,0.3387667213877042,0.3326731165871024,3.4533982823292413,0.0080944049747743,3.445686809718609,3.455891211827596,3.4433101564645767,3.465688324222962,3.4564149094124637,0.6373119254906972,0.0052770414284426,0.6372462995350361,0.6362997448692719,0.6441486775875092,0.6283135022968054,0.6405514031648636,0.5166085451220473,0.0138408389381197,0.5327200777828693,0.5111621981486678,0.5310434717684984,0.4955371919398506,0.5125797859703501,0.3554824547842145,0.0021966444475995,0.3554903343319893,0.3566605262458324,0.3581332620233297,0.3556075021624565,0.3515206491574645,3.481002666056156,0.0026952957490281,3.4806162789463997,3.48387548327446,3.482155591249466,3.482342816889286,3.4760231599211693,0.6009538704529405,0.0094818262782678,0.5921772290021181,0.6055667977780104,0.5874041980132461,0.6121279932558537,0.6074931342154741,0.4968812072649598,0.0031757207615741,0.5017993319779634,0.4937058081850409,0.497585529461503,0.4931412562727928,0.4981741104274988,0.3519721060991287,0.0064463553852324,0.3440101239830255,0.3458488984033465,0.3591679111123085,0.3514557862654328,0.3593778107315302,3.476671290397644,0.0039783248750551,3.46982379257679,3.476542294025421,3.4767554253339767,3.4780594259500504,3.482175514101982,0.611145593598485,0.0128931732778167,0.6262844838202,0.6235669758170843,0.599190590903163,0.6129087451845407,0.593777172267437,0.4974445722997188,0.0042755431163691,0.5016281269490719,0.4956779787316918,0.5033909939229488,0.4927909979596734,0.4937347639352083,9.0,4.049691346263317,13,8,13,2,9,0.5346740732385878,0.0149702349712126,0.5261748899086104,0.5379547479361343,0.5419841077441613,0.5114707282249125,0.5557858923791208,0.5342941085114178,0.0165899189533849,0.54968167451174,0.5521155357396409,0.529497031219754,0.5060326149005713,0.5341436861853827,0.5293556759851261,0.0204661880921498,0.5534236957493881,0.5432828625651817,0.5301648536709446,0.4931079608971267,0.52679900704299,432.9674499511719,11.748978109870778,426.9591369628906,427.9682922363281,420.9669799804687,454.9692077636719,433.9736328125,1014.7984130859376,0.4002762615349564,1014.998291015625,1014.9978637695312,1014.9973754882812,1015.0006713867188,1013.9978637695312,0.0086715057492256,0.0066935276381038,0.0197044350206851,0.0029556651134043,0.0118226604536175,0.0009852217044681,0.0078895464539527,0.0003940886817872,0.0004826580918924,0.0,0.0,0.0009852217044681,0.0009852217044681,0.0,0.0360680533573031,0.0165684568111387,0.0600985251367092,0.027586206793785,0.0364532023668289,0.0108374385163187,0.0453648939728736,0.0043357528280466,0.0020285452662444,0.007881773635745,0.0029556651134043,0.0019704434089362,0.0049261087551712,0.0039447732269763,0.0642510294914245,0.0239319824391113,0.0955665037035942,0.0591133013367652,0.0699507445096969,0.0226600989699363,0.0739644989371299,0.008671311289072,0.0023635131412366,0.0108374385163187,0.0098522175103425,0.0049261087551712,0.0108374385163187,0.0069033531472086
850,0.3357651110117634,0.0081570171146892,0.3424465758726001,0.3395688915625214,0.3387869484722614,0.3383180666714906,0.3197050724799434,3.4523591183125975,0.0221035593075406,3.4639338764051595,3.46146417905887,3.462880827486515,3.46529329319795,3.408223415414492,0.6337340439359347,0.0118130005193593,0.6226470563560724,0.6323897363618016,0.6279978305101395,0.6291233993445834,0.6565121971070766,0.5136501537635922,0.03447490145703,0.4972698055207729,0.4974063128853838,0.4947496429085731,0.4962512403726578,0.5825737671305736,0.3551686709746718,0.0039329203329932,0.356369411572814,0.3563605919480324,0.3569114562124014,0.358708469197154,0.3474934259429574,3.480228015780449,0.0040091073064038,3.4819290786981583,3.482862278819084,3.482008300721646,3.482102856040001,3.472237564623356,0.5967513708397746,0.0092430483941006,0.5930634178221226,0.5900408299639821,0.588440409861505,0.5982180237770081,0.6139941727742553,0.4961319558322429,0.0049877049015001,0.4932407429441809,0.4949609031900763,0.4931109976023435,0.4933315133675933,0.5060156220570207,0.3501701489090919,0.0057924822278546,0.3413140019401908,0.3456377768889069,0.3559021959081292,0.352178581058979,0.3558181887492537,3.4769525051116945,0.0026148052626611,3.4728787392377853,3.4772381633520126,3.480377309024334,3.4754439517855644,3.4788243621587753,0.6087982293218375,0.0123278978749639,0.6328553780913353,0.6070197131484747,0.6004296271130443,0.6042094165459275,0.5994770117104053,0.4936627713963389,0.0020414958249101,0.4918799307197332,0.4936315966770053,0.4921899680048227,0.4930602628737688,0.4975520987063646,8.0,10.564090116995406,2,5,2,2,29,0.5225061032813465,0.0216319292882096,0.4844345020577156,0.5474837165630944,0.51727421281783,0.5257074046562417,0.5376306803118508,0.5240007738840611,0.0178258046354066,0.4994458288858603,0.5499507197903807,0.50917143941147,0.5296451596932847,0.5317907216393095,0.5219579634428483,0.0158353540016711,0.515922643996441,0.5423942859924781,0.4962300303176614,0.5215531664759981,0.5336896904316624,432.9694763183594,11.747446919219648,426.9652404785156,427.9719848632813,420.968994140625,454.9687805175781,433.9723815917969,1014.5993774414062,0.4899388998118434,1014.999267578125,1014.998779296875,1015.0001831054688,1014.0007934570312,1013.9978637695312,0.0037467572838068,0.0037114983972916,0.0009852217044681,0.0019704434089362,0.0009852217044681,0.0039447732269763,0.010848126374185,0.0009856103453785,4.759859618094844e-07,0.0009852217044681,0.0009852217044681,0.0009852217044681,0.000986193306744,0.000986193306744,0.0171527673490345,0.0090329371021218,0.0137931033968925,0.01576354727149,0.0059113302268087,0.0167652852833271,0.0335305705666542,0.0057164234109222,0.0007365495661633,0.0068965516984462,0.0059113302268087,0.0049261087551712,0.0049309665337204,0.0059171598404645,0.0374570794403553,0.0128182888113354,0.0384236462414264,0.0364532023668289,0.0177339911460876,0.036489151418209,0.0581854060292243,0.0110385639593005,0.0014466339277357,0.0118226604536175,0.0128078823909163,0.0098522175103425,0.0088757397606968,0.0118343196809291
875,0.3365641921758651,0.0046417141030847,0.3425217022498448,0.3405181619649132,0.3366978947694103,0.3332924613108237,0.3297907405843337,3.457983767489592,0.0074004316404699,3.464447439958652,3.463228197147449,3.4613528524835906,3.45675141364336,3.44413893421491,0.6334669367099802,0.0077063921722141,0.622259447661539,0.6288899381955465,0.6324113886803389,0.6399532929062843,0.6438206161061922,0.505239815885822,0.013241144628492,0.495348180954655,0.4960727278764049,0.4959047185257077,0.5093245785683393,0.5295488735040029,0.3545453609898686,0.0054626690235528,0.3590894136577844,0.3597398875281214,0.3563255537301302,0.3527898546308279,0.3447820954024791,3.481134261190891,0.0029270111449641,3.481434628367424,3.4851471185684204,3.4824115112423897,3.4805053174495697,3.4761727303266525,0.598737726919353,0.0112604811313515,0.5954239703714848,0.6025104261934757,0.5835670419037342,0.5944658173248172,0.6177213788032532,0.4946994494646787,0.0022135817854226,0.4938305662944913,0.4934637481346726,0.4934977386146784,0.4935860196128487,0.4991191746667027,0.349755191989243,0.0028042831693154,0.3490689098834991,0.3460238864645362,0.3523794785141945,0.3477855250239372,0.3535181600600481,3.477548061311245,0.0033948332031595,3.4733091071248055,3.479121036827564,3.479573503136635,3.4738140776753426,3.4819225817918777,0.6108248893171548,0.0113729893878291,0.6218118704855442,0.6269909981638193,0.6032974403351545,0.598235179670155,0.6037889579311013,0.4941170686855912,0.0015358091103572,0.492155977524817,0.4936983343213796,0.4931337861344218,0.4965569889172911,0.4950402565300464,6.0,4.516635916254486,2,3,3,8,14,0.5415288455985596,0.0189326827511488,0.5091192110363589,0.5516088473822081,0.5325604261931086,0.5630950057297781,0.5512607376513446,0.5352684527911806,0.0168022774623996,0.512225129544658,0.5523179555285396,0.5189582785392988,0.5525501514085192,0.5402907489348883,0.5281774760378556,0.0108777570911018,0.5213030099849449,0.5407416103489451,0.5104550666152118,0.5343261652809875,0.5340615279591887,432.9686401367187,11.7472688066655,426.96441650390625,427.9691162109375,420.9687805175781,454.9672546386719,433.9736328125,1014.5994140625,0.4903165625263495,1014.999755859375,1014.999755859375,1014.999755859375,1013.9989013671876,1013.9989013671876,0.0059128848370164,0.004085624225316,0.0118226604536175,0.0088669955730438,0.0009852217044681,0.0019723866134881,0.0059171598404645,0.0005911330226808,0.0004826580918924,0.0009852217044681,0.0009852217044681,0.0009852217044681,0.0,0.0,0.020894278679043,0.0093535957714375,0.0344827584922313,0.0256157647818326,0.0059113302268087,0.0187376737594604,0.0197238661348819,0.0049278574995696,0.0006218824767672,0.0049261087551712,0.0059113302268087,0.0049261087551712,0.0049309665337204,0.0039447732269763,0.0384380266070365,0.0135524704272911,0.0423645339906215,0.0571428574621677,0.0197044350206851,0.0266272202134132,0.0463510863482952,0.0104482082650065,0.0016065370639129,0.0098522175103425,0.0088669955730438,0.0088669955730438,0.0118343196809291,0.0128205129876732
900,0.3349132732177773,0.0056320473898957,0.3406493611012895,0.3391956485187014,0.3385799955576658,0.3284390162055691,0.3277023447056611,3.4531454664965464,0.0121466445508094,3.463960430274407,3.462758259226878,3.462432999163866,3.438825490574042,3.4377501532435417,0.6358408641070127,0.0093954040305124,0.6253719907253981,0.6312259665379921,0.6283679387221733,0.6474558177093664,0.6467826068401337,0.5117376320684949,0.0192827067625217,0.4962722398340702,0.4963142418613036,0.4954216862097382,0.5344176888465881,0.5362623035907745,0.353603495657444,0.0052862395714797,0.3558670859783888,0.3571403622627258,0.3589788842946291,0.351936275139451,0.3440948706120252,3.4795420557260512,0.0044351766603954,3.483556747436523,3.4799845218658447,3.4832325130701065,3.479665219783783,3.471271276473999,0.5962563784793019,0.0114509995189182,0.597112231887877,0.5866279741749167,0.5841631982475519,0.5967329917475581,0.6166454963386059,0.4966536462306976,0.0047137011417091,0.4930745204910636,0.4943333519622683,0.4929849905893206,0.4973347634077072,0.5055406047031283,0.3498218450695276,0.005335440554811,0.3462044782936573,0.3435566155239939,0.3568948907777667,0.3469827175140381,0.355470523238182,3.476826260983944,0.0030381719197095,3.4750554263591766,3.4765370041131973,3.479836270213127,3.472263418138027,3.4804391860961914,0.6060873826965689,0.0106657887975209,0.6241496801376343,0.6097049852833152,0.5999621506780386,0.6042669480666518,0.592353149317205,0.4960140554234385,0.0044066372729789,0.4929447751492262,0.4928200095891952,0.4931047735735774,0.5042703431099653,0.4969303756952286,8.8,7.138627319029899,3,4,2,17,18,0.5401505505931892,0.0192526643836245,0.5133425822461778,0.5303418119932612,0.5341780771513385,0.5683681938502974,0.5545220877248709,0.5386447923541058,0.0143760713329627,0.5230188402234506,0.5421394915203629,0.5267618902800077,0.5638319808325024,0.5374717589142054,0.5349973479014347,0.0063822037972061,0.5339711419363096,0.5363460311928174,0.526616429128733,0.546029480251064,0.5320236569982493,432.968505859375,11.746670592053844,426.96240234375,427.9705505371094,420.9693908691406,454.9657287597656,433.9744567871094,1014.5985107421876,0.4909999037648318,1015.0001831054688,1014.998291015625,1014.999755859375,1013.9978637695312,1013.9964599609376,0.0063077507074922,0.0052365940885626,0.0039408868178725,0.0147783253341913,0.0009852217044681,0.0019723866134881,0.0098619330674409,0.0011826546862721,0.0003938946009929,0.0009852217044681,0.0019704434089362,0.0009852217044681,0.000986193306744,0.000986193306744,0.0216851769015192,0.0064236328626359,0.0167487692087888,0.0266009867191314,0.0128078823909163,0.0216962527483701,0.0305719934403896,0.004731007432565,0.0015775710421595,0.0049261087551712,0.0029556651134043,0.0059113302268087,0.0029585799202322,0.0069033531472086,0.0408078048378229,0.0097832526810309,0.0374384261667728,0.0433497540652751,0.0236453209072351,0.0483234710991382,0.0512820519506931,0.0098566865548491,0.001653123340811,0.007881773635745,0.0088669955730438,0.0098522175103425,0.0098619330674409,0.0128205129876732
925,0.334367369239529,0.0054586017725474,0.3418487450107932,0.3360200940320889,0.3271358230461677,0.3376689773673813,0.3291632067412138,3.4520763948559763,0.0125404010382711,3.464381049076716,3.4550266998509565,3.4344141595065594,3.4657569602131844,3.440803105632464,0.63713530836006,0.0088239780908407,0.6235163503636917,0.6377976207683483,0.6473972704261541,0.6316102507213751,0.645355049520731,0.514484608049194,0.0194623298093385,0.4955266900360584,0.5046482812613249,0.543434264138341,0.4970912914723158,0.5317225133379301,0.3534741537645459,0.0043494426155847,0.3546336544677615,0.3576103039085865,0.3569344403222203,0.3526898790150881,0.3455024911090731,3.4797018110752105,0.0045527344766245,3.4816603139042854,3.4819512888789177,3.4824885576963425,3.481795154511929,3.4706137403845787,0.5994720043614506,0.0097848219849011,0.6012901701033115,0.5933572221547365,0.5869946200400591,0.5994432829320431,0.6162747265771031,0.4955513240769506,0.0035465015583994,0.4938658038154244,0.4941998748108744,0.4938732786104083,0.4932030132040381,0.5026146499440074,0.3497746340930462,0.0039226592579558,0.3451553955674171,0.3471633708104491,0.3540184702724218,0.347640985623002,0.3548949481919408,3.4764862269163133,0.0013843662573105,3.4747290909290314,3.475640796124935,3.477017492055893,3.476227141916752,3.4788166135549545,0.6100458400323987,0.0116438178381412,0.6287460271269083,0.6152131585404277,0.6094144992530346,0.6023733895272017,0.5944821257144213,0.4948067542165518,0.0026236380846316,0.4914956828579306,0.4974673669785261,0.4982988759875297,0.4931186297908425,0.4936532154679298,9.0,6.06630035524124,2,8,16,3,16,0.5311593951569351,0.0163767845010977,0.5017860974794195,0.5423738049292682,0.5453298607633833,0.5246775842952647,0.5416296283173394,0.5295004169435417,0.013924421895319,0.52212286361022,0.5533883211843125,0.5318241760440864,0.5110937663663838,0.5290729575127053,0.5281454024485888,0.0113044090194361,0.5335935093157798,0.5448000818795029,0.529013463142787,0.5108589158658133,0.522461042039061,432.96923828125,11.747884668116704,426.96484375,427.9668884277344,420.96978759765625,454.9689636230469,433.9757080078125,1014.5983276367188,0.4896558668975139,1015.0001831054688,1014.996337890625,1014.9978637695312,1013.9998168945312,1013.9974365234376,0.0063069733325392,0.0075187024921244,0.0009852217044681,0.0206896550953388,0.0019704434089362,0.000986193306744,0.0069033531472086,0.0009856103453785,4.759859618094844e-07,0.0009852217044681,0.0009852217044681,0.0009852217044681,0.000986193306744,0.000986193306744,0.0287776067852973,0.0228462204075071,0.0128078823909163,0.0719211846590042,0.0128078823909163,0.0138067062944173,0.0325443781912326,0.0057166177779436,0.0007384198134915,0.0049261087551712,0.0059113302268087,0.0059113302268087,0.0049309665337204,0.0069033531472086,0.0567656747996807,0.0325499481811393,0.0384236462414264,0.1192118227481842,0.040394090116024,0.0285996049642562,0.0571992099285125,0.0112359968945384,0.0013368320091762,0.0118226604536175,0.0128078823909163,0.0088669955730438,0.010848126374185,0.0118343196809291
950,0.3365182528272271,0.0046773048282092,0.3415386636431018,0.3392491247504949,0.3355176843081911,0.3382876263931393,0.3279981650412082,3.458409588535626,0.0101060823843767,3.46360861385862,3.463006823013226,3.4615403537948928,3.465531811118126,3.4383603408932686,0.6337347470223904,0.0070288643847828,0.6249525664995114,0.6321713527043661,0.6353578691681226,0.6301342317213615,0.6460577150185903,0.5045257694398364,0.0149440605417129,0.497479818140467,0.4959782200555007,0.4981098581726352,0.4966817662740747,0.5343791845565041,0.3540928285568953,0.0036761680286644,0.3549927305430174,0.360179697163403,0.3530304729938507,0.3534793779253959,0.3487818641588092,3.480925664305687,0.0046975088464007,3.482744336128235,3.483712464570999,3.483246877789498,3.4833733960986137,3.4715512469410896,0.602495769970119,0.0064042924774444,0.6083543729037046,0.6014864519238472,0.5950477067381144,0.5963492747396231,0.6112410435453057,0.4960049528628588,0.0051741977075904,0.4929182548075914,0.4932925440371036,0.4938973048701882,0.4935835292562842,0.5063331313431263,0.3498725526034832,0.0053314091351944,0.3417074317112565,0.3487540632486343,0.3504844577983022,0.3499524835497141,0.3584643267095089,3.477863298356533,0.0025387402965056,3.473277024924755,3.4784807935357094,3.480710506439209,3.4774054437875748,3.479442723095417,0.6149187453091145,0.0198645242779943,0.649031262844801,0.6202184949070215,0.6150164399296045,0.595762656070292,0.5945648727938533,0.4935987716540694,0.0007116084088583,0.4930670456960797,0.4931652890518307,0.493354300968349,0.4934067847207188,0.4950004378333688,6.2,5.491812087098393,3,4,5,2,17,0.5325379428791901,0.0190622585524675,0.5000294852703024,0.5559300497129612,0.5419779455290679,0.5245118940915692,0.5402403397920503,0.5296655052394593,0.0142892491662631,0.5186989191715723,0.5526151076166541,0.5389309709154969,0.5134571303888174,0.524625398104756,0.5294026855301547,0.0121660789786285,0.5303117874306597,0.5483976413178844,0.533959542314466,0.5117639261222897,0.5225805304654735,432.9680908203125,11.74814023347196,426.96240234375,427.9674682617187,420.9685974121094,454.9685668945313,433.9734191894531,1014.5994750976564,0.4902177684752467,1015.0006713867188,1014.999267578125,1014.999267578125,1014.0003051757812,1013.9978637695312,0.0104478192981332,0.0081918811384775,0.0137931033968925,0.0147783253341913,0.0009852217044681,0.000986193306744,0.0216962527483701,0.0007885660044848,0.000394283241667,0.0,0.0009852217044681,0.0009852217044681,0.000986193306744,0.000986193306744,0.0283868212252855,0.0136815722043905,0.0344827584922313,0.0344827584922313,0.0098522175103425,0.0157790929079055,0.0473372787237167,0.0047308131121099,0.0007367041047566,0.0039408868178725,0.0049261087551712,0.0059113302268087,0.0049309665337204,0.0039447732269763,0.0569699108600616,0.0187787435692413,0.0571428574621677,0.0788177400827407,0.0266009867191314,0.0483234710991382,0.0739644989371299,0.0092649705708026,0.0011842174070429,0.0068965516984462,0.0098522175103425,0.0098522175103425,0.0098619330674409,0.0098619330674409
975,0.3372296574835976,0.0022307586704745,0.3347447939837972,0.3410779535770416,0.335528423388799,0.3367107212543487,0.3380863952140013,3.4575768078366913,0.0075468493596008,3.442753990491231,3.4586440175771713,3.4614249678949514,3.4624026032785573,3.462658459941546,0.6327635207523903,0.0027231106287284,0.6345253847539425,0.628678930302461,0.6343275078882774,0.6358405482023954,0.6304452326148748,0.501421770825982,0.0109760346084842,0.5232694707810879,0.4940776011596123,0.4973748115201791,0.4960202236349384,0.4963667470340927,0.3554841812700033,0.0014085660176951,0.3549942839890718,0.3571256222203374,0.3559832256287336,0.35301957372576,0.3562982007861137,3.481227932870388,0.0018139084059046,3.4813365936279297,3.4827306270599365,3.482254222035408,3.4821056500077248,3.477712571620941,0.5929435944184661,0.0034044290921316,0.5924556208774447,0.5933066196739674,0.5893279714509845,0.5904830535873771,0.5991447065025568,0.4947602117434144,0.0021027615463569,0.4988733828067779,0.494272836484015,0.4939640453085303,0.4937422834336757,0.4929485106840729,0.3495799547061324,0.0078796098398752,0.3413277268409729,0.3435184303671121,0.3521943567320704,0.3473572256043553,0.3635020339861512,3.4764729365706444,0.003719722515866,3.4700930044054985,3.4767127707600594,3.478099398314953,3.4759379103779793,3.481521598994732,0.6093852166086435,0.0150771519599114,0.6341702248901129,0.6148552428930998,0.609887677244842,0.5970984352752566,0.5909145027399063,0.4942740269005298,0.0029578958531663,0.500133465975523,0.4928175192326307,0.4922143453732133,0.4934920175001025,0.4927127864211797,4.6,3.32264954516723,11,2,4,4,2,0.5368633610275709,0.0152075642398591,0.5070065164375186,0.5499026176641576,0.5430098475598327,0.5418979395004014,0.5424998839759443,0.5317190495519781,0.0120225975591125,0.5263350638129666,0.5556151921965331,0.5262323276075579,0.5232357701012562,0.5271768940415767,0.5246258172643852,0.0136819466566863,0.5393329281070116,0.5428993159224965,0.5123629498690728,0.5110445151954759,0.5174893772278696,432.9702392578125,11.401539016284886,426.96197509765625,427.9740295410156,420.9712219238281,453.9682312011719,434.9757385253906,1014.3987426757812,0.4887582646156547,1014.9954223632812,1014.999267578125,1013.9998168945312,1013.9998168945312,1013.9993896484376,0.0035473810974508,0.0042073608099655,0.0118226604536175,0.0029556651134043,0.000986193306744,0.000986193306744,0.000986193306744,0.0005915216635912,0.0004829755461718,0.0,0.0009852217044681,0.000986193306744,0.000986193306744,0.0,0.0177396258339285,0.017310457250649,0.052216749638319,0.007881773635745,0.0069033531472086,0.010848126374185,0.010848126374185,0.0043375017121434,0.0004825833494915,0.0049261087551712,0.0039408868178725,0.0049309665337204,0.0039447732269763,0.0039447732269763,0.0337076012045145,0.0242826754906847,0.0817734003067016,0.0206896550953388,0.0157790929079055,0.0256410259753465,0.0246548317372798,0.0100556740537285,0.0013112081535347,0.007881773635745,0.0098522175103425,0.010848126374185,0.0118343196809291,0.0098619330674409
1000,0.3360985045631726,0.0050930655607735,0.3416004193325837,0.339491695476075,0.3359287353232503,0.3267449845249454,0.3367266881590088,3.4542107466608285,0.0132036852100563,3.4601192008703947,3.458485616991917,3.462491544584433,3.427957101414601,3.4620002694427967,0.6343562293797731,0.0089538467026785,0.6217103960613409,0.6316010424246391,0.6329273091008266,0.6494675955424706,0.6360748037695885,0.5062730818986892,0.0200771868069849,0.4965347579369942,0.4957367051392793,0.496482255247732,0.5464234560107192,0.4961882351587216,0.3553771989420056,0.0040114515614638,0.3609298914670944,0.3550063641741872,0.3582081375643611,0.3535355338826775,0.3492060676217079,3.4821945920586588,0.0017944380949326,3.484094873070717,3.4835154935717583,3.482466198503971,3.4819599241018295,3.4789364710450172,0.5972243197262287,0.0068512608791203,0.5935368528589606,0.6042295899242163,0.5858928905799985,0.5988314170390368,0.6036308482289314,0.4940719734877348,0.0011954952096266,0.4934840425848961,0.492541472427547,0.4937737863510847,0.4961314611136913,0.4944291049614548,0.3506136192008853,0.0063425137317925,0.3508602287620306,0.3412435837090015,0.3574572242796421,0.3461035164073109,0.3574035428464412,3.4775831192731856,0.0036820609723081,3.474928997457027,3.478244997560978,3.479085922241211,3.4724460542201996,3.4832096248865128,0.6119170792400837,0.0131835348507564,0.6206807643175125,0.6276361774653196,0.600122676230967,0.6183308335021138,0.5928149446845055,0.4957214456051588,0.0057391722478654,0.4918144382536411,0.4929737849161029,0.4923764914274215,0.5070730755105615,0.494369437918067,7.0,7.014271166700073,3,3,4,21,4,0.5377251434912583,0.0293069062581195,0.4894638518418116,0.538002118053574,0.5469221081288661,0.5808720434126335,0.5333655960194063,0.534393296187836,0.0209066848184584,0.5103416845968378,0.5427535135427461,0.529167360166999,0.5702586172976918,0.5194453053349061,0.528753361619424,0.0140817218655348,0.5225862932437692,0.5328811027137834,0.5186377862111478,0.5543270661819737,0.5153345597464454,432.9678833007813,11.40019459971057,426.96240234375,427.9699096679687,420.96978759765625,453.9630432128906,434.9742736816406,1014.3996948242188,0.4901235669505955,1015.0001831054688,1014.999755859375,1014.0003051757812,1013.9974365234376,1014.0007934570312,0.0041404573246836,0.0030810664891543,0.0039408868178725,0.0039408868178725,0.0019723866134881,0.0098619330674409,0.000986193306744,0.0005915216635912,0.0004829755461718,0.0,0.0009852217044681,0.000986193306744,0.0,0.000986193306744,0.0252387754619121,0.0111185878065154,0.0246305428445339,0.0147783253341913,0.0138067062944173,0.0443786978721618,0.0285996049642562,0.0043376960325986,0.0007892486426817,0.0049261087551712,0.0029556651134043,0.0049309665337204,0.0049309665337204,0.0039447732269763,0.0536318153142929,0.0201846047404683,0.0541871935129165,0.0325123146176338,0.0315581858158111,0.0848126262426376,0.0650887563824653,0.0104497626423835,0.001007638788852,0.0088669955730438,0.0108374385163187,0.010848126374185,0.0118343196809291,0.0098619330674409
