lags,train_cross_entropy_mean,train_cross_entropy_std,train_cross_entropy_fold_1,train_cross_entropy_fold_2,train_cross_entropy_fold_3,train_cross_entropy_fold_4,train_cross_entropy_fold_5,train_roc_auc_multiclass_mean,train_roc_auc_multiclass_std,train_roc_auc_multiclass_fold_1,train_roc_auc_multiclass_fold_2,train_roc_auc_multiclass_fold_3,train_roc_auc_multiclass_fold_4,train_roc_auc_multiclass_fold_5,train_f1_mean,train_f1_std,train_f1_fold_1,train_f1_fold_2,train_f1_fold_3,train_f1_fold_4,train_f1_fold_5,val_cross_entropy_mean,val_cross_entropy_std,val_cross_entropy_fold_1,val_cross_entropy_fold_2,val_cross_entropy_fold_3,val_cross_entropy_fold_4,val_cross_entropy_fold_5,val_roc_auc_multiclass_mean,val_roc_auc_multiclass_std,val_roc_auc_multiclass_fold_1,val_roc_auc_multiclass_fold_2,val_roc_auc_multiclass_fold_3,val_roc_auc_multiclass_fold_4,val_roc_auc_multiclass_fold_5,val_f1_mean,val_f1_std,val_f1_fold_1,val_f1_fold_2,val_f1_fold_3,val_f1_fold_4,val_f1_fold_5,test_cross_entropy_mean,test_cross_entropy_std,test_cross_entropy_fold_1,test_cross_entropy_fold_2,test_cross_entropy_fold_3,test_cross_entropy_fold_4,test_cross_entropy_fold_5,test_roc_auc_multiclass_mean,test_roc_auc_multiclass_std,test_roc_auc_multiclass_fold_1,test_roc_auc_multiclass_fold_2,test_roc_auc_multiclass_fold_3,test_roc_auc_multiclass_fold_4,test_roc_auc_multiclass_fold_5,test_f1_mean,test_f1_std,test_f1_fold_1,test_f1_fold_2,test_f1_fold_3,test_f1_fold_4,test_f1_fold_5,num_epochs_mean,num_epochs_std,num_epochs_fold_1,num_epochs_fold_2,num_epochs_fold_3,num_epochs_fold_4,num_epochs_fold_5
-1000,0.8762777864318533,0.0089075799862853,0.8933097142534158,0.8711375858365875,0.8714453670167431,0.8687514158868298,0.8767448491656903,0.6045744972068272,0.0212869969374958,0.5805400668842835,0.5928369810914389,0.6317844552903806,0.6285179229019849,0.5891930598660481,0.572977487152271,0.0114063947046296,0.5600368699136059,0.5640323090996912,0.5675467916105418,0.5871182396143385,0.5861532255231783,0.8810365275903183,0.0199416058193017,0.8791929898840009,0.8621234640930638,0.8725862484989744,0.871877523985776,0.9194024114897756,0.5354071722649847,0.0052693890006228,0.5258046866198384,0.5387893689385529,0.5407488788060153,0.5340765009126645,0.5376164260478524,0.5670721592642994,0.025626556103627,0.5801479941707637,0.5797976789222576,0.5797976789222576,0.5797976789222576,0.5158197653839609,0.8739660306410355,0.0217841802189919,0.860361969832218,0.8471488537210407,0.8729562958081564,0.9121348659197488,0.877228167924014,0.5259049291798993,0.0161740972691477,0.553461592609163,0.5049148506192693,0.5162981691581082,0.5250646307258771,0.5297854027870786,0.577654474053627,0.0313888357798753,0.6085213709316143,0.6030349932158734,0.5765496436765909,0.5200183682732927,0.5801479941707637,4.2,2.4,2,8,6,3,2
-975,0.8732972784140676,0.0189125365356267,0.8936427481395682,0.8899307982208803,0.8810317946463516,0.8465623677391367,0.8553186833244009,0.6093603830747462,0.0209268213327434,0.585824978049609,0.5870513641616888,0.6184944885370478,0.6139170638276342,0.6415140207977511,0.5747091723438229,0.0121480485094541,0.5595497167740805,0.5667272764693343,0.569208852181764,0.590431696402549,0.5876283198913862,0.8800611214204268,0.017119287338742,0.8782211903369788,0.8785933292273319,0.873800693136273,0.8586264776461052,0.9110639167554452,0.5289571125059249,0.0064032361858475,0.5193578351559982,0.5389134818419592,0.5289570085834768,0.5261644233768612,0.531392813571329,0.5670721592642994,0.025626556103627,0.5801479941707637,0.5797976789222576,0.5797976789222576,0.5797976789222576,0.5158197653839609,0.8740768652973754,0.01514579704304,0.8602601054942969,0.8656720085577532,0.8747928250919689,0.9029083017146948,0.8667510856281627,0.5183613715299978,0.011051623037175,0.5309760165234714,0.5208196250258442,0.5227678875426374,0.5194931499681654,0.4977501785898709,0.577654474053627,0.0313888357798753,0.6085213709316143,0.6030349932158734,0.5765496436765909,0.5200183682732927,0.5801479941707637,6.0,5.329165037789691,2,2,3,16,7
-950,0.8707778024919255,0.0156066744245004,0.8920931177040965,0.8788312286445775,0.874465496269698,0.862576590985367,0.8459225788558882,0.6183194027522969,0.0201438784538726,0.5988631581965796,0.6357595883243118,0.6001799543033863,0.6485715442023121,0.6082227687348947,0.5750787824698854,0.0117431861556013,0.5623799989446144,0.5660614446344041,0.5684216708050497,0.5894926751191142,0.5890381228462449,0.8778759537321148,0.0150016579037237,0.8789665933811304,0.8698171286871939,0.8658587354602236,0.8682051716428815,0.906532139489145,0.5364114173960839,0.0132451431713009,0.5278745834108473,0.5263939624054573,0.5310086431522077,0.5344654788082586,0.5623144192036486,0.5670721592642994,0.025626556103627,0.5801479941707637,0.5797976789222576,0.5797976789222576,0.5797976789222576,0.5158197653839609,0.8710216533054005,0.0196689782055612,0.8609051650220697,0.8555844028790792,0.8671927542397471,0.9096646037968722,0.8617613405892344,0.5128478744607868,0.0226117489724502,0.5478136611943022,0.5273701565955505,0.5094534475437668,0.494756807182112,0.4848452997882028,0.577654474053627,0.0313888357798753,0.6085213709316143,0.6030349932158734,0.5765496436765909,0.5200183682732927,0.5801479941707637,6.2,4.995998398718719,2,4,5,4,16
-925,0.8778195495457993,0.0199603870282867,0.9159457554522248,0.8747900226681503,0.874176118177237,0.8653618441414588,0.8588240072899258,0.6105023585853732,0.0489513916196509,0.5217610183146768,0.627877702656899,0.5987902460551126,0.6416465585040756,0.6624362673961023,0.5727756718993751,0.012168143057417,0.5593583420134886,0.562891331209275,0.5671005051335543,0.5849665346735147,0.5895616464670427,0.8816818526296906,0.0161662317229612,0.8866168368946422,0.8725680383768949,0.8696942455840834,0.8682599555362355,0.9112701867565964,0.5290883172035421,0.0067168109258293,0.5247398347963357,0.5231161325429082,0.5292703635031427,0.5264254707150964,0.5418897844602273,0.5670721592642994,0.025626556103627,0.5801479941707637,0.5797976789222576,0.5797976789222576,0.5797976789222576,0.5158197653839609,0.8740178400819951,0.0188414001768636,0.8697059479626742,0.8541354175769922,0.8708626645984072,0.9097961620850996,0.8655890081868027,0.5187330865700839,0.011794476060605,0.5307860082984938,0.5237609675161443,0.5298771278087103,0.5057353970106695,0.5035059322164013,0.577654474053627,0.0313888357798753,0.6085213709316143,0.6030349932158734,0.5765496436765909,0.5200183682732927,0.5801479941707637,4.2,1.7204650534085253,1,6,5,4,5
-900,0.8833640344364128,0.0135323126635591,0.8678924687129935,0.8897064297469621,0.8879005024113606,0.8682693519543127,0.9030514193564346,0.5775389306355804,0.0350907057581634,0.5941451783019965,0.6004936463075257,0.5818224000782876,0.6023852210978329,0.5088482073922589,0.572288087654968,0.0091016172510325,0.562911158076762,0.5662195267972211,0.5689998025283466,0.5888366518155637,0.574473299056947,0.8829815474423496,0.0227304352890751,0.858976909608552,0.8787820592071071,0.8783925067294728,0.8726316365328702,0.9261246251337456,0.5267990340413901,0.0074005468576121,0.521598102717624,0.5192413201356756,0.5324347005538086,0.5385012418234494,0.5222198049763926,0.5670721592642994,0.025626556103627,0.5801479941707637,0.5797976789222576,0.5797976789222576,0.5797976789222576,0.5158197653839609,0.8765363548741195,0.0246013873156825,0.8379114450830402,0.8656355088407343,0.8796608014540239,0.912565225904638,0.8869087930881616,0.5286820235243749,0.0230832545162056,0.5617974670603364,0.4991171638024172,0.5217548485038191,0.5482558331890868,0.5124848050662145,0.577654474053627,0.0313888357798753,0.6085213709316143,0.6030349932158734,0.5765496436765909,0.5200183682732927,0.5801479941707637,3.8,3.6551333764994136,11,2,2,3,1
-875,0.880282464469831,0.0230520847733807,0.8674910818178629,0.9155921788559748,0.8687937824996477,0.8518135412452147,0.8977217379304552,0.5619156908257165,0.0476219407456984,0.5797151198277126,0.4923222784754893,0.6107986537502466,0.6068763869488677,0.5198660151262665,0.5709869144350745,0.0106809110262917,0.5631104061451552,0.5588694074683755,0.5655517680419101,0.5857840413468651,0.5816189491730668,0.877410767656384,0.0262887691942126,0.8573789090821238,0.8867216489531777,0.8600911480007749,0.857708504705718,0.925153627540126,0.5394542572748601,0.0067652519578563,0.5381257655393509,0.5426437511981682,0.5298078609629013,0.5365078657336741,0.5501860429402056,0.5670721592642994,0.025626556103627,0.5801479941707637,0.5797976789222576,0.5797976789222576,0.5797976789222576,0.5158197653839609,0.8720027233615066,0.022745944108623,0.8359449668364092,0.8743176767320344,0.8608496712915825,0.9030866099126412,0.8858146920348658,0.5253872850333101,0.0287549788808983,0.5633012447176485,0.4949815232120251,0.5523950894089198,0.4931765808328414,0.5230819869951155,0.577654474053627,0.0313888357798753,0.6085213709316143,0.6030349932158734,0.5765496436765909,0.5200183682732927,0.5801479941707637,7.0,5.019960159204453,12,1,9,12,1
-850,0.8734736468374116,0.0197259101911515,0.8687773869209683,0.908412627952615,0.8796488439913878,0.8543972323850259,0.8561321429370605,0.6038349161344492,0.0392942579770875,0.6106511075340378,0.5291024695763323,0.6087105217901547,0.6291117946935275,0.6415986870781936,0.5739969082481359,0.0120119948812332,0.5599491315829396,0.5627344258767649,0.5714791925302083,0.5865471535624374,0.5892746376883291,0.8790190266840385,0.0177066615451008,0.8659661430301089,0.8865163362387455,0.8728451710758787,0.8600428917191245,0.9097245913563352,0.5417797644672114,0.007218445772821,0.537715889993764,0.5302316087580734,0.5451855759474086,0.5443786348487115,0.5513871127880997,0.5670721592642994,0.025626556103627,0.5801479941707637,0.5797976789222576,0.5797976789222576,0.5797976789222576,0.5158197653839609,0.8727452978943333,0.0190977649914627,0.8442725015409065,0.8741407051230922,0.8742012544111772,0.9040036038918928,0.867108424504598,0.5320920434488889,0.0075801826489541,0.5269671728251083,0.5294696885770882,0.5350065605028388,0.5453246552451027,0.5236921400943069,0.577654474053627,0.0313888357798753,0.6085213709316143,0.6030349932158734,0.5765496436765909,0.5200183682732927,0.5801479941707637,5.8,3.54400902933387,11,1,3,8,6
-825,0.8632039535905898,0.0115414328168431,0.8672393130272934,0.8654593751602566,0.8813471775693992,0.8538994610924082,0.8480744411035911,0.6148392704943884,0.0122189961519002,0.6003621262898999,0.6182815966201698,0.6061101888728679,0.6359813111454568,0.6134611295435475,0.5740237413139707,0.0116489898076558,0.5612045660729593,0.565211597897824,0.5676409608105873,0.5893298154138646,0.586731766374618,0.8756687680880229,0.016584238976662,0.8602766575235309,0.8754275386983698,0.8745575366598187,0.8617163535320398,0.9063657540263552,0.5349422163248495,0.0094691829235311,0.5385955730433666,0.5248184929172225,0.5325193366622104,0.5274081242872338,0.5513695547142144,0.5670721592642994,0.025626556103627,0.5801479941707637,0.5797976789222576,0.5797976789222576,0.5797976789222576,0.5158197653839609,0.8671997814467458,0.0230633266167862,0.8358830231608767,0.8533832936575918,0.8756319627617345,0.9048293792840206,0.8662712483695059,0.5311294111662219,0.0164283833439055,0.5611280655767346,0.5232639311173414,0.5157437478625362,0.5357616148426756,0.519749696431822,0.577654474053627,0.0313888357798753,0.6085213709316143,0.6030349932158734,0.5765496436765909,0.5200183682732927,0.5801479941707637,10.6,5.388877434122992,15,10,3,7,18
-800,0.8784038780890789,0.0236289907879139,0.9161057361622448,0.8914190678252387,0.8759769250437156,0.8580643553094766,0.850453306104719,0.604851540825266,0.0474201941085735,0.5143552978078909,0.6023828064844751,0.6254315652190019,0.6425240992461944,0.6395639353687677,0.5733597831647876,0.0136706615319664,0.5569368690598318,0.5623796409483683,0.5685034362476058,0.5898363628479809,0.5891426067201514,0.8816249890760943,0.014475053472971,0.886895270058603,0.8785569703940189,0.8705457792137609,0.8654685815175375,0.9066583441965508,0.5425753719272937,0.007593810042299,0.5361606181732321,0.5378039044483139,0.5522741962634522,0.5352804007440012,0.5513577400074686,0.5670721592642994,0.025626556103627,0.5801479941707637,0.5797976789222576,0.5797976789222576,0.5797976789222576,0.5158197653839609,0.87470275813883,0.0169831717579034,0.8700523412588871,0.865056290771022,0.8720132022192983,0.9074442422751224,0.8589477141698202,0.5360506105645018,0.0241432953125685,0.5685905165725319,0.5315647186421388,0.5090807400960924,0.5590411038160689,0.511975973695677,0.577654474053627,0.0313888357798753,0.6085213709316143,0.6030349932158734,0.5765496436765909,0.5200183682732927,0.5801479941707637,4.4,3.1368774282716245,1,2,4,5,10
-775,0.8901012236310034,0.0247101748936718,0.910696077592594,0.8715274235636917,0.9086426889773496,0.9092192422483384,0.8504206857730433,0.559404416870789,0.0476605233466827,0.5170693205403466,0.6135881220514808,0.526377873607322,0.5184449208265715,0.6215418473282238,0.5726350572167446,0.010332610783574,0.5621753313659895,0.5646234795133719,0.5663655642066517,0.5822793836056034,0.5877315273921061,0.8860788529569452,0.0130008307610261,0.8866372487761758,0.8649611689827659,0.8863344174442869,0.8864160902572401,0.9060453393242576,0.5379931200250738,0.0076022453485521,0.5347489402365184,0.5267906235995494,0.548681062150386,0.5358941774293907,0.543850796709525,0.5670721592642994,0.025626556103627,0.5801479941707637,0.5797976789222576,0.5797976789222576,0.5797976789222576,0.5158197653839609,0.8774702863259749,0.0259199722584483,0.8693624066584038,0.8498524463537968,0.8877668471047373,0.9225993824727609,0.8577703490401759,0.534492767462079,0.0191174417520118,0.5668305623386299,0.537301604867422,0.5239194824834683,0.5356232711696565,0.5087889164512183,0.577654474053627,0.0313888357798753,0.6085213709316143,0.6030349932158734,0.5765496436765909,0.5200183682732927,0.5801479941707637,4.2,4.1182520563948,1,7,1,1,11
-750,0.8688309284829602,0.0169916355321472,0.8743508089448988,0.8829988407105515,0.8877206629084557,0.8420774242312637,0.8570069056196311,0.6272220014811989,0.010206944820289,0.6122265090913277,0.6386593223924238,0.6190221885700343,0.6293016857820609,0.6369003015701478,0.5743332485967712,0.0122485141738176,0.5593906466602564,0.5659282376467274,0.5687206547344439,0.5871767490421215,0.5904499549003066,0.8773913181189334,0.0177437356948228,0.8649614922928087,0.8738835923599474,0.8787711930997444,0.8591796773852725,0.9101606354568944,0.5402888505726843,0.0062403659369467,0.5394099909856183,0.5337548501200164,0.5382625137261071,0.5378463955707478,0.552170502460932,0.5670721592642994,0.025626556103627,0.5801479941707637,0.5797976789222576,0.5797976789222576,0.5797976789222576,0.5158197653839609,0.8707324707146846,0.0200250268633561,0.8444730910387906,0.859570739847241,0.8801549239592119,0.9035748911626412,0.8658887075655388,0.5398598122780512,0.0110392424773292,0.5574220432702508,0.5388025597444699,0.5366289602895509,0.5231919212935174,0.5432535767924673,0.577654474053627,0.0313888357798753,0.6085213709316143,0.6030349932158734,0.5765496436765909,0.5200183682732927,0.5801479941707637,8.0,7.238784428341543,7,3,2,22,6
-725,0.8889592309588009,0.0319387900424174,0.9178407874303994,0.9195923405824248,0.906825649984104,0.8475507165967804,0.852986660200296,0.5596948719173843,0.0361891743367064,0.5378955832837146,0.5225741222759753,0.5310368279773457,0.6078929340206032,0.599074892029283,0.5714628819814072,0.0145959856969701,0.5526616476249844,0.5577701815205558,0.5716672961705175,0.5888095525949754,0.5864057319960031,0.8844877723491553,0.0160162890636481,0.8874565380992312,0.8863037156336235,0.8863490314194651,0.8562153631990607,0.9061142133943962,0.5496374626005534,0.0058961886378446,0.5393300450045074,0.5558655791984606,0.5470712503562813,0.5532112570661708,0.5527091813773469,0.5670721592642994,0.025626556103627,0.5801479941707637,0.5797976789222576,0.5797976789222576,0.5797976789222576,0.5158197653839609,0.8782053145495329,0.0148929258642065,0.870505797140526,0.8742783268292745,0.8877625248648904,0.9009287971438784,0.8575511267690947,0.5443396410215318,0.0242853221239572,0.5786904775994284,0.5026692466886401,0.5440801422920573,0.549488254925858,0.546770083601675,0.577654474053627,0.0313888357798753,0.6085213709316143,0.6030349932158734,0.5765496436765909,0.5200183682732927,0.5801479941707637,5.6,5.71314274283428,1,1,1,14,11
-700,0.8689985168348884,0.023343837217622,0.8559732093024499,0.9061331036164588,0.8863946893780502,0.8507013382370939,0.8457902436403885,0.5972460680723906,0.0318834983417048,0.6145295661922776,0.5378775759288336,0.5989308141771729,0.6322873810084021,0.6026050030552667,0.5758422223998869,0.0102593162083824,0.5706785258620165,0.5625782195786558,0.5701514677381786,0.5874346990785537,0.5883681997420295,0.8787348826726277,0.0148709593650241,0.8623982595674919,0.8851720528169111,0.8773007555441423,0.8652820099483837,0.9035213354862096,0.5493328009757106,0.005115845188374,0.5527138662320104,0.547858852762744,0.5566454001351522,0.5414610765022392,0.5479848092464067,0.5670721592642994,0.025626556103627,0.5801479941707637,0.5797976789222576,0.5797976789222576,0.5797976789222576,0.5158197653839609,0.8711414405793855,0.0225582440984764,0.8375149315053766,0.8731158502174147,0.878860795136654,0.9061702814969148,0.8600453445405671,0.5290871336240579,0.0121123848371008,0.5343702794659829,0.5277308969834696,0.5459456125038257,0.5287833898613388,0.5086054893056723,0.577654474053627,0.0313888357798753,0.6085213709316143,0.6030349932158734,0.5765496436765909,0.5200183682732927,0.5801479941707637,10.2,7.8587530817554,18,1,2,10,20
-675,0.8818517091347999,0.0159928957050001,0.8809475296551419,0.9125228401311894,0.8720444152035665,0.8672919912436574,0.8764517694404445,0.5990889555606616,0.0392731911436328,0.6182699904260429,0.5263402165644812,0.6251617271531901,0.6351282534371602,0.5905445902224342,0.5737762920042255,0.0121825451863271,0.5612331929514991,0.5633468701251416,0.5673903236481956,0.5899096382659409,0.5870014350303508,0.8822501879749876,0.0199633164398356,0.8681909423885923,0.8869387525500674,0.8646577668912483,0.872279369469845,0.9191841085751852,0.5509024087615009,0.0053754222475009,0.5559267449571147,0.5455849686129133,0.5434702455166702,0.5530504329853965,0.5564796517354103,0.5670721592642994,0.025626556103627,0.5801479941707637,0.5797976789222576,0.5797976789222576,0.5797976789222576,0.5158197653839609,0.8760871926943461,0.020473623200404,0.8495024153680513,0.8742960601141958,0.8669575850168864,0.9121489958329634,0.8775309071396337,0.5418269867219089,0.0116391989026551,0.5594465155747137,0.5494905609519533,0.5316543300134465,0.5409997219612659,0.527543805108165,0.577654474053627,0.0313888357798753,0.6085213709316143,0.6030349932158734,0.5765496436765909,0.5200183682732927,0.5801479941707637,3.2,1.7204650534085253,4,1,6,3,2
-650,0.8896056244053792,0.0118578410455391,0.8852539480346995,0.9092645485376576,0.8821952502752087,0.8959415843806315,0.8753727907986985,0.574103593527587,0.0438336934149551,0.6127859803120753,0.5329231574512723,0.6266765037018169,0.5144457117691542,0.5836866144036165,0.5731396853846447,0.0120942210576385,0.5621535243114972,0.561592062387269,0.5663862744283713,0.5865939286347199,0.5889726371613655,0.8875470862244115,0.0169362069222063,0.873570958773295,0.8860511906219252,0.8725044962131616,0.886300524075826,0.9193082614378496,0.5563081726043566,0.0112387387959085,0.5445306341353964,0.5479342232334591,0.5547084648007949,0.5576026304327466,0.576764910419386,0.5670721592642994,0.025626556103627,0.5801479941707637,0.5797976789222576,0.5797976789222576,0.5797976789222576,0.5158197653839609,0.880704616055344,0.0224541455416833,0.8543833060698076,0.8745512221798752,0.8741060639872695,0.9224151824459884,0.8780673055937795,0.5518830600332988,0.018358661993812,0.5781327030107875,0.531890783577972,0.5613245291740196,0.5578918422397968,0.5301754421639182,0.577654474053627,0.0313888357798753,0.6085213709316143,0.6030349932158734,0.5765496436765909,0.5200183682732927,0.5801479941707637,2.0,0.8944271909999159,3,1,3,1,2
-625,0.8818528716097174,0.0190404601147706,0.9125207226300976,0.8909312259290636,0.8807999958697054,0.8580303505523917,0.8669820630673281,0.6053936442290666,0.0437340130717087,0.5230344616966386,0.6093686211607451,0.6190363841943781,0.6532987110796844,0.6222300430138868,0.5741300443328421,0.0137535225767643,0.558343612602354,0.5628303698296492,0.5684579070739978,0.5908078684789959,0.5902104636792136,0.8889221870537961,0.0147564740877499,0.8867265329216466,0.8783716812278285,0.8732668342012347,0.8903906905289852,0.915855196389285,0.5554262965065809,0.0107311877501012,0.5531428556474232,0.5452789017995391,0.5572320829865494,0.5464576878263105,0.5750199542730825,0.5670721592642994,0.025626556103627,0.5801479941707637,0.5797976789222576,0.5797976789222576,0.5797976789222576,0.5158197653839609,0.8809686971433235,0.0209053426316784,0.8701270565842137,0.8655074509707364,0.874218893773628,0.9223624449787716,0.8726276394092676,0.5532846063063891,0.016519883500205,0.5644145635283695,0.530434010888423,0.5778692082940718,0.5508126533544516,0.5428925954666295,0.577654474053627,0.0313888357798753,0.6085213709316143,0.6030349932158734,0.5765496436765909,0.5200183682732927,0.5801479941707637,2.8,1.32664991614216,1,2,3,5,3
-600,0.8781022981270071,0.0126708124739471,0.8855184476400159,0.8902066964464089,0.8887119096579011,0.8672058275065471,0.8588686093841631,0.6139333837016745,0.0112481433204905,0.6294104048417924,0.5998193858960684,0.6031375355962819,0.6227007895127695,0.6145988026614605,0.5737754988053803,0.0121090680812709,0.5617578138898499,0.5634249745120263,0.5669157955990077,0.5903128094982152,0.5864661005278019,0.8821147842840714,0.013880890500292,0.872993832284754,0.8778859376907349,0.8778927488760515,0.8723250392711523,0.9094763632976648,0.5607575974990147,0.0150260641325067,0.5499379485508379,0.5427147086699602,0.5751656135775793,0.5543055884514777,0.5816641282452183,0.5670721592642994,0.025626556103627,0.5801479941707637,0.5797976789222576,0.5797976789222576,0.5797976789222576,0.5158197653839609,0.8747707244121667,0.0202444895669361,0.8541160207806211,0.8648362936395587,0.8792652343258713,0.911934646693143,0.8637014266216394,0.5616061968682773,0.0251186735963171,0.5796972761896264,0.5339457842029436,0.5836261389846814,0.5827667150564579,0.527995069907677,0.577654474053627,0.0313888357798753,0.6085213709316143,0.6030349932158734,0.5765496436765909,0.5200183682732927,0.5801479941707637,3.2,1.469693845669907,3,2,2,3,6
-575,0.892111306952447,0.0164137950407377,0.8927338989739565,0.8914854907497918,0.9151596039840856,0.8640128484706289,0.8971646925837723,0.5838953124453077,0.0359674144289563,0.6040365711758525,0.6050613044309051,0.5463739844658367,0.627825862098659,0.5361788400552855,0.5704597723582057,0.0120270647482213,0.5599198578694519,0.5615217905120743,0.560741612376506,0.5874688821956441,0.5826467188373521,0.8871053038221417,0.0198146039631808,0.8782157121282635,0.8777282093510483,0.8868565794193384,0.867861554478154,0.9248644637339044,0.5597771425738154,0.0144114787792662,0.5682253077857369,0.5332909027236703,0.5621916488128403,0.5592918362882398,0.5758860172585898,0.5670721592642994,0.025626556103627,0.5801479941707637,0.5797976789222576,0.5797976789222576,0.5797976789222576,0.5158197653839609,0.881827951561321,0.0175394106822546,0.8607336625908361,0.8647791508472327,0.8884056228579897,0.909035861492157,0.8861854600183892,0.5475278874791376,0.0214174923910958,0.582882181685471,0.521824491924648,0.5482428049522869,0.5551652380098346,0.5295247208234475,0.577654474053627,0.0313888357798753,0.6085213709316143,0.6030349932158734,0.5765496436765909,0.5200183682732927,0.5801479941707637,2.0,1.095445115010332,2,2,1,4,1
-550,0.8895168760388168,0.0261100419507106,0.8907221488116943,0.9209226824573636,0.911964149204726,0.8761528496889724,0.8478225500313277,0.587742901055649,0.0330864441739625,0.6040412180838199,0.5591173631111698,0.5420108779817588,0.5992846481221784,0.6342603979793181,0.5723664301996351,0.0144575050214448,0.5638676563609141,0.5513203917727307,0.56960551947109,0.5890091232279717,0.5880294601654692,0.8871416156942195,0.0099485597710783,0.8783527757182266,0.8867865638299421,0.886625512079759,0.8783595724539324,0.9055836543892368,0.5601985723379064,0.0081597406926482,0.5516684871823783,0.5514907857334566,0.5617063222058054,0.5626632970206598,0.5734639695472317,0.5670721592642994,0.025626556103627,0.5801479941707637,0.5797976789222576,0.5797976789222576,0.5797976789222576,0.5158197653839609,0.8794484420256182,0.0213090447335495,0.8604609117363439,0.8747370351444591,0.8877169074434222,0.9163204612153948,0.8580068945884705,0.5565560957789989,0.0134648309155862,0.5805798976426171,0.5495312975237113,0.5481226208822026,0.5615526059511192,0.5429940568953443,0.577654474053627,0.0313888357798753,0.6085213709316143,0.6030349932158734,0.5765496436765909,0.5200183682732927,0.5801479941707637,3.8,4.621688003316537,2,1,1,2,13
-525,0.887507350051526,0.0206836648160469,0.8847282485863597,0.911383432825816,0.911043263587755,0.8675670697517002,0.8628147355059987,0.5951003042241814,0.0437673136783904,0.633828131861136,0.5457676765735671,0.5375717627856276,0.6265471696185969,0.6317867802819794,0.5732149561975545,0.0131420404169974,0.5619144166007859,0.5634554418235428,0.5621260379286764,0.5899503126557539,0.5886285719790135,0.8868336923194654,0.0142935454209243,0.8750556526762067,0.8868513179547859,0.8866633574167887,0.8726545355536721,0.9129435979958735,0.5635505246308401,0.0118934079952035,0.554137993600528,0.5538262031951653,0.5748835800041772,0.5539390995242995,0.5809657468300308,0.5670721592642994,0.025626556103627,0.5801479941707637,0.5797976789222576,0.5797976789222576,0.5797976789222576,0.5158197653839609,0.8801730914549394,0.0189743032698655,0.8556699247071238,0.8749002200184446,0.8882101268479319,0.9119115471839904,0.8701736385172064,0.5568455350310346,0.0192004496657064,0.5793567770291937,0.5357016185575763,0.5564242021957154,0.5774538117058756,0.5352912656668123,0.577654474053627,0.0313888357798753,0.6085213709316143,0.6030349932158734,0.5765496436765909,0.5200183682732927,0.5801479941707637,2.4,1.2,3,1,1,3,4
-500,0.8759490542805072,0.0133066195000775,0.8922795837687463,0.8885415823189253,0.8682759877332707,0.8559588132445345,0.874689304337059,0.6256032029742495,0.0150389312210535,0.6167051402656928,0.6180734362433067,0.6254075179150766,0.654612368812391,0.6132175516347806,0.5752874314936818,0.012180845314048,0.5607290726808059,0.5657220742548451,0.5705987218217428,0.5888686728515747,0.5905186158594409,0.8811475732109763,0.0199558700214123,0.877916572671948,0.8789936286030393,0.8656020616040085,0.8640864509524722,0.9191391522234136,0.5616951671685755,0.0175769121104435,0.5486105608710392,0.5470604462036313,0.5486180043789873,0.573256890534525,0.590929933854695,0.5670721592642994,0.025626556103627,0.5801479941707637,0.5797976789222576,0.5797976789222576,0.5797976789222576,0.5158197653839609,0.8754645177812286,0.0159643373392692,0.8610283461484042,0.8666862592552648,0.8663380055716543,0.90546571485924,0.8778042630715803,0.5630660354605586,0.0195809566746946,0.5784937330204729,0.5412907422315552,0.5552825624466372,0.5929839883945417,0.5472791512095858,0.577654474053627,0.0313888357798753,0.6085213709316143,0.6030349932158734,0.5765496436765909,0.5200183682732927,0.5801479941707637,3.6,1.9595917942265424,2,2,6,6,2
-475,0.869999766718481,0.0158984811129622,0.8925598915090266,0.8776736677307444,0.8760376836835724,0.8509480541514367,0.852779536517625,0.6232938528273612,0.0163788473437508,0.6174307569922388,0.6445825526778537,0.6394396932172269,0.6006276381045161,0.6143886231449701,0.5741697458984235,0.01134320728557,0.5600563238947762,0.5668182510140726,0.568778582628523,0.5880557367405058,0.5871398352142397,0.8763646161917485,0.0166225337158969,0.8791287180149194,0.8692074183261755,0.8681949377059937,0.8583867567958254,0.906905250115828,0.5662261214230363,0.0178886113320891,0.5541615265625025,0.546472156364322,0.5580998045465205,0.5761884430590842,0.5962086765827522,0.5670721592642994,0.025626556103627,0.5801479941707637,0.5797976789222576,0.5797976789222576,0.5797976789222576,0.5158197653839609,0.8698356632030372,0.0171396676601842,0.8605614160046433,0.8561802380012743,0.8704707026481628,0.9027479760574572,0.8592179833036481,0.5604156048665491,0.0162395640762298,0.5882115414570872,0.5460709128609327,0.554948480822811,0.5682233410249423,0.5446237481669723,0.577654474053627,0.0313888357798753,0.6085213709316143,0.6030349932158734,0.5765496436765909,0.5200183682732927,0.5801479941707637,5.8,3.124099870362662,2,4,4,10,9
-450,0.8816144032576648,0.010215761435207,0.8928671897072153,0.8913208467444194,0.8815853687905774,0.8775497459873711,0.8647488650587416,0.6290886304256474,0.0157849514376283,0.6140288892874118,0.6269642494486823,0.6480272362564165,0.6101240343612895,0.6462987427744372,0.5727185746367252,0.0113727471530294,0.560804204577052,0.5626140144770488,0.5673823116312701,0.5864784453269447,0.5863138971713099,0.884889784003749,0.0142275323126438,0.8794230204640012,0.8799858562874071,0.8733863613822244,0.8787006591305588,0.9129530227545536,0.5661741687749805,0.0155117308406653,0.5528357260398822,0.5501955339304113,0.5601962893346778,0.5763638961444042,0.5912793984255271,0.5670721592642994,0.025626556103627,0.5801479941707637,0.5797976789222576,0.5797976789222576,0.5797976789222576,0.5158197653839609,0.8774137453599409,0.0199405652357118,0.8606989654627714,0.8663616053985826,0.8744562647559426,0.9162903662883874,0.8692615248940208,0.5789842713839983,0.0158993475681305,0.5946821781892988,0.5502579024737897,0.5924625849512565,0.5810562562781386,0.5764624350275084,0.577654474053627,0.0313888357798753,0.6085213709316143,0.6030349932158734,0.5765496436765909,0.5200183682732927,0.5801479941707637,2.6,0.8,2,2,3,2,4
-425,0.8722201134740691,0.0133566637948247,0.8775304562037753,0.8894437643670544,0.8799572648461332,0.852129047678918,0.8620400342744651,0.6274151291637768,0.0100012179291064,0.6165415344932528,0.6302766812656972,0.6374760263883947,0.6147636277590405,0.6380177759124986,0.574811839848264,0.0115127605474532,0.5615118462836438,0.565302175077434,0.5702506799498505,0.588566888135141,0.5884276097952507,0.8778992941885283,0.0182543394484971,0.8669393929568204,0.8787458358388959,0.8729143792932684,0.8589301344120142,0.911966728441643,0.5751456043791049,0.0085677743606201,0.5716109181907368,0.5630050101082122,0.581119549462803,0.5721095814467905,0.5878829626869823,0.5670721592642994,0.025626556103627,0.5801479941707637,0.5797976789222576,0.5797976789222576,0.5797976789222576,0.5158197653839609,0.8721422574736856,0.0179572296400041,0.8473071817195776,0.8667068481445312,0.8741430658282656,0.903046044436368,0.8695081472396851,0.574692256958439,0.0128553947675567,0.5783550843978326,0.5599063822140098,0.5842515726541228,0.5913118045931224,0.5596364409331068,0.577654474053627,0.0313888357798753,0.6085213709316143,0.6030349932158734,0.5765496436765909,0.5200183682732927,0.5801479941707637,4.6,2.4166091947189146,5,2,3,9,4
-400,0.8769335002014318,0.0216273367045462,0.9113055817859688,0.8842112790677965,0.8810901340750075,0.8496766717163557,0.85838383436203,0.6080488995690347,0.030263011710961,0.5488021699274442,0.6243988171027167,0.6209780103638372,0.632665017496767,0.6134004829544086,0.572609327138774,0.0131776718507823,0.5567998605966498,0.5623106016138172,0.5675485593177048,0.5888604389363656,0.5875271752293324,0.8801421674815091,0.0167671025139118,0.8861792105616946,0.8732752601305643,0.8721581661339962,0.8598560654755795,0.9092421351057112,0.5715446459585081,0.0099242668066446,0.5665876690548427,0.568176446474464,0.5701096926016953,0.5621620004816037,0.5906874211799343,0.5670721592642994,0.025626556103627,0.5801479941707637,0.5797976789222576,0.5797976789222576,0.5797976789222576,0.5158197653839609,0.8737981532559251,0.0153111006965043,0.8694783828475259,0.8605623263301272,0.8732598983880245,0.903023261012453,0.8626668977014946,0.5731796966266586,0.0067853845961851,0.5773769436277655,0.5632864433156489,0.5831759594936634,0.5693648607774038,0.5726942759188117,0.577654474053627,0.0313888357798753,0.6085213709316143,0.6030349932158734,0.5765496436765909,0.5200183682732927,0.5801479941707637,4.6,3.1368774282716245,1,3,3,10,6
-375,0.885518148879415,0.0189199902176621,0.8924360957342324,0.9177690252815324,0.8814325406379306,0.862071249288382,0.8738818334549973,0.6183384181979908,0.028719931858001,0.6233849994219455,0.5647686598865866,0.6423873120216442,0.6438258593976207,0.6173252602621575,0.5741720533334789,0.0126795377478806,0.5605739782189336,0.563050469925197,0.5684959876447461,0.5886322243467111,0.5901076065318067,0.8850590622786321,0.0179483152386079,0.8785284504745946,0.8874308358539235,0.8730934117779587,0.8677317463990414,0.9185108668876416,0.5812105938525842,0.0081842802019248,0.5767314555880858,0.5698489908980178,0.5795645940907866,0.5860705933494934,0.5938373353365376,0.5670721592642994,0.025626556103627,0.5801479941707637,0.5797976789222576,0.5797976789222576,0.5797976789222576,0.5158197653839609,0.8789764458482916,0.0158453423500507,0.8607304240718032,0.8747716654430736,0.8739705230250503,0.908560118891976,0.8768494978095546,0.5840506365059347,0.0117613306143236,0.5962812210885119,0.5615488342048576,0.5875717261938577,0.5879481927526554,0.5869032082897908,0.577654474053627,0.0313888357798753,0.6085213709316143,0.6030349932158734,0.5765496436765909,0.5200183682732927,0.5801479941707637,2.4,1.019803902718557,2,1,3,4,2
-350,0.8885205965681173,0.0167397940740096,0.8924022833096612,0.8730418233527351,0.9120441214325502,0.8664023870045376,0.8987123677411031,0.60172899487696,0.0374389623913324,0.6088026135420095,0.6319914867574593,0.5634979162651268,0.6500330833295456,0.5543198744906584,0.5727929059314936,0.0115420417354809,0.5611982679621624,0.5620292119864828,0.5679797752831943,0.5898057704610332,0.582951503964595,0.8866954991311738,0.0199084341174999,0.8785183863206343,0.8667123480276628,0.8862300731919028,0.8774965857014512,0.924520102414218,0.5801554055227003,0.0109214450084221,0.5766944073392342,0.5653404361802028,0.5811084306063734,0.5784733387593044,0.5991604147283864,0.5670721592642994,0.025626556103627,0.5801479941707637,0.5797976789222576,0.5797976789222576,0.5797976789222576,0.5158197653839609,0.8800994811636029,0.021944974546189,0.8608690157081141,0.8519481005090656,0.8879232009251913,0.91405537814805,0.8857017105275934,0.5731368686149196,0.0154685197459207,0.5874649222536604,0.5492869705162025,0.5826335349591368,0.5602638500690862,0.5860350652765121,0.577654474053627,0.0313888357798753,0.6085213709316143,0.6030349932158734,0.5765496436765909,0.5200183682732927,0.5801479941707637,2.6,1.8547236990991407,2,6,1,3,1
-325,0.8857877216388269,0.0123281105445201,0.8849736224744738,0.9085816968347608,0.8856954808087693,0.875109129959775,0.8745786781163559,0.6142189902885753,0.0289627090931083,0.6306217845460741,0.5566668299061523,0.6298573735286501,0.6223416849686138,0.6316072784933859,0.5742214613029758,0.0126679615148842,0.5618155099198985,0.5598717971751319,0.5715444015640073,0.5878752737792795,0.5900003240765618,0.8868892405972337,0.0164058440815929,0.8733446579990964,0.8869168722268307,0.8786125562407754,0.8770940628918734,0.9184780536275922,0.5774416867655452,0.0195374133099426,0.5517906333552979,0.5665273597785294,0.5848730458517682,0.5739555422558549,0.6100618525862753,0.5670721592642994,0.025626556103627,0.5801479941707637,0.5797976789222576,0.5797976789222576,0.5797976789222576,0.5158197653839609,0.8804726427251642,0.0192514589309326,0.8556017550555143,0.8743714798580516,0.8794851555968776,0.9149676344611428,0.8779371886542349,0.5829277984947738,0.0093391853964282,0.5885566414492185,0.5731489269962642,0.5857206833395128,0.5958552599530474,0.5713574807358268,0.577654474053627,0.0313888357798753,0.6085213709316143,0.6030349932158734,0.5765496436765909,0.5200183682732927,0.5801479941707637,2.0,0.6324555320336759,3,1,2,2,2
-300,0.8805519353483142,0.0080985428202279,0.8912048014168886,0.8819433985297213,0.8864500282965985,0.8744755037052115,0.8686859447931506,0.6322951046674381,0.0085644656344841,0.6211812965353002,0.6355192081581523,0.6361796232757476,0.6240573719785732,0.6445380233894176,0.5747674595268045,0.011375994939419,0.5623575458171517,0.565418655180058,0.5692482195041637,0.5896623634058757,0.5871505137267737,0.8849559513005343,0.0149903955194405,0.8780151352737889,0.8774883530356667,0.8771791729060087,0.8771666757988207,0.9149304194883868,0.5833146729684435,0.0104908568235427,0.5718757318950056,0.5737570609811637,0.5796636302092316,0.5932920947791338,0.5979848469776826,0.5670721592642994,0.025626556103627,0.5801479941707637,0.5797976789222576,0.5797976789222576,0.5797976789222576,0.5158197653839609,0.8780014887000576,0.0194318572375826,0.8610648476716244,0.8634483561371312,0.8788093472972061,0.9147667234594172,0.8719181689349088,0.5874132821328027,0.0165611377587284,0.6061540001213386,0.5693969336845806,0.5658397147521204,0.5953090708226545,0.6003666912833194,0.577654474053627,0.0313888357798753,0.6085213709316143,0.6030349932158734,0.5765496436765909,0.5200183682732927,0.5801479941707637,2.4,0.4898979485566356,2,3,2,2,3
-275,0.8743716676210621,0.0111071680074707,0.8929261374719364,0.8695576178658869,0.8807231605667429,0.862425904298566,0.8662255179021776,0.6429088599505358,0.006448846894056,0.6325848480429348,0.6509395956080927,0.6439049200609444,0.6477423619046133,0.6393725741360942,0.574030017995429,0.012139693102428,0.559875844614363,0.5656822464474744,0.5675307467774104,0.5871060149257605,0.5899552372121359,0.8816012465592588,0.0172023284194821,0.8825525623379331,0.8684378970753063,0.8720901211102804,0.8703380389647051,0.9145876133080684,0.5811270746100254,0.0078762707199599,0.580397606352115,0.5698893041929006,0.5779492343050722,0.5832879038008467,0.5941113243991929,0.5670721592642994,0.025626556103627,0.5801479941707637,0.5797976789222576,0.5797976789222576,0.5797976789222576,0.5158197653839609,0.8745320576609987,0.0191367848900903,0.8622642863880504,0.8534656022534226,0.873822109265761,0.9096757065166128,0.873432583881147,0.5771932778496519,0.0047684199848248,0.5764666352255394,0.5709777438009138,0.5786221162778384,0.585301967347052,0.5745979265969159,0.577654474053627,0.0313888357798753,0.6085213709316143,0.6030349932158734,0.5765496436765909,0.5200183682732927,0.5801479941707637,3.6,1.3564659966250536,2,6,3,4,3
-250,0.8890061749625453,0.0136135856246261,0.8909471735511858,0.911342354779391,0.8764953656294912,0.8930786946385177,0.8731672862141403,0.6126276119018771,0.0281640498065174,0.6295028334303948,0.5755479529925621,0.6432897173667359,0.5817906914550017,0.6330068642646907,0.5745466426697019,0.0126341037609698,0.5611043054479148,0.564094429563512,0.5680527151990356,0.5882819753075188,0.5911997878305284,0.8872765689185172,0.0166618901813054,0.8779502800016692,0.8859432845404653,0.8689000281420621,0.8853615739128806,0.9182276779955084,0.5895480496712475,0.0180171269793669,0.5816405014967629,0.5699350257296327,0.5895301742930319,0.5833585543718415,0.6232759924649682,0.5670721592642994,0.025626556103627,0.5801479941707637,0.5797976789222576,0.5797976789222576,0.5797976789222576,0.5158197653839609,0.8807658538673863,0.0208753511423607,0.8614774870150017,0.873805436221036,0.8705357258970087,0.9212359406731344,0.8767746795307506,0.5911819672606512,0.0136737420297247,0.5790467485176581,0.6028775770691818,0.5866002226262883,0.6112597425962978,0.57612554549383,0.577654474053627,0.0313888357798753,0.6085213709316143,0.6030349932158734,0.5765496436765909,0.5200183682732927,0.5801479941707637,2.0,1.095445115010332,2,1,4,1,2
-225,0.880434620011713,0.0082726370007206,0.884980930495508,0.8893564343452454,0.8864437366269299,0.8678566371042704,0.8735353614866119,0.6338923749714974,0.0054251230596289,0.6290840688918989,0.6318340637306487,0.6279139251333336,0.6411991061868627,0.6394307109147431,0.5746239016534644,0.0116105648878215,0.5618443996435496,0.5648110571299065,0.5695255627281648,0.5868820447386546,0.5900564440270468,0.8837630141865123,0.017503960022205,0.8738274610403812,0.8779287555000999,0.8778761878158107,0.870821293556329,0.9183613730199408,0.5849603914116221,0.0140557980658701,0.5746057937279446,0.5729527743093031,0.5755757297435528,0.592336101184624,0.6093315580926858,0.5670721592642994,0.025626556103627,0.5801479941707637,0.5797976789222576,0.5797976789222576,0.5797976789222576,0.5158197653839609,0.8778247732104678,0.0183888085404974,0.8560658964243802,0.8652618057800062,0.8799021207925045,0.9103069630536166,0.877587080001831,0.5879151062346102,0.0094418136490009,0.6004906173449083,0.5969225827008162,0.5757296971283479,0.5805876598043929,0.5858449741945859,0.577654474053627,0.0313888357798753,0.6085213709316143,0.6030349932158734,0.5765496436765909,0.5200183682732927,0.5801479941707637,2.4,0.4898979485566356,3,2,2,3,2
-200,0.8802976620565985,0.0076893280761353,0.8907814406857049,0.8724826267085124,0.8884339019195321,0.8750851836401162,0.8747051573291267,0.6322704274353159,0.0058564813597211,0.6280924861955675,0.6241025188378501,0.6409239542676101,0.6357931620052104,0.6324400158703418,0.5740791321726795,0.0117952469937797,0.5624437325442073,0.5647493708544585,0.5663180253357932,0.5880073650805485,0.5888771670483893,0.8840000947316486,0.0178576181431094,0.878025537187403,0.8656234939893087,0.8806144468712084,0.87755901705135,0.918177978558974,0.5892543170898934,0.0153948036175954,0.5797747859819946,0.572130897249593,0.5868682558208577,0.5900365627717296,0.6174610836252921,0.5670721592642994,0.025626556103627,0.5801479941707637,0.5797976789222576,0.5797976789222576,0.5797976789222576,0.5158197653839609,0.8770262378634829,0.0219864294064115,0.8609249935005651,0.8509287111686937,0.8811873667167894,0.9152275811542164,0.8768625367771495,0.5996329690994834,0.0060650194269354,0.6085494638998522,0.5992500528974158,0.5945055253801121,0.6039374070657862,0.5919223962542506,0.577654474053627,0.0313888357798753,0.6085213709316143,0.6030349932158734,0.5765496436765909,0.5200183682732927,0.5801479941707637,2.6,1.2000000000000002,2,5,2,2,2
-175,0.8905339059141495,0.0195196245799731,0.9134124486716751,0.8829330126034844,0.9139200596465278,0.8673601039906138,0.8750439046584454,0.6097613203525428,0.0305143425285977,0.5700604783044546,0.6277263954281647,0.57791363237781,0.6489396568574262,0.6241664387948588,0.5711229073470172,0.0135437382765032,0.557178075503985,0.5639874084741003,0.5594656597408567,0.5876026340283426,0.587380758987801,0.8873412840294115,0.0167718712254821,0.8877499374476346,0.8729105447277878,0.8864146760015776,0.8715189063187802,0.9181123556512776,0.5826408906253873,0.0169525604048836,0.560381708538613,0.5722109355920055,0.5906625588376327,0.5797414015175535,0.6102078486411315,0.5670721592642994,0.025626556103627,0.5801479941707637,0.5797976789222576,0.5797976789222576,0.5797976789222576,0.5158197653839609,0.8808318279006265,0.0176949244515243,0.8698000528595664,0.8591839273770651,0.8877195155981815,0.9109784238266222,0.876477219841697,0.5884345782410273,0.0173445264131709,0.5983779682160625,0.5715814246848061,0.5909269843005965,0.6141517084799535,0.5671348055237176,0.577654474053627,0.0313888357798753,0.6085213709316143,0.6030349932158734,0.5765496436765909,0.5200183682732927,0.5801479941707637,2.0,0.8944271909999159,1,3,1,3,2
-150,0.881879207031014,0.0146155597894463,0.890491418002807,0.8771856218269191,0.8874698674555906,0.8559655909685745,0.898283536901179,0.6173679807420724,0.0261716260753504,0.6155539853383194,0.6403611089305303,0.6361107327135744,0.6269419866559073,0.5678720900720305,0.5739124529180696,0.0104463212630956,0.5638491512682542,0.5643677178342942,0.5682105175090908,0.5870400484514838,0.5860948295272252,0.8847722880768053,0.0209789432139855,0.8816688169132579,0.8745411363514987,0.8797905716029081,0.8631594433928981,0.924701472123464,0.5879700342446921,0.0100587966483181,0.5865625171377485,0.5805986874209613,0.5773443769785218,0.5890581559458851,0.6062864337403434,0.5670721592642994,0.025626556103627,0.5801479941707637,0.5797976789222576,0.5797976789222576,0.5797976789222576,0.5158197653839609,0.8780290715622179,0.0168829083131918,0.8611737507762331,0.8587157834659923,0.8796761559717583,0.9044951941027786,0.8860844734943274,0.5886570843347262,0.0096110620569045,0.5980045767707043,0.5832415108606788,0.5910199021797664,0.598154156498374,0.5728652753641077,0.577654474053627,0.0313888357798753,0.6085213709316143,0.6030349932158734,0.5765496436765909,0.5200183682732927,0.5801479941707637,3.0,1.7888543819998317,2,4,2,6,1
-125,0.8837827244984735,0.0205743408749839,0.8860110671249861,0.9176468597244972,0.8864561356220049,0.8542452700359305,0.8745542899849489,0.6227048973887269,0.0220516664236432,0.6310530852471182,0.5809541843087879,0.6429258518630404,0.6214598109677908,0.6371315545568975,0.5725468794084506,0.0139545016161038,0.559979050026069,0.5553105430166229,0.570304209102965,0.5883838467660701,0.5887567481305259,0.8857638250697744,0.0185237183581005,0.884045189077204,0.8866047371517528,0.8782548633488741,0.8614929173931931,0.9184214183778474,0.5809091260985773,0.0146861185797527,0.5562499774088626,0.5801119146112129,0.5812048288226617,0.5847406133988841,0.6022382962512652,0.5674676728416312,0.0258396873466508,0.5821255620574225,0.5797976789222576,0.5797976789222576,0.5797976789222576,0.5158197653839609,0.8800151362563625,0.0136247764599707,0.8630884903849978,0.8752358718351885,0.8796888842727199,0.9047426256266508,0.8773198091622555,0.5805616224073559,0.0082775845409895,0.5653754840192056,0.5873835532503888,0.5863691980015813,0.5780691047981573,0.5856107719674465,0.5784202734746204,0.0299888214799943,0.6085213709316143,0.6030349932158734,0.5765496436765909,0.5238473653782598,0.5801479941707637,2.8,1.7204650534085253,3,1,2,6,2
-100,0.8896402461012614,0.0119680977842483,0.8781003491165712,0.8883904722548023,0.9070076561465704,0.8989561359906934,0.8757466169976696,0.6030374566194887,0.0260282998551265,0.6206566277098495,0.635449234164926,0.578610889137064,0.5667623658483381,0.6137081662372661,0.5733297145540811,0.0115811384596514,0.5620789758911827,0.5661820913505415,0.5635448506082684,0.5872546973949992,0.5875879575254133,0.8874276410449635,0.0166463450944048,0.8695095000845013,0.8773503664768103,0.8861234531258092,0.8857685724894205,0.918386313048276,0.586717248568245,0.0176484450490506,0.5664708486346985,0.5738453656887201,0.589538820469832,0.5858214560240058,0.617909752023969,0.5670721592642994,0.025626556103627,0.5801479941707637,0.5797976789222576,0.5797976789222576,0.5797976789222576,0.5158197653839609,0.8801066308310539,0.0240909230896575,0.8497871666243582,0.8648803360534437,0.8873474832737085,0.9212214386824406,0.8772967295213179,0.597853709401507,0.0129821571149529,0.6113054273502306,0.6056556115175323,0.5912557514242872,0.6055248176419964,0.5755269390734883,0.577654474053627,0.0313888357798753,0.6085213709316143,0.6030349932158734,0.5765496436765909,0.5200183682732927,0.5801479941707637,2.0,1.095445115010332,4,2,1,1,2
-75,0.889993640196692,0.0107556147826923,0.8913423234654456,0.8822269968150818,0.901223619574124,0.901346016175968,0.8738292449528409,0.6038214139016808,0.032795546582206,0.6421046300702498,0.6276085330831687,0.5760883771854554,0.5551276846108255,0.6181778445587045,0.5729314120504526,0.0105796109838431,0.5603927972625223,0.5652874182464614,0.5699075909514515,0.578808342881254,0.5902609109105733,0.8898156874107592,0.0150657410302413,0.8865969740983212,0.8720173330018015,0.8865061113328645,0.886153473998561,0.917804544622248,0.5955343360534047,0.0083575084191532,0.5915303009854561,0.587520707548393,0.5943051348163684,0.5926778278754908,0.6116377090413153,0.5670721592642994,0.025626556103627,0.5801479941707637,0.5797976789222576,0.5797976789222576,0.5797976789222576,0.5158197653839609,0.8822194666573496,0.0219860023561338,0.8667823365240386,0.8586331714283336,0.8869172659787264,0.9218668251326588,0.8768977342229901,0.5871200932423135,0.0079988420544039,0.5747140818437746,0.5912915969017968,0.5898102807408855,0.59782919097138,0.5819553157537305,0.577654474053627,0.0313888357798753,0.6085213709316143,0.6030349932158734,0.5765496436765909,0.5200183682732927,0.5801479941707637,1.8,0.7483314773547883,2,3,1,1,2
-50,0.8852620338656239,0.0163257729239601,0.8834626791403466,0.9078148296198894,0.875017509018023,0.8618331557696628,0.8981819957801976,0.6090028899358313,0.0247372156328426,0.6277945377946087,0.5920795020961892,0.6309920662542614,0.6258144709273396,0.5683338726067577,0.5738512449732209,0.0098839502503303,0.5617732034761603,0.5650618252235449,0.5730277438380862,0.588530933916018,0.5808625184122953,0.8842415824080959,0.0210024939216677,0.8724122462850629,0.8862485632751927,0.869122584660848,0.8691265474666249,0.9242979703527509,0.5957187899998049,0.0116054472285684,0.6000389552535222,0.5898922138384634,0.5768207475237572,0.6006526041735107,0.6111894292097709,0.5670721592642994,0.025626556103627,0.5801479941707637,0.5797976789222576,0.5797976789222576,0.5797976789222576,0.5158197653839609,0.8785041032415448,0.0180095524146445,0.854108913378282,0.8743737845709829,0.8699124365141897,0.9081729560187368,0.8859524257255323,0.5953613103867407,0.0170552736814694,0.5897630826882948,0.5955767006597874,0.5874421709937755,0.62722976489635,0.5767948326954957,0.577654474053627,0.0313888357798753,0.6085213709316143,0.6030349932158734,0.5765496436765909,0.5200183682732927,0.5801479941707637,2.6,1.3564659966250538,3,1,4,4,1
-25,0.8832352782033153,0.0098253223480699,0.8923166375799277,0.8706452656038028,0.8807074790148391,0.8966721449930644,0.8758348638249427,0.613788800273238,0.0294654027088882,0.6377888194221819,0.6148721145365803,0.6356786414562007,0.5572759311515211,0.6233284947997061,0.5735130218782236,0.010765946470308,0.5601980674580243,0.5682256197867261,0.5666518542758652,0.5850175443707532,0.5874720234997496,0.8836337291833127,0.0190645245682011,0.8783529364701473,0.8619623111956047,0.8736370964483782,0.8857190970218543,0.9184972047805786,0.5890253831621947,0.0200943536979986,0.5850127400690257,0.5919705205318574,0.5776938983616919,0.5653177715498228,0.6251319852985757,0.5670721592642994,0.025626556103627,0.5801479941707637,0.5797976789222576,0.5797976789222576,0.5797976789222576,0.5158197653839609,0.8765808304150899,0.0252388703589411,0.8622499812733043,0.8463578043561993,0.8747180501619974,0.9219868544376256,0.8775914618463228,0.5832824436002613,0.0073768671451456,0.5879836559904403,0.5775310394258122,0.5928994424227703,0.572376010611826,0.5856220695504576,0.577654474053627,0.0313888357798753,0.6085213709316143,0.6030349932158734,0.5765496436765909,0.5200183682732927,0.5801479941707637,3.2,2.4819347291981715,2,8,3,1,2
0,0.8849814537874202,0.0194393177986442,0.8924069103506422,0.9161705952329734,0.8870751446055383,0.8684068266878423,0.8608477920601049,0.6215282431531004,0.0212300397787838,0.6339579364576464,0.5798129268389629,0.6364481130077019,0.6246418381062302,0.6327804013549607,0.5707875467889376,0.0156846003737075,0.5600368699136059,0.548767964122501,0.5683450413242992,0.5870413155834817,0.5897465430008001,0.885608911153042,0.0138280316795112,0.8771319028102991,0.8873712167595372,0.8789999557263923,0.8729230183543581,0.911618462114623,0.5963595548935617,0.0180968707879757,0.5944420933418763,0.5878010513751674,0.5828596507718528,0.5849927206267524,0.6317022583521604,0.5670721592642994,0.025626556103627,0.5801479941707637,0.5797976789222576,0.5797976789222576,0.5797976789222576,0.5158197653839609,0.8790173237973994,0.0171805734278255,0.8612305720647176,0.874776769768108,0.8802366708264207,0.9109101060665016,0.867932500261249,0.5976886750568101,0.0155984485932967,0.6021564590508036,0.5906869718016922,0.5905122742644592,0.6254450049684683,0.5796426651986276,0.577654474053627,0.0313888357798753,0.6085213709316143,0.6030349932158734,0.5765496436765909,0.5200183682732927,0.5801479941707637,2.4,1.019803902718557,2,1,2,3,4
25,0.8783113844615895,0.0179131454445231,0.8742601416774631,0.9120147295833864,0.8720241692877307,0.8582746663044408,0.8749832154549274,0.619490875815818,0.0180219179473593,0.6181822081294049,0.5860840964071875,0.6295059828612591,0.6389426774320831,0.6247394142491552,0.5733739384830246,0.0129372889954316,0.5614771382094655,0.5604363467753789,0.5670657779463165,0.5902160252690701,0.5876744042148921,0.880126238230503,0.020622781214103,0.8630742918361317,0.8867430054780209,0.8674919045332706,0.8655246460076534,0.9177973432974382,0.5887954829895581,0.0163234578715508,0.5752423298959712,0.5898499088556668,0.5696482934121615,0.592783541354123,0.6164533414298677,0.5670721592642994,0.025626556103627,0.5801479941707637,0.5797976789222576,0.5797976789222576,0.5797976789222576,0.5158197653839609,0.875098373673179,0.0189453326398793,0.8486290176709493,0.8746602029511423,0.8680271993983876,0.9073607686794164,0.876814679665999,0.5917415068983907,0.0193202342876928,0.5603957588735605,0.5941420043517653,0.5858867182318273,0.6200557154836718,0.5982273375511282,0.577654474053627,0.0313888357798753,0.6085213709316143,0.6030349932158734,0.5765496436765909,0.5200183682732927,0.5801479941707637,3.8,1.9390719429665315,6,1,5,5,2
50,0.89126334854008,0.0155084800225807,0.8902555925329936,0.9139679989863916,0.9028026480035684,0.874111250503776,0.8751792526736701,0.6123028532807562,0.0283546415679145,0.6301353417644663,0.5865377094850431,0.5703334902180517,0.6332817687465826,0.6412259561896373,0.5751676328874298,0.0112329045239037,0.5641099055576311,0.5643605071228907,0.5700621249780066,0.5896669686720868,0.5876386581065337,0.8893913037849195,0.0146109426322304,0.8790584603945414,0.8866432110468546,0.8857199658047069,0.877776436733477,0.9177584449450176,0.5955767048560661,0.0130560868738429,0.5832471083060875,0.591310825769744,0.5881304401607275,0.5946044835917782,0.6205906664519935,0.5670721592642994,0.025626556103627,0.5801479941707637,0.5797976789222576,0.5797976789222576,0.5797976789222576,0.5158197653839609,0.8832170537023833,0.0172952293333857,0.8631554029204629,0.8749103365522443,0.8868143233385953,0.914369720401186,0.8768354852994283,0.6029103298457905,0.0241260995924594,0.5780023484528221,0.5833866402590915,0.615195872126586,0.6438946373524906,0.5940721510379627,0.577654474053627,0.0313888357798753,0.6085213709316143,0.6030349932158734,0.5765496436765909,0.5200183682732927,0.5801479941707637,1.6,0.4898979485566356,2,1,1,2,2
75,0.8886807492098858,0.0209602347759415,0.9158319972225072,0.878398060798645,0.9107966017477293,0.8619521721122191,0.8764249141683284,0.6117876656456744,0.0353699209086353,0.5776367377328835,0.6522790181661985,0.562610908206268,0.6407388209000285,0.6256728432229933,0.571455453963753,0.0141865443257609,0.5514980377230454,0.563738843218579,0.5667530317745484,0.5886962112342843,0.586591145868308,0.887696875225414,0.0168023972966657,0.8875077962875366,0.8785328449624957,0.8865675637216279,0.8677252747795798,0.9181508963758296,0.602062271366061,0.0149024682248589,0.5936156828234299,0.5950760186970518,0.5965720755175073,0.5932723455187319,0.6317752342735847,0.5670721592642994,0.025626556103627,0.5801479941707637,0.5797976789222576,0.5797976789222576,0.5797976789222576,0.5158197653839609,0.882638816761248,0.0143570498516421,0.870854397614797,0.8690526322884993,0.8877577582995096,0.9081902594277352,0.877339036175699,0.5867474393759642,0.0125541988783991,0.5740765151413166,0.5747261167493259,0.5903689442464527,0.6084154571184249,0.5861501636243008,0.577654474053627,0.0313888357798753,0.6085213709316143,0.6030349932158734,0.5765496436765909,0.5200183682732927,0.5801479941707637,2.4,1.3564659966250538,1,4,1,4,2
100,0.8944771835484456,0.0231504502101587,0.9115823581046664,0.9076520542508548,0.91884161393667,0.8591888399468255,0.875121051503211,0.5992848651554328,0.0267116755875429,0.5716723659199799,0.5818302499006368,0.5840735869168726,0.6444628290078112,0.6143852940318637,0.5707552045092732,0.0141577500847003,0.5611675761355185,0.5644692175557868,0.553149258553881,0.5870687559466704,0.5879212143545093,0.8882832433238175,0.0170528272761621,0.885252221064134,0.8853932835839011,0.8872479453231349,0.8651983557325421,0.9183244109153748,0.6009119079660603,0.0145035172562334,0.6068741870615413,0.590059098191187,0.5979220095062268,0.5841345244910396,0.6255697205803068,0.5670721592642994,0.025626556103627,0.5801479941707637,0.5797976789222576,0.5797976789222576,0.5797976789222576,0.5158197653839609,0.8830888256882176,0.0133532604233093,0.8697713053587711,0.8734729037140355,0.8880841750087161,0.906820737954342,0.8772950064052235,0.5969104141658732,0.0137723583689408,0.5934182421768797,0.5929624939496019,0.6236195650965453,0.5905607653534262,0.5839910042529133,0.577654474053627,0.0313888357798753,0.6085213709316143,0.6030349932158734,0.5765496436765909,0.5200183682732927,0.5801479941707637,2.0,1.5491933384829668,1,1,1,5,2
125,0.8758265959847833,0.0162014883984271,0.9051991184962164,0.8681358885519284,0.8795750540556367,0.868266492774806,0.8579564260453293,0.6153889450651203,0.0226529257598175,0.5785685898522402,0.6169819099963757,0.633753093057246,0.6429003032414731,0.604740829178266,0.5747047447241862,0.0105414768080025,0.5643331124304197,0.5661845415883728,0.5679264955963012,0.5876576146785808,0.5874219593272556,0.8800586407834834,0.0161978009441922,0.885486779790936,0.8613113273273815,0.8728959000471866,0.8719985322518782,0.9086006645000342,0.5936076208678066,0.0167622624657239,0.6005868046462366,0.5848790358913296,0.583260655162568,0.5762063984899878,0.623105210148911,0.5670721592642994,0.025626556103627,0.5801479941707637,0.5797976789222576,0.5797976789222576,0.5797976789222576,0.5158197653839609,0.8724381410714352,0.0215288166785391,0.8691692659349153,0.8456723690032959,0.8737462632583849,0.9110505255785856,0.8625522815819943,0.5976807620175435,0.018596110095967,0.5838599501413397,0.5792067853403842,0.6169324246776678,0.6234518160822202,0.5849528338461057,0.577654474053627,0.0313888357798753,0.6085213709316143,0.6030349932158734,0.5765496436765909,0.5200183682732927,0.5801479941707637,4.2,2.4819347291981715,1,8,3,3,6
150,0.8921054728252372,0.0194616590736383,0.8775610751712445,0.915195384590896,0.9166342075338068,0.8760610689821932,0.8750756278480452,0.6019695663772475,0.0207493322110182,0.6157325438430633,0.5812010731043484,0.5726408613612226,0.6177217922018323,0.6225515613757714,0.5724511562412933,0.0123387026803521,0.5592426190803703,0.563947196987483,0.5642638461645416,0.586951681115457,0.5878504378586148,0.8880165811740991,0.0160632605072631,0.8714426539160989,0.8870907552314528,0.8865067976893801,0.8771298220663359,0.9179128769672278,0.5909079900248396,0.0142894608843075,0.5868868583085235,0.5816179415092209,0.5868702041553405,0.5801959837982793,0.6189689623528342,0.5670721592642994,0.025626556103627,0.5801479941707637,0.5797976789222576,0.5797976789222576,0.5797976789222576,0.5158197653839609,0.8802747253215675,0.0220032515122643,0.8466687094081532,0.8749090378934686,0.8875239997199087,0.9149355707746564,0.8773363088116501,0.5950888790829365,0.0128075159467605,0.5976874490092392,0.578090853767055,0.6058030129512366,0.6111247324270986,0.5827383472600529,0.577654474053627,0.0313888357798753,0.6085213709316143,0.6030349932158734,0.5765496436765909,0.5200183682732927,0.5801479941707637,2.2,1.469693845669907,5,1,1,2,2
175,0.8811364196010472,0.0179742280381678,0.8865954746905061,0.9132537436239498,0.8711413753401372,0.8734192461082616,0.861272258242381,0.6180638233121545,0.0180798152178612,0.6342843149734156,0.5857349349987012,0.6108583679671511,0.6286137741437188,0.6308277244777853,0.5752091732390109,0.0139486850664501,0.559527035777725,0.5593279588169635,0.5760291842985342,0.5897329793047061,0.5914287079971249,0.8857985510970607,0.0166701122691566,0.8793581380988612,0.8870697382724646,0.8686069701657151,0.8769687685099515,0.916989140438311,0.5874369330251835,0.0267343004455808,0.5678796231829198,0.5798049185366265,0.5664307504168585,0.5838741104358768,0.6391952625536362,0.5659919952044973,0.0276113674355206,0.5797976789222576,0.5797976789222576,0.5797976789222576,0.5797976789222576,0.5107692603334559,0.8797363353498054,0.0229721375958089,0.8562430901960894,0.8829338893745885,0.8687206849907384,0.9224557641780736,0.8683282480095372,0.5831326981002916,0.0181928596825835,0.5568911279671565,0.6045329187607896,0.5910959634919722,0.5964045499652683,0.5667389303162709,0.5733358977251923,0.0331837567794938,0.6085213709316143,0.5906015433108054,0.5769896351278283,0.5107692603334559,0.5797976789222576,3.0,1.4142135623730951,3,1,5,2,4
200,0.8722013054434786,0.0138297288557979,0.8694547377910811,0.8629475266663069,0.8684169183072356,0.8991229976575399,0.8610643467952296,0.6184945657867074,0.0294388299696905,0.6314352542716718,0.6256296831571329,0.6367977533041885,0.5602962752704852,0.6383138629300584,0.5774074317082003,0.007706104167496,0.5670164707974216,0.5733269570700933,0.5753444552421552,0.5817155593481206,0.589633716083211,0.8811786366231514,0.0193001763147577,0.8701796025940867,0.8632411107872472,0.8694192694895195,0.886470231142911,0.9165829691019926,0.5861171301816853,0.0132038968693252,0.5707123096698696,0.582010678961483,0.5850044323882638,0.5822229389955245,0.6106352908932858,0.5658981272318414,0.0275650328017411,0.5793283390589783,0.5797976789222576,0.5797976789222576,0.5797976789222576,0.5107692603334559,0.8721603462190339,0.029855579809266,0.8427856745141925,0.8530234134558475,0.8690446181730791,0.9286765058835348,0.8672715190685156,0.5796829516832267,0.0263114792646529,0.5533003548244121,0.5814978313133744,0.611356744679036,0.6055718667005678,0.546687960898743,0.5733358977251923,0.0331837567794938,0.6085213709316143,0.5906015433108054,0.5769896351278283,0.5107692603334559,0.5797976789222576,5.2,2.7129319932501073,7,9,5,1,4
225,0.8966171152812918,0.0216727523036523,0.9143827213454492,0.9156876187963584,0.9125754464532913,0.8734560406085142,0.8669837492028463,0.6045306401270938,0.0272211550980529,0.5780388721415244,0.5913521800546768,0.5805029263630868,0.6258101758929266,0.6469490461832544,0.5725954747042916,0.0141914222570081,0.5578115058365612,0.5607994381097062,0.5648538317870266,0.5901742132133477,0.589338384574816,0.8919976552327474,0.0139514817132375,0.8860307426163645,0.8880656451889963,0.8868139783541361,0.8797710321166299,0.9193068778876102,0.5889342659218959,0.0087431613530808,0.5828388127079818,0.5854098248210077,0.5826086896207151,0.5878104033727559,0.6060035990870188,0.5659919952044973,0.0276113674355206,0.5797976789222576,0.5797976789222576,0.5797976789222576,0.5797976789222576,0.5107692603334559,0.8868068850401676,0.0188761708152233,0.8695832888285319,0.8826258074153553,0.8874370166749666,0.9222064289179716,0.8721818833640127,0.5942450197499293,0.0109168614766129,0.5757590379140539,0.5994433766699961,0.6081979479513198,0.5979266777469763,0.5898980584673001,0.5733358977251923,0.0331837567794938,0.6085213709316143,0.5906015433108054,0.5769896351278283,0.5107692603334559,0.5797976789222576,1.6,0.8,1,1,1,2,3
250,0.8927976143728825,0.0236731717937297,0.920444481766101,0.9065083449648828,0.9055501456113204,0.8551788901545337,0.8763062093675751,0.6016028148273297,0.018630207049846,0.5847909014400446,0.5878691026050169,0.5876820179762283,0.6174427545063734,0.6302292976089849,0.5722206685830582,0.0151098593124241,0.5493601563231975,0.5651997540009234,0.5690122844009788,0.5912029347566595,0.5863282134335315,0.8892106059825782,0.0192138685619566,0.887006989031127,0.8867214520772299,0.8864363088752284,0.86295050201994,0.9229377779093656,0.592995580310602,0.0159702352994806,0.5909392224108406,0.5730302048682222,0.5886191906618408,0.5903073195307668,0.6220819640813394,0.5659919952044973,0.0276113674355206,0.5797976789222576,0.5797976789222576,0.5797976789222576,0.5797976789222576,0.5107692603334559,0.8862179842862217,0.0145840664007588,0.8706483244895935,0.8822451468670007,0.8870093334804882,0.9133255662340106,0.8778615503600149,0.593456360021477,0.0237154432777864,0.5699313558493101,0.5890289991950175,0.6232862038850598,0.6184743331673613,0.5665609080106357,0.5733358977251923,0.0331837567794938,0.6085213709316143,0.5906015433108054,0.5769896351278283,0.5107692603334559,0.5797976789222576,2.2,1.9390719429665315,1,1,1,6,2
275,0.8891772968252909,0.0249334997756157,0.9158250910719644,0.9215706838774926,0.875484483143718,0.874664921121499,0.8583413049117806,0.6143555561742763,0.0274833444242444,0.5909637866550747,0.5748578736956889,0.6503913772695672,0.6300506477279725,0.6255140955230782,0.5725384355144718,0.0139569315395638,0.5597735721860113,0.5573560426056362,0.5672469440055098,0.5894086494847955,0.5889069692904062,0.8872055779803883,0.014949032970494,0.8865424051429286,0.8873651226361593,0.8702818028854601,0.8774987567554821,0.9143398024819114,0.5903469949557586,0.0164498155570597,0.5812531247183084,0.5827075719601414,0.5869724532785818,0.5780584320675407,0.6227433927542204,0.5659919952044973,0.0276113674355206,0.5797976789222576,0.5797976789222576,0.5797976789222576,0.5797976789222576,0.5107692603334559,0.881889689691139,0.0208318336044884,0.8701743140365138,0.8812732244982864,0.8719286485151811,0.922057569026947,0.8640146923787666,0.5895749812661475,0.0231706756277006,0.5816648424996442,0.6219645616604448,0.5706430229042141,0.6112853109765023,0.5623171682899323,0.5733358977251923,0.0331837567794938,0.6085213709316143,0.5906015433108054,0.5769896351278283,0.5107692603334559,0.5797976789222576,2.6,1.624807680927192,1,1,4,2,5
300,0.8864539882571426,0.0080912292482461,0.890308399790341,0.8886776167092864,0.8813550939264986,0.8978189684681057,0.8741098623914817,0.6189689137504273,0.0255149532815765,0.6387718690644821,0.6354031290035198,0.617480050206813,0.5700758405276571,0.6331136799496644,0.5728979646274814,0.0100259173243112,0.5628590829716733,0.5658300931718454,0.566571249694785,0.5802978650281689,0.5889315322709351,0.8876581975907991,0.0177204066258268,0.8800881071524187,0.8776837515108513,0.8728911696058331,0.885467529296875,0.9221604303880172,0.5887570661966176,0.0118297960787246,0.5788137601588635,0.57531035376331,0.589526070684896,0.5910235016107579,0.609111644765261,0.5659919952044973,0.0276113674355206,0.5797976789222576,0.5797976789222576,0.5797976789222576,0.5797976789222576,0.5107692603334559,0.8822640512928818,0.0235771216415555,0.8610052791508761,0.8719460133350256,0.873138817873868,0.928202257011876,0.8770278890927633,0.6011456622115167,0.0197601875592031,0.5731035162224228,0.616003949079903,0.6273724171681941,0.6039057330293295,0.5853426955577339,0.5733358977251923,0.0331837567794938,0.6085213709316143,0.5906015433108054,0.5769896351278283,0.5107692603334559,0.5797976789222576,2.0,0.6324555320336759,2,2,3,1,2
325,0.8852276607887031,0.020540549035109,0.8793182643418459,0.8718212787638006,0.9114321206033844,0.9061196925713844,0.8574469476631007,0.6075527658934117,0.0388743011398855,0.6548225409156535,0.6284932587031298,0.561474147562259,0.561025859985745,0.631948022300271,0.5743014686954434,0.0101186947057477,0.5607020496361715,0.5729333346085612,0.566566045858452,0.583706858359775,0.5875990550142571,0.8875516992626767,0.0161889134774094,0.8835343104420286,0.8658252629366788,0.8862487818255569,0.8859958395813451,0.9161543015277748,0.593087417999635,0.0079526355484802,0.5938644097780607,0.5869364788590598,0.5939692645306807,0.5837810410932508,0.6068858957371234,0.5659919952044973,0.0276113674355206,0.5797976789222576,0.5797976789222576,0.5797976789222576,0.5797976789222576,0.5107692603334559,0.8807745601191665,0.0257373027482642,0.8620238827936577,0.8604418870174524,0.8871383739240242,0.9285290421861592,0.8657396146745393,0.5913868926054322,0.0198923387690258,0.5699488848144948,0.5915491379896846,0.6215886944757522,0.6037602216528513,0.5700875240943784,0.5733358977251923,0.0331837567794938,0.6085213709316143,0.5906015433108054,0.5769896351278283,0.5107692603334559,0.5797976789222576,3.2,1.833030277982336,4,5,1,1,5
350,0.8817595432714089,0.0268224222166061,0.9041733428375008,0.9084057850936024,0.8878538067807856,0.8745130613907096,0.8338517202544458,0.6166871195202497,0.0283269203478521,0.5815555052292583,0.5838276123599905,0.6291192040208977,0.6442072830348934,0.6447259929562081,0.5756370745738901,0.013719214398641,0.561980153411507,0.564698813068025,0.5677804518426706,0.5870338572404298,0.596692097306818,0.8894942113847444,0.0127650451942027,0.8848778424840985,0.8864429520838188,0.8813107031764407,0.8802222248279687,0.9146173343513953,0.5910937673632916,0.0138706795431004,0.5830006520478126,0.6029281600756091,0.5855000762547234,0.5730012690836829,0.6110386793546294,0.5676030790617357,0.024389199721044,0.5797976789222576,0.5797976789222576,0.5797976789222576,0.5797976789222576,0.5188246796196476,0.8866662036288868,0.018804909702425,0.8687834613250963,0.8817067652037649,0.8811045559969816,0.9231101274490356,0.8786261081695557,0.5892423509355943,0.0219374586890013,0.5691117375905009,0.6018993935669466,0.6171017614148355,0.5997482252582264,0.5583506368474623,0.575920452561938,0.0340776035617372,0.6085213709316143,0.5906015433108054,0.5769896351278283,0.5107692603334559,0.5927204531059865,5.0,7.014271166700073,1,1,2,2,19
375,0.8912350395291122,0.0182421328921848,0.9134895076456758,0.9134411504588176,0.8797055525878041,0.8751859462138304,0.8743530407394331,0.6088642949130856,0.0235873769480314,0.588054727611936,0.5756464033637568,0.6134787021747381,0.6348431724989102,0.6322984689160869,0.573415908770946,0.0128566312065645,0.5559312246549015,0.5638050876342025,0.5714143371819871,0.5872376256336869,0.5886912687499519,0.893819562955336,0.0156599306479491,0.8861780509804235,0.886021305214275,0.8975728172244448,0.8770289150151339,0.9222967263424036,0.5974587152821266,0.0145487826911148,0.5852656421547254,0.5953050132658263,0.5923393152515671,0.5886263553972613,0.6257572503412524,0.5659919952044973,0.0276113674355206,0.5797976789222576,0.5797976789222576,0.5797976789222576,0.5797976789222576,0.5107692603334559,0.8892516714153867,0.0185417828703285,0.869536351073872,0.8809349356275616,0.8963466900767703,0.9219868417942164,0.8774535385045138,0.6036069079439008,0.0066350551659338,0.5939622009737193,0.6005971978711991,0.610408490546886,0.6117607383203202,0.6013059120073794,0.5733358977251923,0.0331837567794938,0.6085213709316143,0.5906015433108054,0.5769896351278283,0.5107692603334559,0.5797976789222576,1.8,0.7483314773547883,1,1,3,2,2
400,0.8926336682948868,0.0211515941548021,0.9171323045012876,0.9080985219208236,0.8785008806543252,0.8589306221794837,0.9005060122185147,0.6045172109446177,0.0279048162069337,0.5998679125725725,0.5878686112311816,0.6417676316830045,0.6287881716323221,0.564293727604008,0.5730057058229249,0.0118358539015628,0.557883883490783,0.5624055721423111,0.5730449662282455,0.5896943172641161,0.5819997899891683,0.8874879627516776,0.0220840870038485,0.8864473176724983,0.8852224295789545,0.8725909644907172,0.8646151820818583,0.9285639199343596,0.5932912636006842,0.0111151541716183,0.596776050279281,0.5960588413776768,0.6007148382621609,0.5714648831819925,0.6014417049023091,0.5659919952044973,0.0276113674355206,0.5797976789222576,0.5797976789222576,0.5797976789222576,0.5797976789222576,0.5107692603334559,0.884868695157947,0.0160181900921633,0.8699463082082344,0.8799169117754156,0.8735388535441775,0.9149707664142956,0.8859706358476118,0.6029644618800386,0.0153398121999793,0.6022654232230585,0.6043611879632262,0.6216003420953976,0.6111851072007092,0.5754102489178019,0.5733358977251923,0.0331837567794938,0.6085213709316143,0.5906015433108054,0.5769896351278283,0.5107692603334559,0.5797976789222576,2.2,1.6,1,1,3,5,1
425,0.8948384721254564,0.0274353338370804,0.8916733713494134,0.9186818568976884,0.9135756209953544,0.9072017233396312,0.843059788045195,0.602724354065409,0.0266106636267473,0.6378999248496547,0.5978200608338453,0.5780870800079532,0.5711289059515781,0.6286857986840135,0.5705181299213764,0.0152140614634843,0.5594712069340834,0.558270394516939,0.5594230486967049,0.5784699245317575,0.5969560749273969,0.8900249752131376,0.0110748106671922,0.879863648703604,0.8860042329990503,0.8860603534814083,0.8865789590459882,0.911617681835637,0.6014328060359104,0.0070524997950418,0.6067052872853151,0.5967980144514077,0.5897123388223183,0.6075332495644896,0.6064151400560215,0.5659919952044973,0.0276113674355206,0.5797976789222576,0.5797976789222576,0.5797976789222576,0.5797976789222576,0.5107692603334559,0.8852189454165371,0.0235811175366259,0.8680490833340269,0.8806533325802196,0.8869597171292161,0.9288449468034686,0.8615876472357548,0.5876452255846293,0.0320517293002896,0.5746244462997278,0.6194880920633592,0.5976413558897831,0.6146962812459311,0.5317759524243453,0.5737223925435053,0.0335999588262736,0.6104538450231793,0.5906015433108054,0.5769896351278283,0.5107692603334559,0.5797976789222576,3.0,3.521363372331802,2,1,1,1,10
450,0.8850469830109902,0.0208772168365669,0.8756704828173844,0.9103096606805152,0.9095959896893844,0.8688922401556035,0.8607665417120629,0.6133043633200104,0.0276723440656359,0.6345725437415982,0.5855466964295389,0.5745902537537877,0.6424446907604945,0.6293676319146325,0.5728940294629938,0.01330671983523,0.5599093372246452,0.5611607133689144,0.5655962070098309,0.5863225939902976,0.591481295721281,0.8875273278265288,0.0202137462377775,0.8675079887563532,0.8859399882229891,0.8858840013995315,0.8730113452131097,0.9252933155406604,0.6023083423039274,0.0128027614583441,0.5869446489653896,0.6018811724316927,0.5938755606795316,0.6039601535546674,0.6248801758883555,0.5659919952044973,0.0276113674355206,0.5797976789222576,0.5797976789222576,0.5797976789222576,0.5797976789222576,0.5107692603334559,0.8840044599590879,0.0220595101950803,0.8484842831438238,0.8811973170800642,0.8869926875287836,0.9179557706370498,0.8853922414057183,0.5886549891152751,0.0264860952734345,0.5597647329263005,0.6177589107311113,0.5940368127838274,0.6157006884286083,0.5560138007065283,0.5733358977251923,0.0331837567794938,0.6085213709316143,0.5906015433108054,0.5769896351278283,0.5107692603334559,0.5797976789222576,2.8,1.6,5,1,1,3,4
475,0.8829093870428419,0.0178236006293097,0.8849523159646496,0.8893005847930908,0.8623704682920397,0.9118558057804698,0.8660677603839599,0.6252489287542187,0.0254230505220065,0.6300527585374369,0.6412675361151758,0.6392131623407096,0.5750536965159005,0.6406574902618702,0.5729600595205706,0.0104837881031491,0.5609473246003839,0.5660207595335529,0.5704154910284492,0.575976525321784,0.5914401971186831,0.8850635759758226,0.0190466438363169,0.872762660185496,0.8801763870499351,0.8654192541584824,0.8865318858262264,0.9204276926589736,0.5995402120460903,0.008659255791235,0.5934397084480778,0.6029590818302575,0.5989549831924921,0.5885180112169235,0.6138292755427006,0.5654426466771285,0.0273402172712716,0.5788276450752868,0.5788276450752868,0.5788276450752868,0.5799610378263266,0.5107692603334559,0.8799150792035191,0.0254903228988849,0.8542775331121503,0.8737454107313445,0.8663803555748679,0.9284926092985905,0.8766794873006416,0.5948833238017335,0.0228747210241419,0.5903343925122512,0.6199474388894022,0.5738330666510875,0.6227561606103896,0.5675455603455365,0.5733358977251923,0.0331837567794938,0.6085213709316143,0.5906015433108054,0.5769896351278283,0.5107692603334559,0.5797976789222576,3.4,2.4166091947189146,3,2,8,1,3
500,0.8813828977112917,0.018535366748998,0.8908367550250181,0.8851043139536356,0.9092035004773092,0.8605258845791375,0.8612440345213586,0.6272422716403471,0.0186593744094868,0.6356700764775867,0.6398653910687555,0.590109256698279,0.6363586330573109,0.6342080008998029,0.5745313550000779,0.0139000686189832,0.5605675483921534,0.5612952489869834,0.5683463133164537,0.5908086134756243,0.5916390508291748,0.8844864176981376,0.0171398976169453,0.8778123115048264,0.8729367436784686,0.8873832352233656,0.8680139057564012,0.9162858923276266,0.6050438061150766,0.0183048602263831,0.5956758486242048,0.6112644641268645,0.6018686481298974,0.5806476768147137,0.6357623928797025,0.5654426466771285,0.0273402172712716,0.5788276450752868,0.5788276450752868,0.5788276450752868,0.5799610378263266,0.5107692603334559,0.8798784006725657,0.0201763570885002,0.8607216910882429,0.8660493962692491,0.8877182187456073,0.9158990058031948,0.8690036914565347,0.5958355262350679,0.0113759683568898,0.5922795506623405,0.6082743680482573,0.5865738140991095,0.6100578116591923,0.5819920867064396,0.5733358977251923,0.0331837567794938,0.6085213709316143,0.5906015433108054,0.5769896351278283,0.5107692603334559,0.5797976789222576,2.8,1.16619037896906,2,3,1,4,4
525,0.8876054805578644,0.0104243383132278,0.8907332254439285,0.884127320702543,0.8858224669682611,0.9047345555934708,0.8726098340811189,0.6225926389544731,0.0251031927037474,0.6332102303280979,0.6373969132748505,0.6358068014639869,0.5724690554992862,0.6340801942061445,0.5749211936721259,0.0123619134960672,0.5622050802630887,0.5634950817240197,0.5695267889710259,0.5878835335822218,0.5914954838202735,0.8890255866628705,0.0168780372790091,0.8793620503310001,0.8785904880725977,0.8793152119174148,0.885443804842053,0.9224163781512869,0.6006971565940316,0.0141865380915393,0.5907286845528343,0.5955830134170078,0.6066968316863192,0.585194694682912,0.6252825586310845,0.5657485590739852,0.0274963831058259,0.5788276450752868,0.5803572070595702,0.5788276450752868,0.5799610378263266,0.5107692603334559,0.8842832792888989,0.0231671981962475,0.8611945672468706,0.8725981603969227,0.8788409305341316,0.9286367297172546,0.8801460085493146,0.5960309989861086,0.0041960755130562,0.5984388942272313,0.591474708868527,0.5976634894445289,0.6017055647888528,0.590872337601403,0.5742595002011104,0.033711527200011,0.6085213709316143,0.5952195556903956,0.5769896351278283,0.5107692603334559,0.5797976789222576,2.0,0.6324555320336759,2,3,2,1,2
550,0.8893879269816212,0.0196340770820235,0.9193002317369598,0.889209148195601,0.8619694765081111,0.8764351409735139,0.9000256374939201,0.6116801299697743,0.0290360365970085,0.5792874109008435,0.6405431542294863,0.6361912010945308,0.6286866508020895,0.5736922328219214,0.5701866748956601,0.0106639130345233,0.5547269825668686,0.5645175716359518,0.5695002455711621,0.586527112728949,0.5756614619753688,0.8868307406252081,0.0224153322227159,0.888398011525472,0.8786387822844766,0.8617869290438566,0.8770326701077548,0.9282973101644804,0.5958071580984743,0.0079571111487859,0.59454795850581,0.5873551403562948,0.5914108494079954,0.5949641741143389,0.6107576681079321,0.5654426466771285,0.0273402172712716,0.5788276450752868,0.5788276450752868,0.5788276450752868,0.5799610378263266,0.5107692603334559,0.8826996712973625,0.0210635487393082,0.8702063777230002,0.8719635876742277,0.8636323574817542,0.9224080822684548,0.8852879513393749,0.5986638371471235,0.0158850572108912,0.5928842784058707,0.6248368562322317,0.5776308318958941,0.6060777327654758,0.5918894864361447,0.5732435372554734,0.0331361812759632,0.6085213709316143,0.5901397409622106,0.5769896351278283,0.5107692603334559,0.5797976789222576,3.0,3.03315017762062,1,2,9,2,1
575,0.8888910391896042,0.0158575262038252,0.8746366255062142,0.8821890182101849,0.871987536395948,0.905979208110534,0.9096628077251396,0.6153895670747374,0.0274423150764939,0.6284599204765463,0.6380372570154844,0.6451521550229685,0.5877474426571827,0.5775510602015048,0.5704054585377997,0.0057841374137671,0.5654284213217884,0.5645204952203521,0.5675647266141279,0.5755355840581217,0.5789780654746081,0.887583344632929,0.021633645342627,0.869091808795929,0.8741023143132528,0.8791321786967191,0.8862552859566428,0.9293351354021014,0.5992344092352766,0.0088619001080058,0.6091032739923492,0.6026895729840941,0.5961962049927753,0.5835747498857152,0.6046082443214492,0.5654426466771285,0.0273402172712716,0.5788276450752868,0.5788276450752868,0.5788276450752868,0.5799610378263266,0.5107692603334559,0.8820447625535908,0.0262855575343677,0.8509731870709043,0.8659208994923215,0.8779906811136188,0.928877288644964,0.8864617564461448,0.5799347559263998,0.0086292754539892,0.5676210594838571,0.5834379458850824,0.5727801540283974,0.5917768336110539,0.5840577866236082,0.5737223925435053,0.0335999588262736,0.6104538450231793,0.5906015433108054,0.5769896351278283,0.5107692603334559,0.5797976789222576,3.0,1.7888543819998317,5,3,5,1,1
600,0.8924952820404288,0.0205129863950131,0.9092388829005134,0.9120180680579746,0.9057101674915587,0.8630859009998361,0.8724233907522615,0.6026741741765018,0.0306368865385418,0.583676012505052,0.5798780407835026,0.5702409328674316,0.6380965643070614,0.6414793204194622,0.5729596907924749,0.0130540040486904,0.561768346386294,0.5606996835633556,0.5648068111722043,0.5864598530204385,0.591063759820082,0.8898318901206508,0.0176017603073657,0.8863160158648635,0.8877645785158331,0.8863735885331125,0.8671529961354805,0.9215522715539644,0.598564413943069,0.0091455392444033,0.5966273979904286,0.5944413559167365,0.5860085971559861,0.6021048393925524,0.6136398792596415,0.5654426466771285,0.0273402172712716,0.5788276450752868,0.5788276450752868,0.5788276450752868,0.5799610378263266,0.5107692603334559,0.8863089886578646,0.0160556985054019,0.869848982854323,0.8812983939141938,0.886719924030882,0.9164725397572372,0.8772051027326873,0.5926261396308711,0.0077975947224392,0.5908939235566624,0.602232705046055,0.5955218799635265,0.595677415609729,0.5788047739783828,0.5733358977251923,0.0331837567794938,0.6085213709316143,0.5906015433108054,0.5769896351278283,0.5107692603334559,0.5797976789222576,1.8,1.1661903789690602,1,1,1,4,2
625,0.8810443416084212,0.0179303074668386,0.8561384346067291,0.9102317064078812,0.8888940639102582,0.8751688255477197,0.8747886775695172,0.6207165017263507,0.0171177709948638,0.6337787283950895,0.5870347365303131,0.6262900957625066,0.6310459106451201,0.6254330372987242,0.5743626270218253,0.01175815037957,0.5682803317858937,0.5604470489551268,0.566257848436463,0.5885954963338006,0.5882324095978423,0.8852203780954534,0.0207582903657996,0.8599497224345352,0.8868665966120634,0.8785806731744246,0.8778672073826645,0.9228376908735796,0.596693028311489,0.0155601850831688,0.5896773946840134,0.5970403702829301,0.5878731356874912,0.58248803612633,0.6263862047766803,0.5669406220059711,0.0282234653353852,0.5863175217194989,0.5788276450752868,0.5788276450752868,0.5799610378263266,0.5107692603334559,0.8803580244382221,0.0257998496054816,0.8412702499013959,0.8810502218477654,0.8789569681340997,0.922683768200152,0.8778289141076984,0.5732095730922815,0.0277338781794301,0.5273742305067015,0.6056617072308476,0.576107491810448,0.5961786356859922,0.5607258002274181,0.5743132113356678,0.0342601337604627,0.6134079389839916,0.5906015433108054,0.5769896351278283,0.5107692603334559,0.5797976789222576,4.2,4.915282290977804,14,1,2,2,2
650,0.871204155990758,0.0120815599009038,0.866455604735109,0.8829987884796772,0.8868494242736974,0.8541167366135981,0.8656002258517078,0.6389352218578072,0.0086338785994523,0.6421855610996596,0.6446754796408336,0.622003176143076,0.6405632385795792,0.645248653825887,0.5767472800961156,0.0116459270709129,0.567368084742698,0.5652955764373231,0.5692866499179932,0.5896358752674753,0.5921502141150887,0.8802639209862912,0.0201465751550153,0.8631650101054799,0.8728538733540159,0.8800567063418302,0.8663860270471284,0.9188579880830012,0.6007796924961305,0.0128908664349723,0.6011268329841055,0.6137637659969496,0.5931390234162426,0.5807939045686831,0.6150749355146721,0.5654426466771285,0.0273402172712716,0.5788276450752868,0.5788276450752868,0.5788276450752868,0.5799610378263266,0.5107692603334559,0.8752670959992843,0.0227844318544727,0.8438938657442728,0.866252991286191,0.8807026978695032,0.9138351462104104,0.8716507788860437,0.5885974741371385,0.021255141254209,0.5606403375173207,0.612274999478246,0.5768745588117826,0.614643283455095,0.5785541914232477,0.5733358977251923,0.0331837567794938,0.6085213709316143,0.5906015433108054,0.5769896351278283,0.5107692603334559,0.5797976789222576,4.4,2.244994432064365,8,3,2,6,3
675,0.8934133677138496,0.0173963264450113,0.9113403288359496,0.8788653114407333,0.9095947072678006,0.8998659541926433,0.8674005368321213,0.5990807060208778,0.0392070084899977,0.5634304581171716,0.6452235882316902,0.5660578883573902,0.571995238694765,0.6486963567033721,0.5706041107787955,0.0104441542415983,0.5585345234447133,0.5636760859860614,0.565583720688549,0.5782488942449511,0.5869773295297028,0.8893411874771118,0.0161330110924344,0.8865675402410103,0.869129580078703,0.8865205844243368,0.8857480395923961,0.9187401930491128,0.6024950248628861,0.0120043102637244,0.5950651657089244,0.6052943378584076,0.5991984013790812,0.5889202142531013,0.6239970051149163,0.5654426466771285,0.0273402172712716,0.5788276450752868,0.5788276450752868,0.5788276450752868,0.5799610378263266,0.5107692603334559,0.8850252693349663,0.0231969201492658,0.8694320826819448,0.8659475969545769,0.8874397043025855,0.929057894331036,0.873249068404689,0.5779876659537397,0.0093991359066528,0.5841245369474017,0.587612733440363,0.5820065478558937,0.5751550114255871,0.5610395000994526,0.5736065565890809,0.0333286804257237,0.6085213709316143,0.5919548376302484,0.5769896351278283,0.5107692603334559,0.5797976789222576,2.0,1.2649110640673518,1,4,1,1,3
700,0.8775564750445257,0.0212271792909186,0.911454575577962,0.8830248203474221,0.8822064768407762,0.86201490938049,0.8490815930759784,0.6191954352913982,0.0258896157968036,0.5686781669271543,0.6266388903584371,0.6390352196023104,0.6371541574110043,0.6244707421580845,0.5730904921532538,0.0130328946496211,0.5588641724409116,0.5637217214845269,0.5652123873947055,0.5897689330233934,0.5878852464227318,0.8853053678165782,0.0184925778030428,0.8861455393560005,0.8741304043567542,0.8776641072648944,0.8681750731034712,0.920411715001771,0.5932536332456123,0.0072782707664098,0.5845150768746057,0.5992082589074604,0.5900758211693177,0.5883232305812831,0.6041457786953947,0.5654426466771285,0.0273402172712716,0.5788276450752868,0.5788276450752868,0.5788276450752868,0.5799610378263266,0.5107692603334559,0.8827055143587519,0.0174735765217631,0.8693311232509036,0.8694336739453402,0.876669294906385,0.9163832050381284,0.8817102746530012,0.5732151847770828,0.0231890694762198,0.5631779782017862,0.5911104959754115,0.5670332837376715,0.6057541432771598,0.5390000226933848,0.5733358977251923,0.0331837567794938,0.6085213709316143,0.5906015433108054,0.5769896351278283,0.5107692603334559,0.5797976789222576,4.2,3.0594117081556713,1,3,3,4,10
725,0.8813909930052215,0.0213660947432851,0.922763545488574,0.876317512128771,0.877470046589055,0.8668717207367888,0.8635321400829197,0.617180897974724,0.0284133208567987,0.5614756618650223,0.6324182606811272,0.6236407326524017,0.6405618541111068,0.6278079805639618,0.5723022407757208,0.0139188480264938,0.5531224306442124,0.5627325954086743,0.5694725172175729,0.5892317453070929,0.5869519153010514,0.8812338894063776,0.0153807994536746,0.8876183105237556,0.8670320221872041,0.8705824288454923,0.8723522280201768,0.9085844574552594,0.5864138724361755,0.0112570741569442,0.5809481244430091,0.5816576434497202,0.5794827224048451,0.581098770208296,0.6088821016750072,0.5672752597480606,0.0229986217728043,0.5787745706344627,0.5787745706344627,0.5787745706344627,0.5787745706344627,0.5212780162024518,0.8775201512105537,0.0193390842431257,0.870119181546298,0.8611603361187559,0.8705410650282195,0.9155440655621616,0.8702361077973337,0.5630283843157707,0.0125579907071729,0.5568313524673021,0.5536207285056953,0.5637747310662108,0.5870507202407753,0.5538643892988704,0.5741519919658991,0.0312550941724961,0.6085213709316143,0.5906015433108054,0.5769896351278283,0.5158197653839609,0.5788276450752868,3.4,1.3564659966250536,1,5,4,3,4
750,0.8831300415943579,0.0226986450515128,0.893024079578439,0.9229516915439332,0.8701961575095186,0.8696762814964216,0.8598019978434769,0.608550804498382,0.0267226722479275,0.6087296666898464,0.5599547120544985,0.616822852723077,0.6415587978253066,0.6156879931991809,0.5718851512972244,0.0138309980695953,0.5591258015232667,0.5549156788153657,0.5700199309909909,0.5864276357031637,0.588936709453335,0.8819710839878429,0.013663696713184,0.8783199787139893,0.886935855403091,0.8660722049799833,0.8728874127070109,0.90563996813514,0.5883867404838183,0.0137551925866875,0.5917120064264368,0.5880443875228321,0.5805614933876099,0.570048651480376,0.6115671636018373,0.5672752597480606,0.0229986217728043,0.5787745706344627,0.5787745706344627,0.5787745706344627,0.5787745706344627,0.5212780162024518,0.8776456005645521,0.0202189840284696,0.8599664189598777,0.8811037684931899,0.8655361406730883,0.915572079745206,0.8660495949513984,0.5838167274362125,0.0067396541827496,0.5762015886753122,0.5957657363420877,0.5801267328181527,0.5809925714362258,0.5859970079092836,0.5741519919658991,0.0312550941724961,0.6085213709316143,0.5906015433108054,0.5769896351278283,0.5158197653839609,0.5788276450752868,3.4,1.854723699099141,2,1,6,3,5
775,0.8823227344100009,0.0322697523269131,0.9253567358882157,0.8667604456242827,0.9164473899860972,0.8565755922769763,0.8464735082744324,0.6046841986239629,0.0293483049487305,0.5781048991181967,0.6232468372442627,0.5650116779999949,0.6450294922860458,0.6120280864713147,0.5714317430433669,0.0138650543516975,0.5602216629283614,0.5631050616435699,0.5573177827962469,0.5888933940125088,0.5876208138361473,0.8806632919745011,0.0141626637868073,0.8878161636265841,0.8613481322924296,0.8878748958761041,0.8671011093891028,0.8991761586882852,0.5830910205782921,0.0137204085555104,0.5774581069105377,0.5907537418792905,0.583137313300412,0.561453895164491,0.602652045636729,0.5672752597480606,0.0229986217728043,0.5787745706344627,0.5787745706344627,0.5787745706344627,0.5787745706344627,0.5212780162024518,0.8767163724610301,0.0202026866810009,0.8708996230905707,0.8529442855806062,0.8884640895959103,0.9095600843429564,0.8617137796951063,0.560034750530996,0.0264223336804428,0.5591125256896899,0.553041810301355,0.5545920131518299,0.6074697240397479,0.5259576794723575,0.5741519919658991,0.0312550941724961,0.6085213709316143,0.5906015433108054,0.5769896351278283,0.5158197653839609,0.5788276450752868,6.8,5.418486873657627,1,12,1,6,14
800,0.8716223462340759,0.0124712124452099,0.8856780086595988,0.8790765330963528,0.8749804730267868,0.8490877636929148,0.8692889526947257,0.6287733869669969,0.0138393619780207,0.6143299382256238,0.6480177544198896,0.6329978357456798,0.6116094935379073,0.636911912905884,0.5741337116536236,0.0114305092316099,0.5610738449881781,0.5645254358802204,0.5697282091128977,0.589171208481211,0.5861698598056106,0.8773508834116386,0.0178691545175494,0.8746227080171759,0.8723528096170137,0.8712857871344595,0.8574862895589886,0.9110068227305556,0.5841348447988334,0.0072092552489199,0.5816292168407362,0.5794629875240005,0.5841306421703774,0.5775774365049233,0.5978739409541293,0.5672752597480606,0.0229986217728043,0.5787745706344627,0.5787745706344627,0.5787745706344627,0.5787745706344627,0.5212780162024518,0.8738524935462259,0.0171035875995143,0.8543663837692954,0.8652234980554292,0.8711953434077176,0.9054862242756468,0.87299101822304,0.5682936975723013,0.0228829655792105,0.577692055747961,0.5571376600147994,0.5532098117505335,0.6086207608048569,0.5448081995433556,0.5741519919658991,0.0312550941724961,0.6085213709316143,0.5906015433108054,0.5769896351278283,0.5158197653839609,0.5788276450752868,5.2,3.4292856398964493,3,4,4,12,3
825,0.872615482020624,0.0122282063037224,0.8851037873435266,0.8893289043731296,0.8605770468711853,0.8672068205076394,0.8608608510076385,0.6166741285451813,0.0128823310694833,0.6283015959984809,0.6015916326898193,0.6021988361181451,0.6325966697509805,0.6186819081684808,0.5747191605112774,0.0107829202043374,0.5617974662135508,0.5659993748170482,0.5709182535737114,0.5877921882442493,0.5870885197078269,0.8790650544744549,0.0145718804963457,0.8737968441211816,0.8786687254905701,0.8640823743560098,0.8721237742539608,0.9066535541505524,0.5852903553411493,0.0098884767011907,0.5804252526832372,0.5899527176330515,0.5719976605465223,0.5826640692051676,0.6014120766377676,0.5672752597480606,0.0229986217728043,0.5787745706344627,0.5787745706344627,0.5787745706344627,0.5787745706344627,0.5212780162024518,0.8741818337729482,0.0212944338742026,0.854843096299605,0.8723923654267283,0.8617727666190176,0.9151756257721873,0.8667253147472035,0.5638957146281536,0.0130897843041687,0.5529552099681666,0.5842811905938016,0.5589542216218174,0.5736208486422011,0.5496671023147813,0.573959591773499,0.0312399913074108,0.6085213709316143,0.5906015433108054,0.5760276341658273,0.5158197653839609,0.5788276450752868,5.2,4.019950248448357,3,2,13,3,5
850,0.8659225315162816,0.0114960873858713,0.864418192008107,0.8822431717951273,0.8585672624332389,0.8497372914835349,0.8746467398613998,0.6144304596021575,0.0130678502747206,0.6114491399979255,0.6385250597421329,0.6038599320646625,0.6161266744627758,0.6021914917432906,0.5751238040828437,0.0111510104590026,0.5623859958661878,0.5660743575502964,0.5703050803179349,0.5888860239491749,0.5879675627306249,0.8760770949450405,0.020387028906855,0.8676610932205663,0.8740783622770598,0.8631467150919365,0.8597886183045127,0.9157106858311276,0.5790425883497407,0.0101673848898264,0.5806914015740124,0.5926636317326303,0.5610319459826268,0.5799190288862639,0.5809069335731701,0.5659318772166879,0.0229383801353507,0.5774010672843632,0.5774010672843632,0.5774010672843632,0.5774010672843632,0.5200551169459865,0.8729951558691083,0.0192670084383342,0.8471036101832534,0.8666255148974332,0.8673650351437655,0.9060044108015118,0.8778772083195773,0.5453527318967755,0.0268999885374609,0.4962322379753498,0.55624908026198,0.5414839039027098,0.576032923686001,0.5567655136578367,0.5728087848171899,0.0314574683688478,0.6085213709316143,0.5906015433108054,0.5709290290672221,0.5152174101418456,0.5787745706344627,8.4,4.882622246293481,13,3,13,11,2
875,0.8863485786103711,0.0191168266830001,0.9201128120274888,0.8741050313428506,0.8756325791791543,0.894439458232565,0.8674530122697968,0.5968585285027788,0.0390272344340308,0.5478072265281224,0.6279664454955046,0.6304923919120492,0.5503638385275786,0.627662740050639,0.572480039026282,0.0135941906757073,0.5536699953652287,0.5640546146314129,0.5686208538667785,0.5873668573131041,0.5886878739548856,0.8844031821597707,0.0164107996329022,0.8881248903997017,0.8651792298663746,0.8701301090645067,0.886717955271403,0.9118637261968672,0.5801615922140826,0.0116989402211885,0.5823421286151753,0.5995275283661897,0.5631899065328384,0.5796104788715617,0.5761379186846475,0.5659318772166879,0.0229383801353507,0.5774010672843632,0.5774010672843632,0.5774010672843632,0.5774010672843632,0.5200551169459865,0.8799446232391126,0.0234190186954731,0.8701962973132278,0.8570632302399838,0.8746377410310687,0.9251418041460442,0.8726840434652386,0.558509883397214,0.0077536218738873,0.5535602243491377,0.5473570289568692,0.5581172058049102,0.5639728682044509,0.5695420896707024,0.5728087848171899,0.0314574683688478,0.6085213709316143,0.5906015433108054,0.5709290290672221,0.5152174101418456,0.5787745706344627,3.0,1.8973665961010275,1,6,4,1,3
900,0.8688497314748076,0.0085567283536786,0.866155884929539,0.8750507094196438,0.8820531736944139,0.8622870045838896,0.8587018847465515,0.6308653613927315,0.0086781354455759,0.6186952668054714,0.6367346937007274,0.6223089841736936,0.6360123722555306,0.6405754900282347,0.5746276853813559,0.012214814972923,0.562010168424913,0.5662678318240414,0.5659121706914509,0.5897248532302112,0.5892234027361626,0.8818648728457366,0.0137268656268959,0.8832948912273754,0.869377466765317,0.8772244941104542,0.8718334472540653,0.90759406487147,0.5748668930720112,0.0120834021419508,0.5760709136634367,0.5928068821843483,0.5560097368754189,0.5696679406585566,0.5797789919782957,0.5659318772166879,0.0229383801353507,0.5774010672843632,0.5774010672843632,0.5774010672843632,0.5774010672843632,0.5200551169459865,0.8765885902173591,0.0198474843889203,0.8599566401857318,0.8622698458758268,0.8807223276658491,0.9135693257505244,0.8664248116088636,0.5431593697488621,0.0261940737873583,0.5070421777680872,0.5560120056277708,0.5170615570978228,0.5733897951841562,0.5622913130664731,0.5728087848171899,0.0314574683688478,0.6085213709316143,0.5906015433108054,0.5709290290672221,0.5152174101418456,0.5787745706344627,5.8,3.1874754901018454,12,5,3,4,5
925,0.8795395696286074,0.0175348637164782,0.8716600733933989,0.8901488940740369,0.9069068026296871,0.8734585083637041,0.8555235696822098,0.6021592770418263,0.0253365912765197,0.5867520477342512,0.620095146155636,0.5651170404192601,0.6009375109067048,0.6378946399932789,0.5755100185194231,0.0123782193717857,0.5615498277221592,0.565934316108952,0.5694163566601627,0.5916348702380873,0.5890147218677544,0.8841307437781131,0.0147363156138414,0.86368015498826,0.88072885166515,0.888016043287335,0.8792557373191371,0.9089729316306836,0.5712631639341985,0.0077378794054125,0.5800524197493686,0.5789939339348972,0.5616913037075011,0.5629621227210729,0.5726160395581529,0.5659318772166879,0.0229383801353507,0.5774010672843632,0.5774010672843632,0.5774010672843632,0.5774010672843632,0.5200551169459865,0.8804194121649772,0.0256474714345502,0.8410273844545538,0.8732696825807745,0.8920050082784711,0.9195875922838846,0.8762073932272015,0.5552036699144924,0.025414497561591,0.525380461614634,0.585112136903511,0.5516175340350657,0.5836613625758363,0.5302468544434152,0.5728087848171899,0.0314574683688478,0.6085213709316143,0.5906015433108054,0.5709290290672221,0.5152174101418456,0.5787745706344627,3.8,2.7129319932501073,8,2,1,2,6
950,0.8796526795810031,0.0296920519352931,0.8787145442569378,0.9148584481367132,0.9112347567204347,0.845668643405757,0.8477870053851727,0.5893426201462597,0.0349922401719197,0.6197248460598554,0.5488996232560479,0.5450029604024619,0.6088662524501499,0.6242194185627836,0.572639315707793,0.0122735346397808,0.5602968411505074,0.5669441993178089,0.5611557493530306,0.5880345491574573,0.5867652395601608,0.8805635184952706,0.0159788605333459,0.8684341997811289,0.8880227569377783,0.888425836057374,0.8565291726227963,0.901405627077276,0.5701731815983558,0.0045787221506327,0.567136113241486,0.5785752658146158,0.5664040747103428,0.5715575481049049,0.5671929061204295,0.5659318772166879,0.0229383801353507,0.5774010672843632,0.5774010672843632,0.5774010672843632,0.5774010672843632,0.5200551169459865,0.8763755054184884,0.0211638227802076,0.8469468300992792,0.8812178915197199,0.8923074440522627,0.9037110028844892,0.8576943585366914,0.5631473809192483,0.0159283993921633,0.5335984955325,0.5815082578861276,0.5680925258011112,0.5689492953788864,0.5635883299976159,0.5728087848171899,0.0314574683688478,0.6085213709316143,0.5906015433108054,0.5709290290672221,0.5152174101418456,0.5787745706344627,8.0,7.26636084983398,5,1,1,19,14
975,0.8657911653371201,0.0112956210463594,0.8687005952461478,0.8841877548964983,0.8673202057474667,0.8506321089783895,0.8581151618170983,0.6187920222966239,0.0082589256195464,0.6147036898264402,0.6185461049269408,0.6060347214872153,0.6301185392908903,0.6245570559516329,0.5736136125961304,0.0115164686213417,0.5615028849609109,0.5640463332536428,0.5674659472301462,0.5876127028077306,0.5874401947282211,0.8732925339178605,0.0172409590375683,0.8603945428674872,0.8747494726470022,0.8660719629490015,0.8592619697252909,0.905984721400521,0.5754094499656852,0.0093893898850236,0.5876147927034945,0.582289562698785,0.5607355892410005,0.5763216324535946,0.5700856727315516,0.56625277121531,0.0226806716724814,0.5774010672843632,0.5776569759342414,0.5776569759342414,0.5776569759342414,0.520891860989463,0.8677096496928822,0.0173495944156509,0.838218194065672,0.8712582768815936,0.8697562344146498,0.8925612532731259,0.8667542898293698,0.5509791498956222,0.0243422186626626,0.5403984760283915,0.5882917401221389,0.5150421337741156,0.5476854367468522,0.5634779628066127,0.5753728299889657,0.0240521152340687,0.6085213709316143,0.5845409372501992,0.5722042433912512,0.5341965310874006,0.5774010672843632,7.8,3.0594117081556713,11,3,8,11,6
1000,0.8805814684051828,0.0170449337920979,0.8935658753532725,0.8674395760310065,0.881297796042924,0.8567364430919135,0.9038676515067976,0.6069908621804492,0.0365385721221455,0.6093098881703989,0.6095569204668582,0.6309034446347602,0.64586917833888,0.5393148792913494,0.5740478580324229,0.0113077142553269,0.5602310043178471,0.5688884027912947,0.5670996717938898,0.5913390527245103,0.5826811585345725,0.8814746921712702,0.0212973819537964,0.881587185642936,0.8613184130553043,0.8744954322323655,0.86808108922207,0.9218913407036752,0.5745122592513104,0.0060365396424861,0.5789847110957327,0.5826917921293236,0.572090529410741,0.5650902978352466,0.5737039657855086,0.56625277121531,0.0226806716724814,0.5774010672843632,0.5776569759342414,0.5776569759342414,0.5776569759342414,0.520891860989463,0.876958171526591,0.0155515548606149,0.8619772484808257,0.8575841838663275,0.87812678380446,0.898910610964804,0.8881920305165377,0.548707281010245,0.0112354837572663,0.543689367662199,0.567818933579804,0.5333671505094676,0.5478057785486843,0.5508551747510697,0.5753728299889657,0.0240521152340687,0.6085213709316143,0.5845409372501992,0.5722042433912512,0.5341965310874006,0.5774010672843632,4.0,2.8284271247461903,2,9,3,5,1
