lags,train_bce_mean,train_bce_std,train_bce_fold_1,train_bce_fold_2,train_bce_fold_3,train_bce_fold_4,train_bce_fold_5,train_roc_auc_mean,train_roc_auc_std,train_roc_auc_fold_1,train_roc_auc_fold_2,train_roc_auc_fold_3,train_roc_auc_fold_4,train_roc_auc_fold_5,train_sensitivity_mean,train_sensitivity_std,train_sensitivity_fold_1,train_sensitivity_fold_2,train_sensitivity_fold_3,train_sensitivity_fold_4,train_sensitivity_fold_5,train_specificity_mean,train_specificity_std,train_specificity_fold_1,train_specificity_fold_2,train_specificity_fold_3,train_specificity_fold_4,train_specificity_fold_5,train_f1_mean,train_f1_std,train_f1_fold_1,train_f1_fold_2,train_f1_fold_3,train_f1_fold_4,train_f1_fold_5,train_precision_mean,train_precision_std,train_precision_fold_1,train_precision_fold_2,train_precision_fold_3,train_precision_fold_4,train_precision_fold_5,val_bce_mean,val_bce_std,val_bce_fold_1,val_bce_fold_2,val_bce_fold_3,val_bce_fold_4,val_bce_fold_5,val_roc_auc_mean,val_roc_auc_std,val_roc_auc_fold_1,val_roc_auc_fold_2,val_roc_auc_fold_3,val_roc_auc_fold_4,val_roc_auc_fold_5,val_sensitivity_mean,val_sensitivity_std,val_sensitivity_fold_1,val_sensitivity_fold_2,val_sensitivity_fold_3,val_sensitivity_fold_4,val_sensitivity_fold_5,val_specificity_mean,val_specificity_std,val_specificity_fold_1,val_specificity_fold_2,val_specificity_fold_3,val_specificity_fold_4,val_specificity_fold_5,val_f1_mean,val_f1_std,val_f1_fold_1,val_f1_fold_2,val_f1_fold_3,val_f1_fold_4,val_f1_fold_5,val_precision_mean,val_precision_std,val_precision_fold_1,val_precision_fold_2,val_precision_fold_3,val_precision_fold_4,val_precision_fold_5,test_bce_mean,test_bce_std,test_bce_fold_1,test_bce_fold_2,test_bce_fold_3,test_bce_fold_4,test_bce_fold_5,test_roc_auc_mean,test_roc_auc_std,test_roc_auc_fold_1,test_roc_auc_fold_2,test_roc_auc_fold_3,test_roc_auc_fold_4,test_roc_auc_fold_5,test_sensitivity_mean,test_sensitivity_std,test_sensitivity_fold_1,test_sensitivity_fold_2,test_sensitivity_fold_3,test_sensitivity_fold_4,test_sensitivity_fold_5,test_specificity_mean,test_specificity_std,test_specificity_fold_1,test_specificity_fold_2,test_specificity_fold_3,test_specificity_fold_4,test_specificity_fold_5,test_f1_mean,test_f1_std,test_f1_fold_1,test_f1_fold_2,test_f1_fold_3,test_f1_fold_4,test_f1_fold_5,test_precision_mean,test_precision_std,test_precision_fold_1,test_precision_fold_2,test_precision_fold_3,test_precision_fold_4,test_precision_fold_5,num_epochs_mean,num_epochs_std,num_epochs_fold_1,num_epochs_fold_2,num_epochs_fold_3,num_epochs_fold_4,num_epochs_fold_5
-1000,0.6548619223492486,0.0432395683771912,0.6890752201988584,0.7019227203868684,0.5869818393673215,0.6733207049823943,0.6230091268108005,0.6183562075808813,0.10968873321614,0.5563715170527166,0.4503656424259816,0.7612147837673229,0.6178014629970081,0.7060276316613773,0.5374020820449392,0.1049126010293443,0.4125472411186696,0.4322373393801965,0.665268329554044,0.5300943104514534,0.6468631897203325,0.608607296032641,0.0720371548336508,0.6022152401591252,0.4766571433955312,0.6922615416225063,0.6350463537477462,0.636856201238296,0.6451672196998277,0.0619884345914326,0.6140958147246196,0.5444887924274976,0.7250126154715199,0.6571743724764021,0.6850645033990995,0.2275549270122419,0.0624481734409521,0.1925815788017247,0.1283310608785821,0.305887961245104,0.2363311619171857,0.274642872218613,0.6991548751081739,0.0343992571705314,0.6936975802694049,0.6931486342634473,0.7550979086330959,0.7063417434692383,0.6474885089056832,0.5340919204050294,0.1050494810737625,0.4260429361729828,0.5037589122187336,0.5261233938019652,0.4811530285191,0.7333813313123657,0.1134523809523809,0.1409127516651381,0.0,0.0,0.0648809523809523,0.1222789115646258,0.3801020408163265,0.956068481327102,0.0427915883671876,1.0,1.0,0.9634491830920402,0.9272280365137509,0.889665187029719,0.7531997255852563,0.0325986771213887,0.7349503583792629,0.7322333985272105,0.7373468556027626,0.7434972274648608,0.8179707879521845,0.1438435374149659,0.1298519182095006,0.0,0.0,0.1428571428571428,0.2630952380952381,0.3132653061224489,0.7030407352106912,0.0264843538853085,0.6936373327459607,0.6931483234677996,0.728670597076416,0.6635152782712664,0.7362321444920131,0.5634732784491228,0.0941563812265288,0.5146776946484459,0.5295152649713984,0.5954128873771731,0.7275918359960363,0.4501687092525602,0.0839115646258503,0.0921218552089346,0.0,0.0,0.038095238095238,0.2321428571428571,0.1493197278911564,0.9445665066931314,0.0764645040681056,1.0,1.0,0.9601779173207744,0.967484864111776,0.7951697520331061,0.7519802160960136,0.05217851882588,0.7508043566744843,0.7148034835969153,0.7856498492062259,0.828769287148764,0.6798741038536785,0.1034440955869527,0.1190405303334685,0.0,0.0,0.0714285714285714,0.3226190476190476,0.1231728588871445,10.4,7.939773296511683,2,1,17,11,21
-975,0.6774298094567799,0.0242284079429296,0.6673909326394399,0.6341758838721684,0.6984455500330243,0.6929233911491576,0.694213289590109,0.5793203008126844,0.0712013759532323,0.6207156564008129,0.6983279272163813,0.5014256933553671,0.5376170720299381,0.5385151550609224,0.5170492338349482,0.0386376191576151,0.5212773998488284,0.589332955404384,0.4993944547515974,0.478193499622071,0.4970478595478595,0.5857207404293207,0.0607324301468099,0.5869686853979225,0.6836454094393097,0.4949864399489644,0.5644278269272452,0.5985753404331615,0.6212027277636716,0.0566668152554785,0.63790458456938,0.7182257061820371,0.5559923940095173,0.5753351399270134,0.6185558141304102,0.2152747238165221,0.0274664898288185,0.2032230938218333,0.248142345516295,0.1684531442716439,0.2311158592707252,0.2254391762021129,0.7096434899738856,0.032243224879672,0.7045458172048841,0.7727506245885577,0.693277542080198,0.6940512486866542,0.6835922173091343,0.5309336995062124,0.0639541544418132,0.5146580493494313,0.4765349547938834,0.5073337839409268,0.4998859126984127,0.6562557967484076,0.0412301587301587,0.0329943739027009,0.0875283446712018,0.0178571428571428,0.0,0.0293367346938775,0.0714285714285714,0.9804126553939148,0.0250399407864383,0.9321495941371716,0.9917582417582418,1.0,0.9806184952613524,0.9975369458128078,0.7520420632135592,0.0311441695274237,0.7364175005440803,0.7376663157957514,0.7322333985272105,0.7397567857135501,0.814136315487204,0.1071428571428571,0.0714285714285714,0.2142857142857142,0.0714285714285714,0.0,0.1071428571428571,0.1428571428571428,0.702830341884068,0.0154671710504298,0.7091716229915619,0.7295494164739337,0.6932752898761204,0.6849745171410697,0.6971808629376548,0.5757268714653834,0.0617354788561701,0.585957212202594,0.6049296678993884,0.5301449212163498,0.668250328913733,0.4893522270948514,0.103781179138322,0.1664112721506858,0.4340986394557822,0.015079365079365,0.0,0.0595238095238095,0.010204081632653,0.9421388955218976,0.1011729889014532,0.7405151311924711,0.996894409937888,1.0,0.9761420793362716,0.9971428571428572,0.7531845479647858,0.0387900071599839,0.7068716423427418,0.7229524712270349,0.7940708016193564,0.8038544465851452,0.738173378049651,0.1170204748566093,0.1080165813155676,0.3112928504735227,0.1071428571428571,0.0,0.1309523809523809,0.0357142857142857,6.2,4.833218389437829,7,15,1,3,5
-950,0.6524415355353128,0.0238681244423752,0.6624915074734461,0.6225089054732096,0.6358226211298079,0.6920125214826494,0.6493721221174512,0.6494602419373589,0.053570843464157,0.6363517082962262,0.7001208294407254,0.6961982557623483,0.5531211222760314,0.6615092939114635,0.6040807737236309,0.0425939505448181,0.6349962207105064,0.5701015254586684,0.6340891912320483,0.5372354497354497,0.6439814814814816,0.6057309487926112,0.0622201215281389,0.5707555823069494,0.7016425353198025,0.6397697636700314,0.5178352676980149,0.598651594968258,0.6566743686807681,0.0481158239707044,0.634072746621908,0.7279938125401808,0.6839943484098951,0.5844420840825642,0.6528688517492921,0.2396054637656804,0.0317549086779021,0.2224658045036197,0.2596768038994929,0.2782912523983952,0.1873114357385697,0.2502820222883248,0.7247870828424181,0.0293755882751046,0.7184004868779864,0.7458123436995915,0.761206614119666,0.723772508757455,0.6747434607573918,0.5362752852544163,0.0969261900365909,0.4925709580562066,0.5292020611663469,0.5213718457468458,0.4231119723530437,0.7151195889496381,0.0462811791383219,0.0314523353613732,0.0426303854875283,0.0607993197278911,0.0327380952380952,0.0,0.0952380952380952,0.9831092365033252,0.0119420231053496,0.985925925925926,0.9629212454212456,0.9858150183150184,1.0,0.9808839928544362,0.7549873311991562,0.0300497045560355,0.7462138571073407,0.7386872897122492,0.7399526542160669,0.7354063202382679,0.8146765347218554,0.1192176870748299,0.0661308818563696,0.1607142857142857,0.1020408163265306,0.1428571428571428,0.0,0.1904761904761904,0.7165016327585493,0.0138442119887557,0.7206008987767356,0.6918058948857444,0.7297635163579669,0.7121423482894897,0.7281955054828099,0.5795947852501655,0.0595972631142213,0.5755324926168522,0.6591544479646189,0.5924977469620326,0.5959715578259784,0.4748176808813455,0.0709863945578231,0.0644602958630444,0.1728741496598639,0.1217403628117913,0.0142857142857142,0.0238095238095238,0.0222222222222222,0.9615286848076524,0.0444363006552032,0.8783054046847151,0.9575229744950242,0.9973544973544974,1.0,0.9744605475040258,0.7652097076023334,0.0308518106534728,0.740872064854983,0.7471268268752832,0.79761492090354,0.8072282300461878,0.7332064953316735,0.1625396825396825,0.1214484370097195,0.2234126984126984,0.375,0.0714285714285714,0.0714285714285714,0.0714285714285714,12.6,6.468384651518491,8,24,13,5,13
-925,0.6866591381175178,0.0220825218154873,0.6975922669683184,0.6426176677147547,0.6948993518238976,0.7000656766550881,0.6981207274255299,0.5277792462275734,0.0802094170182124,0.4948881321393057,0.6824382302532962,0.522809896056608,0.4567134040265109,0.4820465686621461,0.4478155706727135,0.0446169524557338,0.3673469387755101,0.5014739229024944,0.4419973544973544,0.4681783824640967,0.4600812547241118,0.5680173992911093,0.0847095456220174,0.6117740421717451,0.6966538714660638,0.578397492192893,0.4592270496598689,0.4940345409649755,0.5958579582352492,0.0675883575580447,0.6082472614066061,0.7151395391699477,0.587794305810218,0.5146257082268032,0.553482976562671,0.1733055642612687,0.0340670659062175,0.1400924003920465,0.2375583411297697,0.1754253413033916,0.1538082264327144,0.1596435120484213,0.7016669579914637,0.0159304239602428,0.6934227985995156,0.7334849621568408,0.695278423173087,0.6932470287595477,0.692901577268328,0.5160201503011794,0.0416599762506358,0.5082555343997502,0.5069524572649573,0.5315515618640617,0.4522765585935229,0.581064639383605,0.0113095238095238,0.0141361215321879,0.0,0.0327380952380952,0.0,0.0,0.0238095238095238,0.9954688644688644,0.009062271062271,1.0,0.9773443223443224,1.0,1.0,1.0,0.7490719164758812,0.0293978522550958,0.7349503583792629,0.7349447974691826,0.7322333985272105,0.7354063202382679,0.8078247077654824,0.0285714285714285,0.0349927106111882,0.0,0.0714285714285714,0.0,0.0,0.0714285714285714,0.69516732777868,0.0027972566326531,0.6934221429484231,0.7005241896424975,0.6953855071749006,0.6932460027081626,0.6932587964194161,0.5267794148973554,0.0600665771124803,0.4911801702334338,0.6259222430146343,0.5105431275074133,0.555855050398089,0.4503964833332068,0.0052154195011337,0.0104308390022675,0.0,0.0260770975056689,0.0,0.0,0.0,0.9982783528870484,0.0023551018749113,1.0,0.9940372670807454,0.9973544973544972,1.0,1.0,0.7614433188336799,0.030991462395666,0.7508043566744843,0.7256640320397004,0.7929436412286074,0.8028542058463438,0.7349503583792629,0.0238095238095238,0.0476190476190476,0.0,0.119047619047619,0.0,0.0,0.0,3.4,3.826225293941798,1,11,2,1,2
-900,0.6723924844037918,0.0275823123075116,0.623784989118576,0.6599770755994887,0.6980602102620261,0.6913472428208306,0.688792904218038,0.5819396025240648,0.0751285840642255,0.6971169162969244,0.6326709900184325,0.4807075053671499,0.5449880381723633,0.5542145627654536,0.5592960214388786,0.0662865713166678,0.6660714285714286,0.4957105064247923,0.5181216931216931,0.6074211502782931,0.509155328798186,0.5628046708347346,0.0835556950981369,0.6639269791814947,0.658318393729706,0.4837162632654461,0.4694224764686653,0.5386392415283614,0.6198152384041473,0.0693983993872047,0.7067242027683867,0.6974625616146611,0.5470472903820648,0.5516647167182497,0.5961774205373741,0.2132634003425255,0.0387136256231464,0.2878471318597369,0.2134420162781507,0.1819070036921651,0.1898726393604813,0.1932482105220938,0.7121572732925415,0.0164415085860146,0.7187282485621316,0.7391323362077985,0.6933163830212185,0.6971338306154523,0.7124755680561066,0.5197748740834318,0.0518776493583421,0.473647653459377,0.527885669224955,0.5501309941711727,0.4517993415314843,0.5954107120301702,0.020719954648526,0.0205799490796807,0.0589569160997732,0.0089285714285714,0.0,0.0119047619047619,0.0238095238095238,0.9916737247109918,0.0103114371687154,0.9720266850701632,0.9942857142857144,1.0,0.9920562241990816,1.0,0.7518382157960226,0.0284803266290289,0.7476097731099836,0.7347581085707177,0.7322333985272105,0.7367650910067185,0.8078247077654824,0.0747619047619047,0.0506107819260435,0.1595238095238095,0.0714285714285714,0.0,0.0714285714285714,0.0714285714285714,0.705994015932083,0.0137644276319641,0.709595228944506,0.7075119657175881,0.6933174175875527,0.6905013706002917,0.7290440968104771,0.5550734381499105,0.0712394535918417,0.5631519211722414,0.6371480242210056,0.5169621053549626,0.6178420804389821,0.4402630595623608,0.0612755102040816,0.0845808263871149,0.2264455782312925,0.0459183673469387,0.0,0.0340136054421768,0.0,0.975861693463586,0.0450982853286148,0.8857133684596737,0.9973544973544972,1.0,0.9962406015037594,1.0,0.7641136841122069,0.0333120026286984,0.7570696852664011,0.7240452194082192,0.7940708016193564,0.8104323558877953,0.7349503583792629,0.1096428571428571,0.0996140511357382,0.2625,0.1428571428571428,0.0,0.1428571428571428,0.0,7.6,4.882622246293481,15,11,1,5,6
-875,0.6892155562128339,0.0052917630634915,0.6899310719399225,0.6868851482868195,0.680390538204284,0.6935151276134309,0.695355895019713,0.5471251737966247,0.0259327754921447,0.5426953902956176,0.5669291771620296,0.5851469503434371,0.5141223764539173,0.5267319747281214,0.5113825328111042,0.0324803306703867,0.4663471449185734,0.5595899470899471,0.5023809523809525,0.4939909297052154,0.5346036899608329,0.5514602317069179,0.0499594988383186,0.6119576060429653,0.544873427529093,0.605416877420206,0.5023975365953741,0.4926557109469514,0.5990854363466247,0.0353683152396926,0.6286102032360492,0.611657690964714,0.6405963513900212,0.5554765340663048,0.5590864020760341,0.190615963987998,0.0191545098288252,0.2175043191324703,0.1777923465423465,0.2084693263679331,0.1669458075897018,0.1823680203075382,0.7015400086130414,0.0151275327093537,0.6937560141086578,0.6960228426115853,0.7317186551434653,0.6931563317775726,0.6930461994239262,0.4740891007787359,0.0473554038998119,0.4334369114609798,0.4511205048258618,0.5425396825396824,0.4251158043345543,0.5182326007326007,0.0127551020408163,0.0126211790194421,0.0,0.0310374149659863,0.0089285714285714,0.0,0.0238095238095238,0.9982838827838828,0.0022889201008698,1.0,0.9942765567765568,0.9971428571428572,1.0,1.0,0.7516033341654331,0.0283041274985993,0.7349503583792629,0.7439176211424515,0.7359176633017009,0.7354063202382679,0.8078247077654824,0.0642857142857142,0.0654653670707977,0.0,0.1785714285714285,0.0714285714285714,0.0,0.0714285714285714,0.6971710596765791,0.0087390203329269,0.693625944001334,0.6911272874900273,0.7145584608827319,0.6931551226547786,0.6933884833540235,0.5323872453787072,0.0707919636077984,0.503109303919033,0.6021615429515276,0.6189625850340137,0.5122274434771195,0.4254753515118423,0.0096598639455782,0.0118328244381817,0.0,0.0244897959183673,0.0238095238095238,0.0,0.0,0.9972698412698412,0.0034167934087805,1.0,0.9942857142857144,0.992063492063492,1.0,1.0,0.7614620291558885,0.0326380814216785,0.7508043566744843,0.7220173921655102,0.7966838327138401,0.8028542058463438,0.7349503583792629,0.0428571428571428,0.0571428571428571,0.0,0.1428571428571428,0.0714285714285714,0.0,0.0,3.2,2.4819347291981715,2,3,8,1,2
-850,0.6575875201395579,0.0342107958357477,0.6613633050805047,0.6400909111613319,0.6018308592694146,0.694463924283073,0.6901886009034657,0.6273380179918393,0.078856668534982,0.6364336743883131,0.6799515223703129,0.7408178899527199,0.5367703620208881,0.542716641226962,0.5683654572940288,0.0770754810219596,0.6143990929705216,0.6121693121693121,0.66091613413042,0.4618918779633065,0.4924508692365835,0.6037755174005499,0.0521304086114399,0.5720521040718087,0.6621220440475099,0.6692166397310254,0.5758645633126537,0.5396222358397521,0.6477866451529664,0.048274541800429,0.6366218480603221,0.7000591325630302,0.7081394990716484,0.5987151830871679,0.5953975629826631,0.2285993947994457,0.0400291639094188,0.2110578739531637,0.2542218033289461,0.2932729463191648,0.2026669003246075,0.1817774500713465,0.7540718495845795,0.0921056692234161,0.7158086938517434,0.7148333702768598,0.9377968949931008,0.7038709350994655,0.6980493537017277,0.5199230188673324,0.0330462839561266,0.5432286903055535,0.5256383728705157,0.5293392602767603,0.4556650277632421,0.5457437431205904,0.0264172335600907,0.0245037346429271,0.028344671201814,0.0710034013605442,0.0089285714285714,0.0,0.0238095238095238,0.9904039188324903,0.0134136098521094,0.9862320483749056,0.965787545787546,1.0,1.0,1.0,0.7532042272910261,0.0274781732993222,0.7424401596273311,0.743313416922277,0.7370365319017724,0.7354063202382679,0.8078247077654824,0.0769047619047618,0.0448074742712295,0.1309523809523809,0.1107142857142857,0.0714285714285714,0.0,0.0714285714285714,0.7361834781510489,0.0743805083703964,0.7053698471614293,0.6839364511626107,0.8838811772210258,0.6975608084883008,0.710169106721878,0.5624034964096836,0.0713828539076203,0.5708544358282659,0.6429414641604082,0.5848930170358743,0.5847676693259399,0.4285608956979298,0.0617006802721088,0.0674834046509291,0.123469387755102,0.1612244897959183,0.0,0.0238095238095238,0.0,0.9847666230551216,0.0185177525978407,0.9541530782663789,0.972325539654732,0.9973544973544974,1.0,1.0,0.77128097987994,0.0258709506980627,0.7650422784367416,0.7562403913089003,0.7929436412286074,0.8072282300461878,0.7349503583792629,0.1411904761904761,0.1523876486623919,0.2488095238095237,0.3857142857142857,0.0,0.0714285714285714,0.0,10.2,7.6,8,12,24,3,4
-825,0.6674811032556353,0.044856586483728,0.6986163826215834,0.6983635184310731,0.5806483463162467,0.6919222587630862,0.6678550101461864,0.5879555350900849,0.1013036170775357,0.4936327167862068,0.5072740481974257,0.7681596560203016,0.5440108963443359,0.626700358102155,0.5420665842094414,0.0796757631521051,0.426842403628118,0.5446334089191233,0.669699546485261,0.5666383219954648,0.50251924001924,0.585418878621619,0.0851633576306047,0.557714031578751,0.4987338343496842,0.7097079518029756,0.5014586512164049,0.6594799241602795,0.6203927932831821,0.0715817738580512,0.5516079423304062,0.5782738365222855,0.7391944053238136,0.5665972321340802,0.666290550105325,0.216431933084854,0.061678968711328,0.1662404415812247,0.1573741071295299,0.3246246808746808,0.1913845025189562,0.2425359333198784,0.7636026731559209,0.0869142481839481,0.6931537815502712,0.6939917887960162,0.9066450723579952,0.7008898981979915,0.8233328248773303,0.4830189264832523,0.0645615328240499,0.4262343701415906,0.4926505901505901,0.4656142980696552,0.4283007187917902,0.6022946552626355,0.0196428571428571,0.0137807582176074,0.0,0.0416666666666666,0.0208333333333333,0.0119047619047619,0.0238095238095238,0.9927419617419618,0.0086302273973723,1.0,0.9775732600732602,0.9887820512820512,0.9973544973544974,1.0,0.7516055122707612,0.0281653069210221,0.7349503583792629,0.7398659070348738,0.7363680552634683,0.7390185329107187,0.8078247077654824,0.0714285714285714,0.0451753951452625,0.0,0.1428571428571428,0.0714285714285714,0.0714285714285714,0.0714285714285714,0.7517920877252307,0.0709121938102786,0.6931523893560682,0.690877058676311,0.8354330233165196,0.6978020071983337,0.8416959600789207,0.5294539954008805,0.0602678432672181,0.4797558436136023,0.6113081687693488,0.5555668207453921,0.5578154142355595,0.4428237296404998,0.0088435374149659,0.0108843537414965,0.0,0.0204081632653061,0.0,0.0238095238095238,0.0,0.9987792207792208,0.0024415584415584,1.0,0.9938961038961038,1.0,1.0,1.0,0.761752496581359,0.0333293693333624,0.7508043566744843,0.7217087361875043,0.7940708016193564,0.8072282300461878,0.7349503583792629,0.0357142857142857,0.0451753951452625,0.0,0.1071428571428571,0.0,0.0714285714285714,0.0,7.6,8.039900496896712,1,3,23,3,8
-800,0.664028369386991,0.0314668210955109,0.6173453068449384,0.665802484466916,0.6989179026512873,0.6964321860245296,0.6416439669472831,0.5981010541082246,0.0978318952749525,0.7151269351158692,0.6324663741174975,0.4738901601294339,0.4918242351724531,0.677197566005869,0.5436157493300351,0.0754670247351018,0.6202003023431596,0.4378066378066378,0.511734693877551,0.5088529856386999,0.6394841269841272,0.5863457152691515,0.0908582479193564,0.6929211016620883,0.6722007895921369,0.4635738999785029,0.5012788705631683,0.6017539145498609,0.6304990176746611,0.0770859475748275,0.7202523960462067,0.69613836256715,0.5344069033822308,0.5444791801983625,0.6572182461793554,0.2123638704404717,0.0480602661297418,0.2822054793168237,0.2050862458425483,0.1652347122815173,0.1583979045674765,0.2508950101939929,0.7236628191811698,0.0329398485812067,0.7820319150175367,0.7159921995231083,0.693149243082319,0.6932653827326638,0.733875355550221,0.5329353641903974,0.0731042807258086,0.4801975603043149,0.5688366692830978,0.5980791761148906,0.4159364461596604,0.6016269690900232,0.0385600907029478,0.0322113293250909,0.0712018140589569,0.0697278911564625,0.0,0.0,0.0518707482993197,0.9872320470673436,0.0136475048153278,0.9701748332183114,0.971195709052852,1.0,1.0,0.9947896930655552,0.7556018144424592,0.0318741851944272,0.7477563980097004,0.7442736033146929,0.7322333985272105,0.7354063202382679,0.8183393521224239,0.1059523809523809,0.0987736595842454,0.244047619047619,0.0952380952380952,0.0,0.0,0.1904761904761904,0.7149679235049656,0.0261001526330639,0.7344515834535871,0.697063033069883,0.6931534494672503,0.6932637819222042,0.7569077696119036,0.5354626686620281,0.0557618281079891,0.5678190673926512,0.6295863130859249,0.4811658744694459,0.4927620421258611,0.5059800462362575,0.0497675736961451,0.079943503614989,0.2062074829931972,0.0426303854875283,0.0,0.0,0.0,0.9699797672679444,0.0426773010757729,0.8863916556896853,0.9862320483749054,1.0,1.0,0.977275132275132,0.759928537868601,0.0327905604584348,0.7502801305700145,0.7272210804856873,0.7940708016193564,0.8028542058463438,0.7252164708216033,0.1100566893424036,0.1401787924027776,0.3359977324263038,0.2142857142857142,0.0,0.0,0.0,10.0,7.536577472566709,18,13,1,1,17
-775,0.6258262563319434,0.0387968207132655,0.6296824656781697,0.6406996306918916,0.5851193354243324,0.6887346889291491,0.5848951609361739,0.686556568777317,0.0758985234271769,0.7006767717650446,0.6757980568649392,0.7519855989355166,0.547660576751477,0.7566618395696078,0.6310082113653543,0.0549164569468525,0.6100108225108225,0.5984599395313682,0.6705498866213153,0.560818216175359,0.7152021919879062,0.6511109971528173,0.0578234383924642,0.6720251076421208,0.658757868079912,0.7076910570820758,0.5399982491934787,0.6770827037664987,0.6908609198236236,0.0532151741288542,0.7058635907095934,0.7032122925612848,0.7370216785858035,0.5872132782693941,0.7209937589920423,0.2702992047225793,0.0474888586859726,0.2771960182674468,0.2342267618002912,0.326953601953602,0.2002574706936714,0.3128621708978851,0.7390241069453103,0.0400242683923103,0.7223442196846008,0.7088606868471418,0.7998581613813128,0.6931506735937936,0.7709067932197026,0.548792627841735,0.0643655280628731,0.5532433571719286,0.6204507347810919,0.5313560199720914,0.4371927237775452,0.6017203035060178,0.0457369614512471,0.0294364212745924,0.0426303854875283,0.0918367346938775,0.0542517006802721,0.0,0.0399659863945578,0.9837256817256816,0.0134701478063282,0.9804232804232804,0.9634981684981684,0.9774542124542124,1.0,0.9972527472527472,0.7573999634011557,0.0297811522874407,0.743132498633595,0.7478678605697407,0.7441860841063053,0.7354063202382679,0.8164070534578693,0.1324149659863945,0.0726458950834099,0.1369047619047619,0.132312925170068,0.1785714285714285,0.0,0.2142857142857142,0.7361462712287903,0.0442816577442235,0.7050099330289024,0.7032435706683567,0.7803031206130981,0.6931497199194772,0.799025011914117,0.5517684043797377,0.0528179770203873,0.5833453773124341,0.6218540737931264,0.5722996249781964,0.4819426094076081,0.499400336407324,0.0714512471655328,0.0717274960217686,0.201360544217687,0.0931972789115646,0.0261904761904761,0.0,0.0365079365079365,0.9711199760513318,0.0298667342109917,0.913282242752686,0.9798797050660404,0.9814814814814816,1.0,0.9809564509564508,0.7688012041327357,0.0261436990142499,0.7647326579999251,0.7442765507634564,0.7945751769252632,0.8028542058463438,0.7375674291286891,0.1567821067821067,0.1195103059921651,0.2898629148629149,0.3035714285714285,0.0952380952380952,0.0,0.0952380952380952,17.0,9.486832980505138,14,17,25,1,28
-750,0.6957696764242082,0.0019766384154801,0.6970727599802471,0.6940207694258008,0.6980213906083789,0.6968764520826793,0.6928570100239345,0.5009520686614989,0.0304907642962509,0.4820146457592639,0.5339279735274791,0.4609232580945597,0.4888241063355789,0.5390703595906127,0.4784640756069327,0.026342487858433,0.4479497354497354,0.4598639455782313,0.4645262805977091,0.5122801140658283,0.5077003023431595,0.5087552996925583,0.0248462502264521,0.4993172938135019,0.5575399796678729,0.4946697740444944,0.4890467683808802,0.5032026825560416,0.5540797269371258,0.0228251620970116,0.5578383255485757,0.595920941132224,0.5414612591067675,0.5458659973124068,0.5293121115856548,0.1653246866244447,0.0132123373094345,0.1413246415402541,0.1687554371334874,0.1687563622962782,0.1818443351525336,0.1659426569996699,0.6980364356722151,0.0096122651831893,0.6931542030402592,0.7172596071447644,0.6934518899236407,0.6931621134281158,0.693154364824295,0.4808752618201845,0.0419298527866352,0.4791030301938688,0.4912058477237048,0.5462808611692539,0.4150187692598406,0.472767800754254,0.0,0.0,0.0,0.0,0.0,0.0,0.0,1.0,0.0,1.0,1.0,1.0,1.0,1.0,0.7476548318475181,0.0279293679234006,0.7349503583792629,0.7322333985272105,0.7322333985272105,0.7354063202382679,0.8034506835656384,0.0,0.0,0.0,0.0,0.0,0.0,0.0,0.6972004873411995,0.0079404318446884,0.6931538156100682,0.7130797335079738,0.6934500677245004,0.6931624029363904,0.6931564169270652,0.5161630111126521,0.07031209216231,0.5251424817827219,0.5818118994962939,0.5947002732717019,0.4744412731625916,0.4047191278499508,0.0,0.0,0.0,0.0,0.0,0.0,0.0,1.0,0.0,1.0,1.0,1.0,1.0,1.0,0.7594966412232725,0.0339140240251362,0.7508043566744843,0.7148034835969153,0.7940708016193564,0.8028542058463438,0.7349503583792629,0.0,0.0,0.0,0.0,0.0,0.0,0.0,1.6,1.2000000000000002,1,4,1,1,1
-725,0.648245176247188,0.0234276063164867,0.6640021843569619,0.612965125413168,0.6747100395815713,0.6285444327763149,0.661004099107924,0.6659641478162084,0.0364657742964205,0.6416583716070033,0.7187583364789685,0.6301573425054807,0.7009431432378441,0.6383035452517453,0.5922297808012094,0.029187476614933,0.5936980347694635,0.5586451247165533,0.5936885865457294,0.6440098261526833,0.5711073318216175,0.6303237925208768,0.0477328332376399,0.6118082657808704,0.7221169806755973,0.5874026744697111,0.6278009640383809,0.6024900776398243,0.6746229505877773,0.038790672367678,0.6671305447014031,0.7468302062191475,0.635756860384595,0.6759972639266504,0.6473998777070908,0.2464570102158558,0.0197055197333325,0.2258426389203699,0.2754174397031539,0.2408462552812398,0.2630150000948321,0.2271637170796835,0.7141249537467956,0.0221676438712943,0.6904651607785907,0.7137115001678467,0.7008447391646249,0.7554187221186501,0.7101846465042659,0.5685330252031233,0.0245618933347524,0.5906976217651685,0.5918998015873017,0.5527409660445374,0.5282905982905983,0.5790361383280104,0.1134013605442176,0.0538044978603477,0.1455782312925169,0.1054421768707482,0.1990646258503401,0.0590986394557823,0.0578231292517006,0.9440552736452288,0.0309002387654739,0.9142918382514656,0.9520585499156928,0.9045313681027968,0.9608372579801152,0.9885573539760732,0.759733643567959,0.0283404660842442,0.7432983815810829,0.7476321085628868,0.7493912508460853,0.742182805069139,0.8161636717806015,0.2313208616780045,0.0542775631007947,0.2548185941043084,0.206547619047619,0.3214285714285714,0.1595238095238094,0.2142857142857142,0.7066657798630851,0.0188985309774957,0.6880243250301906,0.7042138576507568,0.688304488148008,0.7389785051345825,0.7138077233518872,0.5823283707128073,0.0517388451835376,0.5962859615184123,0.6340168287974964,0.5859759288330716,0.6113365858543457,0.4840265485607101,0.1483730158730158,0.0991072482021468,0.3021258503401361,0.1326530612244898,0.2142857142857142,0.0399659863945578,0.0528344671201814,0.9072162792390835,0.0835071066286367,0.7544679071156903,0.9422632635365557,0.8849366242223387,0.979765978986876,0.9746476223339576,0.7514201212432836,0.0394994705920339,0.6890568363687478,0.738803752379229,0.7765723227337068,0.8069824042910776,0.7456852904436568,0.2154648526077097,0.066460803193114,0.2053004535147392,0.3392857142857143,0.2113095238095238,0.1428571428571428,0.1785714285714285,14.2,5.381449618829484,12,22,10,19,8
-700,0.6635472387075423,0.0348687330542466,0.6363717182761147,0.687412271896998,0.6082822808197567,0.692017328171503,0.6936525943733397,0.6139542467746798,0.0763169839085169,0.6872336939762824,0.577572787369161,0.7216207508737339,0.5555716398593846,0.5277723617948372,0.5766635745207174,0.0437937527928051,0.5786092214663646,0.628788737717309,0.6207431457431458,0.5202097505668933,0.5349670171098742,0.5712112950027104,0.0832674110593189,0.649677030033102,0.4886453797754655,0.6928213241406761,0.5125688547918504,0.5123438862724579,0.6206817968405698,0.0717146981651188,0.6884744046023262,0.5661083785855121,0.7252767356001792,0.5731920089519553,0.5503574564628766,0.2168644613529501,0.0462818525881945,0.2426624884608078,0.1711272957430631,0.2956154956154956,0.1841814770524412,0.1907355498929426,0.7134898049490792,0.0244058009054594,0.717195029769625,0.7016195995467049,0.7593935813222613,0.6960901149681636,0.6931506991386414,0.5219568978048043,0.0465272666547891,0.596402552473981,0.5029960862550148,0.5504818049014476,0.4629259331937903,0.496978112199787,0.097828798185941,0.0830874277637902,0.050453514739229,0.0739795918367346,0.1197278911564625,0.2449829931972789,0.0,0.9263200413573084,0.0826580574073739,0.972608695652174,0.9633882783882785,0.9280700912843772,0.7675331414617128,1.0,0.7436911248891923,0.0362660940747825,0.7436744686682523,0.7426815811240076,0.7396139678451231,0.6890349232429401,0.8034506835656384,0.1418908472479901,0.0787671988647993,0.1571428571428571,0.1249999999999999,0.2077380952380952,0.2195732838589981,0.0,0.7018946485860007,0.0117492054442062,0.7146359894956861,0.6895382234028408,0.7175590906824384,0.6945877586092267,0.6931521807398114,0.5690597896100166,0.0752377036908117,0.6108420923630283,0.6159388883631897,0.6231754026396884,0.5726346468830913,0.4227079178010854,0.1481122448979591,0.0983504798252392,0.2383503401360544,0.1171768707482993,0.1107142857142857,0.2743197278911565,0.0,0.9177415740031708,0.0700377322629502,0.8813269466348285,0.9705156116025682,0.9347127739984884,0.8021525377799685,1.0,0.7568449884353518,0.0197199961195694,0.7544826714595079,0.7447814974508791,0.7930927852859246,0.756917629601184,0.7349503583792629,0.216986703772418,0.1155517047291512,0.2561533704390847,0.2928571428571428,0.3279220779220779,0.2080009276437847,0.0,9.0,6.603029607687671,14,7,19,4,1
-675,0.6816457969801766,0.0162221021850027,0.6712864566416967,0.6980384801115308,0.6952845922538212,0.6550730353309995,0.688546420562835,0.5584126835442849,0.060791975850079,0.593777596564239,0.4944098894679897,0.4858835170908648,0.6461002581491223,0.5718921564492083,0.4617554799697657,0.099064246874922,0.3890684051398337,0.351814058956916,0.4670256991685562,0.6397160379303237,0.4611531986531987,0.6158170892748542,0.0604294937545672,0.6959901881033728,0.6144517098700649,0.5110876406601068,0.6125791404693027,0.6449767672714236,0.6404457861329094,0.043416754363686,0.6941005335931013,0.624191981719206,0.5659199513296063,0.6634142430950812,0.6546022209275522,0.1989486736341244,0.0411593019613786,0.2002866842152556,0.1427983013040605,0.1665522117119861,0.2577775049413705,0.2273286659979494,0.6960342688219887,0.0048231198048769,0.6906870220388684,0.6931482085159847,0.6932069659233093,0.7038259719099317,0.6993031757218497,0.5417357432503878,0.0522732860815639,0.583484075951079,0.4743732102883888,0.5799417934909006,0.4813895248270249,0.5894901116945451,0.0581009070294784,0.0569843807659343,0.1456916099773242,0.0,0.0,0.0988945578231292,0.0459183673469387,0.97825755916739,0.0260604489664178,0.939496532912682,1.0,1.0,0.9542543171114598,0.9975369458128078,0.7553075703088554,0.0312573266111436,0.7472050615207154,0.7322333985272105,0.7322333985272105,0.7486466132180041,0.8162193797511366,0.1408503401360544,0.1159141754535721,0.2304421768707482,0.0,0.0,0.2595238095238095,0.2142857142857142,0.6957383189882551,0.0036590901440683,0.6938649926866803,0.6931477785110474,0.6932087710925511,0.6956383671079364,0.7028316855430603,0.5379338018077396,0.0549047187687976,0.5970550049521723,0.5377589090157023,0.4696521236699807,0.6012160374410828,0.48398693395976,0.0720068027210884,0.1001949601216659,0.2658163265306122,0.0,0.0,0.0697278911564625,0.0244897959183673,0.9567565862267028,0.065102785664167,0.8285222827710512,1.0,1.0,0.969371529429865,0.9858891189325972,0.7564659280779771,0.0377582294567707,0.7274707456694688,0.7148034835969153,0.7940708016193564,0.8089893241390943,0.7369952853650511,0.0830376766091051,0.0879716178861997,0.2247121925693354,0.0,0.0,0.1428571428571428,0.0476190476190476,5.6,4.758150901348127,6,1,1,14,6
-650,0.6717860272952489,0.0290831917725138,0.6981144604228792,0.6208796316669101,0.7017814204806373,0.6729576999232882,0.6651969239825294,0.5959749164971897,0.0857113826707458,0.5051581237596043,0.7096379688320993,0.4882611267489178,0.6249603183166873,0.6518570448286395,0.5717317735174878,0.0667251159740793,0.5265967498110354,0.6391156462585035,0.4628212396069538,0.6092824503538788,0.6208427815570674,0.5621328347134718,0.0591014482586454,0.4841416823500782,0.6501130637147248,0.5122184064030134,0.5688045665913185,0.5953864545082241,0.6224378331375353,0.055366280200654,0.5552443625628649,0.7032248304168517,0.5670053030663963,0.630364894565563,0.656349775076001,0.2076771031644981,0.0393466991886052,0.1574932152348119,0.243454934421321,0.1636542952968207,0.2246980094945596,0.2490850613749773,0.6909544885158538,0.0042834828103565,0.6930549996239799,0.6882711393492562,0.6907602165426526,0.6976592498166221,0.6850268372467586,0.6227629469213587,0.0288183439588137,0.6145892045038007,0.6424890436944007,0.6152027915867201,0.5781556340484914,0.6633780607733809,0.1216836734693877,0.0703306451576742,0.0,0.2126700680272109,0.1144557823129251,0.1197278911564625,0.1615646258503401,0.9640252250030577,0.0194816628195967,1.0,0.946760276760277,0.9466422466422468,0.9622744054886913,0.964449196124073,0.7679224899226592,0.0322011929388502,0.7349503583792629,0.7714892847507425,0.7473041541279086,0.7582327341902729,0.8276359181651091,0.2070068027210884,0.108447323064114,0.0,0.3122448979591836,0.2108843537414965,0.25,0.2619047619047619,0.6938477516174316,0.0030149341111591,0.693112816129412,0.6986894820417676,0.6938653588294983,0.689239868095943,0.6943312329905373,0.5918736320245299,0.0423773286659639,0.583560323775841,0.6032694266855757,0.5580967643467644,0.6670884490656982,0.5473531962487708,0.1014965986394557,0.0703759826553287,0.0,0.2040816326530612,0.0547619047619047,0.1054421768707482,0.1431972789115646,0.9532589979946452,0.0321469272005826,1.0,0.936004760135195,0.9220826792255366,0.9833553094559058,0.924852241156589,0.7663169766225588,0.0286516967683869,0.7508043566744843,0.7448443491254445,0.7715462152021814,0.8200850624988885,0.7443048996117956,0.1987368583797155,0.1293758297201436,0.0,0.3818877551020408,0.1201298701298701,0.25,0.2416666666666666,8.8,5.844655678480984,2,18,3,10,11
-625,0.6632424060787473,0.0284654764122196,0.6165419369935989,0.6515037630285535,0.6938886486348652,0.6914089705262866,0.6628687112104326,0.6143012964292036,0.0755601046622224,0.7174939416141994,0.6543288473002411,0.5177220445164822,0.5367568467345927,0.6452048019805026,0.527082917082917,0.104702922240033,0.6361996469139327,0.6230493712636571,0.3788600288600288,0.4275510204081633,0.5697545179688037,0.6349005669508774,0.0323081783331735,0.6960179097421828,0.6080594406849136,0.6131388387884693,0.6183613661259053,0.6389252794129158,0.66213133865453,0.0406666108363829,0.729714314670453,0.6663190415750196,0.618439976861014,0.6218170577195499,0.6743663024466124,0.219512287452911,0.0471111630266058,0.2869042333328047,0.2196860795600291,0.1543479132543705,0.1843533598979198,0.252269851219431,0.6902458803994315,0.0090086731226787,0.6836554876395634,0.6784754906381879,0.6936642399856022,0.7048051953315735,0.6906289884022304,0.5899380428015977,0.0601395534219988,0.6145834960702973,0.6658881330309901,0.5772867063492064,0.4839947089947089,0.6079371695627852,0.1151530612244898,0.1093125841656257,0.2443877551020408,0.2412414965986395,0.0,0.0,0.0901360544217687,0.9563634448256424,0.0384734180796699,0.9028437573468632,0.920685941043084,1.0,0.9918272864701436,0.9664602392681207,0.7588113211575473,0.0309840960736117,0.7533780764436536,0.7597499620617091,0.7322333985272105,0.73203604380295,0.8166591249522135,0.1715306122448979,0.1443960519398556,0.35,0.2517006802721088,0.0,0.0,0.2559523809523809,0.6936821724687303,0.0086210283608841,0.6839935226099831,0.685532442161015,0.6936362854072026,0.7076936747346606,0.6975549374307904,0.5627536536574375,0.0420229581507234,0.6161036095472671,0.6064132006135112,0.5526186115471831,0.5092922978365032,0.5293405487427226,0.1411054421768707,0.1289470272332483,0.3097789115646258,0.2627551020408163,0.0,0.0,0.1329931972789115,0.9220910650988824,0.0778629848701276,0.7875512259132949,0.9012533716570984,1.0,0.9976190476190476,0.924031680304972,0.7560746857713297,0.0361162079538888,0.7072573970138565,0.737067379319206,0.7940708016193564,0.8017210185682596,0.7402568323359702,0.1580368814192343,0.1423057288727565,0.1918000533546751,0.3710034013605442,0.0,0.0,0.2273809523809523,9.0,5.291502622129181,16,10,2,4,13
-600,0.6266018098308926,0.0211763183301562,0.6007078595104671,0.6195406864086787,0.6316981202080136,0.6640662550926208,0.616996127934683,0.6998582887689746,0.0356254502014793,0.7369691495762419,0.713042973360404,0.6992293874507902,0.632828827517409,0.717221105940028,0.6239957397100253,0.0252254851943244,0.6260393046107331,0.6477985638699922,0.6358654572940287,0.5754835772692914,0.6347917955060813,0.6717776615159873,0.0461051477315804,0.7220505646329846,0.6842572658086331,0.6699319869015379,0.5861559105853951,0.6964925796513861,0.7093221558421391,0.0359764539912016,0.7506498213690337,0.7282529538591164,0.7043853199998308,0.6439084509528309,0.7194142330298836,0.2768544818859945,0.0293256021589632,0.3047455190312332,0.2629534486677344,0.2866236937665509,0.2265618660051433,0.3033878819593106,0.6984171382018498,0.0146200991938768,0.697815729039056,0.6974828626428332,0.724440472466605,0.6928988439696175,0.6794477828911373,0.5975962963703914,0.0270640187790325,0.610556219933161,0.6071445469213328,0.5840370443049014,0.5532515335193906,0.6329921371731715,0.1841836734693877,0.0554279070572228,0.2122448979591837,0.1799319727891156,0.1084183673469387,0.1490646258503401,0.2712585034013605,0.9312945851773224,0.0238781312520476,0.9117309651471144,0.9576548055119484,0.9592046049188908,0.9279410140124424,0.8999415362962161,0.7663028353030517,0.0247659045779118,0.751127205064219,0.7689626047881931,0.7478646553890407,0.7500754929593388,0.8134842183144665,0.2559374355802927,0.0546482257846939,0.264069264069264,0.3023809523809523,0.1696428571428571,0.223015873015873,0.320578231292517,0.6918869239943367,0.006696095556849,0.6858787110873631,0.6979361644812992,0.7000261970928737,0.6827080547809601,0.6928854925291879,0.6093610521056118,0.0361174498231133,0.6257425765030444,0.613333104883959,0.6226677423105995,0.6449458235447996,0.5401160132856562,0.2090532879818594,0.0822263612530137,0.3495748299319728,0.1916666666666666,0.2059523809523809,0.0918367346938775,0.2062358276643991,0.905303228555469,0.0716783749481888,0.7925300739216995,0.959228203358638,0.966175359032502,0.960664098670321,0.8479184077941841,0.7676722821804186,0.0420194523170421,0.7205362601783573,0.7653295274752553,0.8208586768344575,0.809207486814252,0.7224294595997712,0.2977826736755308,0.1069586390150345,0.2358985260770975,0.4650793650793651,0.3821428571428571,0.2142857142857142,0.19150690579262,15.8,3.487119154832538,21,17,13,11,17
-575,0.6427351845162256,0.0113844041080334,0.6280025428249723,0.6303594531047911,0.6494186222553253,0.6494436193080175,0.6564516850880214,0.6752346935260063,0.0217472006312451,0.7058546090215969,0.6919336218007196,0.6634115599820248,0.6712438554761965,0.6437298213494939,0.5678200635343493,0.0295968691898191,0.589342403628118,0.5992063492063493,0.5233998144712431,0.542100558171987,0.5850511921940493,0.6644778990636092,0.020014863619351,0.6600849756289895,0.671560662230952,0.6951338733888531,0.6625994183279081,0.6330105657413432,0.6927295399691944,0.0165781417565366,0.6900791555767098,0.716188095929771,0.7062941203504935,0.680131445595916,0.6709548823930823,0.2574446165207996,0.0055189342930965,0.2520168984454699,0.267918369756605,0.2558237726857805,0.2572552486418032,0.2542087930743392,0.7080285745007652,0.0140495181778132,0.7250817503247943,0.6870313116482326,0.6977551451751164,0.7200686974184853,0.710205967937197,0.6240966005474065,0.0420166677461174,0.6123440008203208,0.6756079205186348,0.6414065316297458,0.5502444364497936,0.6408801133185369,0.0797108843537415,0.0699073847030628,0.0482993197278911,0.2061224489795918,0.1024659863945578,0.0238095238095238,0.0178571428571428,0.9799506416772426,0.0142722694671458,0.982660619803477,0.9567717599860456,0.9718498168498167,0.9945054945054944,0.9939655172413792,0.7629600748727394,0.024359850234917,0.7409373111920529,0.7741673228490243,0.7525877588683016,0.7417392147225753,0.8053687667317427,0.1521088435374149,0.0915296958574066,0.0952380952380952,0.3200680272108843,0.1785714285714285,0.0952380952380952,0.0714285714285714,0.7073094155107226,0.0106352747805211,0.7056126339094979,0.7023650705814362,0.6926540774958474,0.7110052704811096,0.7249100250857217,0.6086740559631908,0.0422283519285146,0.6250909109591376,0.6125068832852217,0.6272486772486772,0.6506348827787123,0.527888925544205,0.0974659863945578,0.0698894014656387,0.1655612244897959,0.1687074829931972,0.125,0.0178571428571428,0.010204081632653,0.966714863220753,0.0258978360941405,0.9407520084367376,0.9470173190048968,0.94937641723356,1.0,0.9964285714285712,0.7721497616383493,0.0270675564760553,0.7729616789885105,0.7460044048340507,0.7962196930734734,0.8074143349827442,0.7381486963129676,0.1856009070294784,0.0941538541264904,0.2594104308390023,0.283673469387755,0.242063492063492,0.0714285714285714,0.0714285714285714,11.6,1.8547236990991407,14,13,9,10,12
-550,0.6356337819780622,0.0419528887963901,0.6164768756855101,0.5814224183559418,0.6104243078402111,0.6850987076759338,0.6847466003327143,0.6680026502397343,0.0850728721427786,0.7306362028082418,0.7554141531968911,0.7246496214056563,0.5594817540297412,0.5698315197581414,0.5748907441764586,0.0997097847224667,0.6284108087679519,0.6799603174603176,0.6530199958771389,0.4275132275132274,0.4855493712636569,0.6750644347792806,0.0378501303141724,0.7002117469232128,0.7049728599564394,0.7103969813716091,0.6421757963931606,0.6175647892519811,0.7011249834180708,0.0434394855590428,0.7225123492013478,0.7396426739746014,0.7457820319886589,0.6529086418094732,0.6447792201162725,0.2639652796463942,0.0434095613984685,0.2911098549754011,0.2844862809148523,0.3180615680615681,0.2041438875472489,0.2220248067329005,0.713784326825823,0.0209036448214516,0.7231612631252834,0.750407759632383,0.7035016162054879,0.6934760723795209,0.6983749227864402,0.589463083923327,0.0267749413010077,0.590833555319192,0.6285552394034537,0.5872265829408686,0.5446713108320251,0.5960287311210957,0.1222789115646258,0.0515982863139768,0.1418367346938775,0.1841836734693877,0.1203231292517006,0.1369897959183673,0.0280612244897959,0.9663820671209834,0.0131886517681395,0.9578161521018664,0.9604274957846388,0.9583343508343508,0.9628094656666084,0.9925228712174524,0.7696493499996898,0.0209438292456197,0.7521286036691422,0.7703824768221829,0.75357513363791,0.7627631569384111,0.809397378930803,0.2325056689342403,0.0662025276476211,0.1857142857142857,0.3176870748299319,0.2186507936507936,0.2976190476190476,0.1428571428571428,0.7152524198804582,0.0325967261409151,0.7213510870933533,0.7759675511292049,0.6949445647852761,0.6850928749356952,0.698906021458762,0.6249454969743548,0.043678715841258,0.627495612966672,0.6093680315400035,0.636085310192453,0.6935801571314923,0.5581983730411526,0.1117687074829932,0.0740921733098212,0.2311224489795918,0.1585034013605442,0.0845238095238095,0.060204081632653,0.0244897959183673,0.9547353441005132,0.0389948591180425,0.8791270392625072,0.9607749186631176,0.9660808767951624,0.9874671284121632,0.9802267573696144,0.7700558837065623,0.0310252849475112,0.7502449640263855,0.7519170076323126,0.7981264434257247,0.8153352723686382,0.7346557310797507,0.2169358022929451,0.0877581992607714,0.2643842268842268,0.3163265306122449,0.1944444444444444,0.25,0.0595238095238095,13.0,6.196773353931867,15,22,16,6,6
-525,0.6543935663643337,0.0243501769111029,0.6936314035029638,0.6518001017116365,0.6313045620918274,0.6675325277305785,0.6276992367846626,0.6505141218375072,0.0592884301999056,0.5456165500891123,0.6632221838565362,0.7085239596678965,0.632523136045,0.7026847795289913,0.5555093451522024,0.0735090247405647,0.4118480725623583,0.6137368583797157,0.6029160654160656,0.5775604686318973,0.5714852607709752,0.6527105909362636,0.0483743410886555,0.6228303081155789,0.6608903350025764,0.7067123741606142,0.5761332896769845,0.6969866477255637,0.6812046504195635,0.0400625552288129,0.6355077173704331,0.7075002006643059,0.7174574489912878,0.6292523673571949,0.716305517714596,0.2388032864149626,0.0472604956055033,0.1572779018571809,0.2441355718666642,0.2922809837753446,0.2239398910506827,0.2763820835249406,0.6896221612180983,0.0126240215438934,0.6950185341494424,0.6774447134562901,0.703214019536972,0.7005605229309627,0.6718730160168239,0.6169051140747435,0.0531786045761207,0.5372320472689261,0.6666081240188383,0.6438899972382115,0.5704967948717948,0.6662986069759468,0.1808049886621315,0.0799257133973476,0.056235827664399,0.1918367346938775,0.2173469387755102,0.1418367346938775,0.2967687074829932,0.949800852190336,0.0242226581463162,0.987820335863814,0.9597560904703762,0.9277702191987904,0.9536692540263968,0.9199883613923024,0.7728787235105578,0.0269433950079443,0.7484723258952657,0.7726014282768928,0.7577131731625001,0.7611015429006621,0.8245051473174678,0.2548979591836735,0.0510923981904644,0.1785714285714285,0.3081632653061225,0.2389455782312925,0.2333333333333333,0.3154761904761905,0.6857769727706909,0.0071944930687856,0.6953169192586627,0.6894208405699048,0.6801728521074567,0.6888567422117505,0.6751175097056797,0.6345505038277679,0.050226182885997,0.5422085022485269,0.625672311427358,0.6560519506948079,0.6879676821944128,0.660852072573734,0.197250566893424,0.1009041822319901,0.0672619047619047,0.2123582766439909,0.3285714285714286,0.098469387755102,0.2795918367346939,0.94611484199329,0.0314049140866156,0.9753029245886388,0.9496628216503992,0.9092330949473808,0.9849161080040002,0.9114592607760308,0.7834506692912749,0.0292555187915454,0.7636336705693642,0.7518799446780049,0.8110015420551893,0.8257570403385862,0.7649811488152304,0.2777633477633477,0.0786509394301421,0.1619047619047619,0.3105287569573284,0.3996598639455783,0.2380952380952381,0.2786281179138322,8.6,3.1368774282716245,3,9,11,8,12
-500,0.6485066832531066,0.0256300000410881,0.6332441348405111,0.6893330869220552,0.6457006164959499,0.6134855449199677,0.6607700330870492,0.6638721794311616,0.0410074917603875,0.6850127864472034,0.5952486668481125,0.6839983657464563,0.7127123204285739,0.6423887576854621,0.5459017041159899,0.0665665193092063,0.5557728647014363,0.4198129251700681,0.5893862090290662,0.6107615268329556,0.5537749948464233,0.6655535847539535,0.0345246571596093,0.7108464475245371,0.6264829417374573,0.6645439308684702,0.697350763664571,0.6285438399747317,0.6843780669429581,0.0404348215079001,0.7249878344159478,0.6167221209857343,0.6954797369018371,0.7214882085893173,0.6632124338219542,0.2546712622748572,0.0430409565529877,0.2819152738795595,0.1796234872013914,0.2726145217216645,0.3021624539481682,0.2370405746235024,0.6868319400719234,0.0072522776355158,0.679607480764389,0.686266656432833,0.6871220810072762,0.6810355612209865,0.7001279209341321,0.637076342639338,0.0176520405351286,0.6440857145069101,0.6647748597302167,0.6253321595732311,0.6386336959997675,0.6125552833865642,0.2288321995464852,0.0844218391313613,0.2851473922902494,0.2871598639455782,0.2192176870748299,0.284608843537415,0.0680272108843537,0.9197552321432167,0.035554287936714,0.8938224795678212,0.9050972440258154,0.9247858887144602,0.8886701261701262,0.9864004222378606,0.77150247337505,0.0238394147449596,0.7554970012460592,0.7628916338920216,0.7608100968132384,0.7593777297037868,0.8189359052201441,0.2711128507346995,0.0402004771891207,0.2261904761904762,0.3136454581832733,0.2532051282051282,0.3244279529993816,0.2380952380952381,0.6814105927944183,0.0142014662218344,0.6778745310647147,0.6880409887858799,0.6700508764811924,0.6656845211982727,0.7054020464420319,0.6347438032062881,0.0471796006511062,0.6643450169266055,0.6312717098004365,0.6684305773591488,0.6653235279949694,0.5443481839502803,0.2621995464852608,0.1100798748093201,0.3789115646258503,0.232766439909297,0.3059523809523809,0.3301020408163265,0.0632653061224489,0.9024523972716698,0.0458401572301141,0.8279288340741541,0.9122113393852525,0.9164210128495844,0.8867872636202945,0.9689135364290644,0.7679718101769668,0.0335798485046907,0.7448599933109301,0.7347217320264849,0.806634888803141,0.811076507397808,0.7425659293464697,0.2837641723356009,0.0645930875300855,0.242687074829932,0.2403628117913832,0.3782312925170069,0.3432539682539683,0.2142857142857142,10.6,6.590902821313633,13,3,9,22,6
-475,0.6198049528258187,0.0155784058967147,0.6195882941995349,0.6022966234456926,0.6454575672036126,0.6054160531078067,0.6262662261724472,0.7084181445790728,0.0283058918253923,0.7258014903435038,0.7320334029686275,0.6561495593289517,0.7272959667801532,0.7008103034741279,0.5863574520717378,0.0192596637896884,0.5746787603930462,0.5757842025699169,0.5635204081632654,0.6147521129663988,0.603051776266062,0.6986681272471682,0.0388449135544694,0.7277448748913475,0.7500237954457272,0.6393920839241036,0.7008243289674002,0.6753555530072628,0.7176415540812999,0.0305153149015681,0.7384889399849945,0.7604259769117829,0.6722507900474366,0.7175795240531828,0.6994625394091026,0.2767731447668423,0.0197442666925663,0.2838792160220731,0.2901961794818938,0.2418769255954129,0.2980555159126587,0.2698578868221725,0.680129680463246,0.0085059526469598,0.6917330707822528,0.6666335037776402,0.6860801449843815,0.6772852752889905,0.6789164074829647,0.6419058876936903,0.0324798489028071,0.6082025789226876,0.6480112579219723,0.6184972600151172,0.6338479163032734,0.7009704253054007,0.2572052154195011,0.0888251925108209,0.2369614512471655,0.354421768707483,0.1935374149659864,0.3633503401360544,0.1377551020408163,0.9264605711708944,0.0320106775524165,0.9252419250866456,0.8878315599744171,0.9604101982673412,0.8943399325542184,0.9644792399718508,0.7818075386419607,0.021026564585537,0.7599883710091921,0.773545927138969,0.7748162606186455,0.778777330749487,0.8219098036935097,0.3399720914006628,0.0725431743755183,0.2454648526077097,0.4032051282051281,0.369047619047619,0.4202380952380952,0.2619047619047619,0.6821368132318769,0.0201735253606088,0.7133440928799766,0.6692992150783539,0.676566698721477,0.6559479321752276,0.6955261273043496,0.6487424977148073,0.0298582174892581,0.6505987642625574,0.6417015771926486,0.6544450258735973,0.6952376649699697,0.6017294562752638,0.2694331065759637,0.0806376566144855,0.3504251700680272,0.2738378684807256,0.1988095238095238,0.3641156462585034,0.1599773242630385,0.9032555403734908,0.0322878299272735,0.8615985943448997,0.8882736265344962,0.9089162160590732,0.8977500359040415,0.9597392290249432,0.7773660712372529,0.0304676868665159,0.7729245667984911,0.7347609154573779,0.7900325152263628,0.8266110933040893,0.7625012653999431,0.3253828710971568,0.078338855564974,0.3681841967556253,0.2767573696145124,0.1947278911564625,0.3863945578231292,0.4008503401360543,12.6,2.33238075793812,15,11,9,15,13
-450,0.6630646672986803,0.0268244138549098,0.6947518686453501,0.6172774597292855,0.6535988237176623,0.6667877549216861,0.6829074294794173,0.623111410595006,0.0641399845994073,0.5314770228319035,0.7182344681854106,0.6517606517210148,0.6369358435067324,0.5771490667299684,0.5180237355237356,0.05010753431879,0.4753117913832199,0.6088529856386999,0.5295787545787546,0.4713701642273071,0.5050049817906961,0.6360229059856984,0.0688437499002241,0.5230835081761404,0.6997317567778423,0.6897737798749548,0.6783935118317926,0.5891319732677625,0.6581576817023572,0.0655043954722996,0.55156584755424,0.7373123653462871,0.704343660413705,0.676332697466117,0.6212338377314374,0.2233041394408087,0.0425715214927748,0.1560577123473941,0.2765263506334935,0.2532921735127617,0.2337651498255214,0.196879310884873,0.6919346749782562,0.0101987004113563,0.6931488556521279,0.6800463965960911,0.6904227818761554,0.7102899508816856,0.6857653898852212,0.6382271716841954,0.0488353062610556,0.5586992335720984,0.6706831065759638,0.6870585499156929,0.6044818194371766,0.6702131489200456,0.0799319727891156,0.0785264875744174,0.0,0.2221088435374149,0.0548469387755102,0.0232142857142857,0.0994897959183673,0.9839343376018252,0.0192564636370469,1.0,0.946216059073202,0.989010989010989,0.9944727891156464,0.9899718508092892,0.7654514659312186,0.0331188585457171,0.7349503583792629,0.774103173693843,0.7497433139009936,0.7422356382697858,0.8262248454122075,0.2238095238095238,0.150094452499757,0.0,0.4047619047619047,0.2619047619047619,0.1071428571428571,0.3452380952380953,0.6908281360353741,0.0032912503660862,0.6931473697934832,0.6860195100307465,0.6879746573311942,0.6922259075301034,0.694773235491344,0.6381775082244106,0.0535160786418845,0.5978834374893489,0.6391945622671555,0.658463791499506,0.7254653860241105,0.5698803638419322,0.0833560090702947,0.0784970722692372,0.0,0.2266439909297052,0.0607142857142857,0.0321428571428571,0.0972789115646258,0.9776309770284926,0.0206717906579162,1.0,0.9453534457261166,0.9685374149659864,1.0,0.9742640244503598,0.7730399011249907,0.0251898502376294,0.7508043566744843,0.7547638012947412,0.7940036016710315,0.8120856146576766,0.7535421313270199,0.1651360544217686,0.120691277136668,0.0,0.3511904761904761,0.0935374149659864,0.1428571428571428,0.238095238095238,6.2,3.0594117081556713,1,10,8,7,5
-425,0.5869019856055577,0.0386847148289607,0.6359459828762781,0.524744369444393,0.6099697564329419,0.5997011335123152,0.5641486857618604,0.7505654915412412,0.0468909925039441,0.678573524267882,0.8190124654216802,0.7273865367780357,0.7531653640980762,0.7746895671405322,0.6635861757290329,0.0376668725932169,0.5999905517762661,0.7050642479213908,0.664505600219886,0.6976757369614512,0.6506947417661705,0.7093027315401509,0.0435628481150953,0.6444478552733297,0.7672994817990063,0.6836160595165885,0.7064774395407811,0.7446728215710492,0.7387650991130016,0.0345850081230911,0.6843434690147867,0.7862110538213442,0.7233366989857388,0.7381608956563748,0.7617733780867633,0.3139316402551696,0.04336397786829,0.2391928333104803,0.3535922410922411,0.2953269944341373,0.3256690399547541,0.3558770924842353,0.6985932520457677,0.0198494811318691,0.6914549342223576,0.6697107000010354,0.7182736737387521,0.7235567484583173,0.6899702038083758,0.6608011687020173,0.0209749734934183,0.6680147054176558,0.6715136599511601,0.627344776585848,0.6486536826268967,0.6884790189285264,0.1608900226757369,0.0940309189827156,0.1050453514739229,0.3406462585034013,0.1680272108843537,0.0869897959183673,0.1037414965986394,0.9638843737907776,0.0257067644955086,0.9894179894179894,0.9171709110994828,0.956897930112216,0.9744607244607246,0.9814743138634762,0.7785828567239909,0.0252047596044972,0.7626231797972505,0.7810593702826362,0.7676901211963573,0.7554168020434117,0.826124810300299,0.307828798185941,0.0419982655555618,0.3523809523809523,0.3374999999999999,0.2948412698412698,0.2329931972789115,0.3214285714285714,0.6952915694032397,0.014102552314117,0.7095789781638554,0.6715662394251142,0.6874953295503344,0.7069168942315238,0.7009004056453705,0.6775695570488733,0.0247725271150224,0.6836566380162441,0.6601782794931086,0.6892286615500901,0.7133982394515194,0.6413859667334046,0.1538208616780045,0.0882986023733216,0.1567176870748299,0.3178854875283446,0.1345238095238095,0.060204081632653,0.0997732426303854,0.95613608606685,0.0249347777006211,0.9653408177299804,0.9085252106991238,0.9583333333333334,0.9811983777176932,0.9672826908541194,0.7829870214961524,0.0237499156759632,0.7845196793420915,0.7627047644989743,0.8060576923412462,0.811363199622491,0.7502897716759585,0.3206248909820338,0.0955421373678557,0.4166666666666666,0.4441958834815978,0.3017857142857142,0.2023809523809523,0.238095238095238,14.0,4.147288270665544,10,19,12,10,19
-400,0.6487154490890956,0.0246929637695653,0.6131988118092219,0.6416977651062465,0.6817727713357835,0.6361285398403803,0.6707793573538462,0.6603925244163761,0.0491256944107293,0.7300359290326485,0.6701487482318493,0.5969132183990999,0.6909351613001442,0.6139295651181383,0.5793310657596372,0.0621047552092254,0.7011904761904765,0.5361961451247167,0.5346938775510203,0.5615079365079365,0.5630668934240362,0.640422837414692,0.0549905114347996,0.653428587737476,0.6709308624802663,0.575296938547226,0.7203120662809426,0.5821457320275483,0.6784680073863603,0.0404763399179799,0.7061273091111018,0.698352858690165,0.6232175061178482,0.7267560461425997,0.6378863168700863,0.2444563340814999,0.0376630631064806,0.276783166646612,0.2240987187415758,0.1980152058574217,0.2996537192965764,0.2237308598653136,0.6829047739505768,0.0031269683759092,0.6864525292600904,0.6771145505564553,0.683636052267892,0.6829188210623605,0.6844019166060856,0.6894186283362767,0.0254404541710333,0.6865955893226855,0.6918690948601663,0.6754682685039829,0.658337948427234,0.7348222405673145,0.185453514739229,0.0817070424315079,0.2369614512471655,0.2674319727891156,0.1542517006802721,0.228656462585034,0.0399659863945578,0.9583220523002062,0.0230921525461136,0.9313731587023514,0.94710273853131,0.9743835397406828,0.943764899122042,0.9949859254046444,0.7805333098825231,0.0183224729831507,0.7610427995554826,0.7814084597312263,0.7703159880185707,0.7752282952505289,0.8146710068568067,0.3218506493506493,0.0841246679911552,0.2908008658008658,0.3660714285714285,0.4285714285714286,0.3452380952380952,0.1785714285714285,0.6827689894608089,0.0086538541215571,0.688354858330318,0.6793952201093946,0.6830393288816724,0.668707719870976,0.6943478201116834,0.6674408485927872,0.0293337520352291,0.6846358824991832,0.6483634123094527,0.6632031658817372,0.7129628835572575,0.6280388987163057,0.2026643990929705,0.0962010958353791,0.348469387755102,0.244501133786848,0.1130952380952381,0.2258503401360544,0.0814058956916099,0.9432037317015842,0.0325096609161931,0.8854020883331228,0.9370513326103388,0.9524681667538812,0.9578166475301554,0.9832804232804232,0.7818080836247961,0.0292344683571166,0.7738911374852137,0.7505227074038366,0.7964773449775835,0.8309235973528465,0.7572256309045005,0.3124036281179138,0.0571335898209938,0.3382936507936507,0.3354591836734693,0.2107142857142857,0.3799319727891156,0.2976190476190475,8.0,2.1908902300206643,10,7,5,11,7
-375,0.621312244449343,0.0513834798089432,0.586964447583471,0.6416652202606201,0.6473165360235033,0.5416225095589956,0.6889925088201251,0.6923808235714202,0.0842705888642137,0.7648903881498296,0.6750582662619501,0.6724221560079523,0.7950394403755281,0.5544938670618409,0.5870143613000757,0.0733714559955512,0.6381519274376417,0.4958144368858656,0.5914115646258505,0.69239417989418,0.5172996976568405,0.675168215597318,0.0792583779234667,0.7322992187524209,0.7412164339802306,0.6487016705243307,0.7227441054730235,0.5308796492565842,0.7054147583644654,0.0647220833626077,0.7555459790620818,0.7448560886896746,0.6810856750941545,0.7569230524585051,0.588662996517911,0.2720591580393659,0.0541859068552063,0.3074530628102057,0.2723679759394046,0.2603456728456729,0.3406957713155191,0.1794333072860273,0.6996391373021262,0.0185416109799327,0.7122491470405033,0.6837203587804522,0.7287609151431492,0.6946479082107544,0.6788173573357719,0.6594034724417835,0.0453550603592795,0.6285532699701954,0.6805349148206291,0.6342893845572416,0.6149743080993081,0.7386654847615438,0.1309863945578231,0.0534451215902487,0.1479591836734694,0.1310374149659864,0.0691326530612244,0.0857142857142857,0.2210884353741496,0.965048016720752,0.0211051548035422,0.9535802637665992,0.9837199837199836,0.9861365486365488,0.972138641781499,0.9296646456991284,0.7677242691142706,0.0235285561393238,0.7535788267714821,0.7663625246479625,0.7519869152780766,0.7530955731952507,0.8135975056785808,0.2767857142857143,0.0618406261170498,0.1994047619047619,0.3880952380952381,0.25,0.2738095238095238,0.2726190476190476,0.6982720681599208,0.0207155129670097,0.738608147416796,0.6870062308652061,0.6966340073517391,0.6820263053689685,0.6870856497968946,0.6639365995832444,0.0443685957541762,0.6688725167712236,0.6451863215430763,0.7231390633176348,0.6909011505543784,0.5915839457299085,0.1621315192743764,0.0750736685345889,0.229421768707483,0.1817460317460317,0.0785714285714285,0.0702380952380952,0.2506802721088435,0.9551824559549984,0.036211482479602,0.9431205803865902,0.9792073351079562,0.9764739229024944,0.9876847290640394,0.8894257123139113,0.7838402270780337,0.0234631035523675,0.7882983567967782,0.7636774029262872,0.8035705858758565,0.8128820378504401,0.7507727519408067,0.2801190476190476,0.0895835718479756,0.3622448979591837,0.3857142857142857,0.1928571428571428,0.1607142857142857,0.2990646258503401,10.2,6.939740629158989,12,6,6,23,4
-350,0.6381801784038543,0.0306176942344284,0.6450060492470151,0.6216337702104023,0.6016390933876946,0.6926280785174597,0.6299939006567001,0.6712219641648808,0.0685184039169628,0.6790830026462642,0.7020825631067831,0.7367459695369624,0.5393096898844025,0.698888595649992,0.5728420256991686,0.0515585822754402,0.5532123960695389,0.630035903250189,0.620578231292517,0.4870748299319727,0.5733087679516254,0.6719785646943128,0.0442535221586203,0.6775656203076365,0.706448461114521,0.7109257454823956,0.5881212687452426,0.6768317278217685,0.6950808184552963,0.0478506329693734,0.7049743855318427,0.7349516615779508,0.7371816019963306,0.6057387428287797,0.6925577003415786,0.2618705899242839,0.0354360475137227,0.2605862551130131,0.2766989624132481,0.308319326176469,0.1994706104959359,0.2642777954227534,0.6823550232819148,0.0095448653961996,0.6871652730873653,0.6876765745026725,0.682560635464532,0.6904262474605015,0.6639463858945029,0.6349590195145319,0.0375749915467618,0.6273567108932016,0.6357871278853422,0.6122353043781615,0.5947103029245886,0.7047056514913657,0.220578231292517,0.1323283243928662,0.1724489795918367,0.2412414965986394,0.2244897959183673,0.0267857142857142,0.4379251700680271,0.9428326764142784,0.0327152582157029,0.9589730191593544,0.9422469329612186,0.9203687714402,0.994047619047619,0.8985270394630002,0.7752248187768404,0.0294423604554176,0.7649347429671545,0.774833807288101,0.759213543717082,0.7460526370840457,0.8310893628278182,0.2834301412872841,0.0967150977443995,0.2988095238095238,0.3452380952380952,0.3151098901098901,0.0952380952380952,0.3627551020408163,0.6857952083860125,0.0124714862544275,0.7078523550714765,0.684887979711805,0.6747186737401145,0.6884045260293143,0.6731125073773521,0.6612133526011597,0.0186626339350381,0.660510830621668,0.6366515225773766,0.6944168265596838,0.6558823614760873,0.6586052217709827,0.2142063492063492,0.1010812694753802,0.2134353741496598,0.2547052154195011,0.288095238095238,0.0204081632653061,0.2943877551020408,0.9306966003266068,0.0386717060619476,0.933470360145237,0.9435822436132996,0.8933382754811328,0.994803476946334,0.8882886454470306,0.7808714871512257,0.0203262423074829,0.7844346335962513,0.7621414460823981,0.7942878342936898,0.8093215646246011,0.7541719571591882,0.2602891156462584,0.0977705838695986,0.3089285714285714,0.3363095238095238,0.2613945578231292,0.0714285714285714,0.3233843537414966,8.4,3.006659275674582,8,10,12,3,9
-325,0.6451566826729547,0.0466983125906092,0.6996494219416663,0.5656683764287403,0.6745589020706358,0.662209689617157,0.6236970233065742,0.6473246294099713,0.1015128549323447,0.476458746710783,0.7811102184224926,0.624696498875606,0.6444986898101859,0.7098589932307894,0.5654830619116333,0.0634795492721339,0.4945578231292517,0.6544123204837491,0.5093348450491307,0.5437547241118669,0.6253555967841685,0.6467863290925872,0.0980572496371889,0.4642354364591172,0.7612265606185006,0.6643221527012696,0.6662293558541863,0.6779181398298626,0.6734539078390138,0.0801303122478511,0.532431141269014,0.7783031874187316,0.6709496939607328,0.6774746443903644,0.7081108721562268,0.2563291062850255,0.0573940089309241,0.1485865353243357,0.3171690082404368,0.2644095623363646,0.2626725014219484,0.2888079241020417,0.6831712807927813,0.0144534912684788,0.6933070038046155,0.6681503227778843,0.6828315768923078,0.7045239423002515,0.6670435581888471,0.6584027832668132,0.0519298956877519,0.608508865293609,0.6606821072446072,0.6524294472062329,0.6162132064364207,0.7541802901531965,0.1329251700680272,0.0988838954599843,0.0,0.2579081632653061,0.1709183673469388,0.0351190476190476,0.2006802721088435,0.9663824891583512,0.0346434000965275,1.0,0.9006801267515553,0.9687699866271297,0.9885531135531136,0.9739092188599576,0.7681054012715188,0.0343963882105194,0.7349503583792629,0.7580656046481555,0.771947104685187,0.7434739007651195,0.832090037879869,0.2389865689865689,0.1545489577339892,0.0,0.3489010989010989,0.4126984126984127,0.119047619047619,0.3142857142857143,0.6818053466933114,0.0133773910523175,0.6933066887514931,0.6558061242103577,0.6861930361815861,0.6840167897088187,0.6897040946143014,0.6692144042094421,0.0540156578552277,0.6008628314647403,0.6601576690648895,0.6386392377463807,0.762381633396995,0.6840306493742052,0.1284297052154195,0.1226183163951137,0.0,0.3507086167800453,0.1297619047619047,0.0321428571428571,0.1295351473922902,0.951533381042698,0.0446415491239873,1.0,0.8958929648681203,0.9033461247746962,0.9974489795918366,0.960978835978836,0.7710804129086174,0.0211059987399156,0.7508043566744843,0.7662900840803804,0.7726218479813767,0.8103579978365473,0.7553277779702982,0.2337808456716019,0.2044864406465256,0.0,0.5640022675736962,0.1287114845938375,0.1071428571428571,0.369047619047619,6.8,4.445222154178574,1,14,4,6,9
-300,0.6098093609015146,0.0409431411105474,0.5994391859996886,0.5972548616783959,0.5871481051047643,0.5753136837766284,0.6898909679480961,0.716212227664428,0.0749448854078912,0.7462621541510892,0.7390832573926388,0.750972590278981,0.7763073838197071,0.5684357526797245,0.6204431150859724,0.1076487172884111,0.6745911495911496,0.6346655328798188,0.6566966102680389,0.7230820105820107,0.4131802721088436,0.7037972922775374,0.0349724301026733,0.7121642452220018,0.706710873391312,0.742148395442398,0.7198128504445507,0.6381500968874245,0.7246962615571952,0.0481299170661642,0.7372305102579082,0.7432926577587038,0.7567267142469205,0.7565936586077358,0.6296377669147075,0.2980074483195457,0.0470381286083596,0.3124892964178677,0.2917354198866803,0.3337009473564096,0.3415389504675218,0.2105726274692488,0.6919013363974436,0.0147993748447425,0.7198828160762787,0.679649897984096,0.6866641385214669,0.6803474426269531,0.6929623867784228,0.6599891406392129,0.0209925031577633,0.6991139675398218,0.6574309552880981,0.6407920700331414,0.6427384041223325,0.6598703062126707,0.1346428571428571,0.0781222176606683,0.0996598639455782,0.2221088435374149,0.1840136054421768,0.1674319727891156,0.0,0.9603112680969824,0.0300999740566737,0.9773850223850225,0.968541048898192,0.9433651665794524,0.9122651026222456,1.0,0.7717116629576009,0.0208731013213285,0.7557053566615545,0.7884413551741918,0.7628315821578248,0.7481293372287942,0.8034506835656384,0.2628385899814471,0.1608426327691506,0.219047619047619,0.4991496598639455,0.3021645021645022,0.2938311688311688,0.0,0.6828047190393721,0.0179222732815926,0.7112926627908435,0.6801590706620898,0.6617164782115391,0.6675540251391274,0.6933013583932605,0.668362214735042,0.0726424062422498,0.717358242810829,0.6344149429475516,0.7518089714518287,0.693335491796731,0.5448934246682693,0.166859410430839,0.0915381375107083,0.1382653061224489,0.2189909297052154,0.2273809523809524,0.2496598639455782,0.0,0.9579909578834854,0.0267412978325004,0.9755943910131102,0.9498277809147374,0.939705796848654,0.9248268206409248,1.0,0.7824189936623449,0.0323776082506959,0.7841041173146197,0.758635956030319,0.8170420564956308,0.817362480091892,0.7349503583792629,0.2749659863945578,0.1381650237531161,0.369047619047619,0.3414965986394557,0.3285714285714285,0.3357142857142857,0.0,10.6,4.454211490264018,11,12,14,14,2
-275,0.5861629403063229,0.0616976098456632,0.5899287171307064,0.5377440502246221,0.6627037468410674,0.4984294782791819,0.6420087090560368,0.7488326218333721,0.0757764661158634,0.7628307516494449,0.8099503491126514,0.6425649469073379,0.8450342191105735,0.683782842386852,0.6693748711605856,0.0718581786092625,0.7000300625300626,0.6781651549508693,0.5712585034013608,0.7807256235827666,0.6166950113378687,0.7016820121898857,0.0617993292795729,0.7119644707342823,0.7700217404304128,0.6038573569601432,0.7590624653223711,0.6635040275022187,0.734229918209033,0.053366363706928,0.7419114785809349,0.7924943043935652,0.653764530458725,0.7873481881571794,0.6956310894547615,0.3145196594566342,0.0612109135462353,0.323679032607604,0.3496684532398818,0.2210509028786339,0.4002136091421804,0.2779862994148709,0.6948248054300035,0.015218637237152,0.678049990109035,0.71756768652371,0.696390335048948,0.7038754395076207,0.6782405759607043,0.6766691118236016,0.0316934335953056,0.6866635541247342,0.6708850986975988,0.6518222534740391,0.6419388663585092,0.7320357864631264,0.1283673469387755,0.0530788443185527,0.2326530612244897,0.1083333333333333,0.0857993197278911,0.1155612244897959,0.0994897959183673,0.9695463322760388,0.0256045597057347,0.9195940992524844,0.9830658759230188,0.9857113785685216,0.9715172393743824,0.9878430682617874,0.772068085910098,0.026134968687523,0.7548751902631726,0.7606846550044203,0.756500076723041,0.7643637472472403,0.8239167603126163,0.3207482993197278,0.0383229346850515,0.2632653061224489,0.3047619047619047,0.3333333333333333,0.3809523809523809,0.3214285714285714,0.6950805774756841,0.0145656311134835,0.686241980109896,0.7230486401489803,0.695857116154262,0.686056877885546,0.6841982730797359,0.6853848023035743,0.0244100755931473,0.7327742810578401,0.6691083195042823,0.6737880836095123,0.684101507030597,0.6671518203156401,0.1683390022675736,0.1084755744023784,0.3818877551020407,0.1426870748299319,0.0833333333333333,0.1221088435374149,0.1116780045351474,0.9651350728511736,0.0294879580813106,0.9115083775921212,0.9942857142857144,0.956637013779871,0.9798539452078472,0.9833903133903136,0.7885907238843931,0.0221354889663552,0.7985881802063367,0.7650391552617516,0.7926159777845653,0.8227972284295813,0.7639130777397306,0.3063924963924964,0.1161294789420236,0.341053391053391,0.4523809523809524,0.0968614718614718,0.3380952380952381,0.3035714285714285,14.4,8.2365041127896,11,21,6,27,7
-250,0.6263805819409234,0.031700933670172,0.5946734746297201,0.6634608634880611,0.6048201861835661,0.6664788354010809,0.6024695500021889,0.6956431370001545,0.0490797068419532,0.7434514035276377,0.6386754566819445,0.7243781350305099,0.6334347415439905,0.7382759482166892,0.6136667697381983,0.0285328754160837,0.661763038548753,0.6057823129251702,0.5858731876589021,0.5868953136810282,0.6280199958771387,0.6584723511349077,0.0576218896722631,0.6898544744853733,0.5862269036276676,0.7238709687108906,0.5922640008561333,0.7001454079944732,0.6966448704067492,0.0437109842117044,0.7316284475852424,0.6439631916880638,0.7368570423516625,0.6424717525352112,0.7283039178735661,0.269919489715487,0.0477339970570856,0.2910228329871187,0.1993946028499323,0.3228418232094702,0.2283780124530899,0.3079601770778241,0.6798330375126431,0.0099415458510401,0.6898719796112606,0.6820990145206451,0.6806383558682033,0.6855593877179282,0.6609964498451778,0.6886845816146524,0.0303848484661014,0.6707950538074762,0.671814694895052,0.6766152828652828,0.6748871482353626,0.7493107282700879,0.1400680272108843,0.0472740600946479,0.225,0.1072278911564625,0.1048469387755102,0.1042517006802721,0.1590136054421768,0.9589391658609908,0.0226671708934755,0.9153008263877832,0.9807692307692308,0.9655648584220012,0.9627231234374092,0.9703377902885292,0.7687735900750934,0.0279555234321564,0.7549788730242633,0.7601061023767378,0.7510687503117708,0.7533466926855885,0.8243675319771063,0.3115306122448979,0.0566706272962362,0.2654761904761905,0.3758503401360544,0.2619047619047619,0.2687074829931972,0.3857142857142857,0.6778870046138763,0.0089619161634741,0.6903817142759051,0.6807869970798492,0.6630666766847882,0.674663415976933,0.6805362190519061,0.722794033131294,0.0364455921691339,0.7318868347147288,0.6895212846590953,0.753607041107041,0.7668072548640347,0.6721477503115703,0.1749319727891156,0.1191282223621098,0.4051020408163265,0.148015873015873,0.0928571428571428,0.0744897959183673,0.1541950113378684,0.951447247262834,0.0349141710570057,0.8911352955564779,0.9803637976929904,0.9663454270597128,0.984828141783029,0.9345635742219592,0.782936706299804,0.0254283797908094,0.7919723996858427,0.7548734628959229,0.7976154290981695,0.8178135820227579,0.7524086577963273,0.2894821844821845,0.1050548938614618,0.4116966366966367,0.3714285714285714,0.1071428571428571,0.2738095238095238,0.2833333333333333,9.0,2.898275349237888,11,5,12,6,11
-225,0.5944570938746134,0.0684795803132385,0.4784268041451772,0.6871354991481418,0.5938028799636024,0.629980084441957,0.5829402016741889,0.7247192788810961,0.096768869838933,0.8523280953578168,0.5564252064823135,0.727402033135415,0.7164728347163691,0.7709682247135661,0.6232103610675039,0.0788838551425619,0.7274754346182919,0.5052154195011338,0.5970041862899007,0.5940098261526834,0.6923469387755105,0.6911289025842573,0.0836663306613761,0.8043913927392178,0.5448841714664852,0.708198032782425,0.6855504547701308,0.7126204611630277,0.7239424281966695,0.065823047667857,0.8167817604331654,0.614788777753466,0.7391115351099687,0.7033142149060191,0.7457158527807282,0.2957880648067512,0.0770327639954667,0.4071849446849447,0.1705367605881759,0.3080756039789653,0.2699175357788802,0.32322547900279,0.6816049328872136,0.0131409719355924,0.6715281052248818,0.6929033100605011,0.6905776304858071,0.69234699010849,0.6606686285563877,0.6851011436273404,0.0196176491442674,0.6939636483541765,0.6858091131751847,0.6680406746031746,0.6612227273387986,0.7164695546653673,0.1290759637188208,0.0888941263525957,0.2710600907029478,0.0,0.1395408163265306,0.0834183673469387,0.151360544217687,0.9625806526354824,0.0269693873159969,0.9196964307833876,1.0,0.9608334786906216,0.9797589976161404,0.9526143560872624,0.7684677390578811,0.0291920054391659,0.7743773980951147,0.7322333985272105,0.7621979990522505,0.7535675935722521,0.8199623060425776,0.2464285714285714,0.1464856644406588,0.4309523809523809,0.0,0.3333333333333333,0.1857142857142857,0.2821428571428571,0.6746655055454799,0.013769529498649,0.6504705250263214,0.6930501503603799,0.6773756401879447,0.678711303642818,0.6737199085099357,0.6845062685861023,0.0488538591950268,0.7182609585611432,0.5979745243972728,0.7074124949124952,0.7336143877176414,0.6652689773419587,0.1569501133786848,0.1487189362542872,0.4340136054421769,0.0,0.1166666666666666,0.0702380952380952,0.1638321995464852,0.9536692093077828,0.0443329911307125,0.87971811211959,1.0,0.9660808767951624,0.9924349049964812,0.9301121526276804,0.7769713344601614,0.0382800110800887,0.7949872622764557,0.7148034835969153,0.807283775821814,0.8164699885555529,0.7513121620500696,0.2295345923917352,0.1337515977400293,0.4153600367886082,0.0,0.2704081632653061,0.2142857142857142,0.2476190476190476,12.2,9.019977827023745,29,2,11,8,11
-200,0.536840660231454,0.0686699195166582,0.5748266577720642,0.410459109715053,0.5214860758611134,0.5722119694664365,0.6052194883426031,0.7993736419089432,0.052570964730002,0.7800416920303355,0.8895060248864262,0.8193275044499699,0.7740543254405298,0.7339386627374551,0.7052863670720815,0.0402826392308502,0.6749244142101285,0.7728363567649283,0.7266963856249572,0.6910430839002268,0.6609315948601664,0.751323979704283,0.0559263488285258,0.7354687298597428,0.8469624114304608,0.7684331357766545,0.7279167613559345,0.6778388600986229,0.7753099641926983,0.047592224814316,0.7602007586128116,0.8568655568761052,0.7919789181499779,0.7526409481515474,0.714863639173049,0.3692797262650203,0.0593192193192811,0.3335400049685764,0.4757644471930187,0.3842831110688253,0.3496006969221256,0.303210371172556,0.6907788702419826,0.0298335206056738,0.6836564796311515,0.6962204320090157,0.7439007886818477,0.6756607932703835,0.6544558576175145,0.7004937501541834,0.030804554054651,0.6864903759255468,0.69011590426769,0.6884904645618931,0.6760549486888773,0.7613170573269096,0.1835714285714285,0.0859442843368943,0.1377551020408163,0.3532312925170067,0.1178571428571428,0.15,0.1590136054421768,0.9455123209806228,0.0328499464399401,0.9632741413176196,0.8827348973777546,0.9771389324960754,0.9472453340310484,0.9571682996806148,0.7745909331839583,0.0243782111726122,0.7590209007337663,0.775809179800364,0.7624292391059725,0.7544696358008887,0.8212257104788003,0.3272634508348794,0.0832492508619792,0.2465986394557822,0.4766233766233766,0.3571428571428571,0.2845238095238095,0.2714285714285714,0.6840430395943777,0.0205777685607392,0.6756367768560138,0.6997501807553428,0.7160070197922843,0.6625023824828011,0.666318838085447,0.7341385860327826,0.0280289071637336,0.7534749144647543,0.7051016351948028,0.7516385400313973,0.7646946664638524,0.6957831740091057,0.2105839002267573,0.0960156072879782,0.2960034013605442,0.3428004535147392,0.0845238095238095,0.1399659863945578,0.189625850340136,0.933748814324949,0.0343232116531902,0.9415256500478176,0.8778817277730323,0.965891912320484,0.9695474618718072,0.9138973196116054,0.7857643141919517,0.0275196740472341,0.7930564494121022,0.7612334033041277,0.7976727219833766,0.8270021885100576,0.7498568077500949,0.3332180121465836,0.0920730639916188,0.373611111111111,0.4561616954474097,0.1928571428571428,0.3749999999999999,0.2684601113172541,18.4,10.011992808627062,12,38,17,14,11
-175,0.6065795821802956,0.0579973521076535,0.6653066717443012,0.6630670158636003,0.5264109365996861,0.5494482822361446,0.6286650044577462,0.7208579581976327,0.0843578739580162,0.6347013529739333,0.6308311003587068,0.8298174494445554,0.8088838982506882,0.700055989960279,0.6607000274857417,0.0759637456737647,0.5873866213151927,0.6113473167044595,0.7644162715591288,0.741256957328386,0.5990929705215421,0.681751938180619,0.075817186896227,0.5780840868142091,0.6042945319389356,0.7511746693639446,0.7592401275365148,0.7159662752494909,0.7173776923458819,0.0578990421629131,0.63150411375257,0.6686883532802712,0.7789995183121767,0.7705683056826361,0.7371281707017558,0.3025640376176643,0.07723493515478,0.2036784214360507,0.2284443225619695,0.3862249522963809,0.3894483162340306,0.3050241755598898,0.6860421589442661,0.0241683900216329,0.6734814729009356,0.6715375866208758,0.6612299680709839,0.6947889924049377,0.729172774723598,0.6890560063429387,0.0227206666829787,0.7189721375358021,0.7094223319669748,0.6890657341996628,0.6620756112273971,0.6657442167848572,0.235532879818594,0.1466539686420976,0.3652494331065759,0.3323979591836734,0.3591836734693877,0.1089285714285714,0.0119047619047619,0.9173621886510084,0.0570388734157857,0.8768994658435653,0.8787993487993487,0.8593986568986567,0.9717134717134718,1.0,0.770766783276464,0.0187793332745064,0.7643424862484457,0.7606297061612366,0.7611020120839571,0.7595696552598419,0.8081900566288382,0.3084558497058497,0.1284142519483194,0.4176406926406926,0.364781746031746,0.4098568098568099,0.2785714285714286,0.0714285714285714,0.680751360314233,0.0253503271468139,0.6725586184433529,0.6710516214370728,0.6496489431176867,0.6842205056122371,0.7262771129608154,0.7063710514293468,0.0343506985070873,0.7374724247199617,0.7100643598838475,0.7322293447293448,0.7107639638758384,0.6413251639377416,0.2222165532879818,0.1666195966821095,0.4361394557823129,0.2570861678004535,0.3571428571428571,0.0285714285714285,0.0321428571428571,0.9080099921852977,0.0667966526245172,0.84691799944263,0.8827295122636738,0.835987557416129,0.977060394449557,0.9973544973544974,0.7667367892862215,0.023979012094645,0.7699515615800295,0.7379677035658933,0.7813281117060156,0.8019165151680587,0.7425200544111101,0.2222573886013736,0.081915821305598,0.3160018552875696,0.2645833333333333,0.2807017543859649,0.1428571428571428,0.1071428571428571,10.2,4.874423042781576,5,6,17,15,8
-150,0.6383158028125763,0.0520190761464372,0.5746710889396214,0.683070204087666,0.5779995485430672,0.6591917702129909,0.6966464022795359,0.6602302472936604,0.0994969053184889,0.7761495262049578,0.5805103242285201,0.7690058522098304,0.6484248220608554,0.5270607117641384,0.6232749261320689,0.0500495497015107,0.6605785748642892,0.5715608465608464,0.6890684051398338,0.6350666529237958,0.5601001511715797,0.6174438728224632,0.0873684661373925,0.7033848199291961,0.5624436057236822,0.7328823856483242,0.5873581295667198,0.5011504232443935,0.6637564087948415,0.0744390524509094,0.7356561950439677,0.6271741623816512,0.7601791535850311,0.6380292959145482,0.5577432370490086,0.2483551069455168,0.0589678567928295,0.2925184603756032,0.1904486658688339,0.3365463240463242,0.2388215659224062,0.1834405185144164,0.671713262796402,0.0176079493678102,0.6482381650379726,0.6848972695214408,0.6538278758525848,0.6784374969346183,0.6931655066353934,0.6834954104852772,0.0547849324180656,0.7370327766465188,0.6962706043956045,0.715761890226176,0.6893305206698065,0.5790812604882802,0.180719954648526,0.1573869842629647,0.3263038548752834,0.0744897959183673,0.407482993197279,0.0953231292517006,0.0,0.9431545021576078,0.051834163653207,0.9019942387954812,0.9891127391127392,0.8649185999186001,0.9597469329612188,1.0,0.7674764645256877,0.0195430906870547,0.7680899282091339,0.7514429417077872,0.7657676573313335,0.7486311118145454,0.8034506835656384,0.2421853741496598,0.1509186691915127,0.4035714285714284,0.1904761904761904,0.4025935374149659,0.2142857142857142,0.0,0.6717513007777078,0.0157323186916233,0.6559358494622367,0.6861790376050132,0.6539882166045052,0.6694874124867576,0.6931659877300262,0.6975949508640263,0.085424312937628,0.7668229827666406,0.6878333658089094,0.7360257137042853,0.7611850102552074,0.5361076817850886,0.1912414965986394,0.161413839410796,0.4082482993197279,0.1015306122448979,0.3583333333333333,0.0880952380952381,0.0,0.945452857966988,0.061822941547184,0.9032907987834096,1.0,0.8443775800918658,0.9795959109596653,1.0,0.775719409561393,0.0307886134353441,0.8023886672602131,0.7466403893425041,0.7801545989630873,0.8144630338618971,0.7349503583792629,0.2546227581941868,0.1433773740635682,0.4194083694083694,0.3571428571428571,0.2584673263244691,0.2380952380952381,0.0,6.6,4.127953488110059,13,4,9,6,1
-125,0.6045061422245842,0.0387959811179158,0.6811769349234444,0.5913675356478918,0.5881152862594241,0.5878200488431113,0.5740509054490498,0.7324873406216772,0.0726920678886079,0.5879115820425609,0.7678719168934985,0.7583524254098788,0.7662180634939104,0.7820827152685373,0.6526360544217688,0.0859510397951612,0.4919784580498866,0.6405328798185943,0.6864890400604686,0.7124244142101285,0.7317554799697659,0.6884125644052513,0.0509463382654454,0.5934670521167421,0.7409280811158558,0.6861016379182298,0.7008105212552531,0.7207555296201759,0.7217035935250087,0.04868280577084,0.6295946038590391,0.7699414205385783,0.7227341420459502,0.7353649439438796,0.7508828572375964,0.2928846679963443,0.0533263370877545,0.1902480443778541,0.301980426980427,0.3083244447740246,0.3194211173202771,0.3444493065291385,0.6669999480247497,0.0163547755445293,0.679243632725307,0.6598208035741534,0.666373325245721,0.688505504812513,0.6410564737660545,0.7257147053762496,0.0278377805502986,0.6937034524883903,0.7425676093086808,0.7089101292226293,0.7119240217454502,0.7714683141160974,0.2225340136054422,0.0813098777466055,0.1454081632653061,0.3406462585034013,0.2568027210884354,0.1172619047619047,0.2525510204081633,0.9423199133470068,0.0292338987111346,0.9692141984999127,0.8920486656200941,0.9314349671492528,0.9720441595441596,0.9468575759216156,0.7793153293058686,0.0305499431958836,0.761525233579326,0.76306502450777,0.7738831773111494,0.7585708338468837,0.8395323772842139,0.365578231292517,0.0730493631030846,0.2916666666666666,0.3493197278911564,0.4428571428571428,0.2857142857142857,0.4583333333333333,0.6692618582929883,0.0061187698343982,0.6784444919654301,0.66190505027771,0.6652875712939671,0.6742508326257978,0.6664213453020368,0.7169533134836733,0.0298881104148732,0.7175977653071248,0.7115197396777367,0.7019299813942671,0.7716623836389847,0.6820566974002533,0.2320804988662131,0.075559298456643,0.1740646258503401,0.3133219954648525,0.3178571428571429,0.1261904761904762,0.2289682539682539,0.918991104359813,0.0427252689069375,0.9584132848541717,0.8764795820696442,0.8942787371358799,0.9817219525593912,0.8840619651799777,0.7812302198776522,0.0314706677490992,0.7757029301030797,0.7502612436217416,0.8048874221428858,0.8283947037302907,0.7469047997902629,0.3247915805998512,0.0228603842794835,0.3392857142857142,0.299718733647305,0.3563820264948084,0.2976190476190475,0.330952380952381,8.6,2.0591260281974,5,8,9,11,10
-100,0.5980881547644025,0.0387766523331747,0.5736502494130816,0.6250739565917424,0.5503115164382117,0.6586977385339283,0.5827073128450484,0.7391471238322476,0.0454643352697718,0.7731371986280022,0.7132283433415076,0.7897735584918009,0.6638516982070121,0.7557448204929151,0.6465419501133787,0.0283290351178343,0.6527305366591081,0.6342781557067271,0.6943783068783071,0.6074452003023431,0.6438775510204083,0.6969034036769417,0.051881639717398,0.7399462102485591,0.6718259492468298,0.7503068855214324,0.6084067074526972,0.7140312659151901,0.7293467129110894,0.0383064802296399,0.758962958214054,0.7139995224995408,0.7684918939695519,0.6622329841070369,0.7430462057652631,0.2980959398849713,0.0481048998306892,0.3247696086981801,0.2394299153227724,0.3571211856926142,0.2423429486095342,0.3268160411017554,0.6672629688467298,0.008024385535868,0.6572259409087045,0.671004056930542,0.6599125180925641,0.6795668133667537,0.6686055149350848,0.7380165609350392,0.0223357495780306,0.7586162041460954,0.719355976364905,0.7365043207453922,0.7084817612942612,0.7671245421245422,0.1964285714285714,0.060458621561343,0.1784013605442176,0.1585884353741496,0.3086734693877551,0.1340986394557823,0.2023809523809523,0.9501960666274224,0.0227486311063329,0.958281990611183,0.940482586196872,0.9119498226641084,0.96091255305541,0.979353380609538,0.780295654856482,0.0315157925072739,0.7705402034461947,0.7545784732370767,0.7748808787072151,0.7598463667166857,0.841632352175238,0.3639002267573695,0.0690529005423228,0.3809523809523809,0.3226190476190476,0.4599773242630385,0.2571428571428572,0.3988095238095238,0.6730340284960612,0.0030912747053266,0.6700943027223859,0.6787734925746918,0.6709960997104645,0.6717168731348855,0.6735893743378776,0.7090973725056506,0.0346010692057442,0.7293377584602955,0.6587878422331063,0.6802673847316705,0.7540344466699146,0.7230594304332659,0.1921145124716553,0.0683680388648928,0.2943027210884353,0.1791950113378684,0.2297619047619048,0.0880952380952381,0.1692176870748299,0.9358030367618018,0.0448979421555506,0.9492797095260148,0.9441222327247172,0.8508401651258796,0.9849161080040002,0.949856968428397,0.7778157763298796,0.0263300047841036,0.7997626190706411,0.7517909402988519,0.7637358867293706,0.8180739746315888,0.7557154609189463,0.2829792826221398,0.0613125889575718,0.3972789115646259,0.283008658008658,0.222704081632653,0.2380952380952381,0.2738095238095238,9.2,2.7129319932501073,10,6,12,6,12
-75,0.5660947379611787,0.0729245215928972,0.6092503333375567,0.4745415165310814,0.6809262647515252,0.5110544015963873,0.5547011735893431,0.7608224917002022,0.0938161266836652,0.7264611847494946,0.8580258601697791,0.5953325365424709,0.8311584555099355,0.7931344215293311,0.6788730845873704,0.1118631841658576,0.6072751322751322,0.7763699924414211,0.4918934240362811,0.7595804988662133,0.759246375317804,0.7217556392169155,0.0520795092880237,0.7236985820936314,0.7894245857158408,0.630393364754053,0.7466827047737856,0.7185789587472674,0.7465917239326452,0.0595888679547067,0.7394544758196085,0.8193383384907469,0.640270201601548,0.7787408030008842,0.7551548007504378,0.3308280513571314,0.0702131740875265,0.3061524454381596,0.4032307639450496,0.2066347530301533,0.3840760760403617,0.3540462183319326,0.66281498840877,0.0184569401638624,0.648642258984702,0.6387961464268821,0.690781261239733,0.6611774010317666,0.6746778743607658,0.738121241211986,0.0263904928452445,0.7750481211622517,0.7500104838944124,0.6970307866736437,0.722876984126984,0.745639830202638,0.2468877551020408,0.1601816354135329,0.3022108843537415,0.4723639455782313,0.0142857142857142,0.3205782312925169,0.125,0.9346753527126198,0.0558776866544206,0.912511015554494,0.8517966160823303,1.0,0.9145636374207804,0.9945054945054944,0.7789731877166961,0.031397170140755,0.7664431472036621,0.7770949004892753,0.7369046782021431,0.7807181588511847,0.8337050538372149,0.3355058433629862,0.1362799291696778,0.4035714285714286,0.4311006453863597,0.0714285714285714,0.4321428571428571,0.3392857142857143,0.6605070173740387,0.024322983274108,0.6538472601345607,0.6446969934872219,0.6971308588981628,0.6287090054580143,0.6781509688922337,0.7212824607928935,0.0445669613937412,0.7520204067848771,0.7209806370734164,0.6383016454445025,0.7665267565834716,0.7285828580781997,0.2394897959183673,0.1557194565599655,0.3318877551020408,0.4627267573696145,0.0,0.2375850340136054,0.1652494331065759,0.9319902574916498,0.0460193954113005,0.9199269404195514,0.8525270852910606,0.9894179894179894,0.937866064787247,0.9602132075424002,0.7903874113047082,0.0206597366065885,0.7962712630397218,0.7752535975821245,0.7894830610815713,0.8256150124870109,0.7653141223331129,0.3219512908831794,0.1667777337537798,0.3805916305916305,0.4815457762052189,0.0,0.35,0.3976190476190476,13.0,6.957010852370434,8,22,3,19,13
-50,0.6122262870981581,0.0879321014698451,0.693101316690445,0.4684230216911861,0.5552555187827065,0.6946097896212623,0.6497417887051901,0.6743610586426956,0.1408908335378781,0.5223291137113697,0.8617361306155747,0.7992015469148597,0.5148543210953299,0.6736841808763435,0.6167434549577407,0.1049715111603305,0.4945904624476052,0.7512471655328801,0.690519995877139,0.4932728647014361,0.6540867862296436,0.6420096117963083,0.1186426820632098,0.511501624812907,0.796312415377025,0.7534266124661768,0.5112219242473758,0.637585482078057,0.6810508503614254,0.1021382745973347,0.5607725398943724,0.8154608945262736,0.7747185175959684,0.5769305543116167,0.6773717454788963,0.2684819385366709,0.0914419934027407,0.1644135898337579,0.3824692503263932,0.3624231705114059,0.1731557742918866,0.2599479077199113,0.669199813263757,0.0226263101412092,0.6931478253432682,0.6540971057755607,0.6354978041989463,0.6941460967063904,0.6691102342946189,0.6949273192283807,0.0712451422213427,0.5813517971058733,0.7459395713413571,0.7355273925809639,0.6427102411477411,0.7691075939659683,0.1711394557823129,0.1992612809294691,0.0,0.3487244897959183,0.4712585034013605,0.0,0.0357142857142857,0.9520982905982904,0.0649614934716856,1.0,0.9243517064945636,0.8361397464968893,1.0,1.0,0.7684685353640572,0.0309079140979055,0.7349503583792629,0.795055027308651,0.765516412123212,0.7354063202382679,0.811414558770893,0.2024695938981653,0.22517881387267,0.0,0.5437074829931973,0.3972119150690578,0.0,0.0714285714285714,0.6748892843723298,0.0190540512295424,0.693148102079119,0.6626752359526498,0.6442245159830365,0.6938819757529667,0.6805165920938764,0.7012880286498164,0.044591187987282,0.6144578937528445,0.709313827634868,0.738632696668411,0.7284950608595928,0.7155406643333662,0.1375340136054421,0.1550894679532337,0.0,0.2869897959183673,0.3619047619047619,0.0,0.0387755102040816,0.9434240216879968,0.0681962757515077,1.0,0.8994623957822717,0.8296906796906798,1.0,0.9879670329670328,0.7672748632847058,0.0211801228744425,0.7508043566744843,0.7611563509367059,0.7778678607278273,0.8028542058463438,0.7436915422381677,0.1802952185658952,0.1645028851575841,0.0,0.4096938775510203,0.3132107867070273,0.0,0.1785714285714285,9.4,8.867919710958144,1,25,13,2,6
-25,0.5890170335769653,0.0753119699588596,0.5817936623380298,0.5163740820827938,0.5011954782974153,0.6477805936620349,0.6979413515045529,0.7227656061866676,0.1260336252380925,0.7634732214431504,0.8326710546280002,0.840795891410633,0.6769602670156937,0.4999275964358601,0.6702851645708788,0.0999905592650874,0.655064247921391,0.7922430083144372,0.7718820861678004,0.6039450628736344,0.5282914175771319,0.6798712576377628,0.0990833507310084,0.7252546761763699,0.7354732018069934,0.7799658116808239,0.6620985478495951,0.496564050675031,0.7167420567745225,0.0871973719347472,0.7504073344663512,0.7799387424992245,0.8007901823238631,0.6950671649513522,0.5575068596318219,0.3057328823026475,0.0776371988288999,0.3192486746058174,0.3491115366115365,0.4088441320584177,0.2738987358735258,0.1775613323639398,0.6741072927202498,0.0137505385933109,0.6843604828630175,0.65322374020304,0.6685427725315094,0.6712039411067963,0.6932055268968854,0.7015254228807452,0.0354346176687796,0.7332183651981788,0.7283029899994184,0.7029501351822781,0.7087317576603288,0.6344238663635215,0.1779931972789115,0.1093611390733204,0.1336734693877551,0.3266156462585034,0.2408163265306122,0.188860544217687,0.0,0.9561079132507704,0.0294485298602831,0.9661532647246932,0.9087476016047444,0.9481275074132218,0.9575111925111924,1.0,0.7791121684207196,0.0136916156462745,0.7620415982528026,0.7789006365269399,0.7793650186868477,0.7718029050713693,0.8034506835656384,0.3375510204081632,0.1720356382185158,0.369047619047619,0.4282312925170068,0.4738095238095238,0.4166666666666666,0.0,0.668916004896164,0.0140512333959935,0.6745392595018659,0.6653344844068799,0.6574662796088627,0.6540319153240749,0.6932080856391362,0.7014435337115057,0.0738701948121148,0.7110035962144952,0.6941499977621871,0.7574339351125065,0.7779265702201273,0.5667035692482122,0.1464569160997732,0.0845787320552517,0.2204931972789115,0.239172335600907,0.1404761904761904,0.1321428571428571,0.0,0.9547551115960274,0.034430047887157,0.954043794647243,0.912318248808932,0.921485260770975,0.985928253752988,1.0,0.7796392573375955,0.0331238207351992,0.792821065316151,0.7523903413171666,0.7884449232796573,0.8295895983957398,0.7349503583792629,0.2848619447779111,0.1530916270182111,0.4437074829931973,0.3758403361344538,0.2714285714285714,0.3333333333333333,0.0,10.0,6.0332412515993425,10,16,17,6,1
0,0.5559113667834373,0.0783228502138296,0.6930810468537467,0.5434578075295403,0.4560413360595703,0.5168514588759059,0.5701251845984232,0.7654007984304881,0.1228853029834512,0.5267581740851808,0.8065929455614748,0.8746611180698826,0.8321930566985495,0.7867986977373528,0.7026394901394902,0.1154075952423669,0.4819633408919124,0.7288265306122451,0.8155045351473922,0.7673374905517764,0.719565553494125,0.7106905046267713,0.0761792127317168,0.5686178268122779,0.729182202627444,0.7958401751505197,0.7457305775646607,0.7140817409789547,0.7415932524650314,0.0688746973083481,0.6119976183331135,0.7635459175426575,0.8152914303942699,0.7732987044682142,0.7438325915869016,0.3372376424890703,0.0917960001386961,0.1805462353748029,0.3173426441283585,0.4587948427234143,0.3858977001834144,0.3436067900353615,0.6633787044457027,0.013265024767687,0.6868187231676919,0.6458769142627716,0.6642158372061593,0.6604403129645756,0.659541734627315,0.722668398499599,0.034186548239152,0.6708911752642343,0.7508878423164137,0.7175267639106924,0.7059688063259492,0.7680674046807052,0.3084750566893423,0.1099340974495894,0.3433106575963718,0.4615646258503401,0.2573979591836735,0.3491496598639455,0.1309523809523809,0.9164861316071424,0.0442330441718908,0.8962468432188929,0.8805519216233503,0.9346238153381012,0.8762183847898133,0.9947896930655552,0.7864130902818287,0.0252450944134342,0.7732651154066098,0.7861703953653227,0.778218606108244,0.7603713299631963,0.8340400045657705,0.4101722483865341,0.0602970561558587,0.3714285714285714,0.5036281179138322,0.4511904761904762,0.3912807430664573,0.3333333333333333,0.6630103477409908,0.0167443712945757,0.6847093488488879,0.6535075179168156,0.6597788802215031,0.6386522054672241,0.6784037862505231,0.7236658382408339,0.0293176155250949,0.6814890989552319,0.7249048123776385,0.744816922495494,0.7641702532456357,0.7029481041301694,0.2764342403628118,0.0971489572750541,0.3045918367346938,0.3922052154195011,0.2035714285714285,0.3530612244897959,0.1287414965986394,0.9084306399402668,0.0356448829116213,0.8918593202090739,0.8718068399279579,0.9012282690854118,0.9008069418842038,0.9764518285946858,0.7823094827554169,0.0190299481208264,0.7795553873301561,0.7666765197965274,0.7854653779998938,0.8166903983866239,0.7631597302638834,0.3633868547418967,0.054097398563686,0.3801303854875283,0.4415107709750566,0.2787114845938375,0.3356292517006802,0.3809523809523809,14.6,8.06473806146238,3,12,26,21,11
25,0.4927089205100422,0.0502810529011669,0.5450550388722193,0.4866062984580085,0.4039422206225849,0.4907334304991222,0.5372076140982764,0.8380370554292849,0.0309769594132607,0.8000101702033995,0.8425860236926132,0.891558443714731,0.8395416718549795,0.8164889676807018,0.7518635332921049,0.0312562718347316,0.7205215419501135,0.7243197278911565,0.8057393664536524,0.7650604686318971,0.7436765615337045,0.772020908424709,0.0296134412565984,0.737221099891729,0.7926530528612493,0.8172648402639512,0.7669275550828969,0.7460379940237191,0.797940964258376,0.0245620736369399,0.7681665932981872,0.8124412719710603,0.8358033347939658,0.7973946080921905,0.7758990131364764,0.3931593274450418,0.0406629789926998,0.3496471121471122,0.3652074116359832,0.4630351130351131,0.4127800770657913,0.3751269233412091,0.6474232452256339,0.010183363095382,0.6519266324383872,0.6407828799315861,0.6363160141876766,0.6650692863123757,0.6430214132581439,0.7430172116704163,0.0207484309946394,0.7339766238621052,0.7379072547822547,0.74456151157044,0.7179930337519623,0.7806476343853189,0.3300453514739229,0.0848790102764405,0.4523526077097505,0.3335034013605442,0.3598639455782312,0.3157312925170067,0.1887755102040816,0.9130727986346964,0.0418443493875979,0.8458216731508658,0.9139822082679226,0.924563346706204,0.904478603407175,0.9765181616413144,0.7931567996285291,0.0253034159762345,0.7677644277155259,0.7792061727399214,0.7983482890645492,0.7806368840212293,0.8398282246014198,0.4298469387755103,0.0356207878830472,0.4529761904761905,0.413265306122449,0.4880952380952381,0.4020408163265306,0.3928571428571428,0.6560633450746536,0.0081283944130794,0.6508845601763044,0.6448519847222737,0.6683525953974042,0.6550802120140621,0.6611473730632237,0.7357153760348961,0.0236511800891188,0.7525603577343111,0.7075750198013397,0.7155652218152219,0.7716967087997034,0.7311795720239044,0.3273015873015872,0.1007758810401218,0.483843537414966,0.3950113378684806,0.2202380952380952,0.3096938775510204,0.2277210884353741,0.8980956503636385,0.0373675126735978,0.8394338433870454,0.8733019453516347,0.9060512239083668,0.9333648829876467,0.9383263561834988,0.7884208773047565,0.0230760713938951,0.7823162804789556,0.7710087201646798,0.7927511268720668,0.830566118685741,0.7654621403223396,0.3684573829531812,0.090116909647036,0.4061758036547953,0.4631519274376417,0.1971088435374149,0.3948979591836735,0.3809523809523809,21.0,6.899275324264136,13,20,32,25,15
50,0.5880550930187816,0.0776805968330558,0.6753475481555575,0.5956427362703142,0.6588656575906844,0.4618911938298316,0.54852832924752,0.7391293249495239,0.0983828211566356,0.5979168107114401,0.7612311686218929,0.6595407836248901,0.8692312276335443,0.8077266341558526,0.6778696832268262,0.1094431603550878,0.5820578231292517,0.6959278155706728,0.5291477702191989,0.8272959183673468,0.7549190888476603,0.6914152611390122,0.0805404422523591,0.5656194535303312,0.7058351246930172,0.643434541652236,0.7975688073960366,0.7446183784234401,0.7275414408693974,0.070629162858984,0.6260130126305765,0.7438812067221182,0.6718667044653777,0.8239198039134509,0.7720264766154641,0.3154165180773982,0.0889404210761987,0.2126352355648021,0.3004122530908245,0.2363117007936777,0.4533736765879623,0.3743497243497244,0.6703301812921252,0.0134160269180826,0.679766731602805,0.6714985753808703,0.6837620650018964,0.6713546812534332,0.6452688532216209,0.7252526672136197,0.042478528477126,0.6743642080113353,0.7369013823478108,0.7079987026862027,0.7065776171579741,0.8004214258647756,0.1826190476190476,0.1000961752334123,0.0989795918367346,0.1442176870748299,0.0678571428571428,0.2865646258503401,0.3154761904761904,0.9681107873152208,0.0258952005426727,0.9821579743008314,0.9783408919123204,0.9973544973544974,0.9218133321704752,0.96088724083798,0.7796175249237963,0.0360250091693063,0.7568037815448362,0.7651387933739756,0.7503325109123009,0.7762660400582684,0.8495464987296008,0.4219047619047619,0.1079955487450886,0.3571428571428571,0.4904761904761904,0.25,0.4523809523809524,0.5595238095238094,0.6700043209961482,0.0275335643034538,0.6805554756096431,0.675413749047688,0.7065445014408657,0.6221143092427935,0.6653935696397509,0.7200528916950655,0.0362445688857655,0.6861020576075996,0.7181323766669265,0.6987513808942382,0.7894061834251749,0.7078724598813884,0.1732029478458049,0.08616846729662,0.1443027210884353,0.1414399092970521,0.0428571428571428,0.2637755102040816,0.2736394557823129,0.9618629839021786,0.0219480594465803,0.978327859879584,0.9652738565782044,0.9896069538926682,0.9485962195075496,0.9275100296528868,0.788694538086041,0.0314384329959374,0.7874962760520858,0.747968547037478,0.8010320975965788,0.840175291256739,0.7668004784873231,0.3367027417027416,0.1218835027677258,0.4166666666666666,0.3513708513708513,0.1071428571428571,0.4583333333333333,0.35,11.8,9.516301802696256,4,8,5,30,12
75,0.5725398273695083,0.0761680055273835,0.4641893144164766,0.5215501976864678,0.6200071821610132,0.5729913619302568,0.6839610806533268,0.7589789248636947,0.0981871300140346,0.864624341106778,0.8341137700303248,0.7300158201903757,0.7806261705105141,0.5855145224804807,0.6794166151309009,0.1308540919047303,0.7754517968803685,0.7872637944066516,0.6609221466364323,0.7404006046863192,0.433044733044733,0.7245529246099628,0.0530194413871654,0.7961745108189857,0.7471765938451373,0.7144872928092032,0.7312965149959153,0.6336297105805727,0.7472800015539498,0.061601318514808,0.8170886038237374,0.786628535638424,0.7386538684290128,0.7579423780022864,0.6360866218762883,0.3407794383069655,0.0694738892676849,0.421837752194895,0.3640407211835784,0.3313553509982081,0.3721675150246579,0.2144958521334883,0.6771328347069876,0.0266140712525956,0.6620768180915287,0.6513144416468484,0.6648566211972918,0.7270005387919289,0.6804157538073403,0.7280310288722289,0.0227347599777254,0.699065430845322,0.752883597883598,0.7523816973370546,0.705067863683935,0.7307565546112345,0.2969047619047619,0.1558186857843359,0.3818877551020407,0.2823979591836734,0.5219387755102042,0.0499999999999999,0.2482993197278911,0.9170345679680656,0.0652322221869639,0.9066937031222748,0.9553671725100298,0.8038460084888656,1.0,0.9192659557191576,0.7810204264428219,0.0251571749412173,0.800710560194142,0.7873215764307824,0.7532126765841524,0.7506070162664435,0.813250302738589,0.4109492888064316,0.1374602616599058,0.5595238095238095,0.5607142857142857,0.415460729746444,0.2142857142857142,0.3047619047619047,0.6728291409356254,0.0193810613236461,0.6430758493287223,0.6632838717528752,0.6704876550606319,0.6974785157612392,0.6898198127746582,0.730160839356791,0.0556852970239895,0.7345273757896911,0.7308109812748789,0.7148024594453167,0.8224965252749151,0.6481668549991532,0.2659183673469388,0.147313639620719,0.3819727891156462,0.1941893424036281,0.4119047619047619,0.0119047619047619,0.3296201814058957,0.8968827434038401,0.0657630924742203,0.9095351524046106,0.9281537044735804,0.8238589452875168,0.9972527472527472,0.8256131676007452,0.7758240936811834,0.0300625162012899,0.8086822296403692,0.7509411913253514,0.7810732394435036,0.8059880024684409,0.7324358055282518,0.3083024118738405,0.1488625018739746,0.4678571428571428,0.4097093382807669,0.3326530612244898,0.0357142857142857,0.295578231292517,12.6,9.046546302318912,29,14,6,11,3
100,0.5529094239075979,0.0729161234270947,0.5160764093909945,0.4699123189562842,0.6766062662715003,0.5120515823364258,0.5899005425827843,0.7764775400081974,0.0950469131509202,0.8244975501677061,0.8528309194914494,0.596210015093971,0.8429950681401857,0.7658541471476745,0.7003432282003711,0.0532428130534491,0.7141156462585035,0.722571806500378,0.6060941043083902,0.767617501546073,0.691317082388511,0.7068002361653727,0.089759326494046,0.7626321038020546,0.7879805784169615,0.5359854042601838,0.7440389834064485,0.7033641109412153,0.742941993893573,0.0723114614037803,0.7820308075903861,0.8124039305783329,0.6071246442508184,0.7786405950846808,0.7345099919636464,0.3375920719983082,0.0665610680302341,0.3705581455581456,0.3829811722668866,0.20921045093701,0.3878221859839507,0.3373884052455481,0.6577865272760391,0.0138659239631072,0.6621564541544233,0.6424242364508765,0.6810390268053327,0.6449337814535413,0.6583791375160217,0.7300939555296484,0.0358820483069273,0.7302691068995417,0.7262611198325485,0.7069639404907261,0.6909088282748997,0.796066782150526,0.3435714285714285,0.0804876940444379,0.4716836734693877,0.3323979591836734,0.2389455782312925,0.38656462585034,0.288265306122449,0.9200673595698226,0.0421904903404434,0.8752953660096517,0.9394569451712308,0.9528742950171524,0.8643174021745449,0.9683927894765332,0.7981717730612451,0.0271699107545792,0.7951499641848381,0.796162280398898,0.7823446138622525,0.7685397116266263,0.8486622952336108,0.5040136054421769,0.0727400933210956,0.5184523809523809,0.5768707482993197,0.5761904761904763,0.3854591836734694,0.4630952380952381,0.6614756247826985,0.0292521335617628,0.6646667378289359,0.6631322354078293,0.6985978271280017,0.6088148525782994,0.6721664709704263,0.7265049011983051,0.0299958795890684,0.7111576667949822,0.721989469223553,0.71083929298215,0.7852952301493914,0.7032428468414492,0.3245068027210884,0.1123344623082901,0.4141156462585034,0.3029761904761904,0.1511904761904762,0.4746598639455783,0.2795918367346938,0.9122700028886525,0.0335700326601039,0.8485067746520949,0.9240462591238988,0.9453892668178384,0.9128883838580496,0.9305193299913797,0.7968579357345066,0.0252061947274644,0.7750585846064469,0.7822909617829864,0.8028086960598372,0.8436203373089539,0.7805110989143085,0.4521811125382554,0.1376612643954936,0.3997094175665605,0.6886904761904761,0.2624716553287982,0.4603741496598639,0.4496598639455783,14.4,6.974238309665077,14,22,4,22,10
125,0.5570376386245093,0.0667926048931283,0.6791834377107167,0.4769672169571831,0.5515109868276686,0.5269958816823506,0.550530669944627,0.7717931579501703,0.0879701685310201,0.6000411012351694,0.8491508695571907,0.7953454785423174,0.8157803888005103,0.7986479516156642,0.679351851851852,0.086253151187475,0.5130102040816327,0.743027210884354,0.7478174603174604,0.7064909297052154,0.6864134542705971,0.7382623857032067,0.0468035386757832,0.6620095594972442,0.7866928118111973,0.7212921061484279,0.7880601308044499,0.7332573202547144,0.7605695625227842,0.0471326969816312,0.674949946913262,0.8097944972835686,0.7571783129605938,0.7970559321643623,0.763869123292134,0.3477257523055842,0.0650819261606953,0.2272566757860875,0.3916426166426165,0.3429139565694187,0.4148991881134738,0.3619163244163243,0.6519265996558326,0.0177992613188564,0.6777729732649667,0.6471366477864129,0.6298860779830388,0.6666808554104396,0.6381564438343048,0.7455333276040332,0.0443465683445596,0.6974114213225237,0.7434682975754405,0.7483434720041863,0.7127286651840224,0.8257147819339937,0.3643253968253968,0.0920020428587854,0.251984126984127,0.4111394557823128,0.4801870748299319,0.2590986394557822,0.4192176870748299,0.9236796195047424,0.0321806115582553,0.9563646142217568,0.9239537182394324,0.8630336066050351,0.9326061108203964,0.942440047637092,0.8039722753240064,0.0290133270228178,0.7853439568102559,0.8105859274803764,0.7909658973248728,0.7756421383488655,0.8573234566556609,0.5341269841269842,0.0596771375812656,0.5258503401360545,0.6261904761904763,0.4781179138321995,0.4666666666666667,0.5738095238095238,0.656185638478824,0.0258327027906883,0.6790601440838405,0.6888137353318078,0.6435300409793854,0.6164494369711194,0.6530748350279671,0.7474545618217212,0.0482644433403978,0.7045245632514722,0.7121836011354646,0.7573852404209546,0.8369576668134486,0.7262217374872655,0.3133956916099773,0.0601135551036637,0.2098639455782312,0.3262755102040816,0.3678571428571429,0.2892857142857142,0.3736961451247165,0.9045974265495575,0.0449910261221236,0.9493211864763588,0.8937190282687177,0.8643613000755858,0.9641977781386648,0.851387839788461,0.7908337309997522,0.0315759371400944,0.7892937865105597,0.764954336528843,0.8016645520612293,0.84417345806886,0.7540825218292692,0.3969094945670576,0.0500827716687592,0.3414965986394557,0.475236248345492,0.3502976190476191,0.4297619047619048,0.3877551020408163,12.0,5.138093031466052,5,15,9,20,11
150,0.4946214075599398,0.0640742455419672,0.5580600705884752,0.3854015391497385,0.4926851597570237,0.4770562620390029,0.5599040062654586,0.8378761867620342,0.0456888557082583,0.7948195196717796,0.912589288220446,0.8444835470254487,0.8521038260867675,0.7853847528057297,0.7446863189720333,0.0406490953313146,0.6998771730914589,0.808418367346939,0.7584656084656085,0.7554232804232806,0.7012471655328799,0.7708478511789889,0.0446788093459122,0.7563401616887256,0.8494484827038195,0.7528270651776411,0.7810260561104782,0.7145974902142801,0.7933538880845947,0.0367239250438499,0.7725845731521035,0.8557867727329108,0.7863519636634151,0.805723756102565,0.7463223747719796,0.3973736130038651,0.0556840869626108,0.34966415859273,0.4960600907029478,0.3846943128455733,0.4142403892403892,0.3422091136376851,0.6406908584492547,0.02306347951397,0.6620501833302634,0.6104100921324321,0.6329959801265171,0.672335820538657,0.6256622161184039,0.7640928108464519,0.04012028997788,0.7427690192111776,0.7637938433920576,0.7501177757427756,0.7237346284667713,0.8400487874194772,0.4373469387755103,0.14122139519567,0.2039965986394558,0.4802721088435374,0.5011054421768708,0.3755102040816326,0.6258503401360545,0.8983754378261766,0.0396582139125092,0.9711454154311298,0.8982182103610675,0.8561772486772485,0.8959189487760916,0.8704173658853461,0.8032783574285196,0.0224027427053777,0.7854081398530929,0.8110217259876922,0.7857339419911931,0.7902862612804268,0.8439417180301929,0.51899247577819,0.0496566688392411,0.5595238095238095,0.545124716553288,0.4504612451041022,0.5714285714285714,0.4684240362811792,0.6422797705445971,0.0223327666248532,0.6659797515187945,0.647708169051579,0.6484677195549011,0.59971484541893,0.6495283671787807,0.7512385587998829,0.0385645831110918,0.7541379128648218,0.7104682823646333,0.7524641694284551,0.8200219523800026,0.7191004769615018,0.3880272108843537,0.1161495824697197,0.1876700680272108,0.4348639455782312,0.3464285714285714,0.4389455782312925,0.5322278911564625,0.8912056053285946,0.0660635593676674,0.9791798240074102,0.8654432351637321,0.8670940170940169,0.9499745695973332,0.7943363807804802,0.8011764238834269,0.0336041897971989,0.8042794117428542,0.7832008431445211,0.7992547321157645,0.8604102701000491,0.7587368623139453,0.4717710401544989,0.1055679807019029,0.5654761904761905,0.5382563551736484,0.3173469387755102,0.5654761904761905,0.3722995258709544,18.6,8.685620300243386,11,34,15,22,11
175,0.4838083675929477,0.0481999524062212,0.4187434911727905,0.5271574088505336,0.442818684946923,0.5456361529372987,0.4846861000571932,0.8472624383324927,0.0362358922526948,0.9013542751712372,0.8259849154282248,0.8662917849232501,0.7941326952207197,0.8485485209190313,0.7554976372833516,0.0437860437359766,0.8192821067821069,0.7181318681318682,0.7814806225520511,0.6970993953136813,0.7614941936370508,0.7756546238113096,0.0297469826130546,0.810886516282361,0.7478048730564006,0.8110999154482325,0.7434229409286811,0.7650588733408726,0.7969627377038193,0.0260103308318901,0.8309217226129073,0.7752677584134857,0.8244251391506656,0.7667186728132233,0.7874803955288149,0.399315943160481,0.046641590434646,0.4388364941936369,0.3329636633208062,0.4576724201724202,0.3610779432208004,0.4060291948947411,0.6508983169283186,0.0276444016596504,0.6440504193305969,0.6285464678491864,0.7011947631835938,0.6565100720950535,0.6241898621831622,0.7505146007636772,0.0293489795533763,0.7274741990813419,0.7441217512646084,0.7417275895400895,0.731365886098029,0.8078835778343166,0.340969387755102,0.0535048284857952,0.3602891156462585,0.3736394557823129,0.3860544217687075,0.2370748299319727,0.3477891156462585,0.9396659509073302,0.0164337661447902,0.9330126751555324,0.9207397232397232,0.9272209140066282,0.9527594627594628,0.9645969793753044,0.8101948997218635,0.0285447658963937,0.804848012216621,0.8005642486901913,0.8037931483711889,0.7779709092061252,0.8637981801251915,0.5701700680272108,0.0276910441922246,0.5977891156462585,0.5877551020408163,0.5236394557823129,0.5535714285714285,0.5880952380952381,0.661497482231685,0.0294983990109679,0.6372201314994267,0.654950635773795,0.7185431846550533,0.6406236461230687,0.6561498131070819,0.7599823499110417,0.0334569173738154,0.7589589003520655,0.712646529769977,0.7794103531480377,0.8102190810011007,0.7386768852840281,0.3028004535147391,0.0303827555291931,0.3045068027210884,0.3299886621315192,0.2869047619047619,0.2542517006802721,0.3383503401360543,0.9338033343428502,0.0277082061644986,0.9281002554278418,0.9002348560112534,0.9293861812334718,0.9848495100958156,0.926445868945869,0.8115348857435064,0.0263817252191483,0.8050617817464715,0.7801409362735169,0.8244640831715534,0.8554234215817503,0.79258420594424,0.5100510204081632,0.0797962808303498,0.4970238095238095,0.5226190476190476,0.3654761904761905,0.5892857142857143,0.5758503401360544,20.0,8.414273587185052,32,11,25,10,22
200,0.5507004627869242,0.0734711106360116,0.5784116153206144,0.4695647241813795,0.5206099315768197,0.6797686077299572,0.5051474351258505,0.7788307184045367,0.0912736819630465,0.7805903983558322,0.8610682974652819,0.8182109062200711,0.6037256980424683,0.8305582919390302,0.694987803202089,0.0763206208228534,0.6773715041572186,0.7819538926681785,0.7145270734556448,0.5585695389266818,0.7425170068027214,0.7300020631276194,0.0840040899806397,0.7102152212250852,0.7994558885253746,0.7718594912817445,0.5744043452019821,0.7940753694039105,0.7581604927375662,0.0750830099487064,0.7465919834802796,0.8222394086465558,0.7919371405892542,0.6173344076345637,0.8126995233371785,0.3508298130442766,0.0847183142494781,0.3065928954086849,0.4157409389552247,0.3871245817674389,0.206639744967702,0.4380509041223326,0.6451251447200775,0.0278495523124017,0.6479222008160183,0.6595550179481506,0.6340736321040562,0.6839941952909742,0.6000806774411883,0.7448482669150772,0.0453743797711602,0.7071324095877668,0.7557680679109252,0.739656938630153,0.6967564793011223,0.8249274391454194,0.4027210884353741,0.0846141505189629,0.4836734693877551,0.3002551020408163,0.489795918367347,0.3028061224489796,0.4370748299319728,0.9000330863261897,0.0374285822162354,0.8378942089656375,0.9529802604802604,0.893209779638351,0.8989561893133323,0.9171249932333676,0.7995115424257024,0.0283170988383883,0.7731179167202576,0.8007300855748561,0.8116635728031751,0.7667884516474227,0.8452576853828005,0.5130179344465058,0.07359110979435,0.4458719851576994,0.6333333333333334,0.5637755102040817,0.4687074829931973,0.4534013605442177,0.6641666284629276,0.0267363581160206,0.6500108582632882,0.7096297570637294,0.6499290892056057,0.6775233319827488,0.6337401057992663,0.7462037107051028,0.0204039414467484,0.7430916235857737,0.7313907214392462,0.7413758017206293,0.7856010573990869,0.7295593493807779,0.3570408163265305,0.1027816277656412,0.3970238095238095,0.2072278911564626,0.3904761904761905,0.2840136054421768,0.5064625850340135,0.8942963930677573,0.0472210322215649,0.8509216454044041,0.9253436573778188,0.8964555377116952,0.9635968711091863,0.8351642537356823,0.794666595933424,0.032137987044055,0.7773696095110846,0.7556701252739175,0.8241476121486352,0.8405978588980891,0.7755477738353933,0.4131865753294325,0.0478508829893789,0.3457946815089672,0.4746753246753247,0.4141774891774892,0.3761904761904761,0.4550949050949051,11.8,5.74108003776293,8,21,12,4,14
225,0.4744362887882051,0.0677368360301325,0.4597857324849991,0.5685253391663233,0.4348886491996901,0.5303669139033272,0.3786148091866856,0.8576550061190968,0.0414811494957487,0.8626405999887116,0.800912651541997,0.8866357071987294,0.8228931584299111,0.9151929134361348,0.7868764172335602,0.0530621565179259,0.7545634920634923,0.7454648526077098,0.8158730158730159,0.740400604686319,0.878080120937264,0.7877335872239526,0.0480489356167496,0.8196570101060713,0.7132695084902045,0.8170164302667635,0.7494507611833224,0.8392742260734015,0.8115720906711342,0.0374773318743009,0.8311906003654039,0.7570627447904239,0.8306396515636587,0.7796224851600339,0.8593449714761509,0.4232847113204256,0.0735001455695448,0.4281325156325155,0.3136276091633234,0.4731507249364391,0.3767051070622499,0.5248075998075998,0.6316775849887303,0.0146314807055984,0.6449208302157265,0.6477869536195483,0.6234322828905923,0.6342533145632062,0.6079945436545781,0.7515813545945934,0.026205967600285,0.7326420867492296,0.7321970572416999,0.7659446406767836,0.7303503110645968,0.7967726772406575,0.4235374149659864,0.0574221642084754,0.3175170068027211,0.4373299319727891,0.433078231292517,0.492687074829932,0.4370748299319728,0.9108049034526868,0.0293137353152846,0.947437641723356,0.8821100063957207,0.9202994360137218,0.8713557474271759,0.9328216857034592,0.8098283661185093,0.0230046583975121,0.8026870522301628,0.790290950165769,0.8083051115364253,0.7938181786243389,0.8540405380358503,0.5472186147186149,0.0449207676561947,0.6321428571428572,0.5431122448979593,0.5246598639455783,0.536178107606679,0.4999999999999999,0.6418991386890411,0.0177685683170338,0.6484894411904472,0.6645769817488534,0.6435144713946751,0.6100045953478131,0.6429102037634168,0.7579790708644852,0.034628004795302,0.7673441162126508,0.7271569890455759,0.7600061952278702,0.8165044704884606,0.7188835833478688,0.3577607709750566,0.0994524181843018,0.2121598639455782,0.3326814058956915,0.3261904761904762,0.5144557823129251,0.4033163265306121,0.9200185053240312,0.0158443339995413,0.94399667382426,0.9151199841106674,0.9185934025835504,0.9269772099821364,0.8954052561195418,0.8119445303917068,0.0300630768229198,0.7913210588062823,0.7852499464096968,0.8275646916763676,0.8640884279846148,0.7914985270815729,0.4983163265306122,0.0523521322782935,0.4678571428571428,0.5595238095238095,0.4119047619047619,0.5287414965986394,0.5235544217687075,21.6,12.109500402576485,26,8,21,11,42
250,0.5345297462883449,0.0984988503809198,0.5497433436768395,0.6884601343245733,0.4004908998807271,0.4621980658599308,0.571756287699654,0.7866195444439931,0.1162156835353158,0.8007696354853086,0.5690434076159763,0.9013044051238108,0.8690736561900311,0.7929066178048382,0.7272663711949426,0.1073003686201942,0.6926020408163266,0.5561224489795917,0.8632369614512472,0.8176303854875283,0.7067400192400193,0.726651148417323,0.1021380975948697,0.7297837615700055,0.5342775369909729,0.8246932911634433,0.798448456668811,0.7460526956933822,0.7618203153845069,0.0865061519664168,0.7646228376803083,0.603277020179888,0.8549225339612644,0.8218007483742917,0.7644784367267825,0.3657649882019629,0.1101224510497007,0.3327271934414791,0.1782103770023938,0.4928605785748642,0.4563450438450437,0.3686817481460339,0.6574713255677904,0.0194945239501516,0.6593309172562191,0.694526561668941,0.6457634610789162,0.6467357873916626,0.6409999004432133,0.7046505820055697,0.0687000981837181,0.6931661724518868,0.5852771781789639,0.7243723472294902,0.7238039275539274,0.7966332846135801,0.2571938775510204,0.1302354657972892,0.3091836734693877,0.0,0.3407312925170068,0.3460884353741496,0.2899659863945578,0.9555577369173428,0.0262308355091234,0.9446031746031746,1.0,0.945693499622071,0.9217365835222978,0.9657554268391708,0.7935247334969039,0.037861963045326,0.7984088431443966,0.7316784849540968,0.8017203978707739,0.7857943069273629,0.8500216345878892,0.4586507936507937,0.2368170137758005,0.661904761904762,0.0,0.6015306122448979,0.546485260770975,0.4833333333333333,0.6586458223206656,0.0256613849587399,0.6515613411154065,0.6945046654769352,0.6767878532409668,0.6189583369663784,0.6514169148036412,0.7150125113987691,0.0851144545532206,0.7444157263553814,0.5549355510632684,0.7319962342437712,0.8104710703910213,0.7332439749404035,0.2156972789115646,0.1166847579237843,0.2366496598639455,0.0,0.2107142857142857,0.2916666666666667,0.3394557823129251,0.9578701979465526,0.0233684318128378,0.9373974780009264,1.0,0.963122855979999,0.9529800249012071,0.9358506308506308,0.7930514677212933,0.0444976005199001,0.7932934903814985,0.7133635839150162,0.8299239518376699,0.8396772422386352,0.7889990702336468,0.373265306122449,0.2056092317599648,0.425,0.0,0.3571428571428571,0.4642857142857142,0.6198979591836735,15.8,11.7881296226331,11,2,36,21,9
275,0.4783791356853076,0.0397788331930956,0.5392157392842429,0.4795658581313632,0.420356493975435,0.4559502899646759,0.4968072970708211,0.8556821335783447,0.0337774793441202,0.7988591295002462,0.877370632963671,0.8926996765256092,0.8725349162606515,0.8369463126415456,0.7812405980263125,0.0478689559657661,0.7286092214663646,0.8104308390022678,0.8413031413031413,0.8051020408163267,0.720757747543462,0.7870701437719545,0.0191570171161811,0.7495614451410864,0.7940107918650502,0.7911689313525285,0.7977778745169011,0.8028316759842068,0.808211463618079,0.0170095518840468,0.7747534370041426,0.8145129886459848,0.8219396636257631,0.8170294676357008,0.8128217611788043,0.4174437638303184,0.0344943119955984,0.3617181954366827,0.3992105117105118,0.449212295640867,0.4560353006781577,0.4210425156853729,0.6368480260883059,0.012362005095008,0.6477888013635363,0.6379567384719849,0.6412150242498943,0.6442817917891911,0.6129977745669228,0.7451746862538119,0.0325494589018031,0.707314287894645,0.7363931769288913,0.7425850158439445,0.7339559167684168,0.8056250338331619,0.4339795918367347,0.064698437574006,0.3736394557823129,0.5183673469387755,0.5057823129251701,0.4005102040816326,0.3715986394557823,0.901153881240088,0.039297579580135,0.8947681551252981,0.8418406593406592,0.8916130298273155,0.9138627245770102,0.9636848373301576,0.8087276516077339,0.0282790782575408,0.7884779754862298,0.7796100299786612,0.8094382940577459,0.8051596892008214,0.8609522693152103,0.5533317872603587,0.0466645018661509,0.5618480725623584,0.4779684601113173,0.5271825396825397,0.6078231292517007,0.5918367346938774,0.6389957049063275,0.0150019944716174,0.6436294104371753,0.6582253532750266,0.6329164909464973,0.613687881401607,0.646519388471331,0.7525531015002661,0.0287202487823168,0.7678736427889754,0.7040630662757991,0.7635706316125035,0.7878315649867373,0.7394266018373161,0.3824773242630385,0.0501918467404721,0.305187074829932,0.4144274376417233,0.4547619047619047,0.3715986394557823,0.3664115646258503,0.9068459139402596,0.0327866678918051,0.908413575568748,0.8525422472627442,0.8984564058455684,0.9529800249012071,0.9218373161230304,0.8122994188651452,0.0310378339311193,0.79508734191964,0.7703994188735095,0.8391931527798288,0.8560001320709901,0.8008170486817578,0.4781875664018521,0.0417944829058726,0.4387755102040817,0.4442155067155067,0.4902597402597402,0.5535714285714286,0.4641156462585035,18.2,6.305553108173779,11,11,26,24,19
300,0.5095335473616918,0.0412874452935732,0.4771077746436709,0.5472410910186314,0.4443926697685605,0.542209539385069,0.5367166619925272,0.8342785480834994,0.0240535518084478,0.8588283150553037,0.8079860739364024,0.8671733091277718,0.82267687540946,0.8147281668885599,0.7377982202982205,0.0055963556203655,0.745285336356765,0.7377834467120185,0.7411358482787056,0.7284580498866214,0.7363284202569919,0.7624950051364978,0.0281034346359611,0.7924712116058439,0.7411162303608939,0.7964827616618254,0.7575038450902306,0.7249009769636958,0.7869369101981711,0.0208844878602207,0.8092443451639768,0.7798314612490294,0.8128545462593694,0.7739785657112341,0.7587756326072455,0.3787924509353081,0.0297726655928765,0.396068217496789,0.3347381454524311,0.4232756661328088,0.3752945467231181,0.3645856788713932,0.6428523310593196,0.0188732608744006,0.6437927782535553,0.6506403258868626,0.6263889968395233,0.6733515901224953,0.6200879641941616,0.741563527525658,0.0254947003616443,0.712508757776615,0.7378514375835804,0.7553971706203849,0.7192391272748415,0.7828211443728685,0.3360544217687074,0.1200065002982815,0.3269557823129251,0.474829931972789,0.3526360544217686,0.1185374149659863,0.407312925170068,0.937901614167624,0.0383845249096873,0.9413208616780044,0.8701556776556777,0.9455744520030234,0.9897014361300076,0.9427556433714068,0.8041709364395195,0.0298575277268119,0.7981124493782829,0.7914409955498206,0.8114555241040627,0.7644290726053937,0.8554166405600377,0.5584580498866213,0.0721738679138807,0.5928571428571429,0.4859410430839003,0.6789115646258503,0.4880952380952381,0.546485260770975,0.6517328832830701,0.0124096121261735,0.6529677510261536,0.6663180632250649,0.6470942028931209,0.6614997897829328,0.6307846094880786,0.7619952192939852,0.0238183078742223,0.7634028260213606,0.7226799619462663,0.7725219339135595,0.7957258792111007,0.7556454953776383,0.2582993197278911,0.1058639059080697,0.2628401360544218,0.3759353741496599,0.1928571428571428,0.0952380952380952,0.364625850340136,0.9388494536408436,0.038618030393747,0.9496356644632508,0.8749689871894841,0.9530067405683168,0.9922386726573916,0.9243972033257748,0.8045392927445102,0.0190096734974596,0.8087282927510356,0.7733264077276506,0.8219694366149277,0.8245876660338142,0.7940846605951227,0.4347827903091061,0.1166678590735185,0.5642857142857143,0.4707393483709273,0.3559523809523809,0.25,0.5329365079365079,15.2,6.013318551349164,19,10,25,9,13
325,0.5605965695210865,0.1381769190728821,0.6975961540426526,0.32247370552449,0.5622809039694923,0.6970513619127727,0.5235807221560251,0.7154173266417081,0.1800975509730124,0.4977478279666584,0.9457525039077608,0.7977429350667858,0.5090944866500244,0.8267488796173114,0.6797229357943644,0.145164960950175,0.4931783824640967,0.8691609977324264,0.7483938019652308,0.5268889179603464,0.7609925788497217,0.662811473091068,0.1645444236348077,0.4688666212518111,0.8733831112320551,0.7250289654876186,0.4710080850589215,0.7757705824249338,0.701097645783407,0.1448477016600804,0.5237141206837754,0.8825575819710765,0.7622992425302838,0.5368618801937515,0.8000554035381481,0.3201928607963472,0.1468842568002961,0.1469904570912546,0.534508348794063,0.3457947475804618,0.1662869967036313,0.4073837538123252,0.6635331617934364,0.0282399391897339,0.693586528301239,0.6195623129606247,0.664366751909256,0.6931461010660444,0.6470041147300175,0.6746164119530806,0.0858644757743769,0.5335797411913482,0.7408809741845456,0.7075186965811967,0.6226743560672132,0.7684282917410996,0.1709863945578231,0.1761573245805527,0.0,0.4808673469387755,0.1954931972789116,0.0,0.1785714285714285,0.9666261901754514,0.0379962999641674,1.0,0.8961090761090762,0.966144107215536,1.0,0.9708777675526444,0.7761878698740496,0.0406265548508656,0.7316784849540968,0.8111120248746196,0.7748837767680377,0.7316784849540968,0.8315865778193975,0.2878973407544836,0.2481375879468211,0.0,0.5775819418676561,0.5238095238095238,0.0,0.338095238095238,0.6751752649034772,0.0175298384723883,0.6935852212565286,0.6566296219825745,0.6798904963902065,0.6931449260030474,0.6526260588850293,0.6891615289962768,0.0607151313183363,0.5708833569163002,0.743297098432968,0.7085379613088972,0.703365407170826,0.7197238211523925,0.149109977324263,0.1491430422975882,0.0,0.3738662131519273,0.1035714285714285,0.0,0.2681122448979592,0.9657535678032574,0.0415340105500143,1.0,0.8895558208756966,0.9845049130763416,1.0,0.954707105064248,0.788445561228466,0.021702501222794,0.7502494431013706,0.7806190153088616,0.809609110912156,0.8071165492133039,0.7946336876066373,0.2696195144724556,0.254592640264744,0.0,0.5195261437908497,0.2214285714285714,0.0,0.6071428571428571,12.6,15.66652482205291,1,43,7,1,11
350,0.4881868297145479,0.0546120569468682,0.5305491125299817,0.5705303230455944,0.4639463736897423,0.4192041038047699,0.4567042355026517,0.8538883659108876,0.0406819525239917,0.8182793129326112,0.795752770247616,0.8705806305238067,0.9062020074452029,0.8786271084052011,0.7647621558335845,0.0507574024604967,0.6937547241118671,0.7162603930461072,0.7874883714169431,0.8251357108499965,0.8011715797430083,0.7772496562429557,0.0301264989614443,0.7638044370129652,0.7270244031076634,0.7909121642962673,0.8163535914503232,0.7881536853475595,0.7994812120590947,0.0240510485921218,0.7847637954108574,0.760627859217446,0.8113472538454499,0.82915497625262,0.8115121755691003,0.4027350823779395,0.0591599378735051,0.3548999941857085,0.3144112501255358,0.4344894523465951,0.4767513571085,0.4331233581233581,0.6486581274441311,0.0460507390395794,0.6334744393825531,0.6855318077972957,0.6264975624425071,0.7141695150307247,0.5836173125675747,0.7428352862586237,0.0307190610606651,0.7357957403046688,0.7008409100819816,0.7427062256526542,0.738290289406361,0.796543265847453,0.3463095238095238,0.1067325937497978,0.4187925170068028,0.1774659863945578,0.3783163265306122,0.2782312925170068,0.4787414965986394,0.9300859713174984,0.02448482444938,0.8952380952380953,0.9574167102738532,0.9126690505261934,0.9570786092214664,0.928027391327884,0.8011426190340873,0.0323698650372216,0.7953506011054899,0.7613816554973444,0.7914188097741562,0.7971404956223885,0.8604215331710581,0.5274489795918367,0.0646135605134113,0.5567460317460318,0.4452380952380952,0.4615646258503401,0.6173469387755102,0.5563492063492064,0.6508878026689802,0.0263541232161298,0.6259809647287641,0.6970390507153102,0.6382965743541718,0.6627851596900395,0.6303372638566154,0.7543052863419512,0.0344611782734185,0.7897507504696544,0.7026375653763076,0.7717752736225644,0.7828871641494796,0.7244756780917496,0.3274716553287982,0.1316539249825369,0.374234693877551,0.0793650793650793,0.3952380952380952,0.3256802721088435,0.4628401360544217,0.9205772640573456,0.0362873288139859,0.8984020672813777,0.942449366253714,0.9186878848208896,0.9746251285660152,0.8687218733647306,0.8009883917954939,0.0460522218490071,0.8024185098705395,0.7213012938811066,0.8364008732331053,0.8546603503842592,0.7901609316084587,0.394834570191713,0.1507803325041017,0.4889172335600907,0.0974025974025974,0.424829931972789,0.4668367346938775,0.4961863533292105,17.4,7.605261336732617,13,7,15,28,24
375,0.5006564211277734,0.060738664592699,0.5011379725876308,0.5659254377796537,0.4349393376282283,0.570878253806205,0.4304011038371494,0.8323737901130543,0.0459401795318285,0.8375034074854478,0.793266057300201,0.884882795244043,0.7680271316794572,0.8781895588561226,0.7529839208410638,0.053416286831836,0.7658446712018141,0.6760770975056691,0.8179112554112552,0.7079871847728991,0.797099395313681,0.7626577287701634,0.0425485332979354,0.7759242347994402,0.7193864781839976,0.8157645753869069,0.7068557093771272,0.7953576461033448,0.790879482272856,0.0353319287558643,0.8029108681367586,0.7544484358443379,0.8312523047926506,0.7440843016765841,0.8217015009139489,0.3901102828363996,0.0634594853279433,0.4004287379287377,0.3060517855160712,0.4688174259602832,0.3295058261721242,0.4457476386047815,0.6363925235612051,0.0214663896356722,0.6459335684776306,0.6474864525454385,0.6450207957199642,0.6499327548912593,0.5935890461717334,0.7554898841352043,0.0319971630395001,0.7372056878306879,0.7263065803244375,0.7549019565090995,0.7422475870690157,0.8167876089427814,0.4060884353741496,0.0734786897298575,0.5217687074829932,0.3181122448979591,0.3783163265306122,0.3556122448979592,0.4566326530612244,0.91638848389341,0.0271408134604169,0.866763910692482,0.9346264317692888,0.9414572068143496,0.9086044246758532,0.930490445515076,0.8104015958133897,0.0259480294353461,0.8011108810124357,0.7928265082795584,0.8135022728294051,0.785682961184384,0.8588853557611652,0.5714654393225821,0.0507536690738762,0.5755244755244756,0.5389455782312925,0.6595238095238095,0.507936507936508,0.5753968253968254,0.653054677588599,0.0191741745396447,0.6431503295898438,0.6771875960486275,0.6752712258270809,0.6349943365369525,0.6346698999404907,0.7533903174972462,0.034606615658214,0.7877563645189877,0.6986304867205488,0.7405883536733292,0.7933714745845287,0.7466049079888366,0.3225056689342404,0.074988907693509,0.4326530612244897,0.2182256235827664,0.2928571428571428,0.2899659863945578,0.3788265306122449,0.9250367022932884,0.0239905328205639,0.9062629643664126,0.9259449079790696,0.9424174621218956,0.9586125696963136,0.8919456073027502,0.8085657414131473,0.0340087918719139,0.8212867892227419,0.758000991186056,0.835151909352282,0.8480632275023237,0.7803257898023334,0.4647420634920635,0.0630277429501848,0.516609977324263,0.3804563492063492,0.4321428571428571,0.5559523809523809,0.4385487528344671,16.2,7.30479294709987,17,8,19,9,28
400,0.5458003702617826,0.0697779187180949,0.4554429047164463,0.5581275118248803,0.6679283919788542,0.5153609748397555,0.5321420679489771,0.7937719773794663,0.0891447119725478,0.878644097969324,0.8179965130105015,0.6215257973942485,0.8372024486046717,0.8134910299185857,0.7111641929499073,0.0559053406674072,0.7612244897959185,0.746655328798186,0.6107048374905518,0.7474120456263313,0.6898242630385488,0.7414383657266801,0.0936950920766849,0.8202704145861885,0.7464905089608809,0.5610880423651226,0.7742646318854643,0.8050782308357437,0.7664203245213516,0.0716605359966228,0.827559931837756,0.7763638160709835,0.6274807621799786,0.7895600047271294,0.8111371077909107,0.3674785981337286,0.0794799908338872,0.434203428846286,0.3521311360597075,0.2199737696779935,0.3994227994227995,0.4316618566618565,0.6599804724965777,0.0216316933231563,0.688766211271286,0.6551109594958169,0.6803695559501648,0.6445406760488238,0.6311149597167969,0.7289661512998953,0.029270981012174,0.7112205651491367,0.7278215303215303,0.6914654921797778,0.7351221728007442,0.7792009960482869,0.3123639455782313,0.02911863620289,0.3216836734693877,0.3162414965986395,0.2954081632653061,0.358078231292517,0.2704081632653061,0.9377501368363436,0.0220871252471667,0.9406843421129136,0.9459689516832376,0.907179341822199,0.922559741845456,0.9723583067179126,0.8021564473156285,0.0275136419664778,0.8046619600931998,0.7952748300295679,0.7631286413993659,0.7986964385165269,0.8490203665394829,0.5122562358276646,0.0765895246500492,0.6542517006802722,0.5226190476190476,0.4468253968253969,0.491156462585034,0.4464285714285714,0.6726658097335271,0.0355551331488018,0.7337460390159062,0.6724633233887809,0.6817801509584699,0.6323085682732719,0.6430309670312064,0.7421854985389066,0.0404129048547237,0.7999130782212678,0.7083289930824869,0.6930142415056209,0.7766233827748604,0.7330477971102971,0.2660260770975057,0.0425431952603514,0.295578231292517,0.2325113378684807,0.2,0.3120748299319728,0.2899659863945578,0.9446495671697,0.0161751849713763,0.9446265069540932,0.920248884425903,0.961228198912928,0.9628403616088343,0.9343038839467412,0.8074204829115839,0.0319837845040303,0.8159690266132925,0.7584623321729876,0.8250202949767049,0.8510351419208279,0.7866156188741067,0.4566638321995465,0.0737561298700284,0.5613945578231293,0.3784722222222222,0.369047619047619,0.4702380952380953,0.5041666666666667,11.0,5.291502622129181,20,8,4,11,12
425,0.4647411946739469,0.0502827545903537,0.4698890326988129,0.5088526663326082,0.3716238481657846,0.4639012543928055,0.5094391717797234,0.8678305896625875,0.0281400072474847,0.8665069562793276,0.8370825324939026,0.9184021158790916,0.8704866323288583,0.8466747113317578,0.784925444925445,0.031496554688555,0.7765830069401497,0.7804421768707486,0.8440476190476192,0.7740929705215422,0.7494614512471657,0.7985637169261623,0.0264514366517138,0.7911199569167474,0.7601362571782085,0.8363958919837489,0.8184376817056905,0.7867287968464164,0.8164720592124544,0.0212692878809729,0.8115971232112242,0.7927291426566454,0.8505436141232925,0.8295357061040478,0.7979547099670621,0.4334882974168688,0.0524589951202881,0.4061192775478489,0.3570705088562231,0.5075568611282896,0.4732798286369715,0.4234150109150109,0.6364199787378311,0.0143076208057715,0.657738208770752,0.6462126331669944,0.6160394442932946,0.6307079153401511,0.6314016921179635,0.7556287757808694,0.0175021616353081,0.7529520429966859,0.745250777661492,0.7588031462585034,0.7345125443339731,0.7866253676536926,0.3408163265306123,0.0667349192476448,0.307312925170068,0.2894557823129252,0.4574829931972789,0.3717687074829932,0.2780612244897959,0.9477258421199308,0.0309764449352635,0.9627532123960696,0.9660355253212396,0.9089631664631664,0.9135647421361708,0.9873125642830076,0.8180718307243356,0.0239919851766437,0.8101334166536454,0.8042224513087177,0.8135858635116238,0.7976083101613736,0.8648091119863185,0.6208900226757369,0.0813605118282848,0.6952380952380953,0.7113945578231292,0.5543650793650795,0.5005952380952381,0.6428571428571429,0.6593187442847661,0.0376923305621483,0.7267785923821586,0.6698458279882159,0.639932176896504,0.6168074309825897,0.6432296931743622,0.7590108700510955,0.0323900226632253,0.7926518018790185,0.7010093131793443,0.7609775703679643,0.7859409678990961,0.7544746969300543,0.2756519274376417,0.0697796758464401,0.2496598639455782,0.1604024943310657,0.3071428571428571,0.3715986394557823,0.2894557823129252,0.9481706389641708,0.0147274822972063,0.9723279721555584,0.9334663680005296,0.9321123822355348,0.9498890272289288,0.9530574452003024,0.8103104091087964,0.0396518940702987,0.8161538764279687,0.7439949625846671,0.8371331251451046,0.8598755691505632,0.7943945122356786,0.5417765567765568,0.0802930778922935,0.5702380952380952,0.3910256410256409,0.5345238095238095,0.6178571428571429,0.5952380952380952,20.4,6.248199740725324,21,12,31,21,17
450,0.5040115863084793,0.027187850538811,0.5210391864890144,0.4540553426458722,0.5206362519945417,0.4963357313757851,0.5279914190371832,0.8434451252270616,0.0184731123651545,0.8304973778388187,0.8749529774629589,0.8256478171988052,0.8537608148506256,0.8323666387840997,0.7562294715866145,0.030262922235125,0.7677437641723357,0.7818310657596372,0.7047412904555762,0.7406462585034014,0.7861849790421219,0.7747782784602808,0.0263706579580654,0.7548192814487376,0.821174169711301,0.7793782142593451,0.7738083324368696,0.7447113944451509,0.7982716835538622,0.0210359110488573,0.7872456274843325,0.8392224233944794,0.7871113521015716,0.796419690169069,0.7813593246198588,0.4000377136091422,0.0170203633780106,0.3860304378161521,0.4307496736068164,0.3923709887995602,0.4057513914656772,0.385286076357505,0.6475603244134358,0.0098797059386951,0.6452942831175668,0.6367936623947961,0.6657816171646118,0.6482455687863486,0.6416864906038556,0.7474030281431759,0.034134883144854,0.7078692438513867,0.7511005000290715,0.7433998706320135,0.7258514303157161,0.8087940958876919,0.3282482993197279,0.0726032618379245,0.3723639455782313,0.411139455782313,0.2287414965986394,0.3747448979591836,0.2542517006802721,0.9321627570568456,0.0320440927856716,0.9158776673062388,0.9062089365660796,0.9548002790859934,0.9001857666143379,0.9837411357115792,0.8035397664419752,0.0264432613083564,0.796890541633739,0.7991781517753128,0.7808737446312587,0.7860840253327926,0.8546723688367732,0.5189625850340136,0.0493817344205992,0.4800170068027211,0.4714285714285715,0.5863945578231292,0.4855442176870748,0.5714285714285714,0.6670434662273952,0.0240306168425108,0.680625489779881,0.68744267310415,0.6869164322103772,0.625255652836391,0.6549770832061768,0.7509595258861698,0.0282110592688306,0.7759946166427077,0.7187457000384019,0.7399260256710997,0.7919031379129902,0.7282281491656493,0.2851247165532879,0.0578684390749357,0.2776360544217687,0.3523242630385487,0.1880952380952381,0.3358843537414966,0.2716836734693877,0.9437210814062388,0.028171180434756,0.9498099729134212,0.889395148215024,0.9636977691164884,0.967372381313268,0.9483301354729926,0.8126929875195303,0.0303129754421192,0.8117223755243358,0.7762783223370173,0.8213076151579305,0.8643564930788078,0.78980013149956,0.5105357142857143,0.1065678352728402,0.5071428571428572,0.500297619047619,0.3261904761904762,0.6488095238095237,0.5702380952380952,13.6,2.33238075793812,14,16,10,16,12
475,0.5183312854596547,0.0962898299136665,0.5151210931085405,0.4867317924896876,0.4658802949956485,0.7012302563303993,0.4226929903739974,0.7807433538860298,0.1594542936955303,0.8366067962414766,0.8501656298074606,0.8654649802700417,0.4636561061414577,0.8878232569697126,0.6993764172335603,0.1109667791458884,0.7160714285714287,0.7492063492063492,0.7959750566893428,0.4833333333333333,0.752295918367347,0.739321617992293,0.1435495300680292,0.7964587054491181,0.8121066476854656,0.8068344351155077,0.4529585094306476,0.8282497922807259,0.7595587536801591,0.122645962110633,0.8085839193732456,0.8277777264892945,0.8242050000424437,0.5146140940961756,0.8226130283996366,0.3774763633903347,0.1152942491571789,0.4011660297374583,0.4106611642325927,0.4423925281068138,0.1535307473863182,0.4796313474884905,0.6496815660170147,0.0293013982122612,0.6656460336276463,0.6504135685307639,0.6325484769684928,0.6931654598031726,0.6066342911549977,0.6899663578206809,0.0985717804248285,0.6901358688999666,0.7272160234989181,0.7596480498407191,0.5011318206994898,0.7717000261643118,0.2621598639455782,0.1457517522352715,0.2715986394557823,0.244812925170068,0.3794217687074829,0.0,0.4149659863945578,0.9520385458509648,0.0304269172011976,0.9366351011839734,0.9524873539159252,0.9077278284233172,1.0,0.9633424457316084,0.7922622914831972,0.0463033089869703,0.7848554233028892,0.7846051905394102,0.7926586070220024,0.7271435057357994,0.8720487308158847,0.4874716553287981,0.2519977358848684,0.5566326530612244,0.5912698412698412,0.5585034013605441,0.0,0.7309523809523809,0.6695108209337507,0.020151647874567,0.6867321303912571,0.6760351743016925,0.6478767820766994,0.6931637397834233,0.6437462781156812,0.7104686028701132,0.0743229295780766,0.7845137566889413,0.7072006135398993,0.7687863017296515,0.5738363986178026,0.718005943774271,0.2431009070294784,0.1267164858475093,0.3010204081632653,0.2409297052154194,0.325,0.0,0.3485544217687075,0.9518485808573056,0.029066909379174,0.9664302204819446,0.9291589558359744,0.9455506635309592,1.0,0.9181030644376508,0.8088406446675538,0.02661249741726,0.8295643150780292,0.7681900297755785,0.8443828170913702,0.8071165492133039,0.7949495121794873,0.4373717948717948,0.2250980955311151,0.6488095238095237,0.4981684981684981,0.5226190476190476,0.0,0.5172619047619047,14.4,9.221713506718803,14,13,14,1,30
500,0.5592415520123073,0.0902805155500563,0.5284984246605918,0.6268928959256127,0.4474437321935381,0.6965062774363018,0.496866429845492,0.7544665635288347,0.1332438461006031,0.8197259871543923,0.7194805508655447,0.8760319427471567,0.5097556570433526,0.8473386798337269,0.6701427540713256,0.1045983308761449,0.6678245035387894,0.6485544217687077,0.8117724867724869,0.4945672713529856,0.7279950869236586,0.7062944200205064,0.1040775213333949,0.778825200845314,0.6587448491988446,0.789772843460821,0.5220865606171167,0.7820426459804353,0.7334630076480074,0.0959355979879572,0.7864935025522061,0.7147898583930762,0.8176603118771321,0.5543097335565572,0.7940616318610658,0.3254504843210016,0.1014069678582576,0.3606457695743409,0.2612916611866192,0.4328076685219542,0.1608274755582134,0.4116798467638802,0.6656715371779033,0.0289647981103314,0.6882544159889221,0.6719395177704948,0.662774315902165,0.6933169662952423,0.6120724699326924,0.7050392226032377,0.0674339245061728,0.692589506619112,0.7141659905640169,0.7361121123550635,0.5883347242686998,0.7939937792092964,0.2260714285714285,0.1221530887380678,0.2203231292517007,0.3045068027210885,0.2500850340136054,0.0,0.3554421768707483,0.9601171838800824,0.0248983717467304,0.9606336124193268,0.9226498174618476,0.9657448107448108,1.0,0.9515576787744277,0.7885721139583639,0.041042307917421,0.7811767222313672,0.7827374977375546,0.7961256580877457,0.7271435057357994,0.8556771859993528,0.4684693877551019,0.2510292248142857,0.604251700680272,0.4202380952380952,0.625,0.0,0.6928571428571428,0.6848255225590297,0.0118162667365896,0.7015822912965503,0.6759491690567562,0.6847783710275378,0.6933157358850751,0.6685020455292293,0.7136383241172027,0.0504633535538711,0.7880437722171095,0.6743002503018031,0.7443401129977486,0.645090706707086,0.7164167783622669,0.2137414965986394,0.129660354697089,0.2068027210884353,0.248469387755102,0.2071428571428571,0.0,0.4062925170068027,0.9435084768740178,0.0499678468248988,0.9781416571933812,0.8926885824090794,0.9718239933757176,1.0,0.8748881513919107,0.7950011748897208,0.0316897926734225,0.8103687879315672,0.7444902161907475,0.8366960178360615,0.8071165492133039,0.7763343032769233,0.3595918367346938,0.1942354034237111,0.5809523809523809,0.3555272108843537,0.4404761904761905,0.0,0.4210034013605442,11.4,6.6211781428987395,13,7,19,1,17
525,0.6456350214424587,0.0547915233926967,0.6406195930072239,0.5474418380430767,0.6457801645710355,0.6931394097350893,0.7011941018558684,0.6316221549529888,0.12307891602568,0.7078508054046847,0.7984585552118101,0.6671617462136145,0.5241284054408967,0.4605112624939382,0.5867558235415379,0.0839581700567268,0.5838641517212947,0.7205404383975814,0.6124338624338624,0.555489417989418,0.4614512471655329,0.6128619086441022,0.110795044117817,0.6800291199100722,0.7756185855006924,0.6238126819298273,0.5173877326370724,0.4674614232428473,0.6554576162114432,0.0957036931881229,0.705052395860103,0.7976663835713003,0.6731229482665647,0.5714877999860623,0.529958553373186,0.242834909620728,0.073358254519371,0.2605642688515311,0.3671960314817458,0.2433106419478599,0.19351039799179,0.1495932078307133,0.6915414529187338,0.0146087171231693,0.7020627004759652,0.7053147596972329,0.6639508903026581,0.693162351846695,0.6932165622711182,0.6297712101444034,0.0731282844382703,0.608301042020497,0.7076508167932041,0.7039071446167311,0.5088417869115707,0.620155260380014,0.0910714285714285,0.1429513578212807,0.0119047619047619,0.0714285714285714,0.3720238095238095,0.0,0.0,0.972866557419189,0.0476934902013089,0.9972527472527472,0.9892762660619804,0.8778037737812175,1.0,1.0,0.7570222001240248,0.0284963445736876,0.7338877723156664,0.7507820180845008,0.7661811552708536,0.7271435057357994,0.8071165492133039,0.1700588697017268,0.1821555305796165,0.0714285714285714,0.3571428571428571,0.4217229199372057,0.0,0.0,0.6976450937134879,0.0112612144162809,0.7126164947237287,0.7078795347894941,0.6813518873282841,0.6931571023804801,0.6932204493454525,0.648455062974034,0.0802877689441344,0.7091566050602381,0.7189003362780537,0.7109309307277287,0.5732690503257005,0.5300183924784487,0.083985260770975,0.120377377870925,0.0191326530612244,0.0841269841269841,0.3166666666666667,0.0,0.0,0.9787496444046028,0.0261342778559964,0.9944973544973544,0.9664690899162948,0.932781777609364,1.0,1.0,0.7723762245703341,0.0400598883744574,0.7571484357555718,0.7350940588925864,0.8314474810120427,0.8071165492133039,0.7310745979781661,0.1636147186147186,0.1838436245546398,0.1071428571428571,0.2164502164502164,0.4944805194805194,0.0,0.0,5.0,3.521363372331802,6,10,7,1,1
550,0.6006545719646271,0.1107726891803595,0.6847714568887439,0.6907372233413515,0.4764341009514672,0.697079062461853,0.4542510161797206,0.6692851745036353,0.1607103017906782,0.5678386555063402,0.5495382665370582,0.8565087718542286,0.5006917537520057,0.8718484248685444,0.5977739984882843,0.1458902506787405,0.5126133786848072,0.4036375661375661,0.742091836734694,0.5396825396825398,0.7908446712018143,0.6589189147780786,0.1259493207717865,0.6001144506652236,0.613415700776145,0.8027657813011911,0.4774179772731304,0.8008806638747026,0.6875994460674109,0.1103962381928782,0.6327780593667911,0.626862641769776,0.8152334893616435,0.5439407709611811,0.8191822688776628,0.2849612287503178,0.1292059666183214,0.213829380413039,0.1479205136436449,0.4346716114573257,0.1809464943708641,0.4474381438667152,0.6784391884292875,0.017679999836665,0.6897818573883602,0.6931660260472979,0.6491406645093646,0.6933533080986568,0.6667540861027581,0.6234007192870866,0.1025605193576966,0.5407327011438854,0.5657959698161766,0.7223429739642145,0.5179760934119486,0.7701558580992078,0.2469557823129252,0.2112466193891424,0.521513605442177,0.0,0.3858843537414966,0.0,0.3273809523809524,0.8871366677187262,0.1773096149927615,0.5378508312906809,1.0,0.9166423919995348,1.0,0.9811901153034156,0.7403231555658328,0.0926810765785209,0.5842726094444576,0.730271897653642,0.7964117884571248,0.7271435057357994,0.8635159765381404,0.2864282250748416,0.2787238477712733,0.2046132960606645,0.0,0.5727659245516387,0.0,0.6547619047619048,0.6992558922086444,0.0249502695036804,0.6979121395519802,0.6931491068431309,0.6675321246896472,0.6933501958847046,0.7443358940737588,0.6387470317726952,0.059145982819501,0.5957606290010846,0.5904878046958791,0.7298984153048194,0.5887647963694762,0.6888235134922164,0.2459863945578231,0.2278034872998044,0.593452380952381,0.0,0.3785714285714285,0.0,0.2579081632653061,0.8814326438596597,0.1638852338075589,0.5609982236336917,1.0,0.9268090967598356,1.0,0.9193558989047712,0.7489581753125225,0.0788026876966016,0.6151485581963515,0.7133635839150162,0.838545154930228,0.8071165492133039,0.7706170303077131,0.2321953676575525,0.2115165445441398,0.2216911240020483,0.0,0.5083333333333334,0.0,0.4309523809523809,8.8,8.565045242145542,3,2,16,1,22
575,0.5331478500650042,0.0852944358803605,0.6908263251894996,0.4759779281559445,0.4738301599309558,0.4685190759953998,0.5565857610532216,0.7835440172351114,0.1246162727624278,0.5396669146947075,0.8683232202144173,0.8572822185700568,0.8570626520566679,0.7953850806397078,0.6787603930461075,0.1052279150870871,0.48354119425548,0.7448696145124717,0.7463907785336358,0.7661564625850341,0.6528439153439154,0.7556632993832222,0.0744293185590146,0.6084454839325676,0.7994198746573308,0.7982043990214907,0.8010484713267196,0.771198267978002,0.7674399836232406,0.0741353556929331,0.6222246329170049,0.8185892567572643,0.8088851135613399,0.8121124798666616,0.7753884350139325,0.3707316223968869,0.0923876392014929,0.1908928679691904,0.3978056335199192,0.4394883555597841,0.4386801690373118,0.3867910858982287,0.6898890129157476,0.0282263518402865,0.6995823723929269,0.7117478549480438,0.6608374161379678,0.7244489235537392,0.6528284975460598,0.6577656321409077,0.0808781819730556,0.5070803850667572,0.6803063978627888,0.6863512126623029,0.6644222984965467,0.7506678666161426,0.2214285714285714,0.1202307462465622,0.0,0.2710034013605442,0.3550170068027211,0.207312925170068,0.2738095238095238,0.9389578830027366,0.0413847294768484,1.0,0.9222102570222872,0.8733066870472886,0.9465766446029604,0.9526958263411466,0.7751543240679175,0.0342081218256818,0.730271897653642,0.7737870101734444,0.7648366515737347,0.7708168273586854,0.8360592335800806,0.3509255823541538,0.1808918217128225,0.0,0.4642857142857142,0.3592197485054628,0.4906462585034013,0.4404761904761905,0.6779404597623009,0.0187803963737016,0.7020629048347473,0.6982191928795406,0.6579460161072868,0.6597048895699638,0.6717692954199654,0.6866142321815999,0.0625046043325059,0.5880795069280291,0.7038620606303061,0.7130277346718235,0.7745667550839964,0.6535351035938443,0.1937358276643991,0.1098589054349129,0.0,0.255328798185941,0.3226190476190476,0.1607142857142856,0.230017006802721,0.9417739156603954,0.0381186512497427,1.0,0.9129627049968664,0.9191618999500772,0.9738009527418392,0.9029440206131936,0.78458156002271,0.0365200444749459,0.7502494431013706,0.7606040426780236,0.8276021772548366,0.8306142315849288,0.7538379054943906,0.3217687074829932,0.168802990644741,0.0,0.4540816326530612,0.4494047619047619,0.3928571428571428,0.3125,15.4,8.616263691415208,3,19,15,29,11
600,0.6218759980939683,0.0818415467499688,0.5741278380155563,0.6862020095189413,0.4828720717203049,0.694409544978823,0.6717685262362162,0.6691757546568283,0.1306809378254939,0.7692843921165368,0.5754719208257201,0.8639534091506358,0.5037390771513831,0.6334299740398657,0.6290797430083146,0.0926868291180019,0.676256613756614,0.5720238095238094,0.7617063492063494,0.4891250944822374,0.6462868480725625,0.6227851412512871,0.11752807230675,0.7261879456798184,0.5293496167783736,0.7980421227086835,0.5003998796552233,0.5599461414343373,0.673117044510193,0.0964170101030214,0.7610050344582736,0.6034105639256727,0.8115866496958899,0.5597608608609791,0.6298221136101495,0.2666179637315196,0.104215378895312,0.3259305897961361,0.1784235625096969,0.4392839303553589,0.156927038083053,0.2325246979133533,0.6886076561042241,0.015799369424267,0.6672788475240979,0.693150384085519,0.6763210935252053,0.6931695852960859,0.7131183700902122,0.605169266029585,0.087786620734998,0.6762642163253066,0.5074838227857495,0.6927572489297112,0.4898073533000694,0.6595336888070878,0.1024149659863945,0.1267271419200971,0.2846088435374149,0.0,0.2274659863945578,0.0,0.0,0.9785812501338818,0.0270638547023555,0.9359283969998256,1.0,0.9569778536695832,1.0,1.0,0.7630016774113295,0.0304984222364275,0.7801440356212331,0.730271897653642,0.7703323988326692,0.7271435057357994,0.8071165492133039,0.1834126984126984,0.2247111748866122,0.4492063492063492,0.0,0.4678571428571428,0.0,0.0,0.6967982760497502,0.0143430890368966,0.6795324470315661,0.6931496092251369,0.6948827590261187,0.6931646040507725,0.7232619609151568,0.6383494984024957,0.0929973415665638,0.786617141809568,0.5219158869799397,0.694330176072787,0.5755622620400945,0.613322025110089,0.0794727891156462,0.1043314551054049,0.258078231292517,0.0,0.1392857142857143,0.0,0.0,0.9872082298289196,0.0162426536860494,0.9747991663508904,1.0,0.961241982793707,1.0,1.0,0.7781919088227701,0.0463082738993999,0.8225877842069644,0.7133635839150162,0.8168170288003996,0.8071165492133039,0.7310745979781661,0.2047619047619047,0.260782226416051,0.625,0.0,0.3988095238095238,0.0,0.0,7.6,6.8,13,1,18,1,5
625,0.6402795956248328,0.0675822671566448,0.6950241611117408,0.6968830057552883,0.692974118959336,0.5724748358840034,0.5440418564137959,0.6227626713062453,0.134879100571015,0.5202593488085556,0.477277008408114,0.5452100839613909,0.7735796292702057,0.7974872860829608,0.5516398680684395,0.1122880443915025,0.430017006802721,0.4806689342403628,0.4748015873015873,0.7088624338624337,0.6638493781350926,0.616548136818451,0.1021180501270339,0.5764919449144846,0.4828516915223951,0.5643640577227039,0.6825358350212067,0.7764971549114648,0.6458624737020009,0.0937480485293193,0.5941237611541025,0.5562550571749609,0.5642322759489298,0.7280727513107399,0.7866285229212716,0.2367289958411733,0.10052368009325,0.1615362673103224,0.1487155557882898,0.1570263879547719,0.3329852026280598,0.3833815655244227,0.6875242275851113,0.008738210971669,0.6931164051805224,0.6931473868233817,0.6931469397885459,0.6876349874905178,0.6705754186425891,0.5830321831852168,0.1000325340336175,0.4992879644547878,0.5014223172399864,0.5178385065227171,0.6457088950627484,0.7509032326458435,0.0303571428571428,0.037191665123365,0.0,0.0,0.0,0.0744047619047618,0.0773809523809523,0.989620181827986,0.0135457723189059,1.0,1.0,1.0,0.9666550151324588,0.9814458940074704,0.7482292053937543,0.0339043160519011,0.730271897653642,0.730271897653642,0.730271897653642,0.7343667204943569,0.8159636135134883,0.0861904761904761,0.106526268145414,0.0,0.0,0.0,0.1928571428571428,0.238095238095238,0.6877061784267425,0.0068230323111603,0.6933639901024955,0.6931464842387608,0.6931459648268563,0.680989431483405,0.6778850214821952,0.6053320645846524,0.0660577186840442,0.5687455089610263,0.5262845612088625,0.5656000261141887,0.7000896578790669,0.6659405687601175,0.0398979591836734,0.0488733731095187,0.0,0.0,0.0,0.1011904761904761,0.0982993197278911,0.9895239508712416,0.0088915810769349,0.9863573463573464,1.0,1.0,0.9825826882477128,0.9786797197511484,0.7654695058662169,0.0376147252872697,0.7446292569174505,0.7133635839150162,0.7942022010091705,0.8201493248402905,0.7550031626491566,0.1404761904761904,0.1740539703094958,0.0,0.0,0.0,0.3095238095238096,0.3928571428571428,6.0,5.761944116355173,2,1,1,12,14
650,0.6194239901644844,0.0683712461213713,0.510073164389247,0.6912320752938589,0.6596782718385968,0.5699275462400346,0.6662088930606842,0.6875211933815614,0.1084346166335667,0.8442452615666405,0.5432591749498762,0.6508962967906933,0.7763589268924995,0.622846306708097,0.6434977324263038,0.110810908507887,0.8120748299319729,0.4949546485260772,0.5710789871504157,0.7160336356764928,0.6233465608465609,0.63012342337294,0.0795559309854751,0.7245999128222762,0.5337488605055745,0.618806409416863,0.7180220283036732,0.5554399058163133,0.679251509038321,0.0675117637806152,0.7685475986838604,0.5993789661146277,0.6564597865629344,0.7484934094962657,0.6233777843339169,0.2684688972305071,0.0720747479132022,0.3563429295572153,0.1615819559124513,0.2528373227179065,0.3404844494130208,0.2310978285519417,0.7124282973153251,0.0340012462134629,0.6895310836178916,0.6931472846439907,0.6914727176938739,0.7089787125587463,0.7790116880621228,0.581201450487667,0.0491404200424162,0.6102797257566995,0.4841310866451843,0.5914756566706755,0.6142116863052013,0.6059090970605748,0.1193707482993197,0.1137332319280347,0.304421768707483,0.0,0.1619047619047619,0.1305272108843537,0.0,0.9506532846156908,0.0555905998677568,0.8478456137290725,1.0,0.9513881621024478,0.9540326472469328,1.0,0.7574483961278136,0.0264063871815665,0.7423824697746962,0.730271897653642,0.7573718806284369,0.750099183368989,0.8071165492133039,0.2351587301587301,0.1955971018534384,0.3246031746031746,0.0,0.4345238095238096,0.4166666666666666,0.0,0.7130954342229026,0.0416581717095687,0.7028487622737885,0.6931457349232265,0.6977575591632298,0.6771169304847717,0.7946081842694964,0.629169660590611,0.0906659849752703,0.7638852305216222,0.5297387161808745,0.6058087529146643,0.7021064301051986,0.5443091732306958,0.1355952380952381,0.1664754004557913,0.4529761904761904,0.0,0.1119047619047619,0.1130952380952381,0.0,0.9603534728362314,0.0452188102783723,0.8762786629535398,1.0,0.962786378919384,0.9627023223082336,1.0,0.7731389564074606,0.0420600940306498,0.8075318713763302,0.7133635839150162,0.802100901819152,0.8116238269486383,0.7310745979781661,0.1757482993197279,0.1717937477538667,0.463265306122449,0.0,0.1845238095238095,0.2309523809523809,0.0,9.4,7.2,22,1,6,12,6
675,0.627396862421717,0.0640686432878149,0.6853377960977101,0.6942039415949867,0.5366562931310563,0.566282407158897,0.6545038741259348,0.6701780715239748,0.114816597018935,0.5648589819772207,0.5203761089069006,0.8063894942421305,0.7877629751070582,0.6715027973865642,0.6146528471528472,0.0952455322736119,0.5415343915343915,0.4750850340136053,0.689632721775579,0.7356096284667715,0.6314024599738886,0.6223738119242532,0.0966817578771165,0.5214850930820307,0.5182767644826015,0.7563456253726687,0.709126008158259,0.6066355685257062,0.6646698663293478,0.0828178469992535,0.5778105757347215,0.5681231376517466,0.7684877209677814,0.7461945537844158,0.6627333435080737,0.2575561214143723,0.0883651018901374,0.1710289373795566,0.1468917657462669,0.370850974422403,0.3379320084677227,0.2610769210559126,0.7354216941765377,0.0766425931431586,0.693157502583095,0.6931473399911608,0.7110623291560582,0.6917016719068799,0.8880396272454943,0.5746437689564634,0.0645443821168689,0.4904934248778234,0.5036620196324144,0.6460038871599022,0.6091453546105802,0.6239141585015969,0.0653231292517006,0.0832421478066029,0.0,0.0,0.1269557823129251,0.1996598639455782,0.0,0.9670045060759346,0.0431699112078448,1.0,1.0,0.9415210186638758,0.8935015117157974,1.0,0.750778169985246,0.0288242327612969,0.730271897653642,0.730271897653642,0.7464102477644479,0.7398202576411949,0.8071165492133039,0.1433673469387755,0.1757170641943502,0.0,0.0,0.369047619047619,0.3477891156462585,0.0,0.7337847343512943,0.0857139462308328,0.6931578048637935,0.6931457434381757,0.7140715845993587,0.6660682346139636,0.9024803042411804,0.6003503390430047,0.0706812285282958,0.5536566417754841,0.5281424231967711,0.6497152375539075,0.7149006658366263,0.5553367268522343,0.0669047619047619,0.0952511895760166,0.0,0.0,0.0904761904761904,0.244047619047619,0.0,0.9852772615087886,0.0200181631220503,1.0,1.0,0.9769398180728232,0.94944648947112,1.0,0.7661765935317465,0.0445742336687725,0.7502494431013706,0.7133635839150162,0.806528818786551,0.8296665238776286,0.7310745979781661,0.1283673469387755,0.1664065163879603,0.0,0.0,0.2346938775510204,0.4071428571428571,0.0,7.2,5.878775382679628,1,1,15,13,6
700,0.6386641053926377,0.0447575493282859,0.6127583256789616,0.5882419432912555,0.6072908895356315,0.689461906750997,0.6955674617063432,0.6611467846393803,0.1123831268032749,0.738597577873587,0.7704762787514715,0.7450954659168316,0.5532031316490424,0.4983614690059681,0.6103275956847386,0.1012620715690359,0.6956916099773244,0.6932874665017523,0.6888588263588264,0.5021447467876037,0.471655328798186,0.6304007528041435,0.0730074950698906,0.6976631213871523,0.6880362847359708,0.6818256020538062,0.5597753374170524,0.5247034184267354,0.6655958579995114,0.0855724016082682,0.7343743786208493,0.734833096376901,0.7302261325116967,0.5987628374434826,0.5297828450446274,0.2477771013399994,0.067255205106712,0.3110560813291905,0.2849430292707603,0.3080219383790812,0.186016363289309,0.148848094431656,0.7279151303427561,0.0447239157605152,0.8105648415429252,0.7026026121207646,0.7397171812398093,0.6932059781891959,0.693485038621085,0.5491364871960542,0.0491536541237525,0.5775957072550117,0.6010393428626513,0.5864367066552216,0.4788366711956937,0.5017740080116927,0.0594557823129251,0.0827134273271661,0.0119047619047619,0.2169217687074829,0.0684523809523809,0.0,0.0,0.96800455962862,0.0419898164375754,0.9840025582882728,0.8873083961429826,0.9687118437118436,1.0,1.0,0.7480598413461801,0.0299545145157008,0.7282157323593843,0.7388356387365839,0.7389877806858293,0.7271435057357994,0.8071165492133039,0.1254761904761904,0.1276234896170795,0.0714285714285714,0.294047619047619,0.2619047619047619,0.0,0.0,0.7217208155563899,0.0404101902304895,0.7822069355419704,0.6818466569696154,0.7578597749982562,0.6932035088539124,0.6934872014181954,0.5892040131303211,0.0731426367729765,0.6919234998376008,0.6393553088273585,0.5957006697462363,0.5312180389397138,0.4878225483006969,0.0472165532879818,0.0851896655542222,0.0191326530612244,0.2169501133786847,0.0,0.0,0.0,0.9700655032362036,0.0476697261786469,0.9972527472527472,0.8763311831945373,0.9767435857337337,1.0,1.0,0.7617061685870352,0.0305404461116952,0.7587094441685632,0.7276654425820043,0.7839648089931386,0.8071165492133039,0.7310745979781661,0.0836394557823129,0.1106729966793763,0.1428571428571428,0.2753401360544217,0.0,0.0,0.0,7.4,5.238320341483518,12,12,11,1,1
725,0.6601775071450642,0.0574942851512653,0.6730214286418188,0.6882624214603787,0.5464995567287717,0.6949177228269123,0.6981864060674395,0.58903692004321,0.1116663992422393,0.5946447962614728,0.5587476796392953,0.7992457694346035,0.4964359547018217,0.4961104001788571,0.5442166563595136,0.0766755828634933,0.5446806500377929,0.5290532879818596,0.6883786848072562,0.4806259877688448,0.4783446712018139,0.5691463468906602,0.0819468833548634,0.5696055206611277,0.5517664187928767,0.7234827873579928,0.5029795136445382,0.4978974939967659,0.6205864925521276,0.0712470373411594,0.6234860092902227,0.610835723833515,0.7526428779452727,0.5582714341106046,0.5576964175810231,0.2097980214864337,0.0678156989091492,0.2093638523785582,0.1676729377801912,0.3411538197252483,0.1688184431135559,0.1619810544346148,0.7025202734129771,0.010725113910412,0.7100120612553188,0.6961417198181152,0.7199986108711788,0.6933018224579948,0.6931471526622772,0.539527912032117,0.0392625973490151,0.5506027670289887,0.5200391097172112,0.6113862083857384,0.5039923101213045,0.5116191649073423,0.0135714285714285,0.0271428571428571,0.0,0.0,0.0678571428571428,0.0,0.0,0.9941709983138556,0.011658003372289,1.0,1.0,0.9708549915692772,1.0,1.0,0.7469986037853938,0.030378696758258,0.730271897653642,0.730271897653642,0.7401891686705817,0.7271435057357994,0.8071165492133039,0.0428571428571428,0.0857142857142857,0.0,0.0,0.2142857142857142,0.0,0.0,0.7057078770228795,0.016228784622484,0.7137799603598458,0.6941917240619659,0.7341215269906181,0.6932988081659589,0.6931473655360085,0.5733591761825088,0.0500996431302676,0.6513971473130955,0.5335447422947422,0.6044996225722828,0.5660573652537939,0.5112970034786294,0.0088095238095238,0.0176190476190476,0.0,0.0,0.044047619047619,0.0,0.0,0.9969009826152684,0.0061980347694632,1.0,1.0,0.9845049130763418,1.0,1.0,0.7602401184468963,0.0370903389738227,0.7502494431013706,0.7133635839150162,0.7993964180266244,0.8071165492133039,0.7310745979781661,0.025,0.05,0.0,0.0,0.125,0.0,0.0,5.4,5.607138307550475,6,3,16,1,1
750,0.6293926133995964,0.0500398966728189,0.5746730551833198,0.6917944011234102,0.6547097521168845,0.6600432552042461,0.5657426033701215,0.6827033671387842,0.086941022065665,0.7721892337783673,0.5468074861770166,0.6663380273808274,0.6467111550680704,0.7814709332896393,0.6061300075585792,0.0837212962921143,0.7028911564625852,0.4875377928949357,0.5679894179894183,0.5714380196523055,0.7007936507936507,0.6566756832482372,0.0462568547252879,0.6860061856530154,0.6138083718991192,0.6373294018683666,0.6135955060146536,0.7326389508060308,0.6907793742217827,0.0447515914414585,0.7267679765516087,0.6368685201200993,0.6793117748936192,0.65424648756545,0.7567021119781366,0.263499120991381,0.0544337028850752,0.2875152333660736,0.2004913608186496,0.2456438275019655,0.227371101796135,0.3564740814740815,0.7291719462190356,0.0509893213094977,0.8301375678607396,0.6977140051977975,0.7158553046839577,0.6956062231745038,0.7065466301781791,0.5529080801992878,0.058787396068594,0.5605006678784875,0.4659327538932801,0.5356527479412818,0.5528007279722505,0.6496535033111387,0.1103401360544217,0.091958734158344,0.0327380952380952,0.0178571428571428,0.1173469387755102,0.2766156462585034,0.1071428571428571,0.924230213285308,0.0831432878302047,0.976419413919414,0.9917501017501016,0.9158718530147104,0.766055997747727,0.9710536999945868,0.7394889984376901,0.0430627607469088,0.7335556706029579,0.7314624993980463,0.7310845494745023,0.684144214849252,0.8171980578636918,0.2101569858712715,0.0898832041382352,0.1785714285714285,0.0714285714285714,0.3494897959183673,0.2370094191522763,0.2142857142857142,0.7380463123321533,0.0591292967343053,0.8441885241440364,0.6940577626228333,0.7148529418877193,0.6799441363130297,0.757188196693148,0.5872207974681745,0.0557321812518883,0.6831863570656677,0.5165179535210591,0.5727432153232647,0.6047884074054026,0.5588680540254789,0.1094727891156462,0.1275366840015686,0.010204081632653,0.0,0.0499999999999999,0.3435374149659864,0.1436224489795918,0.9322995800634482,0.0623964842699933,0.9915384615384616,0.9912900143334926,0.9374041393745828,0.8214096248579007,0.9198556602128032,0.7510967572551202,0.0237330434174183,0.7508368191084382,0.7100149158074681,0.7765777586170775,0.7723207145758727,0.7457335781667441,0.1416666666666666,0.1428521217128597,0.0238095238095238,0.0,0.0816326530612244,0.2195578231292516,0.3833333333333333,11.6,6.56048778674269,21,3,10,7,17
775,0.6734455341384524,0.0243107073223933,0.6892868819690886,0.6249969559056419,0.6853631976104918,0.684414667742593,0.683165967464447,0.5988972249246967,0.0622265874756894,0.5439708570968163,0.7196186009432786,0.5884355778213983,0.5631730029123995,0.5792880858495905,0.5455412973270117,0.0693134244281466,0.5356198034769465,0.6737622826908543,0.497223940081083,0.4738121005978148,0.54728835978836,0.6041730330826681,0.0369089329210424,0.5487573759198662,0.6574691132927223,0.6192299250543342,0.6148738596439746,0.5805348915024433,0.6414522849374066,0.0336998201959866,0.6063108336549016,0.7055769270393955,0.6363684244213996,0.6326699097184623,0.6263353298528742,0.2160731671517828,0.0249302321579872,0.1839578333275812,0.2562502195905557,0.2264445974889362,0.1972509924715806,0.21646219288026,0.7189433991909027,0.0324102442465278,0.6952438482216426,0.765594265290669,0.6940791734627315,0.7506739369460514,0.689125772033419,0.5357837795300849,0.0392665929721199,0.5253517550744994,0.5265555247627616,0.4990319089849165,0.516170018108458,0.6118096907197892,0.0154761904761904,0.0133630620956212,0.0178571428571428,0.0297619047619047,0.0,0.0,0.0297619047619047,0.9935573920697074,0.0081212877743982,0.9973544973544972,0.9783900226757368,1.0,1.0,0.9920424403183024,0.7467263100737742,0.0327717777207239,0.7337048663992933,0.7303730089904331,0.730271897653642,0.7271435057357994,0.8121382715897034,0.0619047619047619,0.0555328751890028,0.0714285714285714,0.1428571428571428,0.0,0.0,0.0952380952380952,0.7124686104910715,0.0190967803191165,0.6987220006329673,0.7312139272689819,0.6936862809317452,0.7397970174040113,0.6989238262176514,0.5674411326487823,0.0256858805479054,0.5654058043420729,0.5864219570256061,0.5842271302862435,0.5828533309875674,0.5182974406024218,0.0068253968253968,0.0085419835219515,0.0142857142857142,0.0198412698412698,0.0,0.0,0.0,0.9916637114897984,0.0070553228476165,0.983821733821734,0.985078834209269,1.0,1.0,0.9894179894179894,0.7583049637472823,0.036346974529914,0.7480890719702364,0.7157969660319663,0.7942022010091705,0.8071165492133039,0.7263200305117342,0.025,0.0311349924538619,0.0714285714285714,0.0535714285714285,0.0,0.0,0.0,4.6,2.4166091947189146,3,9,2,5,4
800,0.6941841602325439,0.0060951522841785,0.6961900747957683,0.7011261639140901,0.6829867036569686,0.6936317213944027,0.69698613740149,0.5202189726364095,0.0299962661453185,0.5166821010453572,0.506568276888987,0.5788376416344351,0.5011786099753947,0.4978282336378735,0.4831574245859961,0.0582698248797629,0.5076427540713255,0.394812925170068,0.5735544217687076,0.46494708994709,0.4748299319727891,0.5311135071188093,0.0327468688811234,0.4885960150428434,0.579763387611294,0.5570098989218,0.5164582736659198,0.5137399603521899,0.5761156733977579,0.0219587606575209,0.5592831850800853,0.5839304533930613,0.6155662038000408,0.5560459274303216,0.5657525972852809,0.1693041963122176,0.0185239287062625,0.154456645115277,0.1506389663775486,0.2027963893814181,0.1728579265284615,0.1657710541583828,0.6931974726063864,0.0020261471219458,0.6903064463819776,0.6932085028716496,0.6966435313224792,0.6931719992841993,0.6926568831716265,0.5222566033560491,0.0344286629918357,0.5489420992193549,0.4629095436813951,0.5282460816647847,0.5100887143262613,0.5610965778884497,0.0726870748299319,0.1310012983994106,0.3336734693877551,0.0,0.0297619047619047,0.0,0.0,0.93669386378033,0.1185751615752737,0.6998846628169938,1.0,0.983584656084656,1.0,1.0,0.7307991084974296,0.0475508023331394,0.6568787986394081,0.730271897653642,0.7325847912449946,0.7271435057357994,0.8071165492133039,0.0685426478283621,0.0858605260068189,0.1998560962846677,0.0,0.1428571428571428,0.0,0.0,0.6944389147417886,0.0017787025945154,0.6976912319660187,0.6932058930397034,0.6950200923851558,0.6931703558989933,0.6931070004190717,0.5565592352906007,0.0291510288940111,0.5786111825366752,0.5884744816877969,0.5548084441557348,0.5566969811797398,0.5042050868930568,0.0786394557823129,0.1502379681779351,0.3789115646258504,0.0,0.0142857142857142,0.0,0.0,0.9302195576727595,0.1254200574829324,0.6804090855322381,1.0,0.97068870283156,1.0,1.0,0.7396541074425012,0.0517751472312596,0.6618915865072459,0.7133635839150162,0.7848242195987739,0.8071165492133039,0.7310745979781661,0.0425143903715332,0.0764138304913646,0.1947148090005233,0.0,0.0178571428571428,0.0,0.0,2.6,1.624807680927192,5,1,4,1,2
825,0.6726430180526914,0.0244281123112404,0.67686413867133,0.6955971618493398,0.6776433203901563,0.6257630586624146,0.6873474106902168,0.6000514296174028,0.0622615731928378,0.5960930585769363,0.5324620798726214,0.6031149721945396,0.7131734970317909,0.5554135404111258,0.5658219954648527,0.103673004070647,0.5828798185941043,0.4204459561602418,0.5176303854875284,0.7389739229024944,0.5691798941798942,0.5721075180739132,0.0304103400195782,0.5562813088902926,0.5813942573010935,0.5838443500051981,0.6149839509863069,0.5240337231866754,0.6264654265306663,0.0321997199784236,0.6204976270317959,0.604860741395151,0.63153200056204,0.6846374856403773,0.5907992780239674,0.2136050296289128,0.0410124785222155,0.2080730553170845,0.1653777581657944,0.2053736976531094,0.2896806569517759,0.1995199800568,0.7179323988301414,0.0291000893851283,0.7423005742686135,0.6933318631989616,0.6938012412616185,0.7629469037055969,0.6972814117159162,0.5175864531201906,0.0332722289893238,0.5016599697121313,0.4719713460620415,0.5054478314605195,0.5414057627661951,0.567447355600065,0.0288775510204081,0.0380116916721793,0.0,0.0,0.0942176870748299,0.0501700680272108,0.0,0.9825713413570556,0.0224805057861791,0.9973544973544972,1.0,0.9424422931565788,0.9730599162742022,1.0,0.7461550835878633,0.0305023224539204,0.7291447372628931,0.730271897653642,0.7318699546361283,0.7323722791733489,0.8071165492133039,0.0719047619047619,0.0888851331406104,0.0,0.0,0.1988095238095238,0.1607142857142857,0.0,0.7103811655725752,0.019498563562319,0.7253858532224383,0.6931826514857156,0.6941637354237693,0.7413531456674848,0.6978204420634678,0.5585620964094201,0.0504678546026045,0.6001474981755154,0.5299848626614931,0.6067724967971273,0.5826836012919756,0.4732220231209892,0.0338095238095238,0.0416537394912562,0.0,0.0,0.0916666666666666,0.0773809523809523,0.0,0.9905612495513976,0.0135555905940757,1.0,1.0,0.9652094849139184,0.987596762843068,1.0,0.7639428191549502,0.0414389736943348,0.7502494431013706,0.7133635839150162,0.8079479046704093,0.817078566109789,0.7310745979781661,0.0904761904761904,0.1170305307375667,0.0,0.0,0.2857142857142857,0.1666666666666666,0.0,6.6,4.8,8,2,6,15,2
850,0.6449828576473963,0.0457512157516457,0.6733923256397247,0.6939202674797603,0.5771240201734361,0.604085915854999,0.6763917590890612,0.6475575879801994,0.0907772771308576,0.6188992599521989,0.5120650040754721,0.7588578475414968,0.7381650248022418,0.6098008035295871,0.5826776266061982,0.0796868702696121,0.4901549508692365,0.5109126984126986,0.6763794406651551,0.6761432350718065,0.5597978080120937,0.6203287595110301,0.0721387088063343,0.6380748735721999,0.507655751929151,0.6925705644883556,0.6930457705091817,0.5702968370562613,0.6622945478067885,0.0576202279272187,0.6628656526218285,0.5754795015074874,0.7275706587203404,0.7206453581859569,0.6249115679983294,0.2451871839114883,0.0639725896206096,0.2262094484258349,0.1522068084389008,0.3217173291227914,0.3127635922278778,0.2130387413420363,0.7676446497440338,0.0564487850314025,0.7783062670912061,0.6936008163860866,0.8141091465950012,0.8394837634904044,0.7127232551574707,0.526298993838038,0.0338997332835044,0.5272354373035765,0.4652880479395987,0.5515578208341366,0.523975217729917,0.5634384453829618,0.0438775510204081,0.0629449316276042,0.0,0.0,0.1675170068027211,0.0221088435374149,0.0297619047619047,0.9760190127332986,0.0426668538508455,1.0,1.0,0.8908878423164139,0.9919544740973312,0.9972527472527472,0.7481802735658702,0.0311861561468971,0.7302718976536419,0.7302718976536419,0.7366992191961224,0.7332863045876294,0.8103720487383156,0.1049319727891156,0.1022469573117614,0.0,0.0,0.2746598639455782,0.1428571428571428,0.1071428571428571,0.7623937777110509,0.0463803195084468,0.7714379600116185,0.6935994667666299,0.8186422160693577,0.8013682578291211,0.726920987878527,0.5670716122775028,0.0431567232165553,0.6149720206016388,0.517042323474777,0.57918583879175,0.6085468146493554,0.5156110638699924,0.0276190476190476,0.04094545899419,0.0,0.0,0.1083333333333333,0.0119047619047619,0.0178571428571428,0.9812801375781672,0.0294626170924493,1.0,1.0,0.9229250497723404,0.9945054945054944,0.9889701436130008,0.7571689502964741,0.0351022992208688,0.7502494431013706,0.7133635839150162,0.78475272499405,0.808522960458295,0.7289560390136385,0.0489285714285714,0.0641625804865567,0.0,0.0,0.1732142857142857,0.0357142857142857,0.0357142857142857,9.6,6.151422599691879,8,1,18,15,6
875,0.6827508846918742,0.0141850873962593,0.6901291949408395,0.7003457432701474,0.6701682720865522,0.6908205974669683,0.6622906156948635,0.5701336592609553,0.0690264452458096,0.5500082814988755,0.4646243102766629,0.6352877298793397,0.5446425358714528,0.6561054387784453,0.4816836734693878,0.0633255866173176,0.4542611489040059,0.4267290249433106,0.5472565793994367,0.4131519274376416,0.567019686662544,0.5986113218629251,0.068241033617482,0.600267460157515,0.4665334535040754,0.6355102704892845,0.6382278015267324,0.652517623637018,0.6150953002734487,0.0589277238148509,0.6225293043406965,0.5012495679807453,0.6579731554770358,0.6312180523245952,0.6625064212441708,0.1940292860706486,0.0472590950929587,0.1805417955082157,0.1202293598799064,0.2313221682776083,0.180958961930276,0.2570941447572363,0.7120061789240155,0.0218808256760905,0.7006854627813611,0.6932047520365033,0.7498656766755241,0.6931554206780025,0.7231195824486869,0.5041066119996636,0.0426377400935155,0.5076664101875566,0.4382641748219756,0.5410292051480962,0.4776896922174177,0.5558835776232717,0.0035714285714285,0.0071428571428571,0.0,0.0,0.0,0.0,0.0178571428571428,0.9994505494505496,0.001098901098901,1.0,1.0,1.0,1.0,0.9972527472527472,0.7448147904823537,0.0306739204941432,0.7302718976536419,0.7302718976536419,0.7302718976536419,0.7271435057357992,0.8061147537150434,0.0142857142857142,0.0285714285714285,0.0,0.0,0.0,0.0,0.0714285714285714,0.7155029961041042,0.0222933748703479,0.7074221755777087,0.6932031852858407,0.7459040369306292,0.6931526022297996,0.7378329804965428,0.5354544288454608,0.0464937817169699,0.5718832747142476,0.4761765221421665,0.6040696156151821,0.5228697798398991,0.502272951915809,0.0,0.0,0.0,0.0,0.0,0.0,0.0,0.9983923483923484,0.0032153032153032,1.0,1.0,1.0,1.0,0.991961741961742,0.7580786499647589,0.036705173638899,0.7502494431013706,0.7133635839150162,0.7942022010091705,0.8065126622373732,0.726065359560864,0.0,0.0,0.0,0.0,0.0,0.0,0.0,4.0,2.6832815729997477,4,1,7,1,7
900,0.6757695544333685,0.0392157781950367,0.6918394849413917,0.5974608361721039,0.696996210586457,0.6943625240098863,0.6981887164570036,0.5632238781877202,0.090498860507443,0.535995551758251,0.7425720891153353,0.5061207422530873,0.5272955914548986,0.5041354163570289,0.5152569916855632,0.0928018820690159,0.5329081632653062,0.6624716553287984,0.4455215419501134,0.5441421012849584,0.3912414965986394,0.5677199222141016,0.0612997040249521,0.5184032350793613,0.6775546406291303,0.5554974428716187,0.5049920451650234,0.5821522473253748,0.6019076120737259,0.0634950800795549,0.5657785763144445,0.7269984952019769,0.5575539967863591,0.5685830756448118,0.5906239164210365,0.186946872854553,0.041122009059527,0.1644864352474338,0.2665852144235601,0.1523362203897702,0.1844900176363024,0.1668364765756983,0.7024472262178149,0.0132218135697338,0.6931723441396441,0.7272205523082188,0.6934634574822017,0.693172744342259,0.7052070328167507,0.5191336817674159,0.0398353815571637,0.5329622648654603,0.5340706170569892,0.5170339338501934,0.4459676712002841,0.5656339218641527,0.0183673469387755,0.036734693877551,0.0,0.0918367346938775,0.0,0.0,0.0,0.9901922204779348,0.0196155590441304,1.0,0.950961102389674,1.0,1.0,1.0,0.7464726870165009,0.0285573883879022,0.7302718976536419,0.7419980110596033,0.7302718976536419,0.7271435057357992,0.8026781229798182,0.0559523809523809,0.1119047619047619,0.0,0.2797619047619047,0.0,0.0,0.0,0.6997230631964546,0.0080067573810723,0.6931759587356022,0.7104528248310089,0.6932663662093026,0.6931700280734471,0.7085501381329128,0.5494378580435566,0.0237123321321767,0.5154757174384638,0.5862766411038925,0.5579037649542576,0.5528454668548978,0.5346876998662714,0.012579365079365,0.0251587301587301,0.0,0.0628968253968254,0.0,0.0,0.0,0.9908186787907284,0.018362642418543,1.0,0.9540933939536425,1.0,1.0,1.0,0.7597161328256172,0.0349627962560119,0.7502494431013706,0.7181336295492401,0.7942022010091705,0.8065126622373732,0.7294827282309322,0.0302721088435374,0.0605442176870748,0.0,0.151360544217687,0.0,0.0,0.0,6.0,8.532291603080617,1,23,2,1,3
925,0.6848201433817545,0.0062353807158237,0.6800012631075723,0.6872178670905885,0.6898816440786634,0.6917560199896494,0.6752439226422992,0.5689661469490886,0.0268025441615071,0.5844882036051456,0.564451869529982,0.5581221862647804,0.5288032944290307,0.6089651809165042,0.5557744107744108,0.0355891299539477,0.6098227169655741,0.5218537414965987,0.5389971139971139,0.5226826083968941,0.5855158730158732,0.5449767162119868,0.0205749033892823,0.5375546947476075,0.5808695398019517,0.5312456316410216,0.5221783166867076,0.5530353981826458,0.6037875883260886,0.0189204551128604,0.6142258484307752,0.6257599538627682,0.5994690937481169,0.569930633391883,0.6095524121968996,0.1915789189414028,0.0118535692161818,0.2019366142154731,0.177624155109228,0.1915435983823865,0.179360872196622,0.2074293548033044,0.7100120382649558,0.018650403682417,0.7080049216747284,0.7442709122385297,0.6932845754282815,0.6932727268763951,0.7112270551068443,0.517938133211038,0.0277792999577834,0.5216868369030022,0.4925820780966457,0.5644916970386895,0.4864508985949305,0.5244791554219218,0.0,0.0,0.0,0.0,0.0,0.0,0.0,1.0,0.0,1.0,1.0,1.0,1.0,1.0,0.7441274643353086,0.0293003913339944,0.7302718976536419,0.7302718976536419,0.7302718976536419,0.7271435057357992,0.8026781229798182,0.0,0.0,0.0,0.0,0.0,0.0,0.0,0.7107992376599993,0.0161337474654622,0.7148077317646572,0.7360576476369586,0.6932832598686218,0.6932708323001862,0.7165767167295728,0.5700732866480724,0.0330219272217272,0.5678229381569899,0.5818669312341672,0.6261761597506672,0.5355410896035087,0.5389593144950288,0.0,0.0,0.0,0.0,0.0,0.0,0.0,1.0,0.0,1.0,1.0,1.0,1.0,1.0,0.7587621236987726,0.0361300128837681,0.7502494431013706,0.7133635839150162,0.7942022010091705,0.8065126622373732,0.7294827282309322,0.0,0.0,0.0,0.0,0.0,0.0,0.0,3.6,2.244994432064365,6,4,1,1,6
950,0.6827593017192114,0.0161171820182964,0.6637935028189704,0.6629225554920378,0.6940942307313284,0.6920263341494969,0.7009598854042235,0.5664212552150815,0.0628293826979489,0.636326035653419,0.6462636763606614,0.523087736556132,0.5348527629538774,0.491576064551318,0.5188799560228132,0.0264532327342763,0.5234822716965574,0.5617157974300833,0.526681783824641,0.496559987631416,0.4859599395313681,0.5600265175754148,0.0629880992577322,0.6452334875707002,0.6265356171620551,0.516891998560214,0.5198469414703061,0.4916245431137986,0.6051665194590926,0.0551105010036732,0.6756090684052429,0.6657560468907627,0.5829236457922564,0.5591475472068611,0.5423962890003396,0.1911993144609993,0.0240831853706245,0.2260285673791865,0.210057547126322,0.1815956042376874,0.1575952380862094,0.1807196154755911,0.7168478650706155,0.0316112952860676,0.7722904469285693,0.7324067992823464,0.6931599080562592,0.6932351802076612,0.6931469908782414,0.499591943269583,0.0219671391455301,0.5359592863798691,0.4965901523114869,0.4824454235979142,0.4733764891471658,0.5095883649114787,0.0041666666666666,0.0083333333333333,0.0,0.0208333333333333,0.0,0.0,0.0,0.9962476016047443,0.007504796790511,1.0,0.9812380080237224,1.0,1.0,1.0,0.7443558085670716,0.029195784271343,0.7302718976536419,0.7314136188124571,0.7302718976536419,0.7271435057357992,0.8026781229798182,0.0214285714285714,0.0428571428571428,0.0,0.1071428571428571,0.0,0.0,0.0,0.7114907264709472,0.0268737460065742,0.762370731149401,0.7155416437557766,0.6931588181427547,0.6932333665234702,0.6931490727833339,0.5416560566930047,0.0588201497682934,0.6320902929400466,0.5561810037644664,0.5497793012725279,0.5201142718011398,0.4501154136868422,0.0,0.0,0.0,0.0,0.0,0.0,0.0,0.9962018140589568,0.0075963718820861,1.0,0.9810090702947846,1.0,1.0,1.0,0.757148389173207,0.0382402506473986,0.7502494431013706,0.7052949112871885,0.7942022010091705,0.8065126622373732,0.7294827282309322,0.0,0.0,0.0,0.0,0.0,0.0,0.0,5.6,5.71314274283428,14,11,1,1,1
975,0.6954497797148569,0.00238737320178,0.6978017900671277,0.6948693820408413,0.6981179359413329,0.6915485106763386,0.6949112798486438,0.5200391656693226,0.0074311404401583,0.5076214795478154,0.5213075370108895,0.5206030167243311,0.5309868775311453,0.5196769175324318,0.4762037037037037,0.0422961567356133,0.4212112622826908,0.4854497354497354,0.4331632653061225,0.5251322751322751,0.5160619803476946,0.5492025692955507,0.0263286184512912,0.5989563353244014,0.5511048633300353,0.5397763388624652,0.5262999582473485,0.5298753507135031,0.5806512660829674,0.0283318175551967,0.598560804740561,0.6066635264603243,0.5262938901349402,0.587725827590796,0.5840122814882155,0.1704439902583711,0.0167211560002881,0.1901879343525738,0.1584430935298914,0.144224096629703,0.1814087814613024,0.177956045318385,0.6936952173709868,0.0006962079520735,0.6950661582606179,0.6932293900421688,0.6934337956564767,0.6935339059148516,0.6932128369808197,0.5007089708312241,0.0219616464066008,0.4914970117601696,0.492369738831205,0.5259147731010981,0.4686634301718887,0.5250999002917592,0.0,0.0,0.0,0.0,0.0,0.0,0.0,0.9989010989010988,0.0021978021978021,1.0,1.0,1.0,0.9945054945054944,1.0,0.7436700399862587,0.0295784995035071,0.7302718976536419,0.7302718976536419,0.7302718976536419,0.7248563839905494,0.8026781229798182,0.0,0.0,0.0,0.0,0.0,0.0,0.0,0.693584613289152,0.0006544856285511,0.6948806813785008,0.693229113306318,0.6934332166399274,0.6931648509843009,0.6932152041367122,0.5418064407719834,0.0613991445613928,0.6186786477411477,0.5023931709393666,0.592171789508612,0.5478608455108975,0.4479277501598931,0.0035714285714285,0.0071428571428571,0.0,0.0,0.0,0.0178571428571428,0.0,0.9969523087749688,0.0060953824500622,1.0,1.0,1.0,0.9847615438748444,1.0,0.7580818940930211,0.035245794362425,0.7502494431013706,0.7133635839150162,0.7942022010091705,0.8031115142086162,0.7294827282309322,0.0047619047619047,0.0095238095238095,0.0,0.0,0.0,0.0238095238095238,0.0,1.4,0.4898979485566356,2,1,1,2,1
1000,0.6935170959858667,0.0052635344039751,0.6983813629263923,0.6855729676428295,0.6918599094663348,0.6915389185860044,0.7002323213077727,0.518952584066563,0.0281837334302552,0.488173753040619,0.5478926703921572,0.5222101137044652,0.551221450646671,0.4852649325489021,0.4796942211227925,0.037643797929359,0.506931560502989,0.5320011337868481,0.4621126228269085,0.4224584278155706,0.4749673606816463,0.5357935345245216,0.0470138148173912,0.4882431836711725,0.5488347458051892,0.5182256944970115,0.6208055351371194,0.5028585135121154,0.5822347659772491,0.0305025552634833,0.5620683677625681,0.6057818459682794,0.5717629076928437,0.6279471574471327,0.543613551015422,0.1731836647177829,0.0160656963453794,0.1560382085398671,0.176578707543748,0.1635944024074275,0.2024704805858056,0.1672365245120663,0.6924599996634891,0.0017150372386265,0.6932310036250523,0.6935522641454425,0.6890400903565543,0.6933155528136662,0.6931610873767308,0.5168735187999999,0.046295526203293,0.4901940108589545,0.4533054725488936,0.5849139226653325,0.504657458856237,0.5512967290705818,0.0225340136054421,0.0450680272108843,0.0,0.0,0.1126700680272108,0.0,0.0,0.9853022268736554,0.0280914865718324,0.9973544973544972,1.0,0.92915663701378,1.0,1.0,0.7456594013843854,0.0287994829586856,0.729144737262893,0.7302718976536419,0.7390587432897744,0.7271435057357992,0.8026781229798182,0.0539285714285714,0.1078571428571428,0.0,0.0,0.2696428571428571,0.0,0.0,0.6942993147032601,0.0020670221056299,0.693137411560331,0.693549782037735,0.6984227512563977,0.6932239830493927,0.6931626456124442,0.5098650980720633,0.0325796438512618,0.5480662054830774,0.4715334876835264,0.5454817441270643,0.507619612692208,0.4766244403744403,0.0278571428571428,0.0557142857142857,0.0,0.0,0.1392857142857143,0.0,0.0,0.9795630760409086,0.0384581468170548,1.0,1.0,0.902741488578927,0.9950738916256158,1.0,0.7542321028893596,0.0321915959338349,0.7502494431013706,0.7133635839150162,0.7738543237711395,0.8042104354283389,0.7294827282309322,0.0409297052154194,0.0818594104308389,0.0,0.0,0.2046485260770974,0.0,0.0,2.4,1.8547236990991407,2,1,6,2,1
