lags,train_mse_mean,train_mse_std,train_mse_fold_1,train_mse_fold_2,train_mse_fold_3,train_mse_fold_4,train_mse_fold_5,train_cosine_sim_mean,train_cosine_sim_std,train_cosine_sim_fold_1,train_cosine_sim_fold_2,train_cosine_sim_fold_3,train_cosine_sim_fold_4,train_cosine_sim_fold_5,train_pairwise_accuracy_mean,train_pairwise_accuracy_std,train_pairwise_accuracy_fold_1,train_pairwise_accuracy_fold_2,train_pairwise_accuracy_fold_3,train_pairwise_accuracy_fold_4,train_pairwise_accuracy_fold_5,val_mse_mean,val_mse_std,val_mse_fold_1,val_mse_fold_2,val_mse_fold_3,val_mse_fold_4,val_mse_fold_5,val_cosine_sim_mean,val_cosine_sim_std,val_cosine_sim_fold_1,val_cosine_sim_fold_2,val_cosine_sim_fold_3,val_cosine_sim_fold_4,val_cosine_sim_fold_5,val_pairwise_accuracy_mean,val_pairwise_accuracy_std,val_pairwise_accuracy_fold_1,val_pairwise_accuracy_fold_2,val_pairwise_accuracy_fold_3,val_pairwise_accuracy_fold_4,val_pairwise_accuracy_fold_5,test_mse_mean,test_mse_std,test_mse_fold_1,test_mse_fold_2,test_mse_fold_3,test_mse_fold_4,test_mse_fold_5,test_cosine_sim_mean,test_cosine_sim_std,test_cosine_sim_fold_1,test_cosine_sim_fold_2,test_cosine_sim_fold_3,test_cosine_sim_fold_4,test_cosine_sim_fold_5,test_pairwise_accuracy_mean,test_pairwise_accuracy_std,test_pairwise_accuracy_fold_1,test_pairwise_accuracy_fold_2,test_pairwise_accuracy_fold_3,test_pairwise_accuracy_fold_4,test_pairwise_accuracy_fold_5,num_epochs_mean,num_epochs_std,num_epochs_fold_1,num_epochs_fold_2,num_epochs_fold_3,num_epochs_fold_4,num_epochs_fold_5
-1000,38.05506607527585,0.3141408366091358,37.72465727501309,37.9793416839285,38.02692716146253,37.89575144187691,38.64865281409824,0.3503109058153998,0.0451225919060438,0.3978039192170212,0.3632299024419686,0.3416598952308143,0.3807478731440514,0.2681129390431434,0.9087443188293692,0.0371541049429208,0.9426189802356602,0.9238354250327828,0.9036889862768428,0.9344193640443468,0.8391588385572138,39.50269192782315,0.088980287327508,39.54769816543117,39.5369319337787,39.52488581339518,39.575971661192,39.32797206531871,0.0345379931062008,0.0051672597781652,0.0302089653683431,0.0349113977034435,0.0378641655217065,0.0276637884759993,0.0420416484615116,0.5512931583505688,0.0056360515425042,0.5527248111638156,0.5570829104293477,0.5548529489473863,0.5407807772809808,0.5510243439313137,39.55537799488415,0.2058967536728548,39.64121743404504,39.30328386480158,39.89440628976533,39.39421832922733,39.54376405658144,0.0325895388215554,0.0102013189197232,0.0307422847571698,0.0398564768503561,0.0429990844744624,0.0354097483425655,0.0139400996832233,0.545413801074028,0.0101432073874293,0.5365448734073928,0.5499755469235507,0.5611864463849501,0.5325940702900742,0.5467680683641722,16.2,4.4,22,18,14,18,9
-975,37.884037615589264,0.5178165996134148,38.0215213028426,37.97962180855348,36.93290427296432,37.96905537241513,38.51708532117077,0.3693208746688882,0.0633294179812251,0.3515721498076449,0.3627540862437376,0.4823682627727076,0.3635460709788136,0.2863638035415374,0.9196808044443424,0.0394098277155757,0.9101070466729784,0.9222839880235416,0.983257785285871,0.9231821925369734,0.8595730097023482,39.50244505911162,0.0821219004002408,39.55488956335819,39.54249156605113,39.52391468394887,39.55132178104285,39.33960770115708,0.0335420767296895,0.0058440429736193,0.0255586809450478,0.0340667595014427,0.0401206203087261,0.0283656809478998,0.0395986419453313,0.5553315274643176,0.0078686871244827,0.5594757921767958,0.5668682663729696,0.5545067471085172,0.5528164578206611,0.5429903738426439,39.537445357351594,0.1991875353316959,39.623498396439985,39.33275771863533,39.864830132686734,39.33280285921964,39.53333767977628,0.0346071069354586,0.0110730461398178,0.0317074930238904,0.0333288064028954,0.0499327324443694,0.0414027585224671,0.0166637442836707,0.5432958476471178,0.005438370909228,0.5514010949568315,0.5420026743050778,0.5458516505631533,0.5424914305860346,0.5347323878244921,19.4,8.754427451295715,16,18,36,17,10
-950,37.50318344745439,0.2359622777618611,37.17626646376148,37.59167688900663,37.70214847682678,37.27459878036656,37.771226627310526,0.4225076554976787,0.0321780846727308,0.4588913379870739,0.412638444568693,0.3823713666384982,0.461351932324085,0.3972851959700437,0.9570199349491868,0.0164704578701413,0.9763260428438482,0.9545836239745936,0.9354615746085176,0.9752066325895564,0.9435218007294172,39.506377919514975,0.0955105841998642,39.58775398947976,39.519330111416906,39.53609824903083,39.567325592041016,39.32138165560636,0.0344563312659209,0.0076171277416639,0.0234167202460494,0.0386645055065552,0.0354771724140102,0.0292192152560208,0.0455040429069688,0.5483239475524787,0.0090006609843584,0.546167302312273,0.5533255763126143,0.5600154580491962,0.5492118587999633,0.5328995422883467,39.53365992921771,0.2195240413052289,39.64164144342596,39.25174094691421,39.881200501413055,39.36330529415246,39.53041146018288,0.0383464858189902,0.0096391898627398,0.0325456462574727,0.0519674707655653,0.0446779958790901,0.0385220800244221,0.0240192361684008,0.5481752874273242,0.0055648216764463,0.5408113219521262,0.5567570735107769,0.5519102233828921,0.5450879606333646,0.5463098576574614,25.0,5.215361924162119,32,24,19,30,20
-925,37.84192103749699,0.7925153093963232,37.49264376925439,37.20820110360372,37.0834266426637,38.20027207836662,39.22506159359647,0.3684569116105738,0.1103343559920871,0.4192262095274384,0.456581170411454,0.4623383019388336,0.3375654629210836,0.1665734132540594,0.9085344580030932,0.0944080699297677,0.956957547935014,0.9759133212345162,0.9767981577165348,0.9061668324716312,0.7268364306577703,39.476350379712656,0.0858475237051112,39.546046863902696,39.50886662801107,39.489669568610914,39.528317884965375,39.30885095307321,0.0409629035317762,0.006468621000493,0.0329760604848464,0.041760627688332,0.0467720591660701,0.0342336256254577,0.0490721446941747,0.5555636860204466,0.0073623497084216,0.552388788172693,0.5584473623470827,0.5622861547903582,0.5620112229477275,0.5426849018443715,39.51237853079131,0.2183354688379262,39.64366103663589,39.249070369836055,39.850654139663234,39.31957163955226,39.49893546826912,0.0409379966415916,0.0127028505292723,0.0340177641447746,0.053639370722301,0.0537037507376887,0.0431240293564218,0.0202050682467718,0.5548407292727268,0.0093268105631534,0.5553417043252424,0.5671635522986903,0.5621334133726178,0.5484787270878301,0.5410862492792534,21.6,10.594338110519224,25,32,32,14,5
-900,37.73840219556671,0.3611853529099194,37.64961565155344,37.60223215634061,37.30392334141682,37.73672170737355,38.39951812114912,0.3872892618179321,0.0435119981849877,0.3986432281966062,0.4086179674900684,0.4313487241563108,0.3936212698823398,0.3042151193643354,0.9365967886964072,0.0299421480016986,0.9458955624668868,0.9526120301374456,0.963231599208006,0.9428787907374274,0.8783659609322695,39.46184243866891,0.0861222788033456,39.5324663104433,39.49281761863015,39.484018036813445,39.50716099594579,39.2927492315119,0.0434827799880594,0.0064513030529349,0.0329222646683003,0.0451549428204695,0.0472865569772142,0.0402639580495429,0.0517861774247704,0.5599340016191656,0.0117870397747024,0.5451490599097628,0.5789344888744932,0.5669904504761552,0.5533663079594121,0.5552297008760048,39.500926509048,0.2242929054301773,39.606916138620086,39.23676773996064,39.86672707759973,39.31005501024651,39.48416657881303,0.0443947300992228,0.0088493593494431,0.0384066191247918,0.0554600468074733,0.0486359444700858,0.049005167333014,0.0304658727607492,0.5521831024776805,0.0080280516733861,0.5512483535390912,0.5629581908384959,0.5593230480497534,0.5414426353844729,0.5459432845765894,20.4,5.083306010855534,22,23,26,20,11
-875,37.69717663637142,0.7020217134879633,38.049379211111166,38.91902074125624,37.06227988803509,37.267146474307346,37.18805686714723,0.386681129145868,0.1018214223241897,0.34095929916372,0.20603451593635,0.4642242638720679,0.4574262462940412,0.4647613204631609,0.9248918913074377,0.0741744311720357,0.9045589762864652,0.787708122091195,0.977181193754845,0.9757960297397732,0.9792151346649092,39.45959639115767,0.0913865513732449,39.50335288770271,39.53843700524533,39.449260249282375,39.52012553359523,39.28680627996271,0.0441924535697608,0.0078482494605424,0.0385429009682301,0.0345455448453625,0.0539116931119651,0.0409404317650831,0.0530216971581632,0.560718050328168,0.0054928618918388,0.5690676705403761,0.5564515906752963,0.5635589650183013,0.5611864463849501,0.5533255790219163,39.52596402023778,0.2019970559705835,39.62270944768732,39.33534373659076,39.862934574936375,39.31717693444455,39.49165540752989,0.0378513939424671,0.0088689488453896,0.0338475290883445,0.0252453353481762,0.0495367599933436,0.0462159691660693,0.0344113761164022,0.5524335931647907,0.0066678648492625,0.5519611230402282,0.5433467572385614,0.5471346351233396,0.5605856812361515,0.5591397691856731,23.2,10.303397497913007,15,7,32,30,32
-850,37.86561942346317,0.5972970292326215,38.78746543962931,37.86990305320504,36.89962221912502,37.88031064849539,37.89079575686111,0.3673518891494299,0.0800045027433727,0.2292305472278103,0.375989127404911,0.4799911087935732,0.3790929495673819,0.3724557127534729,0.9164199933563312,0.0607074299136024,0.8006927033060605,0.9318910394747232,0.9808051764350576,0.9360851190753818,0.9326259284904322,39.44363678440904,0.0944820229759225,39.56020389903676,39.47774274421461,39.4328657208067,39.47363789876302,39.27373365922408,0.0464395571725838,0.0127234571119138,0.0223414433386289,0.0482807377861304,0.0574901299551129,0.0475473869027513,0.0565380878802953,0.5575614813602332,0.0164833985207854,0.5291931240847616,0.5577651280345339,0.5784864597248308,0.567876322702928,0.5544863722541116,39.49996133284135,0.2090482294718233,39.68442489161636,39.25427367470481,39.79367365981593,39.310150030887485,39.45728440718217,0.0429744792537707,0.0175097506993475,0.0110461898712497,0.0513285163112662,0.0625773466784845,0.0500391917585423,0.0398811516493107,0.5589768492814267,0.0158367544781792,0.5326246185736223,0.5667155249552294,0.572254787791859,0.5492118633154667,0.5740774517709558,19.0,8.648699324175862,7,19,34,18,17
-825,37.916099217994926,0.4555332027559859,38.28300035614328,38.283890439063,37.41989061021313,37.30036694241553,38.29334774213968,0.3632147445813897,0.0603563065052103,0.3113795544990559,0.3149099159486515,0.4169664935967357,0.454338949980195,0.3184788088823102,0.9187842198253908,0.0394085748447755,0.8790530181422676,0.8903570003116253,0.9556867025562168,0.9764136389358756,0.892410739180968,39.44104098695696,0.082189414367145,39.52583093354196,39.48341149994821,39.4318891583067,39.47622830940016,39.28784503358783,0.0478911972407138,0.0088203879664117,0.0318998600158727,0.0481551568390745,0.0586246917532248,0.0487258602780374,0.0520504173173597,0.5674792115435456,0.0122243546734644,0.5547002138513507,0.5713994633970838,0.5835776952179995,0.5757575567924615,0.5519611284588323,39.52035781397964,0.1883249632772857,39.62793743249142,39.326353362112336,39.81821996515448,39.3223200711337,39.50695823900627,0.0385095325016388,0.0126848848385523,0.0294079167034589,0.0355149039039106,0.0580901258455758,0.0470416590458515,0.0224930570093971,0.5561685238823746,0.0094827812946234,0.5491100360046733,0.54548507567608,0.5722751545183586,0.5605144004027048,0.5534579528100563,18.2,7.440430095095309,12,13,24,30,12
-800,37.75060508963987,0.5742553936878849,38.561802146361046,37.419148277990594,37.07966633432919,37.392054174364226,38.30035451515434,0.3810120538337943,0.0765665349204316,0.2626696763579378,0.4317984660876166,0.4547229077398163,0.4382494586644713,0.3176197603191297,0.9274902607976776,0.0553957046996638,0.8341518382436222,0.9670352229138012,0.9744895549164604,0.9685406396069478,0.8932340483075565,39.42679676865087,0.0888818618413685,39.52433846213601,39.46460723876953,39.41030097730232,39.47037436745384,39.264362797592625,0.0507634427172668,0.0090908688149003,0.0345195319051995,0.0513679998447046,0.0620956540559277,0.0505406090594602,0.0552934187210419,0.5685891008738316,0.0111247098853855,0.5543947310158701,0.571694757902261,0.5864389710354082,0.5709616135467183,0.5594554308689001,39.478167782407816,0.2206311055338751,39.644081000125766,39.23761835965243,39.79649491743608,39.24018790505149,39.47245672977332,0.0486511423675851,0.0146077146017854,0.0289208060412695,0.054850995512397,0.0625082551868576,0.0634399069981141,0.0335357480992873,0.5642920970916748,0.0135734624824448,0.5445686542626583,0.5713281812089862,0.5851457931778647,0.5575207535064581,0.5628971033024065,20.8,8.565045242145542,9,27,30,26,12
-775,37.72228188268917,0.328628837057154,38.18145924990939,37.62765109661928,38.02901800883185,37.406495438408605,37.366785619676726,0.3889262539517019,0.049393207896448,0.327462179759114,0.4037815836287036,0.3339675561976187,0.4364312122163084,0.4429887379567647,0.9384226880122706,0.0334669028854158,0.8958293476055578,0.952059751318902,0.901034463312208,0.970779465031378,0.972410412793307,39.43070408214222,0.0880973498363137,39.51711770259973,39.46435431278113,39.45185019753196,39.459569642038055,39.26062855576024,0.0505388171440272,0.0070506842120097,0.0368162220287503,0.0517024787029985,0.0535415409584388,0.0538643223205299,0.0567695217094186,0.5736721901279507,0.0062913179203384,0.5633858568740614,0.5831907612807823,0.5740774544802579,0.5730592048529423,0.5746476731517098,39.5061755324855,0.2309385212459196,39.64643547751687,39.26755835793235,39.878938848322086,39.28696591926344,39.45097905939276,0.0434547317750526,0.0094869699276984,0.026256658023957,0.0488730718409924,0.0472523070250948,0.0537148554894057,0.041176766495813,0.568236786849571,0.0067225020711908,0.5597099860509237,0.5704932230891604,0.5767758046135758,0.5610744375171084,0.5731304829770868,20.2,6.11228271597445,13,22,13,26,27
-750,37.73797923609153,0.2704131533237878,37.57623137641199,37.61433925825296,37.38812873289757,38.05758635530767,38.05361045758749,0.3848846594697421,0.0280578286218333,0.4036177510453254,0.4031005271316804,0.4156556510433708,0.3484158156458865,0.3536335524824476,0.940934715565947,0.0174901242256126,0.9528733282974086,0.9532162774469436,0.9591993382296612,0.9194928800936828,0.9198917537620388,39.41954891320431,0.0897578713980403,39.50600849498402,39.46679907134085,39.42025479403409,39.456120346531726,39.24856185913086,0.0530981536107984,0.0085672028494353,0.0384128816200025,0.0521639762164065,0.0617964578171571,0.0515167374502528,0.0616007149501731,0.5744216181112058,0.0130927744568567,0.5641393607312982,0.5856040061423273,0.5855632749470797,0.5830583888472933,0.5537430598880305,39.482453964695786,0.2113583615890434,39.62280065363104,39.23169835408529,39.79829002149177,39.27990641738429,39.47957437688654,0.0489247713858882,0.0120151477718859,0.0351055596644679,0.0542182223024693,0.0652465192375309,0.0551766420178341,0.0348769137071389,0.571328185002009,0.0118606898433176,0.5635691438660477,0.5799731007128051,0.589412252108256,0.5673875673250719,0.5562988609978647,19.2,3.867815921162743,22,22,23,15,14
-725,37.782004303293135,0.4364774891802182,37.316007948413336,38.236118631264596,37.6079846804904,37.38422708413036,38.36568317216696,0.3783933618634018,0.0567986700516651,0.4361111561662143,0.3203712959879452,0.3882138096180159,0.4417925209728713,0.305478026571962,0.9330199496033268,0.0368133109753633,0.9727822271818968,0.895756604745216,0.9382719815391856,0.9724392774178808,0.8858496571324536,39.39690322875977,0.0728062507143253,39.46195440581351,39.432679841012664,39.41420526215524,39.42064967299952,39.25502696181788,0.058894134668464,0.0039318630009743,0.0515412770663247,0.0592227507608406,0.0631448707515091,0.0595029714432629,0.0610588033203825,0.5861294202732317,0.0062068212171735,0.588251449845054,0.5843617419401804,0.579239957260363,0.5970185543551589,0.5817753979654023,39.479466420953926,0.2165602546834694,39.61284013227983,39.230414014874086,39.82241971565016,39.290888352827594,39.44076988913796,0.0499255227404787,0.0079991468678834,0.0399185424162582,0.0573406416612366,0.0598905543147614,0.0506164047189734,0.041861470591164,0.5787776804331577,0.0040248220060925,0.5747800442305478,0.5805229580763615,0.5771423722758438,0.575635372689276,0.5858076548937595,19.2,6.523802572120037,27,13,19,26,11
-700,37.46153032755114,0.271421191322003,37.72737731147058,37.42666759687601,37.10665425566054,37.23812936999134,37.80882310375725,0.4202599848054119,0.0304458985059871,0.3846761341561976,0.4235662888620317,0.4521846820398704,0.4546297791692399,0.3862430397997197,0.9608618628118456,0.0145570200071518,0.9430807017788444,0.9647340430426844,0.975539188409589,0.9764878688399324,0.9444675119881776,39.36587330211293,0.0853764453389336,39.44419236616655,39.40828496759588,39.35885527639678,39.41389430652965,39.204139593875766,0.0650293455430955,0.0071159744946072,0.0543632957463463,0.0633983266342318,0.0728667459704659,0.0615411617539145,0.0729771976105191,0.5858687488418637,0.007297798248614,0.579229777509516,0.5978942450248834,0.5907970653338865,0.5809506168871215,0.580472039453911,39.4341680468935,0.2211571616443098,39.58093192360618,39.167308287187055,39.77471773552172,39.24803115382339,39.39985113432913,0.0586442188642015,0.0093075456287156,0.0446217230549364,0.0692455240694636,0.0672188844870437,0.0603877778983477,0.0517471848112164,0.5766434339862881,0.0058084596341432,0.5726620880040255,0.5768368989229202,0.5878237901311932,0.5724584406072443,0.5734359522660574,23.8,4.534313619501853,19,25,29,28,18
-675,37.455480941300536,0.467967406370393,37.10517132159361,37.8682523117852,36.87867835133346,37.30222721689755,38.12307550489288,0.4203165417786726,0.0547242455130792,0.4606646861612182,0.3705715620026146,0.4799909634688465,0.45016058695685,0.3401949103038335,0.956857715685343,0.0300140794578196,0.9809194938423708,0.9316727943027142,0.984007526304304,0.9771247776513248,0.9105639863260012,39.37262221827651,0.0782197120880901,39.47485952666312,39.38267690485174,39.3749025518244,39.39740140510328,39.23327070294005,0.0632563763523869,0.0084155482790946,0.0471126857693448,0.070198219833952,0.0696686818969972,0.0650325223916407,0.0642697718699999,0.5880416915272221,0.0082901368775367,0.5759306622273994,0.5946154933084141,0.5904610459551667,0.5980571670965715,0.581144089048559,39.458599645441225,0.2051169453051644,39.55798698194099,39.21289339932528,39.7899125995058,39.28475235447739,39.44745289195668,0.052871250835332,0.0085489619736403,0.0507131090500589,0.058332297668764,0.0643791828417416,0.0521302977576851,0.0388013668584101,0.5780934164018342,0.0063632826294643,0.5763175898429119,0.5700859242316448,0.5896159031174399,0.5778958761330807,0.5765517886840936,24.8,8.084553172563094,32,18,34,27,13
-650,37.78133868974509,0.5375111092765636,38.03176168068168,38.07282162695816,36.78679173263078,38.32808968455521,37.68722872389961,0.3763106390372994,0.0637320221626395,0.3405910109736256,0.3357983916690669,0.4909958741099564,0.3152528365248257,0.3989150819090223,0.9301332650725376,0.0347487616844253,0.9120340955626104,0.9065572926678608,0.9868431656630998,0.8924087593235921,0.952823012145524,39.37656649965229,0.0836702715344915,39.45162096890536,39.423965685295336,39.34442346746271,39.43632195212624,39.226500424471766,0.0620263727776932,0.0080910379866257,0.0513222037786335,0.061863083025497,0.0755758619669711,0.0571123140327858,0.0642584010845783,0.5895710970416214,0.0091176622863305,0.587518314520518,0.6038611775094812,0.5953995440945481,0.578292991175796,0.5827834579077634,39.44825375874837,0.1783686443844181,39.52669421109286,39.24100465485544,39.74956685846502,39.31561568289092,39.40838738643762,0.0558779896208734,0.009403207945547,0.05786381752202,0.0552911474228356,0.0722421036299431,0.0445199887635129,0.0494728907660552,0.5878909914782553,0.0132387258191234,0.5855021837985876,0.5849828747185793,0.6074861387411753,0.5670311839291544,0.5944525762037798,19.2,9.368030742904295,14,14,37,11,20
-625,37.46279802617338,0.1249795977688545,37.56874092338011,37.57110477722797,37.354833071993795,37.27210459758326,37.54720676068178,0.4195968654352365,0.0177121205929067,0.4020394778128752,0.4040702240368755,0.4225261589301001,0.4513479074866501,0.4180005589096816,0.9621533282024344,0.0079450401059145,0.9531123545980944,0.9571921180204018,0.9613431507779152,0.9765917947611856,0.9625272228545748,39.34516504461116,0.0881879479132241,39.431914589621805,39.404352708296344,39.34066055760239,39.36888122558594,39.18001614194928,0.0688583359348051,0.0078218813638711,0.0554330229872103,0.0653065468720865,0.0777330686987349,0.0720522482173912,0.0737667928986025,0.5969961529428309,0.0118339663340095,0.5844635674447725,0.6162634193897247,0.6049506998423374,0.5890354965672349,0.590267581470085,39.42411316380357,0.2008822988278851,39.54143836281517,39.163656176942766,39.73242060343424,39.265794002648555,39.417256673177086,0.061382825576672,0.0113066117144878,0.0535953422500328,0.0713611697834549,0.0779243427413431,0.0558839553233349,0.0481493177851944,0.5968474904696146,0.0121064365799749,0.5906646938034983,0.6055718253959309,0.6128726664817694,0.5778347876938906,0.5972934789729841,22.8,2.2271057451320084,21,22,23,27,21
-600,37.678195976965206,0.2820773804310117,37.90580666925489,37.21409559741463,37.51450933869352,37.7692460915477,37.98732218791529,0.3940560415233533,0.0338934437585584,0.3585462299818845,0.4528074894369263,0.4022641879381592,0.3936483008959858,0.3630139993638107,0.946537053953741,0.019252697238679,0.9244084972696206,0.97836889741347,0.9516009989473008,0.94953884537687,0.9287680307614434,39.344793377500594,0.0714500555267068,39.43398793538412,39.3400325197162,39.33206477309718,39.39500589081735,39.2228757684881,0.0696612069298597,0.007890533113066,0.0579468040360194,0.077841084521038,0.079081137692838,0.0659732400919451,0.0674637683074582,0.5905628693826271,0.0073848843171463,0.5824881724335931,0.5949718780589827,0.602812381404819,0.5855123621947838,0.587029552820957,39.394135469378845,0.2024261085711812,39.47715308449485,39.17535469748757,39.738809643369734,39.22075063532049,39.35860928622159,0.0684008713049644,0.0053662279769505,0.068481020333076,0.0686641367378108,0.0764640198286735,0.0688643213361501,0.0595308582891117,0.5878319314934991,0.0063821945627172,0.5852883521354559,0.5776005825310042,0.5938416249824293,0.5871211931560979,0.5953079046625079,19.6,5.535341001239219,15,30,20,18,15
-575,37.42383974212961,0.2243004020061096,37.64277566339552,37.05669493527756,37.560466569723545,37.27137284426345,37.58788869798798,0.4249985602713123,0.0331236117823364,0.3919813887974651,0.4757562611520904,0.392427426330822,0.450421337307114,0.4144063877690698,0.9629254661884504,0.015334839515509,0.9456669251943371,0.9836259742373044,0.9468338464953236,0.976682356952392,0.9618182280628952,39.32110128691703,0.0782688592152566,39.3966652841279,39.33047843701912,39.348575476444125,39.35912415475556,39.1706630822384,0.073936433130593,0.0047838325096112,0.0657297405837611,0.0792561779927575,0.0774290664403727,0.0718455936082384,0.0754215870278351,0.6030139922192602,0.0050891070553984,0.6052663552038597,0.6104390490235705,0.6045637663566705,0.5960104844786904,0.5987903060335101,39.3966542561849,0.2079136795582278,39.490415862112336,39.15583708792022,39.73546149513938,39.210829416910805,39.390727418841735,0.0668151530239618,0.0083447922317126,0.0642492860894311,0.0709132763811133,0.0779019047816594,0.0683243364998788,0.0526869613677263,0.6081581752408635,0.0147409634587867,0.6199902043198094,0.5910414398619623,0.6305901570753618,0.5983015452370499,0.6008675297101339,23.8,5.455272678794342,19,33,19,27,21
-550,37.50641046111117,0.3940056301055987,36.834377918046776,37.73381950928993,37.40957570813366,37.53538135646545,38.01889781362003,0.4136563965954732,0.0447129038646748,0.4923528101026397,0.3871953370644874,0.4123152681847208,0.4182592086570779,0.3581593589684398,0.9568232054562912,0.0193317356670281,0.9883500687854806,0.9457886692174932,0.956653200473982,0.9631900301913624,0.930134058613138,39.32713898167466,0.0745484574274308,39.38847744103634,39.342712749134414,39.35440988251657,39.36888677423651,39.18120806144945,0.0735082540773984,0.0049556539954536,0.0661799651993946,0.0781112195303042,0.0739040759702523,0.0699279305496902,0.0794180791373505,0.6082885133497643,0.0110333976075518,0.5974462194876238,0.628451836831642,0.6044924945542307,0.6107648881998929,0.6002871276754321,39.37869356328791,0.2012276934941713,39.50536138361151,39.13646576621315,39.69869139700225,39.229316133441344,39.32363313617128,0.0712526858163376,0.0080373088163897,0.0618754095454333,0.0767065019092776,0.0836785163335276,0.0642841646278446,0.069718836665605,0.6108891131299914,0.0118424506743013,0.6091255085034804,0.6094207980416038,0.6326979281324329,0.5967130787444838,0.6064882522279565,22.4,7.735631842325487,37,19,21,21,14
-525,37.365424024444266,0.3927251238803442,37.331983389313685,37.35955641441738,36.69750457449058,37.52693046491171,37.91114527908797,0.4302498175311334,0.0396594183829287,0.431205977484123,0.4369562385008507,0.4941381934991817,0.4187329737181516,0.3702157044533601,0.965170427573096,0.0168362385679653,0.9681294013544456,0.9703919752356932,0.9886410555888696,0.9621804780566816,0.9365092276297894,39.31661908698805,0.0558576261350011,39.36958347667347,39.34607430660363,39.315270972974375,39.34180785670425,39.21035882198449,0.0753357967277142,0.0045633393241645,0.0706185299451604,0.0756726766738927,0.0806160671495352,0.0800563522021878,0.0697153576677947,0.608982955867594,0.0117784393351226,0.6054496403896448,0.627565961895567,0.6142676562973948,0.6059282124042511,0.5917033083511122,39.381822817253344,0.2047519112354849,39.50546911991004,39.12574288339326,39.70651430072206,39.23647354588364,39.33491423635772,0.0692282633037504,0.0086983613896507,0.0605809314910209,0.0778397011260191,0.0815393962530475,0.0619794495939982,0.064201838054666,0.6060056042490584,0.0086872378524586,0.6102354047876416,0.6027716475002693,0.6208964495947866,0.5973342151352854,0.5987903042273088,24.6,7.227724399837061,24,26,37,21,15
-500,37.37608077059087,0.582226194026041,37.20543265588505,37.902014309598,36.40906300495581,37.31658530481083,38.04730857770467,0.4271886486368081,0.0641499895002667,0.4449720926506003,0.3648119811544713,0.5298827563978962,0.443608362035653,0.3526680509454196,0.9594442705518192,0.02806845037011,0.974945336887517,0.929153376633359,0.994782971967127,0.9748740773840048,0.9234655898870882,39.31247875329221,0.0668408277483513,39.370528828014024,39.35685579704516,39.307136073256984,39.34222481467507,39.18564825346976,0.0755695533797596,0.0040170984509496,0.0696114650221936,0.0749379193240946,0.0821975387181296,0.0762049063306414,0.0748959375037388,0.6111416428378135,0.0154513233299533,0.6088302144498536,0.6236558990045027,0.623197691007094,0.6178824395844431,0.5821419701431737,39.37897048719002,0.2073537752105756,39.50260185472893,39.14470597469445,39.71011410337506,39.19507818511038,39.34235231804125,0.0706687147023551,0.0073074392291067,0.0603482806490677,0.0749990761167172,0.0806494635727369,0.072805679516133,0.0645410736571207,0.6079911851521694,0.0138038343655774,0.6224645457484506,0.6055005544965918,0.6252850908221621,0.5955217309070356,0.5911840037866072,25.4,11.568923891183656,27,16,46,25,13
-475,37.51612114660519,0.371570030334107,38.15542154213817,37.54018225129118,37.30910244184671,37.02905171187883,37.54684778587105,0.4104656621660154,0.0500070763017805,0.3231031957668127,0.4138348065700727,0.4248110532146139,0.4786721031690381,0.4119071521095394,0.9542279374968146,0.0288462422156124,0.8999818624909391,0.9580279674726664,0.9653724358253872,0.9862671316284496,0.9614902900666306,39.31996399850557,0.0828218546636513,39.42257517034357,39.34971456816702,39.32889580004143,39.32938419688832,39.16925025708748,0.0743551908907565,0.0071501238179499,0.0606323002527157,0.0746743357034795,0.080848880704831,0.0770488622965234,0.0785715754962328,0.604356045163039,0.0095482123029077,0.5852781723846089,0.6093087986563192,0.6083210932485985,0.6095124492139528,0.6093597123117158,39.36346701419715,0.214959342207052,39.54770070856268,39.11143308697325,39.67972229466294,39.20255106145685,39.275927919330016,0.0741506770366069,0.013495747842731,0.0497160900497075,0.0800864671667416,0.0896219869116039,0.0715141714070782,0.0798146696479031,0.6136811487602466,0.0174782694958203,0.5891882379849752,0.6280852709755753,0.6356202978076357,0.5985764716610764,0.61693546537197,21.4,6.7111846942250075,11,21,23,32,20
-450,37.42915599862325,0.547263211334793,37.528489889557825,38.10296170736097,36.538827365206686,37.829841181175,37.145659849815765,0.4211826124756607,0.0601434340887778,0.4073591367485596,0.3415842225256654,0.5098512639704439,0.380630529418434,0.4664879097152002,0.9579530071966426,0.0280390140744725,0.9572381420233816,0.9146039928357624,0.9915301443375264,0.9423532326196888,0.9840395241668544,39.3100458318537,0.0763558244375488,39.37552608143199,39.35924321954901,39.3037917397239,39.34673528960257,39.164932828961,0.0752169606078303,0.004657538556862,0.0675288139080459,0.0735498451148018,0.081740023991601,0.0765452467356667,0.076720873289036,0.6108748593113639,0.0119900763120257,0.5921004215876261,0.6275048689408735,0.6184628398129435,0.6052052586367636,0.6111009075786128,39.36214954491818,0.2086277282427385,39.521571766246446,39.12335707924583,39.68132793542111,39.19448806300308,39.29000288067442,0.0732172501866113,0.0094169698749011,0.0566967592828653,0.078186562059052,0.0852816589741092,0.0727435337718237,0.0731777368452061,0.6095715038704149,0.0168351458710904,0.588129258517063,0.6182388247865619,0.634225298057903,0.5935361538872574,0.6137279841032895,23.4,9.707728879609276,20,13,40,16,28
-425,37.36112013354744,0.4202363403814226,37.34652218376238,37.275642080405326,36.92168387186896,37.11278730569427,38.14896522600626,0.4286170602152028,0.0475058567930082,0.4284004907018131,0.4433906689747092,0.4657921234971469,0.4673483586802925,0.3381536592220522,0.9643924137980668,0.0240661025034579,0.9671094552757814,0.9730153188263018,0.981375272126542,0.98282427394513,0.9176377488165788,39.29618726788145,0.0759005604706997,39.37813672152433,39.32899798768939,39.31397594105113,39.307085326223664,39.152740362918735,0.0786150806019026,0.0072056280171485,0.0659349495968358,0.0770244828679345,0.0818549113517457,0.0805983352615977,0.0876627239313992,0.6114796981667027,0.0142797907951828,0.604533216266921,0.6285740317720355,0.6174547690333743,0.6194403541810585,0.5873961195801244,39.36496942693537,0.2071731817462891,39.50640452991832,39.11827422633315,39.68782771717418,39.20218300096917,39.310157660282016,0.0733223083739479,0.0092588282528053,0.0574803666183442,0.078905545570182,0.0851907692285198,0.0710453863791895,0.0739894740735039,0.6095470644307859,0.0100713429684981,0.6047775962136008,0.613371599352721,0.6272401258800969,0.5983015434308485,0.6040444572766622,24.0,6.48074069840786,23,26,30,29,12
-400,37.28869871945725,0.6583676622465985,37.58650927199531,36.09793134079766,38.098797198423405,37.30856960335958,37.35168618271031,0.4357540825593102,0.0817354221117695,0.3969016778714878,0.5741165645958222,0.3232571473441173,0.4444634404379068,0.4400315825472173,0.958615156055726,0.03558923386998,0.9501490279571296,0.998080351918014,0.894236337892788,0.9763186217583332,0.9742914407523636,39.29133800159801,0.0689823731325148,39.33889123165246,39.28541541822029,39.34623406150124,39.32621360547615,39.159935691139914,0.0799281320619312,0.0026178241962305,0.078651169992306,0.0843996294971668,0.0813037029777963,0.078033569071329,0.0772525887710578,0.6142228561820406,0.0066301653303765,0.6121700713128755,0.6270161126599167,0.6136057990970034,0.6095429893695947,0.6087793084708127,39.35083869009307,0.2405650148282699,39.49215467048414,39.01873600121701,39.7264799638228,39.2371598446008,39.27966297034061,0.0763046737195867,0.0120283292940574,0.0645194642358657,0.0943889992706703,0.0847394005254362,0.0627014931630004,0.0751740114029609,0.6214849952495459,0.0131741277055514,0.6196440051902424,0.629052606495944,0.6412308387684099,0.6019366907350945,0.6155608350580389,29.2,19.538679586911694,19,67,11,25,24
-375,37.3978007680362,0.2241746144073592,37.33577665348643,37.785374513606435,37.33574531004601,37.094814929765526,37.43729243327662,0.4256252416015901,0.0286248997128529,0.4298202607435049,0.3798231267437492,0.4189103184287081,0.4693935654827,0.4301789366092878,0.9653066828078832,0.0139775057968236,0.9704498734670816,0.94145799727784,0.9609111191071186,0.9837670129599032,0.969947411227472,39.29175026633523,0.0735444724475484,39.33987808227539,39.3235188108502,39.32777254509203,39.32239752104788,39.14518437241063,0.0795588679301242,0.0023862059144969,0.0756009442336631,0.0811561158096248,0.0797466996520983,0.0786631666123867,0.0826274133428479,0.6180270258224372,0.0090664383777189,0.6230754906480963,0.6327284755128803,0.6165383521354559,0.6093597068931117,0.6084331039226416,39.34597520539255,0.2079873915842059,39.497071237275094,39.113865650061406,39.6663818359375,39.161959214644,39.29059808904474,0.0778069913161523,0.0099280511664078,0.0618145081468603,0.0822706527330658,0.0917568265488653,0.0797284689703674,0.0734645001816027,0.6255498347860394,0.0095854122513875,0.6307327106143489,0.627769612904751,0.6373920467766848,0.623075499679103,0.6087793039553093,22.6,3.929376540877701,24,17,21,29,22
-350,37.45587809454535,0.6155264735648697,37.54804532552503,37.62035944043976,36.26939647713888,37.82388765787341,38.017701571749654,0.4170374794104664,0.0654375610418727,0.4027132179933725,0.3984485161058682,0.5439061737552131,0.3832914718647593,0.3568280173331192,0.9552304924148874,0.0228165019431964,0.9552338934436286,0.9528139399499008,0.9959884949566162,0.9460766868492992,0.9260394468749922,39.2965950012207,0.0742164000611073,39.392823305996984,39.31472963275331,39.26365904374556,39.33819695675012,39.17356606685754,0.0777357686847222,0.0078025118447871,0.0652979293019708,0.0814382857008075,0.0892162705969178,0.0768200952884261,0.0759062625354889,0.6117912792798246,0.0164899150578173,0.6038306192918257,0.6213037452914498,0.6357526643709703,0.6114063840923887,0.5866629833524878,39.36695669925574,0.1823075022972711,39.534165584679805,39.13105357776988,39.60566214359168,39.20732255415483,39.35657963608251,0.071686760059586,0.0157496110591429,0.0550951828728571,0.0762752731415358,0.0991114818237044,0.0700127859740997,0.0579390764857331,0.6116222538731316,0.0176956816861029,0.6113351104837476,0.6123431686199072,0.6433691617214319,0.5999714732170105,0.5910923553235603,23.4,13.48480626483006,19,19,50,16,13
-325,37.90950976499577,0.1668092391972797,37.58954376535317,37.99803090832897,37.98002911597183,37.91584125007551,38.06410378524937,0.3634045178128272,0.022140085008561,0.4033277151510887,0.3531139324006346,0.3400627761771998,0.3699165813087188,0.350601584026494,0.9290435455509068,0.0162809414144241,0.9564557425754586,0.9221058315837506,0.9089564552012178,0.9366670932966408,0.921032605097466,39.28332544962565,0.0664334968545136,39.30907925692472,39.29669570922851,39.324882969711766,39.33310468269117,39.152864629572086,0.0845751551233909,0.0039798433289465,0.0873110170730135,0.0866755032629677,0.0864797437732869,0.0766796745416341,0.0857298369660522,0.6099767654231101,0.0121298253206732,0.6057856624776666,0.630162489233595,0.6168743679017732,0.5978127898591937,0.5992485176433217,39.370321366281225,0.2245772345727533,39.51392063950048,39.07588005065918,39.72283207286488,39.25810045184511,39.28087361653646,0.0744941837634101,0.0118893312823718,0.0625810254026543,0.087389336052266,0.0851035029486273,0.0582382266945911,0.0791588277189117,0.6141943460161036,0.0104853170740304,0.6125773706219413,0.6237373568794944,0.623574435710907,0.5950940675807722,0.615988499287403,14.2,2.5612496949731396,19,14,12,14,12
-300,37.558291893398646,0.294831564411313,38.048378108702984,37.384694010941026,37.459397463454415,37.70528183769934,37.19370804619543,0.4044412881443181,0.0385850536558136,0.3392941546194332,0.4273860700351676,0.4049652971557735,0.3952421247959137,0.4553187941153025,0.9534148224850292,0.0222073740882436,0.9135246682412844,0.9669862334261236,0.954864219291923,0.9520820201057748,0.9796169713600394,39.274362691243496,0.071461454359965,39.36653299042673,39.27165857950846,39.291637998638734,39.29527421431108,39.146709673332445,0.0832030607387423,0.0064041363772833,0.0713053575970909,0.0894207601068597,0.0873568316526485,0.0857593840778325,0.0821729702592799,0.6217314084370931,0.0091630411643722,0.6047165014527061,0.6278714402155443,0.6306817947012006,0.6203873220718268,0.6249999837441877,39.326699239557435,0.1961304968288845,39.473700899066344,39.09831983392889,39.6301216356682,39.185245398319125,39.246108430804625,0.0808844766748899,0.0106567072789334,0.0653967236196904,0.083465568269744,0.0979066773345976,0.0754303579416239,0.0822230562087938,0.6237393937327644,0.0111018822985987,0.6090338735869436,0.6220979789892832,0.6427582141124841,0.6184017405365453,0.6264051614385663,19.4,4.841487374764082,12,23,19,17,26
-275,37.89778579239993,0.5293889773276562,38.591085689584006,37.81042850140444,38.39895389989479,37.5006766958335,37.1877841752829,0.3551521628787837,0.0783550576870106,0.2554359884606194,0.3717933100523408,0.27481197573475,0.4185496596331449,0.4551698805130634,0.9155793949500802,0.0569005958083156,0.8421822073533363,0.9362142786537248,0.8542240452520626,0.965583256224996,0.979693187266281,39.29455857710404,0.0849304176387798,39.38743683786103,39.290092121471055,39.35664090243253,39.297545461943656,39.14107756181197,0.0814455424520102,0.0051838260181093,0.0738537211084004,0.0892461858351122,0.0789907440881837,0.084482457545219,0.0806546036831357,0.6119073618542064,0.0127494021055158,0.6150720742615786,0.6294904540885579,0.5902064821936868,0.6157135674447725,0.6090542312824365,39.38531190120813,0.2503515950212559,39.54985358498313,39.09752441175056,39.78604160655629,39.19966021451083,39.29347968823982,0.0708803780546242,0.0101031478594579,0.0534087711888732,0.0849743077362125,0.0708423649158441,0.0720237908376888,0.0731526555945024,0.6133675294392037,0.0044476195307312,0.6134632464611169,0.6047877782221996,0.6152960929003629,0.6168438214244265,0.6164467081879125,15.2,6.910861017268399,7,16,8,20,25
-250,37.22603063681691,0.6167510970161175,37.28525122416388,37.16568767901549,38.088727852732866,37.41948640961008,36.17100001856224,0.441797938789289,0.0767390188682049,0.4364969017579383,0.454990692359885,0.3223571537696209,0.4314115446867402,0.5637334013722607,0.962930813523912,0.0339920492645864,0.9703949468651998,0.97759985862319,0.897895955547844,0.9710288803602002,0.9977344262231256,39.26463498202237,0.0813615326538433,39.3077445752693,39.24347178141276,39.35192952011571,39.30276431459369,39.117264718720406,0.0853805596686222,0.005148198658313,0.0837736623926144,0.0949344093149358,0.0801452668948155,0.0820783555620547,0.0859711041786905,0.6212609800425443,0.0090195617518761,0.6261607887166919,0.6203567792068828,0.6043499319842367,0.6252138126980175,0.6302235876068925,39.32066197250829,0.2326606818332251,39.442451823841445,39.05665831132369,39.70991770426432,39.15192274613814,39.24235927697384,0.0831310643447619,0.0055210580420232,0.0744879727223605,0.0900008397910631,0.088133525272662,0.0811455076080605,0.0818874763296634,0.62447863871401,0.0069180977829318,0.6296330067244443,0.6258247603069652,0.6109176305207339,0.6290322325446389,0.626985563473268,27.6,15.14727698300919,23,27,11,21,56
-225,37.35355233261266,0.3672641580957127,38.03105313015967,37.01079539662784,37.23112896791439,37.0736139435129,37.42117022484848,0.4275252666670022,0.0484674012445433,0.3374770575577451,0.4712907684218023,0.4325076274036132,0.4687139717573972,0.4276369081944534,0.96341872633118,0.0260973440775243,0.9128224339681802,0.9840817537504372,0.9684515601580904,0.9823135592273832,0.9694243245518084,39.24437105583422,0.0613887603244904,39.32214771617543,39.21377390081232,39.274457642526336,39.268854083436906,39.14262193622011,0.0905156933617862,0.0056727492489252,0.0852295437714818,0.1007220304825089,0.0922274213622916,0.0885901601251327,0.0858093110675161,0.6345715045928955,0.0125438176235496,0.6332477873021906,0.6556084824330879,0.6294700864589575,0.637504057450728,0.6170271093195135,39.2906494140625,0.2230487522434924,39.45403902458422,38.98946160981149,39.61536002881599,39.13223798347242,39.262148423628375,0.089518076439642,0.0115833424693305,0.0754217011854052,0.1034105882951707,0.1030922043348916,0.084494343958795,0.0811715444239477,0.6361049832719746,0.0113411184946673,0.6404467875307257,0.6477781687722062,0.6464238952506672,0.6271077557043596,0.6187683091019139,22.2,5.912698199637793,12,29,22,27,21
-200,37.19393339648688,0.4169898407429253,37.240396322663294,37.58559075581659,36.61461839970854,37.69364292105448,36.83541858319155,0.4490565182621946,0.0438297792905717,0.4405693503999218,0.4052942029594146,0.5038916530068388,0.399764522142017,0.4957628628027807,0.9737291247574325,0.0154709576990336,0.9728327061712128,0.9573613687888864,0.9921640827483738,0.956004412518334,0.9902830535603552,39.2276188474713,0.0727552691352632,39.28290962450432,39.23408647017045,39.22567217277758,39.301576440984554,39.09384952891957,0.0919801418810631,0.0051872155673815,0.0879782656151236,0.0989441322444966,0.0965223794972354,0.0849695706062696,0.0914863614421902,0.6301421304543812,0.010176699717279,0.6379928164409868,0.619287619085023,0.6410373711224758,0.6164874344161062,0.6359054112073147,39.27377440712669,0.1826809972748551,39.39525141860499,39.03998305580833,39.56048110037139,39.182128559459336,39.19102790138938,0.0909334724148114,0.0107589693073712,0.0832258459801475,0.096770705965658,0.1067142752140308,0.0756262373743635,0.0923302975398573,0.6317346672217052,0.016411844798118,0.6450696307601351,0.6322091718514761,0.6466071804364523,0.6010202657092701,0.6337670873511921,25.8,7.520638270785266,24,19,36,17,33
-175,36.9010879437948,0.509843267431523,36.427704879918046,37.16985678918583,36.33377122387443,37.72499497403803,36.84911185195766,0.483861582672473,0.0523884944267498,0.5369041666542131,0.4569327886571589,0.5341279393004388,0.3969866756311397,0.4943563431194148,0.9824994325637816,0.0167860542462587,0.9958845671919204,0.9798698578913188,0.9956559323772942,0.95100120723862,0.9900855981197554,39.215635796749226,0.0599621757917811,39.23811710242069,39.22253556685014,39.19637067390211,39.30277864860766,39.118376991965555,0.0923114423781181,0.0061335195578914,0.0920340968860369,0.0980011768018205,0.1001608890453071,0.0839343347558469,0.0874267144015792,0.6406137811415122,0.0125388023059518,0.6598647616126321,0.6325451912301959,0.6510060113487821,0.6320258848594896,0.6276270566564618,39.252914463390006,0.1685694470492829,39.35833000414299,39.0109937841242,39.50506568677498,39.16212937326142,39.22805346864642,0.0941512829991001,0.0126544027741605,0.0889792571013624,0.101140702538418,0.1154678651329242,0.0813432030492659,0.0838253871735298,0.6425382670127984,0.0142380385873148,0.66492544520985,0.6423916410316121,0.64981465809273,0.631231652064757,0.6243279386650432,32.4,10.762899237658967,44,26,44,16,32
-150,36.95707890618708,0.5336638069666183,36.17216574285448,37.15689480181822,37.6479323868899,36.52664318281351,37.28175841655928,0.4762155977106586,0.0620907408501046,0.5620984041813722,0.4539699757222047,0.3869144563207921,0.5284275403342296,0.4496676119946942,0.9792702323382664,0.0183923625680775,0.998420326365638,0.9788157706408156,0.946363218666352,0.9947607050236968,0.977991140994829,39.199087015787754,0.0430760474530855,39.18025380914862,39.21575916174686,39.26979989716501,39.19025802612305,39.139364184755266,0.0964142041845303,0.0059062953590325,0.10199130780882,0.0990612822951692,0.0940627005289901,0.1010123450083263,0.085943385281346,0.643088120763952,0.0117878808813587,0.6611070163322218,0.6432978808879852,0.6392758000980724,0.6470959448453152,0.6246639616561659,39.250977637551046,0.2173162659814565,39.33420030998461,38.98438372756495,39.6230793577252,39.12608221805457,39.1871425744259,0.0962215653987545,0.0073087075376561,0.0930683131357937,0.1037385462021285,0.1044753391408559,0.0847692470997572,0.095056381415237,0.6426686043089087,0.0111139260324154,0.6553844773408138,0.6551808209130259,0.6416279565204274,0.6322702666123708,0.6288795001579054,32.2,14.019985734657508,55,26,16,41,23
-125,36.90861892700195,0.2902193600485921,36.78883578113674,36.644309014389194,37.099996429128744,37.380299007769715,36.62965440258537,0.4811023524741536,0.033652003286555,0.4929100142926285,0.5115260312852171,0.4481537231464976,0.4348162553974034,0.5181057382490217,0.98497579798256,0.0095211892086265,0.9903350189789054,0.9930890085770911,0.9756817141759028,0.9714059774408637,0.9943672707400372,39.192722690466674,0.0669168413676407,39.20570963079279,39.20724718498461,39.22411034323952,39.26148200757576,39.06506428574071,0.0987284913659095,0.0022360968795531,0.1000598549391284,0.0998890017526167,0.101362700009662,0.0952157352797009,0.0971151648484396,0.6418662244623358,0.0046876217159008,0.6486029480442856,0.6359054066918113,0.6459351407759117,0.6388685034983086,0.6400191233013616,39.24684436682499,0.2128420823370069,39.340423583984375,38.98168182373047,39.60559833411014,39.12856408321496,39.17795400908499,0.0965397851315863,0.0061176520525559,0.0926860894894961,0.1035396940159526,0.1040674992554792,0.0890067117006489,0.0933989311963545,0.6441817169839685,0.009308754821329,0.651779875610814,0.6571053085905133,0.641709411686117,0.63071234479095,0.6396016442414486,30.8,7.110555533852471,33,39,24,21,37
-100,36.88494282358701,0.2180200396977013,37.01930771660559,36.571305225804906,37.181307487881064,36.94162258659441,36.71117110104905,0.4842006233549609,0.028693398137537,0.4684250090540069,0.5219334293272078,0.4403614137590546,0.4832539669017202,0.5070292977328154,0.9865979042249856,0.007551544235859,0.983683871239731,0.9950427787820088,0.9736240155918082,0.988163001758536,0.992475853752844,39.17387473366476,0.0584069647582423,39.209411274303086,39.174407843387485,39.215943307587594,39.20887039646958,39.06074084657611,0.101147577578597,0.0028196871348245,0.1009581814040288,0.1039315116111979,0.1046275070332216,0.0989492516964674,0.0972714361480691,0.6550179031762211,0.0118336585428735,0.6722771868561254,0.6576857115283157,0.6605164417714784,0.6377382495186545,0.646871926206531,39.22962621053061,0.2227128914215568,39.32812754313151,38.9311172022964,39.59716253569632,39.139571218779594,39.15215255274917,0.099373050626706,0.0093344245798171,0.0961779098619114,0.1117834747966491,0.1062706629040114,0.0844594860505877,0.0981737195203701,0.6564047540679121,0.01685085314965,0.6748839056853092,0.6784681280454,0.6480632749470797,0.6389906912138967,0.6416177704478755,30.8,6.013318551349163,27,40,23,29,35
-75,36.689218847530405,0.5532772014342952,36.48054103261417,37.28856938155656,35.821332833201616,36.56677257891783,37.28887841136185,0.5024266013779591,0.0570937443837798,0.5232901010931152,0.4359770819698412,0.5876532799189853,0.5238274821301097,0.4413850617777441,0.9871173335104876,0.0116594733903731,0.9953500978725472,0.9716910289734908,0.999407620774102,0.994814147654268,0.9743237722780288,39.16874086784594,0.0401194653085879,39.19044078480113,39.21934266523881,39.1247277693315,39.191196788441054,39.1179963314172,0.1012188972002177,0.0080387289355236,0.1038611109058062,0.1021756758405403,0.1116010399930405,0.1016338727239406,0.086822786537761,0.6579402714064626,0.0140403690907794,0.6760039744955121,0.6556492140798857,0.6709331039226416,0.6495397325718042,0.6375753319624698,39.21415716229064,0.167686461227977,39.337008042769,38.99981267524488,39.46699928514885,39.097344022808656,39.16962178548177,0.1015920629499085,0.0109626669500841,0.0939206661600055,0.1055280324636083,0.1209753117326534,0.0899984933097254,0.0975378110835498,0.6591886440912883,0.0149550483049488,0.6687947872913245,0.6620234413580461,0.6804231676188383,0.6422287252816287,0.6424730989066038,38.4,16.668533228811707,41,23,68,38,22
-50,36.76126945731566,0.527552246214141,36.11538818202068,36.811662772267134,37.61787048811765,36.31133899492087,36.950086849251974,0.4930119429052491,0.0627358916510875,0.5633077000834278,0.4915346300479063,0.385809783161301,0.547603848054237,0.4768037531793732,0.9842177477079568,0.0183409931462943,0.9983995446224804,0.9905428628331608,0.9484936674845588,0.996767925232956,0.9868847383666284,39.16478867964312,0.0507078296287067,39.14141487352776,39.17330007842093,39.248070456764914,39.169057441480234,39.09210054802172,0.1028031643875168,0.0056094707858443,0.1081027247463211,0.1084324510937387,0.1003817641035173,0.1038175098541559,0.0932813721398512,0.6551095462206639,0.0130494354570944,0.6716051480986855,0.6697519331267385,0.6423407314401685,0.6499979523095217,0.6418519661282048,39.210880395137906,0.2276302905694966,39.28886436693596,38.93104564782345,39.60154539166075,39.07040694265655,39.162539626612805,0.1038118408541336,0.0086423601834952,0.0993370240497769,0.1170856928960843,0.1106694389247533,0.0940289040745207,0.0979381443255327,0.662719922174107,0.0172640311721649,0.6767065633427013,0.6891699054024436,0.6486742216529269,0.6544985924706315,0.6445503280018315,35.6,13.865064009949611,55,32,16,47,28
-25,36.61172018935999,0.3103271310027884,36.59866718410217,36.317467207761155,36.73173511151186,36.27944501896494,37.13128642445987,0.5112317543054364,0.0344599698725392,0.5098177403518834,0.5459282926677429,0.4895038036341519,0.551240603333896,0.459668331539508,0.991585375844818,0.0062700402617988,0.993317639704832,0.9975369670956404,0.988844448143674,0.9974330436323108,0.9807947806476318,39.13410785559452,0.0298356956431665,39.15405354355321,39.13469938798384,39.17230143691554,39.12559023770419,39.08389467181581,0.106717758882565,0.0066663356515149,0.110488115203087,0.1133035005945147,0.1050917636885336,0.1102223124806628,0.0944831024460268,0.670963651303089,0.0145277787970553,0.6734379927317301,0.6898317662152377,0.6691308057669437,0.6770120398564772,0.6454056519450564,39.142330978855945,0.2075666723650635,39.233695637096055,38.88376964222301,39.47908829197739,38.978692372639976,39.136408950343274,0.1135843395283728,0.0082772362506654,0.11281252567741,0.1234349792428088,0.1219861935824155,0.1081268461703351,0.1015611529688943,0.6794497191905975,0.0199345485417354,0.6875203504706874,0.7053702130462184,0.684526699962038,0.6750977256081321,0.6447336068659117,37.8,9.558242516278815,36,48,32,49,24
0,36.674405249369514,0.6818828370877316,35.62888821867323,37.74057128748943,36.72060358893011,36.85386248716374,36.42810066459105,0.5005817911059587,0.0734777103455134,0.6091466736547726,0.3834624093832429,0.4886820577469069,0.4869259131937912,0.5346919015510795,0.9833771518825256,0.0203708475393227,0.9995219400248576,0.9434488882723544,0.9887004390205304,0.9893507091040464,0.9958637829908392,39.13090834184127,0.0825627849837112,39.04401628898851,39.24713481556285,39.158828966545336,39.175101193514735,39.029460444594875,0.1083240977855342,0.0082445184407772,0.1230082142195015,0.0994334323049494,0.1096677581186999,0.107748752092999,0.1017623321915214,0.6716906782352563,0.0194611225670441,0.705176749012687,0.6480938250368292,0.676920397715135,0.6580522728688789,0.6702101465427515,39.18887922113592,0.1723071291088835,39.1825407779578,39.017356699163265,39.51688477487275,39.1057682615338,39.12184559215199,0.1054675861459338,0.0098526594197419,0.1149003959514878,0.1056343407341928,0.1155521605220256,0.0885213813321156,0.1027296521898472,0.6692305917089636,0.0203625487656048,0.7033846324140375,0.6601600484414534,0.6807184580600623,0.6475032306078708,0.6543865890213938,41.2,24.260255563369487,87,16,32,30,41
25,36.8173085006242,0.379832416314636,37.47288344078457,36.53744117500856,36.71999127102881,36.96537438618768,36.39085223011135,0.4850813774103971,0.04483814148991,0.4076632884974332,0.5193239465816734,0.4848615493356567,0.4755976931335999,0.5379604095036221,0.985940807996337,0.0124284851102715,0.9620988233802245,0.9944088452870083,0.9882832611959004,0.9878853780707132,0.997027732047838,39.132026903557055,0.0778437636748729,39.20760657570579,39.14523662220348,39.16508310491388,39.16025450735381,38.98195370760831,0.1083414108153771,0.001968392066081,0.1044209203259511,0.1096678397646456,0.1092042444330273,0.1092147798503212,0.1091992697029402,0.6702712413036462,0.0038435461399211,0.668153287786426,0.6744358720201434,0.6753624795061169,0.6672674092379484,0.6661371579675963,39.180178463097775,0.2409646040979927,39.38470112193715,38.84510612487793,39.516375454989344,39.04539478186405,39.1093148318204,0.1069594243146253,0.013732484709371,0.0865383056754415,0.1271081881766969,0.115949192620588,0.10185966211738,0.10334177298302,0.6687581260999044,0.0115601516467832,0.6594778227083611,0.6903612505305897,0.670831277514949,0.6596305614167993,0.6634897183288228,31.8,8.953211714239757,18,40,30,28,43
50,36.99267681947688,0.409634556057075,36.880557935262466,37.44487624807456,37.502056554420705,36.5970007906255,36.538892569001185,0.46543827499311,0.0500909986604558,0.4772327938645156,0.4177732264872679,0.3970300312509242,0.5145982230447003,0.5205571003181418,0.9797381845946164,0.0158434956973565,0.987996722619558,0.9649760409728768,0.9566799230182294,0.9941178560256958,0.994920380336722,39.14050052527225,0.0654600054295541,39.116692745324336,39.188789598869555,39.225434852368906,39.13740030924479,39.03418512055368,0.1090199378347306,0.0055121054719585,0.1175915763120759,0.1091259823208957,0.1038253193326068,0.1120419322202603,0.1025148789878144,0.6688742072293252,0.0098751050843227,0.6838546539797927,0.6715338717807423,0.6577977149775533,0.6730714241663615,0.6581133712421764,39.18249620379824,0.2309438769004975,39.26980833573775,38.9175480929288,39.583602327289,39.03203848636512,39.109483776670515,0.1098410396695588,0.0070894576129789,0.1049612616329933,0.1232631437932,0.1101917303872831,0.1034360783682628,0.107352984166055,0.6616874225211865,0.0026464098008896,0.6644570592677954,0.662827856612928,0.6567998347860394,0.663092604189208,0.661259757749962,28.2,8.565045242145542,29,20,17,37,38
75,36.93722421705108,0.2828264480819854,36.76685997874466,36.64044897335092,36.91415070995842,36.89757844590649,37.46708297729492,0.4711349351504414,0.0294359491484361,0.4882241183335019,0.5056142548924869,0.4652889625927837,0.4780399390717142,0.4185074008617204,0.9841662775609912,0.0092005465475022,0.9897352291136672,0.993240436327826,0.9835072006146932,0.9874622569870704,0.9668862647616986,39.13126699274237,0.0394283505388752,39.11832058068478,39.11966878717596,39.19554311578924,39.14710929177024,39.07569318829161,0.109595145635081,0.0058259518898963,0.1171180916329224,0.1138336789991819,0.1074334414901607,0.1095068335928248,0.1000836824603152,0.6698517244873624,0.015479688394703,0.6877545407324126,0.6734481724825773,0.6805860869812242,0.66445705204299,0.6430127701976083,39.18470591920795,0.221083906675258,39.244254719127305,38.89220549843528,39.55648352883079,39.054329843232125,39.17625600641424,0.1076281734347117,0.0074975264725479,0.1109088951665343,0.1175052184526893,0.1119331523042285,0.0979643904914458,0.0998292107586607,0.6661290139862985,0.0147384972286193,0.6899335926229303,0.6722262754584803,0.6660658825527538,0.6555168448072491,0.646902474490079,28.0,5.89915248150105,31,36,27,28,18
100,36.791125614126926,0.2515011731642362,36.851273998771745,37.00833114152102,36.76573936226442,37.0065212053122,36.32376236276528,0.486192745892043,0.0267804560479483,0.479245749945493,0.466790307428419,0.4793478047724852,0.4669886609328161,0.5385912063810014,0.9885007739067078,0.0042800234971456,0.9880486880381084,0.9856584311760578,0.9878408374245634,0.9843519588106686,0.9966039540841408,39.09445812340939,0.0615975761332951,39.10363838889382,39.16269487323183,39.09708358302261,39.128667889219344,38.980205882679336,0.1156178039385739,0.0057624166739145,0.1211331905514905,0.1107600701577735,0.1221553495464225,0.1166777373150442,0.1073626721221389,0.6890680821556034,0.0079576412227138,0.6936807397640112,0.6969900438279817,0.6946989911975283,0.6842212261575641,0.6757494098309315,39.13938046079694,0.1874731296381824,39.23676311608517,38.886963237415664,39.44113806522254,39.084881060051195,39.04715682521011,0.1158999155473076,0.0132256966771046,0.1135579101515538,0.1266355694017627,0.1313895134989059,0.0932642838381456,0.1146523008461703,0.6788550622535474,0.0113644414306416,0.6868890289104346,0.6873472459388502,0.6857587803493846,0.657471877155882,0.6768083789131858,31.6,7.337574531137657,29,27,30,26,46
125,37.008459456925536,0.4612446396474898,36.6782058243899,37.61591111016027,36.96827835397622,36.36271050050087,37.417191495600434,0.460800153692973,0.0499443557859887,0.4949905488294424,0.3958853160597614,0.4563649708462745,0.5351756688245793,0.4215842639048075,0.9791037201881408,0.0153018013590681,0.9918448838990988,0.9545539304153208,0.9817301004203324,0.997048522393728,0.9703411638122243,39.13314102635239,0.0640576433421304,39.11803447838986,39.22392746896455,39.16617965698242,39.12900681929155,39.02855670813358,0.1094709726614933,0.005265573598607,0.1155765198848464,0.1025838803387049,0.1140405895527113,0.1111731456423347,0.1039807278888695,0.665389766476371,0.0134232488491947,0.6715847795659845,0.6420556180404894,0.6811155712965763,0.6720022631414009,0.6601906003374042,39.20112813313802,0.2094255479081518,39.292461742054336,38.98628535415187,39.55009564486417,38.994585326223664,39.18221259839607,0.1049896929095584,0.0071976982320726,0.1005807371076309,0.1101097347722812,0.1155245563008286,0.1037917347399122,0.0949417016271388,0.664823618621537,0.0139734243241231,0.6804435235081296,0.6427785736141782,0.6690187978022026,0.676574190457662,0.6553030077255133,27.4,9.810198774744578,32,17,25,44,19
150,36.60351703289858,0.3096228405422723,36.46744155883789,37.01465728602459,36.486894037305696,36.15986106321984,36.88873121910488,0.5063769671105847,0.0315596288125023,0.5206216367864117,0.4646803730541898,0.5091930050210854,0.5556214642278927,0.4817683564633438,0.992336598376638,0.004704086925414,0.9950116055527912,0.984691936330697,0.993795686775876,0.99837876103588,0.9898050021879452,39.08708440607245,0.0497013747848451,39.0796943433357,39.161102410518765,39.10753354159269,39.079660126657195,39.007431608257875,0.1146505269221961,0.0064236878744638,0.1213653791470058,0.11019968477106,0.1188278085354602,0.1186140578691706,0.1042457042882839,0.6908092843763756,0.0143266580445388,0.7019590861869581,0.6852191090583801,0.7034049991405371,0.6982730356129733,0.6651901918830294,39.11419291640773,0.2002725578959006,39.20820871988932,38.887502150102094,39.45001162904681,38.95384216308594,39.07139991991448,0.1183115251870317,0.0068463318695326,0.116133912833351,0.1248003799806941,0.1277981179230141,0.1124916114759716,0.110333603722128,0.6867912780154836,0.0109909108635534,0.7037206545020595,0.6727150371580413,0.6943120450684519,0.6837120977315035,0.6794965556173613,36.2,8.471127433818948,38,27,36,51,29
175,36.70686593596467,0.7664719656928126,36.419494353618816,38.11586376072205,36.71460063187117,36.4825905082152,35.80178042539616,0.4899272219421937,0.0872368653267047,0.5230466419274045,0.3317292854957974,0.4797825582863129,0.5209170844137054,0.5941605395877484,0.9776744867108532,0.0346972411932233,0.996061243347286,0.9086065802377524,0.9890151804255456,0.9952714166690394,0.9994180128746426,39.09718768957889,0.1538085160021887,39.13540961525657,39.263646906072445,39.14177576700846,39.13997476751154,38.80513139204545,0.1176136846117901,0.003518428630975,0.121327717365189,0.1113652392770304,0.1206043312382517,0.1174615602375883,0.1173095749408909,0.6919313887755077,0.0077188906152716,0.6999022238182299,0.6992200016975403,0.6876629013003726,0.6935992764704155,0.6792725405909799,39.14732158545292,0.2060069039554382,39.23212617816347,39.02169308517919,39.457281170469344,38.844041072961055,39.18146642049154,0.1148355829896349,0.0060721255335101,0.1124328197064724,0.1129869220947677,0.1260614037852395,0.1078254194986639,0.1148713498630307,0.6864023100246082,0.0109013955082738,0.6930901552691604,0.6742424043742093,0.6959412477233193,0.6720735376531427,0.6966642051032095,38.8,21.939917957914066,38,11,29,38,78
200,36.72235207311886,0.4800927026567675,37.46860838427986,36.03235307673818,36.96851974172691,36.490148957242674,36.652130205606674,0.4913332515156146,0.0557680456331672,0.4096135638423802,0.5712419606975674,0.4522315847504999,0.5195678386491599,0.5040113096384659,0.9864971517287578,0.0129733741945859,0.963488933351851,0.9988672057377924,0.9811248637966274,0.99553122962873,0.9934735261287886,39.09805173006925,0.1211809537287742,39.188799771395594,39.123786463881984,39.18838223544034,39.12689706050988,38.86239311911843,0.1166994387453252,0.0025489003812173,0.1163890583045554,0.1186530857036511,0.116937577103575,0.1194155683571642,0.1121019042576804,0.6872535640543157,0.016183716944041,0.6719920797781511,0.7176910024700742,0.6836000933791652,0.6874287038138418,0.6755559408303463,39.13030637105306,0.2860655866335129,39.287304386948094,38.75341409625429,39.510420828154594,38.84386016383315,39.25653238007517,0.1169832004685745,0.0139425086684427,0.1047890472479842,0.1411155514193303,0.1241689534067656,0.1092103890171556,0.1056320612516367,0.6849767648812496,0.0109824352652102,0.6749755378925439,0.7020609125946508,0.6793234601165309,0.6748228091182131,0.6937011046843096,35.4,15.2,18,62,24,39,34
225,37.17068269867258,0.6835952482790534,38.21796358246164,37.591040031197146,37.024843196278994,36.21980946334367,36.799757220081446,0.4404535388516396,0.0813045017014939,0.3106181533987989,0.4000102982078631,0.4510332837547223,0.5494185219105986,0.4911874369862153,0.964767101376327,0.0362659846348574,0.8985947204619339,0.9546618111354788,0.9805349738327498,0.9978383503009364,0.9922056511505364,39.13509898330226,0.1447652532133599,39.27653214425752,39.257150476629086,39.14937684030244,39.12092763727362,38.87150781804865,0.1126739321163658,0.006930259552522,0.1047530035403641,0.1061386822186636,0.122057883661579,0.1193191572233583,0.1111009339378638,0.6810239286133738,0.0181858734623817,0.6550789963115345,0.6977842721072111,0.6926217611991998,0.6965827436158152,0.6630518698331082,39.18870620727539,0.2685346650383842,39.43941474683357,38.93185771595348,39.49197040904652,38.82149158824574,39.25879657629764,0.1083244187249378,0.0168275191640336,0.0774804829535159,0.1223360664690985,0.1239417272083687,0.1123607528932166,0.1055030641004894,0.6733422758001271,0.0168916312613584,0.6445197779120821,0.6639479272293322,0.684740530722069,0.6837426496274543,0.6897604935096971,26.0,13.899640283115245,9,17,24,50,30
250,36.7756904208783,0.3607512733691843,36.5167162787054,37.332297177658866,36.699429856133214,36.31607012404609,37.01393866784794,0.4862799866912292,0.0400581455247636,0.5178386240275865,0.4258090675491647,0.4838938310588758,0.5398442791294806,0.464014131691038,0.9881005503467678,0.0094336054197902,0.9955416174279046,0.9708532002783312,0.9902622687447932,0.997318723767074,0.9865269415157356,39.11079002149178,0.1172081437402377,39.11388963641542,39.22994544289329,39.176277391838305,39.14452940044981,38.88930823586204,0.114542714094348,0.0060248153649578,0.1247504942796447,0.1076549884270538,0.1159540343691002,0.1150638658948468,0.1092901875010945,0.6860377790349903,0.0145684960571534,0.7029060540777264,0.6847609010609713,0.691216587117224,0.6919700828465548,0.6593352700724746,39.104998952692206,0.2454786900260928,39.194869070342094,38.81467108293013,39.45769026785186,38.83789351492217,39.21987082741477,0.1228411154426408,0.0121288558874705,0.1189750559966672,0.1432677721886923,0.1287720046485915,0.1088347495392416,0.1143559948400114,0.6831703944639727,0.0169058394068924,0.7057367807084863,0.676655650138855,0.6909925702846411,0.6549364409663461,0.6875305302215345,32.2,8.518215775618742,38,21,31,45,26
275,37.167504245718725,0.455777344482706,37.46041236956095,37.188971686609015,36.535001066542165,37.82744032083099,36.82569578505054,0.4440391329145923,0.0482347607999671,0.4123228981937329,0.4449183160496741,0.5044582931651282,0.3720718477804636,0.4864243093839626,0.974112160304158,0.0183457756843691,0.96594402101851,0.9774588186716296,0.9934111692241788,0.9431282109820964,0.9906185816243752,39.137268736868194,0.1520402938207941,39.242607694683656,39.16539359815193,39.152752153801195,39.27769227461381,38.847897963090375,0.1123688048824216,0.0064898737057585,0.1077242581681771,0.1189936687605399,0.1170605784564307,0.1019313324976599,0.1161341865293004,0.6860866528568845,0.012104770156556,0.6785190430554476,0.7090257207552592,0.687785085403558,0.6770120353409739,0.6780913797291842,39.171723059451935,0.2184770746060335,39.363135597922586,38.85122010202119,39.42579142252604,38.99317423502604,39.22529393976385,0.1106361517033567,0.0199782639291277,0.0893495580971692,0.1317372783369413,0.1325516309024709,0.0859708993723898,0.1135713918078126,0.6858830043763826,0.0150454026114183,0.6858504197814248,0.6947702620968674,0.6960939873348583,0.6567692865024913,0.6959310661662709,23.6,7.49933330370107,18,24,34,13,29
300,37.26938070710172,0.5500299473605805,37.35894622016199,37.620226751897754,37.657826925061414,37.520968604333625,36.18893503405384,0.4307237872757862,0.062393084175021,0.4210071136656496,0.3951371690047155,0.3763773748555134,0.4091865371183021,0.5519107417347505,0.965553958514302,0.0184815303698628,0.9692087234910002,0.9532875406373408,0.9430782291078076,0.9644296949671716,0.9977656043681902,39.15289112437855,0.1532641921460988,39.194982355291195,39.2369718840628,39.24898101344253,39.234989166259766,38.84853120283647,0.1125844437911203,0.0025523691771921,0.1172850268582503,0.1118568557342796,0.1094935633467905,0.1121956911784681,0.112091081837813,0.6833842264883446,0.0128160237769747,0.6998818643165358,0.6807591879006588,0.6749857275774984,0.695757963440635,0.665536389206395,39.18619881832238,0.2558033059147601,39.31622522527521,38.91991077769887,39.59884042450876,38.92372200705788,39.1722956570712,0.111990361841339,0.0101769682629416,0.098407978925741,0.1275143839531775,0.1101523111151023,0.1052679892516497,0.1186091459610245,0.6736823690660072,0.0081799347232988,0.6758308690605741,0.6638868360808401,0.6647523406780127,0.6848729036071084,0.6790688959035006,23.6,13.792751719653332,19,17,14,17,51
325,37.101032516636806,0.481633010206789,37.31949143557205,37.485372327037695,37.59911185195766,36.78549890419872,36.31568806441789,0.4482941870222386,0.0558378317773973,0.4220239268135778,0.412436838002549,0.3828172388765001,0.4877577212053476,0.5364352102132187,0.973810087282633,0.0187032957282117,0.97024648275572,0.9637759641273734,0.9461063785651296,0.9916964204041,0.9972251905608422,39.13361441872336,0.1614715477974005,39.19256302804658,39.22870601307262,39.28574937762636,39.13517368201053,38.825879992860735,0.1133047858930446,0.007144995468569,0.1157812504380038,0.1102131105056314,0.1013566810411937,0.1225770797693368,0.1165958077110576,0.6850582231174817,0.0106738074128188,0.6966132900931619,0.6761974385290435,0.6753828344923077,0.6994949326370702,0.6776026198358247,39.159936384721235,0.267312808646133,39.248103286280774,38.91138822382147,39.58967012347597,38.842524499604195,39.207995790423766,0.1152020685544068,0.0051752246035759,0.1144106699661775,0.1253845611812942,0.1120165678474939,0.1124179971714814,0.111780546605587,0.680347812356371,0.0146715730156542,0.6908296491160537,0.6628482179208235,0.6651800040042761,0.6818487111366156,0.7010324796040853,25.4,10.55651457631732,19,19,15,30,44
350,37.34833230873973,0.5015939849681884,36.550156740798165,37.62487832295526,38.01927900805916,37.47751609566286,37.06983137622322,0.4219569406558558,0.0607589288396461,0.5097377625937315,0.3964258303347322,0.3286671549389043,0.4160737109552954,0.4588802444566156,0.9613572003915138,0.0311489265366096,0.9941881280584434,0.952229990172632,0.9063306377106106,0.96775526975848,0.9862819762574028,39.13374515880238,0.1415279317395635,39.09227891401811,39.206100232673414,39.283570260712594,39.20834234989051,38.87843403671727,0.1138103328927448,0.0060221643072797,0.1249525383622808,0.1138535731782515,0.107329960630247,0.1128926514224572,0.1100229408704873,0.685832092436877,0.0189612572978844,0.7125488537730593,0.693864025852897,0.6767574765465476,0.6904223489038872,0.6555677571079948,39.17205515774813,0.2660105781363859,39.171628431840375,38.90781940113414,39.63862205274177,38.919577280680336,39.22262862234405,0.1130220119248737,0.0086477921260039,0.1189348084682768,0.1255371270306182,0.107399545045513,0.1007571042600003,0.11248147481996,0.6769407590230305,0.0188526231660748,0.7115102482564521,0.6810952063762781,0.6605062502803225,0.6706072615854668,0.6609848286166335,21.2,8.795453370918409,36,17,10,18,25
375,36.9910956943158,0.3811866799628212,36.720352054871235,37.69649568538076,36.601815685783464,37.00750181847012,36.92931322707344,0.4609758079666452,0.0397524914686299,0.4903274107839643,0.3841941799085164,0.491892405084728,0.4641244273210309,0.4743406167349864,0.9805186376129228,0.0170402478870763,0.9915301418796028,0.9466259983397022,0.9898257876179882,0.9860533439007002,0.9885579163266212,39.10650586214932,0.1177273150170817,39.12672354958274,39.23270936445756,39.13133459380179,39.15814486416903,38.8836169387355,0.1162462141590588,0.0062747387367701,0.1232063542825706,0.109132202765481,0.1231237702410329,0.1166196278381076,0.1091491156681017,0.6891006632284684,0.0098240608674661,0.7069383101029829,0.6851885517438253,0.6919599012895064,0.6808406493880532,0.6805759036179745,39.14817739544493,0.2118331669286617,39.217294404000945,38.93015017653956,39.451559008974016,38.886439236727625,39.25544415098248,0.1154589918018742,0.0095124177727496,0.115638963257273,0.1211994654978766,0.1298399295544985,0.1034971423108469,0.1071194583888758,0.6827325466907385,0.0101975842660182,0.6973871570644956,0.6681940176270225,0.6797409346609404,0.6778164505958557,0.6905241735053785,26.4,5.678027826631356,31,16,32,26,27
400,36.700877325313606,0.3760293967221826,36.37602288944205,37.34708404541016,36.90041020973442,36.37561593596468,36.50525354601673,0.4944276850862601,0.0423963501406035,0.5319095183279097,0.427973037220768,0.4607198505671983,0.5314905302426249,0.5200454890727997,0.9883924291305934,0.0104287138292452,0.9970485236226898,0.9709779110151469,0.9817197034039448,0.9971108731535292,0.995105134457657,39.083764232288715,0.1216660043094376,39.09172774806167,39.20521129261363,39.153470472856,39.11557850693212,38.85283314098012,0.1187954939168059,0.0050282970505826,0.1258053394373167,0.11422370408069,0.1185720087678143,0.1228784664788029,0.1124979508194056,0.6960227090300936,0.0126791001985545,0.7044232469616514,0.6916442495403867,0.7029976971221693,0.7079158371145075,0.6731325144117529,39.096898096257995,0.2434382544820419,39.15770663637103,38.88032323663885,39.49039482347893,38.80109925703569,39.154966527765446,0.1228571597260959,0.0049343950203856,0.1220257750740557,0.1317809610768701,0.1215305915384581,0.1165787472643635,0.122369723676732,0.6932856599489847,0.016485987008586,0.7120295483054537,0.673723098003503,0.6732037970514009,0.7024682082913138,0.7050036480932524,33.8,9.064215354899728,42,21,25,43,38
425,36.86529007744544,0.2469012069026596,37.188895864585014,37.10908948760672,36.528508373142515,36.73227723111811,36.767679430774805,0.4781281903232496,0.0262422159279537,0.4373562047162007,0.4570359013129755,0.5050659542231216,0.4960691059373088,0.4951137854266412,0.9869273939083532,0.0068135932252001,0.9760573272852554,0.9816885301747272,0.9923135318706944,0.9921848644915316,0.9923927157195572,39.087550885749586,0.1154088608241763,39.1756977890477,39.15380096435547,39.11460229122277,39.13328829678622,38.86036508733576,0.1196880905917196,0.00443895170122,0.1204226609658111,0.1208560292919476,0.1245342048280166,0.1213317967273972,0.1112957611454255,0.7010752493684943,0.015380728197558,0.7133227243567958,0.713994764920437,0.7083027669877717,0.6968984025897402,0.6728575879877264,39.11138639739065,0.2464999985257607,39.24851654515122,38.80049682385994,39.45328429251006,38.858017430160984,39.19661689527107,0.1221629405281309,0.0122494756746979,0.1144324965831456,0.1433494851896257,0.1275261852212927,0.1085241687004313,0.1169823669461589,0.6900333778424697,0.0101980000095349,0.6950960990154382,0.6987719770633813,0.6813905040423075,0.6746089666178732,0.700299342473348,29.2,4.621688003316537,22,26,35,32,31
450,36.66917791464895,0.4188219922536765,36.34561715666781,37.48150198238413,36.42815690188064,36.43640750216455,36.65420603014759,0.4970582845899248,0.0440870581667171,0.5296237182985876,0.4109665668502296,0.5106428231775146,0.5285148211975688,0.5055434934257232,0.98801127364955,0.0134710003845637,0.9967887082050756,0.9612674295287772,0.9922472238540648,0.9960716329899032,0.9936813736699291,39.07879049127752,0.1052660127571333,39.09620516227953,39.18946445349491,39.127349737918735,39.10202916463216,38.878903938062265,0.1202730911247658,0.006049266891881,0.126672944731333,0.1182747521070819,0.1217573251236568,0.1250273817585724,0.1096330519031846,0.6960736197052579,0.0070632124511604,0.7013888657093048,0.6928152315544359,0.6966031139547174,0.7049527330832048,0.684608154224627,39.13275643550988,0.2297472902576995,39.178871039188266,38.88584414395419,39.48518833969579,38.87649247140595,39.23738618330522,0.1167883439045964,0.0091773070784106,0.118876649828797,0.1309239241209897,0.1200798548137148,0.1042306657993432,0.1098306249601371,0.6903653273076722,0.0210320635532093,0.7150537425821478,0.6550789972146353,0.69190898808566,0.6823680202166239,0.7074168884392941,34.4,8.260750571225353,42,19,36,41,34
475,36.61165872947457,0.3775721753076195,36.917341645230955,36.31351411957102,37.18907252046251,36.433157065480025,36.20520829662834,0.5046183130175796,0.0446893384948711,0.4689659519293873,0.5392905541302002,0.4357218478143829,0.5268220419121772,0.5522911693017507,0.9897060329152136,0.0105298357014052,0.9872900419628498,0.997048522393728,0.9700945517451492,0.9959988852137144,0.9980981632606272,39.074202751390864,0.098191220892107,39.13183119802764,39.086609233509414,39.184583721738875,39.07419932972301,38.893790273955375,0.1157244284298609,0.0047004364392613,0.1139612517912279,0.1171044138344851,0.108558200243296,0.1230772430020751,0.1159210332782205,0.6975154580491962,0.0059768870757075,0.6993218299114343,0.7079056465264523,0.6968882210326918,0.6919293566183611,0.6915322361570416,39.101948131214485,0.2801255288933414,39.201609178022906,38.798154426343515,39.558851877848305,38.81836688879764,39.13275828506007,0.1182418255022529,0.0096027315932809,0.119392939391687,0.134523563764312,0.1167705340141599,0.1045561438482819,0.1159659464928236,0.6829850724249176,0.0123170760059526,0.6893633712421764,0.6890578992439039,0.6606182600512649,0.6798325777053833,0.696053253881859,37.2,10.92520022699813,28,47,21,41,49
500,36.83686334668975,0.1964612210636373,36.879585541400715,36.64209908554234,37.19882988683956,36.72260500721096,36.7411972124552,0.4826831420057827,0.0258870902237947,0.4767268874596074,0.5035517375493787,0.4345245687002988,0.5012846146662211,0.4973279016534078,0.9871879168392456,0.0081868078907921,0.9879329843619435,0.992569386344595,0.9711714055120332,0.9924238907922176,0.9918419171854392,39.087405464865945,0.082684407341024,39.11823399861654,39.09926443388968,39.16526077732895,39.126546801942766,38.92772131255179,0.1155785052162228,0.0025096716336701,0.1197712845592336,0.1169243563305248,0.1126884369913375,0.114601793811854,0.113906654388164,0.6944484981623564,0.0097132997232642,0.7016434308254358,0.7049120032426083,0.6978453704805085,0.6901372400197116,0.6777044462435173,39.11149890784061,0.29620977061277,39.22568858753551,38.77352691419197,39.57278326785926,38.805064750440195,39.18043101917613,0.1188160257696202,0.0119289864702505,0.1176505738474202,0.1419002326826254,0.114842025788896,0.1093615113447109,0.1103257851844484,0.6808080619031733,0.0089259317732086,0.694546255198392,0.6801686015996066,0.6703628861542904,0.6725317492629542,0.6864308173006232,30.4,5.238320341483518,29,36,21,34,32
525,36.72637612254349,0.341436651434949,36.19322601790281,36.97672236334417,36.70106935009514,37.18691646929869,36.57394641207666,0.4951589371125722,0.0354271912383272,0.5525626288246863,0.4764643225473227,0.4844930703492509,0.4485506366208656,0.5137240272207358,0.9893779280259436,0.00618625200783,0.9983060108017676,0.985918241063344,0.9880318610938554,0.9806324618378864,0.994001065332865,39.09073148785215,0.0887322343146801,39.08096498431581,39.16087017637311,39.11713802453244,39.16959115230676,38.92509310173266,0.1144167672221859,0.0031720506535141,0.120202079499987,0.1120948124902718,0.1154505412348292,0.1118025308418454,0.1125338720439961,0.6907033835396622,0.0156479502839999,0.7165301965944695,0.6963281775965835,0.677887726913799,0.6910740299658342,0.671696786627625,39.123459579005385,0.2534953412839366,39.175555258086234,38.881039474949695,39.55453595248136,38.85306629990087,39.15310090960878,0.1157891406367222,0.0084315701640504,0.1194763993562171,0.1300958381457762,0.1115741357771736,0.105400851560813,0.1123984783436312,0.6799120028813681,0.0232754774587126,0.7210715774333838,0.6715542312824365,0.650445970621976,0.6722873738317778,0.6842008612372659,34.2,8.634813257969162,49,30,30,24,38
550,36.6802564483328,0.3803559926568126,36.57167670653038,36.57767321399807,36.745595361768586,36.16744711964401,37.33888983972294,0.4994116355463401,0.0402109342478728,0.509458869388423,0.5127605276623952,0.4819276978060142,0.5576204467065555,0.4352906361683127,0.9888696884371572,0.008542296126526,0.9936917676139124,0.9934007777381187,0.9857415710527871,0.9978383496864556,0.9736759760945114,39.10229156956528,0.0605172831750574,39.1126261624423,39.13648686264501,39.1818452314897,39.079034053918086,39.00146553733132,0.1121550233695994,0.0066625890420411,0.1158235876284765,0.1121798459384025,0.1055482582499583,0.1225726904742645,0.1046507345568953,0.681922021779147,0.018924765735864,0.6878156336871061,0.6948517244873624,0.6897095730810454,0.69284577441938,0.6443874032208414,39.132847421819505,0.282675739272555,39.23023905898585,38.832988970207445,39.544798070734196,38.79520791949648,39.26100308967359,0.1136913322476726,0.010179752783672,0.1112966808970227,0.1315139101987535,0.1154697101111665,0.1097554655914956,0.1004208944399248,0.6740978152462931,0.0159064611636142,0.6958088784506826,0.6841804999293704,0.6582966573310621,0.6786412307710359,0.6535618097493143,36.2,10.609429767899874,38,39,30,53,21
575,36.992190764122405,0.6693992878336033,36.54725399213968,37.128075511185166,36.187889964310166,38.164239667125585,36.93349468585142,0.4613474881526122,0.0754078813386935,0.5114486395698232,0.4529935431849096,0.544165697908893,0.3241157915788827,0.4740137685205519,0.973231278498148,0.0332150518327513,0.9937229439155344,0.9796412261490968,0.9964249754689404,0.9077949806586983,0.9885722662984712,39.153211397113225,0.1136394983247345,39.106622638124406,39.2059633659594,39.13552902684067,39.33107179583925,38.98687015880238,0.1040382650426842,0.0099922690173122,0.1143741841343316,0.104886667746486,0.1109652576516523,0.0855041293596679,0.1044610863212834,0.6768511522899974,0.0189614672637758,0.7068772135358868,0.6591214357000409,0.6915729714162422,0.663174061161099,0.6635100796367183,39.16342317985766,0.2173884834355321,39.233555186878554,38.92014214486787,39.51712775952888,38.94909396316066,39.19719684485233,0.1095834958790377,0.0113926028207691,0.1091395871375094,0.1240185183388265,0.1165225952299255,0.0898124219736818,0.1084243567152456,0.6715501595627178,0.0195827172780968,0.7052480253306302,0.6670434005332716,0.6752810207280245,0.6449474367228422,0.6652309144988204,30.4,12.97073629367277,38,26,49,10,29
600,36.51349731130698,0.3402661692070606,36.436241385863,36.98405751493788,36.00058305878,36.371714051236815,36.77489054571722,0.5183104073878415,0.0318627639225944,0.5278498247726676,0.4709356596174928,0.5603202003793618,0.5382149431508841,0.4942314090188016,0.9934920968468656,0.0048976409341025,0.9959462303476236,0.984941352888481,0.9982228684671146,0.997131659812534,0.991218372718575,39.114921014959165,0.0503190309460815,39.13289977564956,39.174503442012906,39.11092827536843,39.13320321747751,39.023070364287406,0.1093112472162553,0.0067648036504816,0.1127211733467199,0.1073644135824658,0.1149902730389978,0.1145617191990216,0.0969186569140716,0.6835675118547498,0.0102389168787577,0.67650291594592,0.6839972129373839,0.7030893437790148,0.6793540029814749,0.674894083629955,39.12619417363947,0.2410088058356338,39.18317008740974,38.890319477428086,39.524600982666016,38.86035809372411,39.1725222269694,0.1143803382800384,0.0091133768813579,0.1207026831354155,0.124505403310512,0.1153199974108826,0.0979169530398917,0.1134566545034899,0.6774926494468343,0.0137975522781765,0.6991996367772421,0.6587548716501757,0.6680412780154835,0.6838342944780985,0.6776331663131714,41.8,9.453041838477178,43,30,56,47,33
625,36.86284298454363,0.1285375708285148,36.983157560997405,36.73529178580058,36.87171503440621,36.70111445790714,37.02293608360684,0.4801148348862362,0.0158136481860647,0.4680264171251316,0.4950903506623101,0.4692948048876733,0.5032048815304471,0.4649577202256192,0.9873134193961152,0.0037571907321726,0.9842138880306912,0.991029923109664,0.9835695593627458,0.9926357005060332,0.9851180259714422,39.118974396676734,0.0507124183621127,39.14299022790158,39.15553191213897,39.16036652073715,39.11290128303297,39.02308203957298,0.1095487447963519,0.0078203271176269,0.1112174183468927,0.1090279361515334,0.1110681821451042,0.1203984004360708,0.0960317869021585,0.6754846672217052,0.0144204154011764,0.687968373298645,0.6835593671509714,0.6673183251510967,0.6876629031065739,0.6509143674012386,39.16698132139264,0.269644349546564,39.25791595921372,38.86246426900228,39.590379657167375,38.8870546167547,39.23709210482511,0.1083564529251871,0.0104805377663193,0.1085346570294914,0.1267337495404662,0.1098603671134421,0.0963267766390786,0.1003267143034573,0.664241181901007,0.0118386503101251,0.6798529426256815,0.6729084984822706,0.6454667467059512,0.664161761601766,0.6588159600893656,31.2,3.9698866482558417,28,36,29,36,27
650,37.0214934830813,0.4096089106493343,36.803274174326475,37.56707696816356,36.36455984213917,37.12404290425409,37.24851352652323,0.4626856308007977,0.0405101890191453,0.4847508840954181,0.4023844710330373,0.5239191703575173,0.457029753124591,0.445343875393425,0.9804536513446532,0.0127585807907618,0.9889819228772035,0.9573903642978864,0.994491983934776,0.9831578190793696,0.9782461665340304,39.152757216944835,0.0628935489352789,39.13479302146218,39.23385169289329,39.126668178673945,39.210105895996094,39.05836729569869,0.1046664083630523,0.0087365412828023,0.1153427193110639,0.0979301987046545,0.1127938625233417,0.1050904620664589,0.0921747992097428,0.6650761434526155,0.0130596450296624,0.676533458810864,0.6589992461782513,0.6827142166368889,0.6609339118003845,0.6461998838366885,39.20181301001346,0.2346039583455982,39.288211822509766,38.98311927101829,39.56688852021188,38.9128975723729,39.257947863954485,0.1027496784586798,0.0067946483770475,0.1029622809058337,0.1101256231918479,0.1089787688388517,0.0912516684920498,0.1004300508648157,0.6503563671401054,0.0103526419958908,0.6701184998859059,0.6407420779719497,0.6492546291062327,0.6435117098418149,0.6481549188946233,28.8,7.984985911070852,33,19,42,26,24
675,37.09584922397259,0.509359592108464,37.180175938557106,36.48299101210132,37.31754723775018,36.60961512929386,37.88891680216051,0.4530282865480049,0.0591685794396535,0.4454684291303772,0.5237890964316338,0.4147062129581097,0.5136035705350109,0.3675741236848929,0.9736497644296628,0.0207224475277106,0.975847295264608,0.9953018961493502,0.9621379197258312,0.994543946280922,0.9404177647276024,39.15793711344402,0.04558257737726,39.174297563957445,39.17309003887755,39.22398041233872,39.1287956237793,39.08952192826705,0.1041008042566704,0.010257944604698,0.1118215836133017,0.1059188723112597,0.0986066308775634,0.1166532004647182,0.0875037340165087,0.6600887728459907,0.019540893539892,0.6721346324140375,0.6853718468637178,0.6455889371308413,0.6667582907459952,0.6305901570753618,39.234773739901456,0.2706871805096809,39.33440618804007,38.93713095693877,39.62345574118874,38.91741498311361,39.361460830226086,0.0968449720322634,0.011880866732012,0.0975275422926202,0.1139897277127161,0.1038327776460033,0.0896643373663678,0.0792104751436096,0.653745094573859,0.0060352589183571,0.6624511037812089,0.6587548716501757,0.6493462613134673,0.6521260873837904,0.6460471487406528,28.6,11.637869220780924,25,45,20,39,14
700,36.689903440180515,0.4102884362541635,36.58146046117409,37.29161020652535,36.40636141275622,36.15755899173697,37.01252612870993,0.4968489443518452,0.0455995732187996,0.5080142266971549,0.4299521962391961,0.5209161264380229,0.5612414829509774,0.4641206894338745,0.9887178210868048,0.009251319842869,0.993255282800222,0.9721164230218868,0.9941178560256958,0.998389150678497,0.9857103929077228,39.14031311959931,0.0551071472873631,39.10220637465968,39.22982048265862,39.15184263749556,39.15131724964488,39.06637885353782,0.1055932976023265,0.0104124066261472,0.1200910123685995,0.0970819418346791,0.1110917607491666,0.1088863854494058,0.0908153876097816,0.6633491991144238,0.0111035113212894,0.6809017387303439,0.6603433300148357,0.6550891814809857,0.67048507567608,0.6499266696698738,39.218304235284975,0.2308968511740255,39.30059120871804,38.97150721694483,39.58617273966471,38.97019704182943,39.263052969267875,0.0986608276482332,0.0111426334495644,0.0999873535086711,0.1094456083621039,0.1081370681975827,0.0783825929869305,0.0973515151858781,0.6527553590861234,0.0119363242547233,0.6717884305751685,0.6507616341114044,0.6343780358632406,0.651484587878892,0.6553641070019115,38.6,12.595237195067032,40,23,43,59,28
725,36.82209012532971,0.3315464720540579,36.75622971524897,37.01927538999577,36.41250248545224,36.5739757498515,37.348467286100096,0.4848303084520949,0.0350135850100431,0.4900417641266105,0.4660679572021838,0.5218237856614221,0.5184261000033507,0.4277919352669077,0.987237939146376,0.008179490559819,0.9898673560201507,0.9841196623045144,0.994211386774004,0.9951363126027216,0.97285497803049,39.16933295510032,0.0443951011160768,39.0988989165335,39.20218635327888,39.15333418412642,39.16354208281546,39.228703238747336,0.1055788942584485,0.0059405206179551,0.1107039383302132,0.1011996601115573,0.1097257895338715,0.1102683364667675,0.0959967468498331,0.6615774487004135,0.0090987122662013,0.670668363571167,0.670760000293905,0.6471163034439087,0.6635813532453595,0.6557612229477275,39.286783854166664,0.258556400728118,39.36234630237926,38.93129649306788,39.718613133285984,39.25645030628551,39.16521303581469,0.0975814383476972,0.0121392358241826,0.0870100995243498,0.1128803283314813,0.1074514982262344,0.0806122453826846,0.099953020273736,0.6510915432915544,0.0087360139788626,0.6531850578206958,0.6638562877972921,0.636455263152267,0.6508736375606421,0.6510874701268745,34.2,7.807688518377254,34,30,43,42,22
750,36.89466513014331,0.3716254956615507,36.661314148263834,37.0593353153504,36.67052038920294,36.53321751859999,37.54893827929939,0.4744838090287041,0.0407794237376511,0.5000456141442368,0.4560679630520417,0.4928925467520645,0.5193989854498008,0.4040139357453769,0.9836899689792358,0.0120347953448512,0.992849982890886,0.9810130233617173,0.9882877106519088,0.9947414023360026,0.961557725655664,39.19598185221354,0.0745207624758146,39.07230978301077,39.218301830869734,39.19058065703421,39.1934726599491,39.30524433020389,0.1011051406575875,0.0109801329066298,0.1134449245238846,0.1004824029338179,0.1077176804908297,0.1028592757542024,0.0810214195852026,0.6598179190447837,0.0094290399789762,0.6733565330505371,0.6519427931669987,0.6634897219412255,0.6635813568577622,0.6467191902073947,39.29712154504024,0.2651351192875338,39.31715231230765,38.94534648548473,39.76417044437293,39.22457585190282,39.23436263113311,0.095918983012212,0.0110280703542991,0.0950702286579392,0.1137606805811325,0.1015811628295165,0.084168607989947,0.0850142350025249,0.651073213598945,0.0096945356382648,0.6662593511017886,0.6484298435124484,0.6560666985584028,0.6474828747185793,0.6371273001035055,32.4,8.309031231136396,38,27,36,42,19
775,36.749892228903235,0.4813171491613835,36.42926827656854,36.75323734086813,36.241332103296656,36.68538020812359,37.64024321565923,0.4912616023083324,0.0505362835159865,0.5242598139748131,0.4953027536574098,0.5384969241225842,0.5033556161467562,0.3948929036400981,0.9866331015665508,0.014733848368091,0.995770251013569,0.9914262214886772,0.9957702547004542,0.9928395901758648,0.957359190454188,39.19923220547763,0.0528113778318918,39.12294549653024,39.20403983376243,39.18888045802261,39.19194423791134,39.28835100116152,0.0991543095220219,0.0073355518262399,0.1034149715507572,0.0995321057059548,0.1038940152661366,0.1040651192606398,0.0848653358266209,0.6516515795028571,0.0222122493229804,0.6665139126055168,0.6600684099125139,0.6631231506665548,0.6611070190415238,0.6074454052881761,39.31021816369259,0.251731833202391,39.34732876401959,38.96768974535393,39.74296535145152,39.20937046860204,39.28373648903587,0.0922762696998137,0.0096374615205145,0.0896601594532981,0.1042557872380271,0.1016302159564061,0.0879863441046891,0.0778488417466481,0.6407359697602011,0.0158741088213203,0.6552622842066216,0.640609703280709,0.6425341927643978,0.6540200204560251,0.6112536480932524,37.2,10.665833300778706,45,37,49,37,18
800,37.06916502333179,0.5788517938123214,37.5754543186463,36.56159072561363,36.460111401744726,36.82470557615929,37.92396309449501,0.4559879667980155,0.0648691414465479,0.3944738872886933,0.5186830510183708,0.5150154039417345,0.4892422710497355,0.3625252206915432,0.9735611022133188,0.0240695797216044,0.9527248629589672,0.9947621877660456,0.9926837025229464,0.9908130666644304,0.9368216911542048,39.227967164010714,0.0531614714457629,39.18526204427083,39.213886838970765,39.177619356097594,39.23774418686376,39.32532339385062,0.0955041247109572,0.0094049027891403,0.0987648303535851,0.0980804125693711,0.1066885323574145,0.0957978690099535,0.0781889792644616,0.647894247192325,0.0128610847445047,0.6506903514717565,0.6614939552364927,0.6512402070291115,0.6526555689898405,0.6233911532344241,39.339849055897105,0.2772551751235339,39.42539781512636,38.916115789702445,39.77598363702947,39.25570863665956,39.32603940096769,0.087107048652163,0.0160352178697282,0.0754959568607084,0.1147146781511379,0.0952711017294363,0.0789077045170195,0.071145802002513,0.6307225339340441,0.0114874570754812,0.6151535420706777,0.6432978845003879,0.6437866416844454,0.6300403078397115,0.6213342935749979,30.6,12.338557452149743,18,43,43,35,14
825,37.03019039507994,0.292731929575224,37.16700929464753,37.53154325976814,36.868972149091896,36.69514201842632,36.88828525346579,0.4609908003168007,0.0327569638693762,0.4394846472543539,0.4096665895476784,0.4729810925488619,0.503112970860963,0.4797087013721466,0.9812185138771214,0.0114823303551289,0.9774899937442898,0.9608094722954268,0.9849406615974976,0.9932345022860262,0.9896179394623668,39.24261335893111,0.0431723805529404,39.18698466907848,39.2634540904652,39.2143782413367,39.235348556980945,39.31290123679421,0.092487902990119,0.0077537319016121,0.0954129802288882,0.0933599042226419,0.0999697364415183,0.0961139899198756,0.077582904137671,0.6391393600088178,0.0121349381841781,0.6465664560144598,0.6526250234155944,0.6448558009032047,0.6333088730320786,0.6183406466787512,39.354550321174386,0.2518439229600383,39.38794627334132,39.02424477085923,39.787421602191344,39.35829613425515,39.214842825224906,0.0852716827934438,0.0133745290609616,0.0840274722625811,0.0991569049091953,0.0942646367193171,0.0605774662937178,0.0883319337824077,0.6373635382363291,0.0131792348976594,0.6539487441380819,0.6317204155705192,0.6463831699255741,0.6155302867744908,0.6392350747729793,29.6,6.343500610861482,25,20,32,38,33
850,36.83383472088686,0.272398365408429,36.97926680574712,37.11472989111832,36.4469541569346,36.568655505622786,37.05956724501148,0.4840047269137864,0.0276413299083409,0.4644708120331322,0.4573624462810988,0.5185924639406893,0.5168671377540863,0.4627307745599255,0.9878907214734972,0.0056653099097268,0.9849101759723782,0.9804206533530324,0.9939203993561342,0.995084349027614,0.9851180296583274,39.2777109781901,0.0668030483316065,39.23501124526515,39.26828095407197,39.22265197291519,39.25506614916252,39.40754456953569,0.0957894411050912,0.0081888759380487,0.102895085220084,0.0944614387258435,0.1045589400173136,0.0955982755756739,0.0814334659865408,0.6454300898494143,0.0101128321743732,0.6535312641750682,0.6521260828682871,0.6535007086667147,0.6400904077472109,0.6279019857897903,39.32791234796697,0.2989059987868022,39.3754724444765,38.79229655410304,39.71250811490145,39.42607428810813,39.33321033824574,0.089343668334186,0.0091811545574199,0.0893320690163157,0.1011411566287279,0.0976797751517909,0.0770079071323076,0.081557433741788,0.6354349764910612,0.0085240636969574,0.6496822852076907,0.6311400135358175,0.6315676741527788,0.6250305293184338,0.6397543802405848,34.6,6.887670143089026,30,28,43,43,29
875,36.90281582861832,0.3831870788643707,36.560814375729905,36.973146379608465,36.86421557554264,36.52756181697256,37.588340995238,0.4771452207540728,0.0438260334775182,0.5130978871866599,0.4745983502913996,0.4692863785114485,0.5272861319718901,0.4014573558089659,0.984348433165206,0.0128164698011971,0.9945335523369386,0.9874978901184712,0.9829751111797452,0.9961755564532327,0.9605600557376428,39.28383065425989,0.0703664978642049,39.22796099113695,39.243917523008406,39.259283701578774,39.26589121963038,39.4220998359449,0.0947945403160922,0.0082232381030801,0.1016338696759758,0.0997001766368295,0.0989034853198311,0.0947640987508224,0.0789710711970022,0.6397788174224622,0.0105378443977788,0.6457111248464296,0.6483992952289004,0.6483076548937595,0.6355388345140399,0.6209371776291819,39.35330581665039,0.3280171190611082,39.43516829519561,38.74377661040335,39.7350705464681,39.46724966800574,39.38526396317915,0.0851619919197577,0.0154788777821416,0.0764908665847597,0.1115750354912245,0.0938124104939175,0.0709574736203208,0.0729741734085661,0.632294703433008,0.0100845235596703,0.6429618606061647,0.644825254425858,0.630712347500252,0.6223729027040077,0.6206011519287572,34.6,9.520504188329523,43,33,32,46,19
900,37.26165268101643,0.319996493353015,37.391142737005175,37.60227439329796,36.69641612731304,37.47531930195917,37.1431108455068,0.436676489446581,0.0315318773194317,0.418548510861151,0.4035825345319571,0.4887335109956485,0.4157994635326346,0.4567184273115138,0.9723471324468396,0.0111057378113118,0.966223228838026,0.9581600968370731,0.9872484704882828,0.966648626573307,0.9834552394975092,39.32717791470615,0.0662616443516302,39.27744050459428,39.30913717096502,39.25696690877279,39.34767682624586,39.44466816295277,0.0872499490890539,0.0086105458527038,0.0950944224993387,0.0903257319534366,0.0961682290741891,0.0807506091554056,0.0739107527628992,0.6310178204016251,0.0111008310571219,0.6391434317285364,0.6441532093467135,0.6347751536152579,0.6235337004517064,0.6134836068659117,39.37258439497515,0.3041195713401706,39.46241841171727,38.827468409682766,39.758316386829726,39.46219646569455,39.35252230095141,0.0815369008137195,0.011166007068986,0.0723042792330185,0.0991397498485942,0.089420225781699,0.0692833111706105,0.0775369380346753,0.6211998818498669,0.0076813579405185,0.6134836086721132,0.6316593099724163,0.6257942084110144,0.6112841963768005,0.6237780858169902,25.4,5.986651818838307,22,20,36,21,28
925,37.04597967875373,0.5581684661930192,36.550470725777224,36.92217207446541,36.56553811142125,37.11557514151347,38.076142340591275,0.4592062666244113,0.0606675319102168,0.5125336017190796,0.477369267915942,0.506328118830612,0.4545543270627248,0.3452460175936984,0.97607440444612,0.0258882479720934,0.9939723604733182,0.9871861172705582,0.9913950439580936,0.9829771862816564,0.924841314246974,39.33298503991329,0.0875233314254135,39.25100407455907,39.30821979407108,39.26286616469874,39.349271254106,39.49356391213157,0.0853807281251206,0.012685696898113,0.0988618345987616,0.0885405895497762,0.0952185174506722,0.0812398434023965,0.0630428556239966,0.6227211466341307,0.0222044346948053,0.6453140070944121,0.6121395221262267,0.6427785718079769,0.6282074650128683,0.5851661671291698,39.388641981645065,0.2897641375510255,39.41588338216146,38.83681985103723,39.68662342880712,39.5090112397165,39.494872006503016,0.0767263687977736,0.019823449246358,0.080990212122825,0.0940398715267127,0.1001777152502627,0.0606599190469944,0.0477641260420734,0.6158663057919705,0.0151201617202298,0.6318731515696554,0.6193181628530676,0.6301624955552997,0.6060911335728385,0.5918865854089911,31.4,10.818502669038818,42,33,42,27,13
950,37.24791378532488,0.8160034604002837,37.773755260349546,37.46054309176416,36.12462875523518,36.52605139348925,38.35459042578629,0.4374234421966002,0.093051916996757,0.3730830713031218,0.4235429438119082,0.5578753376744457,0.5248449177471632,0.307770940446362,0.9586957924144784,0.0387086877363602,0.940835246105784,0.9664740328936232,0.997401866716208,0.9953961231044888,0.8933716932522882,39.33875591393673,0.0789813406445218,39.340407862807766,39.32445156213009,39.2268681381688,39.327851844556406,39.474200162020594,0.0854817808351733,0.0107798143651597,0.0864472286775708,0.0878816872948047,0.1014447471014026,0.083963848763343,0.0676713923387455,0.6213404007030257,0.0140487031956031,0.6296126427072467,0.6182490027312076,0.6426869242480306,0.6151942619771669,0.6009591718514761,39.40685124252782,0.2963254346715481,39.46991741296017,38.83388970114968,39.69170934503729,39.53195005474669,39.506789698745266,0.07454847796171,0.021840135908021,0.0700253889133984,0.0998610149165897,0.0992840818327033,0.057936543598771,0.0456353605470874,0.6106671369437016,0.0216458726619262,0.610276131918936,0.5950635229096268,0.6525537443883491,0.5998900072141127,0.595552278287483,30.6,18.48891559827131,16,23,59,45,10
975,37.12715303086743,0.4700112634234285,36.69554967978566,37.825373541448535,36.538625304231935,37.16047306650693,37.415743562364085,0.4525617873545774,0.0498466197121417,0.5020235061031026,0.3743394542600691,0.5088514734789268,0.4512627800715338,0.4263317228592548,0.9748605722004604,0.020711446186553,0.992694095237968,0.936533476888519,0.9923407546023733,0.9812520496624032,0.9714824846110393,39.385800795121625,0.0621297292762562,39.31861900560784,39.405875812877305,39.31802472201261,39.40329545916933,39.483188975941054,0.0867046229597745,0.011830720171431,0.097747358465285,0.0862177207388661,0.0988916710696437,0.0845664684858286,0.0660998960392493,0.6410618088462136,0.0230966901060889,0.665261470007174,0.6482771057071108,0.6510569218433264,0.6435117089387142,0.5972018377347426,39.39211107889811,0.294633721173425,39.38329742894028,38.854049278028086,39.74714718442975,39.48642407041608,39.489637432676375,0.0821997462235617,0.0119596374953109,0.0864324189270987,0.097665031976772,0.0903806423373294,0.0671352109109813,0.0693854269656268,,,0.6515762264078314,0.6207538942495981,0.6286351265329303,0.6078323423862457,,30.2,9.867117106835208,41,17,42,28,23
1000,37.30425086267216,0.4636855455258731,37.17985054881302,37.192250163284776,36.60776071450145,37.51894225287683,38.0224506338847,0.4346572574266453,0.0494681089977263,0.4479091877175361,0.4470134801471356,0.5067198009220595,0.4170019227204863,0.3546418956260091,0.9676232930311224,0.0212143480850257,0.9786435525441908,0.974652862425932,0.9912183702606516,0.9649047771679986,0.9286969027568384,39.398744733405834,0.058520321379325,39.34863963271632,39.38429884477095,39.332398385712594,39.43740682890921,39.4909799749201,0.0835720820691098,0.0116970173755712,0.0946335697715932,0.0863882876989064,0.0951787383493149,0.0776991519625439,0.0639606625631903,0.6234298451380297,0.0230058668616366,0.6292460759480795,0.6452834615201661,0.6469635665416718,0.6094513499375546,0.5862047717426763,39.41953327294552,0.325007186961845,39.45089883515329,38.79198981776382,39.70906298088305,39.53743304628314,39.6082816846443,0.0744190895873488,0.0236726417237513,0.0728603399386911,0.1045629877709981,0.0971083319604848,0.054329516676565,0.0432342715900052,,,0.616355066949671,0.63663854562875,0.624999980131785,0.5950940675807722,,26.2,8.930845424706442,27,28,41,21,14
