lags,train_bce_mean,train_bce_std,train_bce_fold_1,train_bce_fold_2,train_bce_fold_3,train_bce_fold_4,train_bce_fold_5,train_roc_auc_mean,train_roc_auc_std,train_roc_auc_fold_1,train_roc_auc_fold_2,train_roc_auc_fold_3,train_roc_auc_fold_4,train_roc_auc_fold_5,train_sensitivity_mean,train_sensitivity_std,train_sensitivity_fold_1,train_sensitivity_fold_2,train_sensitivity_fold_3,train_sensitivity_fold_4,train_sensitivity_fold_5,train_specificity_mean,train_specificity_std,train_specificity_fold_1,train_specificity_fold_2,train_specificity_fold_3,train_specificity_fold_4,train_specificity_fold_5,train_f1_mean,train_f1_std,train_f1_fold_1,train_f1_fold_2,train_f1_fold_3,train_f1_fold_4,train_f1_fold_5,train_precision_mean,train_precision_std,train_precision_fold_1,train_precision_fold_2,train_precision_fold_3,train_precision_fold_4,train_precision_fold_5,val_bce_mean,val_bce_std,val_bce_fold_1,val_bce_fold_2,val_bce_fold_3,val_bce_fold_4,val_bce_fold_5,val_roc_auc_mean,val_roc_auc_std,val_roc_auc_fold_1,val_roc_auc_fold_2,val_roc_auc_fold_3,val_roc_auc_fold_4,val_roc_auc_fold_5,val_sensitivity_mean,val_sensitivity_std,val_sensitivity_fold_1,val_sensitivity_fold_2,val_sensitivity_fold_3,val_sensitivity_fold_4,val_sensitivity_fold_5,val_specificity_mean,val_specificity_std,val_specificity_fold_1,val_specificity_fold_2,val_specificity_fold_3,val_specificity_fold_4,val_specificity_fold_5,val_f1_mean,val_f1_std,val_f1_fold_1,val_f1_fold_2,val_f1_fold_3,val_f1_fold_4,val_f1_fold_5,val_precision_mean,val_precision_std,val_precision_fold_1,val_precision_fold_2,val_precision_fold_3,val_precision_fold_4,val_precision_fold_5,test_bce_mean,test_bce_std,test_bce_fold_1,test_bce_fold_2,test_bce_fold_3,test_bce_fold_4,test_bce_fold_5,test_roc_auc_mean,test_roc_auc_std,test_roc_auc_fold_1,test_roc_auc_fold_2,test_roc_auc_fold_3,test_roc_auc_fold_4,test_roc_auc_fold_5,test_sensitivity_mean,test_sensitivity_std,test_sensitivity_fold_1,test_sensitivity_fold_2,test_sensitivity_fold_3,test_sensitivity_fold_4,test_sensitivity_fold_5,test_specificity_mean,test_specificity_std,test_specificity_fold_1,test_specificity_fold_2,test_specificity_fold_3,test_specificity_fold_4,test_specificity_fold_5,test_f1_mean,test_f1_std,test_f1_fold_1,test_f1_fold_2,test_f1_fold_3,test_f1_fold_4,test_f1_fold_5,test_precision_mean,test_precision_std,test_precision_fold_1,test_precision_fold_2,test_precision_fold_3,test_precision_fold_4,test_precision_fold_5,num_epochs_mean,num_epochs_std,num_epochs_fold_1,num_epochs_fold_2,num_epochs_fold_3,num_epochs_fold_4,num_epochs_fold_5
-1000,0.4372925045944396,0.1889387193334104,0.6820578206153143,0.3293385456005732,0.2078490019554183,0.6417072855290913,0.3255098692718006,0.8423266043939233,0.1623165557797928,0.6081129598595189,0.9656953724228792,0.981307514077937,0.6834381373290714,0.97307903828021,0.7882294028722601,0.1800233890036458,0.558531746031746,0.9159202569916858,0.965277777777778,0.5792233560090703,0.9221938775510206,0.799313278586217,0.1381816810376137,0.6063639222919147,0.8871812887044096,0.9487598846224888,0.6605068573903802,0.8937544399218919,0.821720849779443,0.1241365497102768,0.6505739534006738,0.8996673533695717,0.957536845230319,0.6947521098465792,0.9060739870500718,0.4940614809085618,0.2229819939559515,0.2033382392543161,0.5796768707482995,0.7782923425780569,0.2636630798395504,0.6453368721225863,0.8595865556171962,0.1422987465669451,0.807522999388831,1.0714357239859444,0.9783210115773338,0.700712787253516,0.7399402558803558,0.6191115558881967,0.087005025650159,0.4829249922748735,0.6584429528035667,0.5790208368743262,0.6293982461063206,0.7457707513818966,0.1885714285714285,0.0678279332711532,0.1134637188208616,0.1003968253968254,0.2527210884353741,0.2548469387755102,0.2214285714285714,0.9267936633821382,0.0330968946947019,0.9402148551728384,0.9704298215012502,0.8852003871039312,0.8912838468720822,0.9468394062605884,0.7626675040117602,0.0332273630166206,0.7418629824042379,0.7515623455796862,0.7519756102719884,0.7395702505950856,0.8283663312078027,0.3108673469387755,0.0485813958217718,0.2751700680272109,0.2619047619047619,0.3386904761904761,0.2857142857142857,0.3928571428571428,0.8697475412062238,0.1341212291972993,0.7836888687951225,1.0440241055829185,0.994000935128757,0.6793894427163261,0.8476343538079943,0.6078024562408041,0.0479637106249523,0.5267273964094821,0.6224897796511096,0.6136317120112817,0.6758047656138789,0.6003586275182684,0.1294784580498866,0.0804012934257477,0.0476190476190476,0.0625850340136054,0.1976190476190476,0.2511904761904762,0.0883786848072562,0.9227325028213198,0.0307615214750905,0.9436045154825802,0.970556888832751,0.8867528490292297,0.8969185758594627,0.915829684902575,0.752420994144407,0.0350579307633274,0.7329025718416481,0.7245850642633501,0.781289077998795,0.8063029422589872,0.7170253143592544,0.1935997732426304,0.0834109854630974,0.0396825396825396,0.1785714285714285,0.2413265306122449,0.2791666666666667,0.2292517006802721,9.2,7.025667228100119,1,11,20,2,12
-975,0.4877128009285245,0.1339135942208481,0.2521301408608754,0.5550214932078407,0.5864437981730416,0.4290265909263066,0.6159419814745585,0.8319060583428891,0.0942558115311477,0.9746206410394632,0.7900015537194046,0.7669616613539537,0.9073445254250168,0.7206019101766072,0.7278911564625851,0.125467420319376,0.9240079365079366,0.7293178382464098,0.6257369614512472,0.7925831443688587,0.5678099017384733,0.7892585313658854,0.0894164164636207,0.9345504264584988,0.7318514396160423,0.7071510071709511,0.8527507425570895,0.7199890410268457,0.801084246358544,0.0843830649819143,0.940249259688675,0.7533342813088457,0.7339631132306831,0.8565952687705738,0.7212793087939421,0.4289496999265908,0.1528193261133876,0.6935932453789599,0.3176159158302015,0.3076457214587466,0.5106977017691305,0.3151959151959151,0.8258396089076996,0.1227217001912095,1.0372468360832758,0.8212177881172725,0.7363677152565548,0.8557894315038409,0.6785762735775539,0.6404913792116367,0.0508816505377446,0.6258011577447776,0.6121211665175174,0.6434984725960246,0.5859765760168801,0.7350595231829837,0.1826360544217687,0.0692428482054404,0.0869897959183673,0.1446145124716553,0.2844671201814059,0.1631802721088435,0.2339285714285714,0.9209874665816044,0.031370135817439,0.9480894238037096,0.9299398391835368,0.8599311051064796,0.9392040740487948,0.9277728907655016,0.758714841020087,0.0321829061067731,0.7330044302523866,0.7498159579215381,0.739670235247066,0.7492346675521278,0.8218489141273162,0.3137728937728937,0.0790504250232711,0.1666666666666666,0.3160714285714285,0.3652930402930403,0.3244047619047618,0.3964285714285714,0.7780192592314311,0.0891566406541877,0.9554448979241508,0.7366811292512077,0.7402785441705159,0.7166921155793327,0.7409996092319489,0.6533108263455226,0.0525835499893761,0.6032964350343396,0.6423786630036628,0.6411090737348192,0.7546151001662086,0.6251548597885829,0.1765027829313543,0.0811065309398572,0.1595238095238095,0.1139764996907853,0.3357142857142857,0.1458333333333333,0.1274659863945578,0.915609845044887,0.0397238090866621,0.9446116645332076,0.922827299502176,0.8384187675411425,0.946068235723408,0.9261232579245,0.7596982102957277,0.0315756035788308,0.769699420141037,0.7230627559874707,0.7636275075323367,0.8114840630964324,0.7306173047213613,0.258140589569161,0.0721070394389184,0.2630952380952381,0.2583333333333333,0.2057823129251701,0.3869047619047619,0.1765873015873016,6.8,4.66476151587624,15,4,3,9,3
-950,0.2892603399498122,0.1072680000444505,0.1449351255737599,0.3148739912680217,0.3166184595652989,0.4596870115825108,0.2101871117594696,0.9525184724097948,0.0338842536877545,0.9867954168847026,0.9454882982715718,0.9525836076650848,0.8933465519057767,0.9843784873218372,0.9105722187865044,0.0537865626535582,0.969812925170068,0.8843631897203326,0.917403628117914,0.8219842987700131,0.9592970521541948,0.8965806545984012,0.0705884605963863,0.9707176321117736,0.8973259189741958,0.8669765391072766,0.7803591438625708,0.9675240389361898,0.9130079805619724,0.0585657924621112,0.9755907694681776,0.9120293938541628,0.8894368613705417,0.8166825075793004,0.9713003705376796,0.6467660646232075,0.1566199304861499,0.8321334089191232,0.5698859341716483,0.5745971620971622,0.4330186348043491,0.8241951831237547,0.8083967455795833,0.0963796486068296,0.90566714320864,0.7209038606711796,0.9397697193281992,0.7702873306615012,0.7053556740283966,0.6805150522647712,0.0497043121446636,0.6522034002657174,0.6541079811244453,0.6431859018691088,0.6754320462391571,0.777645931825427,0.2729024943310658,0.073345371380642,0.2296201814058956,0.3477607709750567,0.1495748299319728,0.3196995464852608,0.3178571428571428,0.8965064023610443,0.0333284597722718,0.8955238044679039,0.8560098818419972,0.9468271266143024,0.8661844875445533,0.917986711336465,0.7670700000711979,0.0271633323441634,0.7554643890191041,0.7551267622910242,0.7521508268198538,0.751308112127445,0.8212999100985626,0.3399036281179138,0.0392056803385355,0.3160997732426304,0.3923469387755101,0.2845238095238095,0.331547619047619,0.375,0.8501082667282651,0.1306737307912319,0.9103665351867676,0.7399115434714726,1.079534454005105,0.7396346586091178,0.7810941423688617,0.6494161604248972,0.0449963538679736,0.5994304317690228,0.6234085117013073,0.6172017509828633,0.7088190021071795,0.6982211055641134,0.2495433931148217,0.0839055226404107,0.2936507936507936,0.3413961038961039,0.0928571428571428,0.2547619047619048,0.2650510204081632,0.8703025746435363,0.0542847507819591,0.8134593444645749,0.8079047749367946,0.9329084310287318,0.9309177458192238,0.866322576968357,0.7599975457438596,0.0388587153987035,0.7206887660508936,0.7276431773296812,0.783643023313429,0.8242932060571707,0.7437195559681232,0.2788367981225124,0.0855059619162655,0.2373735391592534,0.3075757575757575,0.1488095238095238,0.4090136054421768,0.2914115646258503,16.6,7.4993333037010705,29,12,13,8,21
-925,0.3736506784246081,0.1269346204846132,0.1922659476598104,0.4520318139167059,0.5301563555286044,0.4351965884367625,0.2586026865811575,0.9126972242075015,0.0678238189219284,0.9960420891238742,0.8779969559819221,0.8116789007664105,0.8984262598776767,0.9793419152876252,0.8488313406170549,0.0864123560718935,0.953963959321102,0.7891723356009072,0.7362339380196525,0.8199735449735451,0.944812925170068,0.8506888964705576,0.0898875118815393,0.9633952854503466,0.7919514323711189,0.7236567619500116,0.8350682019489033,0.939372800632407,0.8649842775020227,0.0755573047604649,0.9490780356052604,0.8198360605531212,0.7541355842737223,0.8531763233998261,0.9486953836781838,0.5526450996093853,0.1769216607770049,0.7886904761904762,0.3870946513803656,0.3600841288341288,0.4935693935693935,0.7337868480725626,0.889861267379352,0.1228959257422319,1.0720662432057515,0.7193922123738697,0.9739994875022344,0.8137859191213336,0.8700624746935708,0.6525770932285317,0.0356769046817031,0.595437333424637,0.6880868805623327,0.6377939419915123,0.6489111707484927,0.6926561394156837,0.197375283446712,0.0721857712099198,0.163860544217687,0.3339852607709751,0.1346938775510203,0.1495748299319728,0.2047619047619047,0.928205710654692,0.0265641172568275,0.9162945059108744,0.8842521709538518,0.9508674922960638,0.9308483872924868,0.958765996820184,0.7688114810502213,0.0350262268998874,0.744977301219583,0.7660713210337068,0.7501742287194831,0.7456503947839793,0.8371841594943541,0.3430555555555555,0.1015735775370908,0.2452380952380952,0.4049036281179138,0.2559523809523809,0.2972789115646258,0.511904761904762,0.8523924572127205,0.1097135736261796,0.929963903767722,0.7275674428258624,0.9948448921952928,0.7218393640858787,0.8877466831888471,0.6503165219161826,0.0515708999581925,0.5888237327339158,0.6409376739502971,0.6234975471023565,0.7435322992665974,0.6547913565277467,0.2060281385281385,0.0926713094992921,0.2432539682539682,0.3152597402597403,0.0666666666666666,0.2738095238095238,0.1311507936507936,0.9105379492380372,0.0489071273448714,0.8949769330955993,0.8210132405452601,0.9446785198016724,0.9492144942268096,0.9428065585208442,0.7698865368932324,0.0405660753178217,0.7600058715114277,0.7213463957086612,0.7832216914858322,0.840283699799003,0.7445750259612376,0.2901229722658294,0.1088442874437594,0.3232709750566894,0.2826159951159951,0.119047619047619,0.4583333333333333,0.2673469387755102,12.2,7.138627319029899,23,7,4,9,18
-900,0.3871642328443981,0.1119603898034804,0.4311962879839398,0.3821391172352291,0.4138426816179639,0.1842589825391769,0.5243840948456809,0.908103732374954,0.0558876141383697,0.8806631403680372,0.9305985567804256,0.902267313427782,0.997951714936526,0.8290379363620004,0.8327482306053735,0.0819769239028266,0.7773706452277883,0.8469155844155845,0.8574168556311415,0.9626503126503126,0.7193877551020409,0.8452516278921214,0.0730254775432341,0.8376236097602098,0.8400544266301192,0.7923346374519001,0.9820870953001892,0.7741583703181882,0.8600193127851196,0.0587262156846572,0.8528787962764532,0.860729739745326,0.8281421944144404,0.9670434994098498,0.7913023340795282,0.5371382321382321,0.173092693747614,0.4745009620009619,0.4872415283129568,0.4432314378742949,0.8783343640486495,0.4023828684542971,0.817969815645899,0.059593322741007,0.8361901726041522,0.8038371801376343,0.8004394769668579,0.9164174646139144,0.7329647839069366,0.6898086331006601,0.0323075855582116,0.6737001124307024,0.7166699458490194,0.6764646294694021,0.6460683296451245,0.736140148109052,0.2860827664399092,0.0623073204503622,0.2289115646258503,0.3770124716553288,0.3116496598639456,0.3086734693877551,0.2041666666666666,0.908578477414108,0.032808467825158,0.9073222622382284,0.8693404678854078,0.892998221585178,0.9047891542347152,0.96844228112701,0.777815538142348,0.0308923781602636,0.751326669395416,0.76459537145357,0.7639800481994049,0.7708955666653375,0.8382800349980112,0.3728813646670789,0.074862960500918,0.2805555555555555,0.339625850340136,0.3872526283240569,0.3510204081632652,0.5059523809523809,0.8040830620697565,0.0747457101491387,0.7518272612776075,0.7698590691600528,0.922712932739939,0.7192955953734261,0.8567204517977578,0.6627291759163555,0.0574328160360865,0.6703514446518696,0.6758341301783419,0.6047828015208753,0.7594808915313841,0.6031966116993063,0.2756467738610595,0.0778333019520483,0.3694444444444444,0.2990955473098329,0.2833333333333333,0.294047619047619,0.132312925170068,0.878102778583858,0.0528347239236589,0.831763652242567,0.8473322627017208,0.8351723140743105,0.9079934228333244,0.9682522410673672,0.7642275712880968,0.0296905141232703,0.7495599583471264,0.7287469650131744,0.7632795361509274,0.8183003236016975,0.7612510733275588,0.288394621251764,0.0521715057436103,0.2942612942612942,0.2840136054421768,0.2135281385281385,0.376360544217687,0.2738095238095238,11.6,8.357032966310472,7,10,8,28,5
-875,0.4855854068483625,0.1086003077945814,0.455779112520672,0.3800647067172186,0.4093344112237294,0.4945491374958129,0.6881996662843795,0.8210919997102486,0.1257010842802775,0.8797598368728158,0.920376560545498,0.895433504448863,0.8337813511792818,0.5761087455047841,0.7296352985638702,0.1110321160616351,0.7193499622071052,0.8862244897959185,0.8040438397581257,0.6789493575207863,0.5596088435374151,0.7596229924344697,0.1130072196802901,0.8261119378317129,0.8308437950158911,0.8187082158815935,0.7867340361128734,0.5357169773302779,0.7811755191383598,0.1040558647095077,0.8316515157986935,0.861208433060972,0.8379826032692705,0.7980035743110185,0.5770314692518441,0.3900675924054863,0.1045922387777498,0.4381622345908059,0.464454857312,0.4646806896806896,0.3960686139257569,0.1869715665181792,0.8640381566115789,0.2076952975226952,0.8258490988186428,0.8264991002423423,1.26078576701028,0.7475946843624115,0.6594621326242175,0.6735337356943957,0.0238435190924925,0.6758412766816129,0.6772929847338415,0.6426973023508921,0.6579412712223499,0.713895843483282,0.2593934240362812,0.0977334565055583,0.2392573696145124,0.2793083900226757,0.0857993197278911,0.3170068027210884,0.3755952380952381,0.9135092441517928,0.0333698228303657,0.9074109636422388,0.8754722684317132,0.9756417524274668,0.8989732132169106,0.910048023040634,0.7709092499872885,0.0312847023661716,0.7531723155757641,0.753464540431934,0.7486922239919143,0.7669447948016768,0.8322723751351528,0.3620547309833024,0.0825386205472686,0.3183518862090291,0.3501700680272108,0.2619047619047619,0.3697278911564626,0.5101190476190477,0.8572451123169491,0.2644992168615508,0.7309649671827044,0.7880560798304421,1.3811707028320857,0.7107023426464626,0.6753314690930503,0.6630982106776966,0.0301560859524849,0.6635064171084929,0.6446645925001836,0.6172234167372876,0.7005650075385297,0.6895316195039889,0.2603184910327767,0.1242530953153682,0.4055555555555555,0.3644325912183054,0.0523809523809523,0.2154761904761904,0.2637471655328798,0.8792413155103693,0.0657789919489855,0.7961265282971722,0.8189269775107214,0.979017675446247,0.9105647431386348,0.8915706531590711,0.7643886511949575,0.0329317460097352,0.7347129235658748,0.7290074096245215,0.7963366994103511,0.8102794398632579,0.7516067835107817,0.280595238095238,0.089676604663849,0.2714285714285714,0.3386904761904761,0.119047619047619,0.3833333333333333,0.2904761904761904,6.0,2.6076809620810595,7,8,8,6,1
-850,0.303746543611799,0.1209511751213709,0.2788273433134669,0.1510712362471081,0.202353662323384,0.4462167982544218,0.440263677920614,0.9424103337322576,0.0431402290505077,0.9628438459945692,0.9869214863467738,0.9813185488554056,0.8906657398082442,0.8903020476562947,0.8891137566137566,0.0809456948890817,0.9340419501133788,0.9727891156462586,0.9471938775510202,0.834126984126984,0.7574168556311415,0.8836120051192209,0.0619511900793228,0.8971049285967975,0.9690609680188104,0.9250327907445776,0.805074707504564,0.8217866307313548,0.8990408263603392,0.0558243964328772,0.91413038945694,0.9746127374637138,0.9365687565025176,0.8319129501373564,0.8379792982411688,0.6233495604924177,0.1353447038524888,0.6112622826908543,0.8238000755857898,0.7227006459149318,0.4809117469831755,0.478073051287337,0.8649817479508265,0.1696404343658171,0.8620249905756542,0.9403536170721054,1.1423263805253163,0.6976430692843029,0.6825606822967529,0.6753645512693858,0.0403999292280263,0.6749143592312434,0.6467180321125106,0.6293032577672465,0.6783462988038025,0.7475408084321262,0.3290419501133786,0.0533693401214754,0.3684807256235828,0.3043083900226757,0.2346938775510204,0.3680839002267573,0.3696428571428572,0.8960244227241505,0.0208349362209951,0.8829028527055565,0.8872843403433465,0.92952043470677,0.8710728992451682,0.9093415866199116,0.7806547714651699,0.0279851362753207,0.7755392610895412,0.7614227249225994,0.7653800255544533,0.7650998522910506,0.8358319934682054,0.3975466596895168,0.0397226818708367,0.3798534798534798,0.3744047619047618,0.3702380952380952,0.3870464852607709,0.4761904761904762,0.8761768494333539,0.2464429566337725,0.762762942484447,0.8285116042409625,1.3606616854667664,0.6869531976325172,0.741994817342077,0.6588532982665016,0.045479870074298,0.6658214922026625,0.6325627892792303,0.5897209472462259,0.7244224961204642,0.6817387664839254,0.2665089672232529,0.0846155849490491,0.3527777777777778,0.2178339517625231,0.1261904761904761,0.3404761904761904,0.2952664399092971,0.8706571482817835,0.0454235821303896,0.7923867214354302,0.8509688113382694,0.9041470777275809,0.92025428503261,0.8855288458750278,0.7623576260126415,0.0412934628928125,0.7227538061991605,0.7193447361865389,0.7769974380106037,0.8322795254857616,0.7604126241811429,0.2902978370835514,0.0910631115571331,0.2582068724925868,0.2768707482993197,0.1494897959183673,0.4226190476190475,0.3443027210884354,18.0,10.21763181955584,14,35,24,8,9
-825,0.4045409772367704,0.0624880672217445,0.4543708612521489,0.4389386212541943,0.4519288930154982,0.3884858953810873,0.2889806152809234,0.9037788449471794,0.0397026120456277,0.8741620526641581,0.8775327190028545,0.8675499605492422,0.9302992323882104,0.969350260131432,0.8527697038411324,0.0563697088919895,0.8418083900226759,0.7755102040816326,0.8184523809523809,0.8904478458049889,0.937629698343984,0.8224699847930663,0.0491441583001914,0.7796904671006847,0.8122218677144786,0.7673982192813215,0.8513702226121362,0.9016691472567108,0.844329527376923,0.0444868228879476,0.8009683861975135,0.8309333990609089,0.8015637273330136,0.8711301399480229,0.917051984345156,0.4819683623255052,0.0951497237805537,0.4041990416990417,0.4093434343434343,0.4086531854388998,0.5517111195682626,0.6359350305778878,0.7634108824389322,0.0527022544925764,0.8366050507341113,0.720459099326815,0.8133687973022461,0.7453738110406058,0.7012476537908826,0.6941929683337474,0.0552523143324607,0.6328122636085276,0.6799210218275344,0.6861083459768151,0.6739267308093807,0.7981964794464794,0.3277210884353742,0.0546355606744112,0.2962018140589569,0.4259920634920635,0.3000283446712019,0.2711451247165533,0.3452380952380952,0.9049453650269292,0.0325244640315641,0.9260583148160788,0.8490210402258265,0.9070297401755204,0.8970596982754454,0.9455580316417752,0.7892355229356374,0.0339845409962851,0.7803805004320005,0.7709655418259517,0.774293187630317,0.7641474100457908,0.8563909747441274,0.4612556689342403,0.0777645496905809,0.4567176870748299,0.4591978458049887,0.4444444444444445,0.3511904761904762,0.5947278911564625,0.7616973647049494,0.1249093215530332,0.6977856521095548,0.6554725872618812,0.926597603729793,0.6312037238052913,0.8974272566182273,0.705896843778467,0.0599002267580519,0.6984936291596965,0.697382082260469,0.635841299229295,0.8167414504852929,0.6810257577575809,0.341770768913626,0.0896702997188846,0.3994897959183673,0.4420454545454545,0.2166666666666667,0.3982142857142857,0.252437641723356,0.8603641942717652,0.0603049480820029,0.8157393510319305,0.7651621535734837,0.8879818435820511,0.922403367477259,0.9105342556941024,0.7692326568794696,0.0430819390908506,0.7488762898471026,0.7101735138496862,0.7843361341160842,0.8406427782830319,0.7621345683014428,0.3385112506541078,0.0676500871024529,0.3182823129251701,0.3149201988487702,0.2620748299319728,0.4651360544217686,0.3321428571428572,8.4,3.006659275674582,7,6,6,9,14
-800,0.3846517205238342,0.0621639768059253,0.4755729720706031,0.3139336133996646,0.4036856002750851,0.3154246668730463,0.414641750000772,0.9152389235734762,0.0350541971849627,0.8583015001253995,0.949175489064486,0.9033634819586348,0.9550513754236044,0.9103027712952568,0.8548450491307635,0.0449002843567762,0.7729402872260016,0.899574829931973,0.8445672713529856,0.8869236583522299,0.8702191987906273,0.8306236068009513,0.0397751127641202,0.7857350440130365,0.8837322975896258,0.8160882201532671,0.8714877551871322,0.7960747170616949,0.8566192673206118,0.0329198493215764,0.8121611171802011,0.9003478778392472,0.8389055233118544,0.88871020976612,0.8429716085056361,0.5026939462653748,0.0652236937887724,0.4100007135721421,0.5601095993953136,0.4573309626881054,0.5881407613550471,0.4978876943162658,0.8366784989833832,0.1537321902015692,0.8465879261493683,1.0845374507563454,0.7417128767286029,0.8863588443824223,0.624195396900177,0.7044850616075182,0.0501516287613504,0.6707612383489255,0.6863175639542326,0.6896750837086971,0.6720150910141091,0.8036563310116265,0.3539455782312924,0.1027605168781424,0.2583900226757369,0.2230725623582766,0.4200113378684807,0.3658730158730158,0.5023809523809524,0.887668497789049,0.0348992211168058,0.900979792883337,0.930963122893156,0.82884947252777,0.8718039516066554,0.9057461490343264,0.7824784453086687,0.0350506730823221,0.7611357249325528,0.7679973628274567,0.7583574913717752,0.7730869595512443,0.8518146878603151,0.4150288203859632,0.0557190239644181,0.4265306122448979,0.4345238095238095,0.3373323105465962,0.375595238095238,0.5011621315192744,0.7536928789956229,0.0994412318456017,0.6549686981098992,0.9343638271093369,0.7744381129741669,0.6763550596577781,0.7283386971269336,0.7036896496952842,0.0487381239004942,0.7326835934064603,0.676407643168727,0.6465000860272444,0.7837855887270911,0.6790713371468989,0.382704081632653,0.101563315557411,0.4407596371882086,0.2589285714285714,0.3488095238095238,0.5482142857142858,0.3168083900226757,0.8448563121988819,0.0409369003239833,0.7964874361409178,0.8720093289305113,0.8017867523636256,0.903276578830766,0.8507214647285892,0.7651731421214185,0.0454083108898361,0.7463755870216521,0.7276945180898934,0.755098765535963,0.8542451415597234,0.7424516983998608,0.3472649572649572,0.0998778636896201,0.3539888682745826,0.2656746031746032,0.2352760334903192,0.5218614718614718,0.3595238095238095,8.6,2.4166091947189146,5,10,7,12,9
-775,0.3833015407125155,0.0798772764306203,0.2417200072890236,0.3835466919200761,0.4877151194072905,0.3900868211473737,0.4134390637988135,0.9106022933811788,0.0393741639270474,0.97429265395211,0.9144667706275864,0.8504445372938803,0.9110216211522034,0.9027858838801136,0.8265079365079366,0.0741579421515749,0.9590986394557822,0.8061980347694635,0.7336451247165533,0.7981953892668181,0.8354024943310657,0.8424809095231407,0.042751049070418,0.9103802433009603,0.8512371900622188,0.7810253275277906,0.8515985480585323,0.8181632386662017,0.8587548020406803,0.0422979371319724,0.928652798171482,0.8685010750229638,0.799024436261926,0.8587692935711265,0.8388264071759033,0.5114128067699497,0.0817384715690833,0.6553476946334089,0.4997586408300694,0.401352417423846,0.5101173297601869,0.4904879512022368,0.8357478286538805,0.1435998417673734,1.0620858882154738,0.771885701588222,0.7756700600896563,0.9240931017058236,0.645004391670227,0.6858170345952037,0.0632662978149605,0.636908132911284,0.6915325272621126,0.6485099670674661,0.645580025349047,0.8065545203861092,0.3233390022675736,0.0855159295736669,0.2670351473922902,0.4132369614512471,0.2487528344671201,0.2465986394557822,0.4410714285714285,0.9146653055050746,0.0355456573701337,0.9300305421313828,0.8467885805381237,0.925190144433842,0.9511814666409116,0.920135793781114,0.7871335051523234,0.0319523771211822,0.7721789410719161,0.7646251311290523,0.7687072536982847,0.7799129280056242,0.8502432718567399,0.4704365079365079,0.0487621082251822,0.4843537414965986,0.4061791383219955,0.4333333333333333,0.4797619047619047,0.5485544217687075,0.7782365896872111,0.0545645118793734,0.7919170366866248,0.6766871213912964,0.8062460975987571,0.778075920683997,0.8382567720753806,0.6951922235911668,0.0437692579537853,0.6882919088345698,0.7058180404024,0.6654009720366345,0.772221141440661,0.6442290552415689,0.2661513090084518,0.1022383053398768,0.3193310657596372,0.4121907854050711,0.1285714285714285,0.175,0.2956632653061224,0.8876558300068698,0.0502518786850203,0.8809802942084735,0.8056407900619724,0.9153690692775474,0.95831964969896,0.8779693467873957,0.7711645140979551,0.034458271630573,0.7700076866858873,0.7235088801579146,0.7839245481477936,0.8269515374384859,0.7514299180596937,0.3263790970933827,0.0889134008441127,0.3340136054421768,0.3141233766233766,0.1773809523809524,0.4547619047619048,0.3516156462585034,9.0,4.2895221179054435,17,8,4,8,8
-750,0.3489855746782961,0.0880596478106364,0.3538330960131827,0.2075852118432521,0.4397278569993518,0.3030741363763809,0.440707572159313,0.9258570184441756,0.0443017638047744,0.9433318984181046,0.9853143672115569,0.8606442338107979,0.9487314543192495,0.8912631384611687,0.8617537621109049,0.0842911328658904,0.9319538926681784,0.9616762866762866,0.7306457431457433,0.8787294715866145,0.8057634164777022,0.8532749431557761,0.0525979915445612,0.8119997979343652,0.9374686649443048,0.8209469754687326,0.8923606322712917,0.803598645160186,0.864995518305887,0.0531593944459215,0.8485167382731615,0.9459233357151516,0.8143577793243539,0.9063039110279912,0.8098758271887767,0.5393011353725641,0.1065208180339069,0.4949384610098895,0.7123264962550676,0.4400587507730365,0.6098722045150617,0.4393097643097643,0.9540951699018476,0.2295210732609273,1.1025971174240112,1.0602940917015076,1.2234581581183843,0.7925388429846082,0.5915876392807279,0.6957793701195031,0.0580425592245495,0.6881478725827008,0.6370029032608955,0.6572747343549088,0.691906961781368,0.8045643786176421,0.323922902494331,0.1434130430569542,0.1943310657596371,0.2643424036281179,0.1789115646258503,0.4379818594104308,0.544047619047619,0.9162054815903732,0.0379448810608074,0.9564302045604568,0.9066973731149838,0.962399703471132,0.8636239702123882,0.8918761565929053,0.7873354385985978,0.0314202864122058,0.769482699975528,0.7672669515303217,0.7668913815721508,0.7841646028606849,0.848871557054303,0.4655060812203669,0.0391914190719622,0.5148809523809523,0.4668367346938775,0.419047619047619,0.4241857349000206,0.5025793650793651,0.8604152138744082,0.1908828722017732,0.9078246482781002,0.8214004720960345,1.1940754992621283,0.6238836795091629,0.7548917702266148,0.7158488670858574,0.045142728447456,0.7202634071974544,0.6869980954663838,0.6810217719100918,0.8019095875161147,0.6890514733392428,0.2942522160379303,0.135146608144099,0.2213151927437641,0.2871057513914657,0.088095238095238,0.4726190476190476,0.4021258503401361,0.9099722638312276,0.0433542480438378,0.9367551031052176,0.9003559850111574,0.9740777831910836,0.8935856334871115,0.8450868143615679,0.7881295097907361,0.032658604386215,0.7853019859681785,0.7487924230751278,0.8020000038652434,0.8421817794675489,0.7623713565775827,0.3588229231086374,0.0822695346352661,0.3772108843537415,0.3452380952380952,0.2142857142857142,0.4651927437641723,0.3921871779014636,10.4,4.963869458396342,11,19,5,11,6
-725,0.3090893147313701,0.1262778668993282,0.536669562969889,0.2155643460296449,0.2929204581748871,0.1727485163913419,0.3275436900910877,0.935099359547296,0.070877039598484,0.7970712343748322,0.9733046434163106,0.9644726702069004,0.9954439088453332,0.9452043408931038,0.8782974300831443,0.0967412482038401,0.6958522297808013,0.937150415721844,0.9054421768707483,0.9747732426303856,0.8782690854119425,0.8772722418352277,0.0753933324532737,0.7413095081445584,0.9278781778781952,0.8768397661283132,0.9631428045062298,0.8771909525188418,0.888832340030412,0.0667939253885107,0.7707431559294853,0.9376343874019074,0.8810180930710365,0.9657697025812668,0.8889963611683647,0.5921284263511154,0.1630651736256353,0.3259121791684817,0.6595049130763418,0.5734633752490897,0.8303760393046107,0.5713856249570535,0.8898507420505796,0.1932055985859788,0.648196137377194,0.9529560548918588,1.10426093850817,1.068958425096103,0.6748821543795722,0.7261346128758914,0.0531793333792151,0.7176206842361619,0.696501037427234,0.6885934628868269,0.6972112546244809,0.8307466252047533,0.3845408163265306,0.1089358717622501,0.5441326530612244,0.4014739229024943,0.2104875283446712,0.3428004535147392,0.4238095238095238,0.9023481048052944,0.0510433120615946,0.8134431970484217,0.876456741745379,0.9469216088516418,0.9378040729483916,0.9371149034326374,0.7984311234030746,0.0333149935659834,0.7735754065674382,0.7816507071259648,0.7714719872994944,0.8047055136168105,0.8607520024056655,0.4761718929996241,0.0676480322701243,0.409430893569549,0.4634353741496598,0.4227891156462585,0.5999999999999999,0.4852040816326531,0.8413538971117565,0.1612032658956038,0.5983058831521443,0.8335810601711273,1.1057730615139008,0.814683164869036,0.8544263158525739,0.7313070408745148,0.0348623415130779,0.7414700275267453,0.7099509637302124,0.7043560512529271,0.7954551537679617,0.7053030080947279,0.370947742733457,0.169233014528432,0.60640589569161,0.5009972170686456,0.1261904761904762,0.2678571428571428,0.3532879818594104,0.8653544763345978,0.0856930376452097,0.726732040857572,0.8100943920155742,0.9597225902320536,0.9322832772955926,0.8979400812721968,0.7801307080297347,0.037524338302188,0.7330304525291511,0.7436681853949468,0.8067454487010143,0.8327143337003781,0.7844951198231831,0.3591426430712144,0.0564717194043469,0.3364445078730793,0.3673469387755102,0.2666666666666666,0.3892857142857143,0.4359693877551019,15.2,10.851727973000427,3,17,11,35,10
-700,0.4178488473807062,0.149829403172239,0.2466524850044931,0.6642851304440271,0.3124445854198365,0.3599919612918581,0.5058700747433162,0.8646554355941225,0.1282373276360245,0.9647877824412102,0.6214513789808063,0.9466410079635162,0.9424318018171536,0.847965206767926,0.819795918367347,0.116635334787816,0.9481198034769464,0.6257369614512472,0.9176398337112625,0.8473544973544973,0.7601284958427817,0.7857729802645077,0.1178533226007458,0.9036787626184578,0.5695647021393078,0.8340833361155342,0.8618363474336064,0.759701753015632,0.8112404321759872,0.1038717953210422,0.9215576075308876,0.6224383073945073,0.8673981283567206,0.8593343164253975,0.7854738011724223,0.4550788424599791,0.1405855754465763,0.6205430151858726,0.2133722395636371,0.5083357119071404,0.5370009620009619,0.3961422836422837,0.7222946907792773,0.0942593185473837,0.7722791263035366,0.6688465476036072,0.8277009384972709,0.7780059639896665,0.5646408775023052,0.7472392034217292,0.0503112628501368,0.7283745874325203,0.7110847005561794,0.7265962219614712,0.723003416063564,0.8471370910949112,0.3902777777777778,0.0997101912452387,0.5129251700680271,0.248469387755102,0.372562358276644,0.3263605442176871,0.4910714285714285,0.9164936986365684,0.0309811602570283,0.864327225873627,0.9448388158682278,0.902327414800926,0.9487570498284786,0.9222179868115828,0.80328701636548,0.0309350349741996,0.8004142431022659,0.7714539866626896,0.7839477635441368,0.7992543787405351,0.8613647097777726,0.4890337043908472,0.0543491106885153,0.4949134199134198,0.3999999999999999,0.4660714285714285,0.5601190476190476,0.5240646258503402,0.7067529554877963,0.0610171756043273,0.6712530340467181,0.6461675699268069,0.8218368696314948,0.7086524324757713,0.6858548713581902,0.7354712861366732,0.0353687867345506,0.7447601947348598,0.7137068864701254,0.7179563953724571,0.8001570171982733,0.7007759369076504,0.3938790970933828,0.1036678799859164,0.5835034013605442,0.3460961657390228,0.3095238095238095,0.3071428571428571,0.4231292517006803,0.8851350731995866,0.0621955093199919,0.7716441053528337,0.9080006155129308,0.9007296777584564,0.9606002554278416,0.8847007119458709,0.8003775480281072,0.0332375267582442,0.7599902360411239,0.7792583846891327,0.8104503254217926,0.8578932838413954,0.7942955101470915,0.4277009894867037,0.0819395601243335,0.3669836116264687,0.5127551020408163,0.2977891156462585,0.4904761904761905,0.4705009276437847,7.8,4.707440918375928,14,1,11,9,4
-675,0.3056861365834872,0.0726689476640797,0.2826044673011416,0.3267723240313075,0.4027935472272691,0.1823888350100744,0.3338715093476431,0.9493079459563016,0.0266436190535046,0.971687140608216,0.9360965194113796,0.9087108985655622,0.984153999316552,0.9458911718797988,0.8961358614930044,0.038603148818427,0.931878306878307,0.8782596371882088,0.8435528756957328,0.94875283446712,0.878235653235653,0.8749746517243107,0.0450486215599853,0.8864654720710619,0.8381635252863925,0.8285027876845907,0.9551601347706866,0.8665813388088217,0.8876971276033234,0.0380197763036163,0.8897957455444873,0.8650030779878545,0.8495091687132026,0.9590532671112992,0.8751243786597742,0.5881795453224025,0.1115438398440858,0.5848450491307634,0.4731979660551091,0.4963529856386999,0.789339826839827,0.5971618989476131,0.8563495916979653,0.0880065242472164,0.7785760334559849,0.9616715780326298,0.8879139636244092,0.9238519966602324,0.7297343867165702,0.7424788809073648,0.0514523964254376,0.7440283084155251,0.7198958637245311,0.6933281695714333,0.7149386052265575,0.8402034575987776,0.375249433106576,0.0593430886835651,0.460204081632653,0.3162981859410431,0.4110260770975057,0.3875283446712018,0.3011904761904762,0.9015146746662376,0.0348945166370071,0.8453054495674152,0.916770001200034,0.892334280795187,0.9005536514122557,0.9526099903562956,0.8011160453115508,0.026537812750797,0.7777757061285554,0.7860720012885448,0.7948773881231608,0.7941388806312688,0.8527162503862246,0.4719233147804577,0.0573506828742284,0.4047619047619047,0.4437074829931973,0.5135281385281385,0.4357142857142856,0.5619047619047619,0.7892668468611581,0.1218641017093379,0.6655907779932022,0.8794567223106112,0.89658522605896,0.6171074871506009,0.8875940207924161,0.7529389114606253,0.0584172721933684,0.7529667635404803,0.7220144275994029,0.6907538703818197,0.8623585429235059,0.7366009528579177,0.3843372500515357,0.0818255108360354,0.5043650793650792,0.4485853432282004,0.3,0.3720238095238096,0.2967120181405895,0.886414270663885,0.0461918575941029,0.8127855139787145,0.8609638942520716,0.890526347973846,0.9399493705528188,0.9278462265619736,0.7940961164461189,0.0349450330588461,0.7702501177697734,0.759119156338594,0.8057852442234965,0.8568186354137063,0.7785074284850243,0.4191435548578406,0.0721202239146239,0.3705477062619919,0.4450680272108843,0.3328231292517007,0.5428571428571428,0.404421768707483,13.0,6.723094525588644,11,9,7,26,12
-650,0.3658519440463611,0.103737885091598,0.4167198907761347,0.2449064180254936,0.2660510447763261,0.3726797004540761,0.528902666199775,0.911806430747296,0.0559016693873214,0.8907350773504303,0.9689016456237312,0.9614234662474608,0.922800877389324,0.8151710871255338,0.8343683432969147,0.0859351636835584,0.8096938775510203,0.9217687074829932,0.8973819830962688,0.8631519274376418,0.6798452209166496,0.8437453533588803,0.0483707559654989,0.8123265748206157,0.9052638053837796,0.8979006241966407,0.8165301143951046,0.7867056479982606,0.8604705446344114,0.0465912776569576,0.8351850133759167,0.919422236131448,0.9077017785301672,0.8448823795705903,0.7951613155639349,0.5097391497391498,0.0836513275227763,0.4305143269428982,0.6018184196755626,0.613912212126498,0.4868119975262832,0.4156387924245068,0.7381252122776848,0.1149824398794365,0.6867022258894784,0.8849685511418751,0.8672333530017308,0.6291838841778892,0.622538047177451,0.777256133803872,0.0329722879323826,0.7572397732783192,0.7485559540612974,0.7563513149592799,0.7860771463918158,0.838056480328648,0.4595238095238095,0.0703853423348082,0.5461167800453515,0.4151927437641723,0.4643707482993197,0.5201530612244898,0.3517857142857143,0.8938256432008085,0.0294154565993718,0.856220812368054,0.8866706905727731,0.8962090068282981,0.8837291293328925,0.9462985769020252,0.8141025234914595,0.0229471315512615,0.8007148119067702,0.7902762742282059,0.8107598050061446,0.8114424960564117,0.8573192302597653,0.517259843331272,0.0290414459130214,0.4840986394557823,0.484786641929499,0.5302721088435374,0.5276180169037312,0.5595238095238095,0.7087965865220343,0.1276582636662449,0.5830000873122897,0.7633266438330922,0.903428846171924,0.5543947581733976,0.7398325971194676,0.7682515954331034,0.0394344793400252,0.7744169996911905,0.7304224217786409,0.7404863232773524,0.841379918088662,0.7545523143296708,0.4551937744794888,0.1293786216034707,0.6547052154195011,0.4927489177489177,0.3773809523809524,0.4845238095238095,0.266609977324263,0.8717672925381048,0.066616859735016,0.7466355781687589,0.8666316906957301,0.9066028640503622,0.9002792113013788,0.9386871184742944,0.7961960541682698,0.0331267199187988,0.7577614863274595,0.7748536982530914,0.8233751996408933,0.8462897075393782,0.7787001790805262,0.4452306820163964,0.0611562741680184,0.3720640470640471,0.4540893630179344,0.3777210884353741,0.5077380952380952,0.5145408163265307,8.4,3.4985711369071804,6,12,12,9,3
-625,0.3509654658181326,0.0704376556521832,0.4208530066978364,0.4499783593983877,0.2941303263817514,0.2774693284715925,0.3123963081410953,0.920667356546233,0.0391459980900206,0.8862004000216589,0.8632957570166901,0.9511001566100664,0.9649916433080924,0.9377488257746566,0.8444231429945714,0.0618105106963531,0.800765306122449,0.7516439909297054,0.9164656771799627,0.9023620559334844,0.8508786848072564,0.8427072510091508,0.0438623651241549,0.818450572085897,0.7730319623777963,0.8478288550437902,0.897276877933848,0.8769479876044222,0.8643844888567674,0.0364683898929742,0.8402891887021066,0.8065172018129751,0.8764682056352643,0.9074776480874192,0.8911702000460723,0.5162004001289716,0.104927332122186,0.4364743721886578,0.3627858913573199,0.5334192262763692,0.6519901394901397,0.5963323713323714,0.7433284440210888,0.0626639869035292,0.7395705240113395,0.6400606887681144,0.7603785012449537,0.7402693246092115,0.8363631814718246,0.7587217056564677,0.0320405334036011,0.7362422652542994,0.7377843931143621,0.7485311439700368,0.7491346844386212,0.8219160415050194,0.4064512471655329,0.0660139143197,0.4095521541950113,0.4976757369614512,0.4058673469387755,0.4268990929705216,0.2922619047619048,0.9088826856079762,0.0385398637787428,0.9058678343132126,0.8491268919310571,0.9226179353197986,0.8983584853488031,0.96844228112701,0.811958851386571,0.0234903964593891,0.7993429228601258,0.79057233995014,0.8107593122715143,0.8019788642794753,0.8571408175715998,0.5293219082504796,0.058104577564992,0.5200680272108843,0.4400619222047792,0.6139455782312925,0.5082482993197279,0.5642857142857143,0.7096379761184964,0.1513304681805424,0.6717814547674996,0.5878388562372753,0.7606972392116275,0.5521192912544522,0.9757530391216278,0.7637279930076553,0.046771746962696,0.7521547415148265,0.7341514497749103,0.7522070149743861,0.8549071586710132,0.7252196001031403,0.3962033601319316,0.1084122306886754,0.4620748299319728,0.5302798392084106,0.325,0.4392857142857142,0.22437641723356,0.9010812856787822,0.0558979728735137,0.8682054914320361,0.8111268147105585,0.9348197870365356,0.9197106237130868,0.9715437115016948,0.8054328194911895,0.0346275077838991,0.7963198064499512,0.7548373485679897,0.8326792602943759,0.8539369888300276,0.7893906933136027,0.4361394557823129,0.0444722019850567,0.4005102040816327,0.3815192743764172,0.4226190476190475,0.49390589569161,0.4821428571428571,8.6,3.49857113690718,5,4,11,13,10
-600,0.2788237441508543,0.0644140818321503,0.1689348006177516,0.3265023447927974,0.3567933802093778,0.28078277160724,0.2611054235271045,0.950754110114189,0.0152128954046878,0.9697194922147624,0.9361227468675972,0.9298296620669364,0.9570562457102894,0.9610424037113596,0.8999263038548753,0.0369388861936496,0.9350340136054422,0.8291855631141345,0.9025510204081632,0.9205498866213152,0.9123110355253212,0.8762703183531542,0.0462894474294609,0.940695439716911,0.8649504137692187,0.7982473164296884,0.88444019141474,0.893018230435213,0.8957111687137829,0.036251069526096,0.9508442948075346,0.876025214583767,0.8413507603436498,0.9029777444287088,0.9073578294052536,0.5868344221915651,0.0805766132904053,0.716203703703704,0.5344190201333057,0.4755424469710183,0.602641207998351,0.6053657321514464,0.7123362068619047,0.0775318349184934,0.8424841889313289,0.7031774584736142,0.6844606931720462,0.7287135209356036,0.6028451727969306,0.78426909068898,0.0415728040458776,0.7603439854202548,0.7550129396797739,0.7685362445331162,0.7708144630483184,0.8666378207634367,0.4984807256235827,0.0420548525455923,0.463095238095238,0.4964002267573696,0.5639455782312924,0.4463435374149659,0.5226190476190475,0.895030643923788,0.0266154418554916,0.8962536965733899,0.8722464191919801,0.8590444427492291,0.9178698882005424,0.9297387729037976,0.8223584590617413,0.0238321885676937,0.8107226217290727,0.8032809511779927,0.8100568459793768,0.818725840369312,0.8690060360529522,0.5314477585906158,0.0216190877096018,0.5289965986394557,0.5392115820687249,0.4910147392290248,0.5459183673469387,0.5520975056689343,0.6719120195933751,0.0713595858967967,0.6783228708165032,0.6443557547671455,0.6754007190465927,0.5700777024030685,0.7914030509335654,0.7820949417725384,0.0397181371310546,0.7689810979644259,0.7525703979244619,0.7616837898079797,0.8607352246822692,0.7665041984835554,0.521633683776541,0.0578745378667623,0.5750566893424036,0.5625618429189857,0.5095238095238096,0.5464285714285714,0.4145975056689342,0.867534718853412,0.0446720227302383,0.8430429733355526,0.8050957002311682,0.8522292136175984,0.9217419918158832,0.9155637152668576,0.8091982068166701,0.0376402957888853,0.8048492071328051,0.7528055354200197,0.8079504348958428,0.8715139252147767,0.8088719314199064,0.4713264116835545,0.0922844256104828,0.4710503781932352,0.3977827727827728,0.348222016079159,0.6060451453308596,0.533531746031746,13.2,5.844655678480983,24,8,8,13,13
-575,0.2720982798153445,0.1514180755707364,0.1232093184122017,0.1771790750679515,0.3161964015591712,0.5474139735812232,0.1964926304561751,0.939030770645781,0.0724374917533683,0.9864186115494614,0.9821339342230276,0.937112423243777,0.7993342145781552,0.9901546696344832,0.898582251082251,0.0991141251879296,0.9761904761904762,0.9609668109668108,0.8659580498866214,0.7176681783824643,0.9721277399848828,0.8885161111041541,0.0846485659792272,0.960051535257325,0.9512191688945624,0.8634049415037666,0.7334712321634933,0.9344336777016232,0.9032524635520784,0.075753601109575,0.9684458722087002,0.9588790740063428,0.8795736355267413,0.7650446891072707,0.9443190469113376,0.6306771535342964,0.1637384553413711,0.7879432075860648,0.7440948601662887,0.5426355390641106,0.3495867228010085,0.7291254380540095,0.7410155858312335,0.1230968899442604,0.8981344252824783,0.77353983266013,0.8339379749127797,0.6267871537378856,0.5726785425628934,0.7869863741854972,0.0424657838126279,0.7574562872807986,0.7561491565225124,0.7789103486526532,0.7722882730758597,0.8701278053956625,0.4946315192743764,0.0556091433670206,0.4835034013605442,0.5400510204081633,0.4432539682539683,0.4307539682539683,0.5755952380952382,0.9153102481654384,0.0258863837466951,0.9033674316995473,0.8706898708944745,0.9255392465421696,0.934069730456285,0.942884961234715,0.8348635691314967,0.0292245473397895,0.8197199078095677,0.8130515569054799,0.8247394738392411,0.8240921809288375,0.8927147261743575,0.6004014636157493,0.0611356733762456,0.5462301587301587,0.5294733044733044,0.5833333333333333,0.6587301587301587,0.6842403628117912,0.7390079911266054,0.1684098041692912,0.661464261157172,0.6526790878602436,0.8876664957829884,0.5162582503897803,0.9769718604428428,0.78642441122122,0.0516751480268439,0.7911339155740922,0.7563377478432898,0.7614614755964899,0.884168583252635,0.7390203338395931,0.4804488765203051,0.0591052694371101,0.5329931972789115,0.5653679653679653,0.4309523809523808,0.4607142857142857,0.4122165532879819,0.8924898822034134,0.0506122357217291,0.8601231585360386,0.8078764803887957,0.9273564421347672,0.9361889775067114,0.9309043524507538,0.8180387572291619,0.0386499676272852,0.8077916522361681,0.752732704692901,0.8471108074477595,0.8655051809103493,0.8170534408586307,0.5129736136878995,0.0555605230944517,0.4641311069882499,0.4310657596371882,0.5358843537414966,0.567517006802721,0.5662698412698413,16.2,10.244998779892558,30,20,7,2,22
-550,0.2478331091858091,0.0584771029941023,0.2194802232441448,0.225420427819093,0.1857644434840906,0.251461296386662,0.3570391549950554,0.964830230670432,0.0243490078375436,0.9780910731658128,0.9797675329710428,0.9772681898211144,0.972663987429752,0.916360369964438,0.9122656840513984,0.0596027154001188,0.9521541950113378,0.9180555555555556,0.9445105820105818,0.9509637188208618,0.7956443688586549,0.9035466878508792,0.0289887390239248,0.9114254075906144,0.9237344041654386,0.9317115619404108,0.9014874771212672,0.8493745884366645,0.9110446032129336,0.0294620627599179,0.9259193918694312,0.9163824473133244,0.9422450617532504,0.9152979657888052,0.8553781493398572,0.6380880230880234,0.0686280849759195,0.6640967498110357,0.6644626537483681,0.6997990105132964,0.6580473098330243,0.5040343915343917,0.7779252839939935,0.1457727324974224,0.8943631052970886,0.8077222960335868,0.8900761263711112,0.8001316360064915,0.4973332562616893,0.7973628323300386,0.0472177860818443,0.760317914698395,0.7628933732077,0.782039532042843,0.7929176317963084,0.8886457099049464,0.4842460317460317,0.0701344140223249,0.4268707482993196,0.4738662131519274,0.4364795918367347,0.4637755102040816,0.6202380952380953,0.921756744830712,0.0046148397297264,0.9139397178418004,0.9191278904724282,0.9254593821921188,0.9261337894503772,0.9241229441968358,0.8349690373285886,0.0232775851233716,0.8110513116715838,0.8306568862129271,0.8228597382951833,0.8310729035242458,0.8792043469390033,0.5909843331271902,0.0456003947732967,0.5150510204081633,0.6506338899196041,0.5722789115646257,0.6159297052154195,0.6010281385281385,0.692177414894104,0.1291740800165762,0.6143004234348025,0.7245776951313019,0.921236031821796,0.5412421354225704,0.6595307886600494,0.801374922539486,0.0504755495582595,0.8366277140733664,0.7328311798924483,0.7788990245919207,0.8779295132435527,0.7805871808961414,0.5299896928468357,0.0758248227789704,0.6286281179138322,0.5339904143475572,0.469047619047619,0.594047619047619,0.4242346938775511,0.8907661118414983,0.0304665852354936,0.8707906392035193,0.840288343748935,0.916623745376662,0.917003344220093,0.9091244866582828,0.8255271839368244,0.0346464498916418,0.8330324786768087,0.7701379907142012,0.8456651218502882,0.8717044562591854,0.8070958721836385,0.5024079888365602,0.042861536597273,0.507816588173731,0.44328231292517,0.494047619047619,0.5762471655328797,0.4906462585034013,14.6,5.314132102234569,20,11,21,14,7
-525,0.3852679063166891,0.1038049728354188,0.5316129461640403,0.487617694905826,0.315389477780887,0.3194644177953402,0.2722549949373518,0.8967778500219421,0.0592561261079554,0.8067684219227199,0.8453821779698875,0.936407402420512,0.9420265782926324,0.9533046695039582,0.8021447467876041,0.0700901139215229,0.6756613756613756,0.78051776266062,0.8319633408919123,0.8510015117157975,0.8715797430083144,0.845290837651867,0.0506511588948824,0.7695603582274532,0.8014370059193157,0.8833425425175979,0.8719553638175205,0.9001589177774475,0.8572953501416404,0.0434814425363686,0.7911429554516761,0.8214183300172974,0.8860787750561732,0.8821093175915845,0.9057273725914708,0.5021634582348867,0.1068583255986199,0.3536910179767322,0.3936805918948776,0.5648148148148148,0.5838443963443962,0.6147864701436129,0.6642783573695592,0.0886552692420095,0.6705968188388007,0.574569753238133,0.7439697214535305,0.7776034687246595,0.554652024592672,0.8065632709640834,0.0386936438133408,0.7575385787908624,0.7897221806318216,0.8024076323673281,0.8074405774015292,0.8757073856288758,0.4869331065759636,0.0901031810873776,0.4881802721088435,0.5305272108843537,0.4626700680272108,0.3390022675736961,0.6142857142857142,0.9086653249236496,0.0325104259007801,0.8792753983793444,0.8700369575552259,0.904574219505714,0.9572120327134942,0.9322280164644696,0.8260035152564977,0.0305353886566262,0.8037578211478761,0.8083733402594887,0.8159254721076955,0.815575018436565,0.886385924330864,0.5638208616780045,0.0539283142908696,0.531547619047619,0.5105158730158731,0.5183673469387754,0.6312925170068027,0.6273809523809524,0.6537129016859191,0.1306272045753223,0.5401022242648261,0.5494241129074778,0.7822865183864322,0.5551748020308358,0.8415768508400235,0.8164811031715125,0.0447055454304362,0.8213221595822119,0.7918375264696076,0.7875287680803627,0.9014202002271584,0.7802968614982223,0.5310111317254174,0.1233398305608544,0.7089569160997732,0.6357529375386518,0.5011904761904761,0.4214285714285714,0.3877267573696145,0.8809267525685283,0.077709660692924,0.7825680049249842,0.7921373636398267,0.9302364554179438,0.9686182135689524,0.931073725290934,0.820467539061986,0.0431106745060491,0.789930963784624,0.76304506265145,0.8599117065752402,0.8788580934523986,0.8105918688462171,0.5271805668654408,0.061587123174593,0.44510212010212,0.4597349545878958,0.5715986394557823,0.5892857142857143,0.5701814058956917,6.2,3.655133376499413,2,2,7,9,11
-500,0.2507164260638611,0.124671108303395,0.2009094916284084,0.1652275983776365,0.2834362266141744,0.126513870699065,0.4774949430000214,0.9518701798498056,0.0500859008212202,0.98061508625702,0.9823964546522018,0.9597127732720652,0.983394889638732,0.853231695429009,0.9002114684257541,0.0773335692903283,0.957738095238095,0.9376984126984128,0.899177145605717,0.9551303854875284,0.7513133030990174,0.9020979269176004,0.0560965230210999,0.9224336652825976,0.9497483891345786,0.8705320691701065,0.959354193767701,0.8084213172330172,0.908998071560591,0.0515794393041399,0.9305947030010217,0.9442186862161146,0.8861769733853258,0.9644452012017026,0.8195547939987907,0.6646109049680479,0.1304354298912687,0.7552626606198035,0.7342592592592593,0.5793083900226759,0.8030517762660621,0.4511724386724386,0.8019122858132635,0.1848997037356226,1.1104055855955397,0.814476164323943,0.7142483272722789,0.8278557264379093,0.5425756254366466,0.8069837877949013,0.0471971366979328,0.7715601930106862,0.776079124654321,0.7869034750652399,0.8012417770898771,0.8991343691543816,0.4997108843537415,0.0622725998726217,0.3880102040816326,0.5281462585034014,0.485204081632653,0.5721938775510205,0.525,0.92667201318693,0.0203120971038451,0.9469612768927712,0.912610587899225,0.9091988753881336,0.9090031449220344,0.9555861808324864,0.8427992649658694,0.0233693440171107,0.8216858005575425,0.8373965438360372,0.8239361996419755,0.8446297199171307,0.8863480608766618,0.5792630385487528,0.0280533418461911,0.5761904761904761,0.5730725623582767,0.5333333333333333,0.618140589569161,0.595578231292517,0.6599149984972817,0.0725160764973668,0.6415979266166687,0.7410230445010322,0.6677282229065895,0.532892253782068,0.7163335446800504,0.8221140912313478,0.0434719598436771,0.8581318373640211,0.7784744648368417,0.7984292720454244,0.8887396689813561,0.7867952129290956,0.5270361781076067,0.1238356920746511,0.4642857142857143,0.582970006184292,0.5035714285714286,0.7273809523809524,0.3569727891156463,0.9096278713532838,0.0272862912170991,0.9266201742877128,0.8779493996242766,0.8978944587902327,0.8916625565640344,0.9540127675001624,0.8345302445485853,0.0225542489673993,0.8317351840481295,0.8102640145009063,0.8388179086708497,0.8748056831577832,0.817028432365258,0.5519588348159777,0.0526070169903275,0.5790816326530611,0.5639455782312924,0.4554421768707483,0.5490798883656026,0.6122448979591837,19.6,14.221111067704944,25,20,7,43,3
-475,0.4218475006875537,0.0267842947847886,0.4268235252017066,0.4680442568801698,0.3866414658370472,0.408334310565676,0.4193939449531691,0.8870358812710026,0.0155964437720746,0.8872168329155505,0.8570451021972223,0.9003820621441536,0.8940188358876511,0.8965165732104359,0.7734460248745963,0.0138180633542138,0.7857709750566894,0.765391156462585,0.7869296708582425,0.750453514739229,0.7786848072562359,0.8307077233196924,0.0162241548678764,0.8078195395243724,0.8146678799931092,0.8481439065318093,0.8414661386061285,0.8414411519430436,0.8393167192993168,0.0108587865772214,0.8228476882027216,0.8307073116842799,0.8523966863923675,0.8445582793337834,0.8460736308834316,0.4691012426726713,0.0451637482773173,0.424966501752216,0.4074804164089879,0.5236464593607452,0.4855579605579606,0.5038548752834467,0.5691100288714681,0.0801822758034046,0.5794527977705002,0.608409719807761,0.5829988292285374,0.656263570700373,0.418425226850169,0.8162864156387961,0.0439298128933811,0.7906350650628144,0.7875143612814876,0.8089172507538874,0.7915057126064845,0.9028596884893066,0.5869444444444444,0.0676168570974906,0.5556122448979591,0.5866496598639455,0.5988378684807255,0.4930272108843537,0.7005952380952382,0.8782880604284923,0.0267780998453108,0.8545193592115403,0.8538333018082743,0.8618799444712854,0.9162827661722438,0.9049249304791176,0.8302242393985255,0.0260752064407317,0.8074797649784154,0.8120211240226771,0.8212714333587373,0.8304182265771497,0.8799306480556479,0.5243267050409908,0.0504997203295682,0.4718073593073593,0.4834532530961102,0.4953978561121418,0.5840702947845804,0.5869047619047619,0.5583546191453934,0.0864842585706859,0.5022587158850261,0.56426133534738,0.5767174277986798,0.4450928430472101,0.7034427736486707,0.8295808337887518,0.0444075276066261,0.8424444623729521,0.79499863454143,0.8173937637396932,0.908885158469518,0.7841821498201658,0.6072747887033602,0.0618370610973668,0.6764172335600908,0.6353818800247372,0.6059523809523809,0.6261904761904761,0.4924319727891157,0.8645568078531133,0.0556219229190079,0.8028615215375593,0.7913702681190367,0.9000636986766102,0.9215922487474212,0.9068963021849392,0.8241776044999709,0.0416527254215639,0.7993191553358043,0.7611749369812258,0.8564040802075711,0.8793930699169605,0.8245967800582924,0.5062819719962578,0.0478059089815406,0.452384718456147,0.4634922617065474,0.5021258503401361,0.5848922902494331,0.5285147392290249,3.4,0.8,3,2,4,4,4
-450,0.1974466466832728,0.0230514979486924,0.2008126583837327,0.1731895992443675,0.1693422400525638,0.2161569226355779,0.2277318131001222,0.9737234104026512,0.0077468962374438,0.9860614641736356,0.9648992164406778,0.9788428497282552,0.97120987628533,0.9676036453853568,0.9206082938225796,0.0186161498947248,0.9470135023706452,0.9162131519274376,0.9370842781557068,0.9028155706727136,0.8999149659863945,0.93532945563962,0.009037433692845,0.9365299450673412,0.9475327768154124,0.9360512442482174,0.9193861560242425,0.9371471560428868,0.937493807340432,0.0103980897245188,0.9299791245065772,0.9535704262263992,0.942746919682981,0.9234221277029678,0.9377504385832348,0.7073465952037382,0.0237980846851913,0.6967970521541951,0.7339569160997733,0.7179971483542913,0.6662226001511717,0.7217592592592593,0.6929125119532858,0.1391058589217771,0.8531938876424517,0.745566821524075,0.6518426494938987,0.7679670846887997,0.4459921164172036,0.8211895507687308,0.0390934119463961,0.7955040116659818,0.7920234613726576,0.8099004064650758,0.8105774412143154,0.8979424331256228,0.5412981859410431,0.1326773373042404,0.3796485260770975,0.5221938775510204,0.5486961451247165,0.475595238095238,0.7803571428571429,0.9127669428770496,0.0171578002719138,0.9400835830430276,0.9125800773672532,0.8858341783387453,0.913070675315834,0.9122662003203876,0.838942365592063,0.0292855971893748,0.8162905645716559,0.8335939759704082,0.8227825256666227,0.8255940936154824,0.8964506681361465,0.5460229849515563,0.0291964310431944,0.5226190476190475,0.5681122448979592,0.5254097093382808,0.5212018140589568,0.5927721088435375,0.5817620604165963,0.0739749367601289,0.6174384132027626,0.616433674203498,0.5406765788793564,0.4604294353297778,0.6738322004675865,0.8436522813193008,0.0396300520322522,0.8608741835543896,0.8071994738635748,0.8460566658372596,0.9072015420152736,0.7969295413260065,0.5862816944959802,0.0828813769964002,0.4606009070294785,0.5877860235003093,0.655952380952381,0.6916666666666667,0.5354024943310657,0.9123088191914508,0.0247146665605827,0.9582911251691898,0.9010870569860716,0.8918406706843314,0.9172599750185958,0.8930652680990645,0.8502320090531263,0.0222998079808806,0.8529807133076571,0.8243675623836371,0.8610407531576365,0.8848224749110383,0.8279485415056627,0.590223149866007,0.0731816521081488,0.7035714285714285,0.634920634920635,0.5137291280148423,0.5865646258503402,0.5123299319727891,14.2,1.9390719429665315,18,13,14,13,13
-425,0.2804259350789445,0.1088015178567857,0.244965333314169,0.1384026611312514,0.2453364119643256,0.3032387246688207,0.4701865443161556,0.9462256456247692,0.0461058843606994,0.973180417048438,0.9837241928885838,0.9758458114047954,0.9391501199218364,0.8592276868601919,0.8888486909915482,0.0637280939024648,0.9236489040060468,0.9413737717309149,0.9412414965986392,0.8627551020408165,0.7752241805813236,0.8884343935946555,0.0526258224525048,0.9158276861191474,0.948063342360318,0.9061421456806654,0.8793338840614973,0.7928049097516494,0.8949080896876564,0.0483124140270118,0.9094849143646287,0.9535679097730154,0.9158033715453716,0.8875281807731189,0.8081560719821475,0.620454069739784,0.1070050031017928,0.6481575963718823,0.7446806500377929,0.6904667422524566,0.5853758675187246,0.4335894925180639,0.7440346624170031,0.1818567737085407,1.0041980956281935,0.8983595137085233,0.6522744872740337,0.6644068083592823,0.5009344071149826,0.8329352764446671,0.0395511151527794,0.8206565054951748,0.7985243022329706,0.816409714759185,0.8186332985907108,0.910452561145295,0.4976077097505668,0.0833129083982541,0.3601190476190475,0.4727891156462585,0.5516439909297053,0.4951530612244897,0.6083333333333333,0.9279578953456342,0.0243829135598647,0.952456087600406,0.9340811820826436,0.8845342172543488,0.9208051700799236,0.9479128197108492,0.8418997168314337,0.0275074379912409,0.8198087842557477,0.8373173889067153,0.8246954795961964,0.8320919264365282,0.8955850049619815,0.5868537414965986,0.0523239817407306,0.5464285714285714,0.5971088435374149,0.5187074829931972,0.6008503401360544,0.671173469387755,0.6813938772039755,0.1492788987105484,0.726118520966598,0.9178236307842392,0.5864581577479839,0.471729536141668,0.704839540379388,0.8408971934891752,0.0413544200104933,0.8658402469517213,0.7853155998353042,0.8355541466978463,0.904514653267732,0.8132613206932718,0.5373026180169037,0.1316077947107038,0.4901360544217686,0.5567795299938157,0.6964285714285714,0.6297619047619047,0.313407029478458,0.925416681532592,0.0191763086132311,0.951622368949927,0.9233057655717756,0.8961333141071279,0.9162533507361094,0.93976860829802,0.8459353183312712,0.0294867781077064,0.8564617634567654,0.8328221314231533,0.8702901522846205,0.8752663555028564,0.7948361889889608,0.5658575551432694,0.0761815659498628,0.6333333333333334,0.6374149659863945,0.5509637188208616,0.5793444650587507,0.4282312925170067,10.6,5.607138307550474,11,17,16,7,2
-400,0.2692903308996132,0.1117696531971394,0.1494680550836381,0.3966298741953714,0.1905489789233321,0.1973084509372711,0.4124962953584535,0.944083699995959,0.0403146207324064,0.970594224081052,0.8958757277975167,0.9873063253682094,0.9720487809397818,0.8945934417932347,0.8750491307634165,0.0631113004079858,0.9307539682539684,0.805650037792895,0.9286281179138324,0.919642857142857,0.7905706727135299,0.8908236660065064,0.0499051636178868,0.9544865105380872,0.829347668050494,0.9116962937961136,0.923559233579776,0.8350286240680614,0.8979799116386733,0.0479243864958363,0.9611087857028564,0.844115441986582,0.9077396958583148,0.9349483778236068,0.8419872568220066,0.6102765752765753,0.1158674508026813,0.7524470899470901,0.4541426166426165,0.6548065690922834,0.6952080327080328,0.4947785679928537,0.7162690758705139,0.2068081127457814,0.9788911257471355,0.629120579787663,0.9309359128986088,0.6080785755600248,0.4343191853591374,0.8196903080934703,0.0461275882763409,0.7876319948733859,0.8080551082844881,0.7886535141741573,0.8035761818662804,0.9105347412690392,0.5527947845804988,0.0840228726057484,0.4370748299319728,0.5327097505668934,0.5250566893424036,0.5738945578231293,0.6952380952380952,0.9095720737121716,0.0170952042109954,0.9144820458841284,0.9174409388430214,0.9115726881611064,0.8770627875825171,0.9273019080900854,0.8417456980351554,0.0274122053233638,0.818476670679125,0.8377555913047149,0.8335766000328192,0.8240658708053612,0.8948537573537573,0.5660941043083899,0.049331769322648,0.5059523809523809,0.5896258503401359,0.5578231292517006,0.5297052154195011,0.6473639455782313,0.5679187486214297,0.102631834008372,0.5337550278220858,0.5363442727497646,0.7521608418651989,0.4396174566021987,0.5777161440679005,0.8524998694076672,0.0381824646026754,0.885869023370658,0.836815816857381,0.8372861744167162,0.9046284924594656,0.7978998399341155,0.6210837971552257,0.0854213286271923,0.6892290249433105,0.5895176252319109,0.5916666666666667,0.7398809523809523,0.495124716553288,0.9025744624170988,0.0167799520271045,0.9177311456961672,0.8858189229125192,0.9269150413822438,0.8960152554980141,0.88639194659655,0.8523498383005859,0.0314508127318954,0.8788992828125595,0.8163740955435699,0.8751118570859651,0.8798843961928771,0.8114795598679577,0.5814888682745825,0.0535555656112557,0.6637755102040815,0.5844774273345702,0.6101190476190477,0.5358070500927643,0.5132653061224489,12.0,8.579044235810887,26,3,15,13,3
-375,0.2700087386759974,0.1293506060572189,0.1478451664249102,0.3712521241534324,0.2803649473048392,0.4460547243555386,0.1045267311412663,0.9441358168493812,0.0480015817277583,0.9834628674000062,0.9286789877435402,0.9482854182029766,0.8618417405779658,0.9984100703224176,0.8773560434274721,0.0805286537671448,0.9597402597402598,0.8136999244142102,0.8644274376417233,0.7710128495842784,0.9778997457568886,0.8941441827156099,0.0600746647357554,0.953888940083566,0.8583076480085294,0.8775127358190722,0.8102311017347913,0.9707804879320904,0.8994257212388416,0.0591834968119201,0.9614007026080084,0.8547900027871487,0.8861299433300334,0.8215909415927434,0.9732170158762744,0.6323057101628531,0.1619661980412041,0.785789012574727,0.4826324469181611,0.5770880574452003,0.4569676355390641,0.8590513983371126,0.5962445623108319,0.0929491201371489,0.7016316098826272,0.5704351833888462,0.6930082568100521,0.5651430934667587,0.4510046680058752,0.8374668712100993,0.0400234259837282,0.8238521573623875,0.8197113806968346,0.8095213273436463,0.8172818780057546,0.9169676126418738,0.6300340136054421,0.080323478333102,0.618735827664399,0.6196995464852607,0.5022675736961452,0.6570861678004534,0.7523809523809524,0.9006283883099236,0.0296193581561151,0.8884382206989075,0.882982249384332,0.9364340805069707,0.8614036547357701,0.9338837362236376,0.8495522459766056,0.027492834383393,0.8379783757303777,0.8323825713335385,0.8424192065002163,0.8310482371392574,0.9039328391796382,0.5834637188208616,0.0496385445648264,0.5580215419501133,0.5401643990929705,0.6258503401360543,0.5347789115646259,0.6585034013605442,0.546982433114733,0.1827209651094586,0.4346362575888634,0.4871169509632246,0.5644387943404061,0.3612537426607949,0.8874664200203759,0.8620386049630142,0.0402518840579121,0.8926924575400385,0.8451976808996512,0.8496584433484874,0.9193028244675412,0.8033416185593525,0.6626376004947433,0.1590928471844989,0.7891156462585033,0.6324056895485466,0.580952380952381,0.8821428571428572,0.4285714285714285,0.8825218082749513,0.0363151562262976,0.8661966078066111,0.8564933556682327,0.939980406048594,0.8415448672837836,0.9083938045675348,0.8461315310604377,0.0291194329728055,0.8628511664617087,0.8095221163443159,0.8807246259138175,0.864422956900915,0.8131367896814312,0.5573215276786705,0.0576743487505992,0.5910038374324088,0.528030303030303,0.654421768707483,0.501076899291185,0.5120748299319727,13.2,12.172099243762352,20,4,6,2,34
-350,0.1743100233198631,0.0501030827611583,0.1683807176138673,0.1290545010318358,0.1969455888583546,0.1194887916956629,0.2576805173995949,0.9726328004662006,0.0086488192049482,0.9791135958208002,0.971254006932373,0.9675418644558628,0.9849599659168758,0.9602945692050916,0.9227679859822716,0.0323747084233469,0.9658730158730158,0.91271645021645,0.9047799422799424,0.9529478458049884,0.8775226757369613,0.932214678586634,0.0290919731621874,0.9252760669694828,0.9617878161186862,0.9244172444784235,0.9644075583858052,0.8851847069807732,0.940276575455016,0.0256185082889161,0.9400765451702514,0.9652155944982947,0.9322996013928888,0.9669343356954636,0.8968568005181807,0.7126712705284135,0.0731022039918251,0.6705859616573903,0.7847411186696902,0.6773148148148149,0.8115079365079365,0.6192065209922354,0.608311815559864,0.1188704105712299,0.6818633803299495,0.680142709187099,0.6611484746847834,0.6463959898267474,0.372008523770741,0.8437947106756949,0.0459899284673659,0.8290051760206126,0.8057836282506313,0.8251959668575717,0.8246448367065146,0.9343439455431451,0.618140589569161,0.0907776956034708,0.5884920634920635,0.4886054421768707,0.6077947845804987,0.6355725623582767,0.770238095238095,0.9166277943717628,0.0145441420944035,0.9187482001347548,0.934402712404174,0.9074503870667552,0.8940126076443212,0.9285250646088083,0.858807243408183,0.0243949606094654,0.850431641979228,0.8391567947120308,0.8508544969488839,0.8467234260064079,0.9068698573943648,0.6284977324263039,0.0297442534850255,0.6321995464852608,0.6238095238095237,0.6013605442176871,0.6022108843537416,0.6829081632653062,0.5253016379262719,0.0967658130898366,0.4465974622539111,0.6163704650742667,0.5565309072179454,0.3802067616156169,0.6268025934696198,0.8688289665479493,0.0387277096332431,0.8913309250923666,0.8287881648888422,0.8580249984725613,0.9323521215146828,0.8336486227712935,0.676753762110905,0.0786745031008285,0.6786281179138322,0.6602427334570191,0.630952380952381,0.8226190476190477,0.5913265306122449,0.90512761784687,0.0066972627349068,0.9097864604974772,0.9058365813168768,0.8975517084150736,0.897798789424405,0.914664549580516,0.8639247403870401,0.0155280375384625,0.8694381202252469,0.8509363663359639,0.8580559229703857,0.8916089385443376,0.8495843538592666,0.6138151927437642,0.0370720673071142,0.6427721088435375,0.6361678004535146,0.5443027210884354,0.6065476190476191,0.6392857142857142,16.8,5.491812087098392,19,20,12,24,9
-325,0.2548983797785781,0.0768924282727302,0.3352109488277208,0.2019775590548912,0.2693855219653674,0.3320015466638973,0.1359163223810139,0.955116656857382,0.0204846496249744,0.924875889855744,0.9704412048646216,0.9552149108373272,0.9420443931453606,0.9830068855838564,0.8843381089809661,0.042180349427862,0.8167044595616026,0.8846655328798185,0.8995181405895691,0.8734384662956093,0.9473639455782312,0.8961479926337589,0.0375177646678581,0.8521435444845167,0.9131186159882066,0.8759244362012392,0.8792310451380284,0.9603223213568038,0.9061846101087554,0.0338611795424447,0.8642785729160548,0.922093369232276,0.894774952780721,0.8868494583415265,0.9629266972731984,0.6303412592698308,0.0984548273122771,0.5191159369730799,0.6519368858654573,0.5843296914725487,0.587905414691129,0.808418367346939,0.6119298294186593,0.1354893838574499,0.7830686292478016,0.7265220316393035,0.5688617463622775,0.5856496670416423,0.3955470728022711,0.8552702963699351,0.0386797608180828,0.8366121499696124,0.8363411421796515,0.8452048869993928,0.8264778461087149,0.931715456592304,0.5733843537414965,0.090356344209292,0.4515022675736961,0.5346655328798186,0.5769274376417233,0.5740646258503401,0.7297619047619047,0.9301436184643131,0.0132826491685783,0.9474485290214192,0.926707383808224,0.925252955883208,0.909738342382661,0.9415708812260536,0.8569122992248062,0.0281508455604044,0.8362924442944657,0.842987729183198,0.8490008364616652,0.8436479539837911,0.9126325322009108,0.6410714285714285,0.0431705552347885,0.6654761904761903,0.6202380952380953,0.6270408163265306,0.5829081632653061,0.7096938775510203,0.549066875236375,0.1308615598297358,0.5539131207125527,0.6193418598600796,0.4921918830701283,0.3433980207358088,0.7364894918033055,0.8774817493869629,0.0448894692020839,0.896234964501555,0.8681845668699116,0.8755183827374001,0.943036486809578,0.8044343460163701,0.5991403834260977,0.0649935615717214,0.5503401360544218,0.6011440940012367,0.5952380952380952,0.7178571428571429,0.5311224489795918,0.926203978639828,0.0205800798541128,0.9519212235344956,0.9264447562107664,0.9276169508863312,0.9357529557652712,0.889284006802275,0.8631618526615279,0.0272330887787466,0.8719192610530758,0.8483587918136314,0.8711615504378664,0.903090077213129,0.821279582789937,0.6530385487528345,0.0802544343155094,0.7607142857142858,0.7125850340136054,0.5964285714285714,0.6599489795918367,0.535515873015873,8.8,5.114684741017769,4,9,9,4,18
-300,0.1546112740146262,0.0426035412027498,0.1595721668785526,0.1598958330495017,0.2278725001074019,0.1036687644996813,0.1220471055379935,0.9792845583294304,0.0148988975790809,0.9831061096090858,0.978663975008905,0.9524779875790756,0.9980763471537282,0.984098372296358,0.9437188208616778,0.0357828062890918,0.9612150415721844,0.9452097505668934,0.8770691609977322,0.9836073318216176,0.951492819349962,0.9397111947802594,0.0261172070604809,0.9271215720822426,0.934246813506308,0.900613045069816,0.9737797580695772,0.9627947851733538,0.9463488162119064,0.0228240681407031,0.9348823055133272,0.9446035011614274,0.9110420863897264,0.9754337106490596,0.9657824773459922,0.7432946815089672,0.0878605237445261,0.7525037792894936,0.6897263450834881,0.612358276643991,0.8705301312444169,0.7913548752834467,0.5647374712995121,0.1067353057614594,0.6177705526351929,0.5814412151064191,0.6042776703834534,0.6623100680964333,0.3578878502760614,0.8746514268856738,0.0343318048665338,0.867880395190406,0.8492560234796259,0.8507123766916651,0.8636170880466644,0.9417912510200072,0.6512471655328798,0.0622842298980054,0.6094671201814058,0.6267290249433106,0.6160147392290248,0.6290249433106576,0.775,0.9218809303652008,0.0081015334368059,0.92055655855802,0.9155067326075728,0.9131069975370304,0.9240700211708616,0.9361643419525192,0.8687547478322383,0.02156350502122,0.8562703179922143,0.8583459940154033,0.8540385059906737,0.8637170783341704,0.9114018428287296,0.6473242630385487,0.0268314771824096,0.6265306122448979,0.6299319727891156,0.6214852607709751,0.6707482993197279,0.6879251700680272,0.5059522301490817,0.0960894777597945,0.4368409078036036,0.545692822762898,0.5130318360669273,0.3765423204749822,0.6576532636369977,0.887072066194251,0.0347043519553818,0.9049832133952764,0.8583531241951808,0.8823773018289479,0.9434760328387176,0.8461706587131322,0.6783750773036488,0.0613120703053294,0.731689342403628,0.6525896722325293,0.630952380952381,0.768452380952381,0.6081916099773242,0.913919799567296,0.0164665131934905,0.9232166017847614,0.906536792435807,0.8953101328328189,0.9413608650061852,0.9031746057769076,0.8707698832528173,0.0254481479662798,0.8895640763327849,0.847726633185775,0.8579218012239096,0.9112762281394357,0.8473606773821813,0.6384410430839003,0.0611320883520619,0.7014739229024942,0.6531462585034014,0.5339285714285714,0.691921768707483,0.6117346938775511,17.6,8.404760555780276,18,10,7,30,23
-275,0.2482453892096167,0.0807338748508915,0.2743605215634618,0.3265406647253604,0.1202299755421422,0.3275426998734474,0.1925530843436718,0.9599304879442568,0.0276309374785696,0.950030383994736,0.9424491979546592,0.995644448574524,0.923333253686938,0.988195155510426,0.8895653817082391,0.051599219023858,0.8738000755857899,0.8357520786092216,0.9711356764928196,0.8420823885109601,0.9250566893424038,0.9098677817913567,0.0298300567655464,0.9073388584491098,0.8788673112578038,0.9525385420552124,0.8768439727990078,0.9337502243956504,0.9124000942881192,0.0275726335451671,0.9122649415710242,0.8847611080593014,0.958904673926879,0.8843369041934211,0.92173284368997,0.6498345701917131,0.0996747318602254,0.6110166288737717,0.5508030990173847,0.8107898715041573,0.5602186834329693,0.7163445681302828,0.5573647545916693,0.119061691501792,0.604688228241035,0.5657416943992887,0.7347257265022823,0.5113784755979266,0.3702896482178143,0.8698109352449446,0.036768609454794,0.8456815921277467,0.8543310063248637,0.8530001613707541,0.852945538629796,0.9430963777715624,0.6326020408163265,0.0756127995487351,0.6273242630385487,0.5403344671201814,0.5972789115646258,0.6284297052154194,0.7696428571428572,0.9216730068082796,0.0088829476230548,0.9169435749030198,0.9212128783137188,0.926349046493365,0.9087018166612614,0.9351577176700328,0.8657291273394758,0.0228011642827265,0.8600114123877403,0.8439236402911581,0.8581838670097746,0.8566225584504311,0.909904158558275,0.6442120181405897,0.011261340365494,0.6436791383219955,0.6424603174603174,0.6573696145124718,0.6246598639455783,0.6528911564625851,0.5153523446193764,0.1228049773692229,0.4552726990410259,0.4780029814158167,0.6390458552965096,0.336757443845272,0.6676827434982572,0.8897338295187474,0.0298540322449851,0.8950554019158955,0.8827590864367343,0.8785065651898681,0.9418377402906344,0.8505103537606049,0.6684389816532674,0.0882792475779834,0.6895124716553287,0.7077844774273345,0.5904761904761904,0.8011904761904763,0.5532312925170069,0.9137277333425228,0.0123117087702068,0.9328939545072268,0.9030509793071368,0.9000545445969348,0.9224905818501876,0.9101486064511274,0.869787426096378,0.0242261315342047,0.8889745646803996,0.8597450572632842,0.8541553738839113,0.9061982824159924,0.8398638522383025,0.6229627911770769,0.0516091491965697,0.6906462585034016,0.6412595341166769,0.532312925170068,0.634608843537415,0.6159863945578231,10.8,7.984985911070851,6,3,24,5,16
-250,0.1632748037221885,0.0409579384354172,0.1939901415968225,0.1351142672910577,0.1743972299709206,0.099717259318346,0.213155120433796,0.980441370737263,0.0096086205630302,0.9843215459014928,0.9693469349109388,0.9926638744857984,0.9869248749295332,0.968949623458552,0.9314928193499622,0.0200953332169404,0.931377551020408,0.9362244897959184,0.9284769463340892,0.962207105064248,0.8991780045351474,0.943283839576442,0.0175029258383876,0.9316383002754104,0.9583441919358868,0.9306664415101036,0.9698827086098716,0.925887555550938,0.9447402440813086,0.0206418809259715,0.9353565513796186,0.9650591333109242,0.921488764025588,0.9734044799956212,0.9283922916947912,0.7392360681646397,0.053965726747642,0.7113756613756617,0.766317082388511,0.6959278155706727,0.8327097505668933,0.6898500309214596,0.6108509334070342,0.1800328051408081,0.5732538678816387,0.6413650193384716,0.667133737887655,0.8649411180189678,0.307560923908438,0.8762168732788032,0.0355762367040253,0.859729031430484,0.8546286650111549,0.8581188942039099,0.8613786866474572,0.9472290891010104,0.6549603174603174,0.0791777145329327,0.6654195011337867,0.6253401360544217,0.6091836734693877,0.5730725623582767,0.8017857142857144,0.9188442558663414,0.0140640422066905,0.898749043281378,0.9240120407137214,0.9372966622546456,0.9273715383589334,0.9067919947230292,0.868924324396706,0.0143359907654512,0.8583475198629201,0.8631090439563949,0.8702684626686726,0.8568665483657456,0.8960300471297963,0.6460147392290249,0.0336090529639421,0.6107709750566892,0.660204081632653,0.6986394557823129,0.6518707482993198,0.6085884353741496,0.5439868270286492,0.1005627344207702,0.4455867047820772,0.6530607965375695,0.6248870726142611,0.4026831697140421,0.593716391495296,0.8833219165216623,0.0312992002783538,0.89384373699019,0.8536977214424875,0.8807780135414955,0.9369769706438428,0.8513131399902958,0.651566687280973,0.083057024665723,0.6977324263038549,0.6572665429808288,0.5345238095238095,0.7750000000000001,0.5933106575963719,0.917518596558908,0.0117432068938446,0.9182660146144946,0.9066558400548548,0.9341446538750142,0.925953744303498,0.9025727299466796,0.8683116968065342,0.0223505324830283,0.883429352143318,0.8480431331180143,0.8617131912105812,0.903731358462526,0.8446414490982318,0.6321057513914656,0.025058493909001,0.6590136054421769,0.6520537002679859,0.5916666666666667,0.6423469387755102,0.6154478458049886,20.8,12.155657119218196,11,16,24,43,10
-225,0.1456885103313696,0.0398445147937857,0.1081208643459138,0.1208247301124391,0.2045594498160339,0.112566997607549,0.1823705097749119,0.9806981418297188,0.0108164607160463,0.985877939851154,0.9854016681336056,0.9591276752097236,0.985435827096336,0.9876475988577748,0.939527417027417,0.0225162930089671,0.9704081632653062,0.9410430839002266,0.902598261526833,0.9519171304885592,0.9316704459561604,0.9482037997723982,0.0206542063781449,0.9662390470831062,0.9556362333238756,0.920220832277081,0.9714416636091512,0.927481222568777,0.9530542720542398,0.0186577555807317,0.9719063641806588,0.9591606406963816,0.9289232022444858,0.9722009866287226,0.9330801665209502,0.7536844636844636,0.0626633127107251,0.7979969765684052,0.7593726379440666,0.6610621521335807,0.8388321995464851,0.7111583522297809,0.6208914899400303,0.1846766244028866,0.9411889399800982,0.5474014516387667,0.6921038127371243,0.5206037014722824,0.4031595438718796,0.8780539368276814,0.0326289868230371,0.8552827604936437,0.8764907661782662,0.8540864948729399,0.8630812179015047,0.941328444692053,0.6176587301587302,0.0742739688343678,0.5171201814058958,0.6700963718820862,0.5428004535147392,0.7070861678004536,0.6511904761904762,0.9271517375489003,0.0215262915736077,0.9443982550285072,0.9011236460396124,0.9405544097981072,0.9008443830895422,0.9488379937887326,0.8683439196244708,0.017618953394746,0.8571046379833452,0.8584378414066659,0.8572871523176978,0.8659119700161116,0.902977996398533,0.6573922902494331,0.026585762832051,0.6932823129251702,0.6222222222222221,0.6616213151927438,0.6327947845804989,0.6770408163265306,0.5783871277102401,0.1279447540936101,0.6235996697630201,0.5656785858528954,0.715541174369199,0.3411762474903038,0.6459399610757828,0.8822343572731473,0.0318065173658896,0.893343606800619,0.8545744011507559,0.8548526884344876,0.9392362520826192,0.8691648378972548,0.6362286126571841,0.1291937641309565,0.5865646258503402,0.7244820655534941,0.4988095238095237,0.8428571428571429,0.5284297052154195,0.9116553375608742,0.0367022235599519,0.950516613107329,0.8836257220247369,0.928846380719598,0.8543355567986108,0.940952415154096,0.8622336171654196,0.0105768703846887,0.882237188083862,0.8525682897139969,0.8578601913720981,0.8630507578630696,0.8554516587940709,0.6205333951762523,0.0896023230700884,0.7452380952380951,0.605746237889095,0.5790816326530611,0.4855261801690373,0.6870748299319729,17.2,4.955804677345546,22,15,11,24,14
-200,0.2340591208211013,0.1119114558693731,0.148957911612732,0.1155182436285983,0.3139644983623709,0.1791232405673889,0.4127317099344162,0.9561502581071706,0.0340677009102717,0.980033124583104,0.98451102163284,0.9424775902124412,0.9786829286234048,0.8950466254840629,0.9080667216381504,0.0597679243149591,0.9496031746031746,0.9610827664399092,0.8755385487528345,0.9489692846835704,0.8051398337112625,0.906292118993934,0.0490260844829089,0.9476767385141768,0.9475549483964918,0.863633655449827,0.9409930236782882,0.8316022289308859,0.9158580729046036,0.0468196668601965,0.9534882191944,0.955762211631836,0.878967314773555,0.9492259809673887,0.8418466379558387,0.6604240600669172,0.1008426292563761,0.7430933484504914,0.7387849584278157,0.5710394763966192,0.7414673950388236,0.5077351220208364,0.5551650183541434,0.1271443403088054,0.6831942796707153,0.619812052164759,0.6553647283996854,0.4692643039992877,0.3481897275362696,0.88197605638797,0.0337554143651771,0.8732164947918967,0.8569983123312499,0.8628394209318808,0.8682105100029608,0.9486155438818616,0.6638945578231292,0.115556712197015,0.5462868480725623,0.7534297052154194,0.5068027210884354,0.7171201814058955,0.7958333333333334,0.9258497469516644,0.0268937234437534,0.9427048255199516,0.8820582934028313,0.95834392991682,0.9099700761017898,0.93617160981693,0.8742739361393495,0.0219109630230301,0.8607271511849177,0.8592102102662577,0.860637606547843,0.874047028063589,0.9167476846341394,0.6662487116058544,0.0281368199214488,0.6938775510204083,0.6127834467120181,0.6676870748299321,0.6741573902288188,0.6827380952380953,0.519001748838595,0.1224423334716167,0.527491997395243,0.5556263354207788,0.6819383012396949,0.3023790514894894,0.5275730586477688,0.8828287893744615,0.0390319628041478,0.9090096600063092,0.8743982334145511,0.8330538094214527,0.9428332810798944,0.8548489629501003,0.6605591630591631,0.1348718229746893,0.6188775510204082,0.7179885590599876,0.5166666666666667,0.893452380952381,0.5558106575963719,0.9168502382562084,0.036451988946438,0.9574833517674316,0.8617131108264112,0.9436598580363164,0.8866338209318505,0.934761049719033,0.870243444842505,0.0226579773613012,0.8932848958492418,0.836391403897121,0.8706706307451976,0.8958797124266663,0.8549905812942986,0.6427200577200578,0.0731127320480371,0.7671768707482993,0.565489074417646,0.6535714285714286,0.5720341166769739,0.655328798185941,10.6,6.248199740725323,15,16,4,16,2
-175,0.1646694701342355,0.0546394534196782,0.1477108814177058,0.1006932666613942,0.1269663532397576,0.1916789891464369,0.2562978602058831,0.9807464442078422,0.0121433653000101,0.9825779996018094,0.9985494614512472,0.9831083752868172,0.9789542441533412,0.9605421405459952,0.953874630660345,0.0159488760202029,0.9561868686868688,0.9779761904761906,0.959920634920635,0.9454622758194186,0.929827183398612,0.9323587068300804,0.0271592490392534,0.9393074746642198,0.9655650789640936,0.9467384910370557,0.9256261947781628,0.8845562947068702,0.9414316567805482,0.0237668147270409,0.9478743333137128,0.9693013044578206,0.9555009331140876,0.9350978984897113,0.8993838145274085,0.7112775716347146,0.0681580334442612,0.7118291761148905,0.8135298563869993,0.7443027210884358,0.6784082319796605,0.608317872603587,0.5348666506154197,0.0796665044375244,0.5225069703800338,0.5744460203817913,0.6480420444692884,0.5252925860030311,0.4040456318429538,0.8834645785350622,0.0322327600171276,0.8722777422934987,0.8710138937589157,0.8642154256723126,0.8623378206262068,0.9474780103243772,0.6489455782312925,0.0303450133608613,0.6278344671201814,0.666014739229025,0.6004251700680273,0.6671201814058956,0.6833333333333333,0.9188146524053824,0.017637788253158,0.9102853560599268,0.9064065113224778,0.9110160645454763,0.9125059938505318,0.9538593362484988,0.8694934790047514,0.0216202691431082,0.8599086574306207,0.8598427834109348,0.8510362127146341,0.8648757298190043,0.9118040116485624,0.6585827664399093,0.0362087366695696,0.6492346938775511,0.6234410430839002,0.6257936507936508,0.673015873015873,0.7214285714285714,0.5344041013291904,0.1408924130994719,0.4298925633941378,0.5827875541789191,0.6637854671904019,0.3153395525046757,0.6802153693778175,0.8841785560529376,0.0340156714051426,0.8970354555696989,0.8573312003176533,0.8480595817677747,0.9434326230123644,0.875033919597196,0.6474010513296229,0.1335460533057859,0.6253401360544217,0.6906617192331479,0.5880952380952381,0.8696428571428572,0.4632653061224489,0.9106469593883788,0.0252899004709846,0.926182930916504,0.8920023217067551,0.8828178346586436,0.9000786433052442,0.9521530663547472,0.8610576520449479,0.0225304190423262,0.8707210737708234,0.8494521533307264,0.8398373636578536,0.9008477107040004,0.8444299587613356,0.6252123273551844,0.069805429171734,0.666893424036281,0.6399505256648113,0.4930272108843537,0.6309523809523808,0.6952380952380953,15.6,4.841487374764082,16,22,19,13,8
-150,0.2828374071667591,0.1152590777498085,0.3658477085686865,0.2788795559179215,0.1290982464062316,0.4488122484513691,0.191549276489587,0.9386819066623884,0.0444054497075581,0.9115357763158723,0.9628489600172732,0.981314212754305,0.8643825551411249,0.9733280290833658,0.8684180237751665,0.068423701261006,0.8162131519274377,0.8805650037792896,0.9608843537414964,0.7693688586545729,0.9150587507730364,0.8889186866881611,0.0455363713764413,0.8605315210449552,0.8840508118792366,0.9497922115444284,0.8229016776144941,0.9273172113576912,0.8921891785851452,0.0487117363491037,0.8686475854919796,0.8807957897021094,0.9580592719191752,0.8203177638985165,0.9331254819139456,0.5991528445099874,0.1079164054514631,0.5160954785954787,0.5529426922284065,0.7496882086167802,0.4738263059691631,0.7032115371401085,0.5085832691618375,0.0849838224692419,0.5754091516137123,0.5744476424796241,0.5417558667915208,0.504556125828198,0.346747559096132,0.8825330170299004,0.0375168949482384,0.8483305019332148,0.87545007816393,0.8807507480416916,0.8546350258795454,0.9534987311311204,0.662375283446712,0.0598292712917568,0.6678004535147393,0.5591836734693877,0.6747448979591837,0.6637188208616779,0.7464285714285713,0.9114601770153594,0.0228470340281504,0.8892312250057959,0.93575589210043,0.8922066083958669,0.8976132846300912,0.9424938749446136,0.8667956006932757,0.0218268714759491,0.8504187919835218,0.8588462956544005,0.8569713932445395,0.8576883912017276,0.9100531313821894,0.6400463821892394,0.0297870798616993,0.6147108843537415,0.6704081632653062,0.6018140589569161,0.6359178519892806,0.6773809523809523,0.5240609371236392,0.1344256127511155,0.4340942757470267,0.5236847091998372,0.6673293507524899,0.3239164384348051,0.6712799114840371,0.8834088009403838,0.0367755607041383,0.8833499022347503,0.8757486724527981,0.836942473019735,0.9497212586036476,0.8712816983909878,0.6864368171511028,0.1028199240722087,0.7895124716553287,0.6531307977736548,0.6404761904761905,0.8136904761904763,0.535374149659864,0.8887743693837924,0.0362584822126949,0.8327266845246577,0.9100142951374476,0.8711953587180447,0.889475580978044,0.940459927560768,0.8546004170807059,0.0170377062985737,0.8397484271764347,0.8515279640665661,0.8408568675133263,0.8867298049910416,0.8541390216561602,0.5913966192537621,0.0851540723916258,0.5272778808493094,0.6628401360544218,0.4761337868480725,0.5823979591836734,0.7083333333333334,7.8,5.77581163127746,3,5,17,2,12
-125,0.2696979636947313,0.088665592850001,0.1363027173848379,0.3791084466945557,0.2024220128854116,0.2946803339180492,0.3359763075908025,0.9462974049979448,0.0301866536129497,0.9717484043169412,0.9053598695189552,0.9815696316394182,0.9563127032938336,0.916496416220576,0.8753248471105615,0.0559103365300041,0.9216269841269842,0.8175170068027212,0.9393509929224214,0.8973639455782312,0.8007653061224489,0.8852059129039995,0.0442644532784961,0.9522603181000852,0.8233225134585112,0.914513566011924,0.865005734943105,0.8709274320063727,0.8960814866641439,0.039258217324487,0.9562946144528148,0.8449823984410891,0.9239478014791244,0.8797121295671181,0.8754704893805728,0.5979545058116487,0.1030186693055885,0.7306689342403628,0.4379304557875986,0.6805788127216701,0.5975623582766441,0.5430319680319678,0.5064618027635983,0.0363885268675579,0.5360356409634862,0.5021388062408992,0.5393162071704865,0.5158786645957402,0.4389396948473794,0.883137840464355,0.030829235846883,0.8671855829381176,0.8667715634191246,0.8665978531880979,0.8704003782858368,0.9447338244905976,0.6567006802721088,0.0683094075966964,0.7148242630385486,0.6910997732426304,0.7253401360544217,0.5992630385487528,0.5529761904761904,0.9167275091868908,0.0283652843793348,0.8929232830255848,0.9035746435326268,0.8952453657048104,0.9223435981601856,0.9695506555112468,0.8721810290218732,0.0145968553666788,0.8659041926869026,0.8665299088741862,0.8662321066996397,0.8611341484996748,0.9011047883489628,0.6619841269841269,0.0495276697774128,0.6299603174603173,0.6446428571428572,0.6218820861678004,0.6551020408163265,0.7583333333333332,0.4999136362757002,0.1596933470426159,0.3992731986301286,0.4654383105891091,0.5292627524052348,0.3185555062123707,0.7870384135416576,0.8958335163867124,0.0332832467937764,0.918680069340416,0.8729945586364921,0.8743914429826408,0.9501730472250792,0.8629284637489333,0.6633771387342816,0.1634207417817082,0.7497165532879818,0.7622371675943105,0.6547619047619048,0.7994047619047618,0.350765306122449,0.9020441844427542,0.0361314934384547,0.9037031861386228,0.8464849500071175,0.8902811795604121,0.9109629970467408,0.9587886094608784,0.8579706681854994,0.0293722143004881,0.8809668917471157,0.8355193851191671,0.8580104978179408,0.8981787515800251,0.8171778146632482,0.5902214055785484,0.0437551859201152,0.6483211233211232,0.553522866022866,0.5313208616780044,0.5905612244897959,0.6273809523809524,9.0,5.727128425310541,17,2,14,8,4
-100,0.1664787072688341,0.0549195975068368,0.1079034415916318,0.1387023941746779,0.2628270650193804,0.1892764667669932,0.1336841687914871,0.974075590710244,0.0125146743886671,0.9735992774587762,0.9708395751340128,0.9527463457509456,0.987994555838112,0.9851981993693726,0.938795780938638,0.0254326248928803,0.941798941798942,0.9269274376417233,0.8966716484573626,0.96650604686319,0.9620748299319728,0.9320232441457662,0.0322655122456995,0.9692880044919464,0.9489024315989132,0.8778733763917094,0.9147123531022656,0.9493400551439964,0.9421311924841412,0.0285604897179349,0.9740819598278112,0.9574544278026548,0.8929262396895145,0.9289569517392676,0.9572363833614572,0.7168692022263452,0.0728069588825391,0.8175453514739229,0.7182728647014361,0.5975271421699995,0.6940751047893907,0.7569255479969768,0.5012316384485789,0.0835174687164103,0.5304844858390945,0.5188176099743161,0.5020962016923087,0.6049971261194774,0.3497627686176981,0.8914266447737361,0.0272582094190919,0.8859478253861931,0.8809780063549016,0.8660450183882545,0.8798444747185385,0.9443178990207928,0.6914625850340135,0.0727311811601734,0.7305839002267573,0.6796201814058955,0.734155328798186,0.5552154195011337,0.7577380952380952,0.9097835804012402,0.0248668552883029,0.8981424818162124,0.9118569419592438,0.869538994341698,0.9414620378065758,0.9279174460824706,0.8718857234602753,0.0175423507512386,0.8730020682376626,0.8668974361167489,0.8519189976303979,0.8634368236000657,0.9041732917165016,0.6480488559059988,0.043141031151643,0.6289218717790145,0.6560657596371884,0.5854437229437229,0.7183673469387756,0.6514455782312926,0.4849581047892569,0.1108761880054747,0.4034781668867384,0.5004752746650151,0.5030261150428227,0.3459415680595806,0.6718693992921284,0.8965695194625252,0.0282451802237474,0.901582932054083,0.879930970268101,0.8730944424553447,0.949615285622059,0.8786239669130379,0.6767212945784375,0.0772898976294178,0.7556689342403627,0.6913729128014843,0.6666666666666667,0.7345238095238095,0.535374149659864,0.888276521476706,0.0386365575028531,0.8520011660515093,0.8714158551720129,0.8495738050443781,0.9428172949108908,0.9255744862047384,0.853828621271419,0.0278469864147889,0.8447787674679962,0.8384377429159688,0.8329603940352864,0.9088602569805576,0.844105944957286,0.5758755133755133,0.0786728849136095,0.5263343799058086,0.5881261595547309,0.4519918573490002,0.6583333333333333,0.6545918367346939,14.6,5.043808085167396,20,17,6,12,18
-75,0.1781155749002383,0.0750422116483617,0.0819814736467032,0.1592907419960413,0.1763723714365845,0.1598252884688831,0.3131079989529791,0.9746667331348622,0.0203133695124358,0.9873746535651298,0.9905543239594518,0.9770081428712384,0.9833356853124148,0.9350608599660768,0.941192967085824,0.0423077750256182,0.9761904761904762,0.967800453514739,0.9319238301381156,0.9677579365079364,0.8622921390778532,0.9248397508405124,0.0391730564317777,0.9766300783993722,0.9348726280323728,0.9277510988676833,0.9297953092087444,0.8551496396943892,0.9357886624826184,0.0352926673136223,0.9811204962016572,0.9445477020844758,0.934951644956575,0.9457505220112882,0.8725729471590947,0.7089637148565722,0.0968145593263921,0.8578514739229025,0.7090496804782522,0.6984659520373808,0.7263274754346183,0.5531239924097067,0.4928187838622501,0.090485926210081,0.6237056936536517,0.4896235466003418,0.470742791891098,0.5341710097023419,0.3458508774638176,0.8910323880308155,0.0327969320333699,0.8656469057336796,0.8814776448483519,0.8873825570268987,0.8662561079801672,0.9543987245649808,0.7159693877551021,0.0171642148207257,0.7301020408163266,0.7130385487528345,0.6837868480725623,0.7243480725623581,0.7285714285714286,0.8977837339064332,0.0264136766241923,0.8829632417812908,0.8715339580648314,0.895765018010177,0.8906288498305306,0.9480276018453356,0.8680129662903312,0.0220145023523159,0.8588333154626933,0.8458838549261074,0.8602344228870066,0.8649202154072383,0.9101930227686096,0.6271572871572871,0.0405933814704553,0.597704081632653,0.5864898989898989,0.6177437641723357,0.6318078746650174,0.7020408163265305,0.4688203722238541,0.1124121730322458,0.4162865930369922,0.4898205101490021,0.488088666328362,0.3024201606001173,0.6474859310047967,0.8999996085377244,0.0269651253153979,0.9112631478494506,0.8704063952262843,0.8931552499464736,0.9462708431073577,0.878902406559056,0.6832519068233354,0.1205019097066765,0.7961451247165533,0.6990259740259741,0.6404761904761905,0.8047619047619048,0.4758503401360544,0.8915600250653689,0.03083010193,0.8813505468294617,0.8475678116811123,0.8839462662382029,0.9031754803306526,0.9417600202474152,0.8564806448434543,0.0242328454088262,0.8726871084555043,0.8250079697436993,0.8528411920541815,0.8932374836001548,0.8386294703637318,0.5820521938379082,0.0585904404975573,0.603275097917955,0.5522523111808825,0.4920634920634921,0.593452380952381,0.66921768707483,19.2,14.2464030548065,46,12,11,21,6
-50,0.1696631999908104,0.0752000677501144,0.092569834663577,0.2899928710290363,0.1229726151518878,0.2246193612615267,0.1181613178480239,0.9749729180230806,0.0180257127297714,0.9858182646277888,0.9460706491556248,0.9959342579004846,0.9628419143838892,0.9841995040476158,0.9388133030990172,0.0441594286606354,0.9761904761904762,0.8801303854875283,0.986583522297808,0.8918367346938775,0.9593253968253967,0.929886040727796,0.0347476783188439,0.9634763146249452,0.8735364625173409,0.9429118167078332,0.9072175306904372,0.9622880790984236,0.9391186721999912,0.0316452281571671,0.9709473373508298,0.8903235210797584,0.952879090977606,0.9140891780421097,0.9673542335496524,0.713982168625026,0.1049359161768437,0.8024273345701919,0.5442451728166015,0.7646825396825395,0.6415678897821757,0.816987906273621,0.5449550029422556,0.1177971492354739,0.6439294453178134,0.5878341666289738,0.6058430235300746,0.5729805656841823,0.3141878135502338,0.8848182013220338,0.0284773288892937,0.8736223343387894,0.8694153344634026,0.8739870284791732,0.8656228506824507,0.9414434586463528,0.6870804988662131,0.1023004450894645,0.6678004535147392,0.533390022675737,0.6912131519274377,0.687641723356009,0.8553571428571429,0.9077643073323848,0.0193781203842296,0.9022543658860795,0.9351607822616226,0.8941057158649413,0.8827192013929316,0.9245814712563482,0.8680139940364736,0.0238295009445714,0.860714422645475,0.8528467962346464,0.8589156627693635,0.8523725046684231,0.9152205838644596,0.6292120181405895,0.0213905318100453,0.6183673469387755,0.6547619047619049,0.6200680272108842,0.5998015873015873,0.6530612244897958,0.4944686683160919,0.1207586146892351,0.4349787714225905,0.5352275701505798,0.5859166788203376,0.2897262860621725,0.6264940351247787,0.8926647682754536,0.0306467658159777,0.9014755680675915,0.8817757436415073,0.8666796881471498,0.9481145405406488,0.8652783009803701,0.7040687487116059,0.0956664033975739,0.6810090702947846,0.6522881880024737,0.6226190476190476,0.8910714285714286,0.6733560090702948,0.8970645575104669,0.0233724687009518,0.8976827779753572,0.9264199251760828,0.855655477479434,0.9094585491137216,0.8961060578077384,0.8646193969131641,0.02533306489534,0.8613361396198005,0.8650920900798562,0.8294670825787659,0.9085161165363012,0.8586855557510967,0.6036340247054532,0.0931944871332923,0.6160648874934589,0.718934240362812,0.4332560296846011,0.6205215419501133,0.6293934240362812,14.2,5.418486873657627,21,6,17,10,17
-25,0.1898622680189354,0.0930351196365406,0.2192126304975577,0.3518592321446964,0.0948286171603415,0.1063242882623204,0.1770865720297609,0.9669403196987708,0.0268150897788878,0.9682599299912517,0.9152506775050636,0.9875220458553792,0.987050107079869,0.9766188380622906,0.925194118051261,0.0618062516152429,0.9426587301587304,0.8046090153233012,0.974025974025974,0.9664115646258504,0.938265306122449,0.9230487762496654,0.0445845964134227,0.9167899403354528,0.8437182455198347,0.9645656189580658,0.9664343138768426,0.9237357625581312,0.9360409453833348,0.040994258142654,0.943158471364972,0.8594983562898029,0.9712896359172029,0.9713875061405725,0.9348707572041236,0.7058087679516252,0.1233641305991138,0.7234504913076345,0.4805744520030234,0.8089285714285714,0.8249811035525321,0.6911092214663646,0.5228505973305021,0.1329547160861176,0.4846443214586803,0.4755272971732275,0.6666925187621798,0.6701808337654386,0.3172080154929842,0.885860257871585,0.030975282241733,0.8612907426069649,0.8778644532413485,0.8683818560404468,0.8750208234074008,0.946743414061764,0.6855102040816325,0.0657282805058333,0.6984410430839002,0.6157312925170066,0.6644274376417234,0.64359410430839,0.8053571428571429,0.9011608975424252,0.0202611150141299,0.8672865233049741,0.8928369407963854,0.9026040613198084,0.9202680730411824,0.922808889249776,0.8653411373839394,0.0230015163661151,0.8474989917264163,0.8438615472789875,0.8600664009862831,0.8671041803271865,0.9081745666008232,0.616111111111111,0.0457591216999566,0.5523526077097506,0.5727040816326531,0.6314342403628117,0.6678571428571428,0.6562074829931973,0.4674210683575698,0.1061113117668773,0.4059658156973975,0.4712194023387773,0.5927962075386729,0.3022320818688188,0.5648918343441827,0.8923703054896646,0.0278733505361843,0.8971546872968906,0.8692092818693805,0.8734314385549153,0.9447207204057574,0.8773353993213787,0.7041372912801485,0.1029232821013221,0.7658730158730158,0.7245129870129869,0.6571428571428571,0.8380952380952381,0.535062358276644,0.866930039707813,0.0357142012626505,0.8103337582955106,0.8475264600387752,0.8681466808573367,0.9040592777045978,0.904584021642845,0.8444945278261174,0.0264800748226155,0.8187542730675856,0.8296504419809992,0.8447308834337617,0.8947436629077642,0.8345933777404763,0.5279833588447034,0.0638413653440764,0.4533359497645212,0.5590865133932361,0.448781179138322,0.5933956916099773,0.5853174603174602,16.2,8.255906976220118,15,3,25,25,13
0,0.2312112289702608,0.1021213901486978,0.1687948194642861,0.4200797928940682,0.2353467047214508,0.1210114995815924,0.2108233281899066,0.9626258735343348,0.0383564172906328,0.9778102546703736,0.8912046806884659,0.9562146603114292,0.9971925970484729,0.9907071749529318,0.9207802514945372,0.0548512577416845,0.9379998969284684,0.8278061224489797,0.8994803476946335,0.9909769463340892,0.9476379440665156,0.895353551125611,0.0562386593229444,0.9182233012077016,0.7951664508027398,0.8811795698201634,0.9619225193768453,0.920275914420605,0.9084739180449368,0.0457291762826985,0.9297359603797214,0.8293567348642407,0.8980438063394174,0.9681504395442628,0.917082649097042,0.6361382797097084,0.1299250101234645,0.6558578987150417,0.4305220573077716,0.5846502042930615,0.828684807256236,0.680976430976431,0.5725777172616551,0.1157716506208288,0.6859024869544166,0.6522663618837085,0.5100837115730558,0.6403582947594779,0.3742777311376163,0.8880988260115231,0.0298151635023596,0.8834589147810741,0.8565169876014321,0.8762088218788072,0.879543079541367,0.9447663262549348,0.5853061224489796,0.1101843400755181,0.4567176870748299,0.4622732426303854,0.6581916099773242,0.6124433106575964,0.7369047619047618,0.928625550857204,0.0215916954800829,0.9483237568531686,0.9349645499225332,0.8933026990060238,0.9157756777924844,0.9507610707118096,0.8589414908477989,0.0283190087623398,0.8401800842899798,0.8365845908496408,0.8478538378040442,0.8561278424385458,0.9139610988567844,0.6546201814058958,0.042116526577744,0.6428571428571429,0.6210884353741497,0.6105725623582766,0.6703514739229026,0.7282312925170068,0.5547503471374512,0.1255716256775019,0.5854257345199585,0.5890580607312066,0.5461491122841835,0.3328331527965409,0.7202856753553663,0.8834975143715413,0.0337800364565164,0.8876303377557873,0.8597808857353193,0.8567560887028737,0.9475121692871078,0.8658080903766188,0.5826061636775923,0.1120316275074633,0.4472789115646258,0.5950602968460111,0.6107142857142858,0.7696428571428572,0.4903344671201814,0.9086583330519376,0.0329797405334008,0.9529299858181846,0.8888856459176655,0.8576315847511078,0.9138047320313332,0.9300397167413974,0.8487763067004804,0.0247884636437098,0.8561559118708795,0.826260173791237,0.8291830543323259,0.8937449146549936,0.838537478852967,0.5868047825190682,0.0868977500988948,0.7202380952380952,0.5693027210884354,0.447771078128221,0.6032596371882086,0.593452380952381,12.0,8.390470785361213,13,2,7,27,11
25,0.1876088274376733,0.1121296498720894,0.4003773438079016,0.0986292566217127,0.0928849902536187,0.1849609425380116,0.1611916039671216,0.96820547036863,0.040320023663037,0.8886655762363892,0.987003785304278,0.9991263542454016,0.9880052016068606,0.9782264344502196,0.9334987631416204,0.0574779377704807,0.8249149659863946,0.9680272108843536,0.9918367346938776,0.9434875970590256,0.9392273070844498,0.917246231053218,0.0681320445819762,0.7844711451284893,0.9556260921113406,0.9762418207286846,0.9344012411354488,0.9354908561621272,0.9286678707291214,0.0564859166040422,0.819792534477609,0.9634391184749748,0.9796897712850516,0.9369850445205652,0.9434328848874068,0.7034552880981453,0.1533799411996158,0.4263484531341673,0.7526824366110082,0.8976757369614512,0.7282682264825123,0.7123015873015875,0.5414799990398543,0.1504114606247863,0.5353522002696991,0.5338610580989293,0.789458555834634,0.5341293002877917,0.3145988807082176,0.8847093164172728,0.0291165475740826,0.8781151625458806,0.8729955883319512,0.8606399705460035,0.8699749273083445,0.9418209333541846,0.7074603174603175,0.0693168789938096,0.6274376417233559,0.689937641723356,0.6525226757369614,0.7471655328798186,0.8202380952380953,0.8947751765502009,0.0218023005301044,0.9140018170032784,0.8895395252117941,0.9114384728250275,0.8546275005728788,0.9042685671380254,0.863449526364804,0.0185046055375358,0.8570071302579259,0.8554442695735108,0.8638686365018219,0.8430053030005952,0.8979222924901664,0.631331684188827,0.0352813548462127,0.6631880024737168,0.6112038754895898,0.6737244897959184,0.5765022675736962,0.6320397856112142,0.5284376348767962,0.1487003564385362,0.4609501596008028,0.5627225786447525,0.7469188954148974,0.2944992993559156,0.5770972413676125,0.8851088406946135,0.0338210985058735,0.8846787050109214,0.8593730913881776,0.8674221829361836,0.9505234961284836,0.8635467280093011,0.7135080395794681,0.0949675903433475,0.6434807256235827,0.7668599257884973,0.625,0.8755952380952381,0.6566043083900226,0.8721758824422091,0.0270908117897844,0.8934561332992195,0.8235989311728228,0.8999145161966009,0.8653419856006064,0.8785678459417957,0.8510098372540703,0.017542852457331,0.8553524457147729,0.8230566898390463,0.8592361499592382,0.8753229045282082,0.8420809962290864,0.5594248608534322,0.0300147897450159,0.6041280148423004,0.5350185528756958,0.5267290249433106,0.5460729746444032,0.5851757369614512,18.2,13.272528018429648,2,20,42,12,15
50,0.3283425349919568,0.1287508419136693,0.1776299962685221,0.4078532028056326,0.3058271876403263,0.5316448743854251,0.2187574138598782,0.9162277194102316,0.0649474251413772,0.9761768065868028,0.892205670451012,0.9321667886889292,0.8027709894651236,0.97781834185929,0.8677532123960697,0.0672502092622448,0.9495370370370372,0.8389550264550265,0.8633975812547241,0.760090702947846,0.9267857142857142,0.8431628704658699,0.0743818389050388,0.91701929084113,0.8215671875303064,0.8533690179961688,0.7127152048673546,0.91114365109439,0.8643732304419297,0.0618833920836768,0.9318245811562184,0.8481534591720153,0.8689548881225924,0.7566028056860252,0.9163304180727976,0.5395904301891697,0.1368365242049623,0.6771249914107058,0.4421701314558456,0.5227548245405389,0.348145211853195,0.7077569916855635,0.5109631116901124,0.0651418305935496,0.5067030766180584,0.5467353825058255,0.5789834197078433,0.5330973310129983,0.3892963486058371,0.8811957327601014,0.035044693219928,0.8727354012024728,0.8580081507240578,0.8656410870739973,0.8591055271978728,0.950488497602106,0.6342120181405895,0.0548419185360278,0.6952947845804988,0.5988662131519273,0.6685090702947845,0.5446995464852608,0.6636904761904763,0.9032811396191892,0.0284317387803029,0.866499539986935,0.8978839056990316,0.8881192246500978,0.9121280649011742,0.9517749628587068,0.8575987148579027,0.0262985239824908,0.8422061776334381,0.8436772814353847,0.8522935194297017,0.8402677372826662,0.9095488585083236,0.6323582766439909,0.0552011743207714,0.5834750566893423,0.5973072562358277,0.6214002267573696,0.6206632653061225,0.7389455782312926,0.539996218255588,0.1362851629200637,0.3807521324072565,0.4987958744168281,0.61586047070367,0.4405819688524519,0.7639906448977334,0.8921222271040568,0.0286046445618098,0.909297930285181,0.8672396662929298,0.8694550652873182,0.940489736271756,0.8741287373830992,0.6428277674706246,0.120440624983811,0.7628117913832199,0.7313157081014224,0.5547619047619048,0.7154761904761905,0.4497732426303855,0.87712279112021,0.0382723540625875,0.8453928738073885,0.8339531418226,0.8658385073668973,0.9027176299343784,0.9377118026697858,0.8414020339322283,0.0219793679875177,0.843009765957457,0.8226132021893029,0.8268832997641224,0.8832002139103196,0.8313036878399392,0.5515197500911787,0.0534797127444167,0.5318671407957123,0.5439909297052153,0.4739948543519973,0.5694805194805195,0.638265306122449,7.0,5.477225575051661,14,2,5,1,13
75,0.2715500162825698,0.0694733381451441,0.2303491809538432,0.201323374928463,0.398473594160307,0.2385653417025293,0.2890385896677062,0.9445321251961796,0.0261446128604678,0.962622853422989,0.9675346575457904,0.895572614989477,0.9566304317161068,0.940300068306534,0.8948969284683571,0.0248130182772228,0.9116402116402116,0.925330687830688,0.859266130694702,0.905489417989418,0.8727581941867657,0.8749246904868621,0.0425343604112486,0.8784645740389294,0.9187789202460436,0.7986283088670663,0.9102483715589604,0.8685032777233107,0.8899587507919116,0.0326844241510985,0.8981625566407284,0.9312616013850537,0.832807340416813,0.90545642590688,0.8821058296100823,0.5695399177542034,0.0698860876744366,0.5588641517212947,0.6364100185528757,0.4486813451099166,0.641477702191988,0.5622663711949426,0.5140651265425341,0.1062274585601232,0.5401896557637623,0.517441064119339,0.625397822686604,0.5729070412261146,0.3143900489168508,0.888768579186823,0.0326676536805325,0.8782144921792574,0.8726210738847751,0.8519813535782207,0.8922726593889134,0.9487533169029476,0.6596315192743765,0.0884811614708619,0.6763321995464854,0.6994614512471654,0.5720804988662131,0.5544501133786849,0.7958333333333333,0.9047813569180156,0.022707351753695,0.8921328129914173,0.8736447057455461,0.900536676208945,0.9405689455269288,0.91702364411724,0.860130862447047,0.0218581504684753,0.8523528272864258,0.8447759673267105,0.8432578100803881,0.8576874302870631,0.9025802772546472,0.6313976499690785,0.0369581006741094,0.6230802927231498,0.5927721088435375,0.6018707482993196,0.6967687074829932,0.6424963924963925,0.5110073536634445,0.092165635995036,0.4392233842185565,0.4992354671869959,0.6149894776088851,0.3864261550562722,0.6151622842465129,0.8826403970615836,0.0338447843977202,0.8858993910693814,0.8643408082863131,0.8539938794557022,0.9469512718512104,0.862016634645311,0.6369372294372294,0.0929751691234038,0.6404195011337868,0.7633426097711812,0.6035714285714286,0.6922619047619047,0.4850907029478458,0.8802710836231824,0.045343648496698,0.8700326784471931,0.805992068504384,0.876157371134037,0.9434728061575351,0.9057004938727627,0.8427789704161492,0.0335680098777665,0.8357454984693009,0.8084601111336817,0.8407964393093929,0.9060632072596564,0.8228295959087143,0.551497371675943,0.0729672556182805,0.5129715522572665,0.5072704081632653,0.4949829931972789,0.6928571428571428,0.5494047619047618,7.8,3.3105890714493698,9,9,2,12,7
100,0.2317964276387578,0.0523273307666849,0.2046450394250097,0.2631996506381602,0.1512368991971016,0.2341304632524649,0.3057700856810524,0.9633821000535508,0.0182722195698589,0.9580307184073604,0.941622604608036,0.9923973351497984,0.9751491968774398,0.94971064522512,0.9046347832062118,0.0371340420251532,0.916940665154951,0.852267573696145,0.9563492063492064,0.9238945578231292,0.8737219130076271,0.8944071882014011,0.0124201416256553,0.8958334743000749,0.8845395799008842,0.914968584447238,0.8977193572005265,0.8789749451582819,0.901593329627534,0.0157599227276526,0.9155310999545364,0.8949381581130551,0.915868915431702,0.9076539680221516,0.8739745066162244,0.6152577052577054,0.0459113806906159,0.6053976446833591,0.5552952999381572,0.6650690579262009,0.6708986119700406,0.579627911770769,0.5128326635275569,0.1121738574405964,0.4517756636653627,0.5484115821974618,0.6599292691264834,0.5722068250179291,0.3318399776305471,0.8854090755117641,0.0338384972185346,0.8761697273669781,0.8622346466457264,0.8642478632106876,0.8720726177408905,0.9523205225945374,0.6740873015873016,0.0821629549488312,0.7733560090702948,0.6787981859410429,0.565844671201814,0.5982709750566892,0.7541666666666667,0.8908164963982749,0.0287395025376373,0.8423489763798496,0.8734907407779166,0.9135824928261904,0.9080552819418368,0.9166049900655812,0.8541601065583734,0.0216490588482164,0.8397623257640658,0.8421765977922692,0.8442485072521144,0.8474501486075405,0.897162953375877,0.5924755205112348,0.0222417820920578,0.5671188930117502,0.5717893217893218,0.6087585034013605,0.588718820861678,0.6259920634920634,0.4930300795606205,0.1195600165039693,0.4290808971439089,0.5026419418198722,0.6622422784566879,0.3089825798358236,0.5622027005468097,0.8847811084706905,0.0342543505509107,0.8850594631053932,0.8598100657552628,0.8577062089669039,0.9504780939048182,0.8708517106210749,0.6887394351680065,0.0915090974731299,0.7835600907029477,0.7755565862708719,0.5952380952380951,0.7244047619047619,0.564937641723356,0.8628072740665719,0.0514791703046963,0.8056046497301811,0.7997198764563296,0.8889327730720006,0.9308936365586612,0.8888854345156866,0.8410049491520348,0.0329141982339579,0.8223216422889607,0.8064279211758189,0.846804364201052,0.9015605549350932,0.8279102631592495,0.5453011227801143,0.0661033519534882,0.478500666000666,0.5090026803262098,0.506547619047619,0.6636904761904763,0.5687641723356008,10.4,4.223742416388575,10,6,17,13,6
125,0.2240648601026762,0.0719443875009615,0.1261596727584089,0.1733860588144688,0.2114026535834585,0.32150623131366,0.2878696840433847,0.96308962652664,0.0215642396477875,0.9848540115771234,0.9670986453543392,0.9867590763095688,0.9332310444888754,0.9435053549032938,0.912945784374356,0.0470538401720915,0.9658730158730158,0.9181491788634646,0.9624433106575964,0.858994708994709,0.8592687074829934,0.908635379158301,0.0403525849803563,0.9545407010431636,0.9347792046945594,0.9317065529633782,0.8489376618279387,0.8732127752624648,0.9194543444155168,0.0362904944952868,0.9621248306130644,0.9432192105436608,0.9394266617785378,0.8704442824066229,0.8820567367356976,0.6690951773094631,0.0961988223789913,0.7666005291005291,0.6804421768707486,0.7801965230536658,0.5519875627018486,0.5662490948205233,0.5304342120885849,0.1155958404301922,0.7126778023583549,0.5340655999524253,0.5399304670946938,0.5176336360829217,0.3478635549545288,0.8822164460195205,0.0322149077096887,0.8663458854835133,0.8575964789018543,0.8701418704791467,0.8710580874397325,0.945939907793356,0.6509580498866212,0.0773050228421815,0.5132653061224489,0.6593820861678003,0.6451814058956916,0.6893424036281177,0.7476190476190476,0.90783375000457,0.0223580398687007,0.9380179251187654,0.8815021393172654,0.90295324112551,0.8874835917272892,0.92921185273402,0.8607664850434187,0.0224802587345024,0.846979214934463,0.8420763661529802,0.8544197250429271,0.855750479723528,0.9046066393631952,0.6256179138321996,0.0292800887053435,0.6744897959183674,0.5823412698412699,0.6218253968253967,0.622562358276644,0.6268707482993197,0.4935076111129352,0.0986236281651211,0.593413206083434,0.499269602554185,0.5519373076302665,0.3071977996400424,0.5157201396567481,0.8896265125219417,0.0294150617142939,0.8915003726069435,0.8592211787824472,0.8750549323922412,0.9447709407222954,0.8775851381057812,0.6713873428159143,0.1129580080548656,0.5171201814058958,0.742934446505875,0.6547619047619049,0.8428571428571429,0.5992630385487526,0.8952761048486495,0.0393613742933962,0.9400633804344168,0.8283183164217647,0.8853902233795934,0.8933347919185356,0.929273812088938,0.8589165984801964,0.0241098745645474,0.8641140359185473,0.8193708042778612,0.8554525577025703,0.894978827971139,0.8606667665308638,0.5876576598005169,0.0629828362160795,0.6877551020408162,0.5322122322122321,0.5160997732426303,0.5760307153164296,0.6261904761904761,13.2,6.8527366796047255,19,12,23,6,6
150,0.2193874079379297,0.1148450921357586,0.2867149902241571,0.0873760275897525,0.3969983263384728,0.1078554245510271,0.2179922709862391,0.961115501675724,0.0363093700284221,0.9438835537733636,0.9986071083152496,0.8983908717912111,0.98750914414297,0.9771868303558262,0.935962344533773,0.0560361867467669,0.9155139833711262,1.0,0.8378538789253076,0.9691326530612244,0.9573112073112072,0.8992925403210261,0.0630201031427489,0.863401382918053,0.9684193792966768,0.8026952930719367,0.9659918880608536,0.8959547582576103,0.9165355374971952,0.0538890826220502,0.8880726613191074,0.9749797333608192,0.8307366039489148,0.9706650115832044,0.9182236772739306,0.6535905628762771,0.1469196136743088,0.5548435030577888,0.8373582766439909,0.4554201089915374,0.8069444444444445,0.613386481243624,0.5993358668472085,0.1880889994049807,0.7127765246800014,0.8503000353063855,0.5064317158290318,0.6302409704242434,0.2969300879963806,0.8825375923216837,0.039639590566341,0.8560837131210717,0.8548690285292863,0.8597633330552584,0.882802764825737,0.9591691220770654,0.6322902494331065,0.1322209289386252,0.4337018140589569,0.5587868480725624,0.7187074829931971,0.6306122448979591,0.8196428571428571,0.9167265833921056,0.0254344514211544,0.9432217160368422,0.9222329957624076,0.8683338857653801,0.921312738770722,0.9285315806251768,0.8612670318455076,0.0273462037826092,0.834969793817778,0.8507031607221872,0.8463436004866257,0.8609638245884381,0.9133547796125092,0.6375041228612657,0.0374302314998823,0.626530612244898,0.6344104308390024,0.578584312512884,0.6547619047619048,0.6932333539476396,0.5198366734598364,0.1196765481467473,0.5776709871632713,0.6424776895770005,0.510718050811972,0.2954823587621961,0.5728342809847423,0.8844387002086466,0.0344208481891744,0.8733473924099945,0.8755330311564917,0.8559398422374828,0.9518927398545624,0.8654804953847016,0.6343233353947639,0.1199963733764029,0.4972789115646259,0.596900123685838,0.7035714285714285,0.8309523809523809,0.5429138321995465,0.8948895260497267,0.0406323195603181,0.9521744272823056,0.8753204426480289,0.8316011018240731,0.9190339604748472,0.8963176980193788,0.8501420692208532,0.0328866739268578,0.86494806964727,0.8215031592628683,0.8259304362700132,0.9082691037342896,0.8300595771898251,0.5815241900956186,0.0969474888223821,0.7277210884353741,0.55578231292517,0.4353059638773924,0.6346938775510204,0.5541177076891362,14.8,9.703607576566563,6,26,2,25,15
175,0.2573347929332937,0.0617278563495206,0.2104282095318748,0.1889126552712349,0.2256723033885161,0.3443230539560318,0.317337742518811,0.9590354170047992,0.0230519591215973,0.9817980482603972,0.982874538700804,0.9667457358978692,0.9276265349566064,0.9361322272083188,0.9064907579193296,0.054788335331539,0.9332105064247924,0.9827097505668936,0.9214569160997734,0.8219379165807739,0.8731386999244144,0.8813268756467266,0.0349424153437683,0.9092234734651023,0.925049059728598,0.8911710202494935,0.8405728361366469,0.8406179886537921,0.8929950085592072,0.0339209653147212,0.9080321373824516,0.939180411128176,0.908744073148382,0.8449278104538885,0.8640906106831379,0.5944952930667219,0.0720284972125056,0.6339208410636983,0.6870653817082389,0.6307350718065007,0.4971105613962757,0.5236446093588951,0.5076243990233966,0.0945429481313825,0.4762902110815048,0.6403157306568963,0.5817753119128091,0.4708758975778307,0.3688648438879421,0.8803901292580487,0.0358386599622306,0.8821513772733175,0.8448463130142434,0.8597779777555764,0.8672679571642854,0.9479070210828217,0.6475963718820862,0.0643023200187081,0.5883503401360545,0.5766439909297052,0.6279195011337869,0.7385204081632653,0.706547619047619,0.898809783004169,0.0294878094132783,0.9006392984544246,0.9064317863897696,0.8849876472328061,0.8557976918006148,0.94619249114323,0.8564918634993314,0.0270861282531521,0.8418680429989861,0.843395271389719,0.8402972949217343,0.846383889570877,0.9105148186153406,0.6106647717362003,0.0381749888317502,0.6158730158730158,0.6121392496392496,0.5718820861678005,0.5755383505383505,0.677891156462585,0.4876083405954496,0.0995234057281127,0.4393658893448965,0.5207694790193013,0.5612873562744686,0.318752863577434,0.5978661147611481,0.8872856836930414,0.0325714642105747,0.8978586100676653,0.868522045369336,0.8665296219159325,0.9464293546036155,0.8570887865086577,0.6807302618016904,0.1103966728781447,0.6764172335600905,0.6959415584415585,0.661904761904762,0.8583333333333334,0.5110544217687075,0.8801135333348252,0.0231477544841094,0.9001303498966134,0.8647374145650009,0.8630243401438632,0.8574200384545213,0.915255523614128,0.8495220915106783,0.0158877840688125,0.8668744821646607,0.8353649971505831,0.839289869664098,0.8708045924881533,0.8352765160858965,0.5424731815803244,0.0571386703484951,0.619097767312053,0.5824121315192744,0.4541099773242631,0.5103174603174604,0.5464285714285714,7.6,1.8547236990991407,10,9,8,5,6
200,0.1623656723559612,0.0817718883914399,0.1332719074118705,0.086375000310086,0.1906887503961722,0.3081331047273817,0.0933595989342956,0.9787524532677856,0.0216631816875763,0.9962601058819244,0.985769915159796,0.9878799393215438,0.9360307405678912,0.9878215654077724,0.9443911908197622,0.0398169185674754,0.9561868686868688,0.9761904761904762,0.9485166288737716,0.867517006802721,0.9735449735449736,0.9348363947547756,0.0434229085774594,0.9618396535350558,0.9669135251113904,0.9211170161000948,0.8553553847478316,0.9689563942795044,0.9382272279623396,0.0377847909662914,0.9496152763005138,0.9735515041010194,0.918361668328804,0.8747741285650289,0.9748335625163326,0.7317518724661582,0.1128398961568695,0.8043083900226758,0.8208874458874459,0.6792096131381847,0.5327174809317666,0.821636432350718,0.6265096720840251,0.1937981957780052,0.6587530651262828,0.7982733856354441,0.7976602209465844,0.6086101744856153,0.2692515142261982,0.872698531640709,0.0415370705374905,0.8494785273827109,0.8431078138241547,0.8580361929703134,0.8578522933234981,0.9550178307028676,0.6230952380952381,0.137639548924312,0.5586167800453514,0.6018424036281179,0.4996882086167801,0.5648526077097505,0.8904761904761905,0.9203653747381652,0.0126407108848774,0.9269344318924152,0.9055124015418132,0.9398385251536512,0.9216034533471508,0.9079380617557956,0.8626705572342119,0.0241509347702676,0.8505700306790366,0.8494613523896039,0.8461946290985453,0.8566286924936328,0.9104980815102416,0.6319444444444444,0.0192299324193303,0.6487244897959183,0.6029195011337868,0.6571428571428571,0.6272108843537415,0.6237244897959183,0.5811960959008762,0.1611395275731861,0.4768709944827216,0.6456421124083656,0.795768780367715,0.3303067066839763,0.6573918855616024,0.8827311387406072,0.0343771525801665,0.8877337784259981,0.8622349252075237,0.8537211584495743,0.9475972314950148,0.8623686001249256,0.6339043496186354,0.0836273327385918,0.6213718820861678,0.6697201607915895,0.5226190476190476,0.7708333333333334,0.5849773242630386,0.9025752727823784,0.0275459288138916,0.9202030917395416,0.8574034125881418,0.9349743511656916,0.9139529714037102,0.8863425370148058,0.8567834110506197,0.0259813113175408,0.8713471129129378,0.824531973091689,0.8605054914492437,0.8954798982163064,0.8320525795829221,0.580249433106576,0.0376598245893366,0.6508503401360544,0.5545068027210884,0.5556122448979591,0.5879251700680272,0.5523526077097506,19.4,9.971960689854328,25,18,13,6,35
225,0.1948047876890216,0.0457764122006444,0.1688495109833422,0.2723401032742999,0.145915957256442,0.1670181266076508,0.2199002403233732,0.97593946377759,0.0183768799848336,0.9887051843862318,0.9449014917279396,0.9936435819785217,0.9873732404680814,0.965073820327176,0.9288978217549646,0.0358335378319333,0.9457766439909298,0.8694349962207106,0.9614014292585722,0.9612528344671202,0.9066232048374904,0.9157460672657842,0.02241816408041,0.9312390517181556,0.8728261577781,0.9338458312251946,0.925869491379985,0.9149498042274868,0.9226546604549732,0.0186543318711642,0.9260521626548088,0.8874914218949906,0.9402186000132396,0.9361815463895984,0.9233295713222291,0.6607324950182094,0.0754559857305789,0.6851662887377175,0.5153250188964474,0.7157596371882087,0.7213212052497768,0.6660903250188966,0.6010642119816372,0.1268242877059094,0.8311615266970226,0.5622818831886564,0.5851956499474389,0.585211096065385,0.4414709040096828,0.8700429051344137,0.0385184398422271,0.8694406812799442,0.8355022334091572,0.846350410565564,0.8551165222685135,0.94380467814889,0.6164625850340136,0.084034370607267,0.4631519274376417,0.5994331065759637,0.6689909297052153,0.705498866213152,0.6452380952380953,0.9059773003705512,0.0388505981797778,0.950882917269472,0.8808131141717185,0.8684817944271727,0.8740280129145676,0.9556806630698256,0.8531756966575822,0.0259024681864792,0.8421743608858374,0.8346882221296422,0.8350992921824878,0.8501824570878604,0.9037341510020832,0.6171053549624979,0.0494406888864246,0.6678571428571428,0.5490079365079364,0.587057387057387,0.6021825396825397,0.6794217687074829,0.535005783183234,0.181085181953928,0.5790546781250409,0.470264475260462,0.5013041741081646,0.2836239721093859,0.8407816163131169,0.8864513971508006,0.036782276160228,0.890761496231421,0.8633953927503804,0.8793046683748653,0.953380271206626,0.8454151571907099,0.643553391053391,0.1436089429069219,0.5090702947845805,0.7211116264687693,0.7238095238095239,0.8220238095238095,0.4417517006802721,0.90294825557408,0.0363260196874986,0.9480054578501784,0.8490833067680356,0.8815493746787497,0.8986585025993892,0.9374446359740476,0.8570200593271465,0.0232973736471875,0.8653604808035944,0.8337525970364688,0.862498289437603,0.8935897912233587,0.8298991381347076,0.5938101907429638,0.0684461668106027,0.7226190476190476,0.5655645591569962,0.5202380952380953,0.5689625850340135,0.5916666666666667,10.4,3.1368774282716245,12,5,14,12,9
250,0.1941659123237644,0.1083816351237973,0.1425127633625552,0.1028649827376717,0.1411810082693894,0.1787212420077551,0.4055495652414503,0.9626180563941216,0.0371340588876126,0.9919742787554418,0.9747473508634223,0.982779580124613,0.9740977170080698,0.8894913552190615,0.9280454201882772,0.0560478484530967,0.9894179894179892,0.949404761904762,0.941751700680272,0.937471655328798,0.8221809936095652,0.9136768485203234,0.0595128711630836,0.9432355469599346,0.9586387966621954,0.9459785647745812,0.9237664791537048,0.7967648550512013,0.925807929639485,0.052616644584526,0.9545026454371172,0.9671980587580492,0.9504429084667196,0.9341849994168588,0.8227110361186805,0.6831112406112407,0.1208280216738697,0.7800925925925926,0.7592781557067273,0.7435941043083902,0.6821411392839964,0.4504502111644968,0.5659346953034401,0.1260532042473541,0.6515710822173527,0.6940332906586784,0.6214837570275579,0.5217403492757252,0.3408449973378862,0.8753231342095393,0.0341826918869705,0.8554844172897698,0.8577467607258438,0.8581102059924676,0.861701929935854,0.9435723571037612,0.6370351473922902,0.1063885244416743,0.541156462585034,0.5406462585034014,0.6242630385487528,0.6475623582766439,0.8315476190476191,0.9017124926009308,0.012857930152065,0.922245804304628,0.9111167971462092,0.8910275648721028,0.8891643922526278,0.8950079044290867,0.8539418283606445,0.0206416878469963,0.8451906079728122,0.8371385129235819,0.8443270599670658,0.8484984826515464,0.8945544782882155,0.5923866213151927,0.0155894310445335,0.6085884353741496,0.6071995464852608,0.5959467120181406,0.582936507936508,0.5672619047619047,0.4965417402131217,0.1083325378480227,0.5036442279815674,0.605241236942155,0.5674498134425708,0.2928341169442449,0.5135393057550702,0.8896096720276384,0.0334109233637105,0.8938207051777664,0.8720652612416776,0.8705043120991396,0.9525449868276222,0.8591130947919859,0.6614033189033189,0.1058184520088404,0.5510204081632654,0.6448283858998144,0.6940476190476189,0.8464285714285715,0.5706916099773243,0.8956113604446623,0.0134662487175132,0.9180924580123664,0.8983669359285124,0.8763463356087156,0.8910868915795025,0.8941641810942141,0.8567755236222576,0.0192378705373011,0.8537826703285135,0.8477694998776407,0.8570311454702378,0.8917280325294107,0.8335662699054848,0.5777267573696145,0.0369305792090438,0.5889455782312926,0.6414553700267985,0.5307951968666254,0.5680272108843537,0.5594104308390022,12.4,5.571355310873648,16,18,14,12,2
275,0.167306924646809,0.0306458633700796,0.1553913557103702,0.1544081755869445,0.1234399026171082,0.1944154669486341,0.2088797223709878,0.9821609560592306,0.0086602883678124,0.9791230919059192,0.993695301929832,0.9856786950153378,0.9847616324076752,0.9675460590373892,0.9531178609750036,0.0151269544914545,0.954769635126778,0.9610827664399092,0.968312111169254,0.957133408919123,0.9242913832199546,0.938820106730854,0.0126045443356591,0.9333424448599004,0.9579171928794528,0.9489062709836464,0.9298794454886052,0.9240551794426648,0.943780895281825,0.0096626010706282,0.9440137642091584,0.9479539022515908,0.9589238418067334,0.9378126648103344,0.9302003033313084,0.7284167287738718,0.0302605203831836,0.7015269783126927,0.7698386930529789,0.7481203981203981,0.7354377104377107,0.6871598639455785,0.6661331046904836,0.1727183832276387,0.7210275828838348,0.809476341520037,0.6385862869875771,0.8155971467494965,0.3459781653114727,0.8574781414632126,0.0396756546697988,0.8363188174749647,0.8416298192911501,0.8392851428475515,0.8335160707259492,0.936640856976448,0.5803684807256235,0.1257537302060377,0.5125850340136054,0.5016723356009071,0.6335884353741497,0.4522108843537415,0.8017857142857144,0.9273798063184064,0.020914914630234,0.9324443452594712,0.9376408683131372,0.8903631051082641,0.9532377053385456,0.9232130075726136,0.855246684547456,0.0254128163482604,0.8436151197455517,0.8428071920401872,0.8453024761761654,0.8386268325695748,0.9058818022058012,0.6351303854875283,0.0305869846229337,0.6653061224489795,0.6510204081632652,0.5833049886621315,0.6581632653061226,0.6178571428571429,0.5614183430160795,0.1041997606263127,0.512703674180167,0.7092450516564506,0.6097311207226345,0.3958883626120431,0.5795235059091023,0.8756023196991324,0.0378634962589569,0.8874248742310201,0.8543316001413294,0.8504020553573314,0.944601940945845,0.8412511278201359,0.6111018346732633,0.0585364495188043,0.6237528344671202,0.5338821892393321,0.6928571428571428,0.6482142857142856,0.5568027210884354,0.9207777470222775,0.0216095749543541,0.9139530277091572,0.9266488378434192,0.9080262047270083,0.959231791744107,0.8960288730876966,0.8625807059724695,0.0267542554737256,0.8592462302110964,0.840435804164725,0.8741147666774783,0.9072837569119044,0.8318229718971428,0.6238574520717378,0.0525856792926288,0.5766439909297053,0.685204081632653,0.6208178726035868,0.6806122448979591,0.5560090702947845,13.2,2.0396078054371136,14,14,16,12,10
300,0.2628480893515404,0.0976751584522539,0.3545052650428953,0.3748211339116096,0.1021982342714355,0.2374113578171957,0.2453044557145663,0.9451657087100978,0.0348301899750376,0.9048933114098074,0.9024063880021652,0.9858057881272166,0.9720774535877694,0.9606456024235304,0.8863863121005979,0.0606390084184551,0.8117724867724869,0.8221938775510206,0.9714285714285712,0.9100992922421496,0.9164373325087612,0.877694382555422,0.0514770215214451,0.837303983989748,0.8119174223368669,0.9592990229966556,0.90282963265472,0.8771218507991194,0.8938023201220446,0.0446013655927426,0.8558284833318195,0.84104490358768,0.9679506985643146,0.9086349305633984,0.8955525845630101,0.5902387691673405,0.1365233068525577,0.4777530009672867,0.4207644207644206,0.8098167044595616,0.6502241805813236,0.5926355390641105,0.5416685457740511,0.1268066483714676,0.5869471111467907,0.560227455837386,0.6551783404179982,0.6101485746247428,0.295841246843338,0.8666802232640389,0.0429300873229673,0.8500671193319393,0.831719091993914,0.8497103530189483,0.8505560341936851,0.9513485177817074,0.664138321995465,0.1132032605466133,0.5920351473922902,0.6071995464852608,0.6779195011337869,0.565561224489796,0.8779761904761905,0.8881412884532585,0.0187334419696005,0.890050020008003,0.8790293211301614,0.8595747042778464,0.9163278559286964,0.8957245409215853,0.8510794338105991,0.0253346589193515,0.838233992155418,0.8361476824295417,0.8346953252196144,0.8450734966581498,0.9012466725902716,0.5887502576788289,0.0303516856778599,0.6048005565862707,0.5732761286332714,0.5599206349206349,0.6408163265306122,0.564937641723356,0.4655658621873175,0.0951477441170792,0.3990447648933956,0.5001715400389263,0.5551048687526158,0.3143502612199102,0.5591578760317394,0.8847315942188041,0.0421303700860137,0.9092898132281918,0.8545083154165667,0.8620891025139794,0.9556522024887174,0.8421185374465655,0.7153793032364459,0.0615770959666376,0.7371315192743763,0.7120439084724799,0.7738095238095237,0.7547619047619047,0.5991496598639455,0.8753933691412199,0.035853342864016,0.8861472781332213,0.8411879098824911,0.8411702148090533,0.938195710055316,0.8702657328260178,0.8557654464950453,0.0326428585413909,0.8673423449928616,0.8270717161069754,0.844636180896348,0.9137498949088788,0.826027095570163,0.5760813099943534,0.0656499243015131,0.6094104308390023,0.5824550966631712,0.4726963512677798,0.6698979591836733,0.5459467120181406,8.2,6.794115100585212,3,2,21,8,7
325,0.256831798480735,0.0979830302211971,0.2870450807469232,0.0853345072606489,0.221282293399175,0.3254951433766456,0.3650019676202819,0.9518797338144154,0.0255084284449638,0.9315454626057804,0.9983415641897784,0.959096005214044,0.9412590683984896,0.9291565686639846,0.8991759431045144,0.0515075109121713,0.8643140589569162,0.9940476190476192,0.9084089191232048,0.8813861403147116,0.8477229780801212,0.8823141739129448,0.0486135056035663,0.8672951554776714,0.965963873124872,0.90189862623891,0.850836253343819,0.8255769613794519,0.8951344070160419,0.0462778687306864,0.8861398216065426,0.9717919302795316,0.9140470531011212,0.8698128776316549,0.8338803524613586,0.602887694316266,0.1171623333675702,0.5401403490689207,0.8189247921390781,0.6249149659863947,0.5481880553309126,0.4822703090560232,0.6141464095030512,0.1602317095764546,0.5659001639911106,0.8272389343806675,0.7109201614345823,0.619437826531274,0.3472349611776216,0.8680100221613267,0.0382455143884561,0.8526239112794877,0.837162038170898,0.8572841681730292,0.8496498188647441,0.9433301743184748,0.5755555555555556,0.0894402068354783,0.5446145124716554,0.5138605442176871,0.5152777777777778,0.5522392290249434,0.7517857142857143,0.9192115988644846,0.0092212961613556,0.9188961738541572,0.9292297372311988,0.9113530027395572,0.9068606074908596,0.9297184730066504,0.8520571354392684,0.025806319239223,0.84094892099633,0.8459507016016153,0.8308458793458594,0.8397982180240399,0.902741957228498,0.6273072562358276,0.0038384838917486,0.6306122448979591,0.6220238095238095,0.6232993197278912,0.6296485260770973,0.6309523809523808,0.5500763250248772,0.1275648384229386,0.4523606428078243,0.7173608647925513,0.6280661395617894,0.3604042019162859,0.5921897760459355,0.8810669338877304,0.0346310395955107,0.901033163514775,0.8585459826161796,0.8618321030461294,0.9393079345280702,0.8446154857334981,0.6280024737167593,0.0860943743696687,0.6469387755102041,0.6047232529375386,0.625,0.7660714285714286,0.4972789115646258,0.9152842729257832,0.0113331824963734,0.9017025516224602,0.9077677982480938,0.9334282086421054,0.9225785480711588,0.9109442580450984,0.8625561804848048,0.0258760178580061,0.8587127114445579,0.8436186362328201,0.8825564513041017,0.8997973645933984,0.8280957388491457,0.6073392084106369,0.022119660482936,0.602295918367347,0.6466450216450216,0.6071428571428571,0.6024659863945577,0.5781462585034013,7.8,5.741080037762929,5,19,7,5,3
350,0.1629222988749721,0.1013262336536211,0.0965361019064273,0.0769907159486874,0.1210350089129947,0.1627332247084095,0.3573164428983416,0.972611031163612,0.0296158267455827,0.9875389115140668,0.9869165993708188,0.9834333329548668,0.9915616198606624,0.9136046921176454,0.9484807256235828,0.0473015269102177,0.9711640211640212,0.9761904761904762,0.9627739984882842,0.9778155706727136,0.8544595616024189,0.9319574683613931,0.0458509599706278,0.9556070633210632,0.9751349770189544,0.9453978273523854,0.9402276420078234,0.8434198321067387,0.9421898813620776,0.040876384487238,0.9635124861903668,0.980171283399294,0.9544191611370788,0.9497192703874944,0.863127205696153,0.728579158936302,0.1103696555149969,0.7604591836734694,0.8411564625850341,0.7601946334089191,0.7644721019721022,0.5166134130419845,0.6191190975052969,0.133161034014502,0.6361780592373439,0.7002810431378228,0.690852090716362,0.7104844972491264,0.3577997971858297,0.8624933723697709,0.041352579677486,0.8403715108302705,0.8412935668042765,0.8447343476130698,0.8409253586235684,0.9451420779776692,0.6454535147392291,0.0440887510524466,0.6445861678004535,0.6243480725623582,0.6306122448979592,0.5991496598639455,0.7285714285714285,0.8964948211527466,0.0223421594423107,0.8749602063047442,0.8973969587835133,0.8752417633720155,0.8986970514701608,0.9361781258332984,0.8539945245810021,0.0281928765351874,0.8391779466410443,0.8496032636401968,0.8305263650408926,0.841613075773037,0.9090519718098398,0.6104024943310657,0.0306720462330653,0.5845238095238096,0.6016156462585034,0.5867913832199546,0.6103741496598639,0.6687074829931972,0.5046463706663677,0.1026947063077952,0.4751798893724169,0.5666604265570641,0.4895983801356384,0.3415634371340275,0.6502297201326915,0.8817223852106502,0.0367391741621192,0.8866037058391586,0.8669200405961489,0.8890711619159897,0.9397913634212894,0.8262256542806643,0.6918460111317254,0.1048269391074917,0.7616213151927438,0.6789579468150897,0.7333333333333333,0.7898809523809524,0.4954365079365079,0.8933881598175206,0.0171932701676635,0.888173268016354,0.8665263267110558,0.8906322925962541,0.9183886492999792,0.90322026246396,0.8613531190140578,0.0273459137633169,0.8748552468460522,0.836462931204553,0.8710706581534817,0.8998801570889002,0.8244966017773017,0.6026921491207204,0.005002123229285,0.6072562358276644,0.5981700838843695,0.5956761492475778,0.6039115646258503,0.6084467120181405,16.4,7.255342858886822,23,22,19,15,3
375,0.201252855697558,0.086672943912846,0.0844153086876585,0.3016098450337137,0.2693187810835384,0.2382095266310941,0.1127108170517853,0.96459846631402,0.0256351769924652,0.9871483794667292,0.9274244564246914,0.9481508219576908,0.9622157103704057,0.9980529633505824,0.9114304610733182,0.0601626560471569,0.9761904761904762,0.8433295540438398,0.8504818594104309,0.901832955404384,0.9853174603174604,0.9212394789010284,0.0407861673758622,0.9760879389927536,0.8749845349649715,0.9007322246189852,0.8906028527988342,0.9637898431295971,0.92978092243148,0.0370968782267944,0.981044124389426,0.8937199315901238,0.9024669389984592,0.90317812115339,0.9684954960260018,0.6882537964680823,0.1262976578116684,0.8394085411942556,0.5325079021507593,0.6018303786160929,0.6311937401223117,0.8363284202569917,0.5693095024142946,0.0715610093991296,0.6430978562150683,0.616941899061203,0.5816347002983093,0.5687517757926669,0.4361212807042258,0.8644281912331817,0.0322750639001223,0.8479824467412385,0.8432841797532836,0.8531547033993828,0.8490479606930101,0.9286716655789932,0.5965136054421769,0.0852216712403971,0.5937925170068026,0.5424603174603174,0.5675736961451248,0.51921768707483,0.7595238095238095,0.9084468273604756,0.0148065441503544,0.8932106859837952,0.908299627543325,0.8925219660513778,0.9163451534459938,0.9318567037778862,0.8502125195996519,0.0299743780725563,0.8381951939855856,0.8369253048780756,0.8294309099407601,0.8366666030589106,0.9098445861349288,0.6130612244897959,0.0097614767842006,0.5982993197278912,0.6147392290249433,0.611111111111111,0.6122448979591837,0.6289115646258503,0.5180216980831964,0.1374407612691507,0.4587101489305496,0.5106896587780544,0.5128239478383746,0.3438583484717777,0.7640263863972255,0.8813124402212831,0.033583820012253,0.892769545798722,0.8668936483376137,0.8729083534696708,0.937813526899118,0.8361771266012908,0.6818630179344465,0.1064725108018719,0.792063492063492,0.6938388991960421,0.6595238095238096,0.7714285714285715,0.4924603174603175,0.9018608093153868,0.0223360548431311,0.8722920748811563,0.8800872644961315,0.927016791483994,0.9241847461059284,0.9057231696097244,0.865807196266027,0.0267372756696838,0.8678897337099196,0.8477319077568746,0.8853133171053101,0.901844002224052,0.8262570205339778,0.6189868068439497,0.0239996902597444,0.5823051948051948,0.6346526489383632,0.6535714285714285,0.6128401360544217,0.6115646258503401,13.6,10.209799214480176,30,4,5,8,21
400,0.1999364577145093,0.0616136748697543,0.1486518155960809,0.1259638388153343,0.182159362804322,0.2585361436718986,0.2843711276849111,0.9738090386760248,0.0190193790315474,0.994250621360638,0.9821711968743811,0.990490480580681,0.9530886330689108,0.9490442614955136,0.9206438535009964,0.0476089987254334,0.9688208616780044,0.9547619047619048,0.9457465814608672,0.893877551020408,0.8400123685837974,0.9210984170339046,0.0242865695727491,0.9477878742616016,0.9454172312064794,0.92640126561523,0.8889513574299753,0.8969343566562368,0.9234477042386188,0.0219567037228685,0.9415948824881304,0.9542972898654208,0.9219256320394856,0.8993732372028173,0.9000474795972411,0.6829526558097989,0.0593897441015146,0.752465986394558,0.7413720538720542,0.6894540644540644,0.603240740740741,0.6282304335875766,0.6575863323041371,0.1791995453292031,0.750589234488351,0.8258252697331565,0.7438365646771022,0.6508642956614494,0.3168162969606263,0.8630173145627117,0.0429905969578537,0.847689110668422,0.8347509423223024,0.8457081958573097,0.8384565275850215,0.9484817963805032,0.5943764172335599,0.1140805565533328,0.5145691609977324,0.5066326530612245,0.5738095238095238,0.560204081632653,0.8166666666666667,0.9235727855539504,0.0173975381117625,0.9244060872212132,0.9428219834942524,0.8979074535797225,0.9110695560275393,0.9416588474470248,0.8581280250669984,0.0326966002189939,0.8441249365742983,0.8517697812710846,0.8324684702097694,0.8399592821764614,0.9223176551033784,0.6584822716965573,0.0262910350769126,0.6442176870748298,0.6642857142857143,0.6304782519068233,0.6469671201814059,0.7064625850340135,0.5326833109770502,0.1327902001693298,0.4293463687811579,0.6973144944225039,0.5516565612384251,0.3395743763872555,0.6455247540559087,0.8949820640615422,0.0422008196621787,0.9304224814571336,0.8654559744784498,0.8975197482781097,0.9487843901560032,0.8327277259380155,0.6373041640898783,0.0871436812869601,0.6011337868480726,0.6156307977736548,0.6357142857142856,0.7982142857142858,0.535827664399093,0.9253835110407128,0.0156938574113457,0.9308111615238128,0.9207644841019224,0.9336179249648268,0.9440136355160984,0.8977103490969037,0.8726977082302048,0.0317046881459354,0.8729323542682872,0.853146087956466,0.8874936260284165,0.921939488980744,0.8279769839171099,0.654109977324263,0.0380833711338042,0.666751700680272,0.6694444444444444,0.6136904761904761,0.7110544217687076,0.609608843537415,10.6,4.079215610874228,16,11,14,6,6
425,0.1563979334597076,0.0808929821875132,0.0978504359899532,0.115563291346743,0.1442963280493304,0.1090322557304586,0.3152473561820529,0.9782828593633788,0.017622791452099,0.9864293587805492,0.982598232288298,0.9923346208581092,0.9864606827016248,0.9435914021883126,0.9400087610801896,0.0430473426409507,0.9702380952380952,0.9464285714285714,0.956689342403628,0.9708333333333332,0.85585446299732,0.940515934423986,0.0335311158870469,0.9637243461094036,0.9598792866198446,0.9393838685950348,0.963660666904759,0.8759315038908883,0.9435557759741874,0.0338282529588564,0.9698661637501712,0.9628010268650156,0.933733257013672,0.9699849693247404,0.881393462917338,0.7420624613481758,0.0824429825071674,0.7959561602418745,0.7769841269841271,0.7319341372912803,0.818178382464097,0.5872594997594998,0.6351912481444222,0.1389968425815841,0.7610213948147637,0.6980954259634018,0.6505396813154221,0.7001079320907593,0.3661918065377644,0.8689136330780727,0.0385789181547999,0.8516940386336621,0.8497021067810254,0.8516801568267588,0.8455506615503875,0.9459412015985292,0.6034410430839001,0.0727636464613906,0.587953514739229,0.5590702947845805,0.5155612244897959,0.6242630385487528,0.7303571428571428,0.923587994938618,0.0186111063579268,0.9187072093794784,0.934587493116905,0.9286077678934822,0.8906342280501944,0.94540327625303,0.8621434707962017,0.0259144697863306,0.854245443214743,0.8558671526839884,0.8455023828865447,0.8421654105687224,0.9129369646270096,0.6592573696145123,0.0300264166151495,0.6605442176870747,0.6630102040816326,0.6615646258503401,0.6083616780045352,0.7028061224489794,0.5331175865871566,0.1022884263157832,0.5101968294807843,0.636340751179627,0.5196005042110171,0.3605822335396494,0.6388676145247051,0.8857680018910186,0.0350179407565101,0.9070179488310414,0.8629959635101262,0.8855454252605536,0.9374319859464564,0.8358486859069157,0.6494923727066584,0.1119295144674989,0.6888888888888889,0.5577226345083488,0.7023809523809523,0.8071428571428572,0.4913265306122449,0.929452593245364,0.0069913989209449,0.9298982545550052,0.9343656858558336,0.916143314477512,0.9358068131467148,0.9310488981917552,0.8760353343819937,0.0275978623085903,0.8904303908290837,0.8478542313597915,0.8858975124177988,0.9147522470531496,0.8412422902501441,0.6702721088435373,0.0251020856249356,0.6870748299319728,0.7043650793650793,0.6373015873015874,0.6764455782312925,0.6461734693877551,18.6,11.84229707446997,39,13,14,23,4
450,0.2250748624936455,0.1095168779946899,0.3381337601514089,0.0932642543422324,0.1648045753439267,0.3719605242922192,0.1572111983384405,0.9556124312096844,0.0379674933240291,0.9183621471286568,0.9973414273116654,0.9773662542420576,0.9021138767086012,0.9828784506574406,0.9031254724111868,0.0661729290515111,0.8375094482237339,0.9863095238095236,0.9319633408919124,0.813737717309146,0.9461073318216175,0.9099046724925858,0.0487195558501713,0.8628735035017147,0.968331234841908,0.9344872268921532,0.841961353340439,0.941870043886714,0.918870289518144,0.045593069476353,0.8749370246797161,0.9727343844271196,0.9416411953463596,0.8550381014311681,0.950000741706358,0.6655729587872445,0.1349299261116759,0.5171957671957671,0.8363662131519273,0.6978269085411943,0.5016554212982784,0.7748204837490553,0.556778373675687,0.1470872232244532,0.506441552724157,0.7935717701911926,0.617757015994617,0.5203472461019244,0.3457742833665439,0.8654937451675015,0.0340378199933105,0.8513170309929992,0.8375362761232327,0.8604704911042828,0.8462173496303019,0.9319275779866912,0.6574036281179139,0.08726643172654,0.6447845804988662,0.6163265306122448,0.5716836734693878,0.6292233560090702,0.8250000000000001,0.8950332435258858,0.020494797140465,0.8591154239473566,0.9092341150507026,0.906946949720059,0.8854704103863767,0.914399318524934,0.8543087720987712,0.025843605805328,0.83163923169245,0.8510415367309492,0.8424950399740315,0.8418570231122752,0.9045110289841496,0.6032616986188415,0.0144413102745867,0.5786100803957946,0.6202380952380953,0.6149659863945579,0.6021825396825397,0.6003117913832199,0.4984446750155517,0.1259344071096113,0.4080702194145748,0.67587735876441,0.4809995740652084,0.3277702533773013,0.599505969456264,0.8891838396003358,0.0341077021893881,0.8929119701627057,0.8617790500071905,0.8912874015382444,0.9490347900138542,0.8509059862796846,0.7024180581323438,0.0834438523834286,0.7913832199546486,0.5833487940630798,0.6976190476190476,0.7976190476190477,0.6421201814058957,0.8796589109988469,0.0339878848251715,0.8185867406478717,0.8966685112005309,0.909192914605152,0.9066582910794734,0.8671880974612067,0.8542953598851183,0.0292595461575213,0.8310823557715706,0.8333613642670837,0.8812917640298487,0.8977106646602573,0.8280306506968308,0.5682312925170068,0.0365630719141052,0.4956632653061223,0.5831349206349206,0.5919217687074829,0.5798469387755102,0.5905895691609978,11.0,6.957010852370434,3,18,12,3,19
475,0.2442537284323147,0.1135467877225328,0.2090986761308851,0.3634570223234948,0.3913289031812123,0.1102673327993778,0.1471167077266034,0.949667875063486,0.0456138792790166,0.967016681149994,0.893624303012292,0.8970872320898637,0.99923894447704,0.9913722145882404,0.903202947845805,0.0830832103454024,0.9294217687074828,0.7970710506424792,0.813133030990174,0.9894179894179894,0.9869708994708992,0.9061614866674088,0.0521407939741883,0.9104961668410472,0.8651539659147492,0.8312896023601329,0.9676781456777748,0.9561895525433396,0.9176655355503062,0.0469747552911152,0.9231998051618214,0.8778691976726333,0.8517103936309878,0.9726185276226634,0.9629297536634246,0.6568364968364968,0.1491036237554183,0.6489512471655329,0.5037243180100321,0.4824015931158789,0.8465637537066106,0.8025415721844295,0.5244227098567145,0.1002064777578274,0.5798312744924,0.5153349361249379,0.5482599288225174,0.6377093142696789,0.3409780955740383,0.8654374330755893,0.0366766396596026,0.8554006274100129,0.8455839340567144,0.8492335576928653,0.8389563579054811,0.9380126883128732,0.6692176870748299,0.0663835273641197,0.6149092970521541,0.6418083900226756,0.6153344671201814,0.6811791383219955,0.7928571428571429,0.8969242552695805,0.0263176848842875,0.899903032190208,0.8815508024094066,0.8876080175660007,0.86973097786123,0.9458284463210572,0.8592905687283972,0.0318271949873093,0.8482590118446112,0.8435244697303081,0.840281718521826,0.8416714070326766,0.922716236512564,0.6206189445475159,0.0440762482236512,0.6099489795918366,0.586002886002886,0.6100907029478458,0.5905045351473923,0.706547619047619,0.472053746666227,0.1156672230724234,0.4086390307971409,0.4725041261741093,0.4602647562112127,0.3363121077418327,0.6825487124068397,0.8875051868055502,0.0359934483200462,0.9190725099032552,0.8633385328182126,0.8730616480308598,0.939315863392218,0.8427373798832056,0.705974025974026,0.11021441257767,0.6798752834467121,0.7137136672850959,0.719047619047619,0.881547619047619,0.5356859410430839,0.8796224028407418,0.0260601355493201,0.9120279749913616,0.8374692845013041,0.8745182764498296,0.8723460515948201,0.901750426666393,0.8548934864885241,0.0238380804584131,0.8753009151220591,0.8221968701527504,0.8574181330343471,0.8852874363949172,0.8342640777385476,0.5695709845709847,0.0397677340603881,0.618243661100804,0.5789309896452755,0.517375283446712,0.5298469387755101,0.6034580498866214,13.0,12.946041866145809,9,2,2,37,15
500,0.1552488989152369,0.043686483072047,0.1204204179701351,0.2060628260618874,0.1709324149858384,0.1894145751638072,0.0894142603945164,0.9776657926076564,0.0051280585675837,0.973782659386621,0.978414178945788,0.9757276324401692,0.9731587221627912,0.987245770102913,0.936093760736618,0.0210982361249217,0.9410714285714286,0.9335111317254174,0.923015873015873,0.9100812547241116,0.9727891156462586,0.9403329886518804,0.0176799785553861,0.9517621297827478,0.929683451224184,0.938608518054348,0.9151592712317708,0.9664515729663508,0.94642091804326,0.0188666966514541,0.9615665748234566,0.933271139533938,0.9435035286953416,0.9207233301078316,0.973040017055732,0.7282263767978053,0.0610373496415583,0.7531084656084657,0.6823885109599394,0.7104861408432838,0.6614229024943311,0.8337258640830069,0.575525273914848,0.1079731582555937,0.6351052586521421,0.6317618191242218,0.6505636583481517,0.5978584481137139,0.3623371853360108,0.8674929795695494,0.0349296955292386,0.8601953062904836,0.852392107205201,0.8506092080087332,0.8383360142180248,0.935932262125304,0.6640986394557823,0.1100989427360783,0.6005385487528345,0.6059807256235828,0.6199829931972788,0.610062358276644,0.8839285714285714,0.9138273587065242,0.0068667127956764,0.916548653649494,0.915094225724478,0.9005520840814959,0.916548653649494,0.920393176427659,0.8664660690951443,0.0252418081848168,0.8570222852719117,0.8561290450413646,0.8463331096234444,0.8565246684212772,0.9163212371177232,0.6594897959183672,0.0131593218520391,0.66828231292517,0.6565759637188208,0.6411564625850339,0.679251700680272,0.6521825396825396,0.5355508405183043,0.1281707805171664,0.5200299556766238,0.5805867314338684,0.4918855279684067,0.3453155271708965,0.739936460341726,0.8871912205741014,0.033930429723997,0.9014163055352986,0.8726778612739204,0.8861398290682709,0.9395397574738708,0.8361823495191463,0.6695897753040609,0.0594764643657408,0.6460884353741497,0.5870361781076066,0.6773809523809524,0.7708333333333333,0.6666099773242629,0.9160086166164452,0.0108274587725341,0.9256210933981448,0.9222892319320892,0.9235481075641824,0.9121324966768316,0.8964521535109771,0.8731017045445852,0.0161732549742581,0.8744898387073663,0.8552983264920119,0.8855736555172148,0.8953915614951881,0.8547551405111458,0.6551995226995226,0.0438944092987917,0.6655612244897959,0.7319139194139195,0.6343537414965986,0.5995748299319726,0.6445938981653268,16.6,8.845337754998393,24,7,12,10,30
525,0.2032403403449626,0.0616944836930974,0.1508352569348755,0.1902482841341268,0.3136629082617305,0.1425885897839353,0.2188666626101448,0.967573886184706,0.0234317678723717,0.980792319468718,0.969851010399174,0.9254685836346348,0.9956846812799194,0.9660728361410836,0.9240618772761632,0.050081382233279,0.9507936507936512,0.9438492063492064,0.8364847454133169,0.9828136810279668,0.9063681027966742,0.9155477542649976,0.0330545121732094,0.9400626417996304,0.9288982239552156,0.8526121374728624,0.9423769091092572,0.9137888589880218,0.928221008727044,0.0319495794446817,0.9480863058462724,0.951808624469316,0.8683083064737425,0.9510775616659584,0.9218242451799304,0.6883259201116345,0.0852846078209346,0.7237433862433864,0.745482031196317,0.5420229902372758,0.7822656840513984,0.6481155088297946,0.556547363102436,0.1000467300058603,0.5703450100762504,0.6259307020476886,0.6374755778482982,0.5863565802574158,0.3626289452825273,0.8688185558703037,0.0370758906526241,0.8575041266971299,0.8470268093766677,0.8435238950652727,0.8537185051463917,0.9423194430660564,0.6940362811791382,0.053943409742917,0.7505102040816326,0.6530045351473922,0.6306122448979591,0.6705782312925168,0.7654761904761905,0.8946536565496916,0.0229599631046053,0.8747117590997753,0.8904030783625231,0.8900572878724138,0.8791772948495638,0.9389188625641828,0.8638980836375678,0.0270952920176728,0.8598654690375014,0.8512090331884382,0.8421670648558999,0.8493460401444711,0.9169028109615286,0.6288085723800009,0.0261968501063861,0.61515984015984,0.6026927437641724,0.6267290249433106,0.6207197564340421,0.6787414965986394,0.5046517653124674,0.1258671905211071,0.3783518075942993,0.6006836188691003,0.5386906415224075,0.3401730252163751,0.6653597333601543,0.8815502029613645,0.0356526221634525,0.9203270001794844,0.85564337009688,0.8654882826988738,0.9274048736795044,0.8388874881520799,0.7138589981447124,0.1121356216504646,0.8520975056689342,0.6548392084106369,0.625,0.8458333333333333,0.5915249433106575,0.8750604833382567,0.026567111566982,0.8243207863050949,0.8783396338199294,0.8963505981914072,0.8795412624230358,0.8967501359518167,0.8528748760428518,0.0182121638653266,0.8439473419436553,0.8379694630314664,0.859221410423829,0.8857362969708353,0.837499867844473,0.5610164438735867,0.0505783597020603,0.5100661243518386,0.603826332397761,0.5223356009070295,0.5307153164296021,0.6381388452817024,11.4,4.363484845854286,14,12,4,17,10
550,0.2160818187963394,0.0458670967314247,0.2381645041917051,0.1618542314640113,0.1683072041542757,0.2276276876883847,0.2844554664833205,0.9657459687090102,0.0131870695102722,0.9552602791411288,0.9788092130052444,0.976685387448488,0.972732859486536,0.9452421044636544,0.9077188552188552,0.0330497901232051,0.890731292517007,0.9440373118944548,0.9303940768226484,0.9217687074829932,0.8516628873771731,0.9109966834666016,0.0178531263807512,0.901352439295789,0.9335082317821076,0.9256351072530484,0.9114093298904464,0.8830783091116171,0.9203129918600724,0.0189336863334926,0.9107976440132944,0.9440961552092972,0.93449169477191,0.9223778244092578,0.8898016408966031,0.6587291280148423,0.0505543887191445,0.6192408781694497,0.6951908541194256,0.6999527588813306,0.7007086167800454,0.5785525321239606,0.6084385556834084,0.0841986341425071,0.665395227926118,0.6525492966175079,0.6609003937670163,0.6203287946326392,0.4430190654737608,0.8592140079391231,0.0337515981254187,0.8475205768855293,0.8309157318166954,0.8396224038203168,0.8529542650393491,0.9250570621337246,0.5792233560090704,0.0574448550060235,0.475453514739229,0.5587585034013605,0.6296201814058956,0.6209750566893424,0.6113095238095239,0.9273939443535844,0.0247611404368536,0.9448796441653584,0.927963401637132,0.8980628405208237,0.90273662716666,0.9633272082779472,0.8624109222019541,0.0231986479847334,0.8483695803240623,0.8522659229720828,0.8514101340936603,0.8512753928436334,0.9087335807763318,0.6804998969284684,0.0503990856577146,0.750170068027211,0.6493197278911564,0.626082251082251,0.644954648526077,0.7319727891156462,0.5583085955253669,0.1024224310754774,0.5719767340591976,0.6450822092592716,0.558286977665765,0.367220581642219,0.6489764750003815,0.8751176810950108,0.0402544691838217,0.8857720810360562,0.8207970238573685,0.87516462702164,0.942129864582143,0.8517248089778461,0.5916929499072355,0.1274497035228539,0.5250566893424036,0.4580395794681508,0.7190476190476189,0.7696428571428572,0.4866780045351474,0.9268447554546744,0.0123469933524692,0.944484727372926,0.9321191639048784,0.9101243619975796,0.9158579287889632,0.9316375952090238,0.8644353889912839,0.0246067861005802,0.865574612942243,0.8320737219595445,0.8820749854202548,0.8992936260208735,0.8431599986135041,0.6576360544217686,0.0511035716773156,0.7070294784580498,0.7047619047619047,0.5845804988662131,0.6085884353741496,0.6832199546485259,10.6,3.4409301068170506,8,10,15,14,6
575,0.2031011419902954,0.0782686388210112,0.1524697716037432,0.0906268506798715,0.2489906684273765,0.3184552994512376,0.2049631197892484,0.9689328960373796,0.0192933468418734,0.9944686081141066,0.9755278516259632,0.9671379744164784,0.935026698067856,0.9725033479624934,0.927838074623789,0.0444966703044068,0.984892290249433,0.9523809523809524,0.9085978835978836,0.8534863945578236,0.9398328523328524,0.9150434648587764,0.0421282118315105,0.940524407980323,0.9699267982017002,0.9048766149804914,0.8435767145462068,0.9163127885851604,0.9252634262654712,0.0395775704575892,0.9508511460405962,0.9766873729478448,0.9074154365124792,0.8605814051350278,0.9307817706914068,0.6855533223390367,0.0890270503011137,0.751283240568955,0.7877267573696146,0.6550152889438605,0.53171768707483,0.7020236377379236,0.6516652809722083,0.1395075988323593,0.5874435667480741,0.907735913991928,0.6363816069705146,0.6401746485914502,0.4865906685590744,0.8573403948343647,0.0312698026048009,0.857527612168985,0.8308497961150272,0.849592956376159,0.8322501073543502,0.9164815021573028,0.5429761904761905,0.0504131230200006,0.5822845804988662,0.4897392290249432,0.4917233560090702,0.5332766439909297,0.6178571428571428,0.922124629356862,0.0228073285003228,0.8862072915379456,0.9236821447270844,0.9190996740576572,0.923490319204605,0.9581437172570176,0.8536110977219235,0.027732407710548,0.836442216459668,0.8417939432997106,0.833807286632922,0.8477686183023135,0.9082434239150032,0.639234693877551,0.0435612592963093,0.5850907029478457,0.5971088435374151,0.6398809523809524,0.676814058956916,0.697278911564626,0.6433341109326907,0.167765184360499,0.5399175563028881,0.914485885628632,0.5747005705322538,0.4406715759209224,0.7468949662787574,0.8681996070875474,0.0360812779538048,0.8819782197238063,0.8199197510435196,0.8814992099264201,0.9211493601271928,0.8364514946167987,0.5522814883529169,0.0473539630597374,0.5836734693877551,0.5237090290661718,0.5845238095238097,0.5970238095238096,0.4724773242630385,0.9178862888387922,0.0169175592190174,0.904002149824314,0.9033443353763552,0.9255054845863764,0.9476838819819112,0.9088955924250044,0.8518782788416221,0.0298650503711655,0.8488817958647937,0.820242266263744,0.8729713990341438,0.8968134804341501,0.8204824526112791,0.6151360544217687,0.0302544015151624,0.5890306122448979,0.5913832199546485,0.5909863945578232,0.65,0.6542800453514738,13.4,6.248199740725323,17,23,9,5,13
600,0.2008728590039979,0.0442474082924827,0.2164986185019924,0.1702978855797222,0.1484641893988564,0.2769485073430197,0.192155094196399,0.9689703251203486,0.0116610162141902,0.9672810971566728,0.978046253194384,0.9803034263642678,0.9475477574693812,0.9716730914170368,0.934826443397872,0.0246635846512415,0.926851851851852,0.9598922902494328,0.9590528519099948,0.8928476946334091,0.9354875283446712,0.9084620855642884,0.0261548901075246,0.9023999516503264,0.9307097434741904,0.9268828671224748,0.8599294575486834,0.9223884080257678,0.923422469901486,0.023625546334212,0.917263987573553,0.9437924797092136,0.9413649697795607,0.8799676006248278,0.9347233118202752,0.6541565709422853,0.0495763729066479,0.6096766989624132,0.6945835910121625,0.6948078376649807,0.5794923330637618,0.6922223940081084,0.630083306985242,0.1137047451104113,0.7471299661057336,0.678716239120279,0.7008657434156963,0.6002023475510734,0.4235022387334278,0.8575501120750968,0.0291001321766334,0.8392692598685703,0.8339847328749411,0.8434404894436407,0.857421442378512,0.9136346358098204,0.5994501133786848,0.0887891793920663,0.5020691609977324,0.6520124716553288,0.5797052154195012,0.5206065759637187,0.7428571428571429,0.9112405056334352,0.0181275969332206,0.9355767948204924,0.8833892018345801,0.8995846030719982,0.9153503110645969,0.922301617375509,0.8551153561191482,0.0245761832310613,0.8460969481071067,0.8480015853574747,0.8414790889924426,0.83639170404952,0.9036074540891974,0.639853638425067,0.0474787905161472,0.7260204081632653,0.5910997732426304,0.6218872397443825,0.6520124716553288,0.6082482993197278,0.5857817158102989,0.0786996398123171,0.595485942704337,0.6138450130820274,0.6671138022627149,0.4357355598892484,0.6167282611131668,0.867978349855035,0.0311064806935586,0.8918160375789502,0.8479125485898885,0.8524388018116954,0.9160313488053636,0.8316930124892767,0.5858544629973201,0.0714822513882134,0.4763605442176871,0.6660636982065553,0.5702380952380952,0.6624999999999999,0.554109977324263,0.9146070191099112,0.0351199036829093,0.9525327645971648,0.8715554232303002,0.9387199657811534,0.9376215237052676,0.8726054182356704,0.8560954494884173,0.0320110849783583,0.8575433840820631,0.8334998703023062,0.8770454679352175,0.901866837993051,0.810521687129449,0.619425653711368,0.0164759450752522,0.6181972789115646,0.6211013193156049,0.6226190476190477,0.6434523809523809,0.5917582417582418,11.4,3.2619012860600183,10,11,17,7,12
625,0.2885027535614513,0.0694251278811253,0.3045077795783679,0.3318858991066615,0.2847380244306156,0.1596964115188235,0.3616856531727881,0.9392224356495156,0.0183033705025853,0.9376042673877238,0.930842444608954,0.9406346461163868,0.9714740450778012,0.9155567750567124,0.8648941798941798,0.0449215403861562,0.8655045351473922,0.8119897959183675,0.8762093726379441,0.9416099773242632,0.8291572184429329,0.8656038231756906,0.0388520626976772,0.8575892148962756,0.8616478297066575,0.8486879664900332,0.9382027490237672,0.8218913557617191,0.8831427448334688,0.035836860010754,0.8750133765363599,0.8726092940206943,0.8732375662906097,0.9509906524758855,0.8438628348437948,0.5589596514596515,0.0894033119352726,0.5211863533292105,0.5027772492058207,0.5432907700764845,0.7344516594516597,0.4930922252350823,0.5292104801961355,0.0515167027367723,0.5443751003061023,0.5383146234921047,0.5238335792507444,0.5996070184877941,0.4399220794439316,0.8561120429540108,0.0261704697918494,0.8436207763949133,0.8415758608348579,0.8462689041149719,0.8407795442127056,0.9083151292126048,0.6345918367346939,0.0295046575968148,0.6084750566893424,0.6430839002267573,0.6395124716553289,0.5991496598639455,0.6827380952380953,0.8964825382452473,0.0156553377264198,0.8851814229965491,0.8897067202949557,0.8863425541156634,0.893994241323434,0.927187752495634,0.8545336932445368,0.0216860697537847,0.8390118824191761,0.8512975319392432,0.8455751853206019,0.8397940989306921,0.8969897676129708,0.6282482596768311,0.0101397590921266,0.6375283446712018,0.6184807256235827,0.6254404325832896,0.6425298907441764,0.6172619047619048,0.5050097565565791,0.0393612557607474,0.4679515893970217,0.5315989649721554,0.51788330078125,0.4513783242021288,0.5562366034303393,0.865636887186567,0.0196231062456541,0.8839601515467812,0.8466591801397837,0.8553283015705234,0.8941735003388329,0.8480633023369141,0.6313693052978767,0.0417285279289949,0.6428004535147392,0.6292671614100185,0.6107142857142858,0.7005952380952382,0.573469387755102,0.8913081855451068,0.0187325532827971,0.8720705962762191,0.873171430375864,0.8878085096324663,0.901548982398736,0.9219414090422492,0.850583834381099,0.0177644803288829,0.8390057516868729,0.828326609677234,0.8516701483440103,0.8812939404831716,0.8526227217142058,0.5684789370293573,0.074914598555544,0.5052154195011338,0.6132202881152461,0.5008503401360545,0.5285714285714286,0.694537208822923,8.0,6.099180272790763,5,4,7,20,4
650,0.2162220915690774,0.114560868104908,0.1979583505363691,0.1444926182074206,0.1238462861982129,0.4396559149026871,0.1751572880006972,0.961851148729148,0.0420193027980869,0.9723473546982108,0.9919409859393482,0.986549955034039,0.87885272347008,0.979564724504063,0.9292364117364118,0.0647799595281364,0.9332671957671956,0.9906462585034016,0.9650029203600632,0.805168178382464,0.952097505668934,0.9060367052753406,0.0596642462748154,0.9182729163641876,0.9432456538152072,0.9533262849330968,0.7892961995776657,0.9260424716865464,0.91908991885666,0.0546227120588101,0.9279630747313384,0.9546807709863794,0.9611302559168876,0.8123402230847157,0.9393352695639778,0.6629661608233037,0.1183162455111215,0.6556818181818184,0.7502430770287913,0.7603458049886621,0.4380631273488415,0.7104969765684052,0.6580152322139059,0.1301988288627583,0.7248756608792714,0.8630957646029336,0.6383607579129082,0.5867345418248858,0.4770094358495303,0.8500347424573823,0.0316621348272126,0.8379940705379141,0.8373897977529919,0.8388316205337579,0.8236052974701588,0.9123529259920884,0.5582936507936508,0.0610759004616945,0.5322845804988663,0.5016439909297052,0.6301870748299319,0.4946145124716554,0.6327380952380953,0.9156244074790054,0.0203685854446464,0.9091396328133632,0.9484182390905082,0.8890277248022956,0.904599429515396,0.9269370111734644,0.8500223496117402,0.020595394200588,0.8386711803208832,0.8546210661084787,0.8461828447288242,0.8244961165549453,0.8861405403455693,0.6157781900639043,0.0300816827044383,0.5999149659863946,0.6738095238095237,0.5886415172129459,0.6135487528344671,0.6029761904761904,0.6250666944043977,0.1181575843073316,0.5772138216665813,0.7884737327694893,0.5432896507637841,0.4786474726029804,0.7377087942191533,0.8606482931826877,0.0199047717529121,0.8711957271809349,0.83921738673432,0.8650814623396943,0.8900460582110828,0.8377008314474061,0.54563801278087,0.031030716857059,0.5306122448979592,0.5273964131106988,0.5845238095238096,0.5797619047619048,0.5058956916099773,0.9102551763972284,0.0217040032217423,0.9092140807505306,0.9293235322422516,0.8722361406442298,0.933391651679829,0.9071104766693002,0.8465102189044329,0.0184031655007784,0.8418110101802945,0.8413224515160502,0.8391249149044254,0.8819854951597338,0.8283072227616604,0.5756070120355835,0.0831250634482751,0.5119897959183674,0.7062925170068027,0.466640502354788,0.6148809523809524,0.5782312925170068,14.4,8.452218643646175,11,14,28,2,17
675,0.3085492875249612,0.1219046957641019,0.1595747958691347,0.4446128330060414,0.2514786581907953,0.2254483323721658,0.4616318181866691,0.9339237174046602,0.057040286515457,0.9942345792966688,0.8639486313790457,0.9580634917928996,0.9860431626354246,0.8673287219192615,0.8769231429945716,0.0908299457733424,0.9482117089259946,0.7599867724867726,0.9073601662887378,0.988095238095238,0.780961829176115,0.8724959469435438,0.0632049643614889,0.947202536091778,0.8103175840829899,0.8721019978233192,0.9387245163666056,0.7941331003530261,0.887317868946697,0.0583582385774398,0.9373951615534012,0.830093806297838,0.8925181672139362,0.963181538102348,0.8134006715659619,0.6028726035868893,0.1594562912474919,0.7236678004535149,0.4175161478732907,0.589937641723356,0.8352865388579677,0.4479548890263176,0.6166679671832493,0.1073196170533147,0.5613464393786022,0.5856417566537857,0.6100604896034513,0.8199900984764099,0.5063010518039975,0.8420258661897082,0.0244839896209015,0.8633944626717279,0.8216622310852992,0.8124016703485556,0.8358548716309266,0.8768160952120312,0.5627380952380951,0.0256465153835293,0.5588718820861678,0.5529478458049886,0.6067743764172334,0.5278344671201813,0.5672619047619047,0.9064712867168678,0.0171306698634019,0.9123469729772252,0.913613308571292,0.8746968531002144,0.905943967330522,0.9257553316050852,0.8472179997608584,0.0151744384632166,0.8455843131414699,0.8469490948840283,0.8341962511449468,0.8338517904913578,0.8755085491424895,0.619724283652855,0.0298575004752215,0.6081632653061224,0.6343537414965985,0.5872500515357658,0.6706400742115027,0.5982142857142858,0.5690391906670162,0.0265844211307135,0.564308626311166,0.5483894390719277,0.5550006457737514,0.5562612180198941,0.6212360241583416,0.8530030610700619,0.0362433100093412,0.8602889644680263,0.8521024402982532,0.8674293861680434,0.897775657566298,0.787418856849689,0.5578092145949289,0.0642492863814173,0.5685941043083901,0.5797773654916512,0.6047619047619047,0.6035714285714285,0.4323412698412698,0.9062938890907865,0.017413390985233,0.9178484719789068,0.9006597316203228,0.8745714070448319,0.9216125486445684,0.9167772861653022,0.8449662781701954,0.0196210561704463,0.855568533835009,0.8313327686251292,0.8424111937626491,0.8760836134488554,0.8194352811793346,0.5695294784580499,0.0516037419916938,0.6178571428571429,0.6339285714285713,0.4904478458049887,0.5502551020408163,0.5551587301587302,11.6,10.071742649611336,18,2,8,28,2
700,0.2883004498268876,0.0701855998026353,0.3600669889932587,0.3480880466245469,0.2914698762553079,0.2793331667780876,0.1625441704832372,0.9408305910649786,0.0264067593270204,0.9115414133259688,0.920153783886961,0.9300639622736164,0.9602184434829945,0.9821753523553518,0.8803892668178384,0.0517327703079512,0.8471938775510204,0.8367535903250191,0.8317932728647015,0.9345049130763416,0.9517006802721087,0.8720591528090329,0.0287861041017905,0.8550368547973028,0.8460721730277415,0.8690783280085059,0.8625604576746229,0.9275479505369916,0.8904069717530418,0.0257976183896393,0.8743753932246143,0.8666409748214114,0.884753268561656,0.886291618853084,0.9399736033044436,0.578402602688317,0.0858187775809519,0.507860988218131,0.4917250738679309,0.5705541812684671,0.5879639540353827,0.7339088160516732,0.6047969362565448,0.0535843433543782,0.5845004043408802,0.5740710220166615,0.6800665514809745,0.6520067346947533,0.533339968749455,0.8321180276714795,0.0233962989124324,0.8211514791721222,0.8225306532404861,0.8216429242172529,0.8165389478905646,0.8787261338369713,0.5420238095238096,0.0545641520117935,0.4934240362811791,0.6107426303854874,0.5050170068027211,0.4943877551020408,0.6065476190476191,0.9050745457218756,0.0100013010326393,0.8943632094234946,0.8942060781949347,0.9044350954800352,0.9193478160494968,0.9130205294614162,0.8403657938292535,0.0187494220518897,0.820558652658628,0.8463740171632248,0.8254387017924556,0.8361025719726153,0.8733550255593429,0.5769557823129252,0.0163109335930317,0.5931972789115647,0.5877551020408163,0.5845238095238096,0.5717687074829932,0.5475340136054422,0.5941694044641086,0.0911277343220508,0.5144017998661313,0.569460296205112,0.6247484918151583,0.506855594260352,0.7553808401737895,0.8420382094037853,0.026887687060254,0.8740202243544839,0.8239574287234387,0.8293680010201918,0.8738548007251824,0.8089905921956299,0.5866187384044526,0.0554583199986076,0.596655328798186,0.6877705627705628,0.55,0.5708333333333333,0.5278344671201813,0.8922850105419128,0.0212576641468982,0.8970060403437324,0.8532927836622418,0.8942440782601532,0.918210536498714,0.8986716139447232,0.8441134990424167,0.0185173427431819,0.8480000881327807,0.8235060152212996,0.8454453355791324,0.875834061962532,0.827781994316339,0.5370737992166564,0.0359680414683217,0.5431972789115646,0.5388476602762318,0.4773809523809523,0.535374149659864,0.5905689548546692,8.4,4.6303347611160905,5,4,7,9,17
725,0.1986854166324649,0.08885877730285,0.1363805623813754,0.1278634216813814,0.1507153869384811,0.2121540332833925,0.3663136788776943,0.9685402554782684,0.0266927992658943,0.995764235156682,0.9837303490274548,0.972183050179766,0.9730504866658888,0.9179731563615514,0.9285819075104788,0.0485750931422538,0.9727891156462586,0.9625,0.9436507936507936,0.9273904006046862,0.8365792276506563,0.9250075103910952,0.0489427473743427,0.962822887078812,0.949709022960254,0.9543258560000764,0.92838682285661,0.8297929630597226,0.931867804848756,0.042358349439354,0.954449980898575,0.9570791652680112,0.963455237583996,0.9350559071174722,0.8492987333757256,0.7060734900020614,0.1042381743470276,0.7964182642754073,0.7496126228269085,0.7729591836734694,0.7047902494331066,0.5065871298014153,0.6891594407813889,0.1486389863165921,0.6150263186011996,0.7519995059285846,0.6910572722554207,0.9185517472880228,0.4691623598337173,0.8257308332413682,0.0383455017062731,0.8213959942486843,0.8080799943537429,0.7965194684804431,0.8020461315332525,0.9006125775907179,0.5313662131519274,0.0962816798083203,0.6315759637188209,0.5450963718820862,0.4693310657596372,0.3810657596371882,0.6297619047619047,0.9094903352132638,0.028355145450246,0.8660078639408199,0.90632656481396,0.9066326872629392,0.9552880981452412,0.9131964619033583,0.8379581426964376,0.0180564810181154,0.8295749302858544,0.8402741637265299,0.8214458933387269,0.8265876514692315,0.8719080746618458,0.5659142444856731,0.0294877150598126,0.5425247371675942,0.5738095238095238,0.5628968253968253,0.6173469387755102,0.5329931972789115,0.6486838915518353,0.0589936093583381,0.5499185132128852,0.7310268538338798,0.6491008102893829,0.6374772084610802,0.6758960719619479,0.8308953839596525,0.0267666437412745,0.835871695516596,0.8079033413562354,0.8287459773491664,0.8785341243777205,0.8034217811985441,0.51751443001443,0.0783413166269278,0.6337868480725624,0.5489100185528758,0.5285714285714287,0.4797619047619048,0.3965419501133787,0.896524626644285,0.0419783207551128,0.8289627397048122,0.8960590030294463,0.8823790719694272,0.9559110042484426,0.9193113142692976,0.8320345519473549,0.0252930884293765,0.8061075854111673,0.8286141669641397,0.8359116473314518,0.8777499479176712,0.8117894121123447,0.5634313305741877,0.096366260374072,0.4277008705580134,0.5762755102040816,0.499234693877551,0.7127551020408164,0.6011904761904762,18.2,6.4621977685614045,24,20,23,18,6
750,0.3195542778997194,0.1193731568595885,0.3126879164150783,0.3673441147520428,0.1880656505624453,0.2106803506612777,0.5189933571077529,0.9288298852184595,0.0610364607703524,0.9425127946239662,0.917421491619669,0.982450974567952,0.9841662158880334,0.8175979493926772,0.8844972487829631,0.0754604409295616,0.8914617128902843,0.8457860922146638,0.958238851095994,0.9650003435717722,0.7619992441421013,0.8484615727748454,0.0666278504097599,0.8469671732553176,0.8339972837924727,0.918037956099697,0.9102715767715408,0.733033873955199,0.8719866296821064,0.0577961905472832,0.8731740641365029,0.8558969642576771,0.9341153413696884,0.9240918276933696,0.7726549509532932,0.5465822537251108,0.1294250447966669,0.515004638218924,0.4513897478183192,0.7083015529444101,0.6822931697931699,0.3759221598507313,0.6066471989665712,0.0520410213401105,0.6459355269159589,0.6028944275208882,0.6809903479048184,0.5662012025713921,0.5372144899197987,0.8244106603074476,0.0123669426571543,0.8222671709430707,0.8238514714693013,0.8122095763704962,0.8160531833506351,0.8476718994037346,0.5054591836734693,0.0559216172345686,0.4389739229024942,0.4609977324263038,0.4848072562358276,0.5800170068027211,0.5624999999999999,0.8986988021928746,0.0198806571659646,0.9169637940646346,0.913706918664902,0.9070733302611272,0.8623837989302002,0.893366169043509,0.8285732103936674,0.0140131115674055,0.8193503807927369,0.824516837266909,0.8238046552516993,0.8189594683696847,0.8562347102873067,0.5570933828076685,0.0462932719646758,0.6226190476190476,0.5691326530612245,0.5821428571428572,0.5196505875077303,0.491921768707483,0.593098889717034,0.0797499496316892,0.5735424416405814,0.6346471096788134,0.6968186540263039,0.4559730791619846,0.6045131640774863,0.8232664309418783,0.0344089636884893,0.8368904146082146,0.7851657812972469,0.8191285917627633,0.8814832201300797,0.7936641469110871,0.5263358070500928,0.0794000152776172,0.5181972789115646,0.4741110080395795,0.4619047619047619,0.6803571428571428,0.4971088435374149,0.8975857879695347,0.0197267855505339,0.8802008252302466,0.9243503030448842,0.918141568290648,0.8773006048868118,0.8879356383950832,0.832532201729913,0.0169781254938507,0.8200639484754052,0.8282800189803058,0.8433847565479323,0.8592647911100764,0.8116674935358457,0.5258086754515326,0.0582650166184869,0.466682127396413,0.6075091575091575,0.5258503401360545,0.4572845804988662,0.5717171717171717,9.0,5.865151319446072,8,4,18,13,2
775,0.2573901624551841,0.0481411474836615,0.2858014830521175,0.2075431063061668,0.2238482219122705,0.2316832109576179,0.3380747900477477,0.9638477678971592,0.0154490105224128,0.9506150086205372,0.975351912555409,0.9822260961316432,0.9698326793921448,0.941213142786062,0.9196957671957672,0.0235990768523456,0.8812736205593348,0.938095238095238,0.9478363567649284,0.9241496598639456,0.9071239606953893,0.8889651311256189,0.0283182625956944,0.8667221805836428,0.9092448104481488,0.9082076257538524,0.9162702433708751,0.8443807954715749,0.905249850626154,0.0239873485550398,0.8850602216840529,0.9243789946434716,0.920575153845028,0.9278395859728836,0.8683952969853334,0.6098888545317117,0.0631381754759476,0.5321840857555143,0.6257446918161205,0.6751838108980966,0.6766250944822374,0.5397065897065897,0.7523997879454069,0.158115617641838,0.6153159844023841,0.8172340574009078,1.0300397787775313,0.6934693093810763,0.6059398097651345,0.825295954453489,0.0308251118830575,0.8199488789848901,0.8089982064453428,0.8068559118184621,0.8046364441354393,0.8860403308833112,0.4621031746031746,0.090130782871847,0.5255668934240363,0.4639739229024943,0.2904195011337868,0.4882936507936508,0.5422619047619048,0.9381216387014832,0.0302610936500603,0.8869904937077023,0.947309099782611,0.976561137275423,0.92580016027221,0.95394730246947,0.8393699195023421,0.024440262556668,0.8214642849819314,0.840663693237404,0.8123699760879679,0.8389907489859,0.883360894218508,0.6585147392290249,0.0594840451348819,0.5530328798185942,0.7204081632653062,0.6357142857142858,0.6893707482993197,0.694047619047619,0.7483850325856889,0.1782658811866949,0.591687451515879,0.8048235454729625,1.0020592595849718,0.5057927561657769,0.8375621501888547,0.8240309509327552,0.0308198999965644,0.8046356358459985,0.791349085882645,0.8226853869970283,0.8813710945253431,0.8201135514127612,0.4422309833024119,0.1498329043567434,0.6384353741496599,0.4026515151515152,0.2416666666666666,0.5886904761904762,0.3397108843537414,0.9162335728129152,0.046703562692761,0.8298845277710921,0.9277868901760528,0.9623191568032118,0.910834405969874,0.9503428833443448,0.8272868513198277,0.0215541505283096,0.8097763969484907,0.8107944091577043,0.8364774979539712,0.8656929619054122,0.8136929906335603,0.5491161616161617,0.0700012779408609,0.4470959595959596,0.5734848484848486,0.5702380952380953,0.5017006802721088,0.6530612244897958,11.2,3.1240998703626617,9,16,11,13,7
800,0.4171414885492551,0.0743828772918561,0.3698938797627176,0.4702057930685225,0.529019683599472,0.3184623281870569,0.3981257581285068,0.883248859294157,0.0400172293460337,0.90306159393957,0.858267005251147,0.8196087624231813,0.9345774103144076,0.900729524542479,0.8136205593348451,0.051619261845856,0.8196428571428572,0.7502739984882842,0.7724773242630386,0.8998204837490552,0.8258881330309903,0.7946024560365,0.0562809017074735,0.8400438149552246,0.7969834677055174,0.6896041534584763,0.8467268408792292,0.7996540031840527,0.8257230391008339,0.0454397352973279,0.8621735285369716,0.81924884336201,0.7447419550733416,0.8746200280888244,0.8278308404430221,0.4400750307893165,0.0679521342072872,0.4886947708376278,0.3990152704438418,0.3318641675784533,0.5240366776081062,0.4567642674785531,0.6476083419152668,0.1177899958546544,0.5781417169741222,0.5853781295674187,0.7047086315495628,0.8501812943390438,0.5196319371461868,0.8093580830357489,0.0276704487132421,0.7995766260331705,0.8001756702774011,0.792300169417451,0.79056871522299,0.8641692342277317,0.5016893424036282,0.1247564994777786,0.6308106575963718,0.5262755102040816,0.378202947845805,0.3368480725623582,0.6363095238095238,0.9033678881975784,0.0392139851009148,0.8349597746939729,0.8992980551566596,0.9324207973787806,0.949631487674966,0.9005293260835133,0.8288900779742783,0.0221695830274248,0.8117941920497019,0.8336063190727542,0.8140125042253304,0.8146787911635318,0.8703585833600728,0.573282055246341,0.0551808468467107,0.508862863327149,0.597598433312719,0.5971088435374151,0.6513605442176872,0.5114795918367346,0.6517070033720561,0.0458969693399208,0.5675389979566846,0.6628860001053128,0.7079184119190488,0.6634847181183952,0.6567068887608392,0.7942809286760711,0.0372189999094743,0.7917186069503003,0.7374125450356976,0.782518736976541,0.8523843513606445,0.8073704030571723,0.4518789940218511,0.0995258591779641,0.6301020408163265,0.4570423623995053,0.3261904761904762,0.4113095238095238,0.434750566893424,0.8904094152763878,0.0574148627217035,0.7786040657730754,0.9070200803575188,0.9290938970093754,0.9361686776095643,0.9011603556324052,0.8153169064617319,0.0256310469095141,0.7747223073584476,0.811943088945836,0.8265620248089006,0.8536283721785235,0.8097287390169516,0.4914581450295736,0.096547254502529,0.3755446934018362,0.5659297052154195,0.382142857142857,0.520408163265306,0.613265306122449,4.6,2.0591260281974,5,3,2,8,5
825,0.199930308333465,0.0412630277480946,0.2632933585416703,0.1564362657566865,0.1577679112198807,0.2281124673428989,0.1940415388061886,0.9803452621888804,0.0131385709853822,0.9585940943291512,0.9957273968999134,0.9824788537289876,0.9741004125005204,0.9908255534858303,0.9572335600907028,0.0355804092150557,0.8971938775510204,0.9952380952380953,0.9667422524565384,0.939918745275888,0.9870748299319728,0.9252610428804692,0.0231148913707253,0.898138800662913,0.9468784905016958,0.954934478440761,0.9010114733286037,0.9253419714683724,0.937926655580796,0.0207956774630114,0.910481214652244,0.9579459965660762,0.9624965422069732,0.9180048564083954,0.9407046680702904,0.701501382215668,0.0660619219930696,0.6019497698069128,0.7517290249433107,0.782936507936508,0.6519771234056948,0.7189144849859136,0.7489692019564765,0.0771219353517119,0.7090829610824585,0.7823133170604706,0.8099690228700638,0.8262210318020412,0.6172596769673484,0.7986185613800743,0.0231108673230304,0.8017877636933629,0.7878539353311,0.7713726797854036,0.7915918871729294,0.8404865409175754,0.4296655328798186,0.0687292048612952,0.398015873015873,0.4253968253968254,0.3854308390022675,0.3763888888888888,0.5630952380952381,0.9193307422175676,0.0080213030766587,0.9081835863293664,0.9166982118005136,0.9170165758611136,0.9326528842677912,0.9221024528290536,0.8231291187657067,0.0252287180617505,0.8037107710111053,0.8174121715492706,0.8072093996142635,0.8147041577970625,0.8726090938568316,0.559438775510204,0.0428374320292311,0.5194727891156463,0.5714285714285714,0.5224489795918367,0.6363945578231293,0.5474489795918367,0.7334106453827449,0.0907439644439908,0.6814522721937725,0.8601066172122955,0.7975512210811887,0.598156641636576,0.7297864747898919,0.7929521843271445,0.0375120981409802,0.7851608659462531,0.7486059679578768,0.7803919745260165,0.8624348554998186,0.7881672577057579,0.4302128427128426,0.047246176228339,0.4622448979591836,0.4291821273964131,0.375,0.5005952380952381,0.3840419501133786,0.908071778594256,0.0114010873676806,0.8929446439531434,0.902995718476014,0.90179463753485,0.9196808755922056,0.9229430174150672,0.8224645737069579,0.0189454915819791,0.8175484353045827,0.8079765564927168,0.8180558554424865,0.8594471339408758,0.8092948873541284,0.5151543694400836,0.0662712774707525,0.4954081632653061,0.535374149659864,0.4096153846153845,0.520238095238095,0.6151360544217687,16.2,2.7129319932501073,12,16,20,15,18
850,0.2983518949576786,0.1749314202362884,0.1641086872134889,0.179091493998255,0.2370644633968671,0.6394018161864508,0.2720930139933313,0.920299694693364,0.116141653332912,0.98509250338782,0.9929401136744118,0.970623164015642,0.6889241835549038,0.9639185088340422,0.8877126709269566,0.1303166419868157,0.9642857142857144,0.9831349206349206,0.9239512471655328,0.630381192881193,0.9368102796674224,0.8662490439687671,0.1213791121096007,0.9528921116060266,0.948071275862737,0.922140004875066,0.6292292536939856,0.87891257380602,0.8850560085268878,0.1066437244867323,0.9610070716454352,0.957114295987329,0.928723086757371,0.6760216840306875,0.9024139042136164,0.6146606665199104,0.1945785326580444,0.7940003779289494,0.7582860922146637,0.6735690235690237,0.2503325203430245,0.5971153185438902,0.7461873586688723,0.1321632898278007,0.8215780364615577,0.9524572172335216,0.731327486889703,0.653361365199089,0.5722126875604902,0.781300330383438,0.0240432973379843,0.7651717094307066,0.7779694385650954,0.7793806315725845,0.7574432077271638,0.82653666462164,0.464438775510204,0.0667825154789188,0.4827380952380952,0.3715419501133786,0.4450680272108843,0.4460600907029478,0.5767857142857142,0.909455576128374,0.0252263076052404,0.9023278824722012,0.9568448431026072,0.9109369901806876,0.886149616293935,0.8910185485924401,0.8219006845751741,0.0196477138198897,0.8148436931973361,0.827239261885178,0.812317645833076,0.7984295488538994,0.8566732731063809,0.5247771672771673,0.0393296236704153,0.5461451247165533,0.5821428571428572,0.4971088435374149,0.5302066980638409,0.4682823129251701,0.764098938873836,0.1442270438344712,0.782137638756207,1.027702693428312,0.723313529576574,0.6016861391919,0.6856546934161868,0.7686197954603835,0.0166028436127961,0.7592019382612714,0.7428173695830715,0.7686081025318128,0.7874936907418435,0.7849778761839182,0.3969238301381159,0.0748197202803584,0.3710884353741496,0.3011440940012369,0.3476190476190476,0.505952380952381,0.4588151927437641,0.902574297049662,0.0271397812580527,0.8926872564433859,0.9534233846795422,0.902565783010429,0.89106578971111,0.8731292714038422,0.8084366860673251,0.0182496907070332,0.7949750093016741,0.7962033560145957,0.8166314418859978,0.8407887345135826,0.7935848886207754,0.4540821083678226,0.064805310222502,0.4047619047619047,0.5404761904761904,0.3824829931972789,0.4194805194805194,0.5232089339232197,14.6,8.5463442476886,27,19,14,1,12
875,0.2555584368251619,0.0676809497030432,0.3519263416528702,0.1871281801944687,0.1702124146478516,0.2853297360596202,0.2831955115709986,0.9621493534014576,0.0193213868334056,0.9319564957695002,0.9807027058288258,0.9853829702993292,0.9549863289575397,0.9577182661520922,0.9106682074539216,0.0465031679682713,0.8343348450491309,0.9558862433862436,0.9623015873015872,0.8947184429327285,0.9060999185999188,0.9074815018407868,0.0331614792639538,0.8747971577297349,0.9398448099477136,0.955060890829078,0.8827812853430171,0.8849233653543906,0.9190109009268038,0.0304421655571937,0.8856752760648332,0.9487817397907669,0.96208191463589,0.8997950260999104,0.8987205480426189,0.6446499796499797,0.0879103301873713,0.5525419686133973,0.7085772692915553,0.7851851851851851,0.5863945578231293,0.5905509173366316,0.770452257990837,0.0832903363737436,0.6299952332462583,0.8233616905553001,0.8751517768417086,0.7847862626825061,0.7389663266284126,0.7829433312004179,0.014187573567402,0.7991602899521012,0.7800762695918202,0.7612575626218528,0.7763825556699826,0.7978399781663328,0.3840646258503401,0.0661885870042894,0.4435374149659863,0.3243480725623582,0.4816609977324263,0.3189909297052153,0.3517857142857142,0.9351379819422224,0.0252889910155468,0.9067339354916994,0.9599227836805476,0.9027866129729484,0.9466798625804838,0.959566714985434,0.8238722351301876,0.0183777776674242,0.8164516100104091,0.8144467909507933,0.82003672252543,0.8085592367630923,0.8598668154012131,0.6134410430839001,0.0506967638682383,0.553656462585034,0.6202380952380953,0.566780045351474,0.695578231292517,0.630952380952381,0.8009947325502124,0.0783297647457174,0.7314804536955697,0.8730253406933376,0.9048091577632088,0.701858890908105,0.7937998196908406,0.7643737459724238,0.033193186519422,0.7091400378434541,0.7606262441945939,0.7599633530797648,0.8104819145459539,0.7816571801983522,0.3361647083075654,0.0525240701625481,0.3428004535147392,0.3304267161410018,0.344047619047619,0.4142857142857142,0.2492630385487528,0.928932438430229,0.0169352421087485,0.9006882571135596,0.931641279264432,0.9209370052642026,0.9468930631492208,0.9445025873597304,0.8132650323466253,0.0283348090295169,0.797475480074054,0.7984052924243624,0.8240444124288269,0.8633906803821297,0.783009296423753,0.5083240568954854,0.0650887110527967,0.4497835497835498,0.5640306122448979,0.4269557823129251,0.5977891156462585,0.503061224489796,12.8,3.9698866482558417,8,17,18,11,10
900,0.2958863751519294,0.1104561879019769,0.2555091739410445,0.1936302500821295,0.2684059806522869,0.510734804329418,0.251151666754768,0.9450817651057764,0.053533376856313,0.9752770626297924,0.9790585304470816,0.9622862543331776,0.8386064479808233,0.9701805301380072,0.8971988593417166,0.0766334863503654,0.948987322201608,0.9363756613756612,0.915986394557823,0.7454442383013812,0.939200680272109,0.8761827203009652,0.0673007524367554,0.9037120419949222,0.9271641623066488,0.9029623497825112,0.7428225826908628,0.9042524647298812,0.8967422235687087,0.0576313641465916,0.9280746052210156,0.9366720846796054,0.9151547180895712,0.7823672409660285,0.9214424688873224,0.6209655105243341,0.1082938975743734,0.6995937263794408,0.7057256235827665,0.6432161753590325,0.410789381797785,0.6455026455026457,0.7502555242606572,0.0797950781005514,0.7923892949308667,0.7288937653814044,0.8829614371061325,0.6839112022093364,0.6631219216755458,0.7625433657708142,0.0181297839351121,0.7650252377985753,0.7517026473818811,0.7339765434230177,0.7776934505221637,0.7843189497284325,0.4106462585034013,0.0477815719387119,0.4138888888888888,0.4293650793650793,0.322562358276644,0.4201530612244898,0.4672619047619047,0.921890169140607,0.0134176274453858,0.9250005353311892,0.9031941803105488,0.94360381164729,0.9137917441223982,0.9238605742916086,0.8186400272953007,0.0216612768172439,0.8172860423801174,0.8055208492379118,0.7988807045912883,0.8113048275668009,0.860207712700385,0.5040759637188208,0.0432147746691822,0.5358843537414967,0.4719954648526077,0.4345238095238095,0.5422619047619047,0.5357142857142857,0.7728534600564412,0.0741675888743296,0.7835135821785245,0.8394687346049717,0.8171929546764919,0.6296086396489825,0.7944833891732352,0.7508217160357205,0.0335395446208369,0.73369133685863,0.7060453399000196,0.7753157069286833,0.8013582604792581,0.7376979360120116,0.3500989486703772,0.0601493719667351,0.2948979591836734,0.3556818181818181,0.2785714285714286,0.4464285714285715,0.3749149659863945,0.9218790612197576,0.0207453216980007,0.9008363991414008,0.8984442910674436,0.9469609721748692,0.944666214555377,0.918487429159698,0.8140000131210854,0.0312125396865484,0.7827400705069919,0.7858279460927624,0.8302061514943416,0.8664624779342036,0.804763419577128,0.4766269841269842,0.0753106501201786,0.3935374149659864,0.4152210884353741,0.4416666666666666,0.5797619047619048,0.5529478458049887,11.8,4.166533331199932,15,15,11,4,14
925,0.3532086520677521,0.0728149881075079,0.3677673165996869,0.3047402891374769,0.4570987692901066,0.2450501791068486,0.3913867062046414,0.9285434000543203,0.0317488007777024,0.9317797666410412,0.9469297631065898,0.8752037061849345,0.970318030485402,0.9184857338536344,0.8687997320140177,0.0510175421869302,0.8646155431869719,0.8753684807256237,0.7878306878306878,0.9487708719851576,0.8674130763416475,0.8517664439772457,0.0404432086557458,0.8467538548630087,0.8958711179388423,0.8014398867270184,0.8998810228440055,0.8148863375133535,0.8717987849935301,0.0372820338252043,0.8704883202463203,0.9048390966317958,0.8194921395181574,0.9202230154608112,0.8439513531105659,0.5407313982313982,0.0803124552229982,0.5067872603586889,0.636271730914588,0.4431794396080111,0.6355451426879998,0.481873417587703,0.7509103059768677,0.069603143139283,0.7364012769290379,0.8171354957989284,0.7035515883139202,0.6555265464953014,0.8419366223471505,0.7688978276394298,0.0204679083101695,0.7809152114952262,0.7481964838146332,0.7618529678222089,0.7507970178502468,0.8027274572148341,0.42078231292517,0.0778232944302619,0.4393990929705215,0.3811791383219954,0.3953514739229025,0.5594104308390022,0.3285714285714285,0.9161968244005146,0.033945184091612,0.9206151691445807,0.9234869127881552,0.9119133234862136,0.8593675188395685,0.965601197744055,0.8203688239860814,0.0200820924642939,0.8166146447548339,0.8120594343143893,0.8028376660945257,0.8107935906170134,0.8595387841496448,0.5422402597402598,0.0459945916941495,0.5477891156462584,0.5738095238095239,0.4775510204081632,0.5060992578849722,0.605952380952381,0.7846420820270266,0.1282090715557504,0.7429746729987008,0.9011646658182144,0.6849438058478492,0.628799244761467,0.9653280207089016,0.7440234388984022,0.0359526351885709,0.7302109079368806,0.6815439322012598,0.7649944906685898,0.7857994262396971,0.757568437445584,0.3527288188002473,0.0957796300419287,0.391609977324263,0.3196815089672232,0.3880952380952381,0.475595238095238,0.1886621315192743,0.9083039896939472,0.0321549493763932,0.8872017171984482,0.8876022864200204,0.9132828492434404,0.8843313865481355,0.9691017090596924,0.7989279329731015,0.0289029339123036,0.7937431650229201,0.7618853451224419,0.8308867784555491,0.8332492901953108,0.7748750860692851,0.4476144094001236,0.0435933858662348,0.4353741496598639,0.4017857142857142,0.4805272108843537,0.4060992578849721,0.5142857142857143,9.0,3.1622776601683795,8,11,5,14,7
950,0.3052971640867846,0.0933801164048414,0.457729907972472,0.1925290906358333,0.2231824092921756,0.3277496252031553,0.3252947873302868,0.9502237815194016,0.0368486397126255,0.8820401277953531,0.979501828447222,0.9850256336687896,0.9579018148199184,0.9466495028657248,0.9024300831443688,0.0539207346833591,0.813718820861678,0.9520502645502644,0.960062358276644,0.8742913832199546,0.9120275888133031,0.8756329674138257,0.0472993642041204,0.795162397288477,0.9324868198917462,0.9128496613846794,0.868235449097518,0.8694305094067077,0.8898356111753991,0.0442156424818147,0.8182408286181703,0.9426831384401212,0.927327814625871,0.8687351936984481,0.8921910804943856,0.5869992573564002,0.0953843383529769,0.4341841359698503,0.6882137703566277,0.6896069538926682,0.5558027290170148,0.5671886975458404,0.7896959240947451,0.0728550638992289,0.6600476162774223,0.854313245841435,0.803163909486362,0.7705082041876656,0.8604466446808406,0.7397871622485794,0.0227332276444323,0.7566385868264065,0.7131609307137943,0.724073488834404,0.729955744839742,0.7751070600285502,0.3815249433106576,0.0863657924925401,0.5034580498866214,0.3388321995464852,0.4618197278911565,0.3285147392290249,0.275,0.9157877647528728,0.0457458505630404,0.849707061568589,0.9404637890087288,0.8794142777884101,0.9308011632746744,0.9785525321239606,0.8092347452832392,0.0229952826203621,0.7889720949592954,0.8061760376581747,0.7967497191108904,0.8004259552664095,0.8538499194214265,0.5150881261595547,0.0333309855208307,0.4583977530406101,0.5270408163265307,0.4999226963512678,0.5543650793650794,0.5357142857142858,0.7772952075515475,0.1261480026697926,0.6625062333686011,0.8072306620223182,0.7078861509050641,0.69825693326337,1.010596058198384,0.742811626973392,0.0221798287867742,0.7417911094692723,0.7044287967209765,0.757060300270697,0.770653914196094,0.7401240142099204,0.3323438466295608,0.0881261577615274,0.4492630385487529,0.2487090290661719,0.3869047619047619,0.3636904761904761,0.2131519274376417,0.9029283542333784,0.0453045059996775,0.8408044970418296,0.9097779191252098,0.8676998984556672,0.9255989472122478,0.970760509331938,0.7932934116184428,0.026076438186941,0.7680993685614169,0.7678298181520675,0.8030468377989078,0.8380874786116224,0.7894035549681989,0.4131913721199435,0.0643361673637752,0.3336940836940836,0.3915816326530612,0.3954430490144776,0.4154761904761904,0.5297619047619048,12.2,5.230678732248808,5,16,20,10,10
975,0.364663381306898,0.1479752066395136,0.303057791576499,0.180581571090789,0.2732156678324654,0.5907166784717923,0.4757451975629443,0.9008679130247316,0.0853432741905056,0.95096234367032,0.970685187524268,0.9645051385399516,0.7453021199023867,0.8728847754867312,0.8378974200402773,0.1105803211289628,0.8936035525321238,0.9263038548752835,0.9255668934240364,0.6334802102659248,0.8105325891040177,0.836789236009795,0.0946105945447417,0.8714639213952056,0.9531154354958248,0.8932458083418318,0.6815092626463728,0.7846117521697402,0.8571392035511943,0.0849148325699762,0.8897472671682972,0.9591977301592058,0.9095113906336136,0.7170429043218228,0.810196725473032,0.5335426330594399,0.1530478986588415,0.5698979591836737,0.7374622071050643,0.6255763416477702,0.29483254063086,0.4399441167298311,0.7708076915570669,0.0869157161721082,0.7460927239486149,0.93915698996612,0.7534751657928739,0.6911809997899192,0.7241325782878059,0.7457117914850047,0.0242130052476053,0.7416967908493758,0.703905313611881,0.7500042115508412,0.7545036418971156,0.7784489995158099,0.36859410430839,0.0444756415567274,0.4345521541950113,0.3214569160997732,0.3953798185941043,0.3737244897959183,0.3178571428571428,0.9303958581446392,0.0181926321575527,0.929206189350508,0.9332381098109996,0.9094467556625028,0.9174573642165896,0.9626308716825956,0.8143748906031127,0.0197332231993518,0.8198314603032575,0.802622225074953,0.7986666243145363,0.7999777056910152,0.8507764376318022,0.5168197278911565,0.0468145847960103,0.6083333333333334,0.5047619047619047,0.4754251700680272,0.4979591836734694,0.4976190476190476,0.7795760657106128,0.0823238720457751,0.7555466847760337,0.8986488005944661,0.7503761053085327,0.6569045547928128,0.8364041830812182,0.741209965949726,0.028147845711893,0.7206497179735984,0.7077020370046847,0.7613044099238033,0.784984021976017,0.7314096428705261,0.3065898783755926,0.0743858169104038,0.2980725623582766,0.2987090290661718,0.4107142857142857,0.3428571428571428,0.1825963718820862,0.920214499452334,0.0234246050305338,0.913927866595405,0.9170111885013362,0.8838781646339334,0.930411025300188,0.9558442522308068,0.7979540426271974,0.0243562000765258,0.7846184019987102,0.7771792529437469,0.8132851541392406,0.8385311740791265,0.7761562299751626,0.4386641929499072,0.0482123469736666,0.3639455782312925,0.4724489795918368,0.4069264069264069,0.45,0.5,9.4,5.314132102234569,11,17,12,2,5
1000,0.3980618698256357,0.0968267367736836,0.4109434591872351,0.2400167286396026,0.530912981856437,0.359453892423993,0.4489822870209103,0.9084223224120382,0.0511071183159411,0.9067686167296184,0.985765934792252,0.8370206139971033,0.9376431743104656,0.8749132722307519,0.8233927712499142,0.069246482007097,0.7852891156462585,0.9436602418745278,0.7385109599395315,0.8453746650175221,0.8041288737717309,0.8364458086021788,0.0679973906982054,0.8519390208101211,0.9341419718339956,0.7327820287520348,0.8673347852063854,0.7960312364083579,0.8483372248127095,0.0608847378347331,0.8518353631158068,0.939608063488958,0.7559516219042031,0.8759050030106581,0.8183860725439226,0.5128837828837829,0.1261642925988274,0.4869820655534941,0.7152777777777778,0.3557327593041878,0.5840507376221661,0.4223755741612884,0.7463264290775572,0.0448906703370792,0.7030864868845258,0.7866643454347338,0.6849302904946464,0.7592088494982038,0.797742173075676,0.7474615485473908,0.0229530290069345,0.7680467394594404,0.7089846846393704,0.7403086423160865,0.7464707145399966,0.7734969617820603,0.3488492063492064,0.0610836295323379,0.4353458049886621,0.3210600907029479,0.2931972789115646,0.4077380952380953,0.2869047619047619,0.9345772133761564,0.0247525121040566,0.9156476488774626,0.941875159577023,0.9459872667015524,0.8991800250386294,0.9701959666861144,0.8131775577243469,0.0214817657001989,0.8113545222603774,0.8038443989742002,0.7956382278562211,0.8001615176353477,0.8548891218955875,0.5289569160997731,0.0284640603548827,0.5493480725623583,0.5410714285714285,0.4806122448979591,0.5142290249433106,0.5595238095238095,0.7595167670931136,0.0730696781229206,0.7766802034207753,0.8056501235280719,0.6747812330722809,0.678412669471332,0.8620596059731075,0.7263103405346042,0.028925496104704,0.7044652845882823,0.6978730963891062,0.7118041982719842,0.7758559320058703,0.7415531914177784,0.2957436611008039,0.0867052496538177,0.316609977324263,0.2095006184291898,0.3535714285714286,0.4142857142857143,0.184750566893424,0.9110908698248488,0.029998729528821,0.8853854462827984,0.8946104925907882,0.8876440791465422,0.9231264448013218,0.9646878863027932,0.7886871468929149,0.0359681238032197,0.7734334132966546,0.7413682221285837,0.8068258637985758,0.8475140342588182,0.7742942009819418,0.4167268445839874,0.0728567364757434,0.3558215593929879,0.3166666666666667,0.4633568812140241,0.51921768707483,0.4285714285714285,7.8,3.0594117081556713,7,13,4,9,6
