lags,train_bce_mean,train_bce_std,train_bce_fold_1,train_bce_fold_2,train_bce_fold_3,train_bce_fold_4,train_bce_fold_5,train_roc_auc_mean,train_roc_auc_std,train_roc_auc_fold_1,train_roc_auc_fold_2,train_roc_auc_fold_3,train_roc_auc_fold_4,train_roc_auc_fold_5,train_sensitivity_mean,train_sensitivity_std,train_sensitivity_fold_1,train_sensitivity_fold_2,train_sensitivity_fold_3,train_sensitivity_fold_4,train_sensitivity_fold_5,train_specificity_mean,train_specificity_std,train_specificity_fold_1,train_specificity_fold_2,train_specificity_fold_3,train_specificity_fold_4,train_specificity_fold_5,train_f1_mean,train_f1_std,train_f1_fold_1,train_f1_fold_2,train_f1_fold_3,train_f1_fold_4,train_f1_fold_5,train_precision_mean,train_precision_std,train_precision_fold_1,train_precision_fold_2,train_precision_fold_3,train_precision_fold_4,train_precision_fold_5,val_bce_mean,val_bce_std,val_bce_fold_1,val_bce_fold_2,val_bce_fold_3,val_bce_fold_4,val_bce_fold_5,val_roc_auc_mean,val_roc_auc_std,val_roc_auc_fold_1,val_roc_auc_fold_2,val_roc_auc_fold_3,val_roc_auc_fold_4,val_roc_auc_fold_5,val_sensitivity_mean,val_sensitivity_std,val_sensitivity_fold_1,val_sensitivity_fold_2,val_sensitivity_fold_3,val_sensitivity_fold_4,val_sensitivity_fold_5,val_specificity_mean,val_specificity_std,val_specificity_fold_1,val_specificity_fold_2,val_specificity_fold_3,val_specificity_fold_4,val_specificity_fold_5,val_f1_mean,val_f1_std,val_f1_fold_1,val_f1_fold_2,val_f1_fold_3,val_f1_fold_4,val_f1_fold_5,val_precision_mean,val_precision_std,val_precision_fold_1,val_precision_fold_2,val_precision_fold_3,val_precision_fold_4,val_precision_fold_5,test_bce_mean,test_bce_std,test_bce_fold_1,test_bce_fold_2,test_bce_fold_3,test_bce_fold_4,test_bce_fold_5,test_roc_auc_mean,test_roc_auc_std,test_roc_auc_fold_1,test_roc_auc_fold_2,test_roc_auc_fold_3,test_roc_auc_fold_4,test_roc_auc_fold_5,test_sensitivity_mean,test_sensitivity_std,test_sensitivity_fold_1,test_sensitivity_fold_2,test_sensitivity_fold_3,test_sensitivity_fold_4,test_sensitivity_fold_5,test_specificity_mean,test_specificity_std,test_specificity_fold_1,test_specificity_fold_2,test_specificity_fold_3,test_specificity_fold_4,test_specificity_fold_5,test_f1_mean,test_f1_std,test_f1_fold_1,test_f1_fold_2,test_f1_fold_3,test_f1_fold_4,test_f1_fold_5,test_precision_mean,test_precision_std,test_precision_fold_1,test_precision_fold_2,test_precision_fold_3,test_precision_fold_4,test_precision_fold_5,num_epochs_mean,num_epochs_std,num_epochs_fold_1,num_epochs_fold_2,num_epochs_fold_3,num_epochs_fold_4,num_epochs_fold_5
-1000,0.6673295076936483,0.0238879574924342,0.6278324611485004,0.6528431959450245,0.6916072741150856,0.6770499739795923,0.6873146332800388,0.6189128947664237,0.0601504451095291,0.7114278422852686,0.6611091212323358,0.5486805268375283,0.6059023693955581,0.5674446140814275,0.6035624839738827,0.0519673966563189,0.6702099630692602,0.6149072176349043,0.6422270064327793,0.5630262479424022,0.5274419847900673,0.5562852955867661,0.0933249279225978,0.6504442172410924,0.5905801663614165,0.3769031800511581,0.5856788177100676,0.5778200965700965,0.585167004129193,0.0488775878368415,0.6634868148890073,0.6112679919995575,0.521005826868847,0.5751060418050398,0.5549683450835132,0.694425646701358,0.0375791901049594,0.7485095523456592,0.7126683897243109,0.6341602315440121,0.6954112319461585,0.681378827946649,0.6955937472256747,0.0086405598018606,0.7124818834391508,0.6909489143978466,0.6929777264595032,0.6881987398320978,0.6933614719997753,0.5222942292761543,0.0273371865730472,0.4966696115241358,0.5404078564965931,0.5280144659447802,0.5600512381261044,0.4863279742891584,0.4218682388388026,0.1786191885393547,0.7313883020222733,0.4797568889814878,0.2483427668588096,0.4006361359970986,0.2492171003343435,0.6245166598107774,0.1674389232512416,0.3167344093814682,0.6037048290390536,0.7889523578026251,0.6591467578767044,0.7540449449540357,0.4553392787971015,0.0658627249383149,0.5279448795171505,0.5085348524058201,0.3501210199302447,0.4789995527641899,0.4110960893681025,0.6032360622160302,0.030634619169018,0.5867281060478481,0.6396229374490244,0.5614616755793227,0.6377536604809332,0.5906139315230224,0.692621182311665,0.0076703453719044,0.6854101852937178,0.6857077045874163,0.6929170976985585,0.706559500911019,0.692511423067613,0.550042824813171,0.0384293214079917,0.5644548764530684,0.5795727338800535,0.5529910332117535,0.4756256643497619,0.5775698161712182,0.3430679292942536,0.2157617236593341,0.5147665824340466,0.4767127590046678,0.0268914711019974,0.1418470418470418,0.5551217920835146,0.7052711281588286,0.175723868538073,0.5607945975593034,0.668034238488784,0.9595677050222504,0.8490259740259741,0.4889331256978316,0.4361051669511057,0.1138448726718179,0.5646230100336959,0.5370391605393716,0.2674472193140031,0.3432369636708942,0.4681794811975638,0.5912890753272121,0.1099905566125627,0.6868092691622102,0.6955935478662751,0.3939393939393939,0.5623376623376622,0.6177655033305188,8.4,6.681317235396026,21,9,3,6,3
-975,0.6420613812282682,0.0466576849275815,0.660804146900773,0.5503342086449265,0.661317327991128,0.6565690916031599,0.6812821310013533,0.6640370423073698,0.0693102736405969,0.6371234907132912,0.7950289088726262,0.6438833402628706,0.6553051418110829,0.5888443298769781,0.6301096118015288,0.0610919327519427,0.6028323470911745,0.7226036751358024,0.5745468678126906,0.6810862645134377,0.5694789044545385,0.6089851549594197,0.0497459274923226,0.6058258400472507,0.7033703301396316,0.5966806630869131,0.5792469249500499,0.5598020165732531,0.6214064507267439,0.0480977459608542,0.6032593972622614,0.7050620111418947,0.5876686220410601,0.6415521288684386,0.5694900943200648,0.7188720434783227,0.0337978899063419,0.7003565191258692,0.7786359961149532,0.7025082851659865,0.7311231909108263,0.6817362260739778,0.7013541189107027,0.0171431318097478,0.6901707324114713,0.7348220944404602,0.6922302462837913,0.6895577257329767,0.6999897956848145,0.5366993105011536,0.0304744604983834,0.5518055098554853,0.5628764849603752,0.5245790421885007,0.5618536214416896,0.4823818940597169,0.4709425796530386,0.16443851261566,0.5523484158053537,0.1481173461119985,0.6087408654922023,0.5229041754442824,0.5226020954113564,0.5382952727605134,0.1739531046977121,0.4893678217207629,0.8704279232354097,0.3743031923513207,0.5266112230015974,0.4307662034934761,0.4791706513426585,0.0576501162462621,0.5190092858200992,0.3687718096913324,0.4881953089999714,0.5307699179830809,0.4891069342188088,0.5731921314820028,0.0376488847629394,0.5848673988699564,0.5035353535353535,0.5691859797122955,0.6131728877183422,0.5951990375740667,0.704040382125161,0.0193644289751432,0.6890499971129678,0.7401384602893483,0.6951948458498175,0.7077505155043169,0.6880680918693542,0.5422858213268416,0.033034584140515,0.5673196879778278,0.5671708771018887,0.5068778429622258,0.4972715782249539,0.5727891203673113,0.4059702422515109,0.2244206757145725,0.293532022204271,0.140109820428351,0.4484726278506183,0.3390140904846787,0.808722650289636,0.6107884139033871,0.2124770074308674,0.7547464790111849,0.8892857142857143,0.5122057309891535,0.6295208579299488,0.2681832873009344,0.4562534584079776,0.0584542339112322,0.4539651177812713,0.3586772648300136,0.4905032326590238,0.4430584370527741,0.5350632397168051,0.6293714162435305,0.0678821130247219,0.659505772005772,0.7477272727272727,0.5601287675485537,0.5800243217707332,0.5994709471653216,13.2,8.704022058795578,12,30,10,9,5
-950,0.6031431380659342,0.0644001111576987,0.6815964262932539,0.4951248355209827,0.6509510315954685,0.609220439568162,0.5788229573518038,0.7166174253248097,0.0867352681506892,0.5901312039790845,0.8463582968826587,0.6635468428303788,0.7224692181607858,0.7605815647711401,0.6597262947013608,0.0877866850630198,0.5267571594852142,0.7855299884755923,0.604402324311685,0.6885271216111609,0.6934148796231514,0.6532860605865154,0.0526673218556999,0.5726629273504272,0.7319354507882468,0.6304216463683376,0.6524354500687223,0.6789748283568428,0.6583560848829813,0.0710662879024686,0.5497155975633541,0.7609117119148261,0.6172115367382739,0.6741129297288794,0.6898286484695727,0.7509140266630234,0.05546557763195,0.6579675719393697,0.8218395307467693,0.7269403594771241,0.7675792039368797,0.7802434672149744,0.7024172284386374,0.0094897588270641,0.6921466209671714,0.7039029923352328,0.706281613219868,0.6923166892745278,0.7174382263963873,0.5547475071844519,0.0244246284196109,0.5663184537555668,0.5876219883614602,0.5323744270435445,0.5663392483370758,0.521083418424612,0.6078301612958793,0.2301638575634863,0.9051477695616452,0.7279191842026068,0.2187883417829941,0.6654184125440811,0.521877098388069,0.4770946893273097,0.2287983976870291,0.1881390668155374,0.3705972058244786,0.8769416857652153,0.4156558904553557,0.5341395977759613,0.5172323896648081,0.0447145516479792,0.5144219354834421,0.548390132640995,0.433643936237309,0.5607499742761527,0.5289559696861414,0.6419590647961039,0.0387048244142411,0.5970088245088245,0.6123663030632339,0.709366391184573,0.6490521637101992,0.6420016415136889,0.7137406370856546,0.0276039209933857,0.6885001930323514,0.7654526883905585,0.7147343917326494,0.7077702175487172,0.6922456947239962,0.5542730437611939,0.0244185767415601,0.5634368752519913,0.5809980962156692,0.5234446713915208,0.5270452447507928,0.5764403311959954,0.54456057459389,0.216497756388805,0.6541906936763395,0.726348024537399,0.1259415411807756,0.5535767337237926,0.6627458798511431,0.536811486196513,0.2038777427850702,0.4486320052496523,0.3541896235078053,0.9345231417423931,0.4887937819756001,0.4579188785071139,0.5311668951453552,0.0844420175318571,0.5935069465227133,0.5819990467087209,0.3694952391569417,0.5248530881450699,0.5859801551933301,0.6702195606947978,0.0267972514550011,0.6861590696884815,0.6539266094529252,0.712121212121212,0.6344111622186489,0.6644797499927212,21.8,12.687001221722964,8,44,12,19,26
-925,0.6562760274857282,0.0252141495326431,0.6612392440438271,0.6221001129597425,0.6350799798965454,0.669940322637558,0.6930204778909683,0.6371765664977773,0.0618170466467849,0.6408980809771969,0.7067250166341881,0.6913605720039365,0.6134354288808261,0.5334637339927393,0.5970026204350768,0.0459493136700445,0.6141635710084736,0.6099978392142126,0.6580067148752053,0.5847145807845535,0.5181303962929392,0.6126741079321866,0.0607565582377909,0.5981389713442733,0.6910546856609163,0.6687893269924522,0.5823401424963924,0.5230474131668984,0.6042280548618747,0.0526664584447706,0.6148331261728347,0.6421312328618975,0.665005103799326,0.5860146035149344,0.513156207960381,0.7109323338415073,0.0443158552600014,0.7056750597506207,0.7524118687201601,0.7614655675099756,0.6971723074773093,0.6379368657494711,0.6925913539799776,0.002260413740809,0.693781543861736,0.6949636556885459,0.6927357424389232,0.6883283853530884,0.693147442557595,0.5496842646020086,0.020749368865143,0.5684327899638905,0.559678394429397,0.5525928570463999,0.5582710460217145,0.5094462355486413,0.7280208065537365,0.2064304443172466,0.8654263931177806,0.7889545763208865,0.5471845074117802,0.4385385559182351,1.0,0.3400806457357259,0.2291725640105754,0.244155109596286,0.2846271153089335,0.5024368011667476,0.6691842026066626,0.0,0.5105931799280206,0.0274276017885883,0.5193408193322336,0.5216987396721854,0.5161515384258165,0.5379357660328373,0.4578390361770301,0.6130601979852026,0.0227372086699566,0.6003914307768062,0.604039362094799,0.5978983735562683,0.658264031290347,0.6047077922077922,0.6950240243564952,0.0041932239295173,0.6890078783035278,0.6960284764116461,0.6950430978428234,0.7018935030156915,0.6931471662087874,0.552398951742911,0.0232816270175233,0.5745740535182242,0.5626430281134492,0.5444115285123763,0.5105921948669275,0.5697739537035775,0.6041209672299932,0.2540433916509473,0.5941562584146316,0.7418212248368026,0.4123966424325276,0.2722307104660046,1.0,0.4445943450488904,0.2569232572541653,0.58639301874596,0.3264118457300275,0.5854472621852301,0.724719598583235,0.0,0.5003327487943465,0.073270590935808,0.6033807410641544,0.5639730741823082,0.4886853342584981,0.4259279567372672,0.4196966377295049,0.621498454662003,0.0570744952581251,0.7231104011852675,0.6444440321869072,0.5789026629935722,0.5919792328883239,0.5690559440559441,9.0,4.979959839195493,10,14,14,6,1
-900,0.6315534505993128,0.0381519616258339,0.607246333733201,0.5810945965349674,0.6589442826807499,0.6889194212853909,0.6215626187622547,0.6820908635469587,0.0787184872337523,0.7278597448218265,0.7721156721335904,0.6433044956979145,0.5482228308312642,0.7189515742501982,0.6299669092939952,0.0648641192921531,0.6892567268949101,0.6907291590220085,0.603276945337178,0.5171086672568619,0.6494630479590181,0.6251867868167695,0.0515475011828247,0.6689639081195293,0.6894174956396804,0.5828328457694267,0.5517727064602064,0.6329469780950044,0.6308204378182022,0.0543486241203755,0.6811547822988137,0.6846844757108766,0.6102733228527918,0.536970614050318,0.6410189941782107,0.734529772316392,0.0380285717656292,0.7667101427393129,0.7760792721693941,0.723125055521534,0.668750406075048,0.737983985076671,0.6981241778893904,0.0061680962388901,0.7066466970877214,0.6949244304136797,0.692088479345495,0.6925362511114641,0.7044250314885919,0.546395732109055,0.0108611486547955,0.5348793544844858,0.5591855337176194,0.5556039530137125,0.5499268250688705,0.532382994260587,0.6123984875263343,0.204548086593912,0.7514673391467649,0.5972235726246422,0.2901106172496547,0.8933640260511918,0.5298268825594172,0.4556972543202489,0.2219711166947478,0.2854684531155119,0.4859651711924438,0.7997282797416488,0.1570887445887445,0.5502356229628957,0.5138158300779407,0.0195092407692855,0.525517703481319,0.5230369397526103,0.4822536935909677,0.5014107711029717,0.536860042461835,0.6204967567436976,0.0308371001885634,0.5812356484095614,0.6277531375574459,0.6509906759906761,0.5878641116097589,0.6546402101510461,0.692605832490054,0.006447163698187,0.6823034990917553,0.702623112635179,0.6917807784947482,0.6930047761310231,0.6933169960975647,0.5514124723614244,0.0312648137813437,0.5978116345612815,0.5540587411527672,0.5520092662013223,0.4992506713429173,0.5539320485488337,0.5582153632639015,0.1592812418803086,0.5994645359956365,0.5976652297042904,0.2468089645601607,0.6755559799677445,0.6715821060916755,0.5237624214763252,0.1929654102275023,0.5634206479794716,0.4866817525908434,0.8636722012390462,0.2852764659582841,0.4197610396139808,0.5396476340292953,0.0525027782700785,0.60714583758964,0.560713761390954,0.4619275234058749,0.4975942171040028,0.5708568306560049,0.6646736233867377,0.0463042786879717,0.7186409143909848,0.6593521155018481,0.7065934065934065,0.5883963644781202,0.6503853159693295,14.2,7.678541528180987,25,20,10,3,13
-875,0.6516701465472579,0.0264799005306709,0.6609732378274202,0.6577220764011145,0.6897661574184895,0.6408024337142706,0.6090868273749948,0.642769093386615,0.0632087523086578,0.6322055380506919,0.647567494200082,0.5340233337111281,0.6730050805818169,0.7270440203893562,0.6077862882532085,0.0565036109299621,0.6193784810813411,0.5956071949162267,0.5092427011357049,0.634369847608507,0.6803332165242627,0.6006406084240836,0.0488047695619112,0.5842604010572761,0.6032367270188962,0.52233367123073,0.6215651969558219,0.671807045857694,0.6110097014468081,0.0506406748213874,0.605764873988156,0.6028753199711309,0.5263020603363286,0.6407812062690036,0.6793250466694216,0.7136922818484835,0.0511904599632468,0.7003390498444195,0.7085062445187251,0.6280992740382254,0.7571217656719786,0.7743950751690691,0.6929776137525385,0.0043052352359923,0.6908736662431196,0.6875547549941323,0.6914962855252352,0.6946467486294833,0.700316613370722,0.5570885721010423,0.0064760200390759,0.5617874254121351,0.5669591734765531,0.5548709256429846,0.5530321779193771,0.5487931580541622,0.6436085905512232,0.1369379279221664,0.7756031780553312,0.5764328734248519,0.7640089782469462,0.4092677153506031,0.6927302076783838,0.4438615766289563,0.147327482393832,0.3066779625603155,0.5367728082968726,0.3259838646202282,0.6893045234622774,0.3605687242050878,0.5361218790206993,0.0102023048816108,0.5321896473470998,0.5474931751964079,0.5210554890957613,0.5322030728536439,0.5476680106105839,0.6340176439897266,0.0329043702253895,0.5945140055026857,0.639413924672861,0.6128232085916847,0.6920451956337123,0.631291885547689,0.6919793074781244,0.0097455135549439,0.6847006786953319,0.6823831850832159,0.6892148960720409,0.7098400592803955,0.6937577182596381,0.5698346047442956,0.0187181570330333,0.5908017107159055,0.5851685414928339,0.5781102261904137,0.5448010531692015,0.5502914921531231,0.5147380326225088,0.1676444080997186,0.5451417628092269,0.558503215635278,0.5084131126714859,0.220679483914778,0.7409525880817747,0.5457889748397771,0.1530158293827138,0.6008315214197567,0.5302817132362588,0.5616678330582073,0.754737308146399,0.281426498338263,0.5169526419521242,0.0710099267352755,0.5821813688958012,0.5457298766846678,0.5457814744775199,0.3788741807472113,0.532196308955421,0.6254062245381522,0.0628075214311874,0.7195587241041786,0.6704859468017363,0.6183286269973576,0.5546100957865664,0.5640477290009223,9.6,3.6110940170535577,10,8,4,11,15
-850,0.6431205317378044,0.0510420349672869,0.6887974515557289,0.5705017652362585,0.5931840445846319,0.6919949408620596,0.6711244564503431,0.6433777297229997,0.0981713225685731,0.5490110609260337,0.766960514005996,0.7435857883750011,0.5257822488574355,0.6315490364505315,0.6003412421878948,0.0868442058032746,0.5358217931362976,0.7065206931079588,0.7031111117255787,0.5028171644368518,0.5534354485327868,0.6168477704732058,0.0624270457687423,0.5628072151715243,0.6939096799850475,0.6785561660561661,0.5343003784410034,0.6146654127122877,0.6089779820844244,0.0751485738638363,0.5560723537280212,0.6983535953489991,0.6960493070046657,0.5137641532014433,0.5806505011389926,0.7152158193339755,0.0576298627340681,0.6577525798343814,0.7794999498893761,0.7848737505023786,0.6505680803722791,0.703384736071462,0.6954805244099009,0.0064454513163027,0.6897589618509467,0.7076949206265536,0.6909821196035906,0.6931478435342963,0.695818776434118,0.558295969565717,0.0234724173623039,0.5912679604254065,0.5734415270929308,0.5590816069885255,0.5448410528123093,0.5228477005094132,0.6994790842751232,0.2049386234676542,0.8574718476632353,0.6737261846887516,0.4685986102429952,1.0,0.4975987787806337,0.3762665261060983,0.2277810904428352,0.2431619850737497,0.4670946477764659,0.6318465402690001,0.0,0.5392294574112756,0.5105666235801289,0.0452559746726484,0.5312432619399949,0.5442117238005294,0.5410957281312126,0.4225937484061015,0.5136886556228062,0.6134574782215962,0.0274440841226897,0.6013870352309088,0.6576026171778966,0.6190532120098683,0.573051948051948,0.6161925786373591,0.6953559669581326,0.0080040842658197,0.6883303197947416,0.7101796486160972,0.6964805722236633,0.6931478760459207,0.6886414181102406,0.5606714214718249,0.0149496815141477,0.5827186850861512,0.5739151595106243,0.551982985487946,0.5437198450316766,0.5510204322427268,0.6633617780262624,0.1854909136912939,0.5699925433418257,0.6346310281209141,0.4417412159876275,1.0,0.6704441026809448,0.3930230687316248,0.212209870537235,0.5636657460186872,0.4177390791027154,0.5953748346128025,0.0,0.3883356839239191,0.5283217921549761,0.0429280830084714,0.5794575979295387,0.5481389517689294,0.5075520716277329,0.4557120111775833,0.5507483282710967,0.6401416989176677,0.0411568382367791,0.7063705901941196,0.652155945486254,0.6489327665798255,0.6027097902097902,0.5905394021183494,10.6,8.404760555780276,5,23,18,1,6
-825,0.6620386425405741,0.0200071610198387,0.6950725670903921,0.6633660644292831,0.6506595816463232,0.666592039167881,0.6345029603689909,0.6259411719452317,0.0554508669676369,0.5213126759769791,0.6314005635524313,0.6613710827743152,0.6342476074780141,0.6813739299444181,0.5907255649548555,0.0363902019237705,0.5284710035295535,0.5825272216533447,0.6267995566968555,0.5880894947215068,0.6277405481730173,0.5802628504053138,0.0464954109255572,0.4911804341491842,0.5812507371101121,0.6229201354201355,0.5997761786824288,0.6061867666647079,0.5958904870649824,0.0388928312586366,0.5291597837051353,0.586434530031093,0.6307991638538278,0.5947314509538028,0.638327506781053,0.7003961033752539,0.0412627391479928,0.6250068235374446,0.6938913303597417,0.7282226427253518,0.710827927662293,0.7440317925914388,0.6902663241733205,0.0028892450832188,0.6897866021503102,0.6871572732925415,0.6895959377288818,0.6890550418333574,0.6957367658615112,0.5668905640203549,0.0185277846685655,0.5934193584779357,0.5779764798481376,0.5710208282693242,0.5468363145878187,0.5451998389185579,0.5742635204947825,0.1688322282798727,0.8603414528055676,0.4702191896042164,0.3563275034531719,0.5629299102561134,0.6214995463548431,0.5261534885197986,0.1839577351988902,0.232266263148616,0.6478809292311966,0.7761893187026877,0.5223204157696135,0.4521105157468794,0.5333547364307307,0.0140868508618549,0.5238936816434242,0.5263171059106603,0.5163180321303913,0.550668583002598,0.5495762794665798,0.6371323259117346,0.02331167565536,0.6006241551597283,0.6547721974994704,0.6678274933622527,0.6256949078589394,0.6367428756782825,0.6891763427040793,0.0032642689630761,0.6889369487762451,0.6841172575950623,0.6875575509938326,0.6918998577378013,0.6933700984174554,0.5631000945333333,0.0250363007262013,0.5878843640997794,0.5709739282585713,0.5856852871061374,0.5209556592953986,0.5500012339067802,0.4814983194354455,0.1783669604916448,0.6085308484710399,0.4371476456195126,0.2617919281675263,0.3459139716492658,0.7541072032698828,0.6111275192424925,0.1696099463220303,0.5426700750230162,0.635061655516201,0.8572353671284152,0.6801751279024006,0.3404953706424294,0.5196069184679006,0.0549453303626754,0.6045703102270296,0.4906063409405655,0.4724985494883876,0.4663087628707665,0.5640506288127541,0.6537003720810364,0.0437577216696741,0.7112252556525003,0.6573321216263801,0.6906066156066156,0.6110389610389612,0.5982989064807248,6.6,2.1540659228538015,4,6,8,5,10
-800,0.6769764926284552,0.0084821889862218,0.6889153234660625,0.673031385987997,0.6640722770243883,0.6760359425097704,0.6828275341540575,0.5959200872399074,0.0273406821914283,0.5492776448897402,0.6144061909944795,0.6274265792773666,0.6047816192832189,0.5837084017547319,0.5563456766170687,0.0274045479183301,0.5313044044133672,0.5431173785477024,0.6095492418567003,0.5465482722369164,0.5512090860306571,0.5677061072097838,0.0318958424390303,0.5084281756846094,0.5978412799414639,0.5787371482683983,0.590528247283762,0.562995684870685,0.5678898169924593,0.022233640623549,0.5327535929947975,0.5704209845532416,0.6023184026991988,0.5716536639531238,0.5623024407619349,0.6773527623715443,0.0295067823154913,0.6212837205105153,0.6863926259606405,0.7061131215651825,0.6946652306027306,0.6783091132186528,0.6930115710605275,0.0050860485666072,0.6879899772730741,0.6924370473081415,0.6880732287060131,0.7017370028929277,0.694820599122481,0.5612840968204336,0.0348337030278234,0.6046176951195598,0.5720343474855507,0.5813693357852783,0.5456427577918218,0.5027563479199574,0.4490501208457865,0.3425946568876397,0.6495607993813736,0.1140471753439667,0.465305846856649,0.0460159270319698,0.9703208556149732,0.6223391225530264,0.343107628180558,0.4804665922312982,0.909439891659143,0.682395189480751,1.0,0.0393939393939394,0.4420020379106781,0.0892822768294047,0.5287591282772591,0.3580384701871603,0.5269315084655994,0.3138218760917911,0.4824592065315811,0.6258881115868633,0.0459775324570109,0.6422692355178986,0.6590909090909091,0.6748799685163323,0.5454545454545454,0.6077458993546313,0.6932883956215597,0.0087941117411468,0.6884502497586337,0.6882439038970254,0.6852045601064508,0.7097242149439725,0.6948190494017168,0.5692229624021163,0.0236800869516744,0.5799717524220962,0.5792682123678913,0.5995536728844848,0.5302354800391231,0.5570856942969858,0.3289658158716456,0.338638908854211,0.2455435593115018,0.1309148171186069,0.2659453040314284,0.0196067821067821,0.9828186167899088,0.7140793075017674,0.3469961751441662,0.7901676754617931,0.9359848484848484,0.8374640288410341,0.974025974025974,0.0327540106951871,0.3870622922456877,0.0806804695251861,0.4166799698372527,0.350082703150851,0.4718855441629804,0.2480647773608657,0.4485984667164885,0.6334916159109707,0.1612402150257944,0.7261363636363636,0.8441558441558442,0.6594738594738594,0.3636363636363636,0.5740556486524229,4.8,1.16619037896906,4,5,7,4,4
-775,0.6191623812541366,0.0580412822002415,0.6858409680426121,0.5193550921976566,0.5966916019096971,0.6608516182750463,0.6330726258456707,0.6908307506893009,0.0857246137616394,0.5616462736159801,0.8171676355061096,0.7366635281075861,0.6462145458968851,0.6924617703199436,0.6437444773865832,0.0562319212079591,0.5792585779177599,0.7454207645630199,0.6368435865175418,0.6085087222074449,0.6486907357271493,0.6456822672135656,0.0861590789713641,0.5079342829137238,0.7441552447756491,0.7278919533285342,0.6046525386163542,0.6437773164335664,0.6458074046751326,0.0623304057012132,0.5571999780145598,0.7425973025578005,0.6720921170401792,0.6071150442016604,0.6500325815614633,0.7466823057242467,0.057900420020709,0.6555404401669883,0.8215925547352118,0.7890737519704238,0.7148313351111824,0.752373446637427,0.6934451460838318,0.0121518681002352,0.6871809959411621,0.7155727527358315,0.6801820505749095,0.6882604902440851,0.6960294409231707,0.5760382753282164,0.0194245023684214,0.5848798637898518,0.5955164409083193,0.5936326295325293,0.547364147105123,0.5587982953052582,0.6309085614312673,0.050389471608533,0.7065668648204533,0.5819848600597264,0.6384052519079257,0.5694324837372966,0.6581533466309345,0.4948715203394348,0.0521783350192231,0.4428498788792906,0.5808785911058639,0.4932388244554019,0.5173177535477,0.4400725537089174,0.5531197905954484,0.0185921370813842,0.5550642359285254,0.5188718243025281,0.5751197773069303,0.5555740663756551,0.5609690490636031,0.6435796224789635,0.017446273578357,0.641336277319953,0.6722726137498864,0.6298526367068568,0.6226550031573954,0.6517815814607258,0.6958858901804144,0.0127409473966702,0.6846043196591464,0.7205846255475824,0.6891304091973738,0.6907478679310192,0.6943622285669501,0.5678590887697224,0.032492018536867,0.6223488374713821,0.5756283504763146,0.5709319440879038,0.5279270213595081,0.542459290453503,0.5195290942987378,0.1668100361876625,0.3496649509448553,0.5128174619949789,0.605623010694781,0.3425950683303625,0.7869449795287117,0.5152376070156819,0.1688534394348021,0.6957924428512664,0.4796504001049456,0.4826920628391216,0.6840958284140103,0.2339573008690655,0.5040026789014102,0.0326501685290979,0.4825756110588953,0.502992411855222,0.5559786834321282,0.4598032905638622,0.5186633975969429,0.6400273268694168,0.053182626927339,0.7357912586522212,0.6326867576867578,0.636218816630043,0.6234395729048136,0.5720002284732483,14.6,11.253443917308156,5,35,18,5,10
-750,0.6095778925344348,0.0616741871661696,0.6524757221341133,0.5671825632452965,0.63002167083323,0.6849639918655157,0.5132455145940185,0.7060335882500575,0.0871682689727833,0.6543484611511239,0.7765302739834034,0.6990229268535502,0.5771867680805133,0.8230795111816962,0.6415899773238747,0.0749135927418799,0.5807517820031072,0.701223278999982,0.6551042968371387,0.5340833591428389,0.7367871696363067,0.6528143579309409,0.0499866051431553,0.6363863133394383,0.6812146901301314,0.6382480800449553,0.5792738520885289,0.7289488540516501,0.6470503968471206,0.0623726146940778,0.6050617537551207,0.693181419266908,0.6508537655798212,0.5550020867667496,0.7311529588670032,0.7438025342642807,0.0489992343876964,0.7091490037310471,0.7689218467989272,0.7429158044906928,0.6778874380424789,0.8201385782582571,0.7044941436160694,0.0142122013907695,0.7256780375133861,0.7145860411904075,0.6871672543612394,0.6919599012895064,0.7030794837258079,0.5688832452135395,0.0115348074516001,0.5772092862564384,0.564733861003079,0.5869579098857174,0.5562635281385281,0.5592516407839344,0.3455176452700589,0.2120027283596991,0.0553112291748655,0.2577028883178616,0.2476702664536889,0.6541450602279479,0.5127587821759311,0.7323623019879705,0.1915755246633524,0.9886363636363636,0.7831273005069797,0.8558429983563673,0.4565577470657684,0.5776471003743731,0.4502451981358144,0.0793000297825468,0.3254844624179581,0.4074665262384787,0.4502502225727184,0.5314304454291121,0.5365943340208047,0.6351364512126022,0.0682196000393766,0.509090909090909,0.6665584415584416,0.7132034632034631,0.6343805881746558,0.6524488540355414,0.7090679363770919,0.0191069861365987,0.742468156597831,0.7184285521507263,0.6945370110598478,0.6924452890049327,0.6974606730721213,0.5689931522564461,0.0298067933512598,0.6080513834356475,0.5904453091947641,0.5772116166720198,0.5309467803994876,0.5383106715803117,0.2671982121554864,0.1925451228680601,0.0153679653679653,0.2836732950456503,0.1366607634789453,0.3128501400560224,0.587438896828849,0.7994996328686168,0.1643591383274111,0.9696969696969696,0.8136363636363636,0.9499629158720068,0.7487603305785124,0.5154415845592316,0.420527551791684,0.1139937627188467,0.224249732520737,0.464920537084673,0.3810571840873116,0.4681902920120969,0.5642200132536017,0.5648345328249634,0.2023033914026787,0.1818181818181818,0.770355402173584,0.6272727272727273,0.6732323232323232,0.571494029628001,17.0,12.976902558006667,9,24,10,3,39
-725,0.6454615926370024,0.0457239339990201,0.6434890422970057,0.5627490291371942,0.6924720052629709,0.6828523948788643,0.6457454916089773,0.6477561666492166,0.0846913838905526,0.675861863382662,0.7752603241755236,0.533459998088435,0.5776074674472574,0.6765911801522051,0.5992850501998122,0.0780831064056805,0.6323200729046906,0.7184798490767919,0.5003661382164336,0.5280192432595915,0.6172399475415529,0.6224730166687886,0.0477551263647764,0.6532705575674326,0.6767633255225166,0.5587398916443035,0.5716901001367913,0.6519012084728996,0.6119626699010092,0.060678104217453,0.640410040600268,0.6990505749456513,0.5336413954663881,0.5534248379466826,0.6332865005460556,0.7196750327845529,0.0483713779603824,0.7444642550002457,0.7808999210230345,0.6541725063614577,0.6717694396837685,0.7470690418542586,0.6983797626061874,0.0151138603556097,0.6886271400885149,0.6856276880611073,0.6915157708254728,0.6988155896013434,0.7273126244544983,0.5713673380534152,0.0178831472758734,0.5780061563130009,0.579393522216049,0.5961338159575124,0.5587135379289457,0.5445896578515675,0.6455192510526031,0.3402702853576537,0.5916849630964462,0.6650146422205245,0.936383024284094,0.9958677685950412,0.0386458570669097,0.4134740215221499,0.3538242748889707,0.5621802217390454,0.4618457300275482,0.046590909090909,0.0227272727272727,0.974025974025974,0.45032689698701,0.1051273206379337,0.561267697379082,0.5414563809586692,0.4389138598422344,0.4453890176674128,0.2646075290876516,0.5651705339793553,0.0862272449649047,0.641215789041876,0.6342666741860289,0.5696099722796052,0.5781628317918641,0.4025974025974026,0.6919149214571172,0.0114522500606766,0.6758977987549522,0.6855837648565118,0.6900981231169268,0.6983467015353116,0.7096482190218839,0.5870272884055208,0.0385851775717406,0.6258104548595796,0.6123735211311139,0.6158463438631606,0.5319720191795727,0.5491341029941771,0.6283210529352982,0.3315734319157082,0.4327723061096267,0.6893060248413655,0.9325352637792828,0.9911616161616162,0.0958300537845992,0.4644375974589879,0.3446281404868814,0.7502105737399855,0.4554227338318247,0.1402559784244276,0.0376623376623376,0.9386363636363636,0.5047699755254056,0.0791422831311705,0.556147631521532,0.5941348360021205,0.5238901548017675,0.4862720919464602,0.3634051633551475,0.6649408881118962,0.0590473450762332,0.7697259810896177,0.6889880047488743,0.6188493519416768,0.6107774664156757,0.6363636363636365,11.0,8.532291603080617,15,26,4,4,6
-700,0.6554322907701134,0.0446530903445251,0.6890008971095085,0.6944648455828428,0.6915990076959133,0.607970911078155,0.5941257923841476,0.6135626546786939,0.0968602583483632,0.5474706427134937,0.5223500509597863,0.5346712516438822,0.7244661518367411,0.7388551762395661,0.587648982765532,0.0736454518293583,0.5276812521087071,0.5066504370513574,0.5600560367091866,0.6403541316473849,0.703503056311024,0.5758696373554636,0.0773960614558596,0.5452338256106637,0.4838040045180137,0.5162312719261731,0.6537076230550496,0.6803714616674176,0.5832036202309512,0.081603600820494,0.5439449254102027,0.4663230838254972,0.556447849287671,0.656591896016133,0.6927103466152522,0.6898062707392996,0.0711989347639088,0.6404081219616726,0.5999861003011576,0.6616322909170722,0.7693348424397669,0.7776699980768285,0.6915222774852406,0.0024468287202488,0.6877064217220653,0.6932510354302146,0.69314720955762,0.6895581050352617,0.6939486156810414,0.5666593532276983,0.0148367552540476,0.5895662585823189,0.5656496267584168,0.549361096883657,0.5528469437017232,0.5758728402123756,0.8006829312595108,0.1810100130628796,0.6546995070320428,1.0,1.0,0.5495753948962506,0.7991397543692603,0.2677606974131039,0.2277419225253628,0.4656718281718282,0.0,0.0,0.5360172581429267,0.3371144007507644,0.5043241880301235,0.070308889085709,0.5271074715436068,0.4225937484061015,0.4225937484061015,0.5529512503429058,0.5963747214519016,0.6209221134265012,0.0392238469039312,0.6470560648501824,0.573051948051948,0.573051948051948,0.654322105788717,0.6571285003897106,0.6929729450832713,0.0041528475093585,0.6853618946942416,0.6932508674534884,0.6931472203948281,0.6976860436526212,0.6954186992211775,0.586893519465189,0.0167165599395674,0.6055279777904459,0.5985923806992853,0.5950989042928293,0.5748063076814747,0.5604420268619097,0.7143843856521875,0.3025957767263801,0.3279546835408079,1.0,1.0,0.3687399202105084,0.8752273245096213,0.3136929454977583,0.3359846945065961,0.7484344087285263,0.0,0.0,0.6929161747343565,0.1271141440259087,0.472672275418491,0.0125582000918007,0.4704188848882321,0.4747439724822719,0.4527286889440612,0.4732767928926575,0.4921930378852325,0.6336561711196176,0.0605417857015708,0.746243907607544,0.6145104895104896,0.597465034965035,0.6392019815932859,0.5708594419217334,7.8,7.359347797189639,4,1,1,14,19
-675,0.6481199838221073,0.0362576256554934,0.5828349208459258,0.6751300655305386,0.6468457886949182,0.647923331707716,0.6878658123314381,0.6542008629784386,0.0653941586523771,0.7571534337752381,0.6015193957879164,0.6580573139997147,0.6842669500561793,0.5700072212731441,0.6298357214139116,0.0528913828243018,0.7021934302680576,0.5669404648517754,0.5898568484454666,0.6820540745238931,0.6081337889803655,0.5891389135782519,0.0610206001888877,0.6726004897879897,0.5746389461233212,0.6301547257889171,0.5772296127075539,0.4910707934834772,0.6136624148338191,0.0496925722465353,0.6901179813913093,0.5882081614587974,0.6116209146936074,0.6374043220513415,0.5409606945740404,0.7206883341152078,0.0305051229295696,0.7726470770637845,0.6976494973411093,0.7246882524939802,0.7250185262718915,0.6834383174052745,0.6931951869617808,0.0056621287596072,0.6930447220802307,0.6910340785980225,0.6868903853676536,0.7037776871161028,0.691229061646895,0.5644786656828875,0.0118717759771636,0.578353161652706,0.5748436426912362,0.5681961662075298,0.5502309730710466,0.5507693847919193,0.4808909400702619,0.2737354259158608,0.6902562017992641,0.1372234568758633,0.6689828961887786,0.1574416819069225,0.750550463580481,0.6096641089154458,0.271362230668075,0.4545073390661626,0.9212809917355372,0.436069055721462,0.9474173553719006,0.2890458026821663,0.4896010792551074,0.0741242658247521,0.5650427049323329,0.3870015704652804,0.5334945537382837,0.4134569649913904,0.5490096021482496,0.6833173275697099,0.0767764089332756,0.6301989190147085,0.7681818181818181,0.6149058227472017,0.7856060606060605,0.6176940172987604,0.6922491290352563,0.0191138652169103,0.6739183230833574,0.6877069256522439,0.6813174431974237,0.728889367797158,0.6894135854460977,0.5922141200178777,0.0303619296417049,0.6324076674437411,0.5915453857462256,0.6194132725592495,0.5551489156268569,0.5625553587133151,0.4332331020688624,0.3088208262412302,0.5267503987240829,0.1185374353358543,0.4917908407382091,0.0947691197691197,0.934317715777046,0.6776139190577692,0.2980194980146717,0.6607084092378209,0.9306818181818184,0.7059406279994516,0.9600796930342383,0.1306590468355174,0.4685008694293249,0.121414684610451,0.601238258288922,0.3322253832352501,0.5869326153188381,0.3191545022176911,0.5029535880859233,0.6582140547293183,0.087465918408236,0.7581563415788015,0.6747835497835498,0.7399473001745729,0.5303030303030303,0.5878800518066369,10.2,8.059776671843954,26,5,8,8,4
-650,0.6179197238758206,0.0208174184082314,0.5783937396481633,0.6366184912621975,0.6220405055209994,0.6192606706172228,0.6332852123305202,0.7102345579486574,0.0276000252143605,0.7631892576086776,0.687760985268985,0.7071191342884491,0.7041477101856932,0.6889557023914817,0.6543778510004135,0.0274375520892734,0.6921481239516979,0.6426845595842834,0.6611145823229172,0.6664052724385963,0.6095367167045725,0.6341531298562549,0.0224686332366523,0.6680483910493104,0.6151144986925269,0.6534465078050606,0.6117165386696638,0.622439713064713,0.6488753437284885,0.0224314059748864,0.6847027808942053,0.6344815923610784,0.6561883578085604,0.6512110928954231,0.6177928946831756,0.7437802568464817,0.016068467696771,0.7697747041400295,0.7248402782664104,0.7528292429910564,0.7404719149422131,0.7309851438927001,0.6979319008913907,0.0073888779902914,0.7048465338620272,0.7004335739395835,0.6859657601876692,0.6931873614137823,0.7052262750538912,0.5553649302420014,0.0160730750694197,0.550816985385264,0.5620446250125395,0.5767699917432538,0.52792410955429,0.5592689395146596,0.5114555843770898,0.1245657485899162,0.4170291431056982,0.3545136236312707,0.541669174556875,0.5254192999513856,0.7186466806402194,0.5756412304273267,0.1432749269476645,0.7447809543397778,0.7223589022385813,0.5092952056855801,0.5430116674769082,0.358759422395786,0.5272754394150687,0.0366666109783722,0.5446897747477215,0.4588675102826222,0.5248814718613155,0.5415504635993275,0.5663879765843567,0.6422156992118943,0.0417348507810375,0.7150511030858624,0.6532384282384283,0.5968915005468621,0.6073638482729392,0.6385336159153795,0.6957479021765969,0.0060990716816955,0.6880800561471418,0.6926833553747698,0.6920583952556957,0.7026442018422213,0.7032735022631559,0.5735415415310849,0.0401658733619385,0.6345144339508256,0.6008390208550781,0.5512999487563677,0.5620800248474045,0.5189742792457488,0.4660404193587969,0.1824612743654167,0.3307627712532018,0.3512971076560939,0.4774011992791896,0.3547343179696121,0.8160067006358872,0.589386046217597,0.2244153384284301,0.8165971283618343,0.7119375573921028,0.5628876471122461,0.6848681621408894,0.1706397360809125,0.4900145359331812,0.02152136705588,0.4978390522845979,0.4737388988413826,0.5225082251593839,0.4600368546175651,0.4959496487629762,0.6725848806409283,0.0756674837258027,0.7940366229136283,0.7012987012987013,0.6412387921675846,0.6632312132312133,0.5631190735935138,15.0,6.099180272790763,27,11,14,12,11
-625,0.6753826227039099,0.0158942860565772,0.6639017127454281,0.6554041225463152,0.6946317385882139,0.6695062052458525,0.6934693343937397,0.5921479929258127,0.062875237727648,0.6399709672382248,0.6694857555851693,0.5059802599990598,0.6133528779271958,0.5319501038794135,0.5672810859880536,0.0486120831041044,0.5943599773442072,0.6385339761101136,0.4940758542642838,0.5675777237809266,0.5418578984407368,0.5587614053526883,0.0518245106387415,0.6173061313686314,0.6069607975229104,0.5049632250919015,0.5734123515373516,0.4911645212426463,0.5591254245392923,0.0568675981253791,0.6061029830538556,0.6272662649783565,0.4793268906081495,0.5755829435217787,0.5073480405343209,0.6676494910728632,0.0563230896394178,0.7061899615692186,0.7305031691475338,0.5696887917801596,0.6862220065151567,0.6456435263522472,0.6913670203902506,0.0027322052393351,0.6872779835354198,0.6941156170584939,0.6933494806289673,0.6889349113811146,0.6931571093472567,0.5544935042411026,0.0310081136268483,0.6013970074365779,0.5599972160007254,0.5380227293224453,0.5653374848562014,0.5077130835895627,0.8902402822808113,0.09739960415454,0.886334638248514,0.7887228858485543,1.0,0.7761438873069889,1.0,0.1518799515992029,0.1241607098132795,0.2423187107010636,0.2560661041276014,0.0,0.2610149431673496,0.0,0.4941444435530178,0.0460230032969486,0.5433904464971077,0.5257143210756955,0.4225937484061015,0.5211846656091543,0.4578390361770301,0.5922375451127943,0.0127658743669063,0.6080297308223485,0.5882718145563994,0.573051948051948,0.5871264399254831,0.6047077922077922,0.6881275632164695,0.0054643675721203,0.6815799962390553,0.6814278093251315,0.6933495835824446,0.691123599355871,0.6931568275798451,0.5667571228547954,0.0299366335705495,0.6117752463747738,0.592794347834055,0.5354639229117663,0.5450508052739003,0.548701291879482,0.7886701703848511,0.1809038791496665,0.6640073496413209,0.724431992224366,1.0,0.5549115100585689,1.0,0.2813916698274987,0.2324889498396737,0.517485700573936,0.4073888232979142,0.0,0.4820838252656435,0.0,0.5240150235280128,0.0776774738559194,0.6250827342604065,0.585903820316079,0.4527286889440612,0.5366632363900125,0.4196966377295049,0.637617210130671,0.05217166070223,0.7170534144218353,0.6689572906964211,0.597465034965035,0.6355543665141188,0.5690559440559441,4.0,2.6832815729997477,7,7,1,4,1
-600,0.6326819339767098,0.0313030649551594,0.6407884862273932,0.6438728794455528,0.6302205976098776,0.5765110021457076,0.672016704455018,0.6849979153129441,0.04729409053692,0.6809764155249812,0.6797826347524506,0.6954845257407923,0.7586344753152361,0.6101115252312603,0.6472883426828776,0.0408244431961922,0.627075667084669,0.6266914879510157,0.679557567850228,0.7082269248907699,0.5948900656377056,0.6203648281865195,0.0404762507666012,0.6058731301378361,0.6380621548590298,0.6182265651015652,0.6817314196220446,0.5579308712121213,0.638147345435807,0.0363347328897007,0.6230549784399791,0.6317056951920308,0.6535128011579474,0.6963527059475844,0.5861105464414934,0.7321967658942795,0.0302517808879179,0.7169783583289776,0.7304756564975703,0.7386447436829595,0.783511377844292,0.6913736931175979,0.6901044574650851,0.0071619717137602,0.6878270940347151,0.6895692077550021,0.6787345246835188,0.7004475485194813,0.6939439123327081,0.5727559355498639,0.0199645048781759,0.5887781838855315,0.5825572015996483,0.594858595986604,0.5475391930188054,0.5500465032587306,0.5275721830927782,0.1183959499126129,0.6869026906108245,0.4123421958315006,0.5341857266322507,0.3795486376368729,0.6248816647524417,0.5654997765158193,0.1230152890129021,0.4295911604735135,0.6916770840567632,0.5620986411093363,0.7155479547190778,0.4285840422204058,0.5301002066760969,0.0218296528811018,0.5484618943822817,0.4928081805028173,0.5367771515488758,0.5198689159305249,0.552584891015985,0.6338456755740741,0.0136389365283445,0.6157792329633028,0.6542029865559277,0.6239215361365656,0.6432149920786285,0.632109630135946,0.6923395742069591,0.0142948492572104,0.6762288104404103,0.6800999207930132,0.7018472172997214,0.7148839831352234,0.6886379393664274,0.5798898846991827,0.0243550526868876,0.6146096228270309,0.6035598183083871,0.5551675338901803,0.5663862471641549,0.55972620130616,0.4314324597664396,0.1627165460766946,0.4871803475631227,0.3742314910153785,0.3706837168679274,0.217198242933537,0.7078685004522326,0.6255421524405482,0.1900905255577085,0.6372967718555954,0.730876951331497,0.6620352909122963,0.8283156237701692,0.2691861243331832,0.4907352811969529,0.050852392171781,0.5594432671823392,0.4878697367320701,0.4868097074536421,0.4037921579824727,0.5157615366342405,0.6536227381168093,0.059036847712467,0.7183594183594184,0.6947718947718948,0.6220398288580107,0.6788600288600288,0.5540825197346937,13.4,7.812809993849844,12,9,13,28,5
-575,0.6246397664770484,0.0347346578074128,0.6473362594842911,0.5876726768910885,0.5943161798641086,0.6134932842105627,0.6803804319351912,0.6966350558183547,0.0629424007447474,0.6727362315895653,0.7567425917410859,0.744798881464643,0.7242540260413222,0.5846435482551574,0.6352672544900153,0.0350289149602489,0.6179772470475712,0.6733461504964651,0.6648431800299693,0.6435746601922442,0.5765950346838273,0.651053337787084,0.0497253178459533,0.6401562070969966,0.695835697696911,0.687155119186369,0.6730089304078274,0.5591107345473154,0.6448779035978756,0.0359463264217778,0.6363086064011071,0.678783353027069,0.6737850429798747,0.6560373857183306,0.5794751298629965,0.7442780222175057,0.0361128350359025,0.7164404385657774,0.7792175087393256,0.7762449242095625,0.7617565696150257,0.6877306699578373,0.6955380157990889,0.0067556487127791,0.6882644404064525,0.7051596316424283,0.7019071524793451,0.6897384090857073,0.6926204453815114,0.5572757467659759,0.017767292093459,0.5755043671762379,0.5507177810862637,0.5788113842300006,0.5309777251120834,0.5503674762252939,0.428617854735618,0.207314944123497,0.6046370229982669,0.6493345409789261,0.0836894537429296,0.4889730961255025,0.3164551598324649,0.6657567803557108,0.1845909885273507,0.5432503770739064,0.4770513577331758,0.9738636363636364,0.5559159200870432,0.7787026105207925,0.4883023374167594,0.0746523748106908,0.5615169436932415,0.5316945484924994,0.3482621950623924,0.5191999923212248,0.4808380075144393,0.6695685165926963,0.0959679343099355,0.6346132897603486,0.6312707406070914,0.8242424242424242,0.5390751733490264,0.7186409550045914,0.691975905678489,0.0172674600502311,0.6758741194551642,0.6797336556694724,0.7241264148191973,0.6945885203101418,0.6855568181384694,0.5811212496145033,0.0426399816839333,0.6312028511508326,0.6293405886429311,0.5251628559983735,0.5492312713652955,0.5706686809150837,0.4086824954578537,0.2069232062867673,0.4101421252856659,0.6985685482721056,0.0719383686488949,0.3429993209404974,0.5197641141421045,0.6878027483508766,0.1586536431723944,0.7205759926348162,0.4817427521972977,0.9625980080525536,0.6658205430932703,0.6082764457764458,0.4915288611057284,0.1006573253744238,0.5266011023671611,0.6061178020401138,0.3167248293513067,0.4520125363342249,0.5561880354358354,0.641804959337623,0.0807988883707463,0.7370263070263071,0.6941348145474939,0.5,0.62006882006882,0.6577948550454943,14.8,5.775811631277461,16,21,18,15,4
-550,0.6456824274733662,0.0337451821208383,0.6681330315768719,0.5906043108552694,0.6443256288766861,0.6907526031136513,0.6345965629443526,0.6554489179888303,0.0689881431447684,0.6264727729409398,0.7470050386672114,0.6703650251311668,0.5413703795163876,0.692031373688446,0.6151424875443501,0.0656279802550002,0.598270133672358,0.6934385409482159,0.6100865973404652,0.5047819935498816,0.66913517221083,0.618775906299368,0.0351526304777277,0.6013020399739148,0.6852030220596397,0.6121030011655011,0.5814756287206944,0.6137958395770896,0.6221336078006827,0.0497840588816291,0.6044273191505471,0.6909882766803774,0.6263236076735068,0.5406635801433669,0.6482652553556154,0.7249995099983008,0.0375330898019073,0.704268799575253,0.7795596353573329,0.7372358189840775,0.6671360451231776,0.7367972509516628,0.6935821175575256,0.009747744103278,0.6828627423806624,0.6969963095404885,0.6848551414229653,0.6931171688166532,0.7100792256268588,0.5750637228506512,0.0149241227973243,0.6025277042056435,0.5644281214551937,0.5719243318884027,0.5766664448148405,0.5597720118891756,0.552197142348943,0.1517390759947001,0.5778906632973618,0.5327642351706522,0.509438251884776,0.806657580387527,0.3342349810043982,0.5546983275191831,0.1416385527364084,0.5598457098457098,0.625030094682501,0.6008443873417136,0.2867522628886265,0.7010191828373646,0.5161648406738852,0.0289839992240512,0.5224936490985511,0.5209929384316252,0.5401305522657419,0.5369821862661784,0.4602248773073297,0.6487584175621646,0.0271762791436184,0.6718493524730849,0.6854271459534618,0.6425927357815903,0.6089078685877013,0.635014985014985,0.687676634571769,0.0056833436740573,0.6826681277968667,0.6808219660412181,0.695306046442552,0.693129685792056,0.6864573467861522,0.5804559789105478,0.0293831684550078,0.613249265881027,0.6169712987902071,0.5654409171195162,0.5430930895085307,0.5635253232534579,0.4595491004642364,0.0990235716840629,0.3192548520060481,0.5372541680464257,0.360052420997397,0.5522599949070537,0.5289240663642578,0.64033047166737,0.1047612845312139,0.8035846506434741,0.5803358257903712,0.7240981389377111,0.554456906729634,0.5391768362356597,0.5257268333548264,0.0325622794214582,0.4728693396547446,0.5521006906950191,0.5045388409317582,0.5602114057964385,0.5389138896961716,0.6827641317486955,0.0569751692358523,0.7755633255633255,0.6851081994230814,0.6955963228690502,0.657233831621673,0.6003189792663477,10.4,6.019966777316964,7,20,10,2,13
-525,0.6463554486632347,0.0569372712868505,0.6469989754259586,0.6911164205521345,0.6817344520241022,0.6755720470100641,0.5363553483039141,0.6414939191783854,0.091499047914776,0.6754870902134988,0.5432368329798246,0.5881035100558332,0.5971741415135862,0.8034680211291843,0.5982124306079815,0.0812762993483361,0.6300249479038893,0.5152269991537979,0.5394327935195125,0.5647841288912177,0.7415932835714898,0.597123690642218,0.0779848206976006,0.6468368003524253,0.5012334479246244,0.5615816271147152,0.5539012529277137,0.7220653248916117,0.602207409949741,0.0765148015425215,0.6410127506418067,0.5096242104423598,0.5530634853754358,0.5778939692238976,0.7294426340652052,0.711163933414068,0.0634347368069563,0.737608568224861,0.6350920851988776,0.6666520494415715,0.6981452481234794,0.8183217160815511,0.6933906652710655,0.0056808471993299,0.6909123875878074,0.6933126991445367,0.6900636878880587,0.6883686943487688,0.7042958573861555,0.5643082802516636,0.0176926374086131,0.5842787316205466,0.5357417037062759,0.5812794737385313,0.5638076537433155,0.5564338384496487,0.748853901502857,0.1729909139830444,0.8260927801597657,1.0,0.7842254670463227,0.4858013866703706,0.6481498736378262,0.3494612220815429,0.2135273914651015,0.2750393397452221,0.0,0.3752016922471468,0.6494944672083709,0.4475706112069748,0.5234872314415605,0.0516577903645187,0.5324126583710552,0.4225937484061015,0.5592411548658819,0.5409848452749323,0.5622037502898319,0.6301819210230837,0.0382536788431863,0.5999082178360959,0.573051948051948,0.6407174274240837,0.6745756263938083,0.6626563854094826,0.6911796949126503,0.0107098978973756,0.6733404939824884,0.6933123740282926,0.6897152391347018,0.6926532821221785,0.7068770852955905,0.5799983463388733,0.0402279157061816,0.6354477970554111,0.5734382881715987,0.616153776715318,0.5424871205369199,0.5324647492151187,0.6314782394326441,0.2515541484803161,0.6439268453502902,1.0,0.5386908386669153,0.2321417961123843,0.7426317170336311,0.4439057065928724,0.2909556830499302,0.5670141133376427,0.0,0.6163534994417348,0.8099075167256985,0.2262534034592858,0.5190438816571357,0.074748486984914,0.6321550698729429,0.4747439724822719,0.5720545622118708,0.4197295718771538,0.496536231841439,0.6515080920328117,0.0630728252952951,0.7429579679579681,0.6145104895104896,0.6745592516837576,0.6703074703074702,0.5552052807043732,10.2,10.906878563548783,11,1,4,4,31
-500,0.6638375338166952,0.0245007275509786,0.6750882044434547,0.692342197522521,0.6204581558704376,0.6563222426921129,0.6749768685549498,0.6186717425082856,0.060266786475314,0.6044151515078471,0.5346508902856291,0.7152541337826919,0.6475199725835392,0.5915185643817208,0.583593460223834,0.0492280875382072,0.5564046477944924,0.5511471834561668,0.680090255587841,0.5780855791214793,0.5522396351591903,0.5914925587076324,0.0411316290882352,0.5938777904081213,0.5311008231964115,0.6590781588713576,0.5965139894827394,0.5768920315795316,0.5906670686851869,0.0413286897920915,0.5732725575843747,0.5529898624314268,0.6704413689038647,0.5869504265416485,0.5696811279646201,0.6997408885201132,0.0327915261151786,0.6842917147459525,0.6672452187631827,0.7624133398376968,0.6971461532909384,0.6876080159627954,0.6927706198258834,0.0050974542362813,0.6887719956311312,0.6931505636735396,0.6936862035231157,0.6867297671057961,0.7015145691958341,0.5618919914597997,0.0246255523141274,0.6024237273685363,0.5623172013295675,0.5392332234202221,0.5715611821519241,0.5339246230287482,0.649863852330904,0.2814405385870241,0.8329732734038953,1.0,0.6765769806545208,0.5728980986333928,0.1668709089627113,0.4226731290100274,0.2915318602805435,0.3192410530645825,0.0,0.3707369724749403,0.5302549945598074,0.8931326249508068,0.4846553501764774,0.0696836202872389,0.5516260039666974,0.4225937484061015,0.5169017073693969,0.550375433290738,0.3817798578494532,0.6250227171416611,0.0518692569861995,0.6230058993294288,0.573051948051948,0.5944067355949222,0.6115085068642382,0.7231404958677686,0.6915541594678706,0.004080774932342,0.6855478124185042,0.6931503415107727,0.6976806954904036,0.6923740993846547,0.6890178485350176,0.5710173934428826,0.0301185248116634,0.610001041577922,0.5992739433740618,0.5306610217160721,0.5469109725501771,0.56823998799618,0.5486565167171696,0.2517807119574948,0.5326279887045438,1.0,0.5759173760848402,0.3686932348697054,0.266043983926759,0.5196281763394063,0.2807889169484253,0.5915050635638871,0.0,0.4889430311221756,0.7161845730027548,0.8015082140082139,0.5127526900502655,0.0474519846155802,0.5810701147573845,0.4747439724822719,0.5517749895647467,0.5027892816630712,0.4533850917838535,0.665210500088772,0.0386488205721365,0.7238780233432641,0.6145104895104896,0.6318846659016937,0.6813648472739383,0.6744144744144744,6.2,3.919183588453085,5,1,13,7,5
-475,0.667727492377162,0.0247770555727135,0.6680423356592655,0.6789976377040148,0.6964137181639671,0.6220124773681164,0.6731712929904461,0.6083690338002489,0.0679226431383535,0.6297452375242729,0.6039566294192312,0.4935355616075709,0.7053405910163222,0.6092671494338477,0.5695304446297472,0.0614721945784686,0.5879712700991221,0.5516722376042691,0.4723892137195892,0.6632903641275607,0.572329137598195,0.5791945809500957,0.0363245915830206,0.5979299320981305,0.5970403014061102,0.5243163954101455,0.6254166406510157,0.5512696351850763,0.5766932207160964,0.0533449788758684,0.5957256908316744,0.5789398386466621,0.4854543730872387,0.6509760288234865,0.5723701721914205,0.6856199237599956,0.0401247490311832,0.7004864321318947,0.6835698483555488,0.6189569166824791,0.7436163363371666,0.6814700852928891,0.6953321381048723,0.0026124756179762,0.696316269311038,0.6936568834564902,0.6931800192052667,0.7000459107485685,0.6934616078029979,0.5568586579097685,0.0217543011634349,0.5982120872343484,0.5397551840984328,0.5389972194973031,0.5571411510540855,0.5501876476646725,0.6784050049595394,0.265959263042164,0.9371725629500748,0.6620448179271708,1.0,0.2869262718861649,0.5058813720342864,0.4038994442871448,0.2966115401371392,0.1824447611212316,0.4257072250387759,0.0,0.8558482070514156,0.5554970282243009,0.5072247379827453,0.0464387630416476,0.5200894841056983,0.5576225802556328,0.4225937484061015,0.4993800329877274,0.5364378441585658,0.625381384783599,0.0452947222556996,0.6005656763415383,0.6017105455393369,0.573051948051948,0.7009054077235894,0.6506733462615816,0.6959489042108709,0.0158909858834294,0.6874627741900358,0.6838457638567145,0.6931798783215609,0.7271683216094971,0.6880877830765464,0.5850307358533884,0.0224663368366575,0.6051358849513138,0.5745861032309678,0.6142963406601529,0.5514915074156385,0.579643843008869,0.6396648168846373,0.2626958755517721,0.7580516546186402,0.5689424428293296,1.0,0.1980148119854002,0.6733151749898162,0.4283405987951442,0.2806447517196336,0.3745751797222386,0.4985110848747212,0.0,0.8768693427784335,0.3917473866003277,0.5082744735453352,0.0770746751150807,0.621647312216314,0.5227288119785469,0.4527286889440612,0.3981656583690076,0.5461018962187458,0.6488548291318945,0.0465623776732225,0.6883637333242075,0.6529149428924267,0.597465034965035,0.7101731601731602,0.5953572743046428,7.4,4.923413450036469,8,5,1,16,7
-450,0.6813620004802943,0.0109861242988606,0.6823497451841831,0.6930028256028891,0.6922306884080172,0.6635800786316395,0.6756466645747423,0.5823542701628815,0.0410922816167733,0.5915757202485747,0.5387489416120063,0.5317706457793355,0.6368375402588086,0.6128385029156822,0.5595359179665382,0.0300303338738976,0.5679005103380544,0.5748103721543747,0.5030760873601746,0.591430414771744,0.5604622052083436,0.5534859921532715,0.0497888397764195,0.5788382292748102,0.4577326829624623,0.5520407543845045,0.5891126234876235,0.5897056706569574,0.5609731027697364,0.0304573219935509,0.5748236960880787,0.5178558517936329,0.5323377284619709,0.596669440593358,0.5831787969116419,0.6748782827402833,0.0275097935759498,0.6673643375619478,0.6367671266806029,0.6577256663883503,0.7039987760455061,0.7085355070250097,0.6931719714945013,0.0049597443466245,0.6893145062706687,0.6913821588863026,0.6931280873038552,0.6893573999404907,0.7026777050711892,0.5563341904399924,0.0196968673350875,0.5928208588708958,0.5504279087668125,0.5484205114552707,0.5562737164424999,0.533727956664483,0.5661420737770179,0.2306749439481549,0.7487234788072109,0.5601455733808675,0.8069729958098942,0.5666770840567632,0.1481912368303538,0.5014939205179847,0.2156720954970932,0.3648513251454428,0.5056612727735722,0.234750098386462,0.5235597958191541,0.8786471104652924,0.4954822793785665,0.0703056676927185,0.5267548575009419,0.5442683559607183,0.5054546946356951,0.5432140712934886,0.3577194175019884,0.6155657895982979,0.0369962884103305,0.6163158238338915,0.5803730583142349,0.5882076997442609,0.6080838812506172,0.6848484848484849,0.6904287576675415,0.0027300202172971,0.6878568746826865,0.686736133965579,0.6931329694661227,0.6935058994726702,0.6909119107506492,0.5705484964102902,0.0139884794204119,0.5816330538046907,0.5794257030501145,0.5799384453100064,0.5445196027791283,0.567225677107511,0.4412441286189129,0.1508988917728485,0.420738002029868,0.5077576802669804,0.6830883683036792,0.3647345301757067,0.2299020623183302,0.6379597066629152,0.1254367277848869,0.646483418542242,0.6121720451265906,0.4295036736881656,0.6837170405352224,0.8179223554223554,0.5068767940042791,0.0477200391782567,0.5191526470811326,0.527505124449212,0.5730944090136691,0.4848154229219394,0.4298163665554421,0.6764742507316266,0.0230001295083103,0.7020854145854145,0.6991803057311079,0.6394368883236834,0.6752017785510609,0.6664668664668665,5.2,2.3151673805580453,6,4,2,9,5
-425,0.6808706384152174,0.0103268399251454,0.6936135981231928,0.6899451427161694,0.6716216839849949,0.6824591718614101,0.6667135953903198,0.5851139812440357,0.0332338244611251,0.5417374911554111,0.55474962087424,0.6124583707192464,0.587159319063079,0.6294651044082018,0.552055053838506,0.0301097582265547,0.549057807793043,0.5362853629482403,0.5155913433152022,0.5530197990266744,0.6063209561093699,0.5670848786468949,0.0372358915436487,0.5139778343592681,0.5587748622904873,0.6247550039829451,0.5501131817743661,0.587803510827408,0.5649394172702259,0.0238309001156954,0.5371305047499015,0.5524793395833816,0.5630358579356535,0.563463729088702,0.6085876549934912,0.674864035066241,0.0316925026886383,0.6236742476595903,0.6595688410316894,0.696314536292526,0.678759243449404,0.7160033068979952,0.6920111721212214,0.0013178562884692,0.6928579698909413,0.6919887174259532,0.6920656399293379,0.6896253553303805,0.6935181780294939,0.559009892115068,0.0205397169723548,0.5946269416125436,0.546414826261083,0.5446012599254577,0.5694931855317885,0.5399132472444677,0.6518432303483515,0.2066248302070826,1.0,0.6982909692802741,0.5846847003264115,0.3616728785177983,0.6145676036172737,0.3974877469529876,0.2304709299900308,0.0,0.378161388522351,0.4931621408894135,0.7105293770400724,0.405585828313101,0.4975803585072736,0.0455998663992483,0.4196966377295049,0.5519530252391681,0.4877019137398349,0.4953084893184354,0.5332417265094249,0.6063614302604134,0.0272960558352512,0.5690559440559441,0.5850713339137549,0.6142329321005792,0.6480326565888065,0.6154142846429829,0.6910292983055114,0.0021369840980341,0.6927339651367881,0.6869550347328186,0.6916168819774281,0.6927554553205316,0.6910851543599908,0.5708266278436362,0.0224715230558026,0.5765355241496003,0.585388464696874,0.5944951385727667,0.5294317494559807,0.5682822623429593,0.5753159622934094,0.296761075076245,1.0,0.65079349142939,0.3007763900108398,0.185505262711145,0.7395046673156721,0.4788328961590993,0.3194977491069102,0.0,0.4272989636625999,0.828302179104318,0.8338252656434474,0.3047380723851312,0.4900078987879152,0.054291767274994,0.5053855621198022,0.5377850787057313,0.4911019101991097,0.3866314750111353,0.5291354679037971,0.6438817258206851,0.0372216412493082,0.6392045454545454,0.6440943904580269,0.6546667978486159,0.6988980716253443,0.5825448237168933,5.0,1.7888543819998317,3,4,6,4,8
-400,0.6654702858999372,0.0366968743695222,0.6601114980876446,0.5962110320106149,0.6851834151893854,0.6904875915497541,0.6953578926622868,0.6010320935419979,0.0872308677798979,0.6410234788656234,0.7487275773986987,0.5777664415629535,0.5357683979554884,0.501874571927226,0.574077986831333,0.074780373679718,0.6180487736324134,0.6987351586693378,0.5420777902903482,0.513829327081363,0.497698884483203,0.5698257145224057,0.0663561617654002,0.6184023441835942,0.6708098121241504,0.5563544987488003,0.5046595765345765,0.4989023410209071,0.5767451147059646,0.0695712204556874,0.6222275841012889,0.6869480910739751,0.5555905607494589,0.5251421554750959,0.4938171821300041,0.6832991192293315,0.0538507701849564,0.7149791029350336,0.7705508784032875,0.6715105779153767,0.6311824881774573,0.6282725487155024,0.6983993118459528,0.0080126937338768,0.6900226202878085,0.7049380378289656,0.7107583446936174,0.6931268572807312,0.6931506991386414,0.5600733461116661,0.0247333259516026,0.5984658602081379,0.5206321535156763,0.5567648288654305,0.5643322549405437,0.560171633028542,0.7131743168486766,0.3440946949963342,0.8423659009783413,0.6479199944440586,0.0755856888209829,1.0,1.0,0.3096059510899083,0.339632329745445,0.2515910560028207,0.3722165312405954,0.9242221682061252,0.0,0.0,0.4432239618912953,0.0812620618700366,0.5166158995080733,0.5207160789667339,0.2983550463985381,0.4225937484061015,0.4578390361770301,0.5246998481446397,0.126592882977786,0.5978943906618266,0.5751178370743588,0.2727272727272727,0.573051948051948,0.6047077922077922,0.695843109217557,0.0156375962527116,0.68966205553575,0.6781526695598256,0.7251163937828757,0.6931338635357943,0.6931505636735396,0.5719694919979678,0.0219928314611723,0.5733489317469719,0.5921105039961847,0.5735664906060962,0.5309056714972491,0.5899158621433372,0.6577736117841051,0.3629077287944322,0.600215190179305,0.6793346869230384,0.0093181818181818,1.0,1.0,0.3842673146817532,0.3634670522067696,0.493023887876829,0.4536402990948445,0.9746723864370924,0.0,0.0,0.4526265457468224,0.1199109532510365,0.5752570237120811,0.5666336937404768,0.2458333623744658,0.4557120111775833,0.4196966377295049,0.5442289612223472,0.1867424299016208,0.6880514464739064,0.6795094435539131,0.1818181818181818,0.6027097902097902,0.5690559440559441,8.2,7.6,10,22,6,2,1
-375,0.6749294504523278,0.0283200871531561,0.6861408744007349,0.6776976771652699,0.6979868188500404,0.6928750667721033,0.6199468150734901,0.5795347628520614,0.0766593556015718,0.5624206105508792,0.6052542185071206,0.485330053352676,0.5331976527106188,0.7114712791390122,0.5601455915671154,0.0626347723698619,0.519373741452756,0.5779017570511946,0.506763530912348,0.5213055252482035,0.6753834031710745,0.5461889990438269,0.0528434785606613,0.5584780477413025,0.5756323355007567,0.4662687164755179,0.5113022751349956,0.6192636203665617,0.5559115430738273,0.058594782971548,0.5433257668171987,0.578162832057659,0.4852483711221636,0.5169136812313991,0.6559070641407164,0.6696754211376281,0.0447093855795374,0.6547539929433314,0.6917202189043329,0.6122789656617181,0.6461910890343282,0.7434328391444299,0.692512694272128,0.0019693575718125,0.6886585408991034,0.6931181604211981,0.6933861429041083,0.6931585723703558,0.6942420547658746,0.555359786585391,0.0246484916717909,0.5808799473660156,0.5335542567577997,0.519867569531256,0.562693580789754,0.5798035784821294,0.510235478309182,0.3410108422224527,0.5512151591098959,0.6991579276338635,0.0,1.0,0.300804304802151,0.5547461584761051,0.3599478795632237,0.6204045954045954,0.315371727203278,1.0,0.0,0.8379544697726516,0.4370559935463554,0.0930099324033302,0.5117059905116114,0.5104301421629793,0.2626430250016557,0.4225937484061015,0.4779070616494291,0.5218881901479806,0.2742633169553923,0.713189834000167,0.5487236442122635,0.0,0.573051948051948,0.7744755244755244,0.6919361190362409,0.0018851839418523,0.6928949735381387,0.6882956461472944,0.6933861374855042,0.6931586211377924,0.6919452168724753,0.5532991645034187,0.0207651249713621,0.5602455309437211,0.576855635093,0.5170199959159113,0.5457008703102453,0.5666737902542152,0.5028261456520123,0.3505351086410571,0.2495003521199693,0.7235554091081876,0.0,1.0,0.5410749670319048,0.558555191095298,0.3488691292807791,0.8273750759044877,0.3880460448642266,1.0,0.0,0.5773548347077758,0.44194777703316,0.114246843779157,0.4152644274687791,0.5514482250133932,0.2392130654250991,0.4557120111775833,0.548101156080945,0.5186558410369274,0.2618164229907607,0.7112554112554113,0.6517626335210067,0.0,0.6027097902097902,0.6275513701984289,6.0,6.29285308902091,6,4,1,1,18
-350,0.664280291646719,0.0235010908317808,0.6731537263840437,0.6612281482666731,0.6672856956720352,0.6236352920532227,0.6960985958576202,0.6167073295164904,0.0620224139435447,0.6132343690894122,0.6369392122549487,0.6260695544964877,0.6995208926313651,0.507772619110239,0.5824501910657643,0.0418461275844768,0.5962277836729309,0.5849027862194697,0.5891606866198101,0.6352117980864592,0.5067479007301514,0.5832204978436596,0.0393907484435093,0.5453922660264572,0.5922293724453651,0.6139227525946276,0.633765063061938,0.5307930350899102,0.5884307351819955,0.0391649125890018,0.5933297418965103,0.5910895237291295,0.5971647903839399,0.6412330935649114,0.5193365263354863,0.6930929341287797,0.0452967805017278,0.6901094072497419,0.6977264803104103,0.7103796562484643,0.7534475166162955,0.6138016102189864,0.6951784448190168,0.0043750508834568,0.695912545377558,0.7033407850698992,0.6911060051484541,0.6923649527809836,0.6931679357181896,0.5407373810426018,0.0184036129478702,0.566431844968249,0.5111672251545246,0.5331737447044933,0.5507130727635406,0.5422010176222019,0.7063522574464033,0.1934807199547021,0.8641486636701946,0.6201767483853047,0.4928275304612203,0.5546083447152966,1.0,0.3587543116420121,0.2217848931643567,0.2337089381207028,0.3953257749380744,0.5937191818876311,0.5710176632636526,0.0,0.5052065569411542,0.0316904499058261,0.5025597538243406,0.5173632106550268,0.4932618624132925,0.5550089216360816,0.4578390361770301,0.6023166726600626,0.027066054899991,0.5981371576468179,0.5536990786990786,0.6291957510857032,0.6258435836609212,0.6047077922077922,0.689974244074388,0.0026856222168929,0.6926624504002658,0.6879319006746466,0.6899379762736234,0.6861710114912554,0.6931678815321489,0.5603769777222154,0.0083651638269621,0.5500152787523369,0.5728234050237654,0.5521042498825799,0.5633767005424759,0.5635652544099191,0.5796169219381936,0.2569326403453555,0.6585940747184765,0.6072757166107551,0.2549802881860298,0.3772345301757066,1.0,0.518556571176892,0.3014372108491553,0.4486902803079273,0.5182621671258034,0.8731051034526971,0.7527253049980321,0.0,0.4960958018139136,0.0548464894473649,0.5826772022798854,0.5185013761668263,0.4614372105286252,0.498166582364726,0.4196966377295049,0.6891892637445997,0.0699261375571587,0.6896055130640111,0.6762673437673438,0.778450085268267,0.7325674325674325,0.5690559440559441,9.2,5.74108003776293,9,8,9,19,1
-325,0.6136585976928473,0.092382154832048,0.6508527863770723,0.682052394375205,0.4310539392754435,0.6644337251782417,0.6399001432582736,0.6892403956215797,0.110852798851694,0.6500714352155489,0.5770194772357005,0.9009120552826227,0.6404966152559588,0.6777023951180675,0.6383577327313005,0.103779130792387,0.5851812665400569,0.5590852406964624,0.8432374622356453,0.5937798261098524,0.6105048680744855,0.6346832477700319,0.0789654450043312,0.6076295181534153,0.5392246208652459,0.7756230200720333,0.5999778790449747,0.6509612007144903,0.6399505005346328,0.0911160403191311,0.5945753355522514,0.5561558118650638,0.816048530047171,0.6038656810926667,0.6291071441160111,0.7336412815025664,0.0666551145470127,0.6987200573549258,0.6577829569327732,0.8549643607362934,0.7131105581993257,0.7436284742895134,0.6954667253927751,0.0047053295769534,0.7029992883855646,0.6949769312685187,0.6972823143005371,0.6886722120371732,0.6934028809720819,0.5484732608016648,0.0077197672872745,0.5381325221427337,0.5444010024808822,0.5560186953569306,0.5587606754134161,0.5450534086143612,0.5834465927188244,0.0988182014916883,0.7184176867789308,0.4602065344043954,0.6796913944641217,0.5166636764898797,0.5422536714567943,0.5107289917450345,0.0874090404861401,0.3963551154727625,0.5973238882329792,0.4188985924948492,0.6024368011667476,0.538630561357834,0.5320552848008193,0.0207510696398372,0.5095802163485115,0.506090797783568,0.559486664730924,0.5431065669436524,0.5420121781974406,0.6100278458163955,0.0429445755219986,0.613658952595884,0.5284830035132901,0.6173323506252244,0.6478072409186959,0.6428576814288828,0.6881011225960472,0.0071513980033478,0.6971529397097501,0.687519447370009,0.6753449277444319,0.6893686218695207,0.691119676286524,0.5719704819216657,0.0214470444938883,0.5536971794271964,0.5798492104276733,0.6101487645022597,0.5635714478628917,0.5525858073883071,0.5016726664706266,0.1195333147265958,0.4704935030413499,0.4018389838867634,0.6460670615933773,0.354335370511841,0.635628413319801,0.5870445448787696,0.1424115729438471,0.6569462400344753,0.7273235602781057,0.4238510820730072,0.7202430145611964,0.4068588274470627,0.5156395142559456,0.0283115014292584,0.5401323835169202,0.4731900413852043,0.5434401096138639,0.4909119385464802,0.5305230982172592,0.6742959004458411,0.0596262932978358,0.7463188326824691,0.7291061879297174,0.6310055360950501,0.6784659784659786,0.5865829670559903,16.6,15.00133327407934,12,5,46,7,13
-300,0.6429461434483528,0.0409539734138117,0.6209513042122126,0.6613793652504683,0.5734098274260759,0.6847690977156162,0.6742211226373911,0.6622195247367176,0.0736619288944941,0.7091075660141908,0.640397324525121,0.7781994716742594,0.5687031886592019,0.6146900728108151,0.6084372429000302,0.0540948161196624,0.643967971098389,0.5709775905073156,0.6954079555336454,0.5460967913576568,0.5857359060031442,0.6262134418889934,0.0468698800169393,0.6538374207491854,0.6151176667491007,0.7022442554381895,0.575843861000111,0.5840240055083804,0.6178179449943606,0.0455542614768544,0.6454771266285196,0.5954521816020196,0.692833955355666,0.5662945891533058,0.5890318722322923,0.7219118886954923,0.0389952985895276,0.7356626182018017,0.7039407604725427,0.7913732262611549,0.6809831378148427,0.6975997007271196,0.699434593590823,0.0069819869688421,0.7048722234639254,0.7059094147248701,0.704565324566581,0.6915004361759532,0.6903255690227855,0.5323147304532199,0.0202186229998016,0.5318104764846516,0.5108461066933659,0.5099600919913421,0.5615712064784592,0.547385770618281,0.6035057976453183,0.1168840550419151,0.6066251199624405,0.4896462717318332,0.5409152641772962,0.8250717642428872,0.5552705681121348,0.4594864835105476,0.1030106336221992,0.4751388317564787,0.5778477093316666,0.4805316341412597,0.2672028728846911,0.4967113694386422,0.5065864337582169,0.0176507761180359,0.495473750302783,0.5107511080140222,0.4795190991156883,0.516322557370758,0.5308656539878328,0.5924626140436684,0.0254069076551643,0.5952713406193882,0.5460693127689175,0.593518019179432,0.6047314102836543,0.6227229873669502,0.6922929482026532,0.0043257269768057,0.698902737010609,0.6870685815811157,0.6954963153058832,0.6909435933286493,0.6890535137870095,0.5632141986037329,0.0169186808614657,0.5612080158152642,0.5882621386079884,0.5557346628738323,0.5377872679719271,0.5730789077496525,0.5093789669406478,0.1307804725385729,0.3164388761159096,0.4893625194717963,0.4364040956385454,0.6232981071216366,0.6813912363553511,0.583270784473993,0.1452273161594269,0.7570698908934204,0.6886871966417422,0.6496626145690317,0.4087317985045258,0.4122024217612453,0.5141606971277521,0.0329813581444129,0.4542492287471251,0.512390653131791,0.5210704164521462,0.5293274703677544,0.553765716939944,0.6751178598924594,0.0593569634954169,0.7397793726741095,0.7472779745507019,0.6657978385251112,0.6139027639027639,0.6088313498096106,12.6,8.2365041127896,18,9,26,4,6
-275,0.6754257757216692,0.0111431832696171,0.6848239917308092,0.6634660642594099,0.6920244190841913,0.6656272932887077,0.6711871102452278,0.5986797413069429,0.0334231235521141,0.5751326653985331,0.6380393210019769,0.5458268074752362,0.6183079497212042,0.6160919629377641,0.5580020229694123,0.018685581090046,0.5304895000351573,0.5741521316266086,0.5416825625784604,0.5781088160110089,0.5655771045958258,0.5738709141144802,0.022646222974276,0.562587211093645,0.6085119409797718,0.5415650015833839,0.5695923867798866,0.587098030135714,0.5713842343036438,0.0166421069659242,0.5531207438848462,0.5933405425554612,0.5518678523590598,0.5849121677194193,0.5736798649994324,0.6795579730427961,0.0217717811724344,0.6534017733696044,0.7083603218193487,0.6548800428113657,0.6890523067779744,0.6920954204356874,0.6947004285725681,0.0062326998641828,0.6914938038045709,0.706879583272067,0.6937256021933123,0.6895425753159956,0.6918605782768943,0.542625278016055,0.0216685079415517,0.5717445112643713,0.5068205209080877,0.535294853134091,0.5553670237034208,0.5438994810703043,0.5953681934221956,0.1589305708866438,0.7854888598907738,0.6034644574083077,0.730826214783434,0.5181545207614726,0.3389069142669896,0.4896763515747473,0.133948545951862,0.3534884233413645,0.4523754543139569,0.3530647382920109,0.6058120355580249,0.6836411063683792,0.5067782074551674,0.0297730499172867,0.5156041572481239,0.5147216089667329,0.5018879140769911,0.5466464644657304,0.4550308925182591,0.6137847469282894,0.0418840280231107,0.626834013496693,0.5319774774163489,0.62203409380815,0.6418090681248576,0.6462690817953975,0.6893925428390503,0.0032352143916376,0.6943934234705839,0.6845830462195657,0.6909108432856473,0.6880760463801298,0.688999354839325,0.5590593442060541,0.0196417701668518,0.523781757222524,0.5838073825095376,0.567399562780271,0.5599719321268453,0.5603360863910928,0.5338362405612433,0.0740406640450479,0.5094679536306331,0.6204180049070772,0.5859281985956627,0.405713649096002,0.5476533965768415,0.5642019744960921,0.0972429763225979,0.5384688840571193,0.5067329135510953,0.4362886667699501,0.7180785123966943,0.6214408957056017,0.5362844815158551,0.0174998641429535,0.5384691538340796,0.5392899362657178,0.5238758492772836,0.5140345663724424,0.5657529018297519,0.6699852171753504,0.0300213183789907,0.6961220597584235,0.6695130795130795,0.612887061797505,0.6915675233857052,0.6798363614220392,8.2,2.315167380558045,6,10,5,11,9
-250,0.6220052043907345,0.1045660301267905,0.6860392112284899,0.6692992970347404,0.6906743887811899,0.6490924712270498,0.4149206536822021,0.6646433679596309,0.1283216234493175,0.5633771138514445,0.6220791957973145,0.5558915787492243,0.6757394393372098,0.9061295120629608,0.6206109324495296,0.1033854832608141,0.5145615589793389,0.5955464117703632,0.5392945470877499,0.6481100491215834,0.8055420952886124,0.6358822198022566,0.1000330102810792,0.5594555617993117,0.5940390338827838,0.577123846333405,0.6164169597763347,0.8323756972194473,0.6310761795462598,0.0994240449140178,0.5367782328570042,0.5949531863788875,0.5577848617688462,0.6519762371474214,0.8138883795791401,0.732628204376463,0.0842937124985723,0.6463709279680159,0.7048570186800645,0.6735562983628001,0.752679386397701,0.8856773904737335,0.693203050440008,0.0034729899312063,0.6922694065354087,0.7000488638877869,0.6920122775164518,0.6907802657647566,0.690904438495636,0.5667864489541499,0.0362191915249882,0.5787368751272495,0.5258960281771111,0.5407163691923049,0.558573096077274,0.6300098761968095,0.6115646185348458,0.136033169184567,0.8067239379440335,0.5863452130163361,0.5310558796521364,0.4196734341119368,0.7140246279497862,0.5113967746454378,0.1026526605540499,0.3656446494681789,0.4971615505706415,0.515564738292011,0.6869904160011112,0.4916225188952463,0.5274106478838065,0.0545275936076238,0.5387972418981605,0.5208460590144351,0.45570675882835,0.5003722418368742,0.621330937841213,0.6238975683508731,0.0525693577420166,0.6390757681977309,0.5302023401804253,0.6116360281133009,0.6528887778887777,0.6856849273741307,0.6912205197594383,0.0028727670623034,0.6930762908675454,0.6884416179223494,0.6913688345388933,0.6877494562755931,0.6954663991928101,0.5636156649651393,0.0288659623544871,0.5202869961724778,0.5834021118553422,0.539638797856809,0.5775410896107753,0.5972093293302922,0.4811503483932294,0.1763387397153069,0.5597790101976705,0.5751127376330817,0.2750288082465116,0.2772154316271963,0.7186157542616872,0.6122916759414085,0.2009316406321345,0.4506924448100918,0.4770759543486816,0.8559359980482975,0.8587563951200315,0.4189975873799403,0.501447479301398,0.0333955727962549,0.5326624986779258,0.483064498424965,0.4745667336478492,0.4669823618153544,0.5499613039408957,0.6801796432145188,0.0598900240269517,0.6648093671809087,0.642317723868526,0.6788211788211789,0.7934179456906729,0.6215320005113076,13.0,13.341664064126334,3,6,5,12,39
-225,0.6569504410028457,0.0223469787520527,0.6245629768818617,0.6443723142147064,0.6857348624616861,0.6778925266116858,0.6521895248442888,0.6378018336969149,0.0498827589426562,0.6972355104288348,0.6700804564996599,0.5631920446939969,0.5964305523003746,0.6620706045617085,0.6059084725517624,0.0367857176729029,0.6544962406075738,0.6238719919202445,0.5734912556349137,0.5538482768701232,0.6238345977259568,0.5978118735839324,0.0392858281078111,0.6411696580584448,0.6377455214311832,0.5360392926109837,0.577180631868132,0.5969242639509184,0.6079814382670449,0.0311037105302912,0.6503457563980275,0.6286470118578636,0.5720033205867029,0.5726028801280688,0.6163082223645616,0.7106819970696229,0.0222670256452672,0.7361205925943253,0.7273028722707031,0.6780602834504248,0.6910129564492955,0.7209132805833658,0.6977502898736432,0.011566256687957,0.6977240930904042,0.7196944139220498,0.6922108151695945,0.6929176666519858,0.6862044605341825,0.5439181743923948,0.0098097928033158,0.5372785017612013,0.5298885291031014,0.5435975733268514,0.551262511719564,0.557563756051256,0.55852414453309,0.0589258156630672,0.5657189633864276,0.5305581599030796,0.5991803057311079,0.6342460124545686,0.4629172811902655,0.5386861905177414,0.0356068997838703,0.5557138123314593,0.5684671389216844,0.5099370326643053,0.4839792115193185,0.5753337571519389,0.5175710084791283,0.0168979770600309,0.5141955305639272,0.5117932747787578,0.5055343244401185,0.5506775586944909,0.5056543539183473,0.6140663419697335,0.0395746929793059,0.6383967494493811,0.5379613652340925,0.6475686486715899,0.6320766793015596,0.6143282671920444,0.6914162971756675,0.0034383582729752,0.6980195912447843,0.6909769773483276,0.6887988773259249,0.6886001554402438,0.6906858845190569,0.5764162682201893,0.0170667523498123,0.5667765973706377,0.6061370697143991,0.5807634362863658,0.5551784797941215,0.5732257579354223,0.4869612407753476,0.1189358948664455,0.2951411414210457,0.5527768719177694,0.4125046949329246,0.5426608522196757,0.6317226433853228,0.5875166975033286,0.1373954450744776,0.7899578362813657,0.5316968385150204,0.7075292799891731,0.4672274695001967,0.4411720632308867,0.4935580744532929,0.029859408881456,0.438663692234131,0.4923328606389043,0.5282788781645872,0.5021912205264933,0.5063237207023491,0.64848087688637,0.0382390452806202,0.6932720057720058,0.6727860814945213,0.6675296925296924,0.5891358813185438,0.6196807233170869,9.8,3.1240998703626617,14,12,5,8,10
-200,0.6273276200518012,0.0807244373344189,0.4715483943000436,0.6841140165925026,0.6254615988582373,0.6772203799337149,0.6782937105745077,0.6665750154275278,0.1056392680114318,0.8630500268623064,0.5896583968991832,0.6926107004173278,0.595003487333919,0.5925524656249029,0.6186674988127951,0.0749434797112085,0.7590317636478061,0.5822793368157714,0.630368476246854,0.5715269551453132,0.5501309622082312,0.6230907851232445,0.0767958228172111,0.7732266956362354,0.5923711526422923,0.6113342386779885,0.5633457152528842,0.5751761234068219,0.6226415914575953,0.0720499248258565,0.7610802599555878,0.588326389515345,0.6232269205233414,0.5783758204418331,0.56219856685187,0.7253245111495402,0.0573270595619255,0.8362221143096241,0.6974741506451065,0.7241736329814407,0.6856424340569562,0.6831102237545736,0.6917162689295683,0.007522667286471,0.6812309460206465,0.6928187933835116,0.7039914347908713,0.6931797645308755,0.687360405921936,0.5624977776865228,0.0227495170526537,0.6068731249010237,0.5427686734128913,0.558356368546041,0.5532247127501138,0.551266008822544,0.4112744128168632,0.1814056481458232,0.6812882757858834,0.555882545855808,0.2186361321388059,0.2333006343033081,0.3672644760005104,0.6957312874291484,0.1453480392795859,0.5271824580648109,0.5324429358520267,0.8793226381461675,0.8240034030140982,0.7157050020686384,0.477465232861574,0.0645315394004433,0.5731136343691254,0.5109513807675135,0.4111743402913479,0.400313140751918,0.4917736681279656,0.6547732048057903,0.0750199803364118,0.657947382229679,0.5262046078268648,0.6634395907123181,0.7616769195716565,0.6645975236884328,0.6867251038551331,0.0106720201353577,0.6656366153196855,0.6925013336268339,0.6930821321227334,0.6935330629348755,0.6888723752715371,0.5937081192905913,0.0406884442863035,0.6626143864587358,0.5774345420210844,0.6145562824356273,0.5488905419261368,0.5650448436113719,0.3678181899762193,0.1807620428778535,0.4420360474188225,0.5520244838862601,0.2189932993641127,0.0941813088871912,0.5318558103247099,0.7437737559529003,0.1631441818295416,0.7868224912342558,0.5208710481437755,0.8941600956975289,0.929520857929949,0.5874942867589926,0.4604161185983431,0.0760478767784226,0.5344729174200645,0.4852086663952444,0.4433584821188303,0.3215881108705805,0.5174524161869954,0.6700989476626049,0.0950419597588551,0.7954859600792615,0.6247106733458745,0.74498556998557,0.5227272727272727,0.6625852621750454,13.6,11.689311356961964,35,3,17,6,7
-175,0.599874515645206,0.1068610751024111,0.6891826055943966,0.5167184565216303,0.6833451204001904,0.6800074484199286,0.4301189472898841,0.6871881655682391,0.143892843282984,0.5476418047536944,0.8333187229823313,0.5686580754366831,0.5975879326141522,0.8887342920543344,0.6332962303855447,0.1157685815099551,0.5195768428729524,0.7510703948709886,0.5195938683755117,0.584995229986165,0.7912448158221058,0.6543281386709696,0.1176521324759521,0.5456203850275542,0.7422203256302521,0.5809710408055996,0.5602546325202574,0.8425743093711844,0.6451779046504083,0.1106168722591781,0.5375214589942534,0.7430944476597067,0.5501915767118681,0.5846324102752705,0.8104496296109427,0.7440527596057867,0.0938102460195577,0.6491823488957291,0.8156099767523856,0.6718053937698868,0.6915948504486142,0.8920712281623177,0.7022294055331837,0.0188648081020712,0.6900252645665949,0.739756009795449,0.6951531659473072,0.6914207176728682,0.6947918696836992,0.5747275686094094,0.0314220303985422,0.5815408995215233,0.5628389148359069,0.5427051622990794,0.5543187436820458,0.6322341227084922,0.7325669720580329,0.0742000346590615,0.7521096128751631,0.595937410776983,0.8220401108101644,0.7531551187968301,0.7395926070310239,0.3841684132860603,0.0873733592357305,0.3726596932479286,0.4856503345139709,0.237224517906336,0.3650924832743014,0.4602150374877647,0.5330365099215966,0.045484836316048,0.5082752370963646,0.5254240615631242,0.4963150131832258,0.5130967865062153,0.6220714512590532,0.6102992437644013,0.0515280560479957,0.6296359577241931,0.5225125432780936,0.5935327619379344,0.6275771467224036,0.6782378091593818,0.6922775637019765,0.0029537969242051,0.6925802555951205,0.6953911131078546,0.6888961683620106,0.6889131773601879,0.6956071040847085,0.5757692735239354,0.0348103196088483,0.5334852637791992,0.6323338331919185,0.5699409053034951,0.5491644505598383,0.5939219147852257,0.6466246212008642,0.1107368536124831,0.4670476466648715,0.6165828410655195,0.7596132549003362,0.6217012562600798,0.7681781071135138,0.4343741344810863,0.1226537126959305,0.6406172259113435,0.4755394857667584,0.2992003540131882,0.4349075167256985,0.3216060899884429,0.5330308892108123,0.0201321981712046,0.5449383049777725,0.4932110747597246,0.5468084030290672,0.5379297525284017,0.5422669107590953,0.6434246684260343,0.041529511438682,0.7175939690293757,0.6574951925544811,0.6182147786926737,0.624208316847299,0.599611085006342,16.2,14.427751037497147,4,26,6,5,40
-150,0.544168910663575,0.1038461907019682,0.4737292951904237,0.5986090824007988,0.6263060756027699,0.3749731387943029,0.6472269613295794,0.7755629126952437,0.0982334544402127,0.859458008703516,0.7386462931944298,0.7023595108877547,0.9193375782522144,0.6580131724383033,0.6987667557728532,0.087229131620627,0.7554834338465002,0.6624842689905703,0.6166629519837599,0.8411112061072836,0.6180919179361517,0.7170350136243616,0.0861124323601863,0.7754861122387248,0.6990054673031647,0.6442812514068319,0.8505027889690719,0.6158994482040148,0.7045129198459625,0.084173024569128,0.7602793939925755,0.6771063926289738,0.6300194637709561,0.8392735588118967,0.6158857900254102,0.7945648745174674,0.0601012550018679,0.8342011083279467,0.7718200794572215,0.746259060400169,0.8913447590958233,0.7291993653061765,0.695004543391141,0.0347277792440026,0.6691317775032737,0.7629104148257863,0.6858166889710859,0.6706552559679205,0.6865085796876387,0.6009334300064004,0.0373792987981917,0.6350170670480971,0.5601546463971263,0.5738364293720243,0.6556200734426002,0.5800389337721538,0.6002612257906925,0.172967619875154,0.6690142194328796,0.3268253582424705,0.4751577077111836,0.7594791497866364,0.7708296937802928,0.5815962795374561,0.1772440851887433,0.5906568105097517,0.8539502164502166,0.6549453665763827,0.4893904669305739,0.3190385372203553,0.5547614459542889,0.0453900285806677,0.5870711824307508,0.4945066598811647,0.513934934829496,0.617388573345723,0.5609058792843101,0.6667705933856001,0.0183949862544246,0.683129060896756,0.6717608547752089,0.681888521460714,0.6644419048443816,0.6326326249509395,0.6967766761779786,0.0146375789614995,0.6789849183776162,0.7183605432510376,0.6821009787646207,0.6995462721044367,0.7048906683921814,0.6028648021136342,0.0242486811214719,0.6297542160964105,0.6186480021551081,0.5990179690108888,0.6079399080568867,0.5589639152488769,0.521002712803512,0.1659725751800112,0.3767451341853255,0.3284471621922215,0.4859396942770148,0.6381249469484763,0.7757566264145214,0.6280614795186988,0.2129858699888304,0.7921189105012636,0.8562131050767415,0.7218720450672322,0.4873720975993703,0.2827312393488864,0.5209949166922581,0.0404762828442471,0.5051163041293489,0.4699801302873723,0.5565516653078039,0.5789818748556361,0.4943446088811291,0.7007163105409158,0.0691306954271809,0.785480473181008,0.7389807162534435,0.7339867203503568,0.6535872323411023,0.5915464105786685,23.0,14.127986409959489,33,13,13,46,10
-125,0.6207187693566084,0.0469074509690167,0.5984135884791613,0.6443490106612444,0.691334955394268,0.6191808208823204,0.5503154713660479,0.6946796541251252,0.0853868322506654,0.7458604396549442,0.6703789064590491,0.5465640754014903,0.7108153853706755,0.7997794637394668,0.6327258673636027,0.0552154405501898,0.6778538027052927,0.6177990286005013,0.5377564868874266,0.6345507653382202,0.6956692532865724,0.6584652428861987,0.076815617317588,0.658831663128538,0.6200559525237834,0.5447488148085574,0.6920310694207752,0.7766587145493397,0.6436257695602671,0.0601510787693425,0.6692596247102635,0.6178170830489625,0.5459178588423241,0.6577086614237555,0.7274256197760297,0.7523196447528563,0.0562334030063859,0.7528667717086837,0.7298993927791335,0.6661672518723961,0.7743088189223057,0.8383559884817626,0.6949117292057385,0.0187829146958212,0.6913133480332114,0.7293882749297402,0.6931540857661854,0.688576952977614,0.672125984321941,0.5774540334927616,0.0268399479438932,0.6034214002977195,0.5627012642178083,0.5407920369421874,0.5673514472937936,0.6130040187122996,0.6430105822989974,0.1980216579382236,0.5593717420272443,0.4158337577455224,1.0,0.5530257695364648,0.6868216421857558,0.4692625793695312,0.2500395386877667,0.6442407265936678,0.710930735930736,0.0,0.5270857929948839,0.4640556413283685,0.5037463264687079,0.0577663331340238,0.5310206062589038,0.5049935415803235,0.4225937484061015,0.4669407624203223,0.5931829736778881,0.6401343802833127,0.0501299860626242,0.7180563006051665,0.601414781166736,0.573051948051948,0.6468169747626452,0.6613318968300674,0.6903343417427756,0.0069589852270641,0.6917542706836354,0.7003664157607339,0.6931539232080633,0.679345656525005,0.6870514425364408,0.5987785771770201,0.0115302999440005,0.6106919669830602,0.6099361711012707,0.5809397453588763,0.5904002665115633,0.6019247359303299,0.5757612575399381,0.2687221353676298,0.2402810228049462,0.4157125360624547,1.0,0.469322425940073,0.7534903028922169,0.5552886448073614,0.3229086218048267,0.9294117647058824,0.7471041584677949,0.0,0.684474616292798,0.4154526845703316,0.4991127007291049,0.0509117278293582,0.435364164182457,0.4948899477846234,0.4527286889440612,0.5465880685346163,0.5659926341997668,0.7091700702951759,0.0962522822753193,0.8646694214876033,0.7653697609579961,0.597465034965035,0.6866197442048836,0.6317263898603612,11.6,7.200000000000001,13,8,1,13,23
-100,0.5404741808772087,0.1308887650323934,0.3821426201611757,0.551925653591752,0.6812219377607107,0.4010086115449667,0.6860720813274384,0.7533361113595751,0.1501808791867273,0.916489224345452,0.7877283907399143,0.5900893710403858,0.9060867827133016,0.5662867879588223,0.6937955853060364,0.1283499445642373,0.8291855474550616,0.7144966207144411,0.5962148807411461,0.8263672683747412,0.5027136092447919,0.7015456066604965,0.1175403668647806,0.8277329390380863,0.7284964499348692,0.5351824671447833,0.8192097756206211,0.5971064015641222,0.6984165805446626,0.1178081025948261,0.824587776606938,0.7186856144199127,0.5866090433534452,0.8224563512283034,0.5397441171147134,0.7887965170497624,0.0887900953157712,0.8809386102427414,0.8076431534152123,0.6882981811145511,0.8845911747157603,0.6825114657605466,0.6891102834181352,0.0319241305453307,0.6458954377607866,0.7439316456968134,0.6918899687853727,0.6744459759105336,0.6893883889371698,0.5990075960814003,0.0557639912412976,0.6899666054033842,0.5738089510942118,0.5372181758378283,0.6345306821075538,0.5595135659640241,0.6387162995576278,0.0580352535088163,0.6851827399076202,0.6302781443155775,0.6654405012693784,0.6831498715188554,0.5295302407767074,0.5365472079910583,0.081109030801597,0.6555207864031393,0.4756690279417551,0.4213547815820543,0.5732559552746719,0.5569354887536706,0.5622077895212145,0.054436299206992,0.6395898899381304,0.5338433423894174,0.4882097602136376,0.6081367581338869,0.5412591969310001,0.6403354717076479,0.0681048894994632,0.7289237055279837,0.5256820459570991,0.62167724341478,0.68331119428248,0.6420831693558967,0.6864653999155218,0.0164632542267626,0.6628245332024314,0.7131210782311179,0.6888248161836104,0.6780437447808005,0.6895128271796487,0.6159945467734559,0.0243363540580328,0.6543889948644608,0.6224523020146495,0.5932620987123784,0.6234285656411326,0.5864407726346581,0.5914045281822848,0.0858821149573433,0.4592528324944593,0.6096227118227815,0.5478732989498538,0.621197266785502,0.7190765308588275,0.5542919261368459,0.1171289733492417,0.726865781277546,0.4569395251213432,0.580942030340426,0.6116096025186935,0.3951026914262208,0.5351784076816022,0.0489283514298554,0.5204414354292711,0.4831289092692479,0.552163031103209,0.6213777807325044,0.4987808818737791,0.6828753591599441,0.0478661386933564,0.7631837859110586,0.6604814066770589,0.6562059672353789,0.707906966614397,0.6265986693618273,24.8,19.051509126575773,45,23,4,48,4
-75,0.5763080094009638,0.0958132495304661,0.4251346848905086,0.6489745732396841,0.6334310732781887,0.671484811231494,0.5025149043649435,0.7390024380854447,0.1064286843145855,0.8927803337198443,0.6698341989275896,0.6848681489356573,0.6123902904230802,0.8351392184210521,0.6754545667718075,0.0791063107230147,0.7932267334381304,0.6194972080694839,0.6626458359513575,0.5705690942885131,0.7313339621115523,0.6781574286029588,0.091314880411505,0.8077945415491371,0.6059618562605694,0.618888143106893,0.5891837694469273,0.7689588326512671,0.6772273204596873,0.0806160317723827,0.7974338046437436,0.6166149247582337,0.6478211682162318,0.5813531443553818,0.7429135603248452,0.769262752909715,0.0653151502364055,0.8622180451127821,0.7182705833683001,0.7384519920063168,0.6963145972373431,0.8310585468238331,0.6816919781944968,0.0205636594590161,0.6527914133938876,0.7108862725171176,0.6939203901724382,0.6854017376899719,0.665460077199069,0.608824350809861,0.037769407956183,0.6770305842883155,0.5844249769467015,0.5712165944201373,0.5906971018434922,0.6207524965506585,0.5134188897363006,0.0856281651355438,0.6223795542575447,0.4045173854665833,0.4213027910888874,0.5696044671312049,0.5492902507372827,0.6694584055279242,0.0926999755218562,0.6963927412456825,0.7694264069264068,0.7455882352941178,0.5139025858277195,0.6219820583456946,0.5386421444295166,0.047100725408446,0.6070825318681276,0.5221420834853242,0.4875127034522473,0.4962753830322786,0.5801980203096057,0.6916820178810046,0.0575311099837967,0.7498069270796545,0.6276260504201681,0.7655019223201041,0.6321090459248354,0.6833661436602613,0.6835739558393306,0.011570950764916,0.6976684927940369,0.69210745529695,0.6823711828751997,0.6819988922639326,0.6637237559665333,0.6252141887702265,0.0243882042881383,0.635582003756126,0.618638451046067,0.6442286982492442,0.5806328238940204,0.6469889669056745,0.4298017855224746,0.1219222630506274,0.2974679639871027,0.4172572790045471,0.3413265256805927,0.4425536881419234,0.6504034707982075,0.7278025509843692,0.1300694604703155,0.8807486631016043,0.7628869867506232,0.8433579566600957,0.5597058244785518,0.592313323930971,0.5050161624503656,0.032516355070104,0.4665667414877126,0.5003800899527522,0.503471791541622,0.4899919856714989,0.5646702035982423,0.737703792048712,0.084816582477562,0.8457300275482095,0.778316454787043,0.7685360094451006,0.5950785325785326,0.7008579358846739,19.2,14.17603611733548,41,7,11,6,31
-50,0.5339721944183111,0.0544442764730367,0.5740999281406403,0.5681677870452404,0.591641447506845,0.469485767185688,0.4664660422131419,0.8059931919549678,0.0518079459397118,0.7694260369468781,0.7707014856397929,0.7520086902317855,0.8673254530306485,0.8705042939257338,0.7090221428171838,0.0314952042984338,0.6953799217185314,0.6782784184508004,0.677994306903817,0.7434043626792061,0.7500537043335641,0.7371104795509787,0.0552703465428121,0.6981762595043844,0.7075564167246153,0.6753381626543391,0.8193435402316981,0.7851380186398568,0.7193525773934699,0.0394911521419069,0.6976279287316778,0.6910268184351518,0.6747292548937768,0.7717217386053722,0.7616571463013707,0.8112396136467555,0.0381881319319838,0.7841200752130998,0.7848510868163056,0.7728009264823397,0.8660223053037003,0.8484036744183318,0.6828430045734752,0.0224632556986739,0.6677350076762113,0.7263017459349199,0.681961021640084,0.6728523644534025,0.6653648831627585,0.6183784633340906,0.020453673434549,0.6408522343737743,0.5899812499035427,0.5977287075298439,0.6323021744854966,0.6310279503777956,0.6704008679957665,0.0715357826888911,0.6778970497870019,0.5342457230826215,0.6831874898719819,0.7207302204628407,0.7359438567743858,0.5111685284412557,0.058111250926943,0.575228856111209,0.576775875639512,0.4384746047179202,0.5106917147024098,0.4546715910352274,0.5697109707502737,0.035717575075932,0.5782250833026055,0.5330403947131722,0.5231367411342813,0.6070151736408754,0.607137460960434,0.6378585769494005,0.057938866758172,0.6900873726495675,0.5277919536379626,0.6353066541301836,0.6605674836224036,0.6755394207068848,0.6747305263172497,0.0118441502930666,0.67266906933351,0.6960694356398149,0.672016360542991,0.6594745408404957,0.6734232252294367,0.6391571210900835,0.0039939109407168,0.6438867830245715,0.6332736335940532,0.6429282699838391,0.6362477187844835,0.6394492000634696,0.6306064918872466,0.1241143521742137,0.4357038602014679,0.565376608782212,0.709444185532702,0.643373864697394,0.7991339402224571,0.5369873545943065,0.141722037952718,0.7730201171377641,0.5588334645152827,0.5125756373751027,0.5107733175914994,0.3297342363518834,0.5550905140457851,0.0347113600910074,0.5394510090947904,0.5126119362739467,0.6029720627339076,0.5887599009440898,0.5316576611821915,0.6922999278431603,0.0584021133054167,0.797207367795603,0.6923596870965292,0.6836557943335437,0.6699712435358369,0.6183055464542889,25.4,7.552483035399682,17,21,20,35,34
-25,0.5547811858355999,0.0768871386460634,0.5844348799437284,0.6277816873043776,0.6122816316783428,0.4146260414272547,0.534781688824296,0.7801440704821729,0.0695461637267686,0.7524933057085973,0.7118236018362346,0.7243378122681722,0.901412058678347,0.8106535739195142,0.7017239068541651,0.0464378112318779,0.6587180146856648,0.6691432525527374,0.6710120682565033,0.7801560521435442,0.7295901466323755,0.7093029923830041,0.0707291331088474,0.6839198224913202,0.6491195436507936,0.6483817372374359,0.8386982900140796,0.726395568521391,0.7092788042626672,0.0505877441863441,0.6763296885824711,0.666699860526633,0.6760022226834975,0.8015653748048617,0.7257968747158731,0.8007617240078184,0.0474774929197691,0.7626248583449148,0.7593639963729943,0.77830558353204,0.8863767107720282,0.817137471017115,0.6830789836970242,0.0248632535761371,0.6666601462797686,0.725250861861489,0.69748070565137,0.65917738459327,0.6668258200992238,0.640759475154041,0.0192019094953481,0.6567823030161195,0.6220538318633239,0.6193998329359292,0.6684599950517397,0.6371014129030931,0.5695024913975525,0.2044145499260685,0.5697183730676554,0.5706501608908027,0.1958547468574206,0.7529261291293377,0.7583630470425462,0.6191345033457333,0.1675981019441943,0.7082389016212546,0.560202676111767,0.8943404634581106,0.5241804986457393,0.408709976891795,0.545289804595191,0.0830221270039938,0.5766979185057076,0.5333226588420429,0.3906059248386798,0.6243406181853318,0.6014819026041933,0.6536183206059342,0.0650753062961068,0.7490325212194541,0.5515262515262515,0.625206611570248,0.6817568047700575,0.6605694139436598,0.685551788590171,0.0094659176174657,0.674096557227048,0.701423623345115,0.6883261637254194,0.6859140937978571,0.677998504855416,0.6336777293933468,0.0229784742136344,0.6481151241132682,0.630616676729681,0.6605397293995837,0.5925404915754181,0.6365766251487824,0.5298644244795018,0.2205598991640741,0.3756800921035371,0.5937231701879457,0.1926165620663228,0.6721076309311603,0.8151946671085429,0.6205354716584663,0.2309230906881544,0.8292655873538227,0.4998688180506362,0.949733978143069,0.4927538370720188,0.3310551376727847,0.5158776951158943,0.0581176524185917,0.5170152519251785,0.4911245315917042,0.4230953851859743,0.595189445031698,0.5529638618449164,0.7253393749824384,0.0930984848015186,0.7983289437834892,0.6757397568761205,0.8688311688311688,0.66464038982211,0.6191566155993034,21.0,11.781341180018511,15,10,14,43,23
0,0.5956017535179854,0.0387900375929676,0.5853688810020685,0.5400932086631656,0.6087263179942966,0.6591989453881979,0.5846214145421982,0.7365920585231173,0.0488426493753504,0.7513492119740679,0.794806423712608,0.7285676824043544,0.6486753640427758,0.7595616104817803,0.6646667270439418,0.0470681681881443,0.6901947205969554,0.7272157154098909,0.6555750390918104,0.5844861779202181,0.6658619822008339,0.6747411022822207,0.0319764428525099,0.676545327388255,0.6995083552068847,0.6506219628002716,0.6292936000886368,0.7177362659270555,0.6676202143925176,0.0363997890254932,0.6842395563251193,0.7125519999591986,0.6560072885437426,0.6042591659336347,0.6810430612008929,0.7657416035976409,0.0265377848154354,0.7676157688952775,0.7947704534403935,0.7528199903865057,0.722498530451317,0.7910032748147107,0.6868481343442744,0.0232008497608385,0.6696238842877474,0.7321281270547346,0.6816762414845553,0.6806911338459362,0.6701212850483981,0.6228934595380224,0.0092630418181746,0.6397414822781591,0.6250320479431442,0.6147320825713205,0.6147069132405028,0.6202547716569854,0.5367959888660093,0.0705889902007147,0.6339691342681774,0.5368259562778279,0.4171520398793126,0.5267451057558009,0.5692877081489277,0.6611831320788539,0.0743351464448859,0.6281689715513245,0.6233225108225109,0.8093137254901961,0.6319973030534528,0.6131131494767857,0.5558554860813948,0.0277120874689734,0.5833874690911167,0.552048172689556,0.5139094021301384,0.5410725821069333,0.5888598043892298,0.692570693148084,0.0728866344209964,0.7051069359063089,0.591513498482502,0.8143689863057453,0.6558811064158657,0.6959829386299975,0.6787644776430997,0.010477499907455,0.6745478727600791,0.6984612074765292,0.6766093319112604,0.6770883148366754,0.6671156612309542,0.6357293553490505,0.0187086694870194,0.642333097829924,0.6380430190401708,0.6539178063869785,0.5997830614683889,0.6445697920197904,0.4774467799652089,0.1160735105088475,0.3795417607379329,0.5700349938753798,0.3196852841470066,0.4847519310754605,0.6332199299902649,0.6830829123342492,0.1103120837544636,0.8018812070282659,0.5686639118457301,0.8282064415085806,0.6348140495867769,0.5818489517018929,0.5234565748598785,0.0351205754547211,0.4928286553316295,0.5271469184738616,0.4788204784156061,0.5410526219206185,0.5774342001576765,0.705101756390294,0.0425100847405453,0.7187062937062937,0.6981740959731391,0.7791551882460975,0.6592658404859363,0.6702073635400034,14.6,6.406246951218788,13,25,14,5,16
25,0.5598660686984658,0.056620664522468,0.5659832507371902,0.5639072740450501,0.633746849372983,0.5769484573975205,0.4587445119395852,0.7733062852578694,0.0500856930634496,0.7795417994501578,0.7715599194436282,0.7000392347172596,0.758870594970426,0.856519877707876,0.7053785638287842,0.0457194354986153,0.7105668301727979,0.6892502436819156,0.650140589590139,0.6888525922230933,0.7880825634759753,0.6984993326247196,0.0484024769654966,0.6999865509286467,0.7468002917221668,0.622105843261271,0.6718713118988854,0.7517326653126286,0.7053718113610716,0.0411856825857891,0.7055144761351966,0.7100614209819209,0.644279081345347,0.6938513874457082,0.7731526908971859,0.7962226460003332,0.0325570367646408,0.7875035513108755,0.8145375118249055,0.7431142141074291,0.7943023536168855,0.8416555991415708,0.690939124064012,0.0373350154359731,0.6670448834245856,0.7648989341475747,0.6741354194554415,0.6674895286560059,0.6811268546364524,0.6360280153614762,0.0199330583034423,0.6649821835527576,0.6302368545558719,0.6236384205886211,0.651892396076888,0.6093902220332427,0.6120389556179273,0.0977708452889927,0.6166191995139363,0.5176840019754458,0.5414642027609942,0.5896586182682438,0.7947687555710169,0.6089273901974437,0.1255852132121202,0.6856548680078092,0.6494736324281779,0.68630084265111,0.6639138713336574,0.3592937365664638,0.5735146569802746,0.0186059443349939,0.5824039845902096,0.5566401271618837,0.5467844272110599,0.5858698671558803,0.5958748787823396,0.6894760141636607,0.0608654282936155,0.7543165646613924,0.5874835309617917,0.7318597370084784,0.7193114088371004,0.6544088293495407,0.6876678564331749,0.0260360534384921,0.689891744743694,0.7374437559734691,0.6716684373942289,0.6684844873168252,0.670850856737657,0.653044291203227,0.0249819261842145,0.6497415979111779,0.6392718011042601,0.6656141648315955,0.6182042023076448,0.6923896898614567,0.5473365810357025,0.1885448210859836,0.3358252207654121,0.5477321333372251,0.4878685522345808,0.4671473134708428,0.898109685370451,0.6301014819998777,0.1955945898248164,0.8549274255156608,0.6221369539551358,0.7186846130696398,0.6849616292798111,0.2697967881791411,0.5340767591912055,0.0243811029017597,0.489481839336599,0.5283391575197949,0.5590308581834236,0.5450594063533871,0.5484725345628224,0.7143325961455899,0.0600385076336136,0.8096385937295029,0.7155824478551751,0.7259472108402589,0.6986725692608047,0.6218221590422077,20.2,8.863407922464134,14,21,10,20,36
50,0.5729010201990604,0.0500516679043197,0.5778122590854764,0.5365158962085843,0.6675696279853582,0.5308413933962584,0.5517659243196249,0.7569757271235102,0.0660767359680618,0.762523858236298,0.8027258460736895,0.6284226958557003,0.8055224821339464,0.7856837533179173,0.686422448372326,0.0473301448420595,0.7030476081914805,0.714396041914256,0.5968179632386205,0.7323781763112638,0.6854724522060092,0.6908953928231212,0.0567784162219155,0.6930893325424576,0.703535419447039,0.5831540115317688,0.7334593715108423,0.7412388290834983,0.6887944168779438,0.0470305772500914,0.6944275080325962,0.7083793410257198,0.5987026062552376,0.7357784106683609,0.7066842184078047,0.7772987584150026,0.0427208754698675,0.765625577633366,0.7909783916096803,0.7005572206109165,0.8224135706914345,0.806919031529616,0.6758437622677197,0.0098897284316881,0.6702192805030129,0.6922551989555359,0.6804818456823175,0.6632534428076311,0.6730090433901007,0.6497694753092405,0.0177869075519384,0.6609938705632484,0.6616728363177228,0.6324517797821608,0.6691961753709749,0.624532714512095,0.7057177922136194,0.0620794113621272,0.6555962910029896,0.6235777368798759,0.7063586591661458,0.7455695225748702,0.7974867514442153,0.4954288640652278,0.0933312775948391,0.6226678550207961,0.5087317985045258,0.4160911058638332,0.5623446072643934,0.36730895367259,0.5795251639142786,0.0396350528461608,0.5807013053561454,0.5556953495277712,0.5237717991239923,0.6422145747126575,0.5952427908508262,0.6510658528426789,0.0631845783193298,0.7237864738371839,0.5448698717977714,0.626128755954528,0.7033774185204086,0.657166744103503,0.6786111213944175,0.0126923743558074,0.67332247170535,0.7000113942406394,0.6826009858738292,0.6614334420724348,0.675687313079834,0.6442009055301332,0.0152902578783755,0.6617108264073855,0.6309818195678678,0.6406870604172621,0.625441653934301,0.6621831673238495,0.6400518462883763,0.1602648871469822,0.3802885139846861,0.6366044860871646,0.7093259664312295,0.600398947457771,0.8736413174810305,0.5184233933030724,0.1823664171318553,0.827501909854851,0.4347435392889938,0.507938607738073,0.5533598976780795,0.2685730119553648,0.544442301784445,0.041656554384414,0.5121413324136461,0.4886789782059775,0.5993961705703236,0.5828534506845732,0.5391415770477045,0.6878035606528062,0.0639717366909909,0.8092701416230828,0.6669913994051925,0.6749679879138144,0.6689322307145273,0.6188560436074142,18.4,7.657675887630659,15,24,5,26,22
75,0.5626797322183847,0.0798742069941262,0.5804775645956397,0.5944382594898343,0.6389383282512426,0.5915437173098326,0.4080007914453745,0.7700279751485486,0.0729242445238263,0.7543752340108509,0.7454646345439289,0.6920998908882414,0.7494459531289569,0.9087541631707649,0.7119862331366195,0.0627161167963945,0.7096353806869291,0.6813934328999026,0.641774914764897,0.6984676076373206,0.8286598296940475,0.6918543835496719,0.0507322604649701,0.670202236999112,0.6938188837521269,0.6251623606173237,0.6891226165582784,0.7809658198215184,0.7029750085299125,0.0538769433699567,0.693208084641128,0.686986075006977,0.6362973065775817,0.6970156971787842,0.8013678792450915,0.7833393325854143,0.0361789675765107,0.7712006025074427,0.781770400544588,0.7327750288711977,0.7857046373711428,0.8452459936327005,0.6886954697695644,0.0272491711956994,0.6606451598080721,0.7280910448594526,0.7146309993483804,0.6682979572903026,0.6718121875416149,0.643538930236206,0.0172142261852243,0.6751400652239291,0.6242817004556642,0.6333875724876727,0.6442759033709903,0.6406094096427739,0.5988426708694333,0.3175902678373016,0.7981341093781286,0.5287192011790942,0.0110294117647058,0.7611528771288131,0.8951777548964249,0.575120660682158,0.2379368219243589,0.4566920008096478,0.6549390003935458,1.0,0.4434231543857211,0.3205491478218751,0.5280668436175177,0.1292415449608878,0.6114350293167667,0.5488869732318471,0.2745928340789884,0.5834617067603305,0.6219576746996556,0.5502175538789124,0.1861007933893272,0.6581589264197961,0.5919730145421844,0.1818181818181818,0.651227045511758,0.6679106011026414,0.68503484509208,0.0222240258339889,0.6640405058860779,0.7031994949687611,0.7195703712376681,0.6705023863098838,0.6678614670580084,0.6628423500467969,0.0355758795433252,0.6672186219689524,0.6547293456998321,0.6676862357579797,0.6065251324358943,0.7180524143713263,0.5610927297282613,0.285657374135623,0.6489699282641866,0.5279543156345062,0.0410040252145515,0.6927414905356082,0.8947938889924536,0.5837426595982744,0.2517229128624416,0.6136885173649879,0.6744637937819756,0.9777892561983472,0.4262790240062967,0.2264927066397654,0.5076636533667149,0.1163505617774535,0.6055668482008207,0.5428068601784596,0.2799014716826462,0.5709280622742616,0.5391150244973865,0.6324976235109214,0.1259302074169321,0.7579282126073569,0.7452530988416156,0.4090909090909091,0.6454264273008996,0.6047894697138257,18.4,14.008568806269968,14,12,7,13,46
100,0.6132814479991794,0.0395905999993094,0.6615369282662868,0.5874998513609171,0.6139006335288286,0.5538978585973382,0.649571968242526,0.7176694754797491,0.0508238542139258,0.6449096450460468,0.7545180323606363,0.7250476684196036,0.7857969740081007,0.6780750575643586,0.6588098095278382,0.0305949397898179,0.6008473556735122,0.6767933652380582,0.6703976058885348,0.6881693476290558,0.65784137321003,0.6655705538334215,0.0460551951039056,0.617345912359699,0.6859488601676103,0.6546633105456633,0.7440854259098745,0.6258092601842602,0.6632104178322275,0.0332948195726232,0.6098928438499354,0.6814289155146143,0.6675272931539683,0.7092253679946758,0.6479776686479435,0.7611819552190585,0.0348816897380036,0.7079135624813354,0.7779820141964587,0.7587155538551147,0.8138144988933494,0.7474841466690345,0.6827915527603844,0.0224260140127191,0.6774995110251687,0.7269387516108426,0.6714071089571173,0.6651367545127869,0.6729756376960061,0.6486725401707993,0.0166250886553497,0.661197850913628,0.6541707781597488,0.6430282219637166,0.6657892848943985,0.6191765649225052,0.711618477253917,0.0985146941070538,0.7911670533082016,0.5262841362440293,0.7623017802162187,0.7825401648262612,0.6957992516748742,0.4891030330335143,0.0913891000754294,0.4548760879643232,0.6703610783156237,0.4556728476514574,0.4232550871588305,0.4413500640773368,0.5887018764400559,0.0161503363716582,0.5844480001573101,0.5623667330987163,0.5972727232350432,0.6114725997347669,0.587949325974443,0.6449344862004526,0.0264462809571247,0.661576480000133,0.5923057183822734,0.6599460065010304,0.6538474152110515,0.6569968109077741,0.6825405868616972,0.0131227575991097,0.6833363771438599,0.7056966098872098,0.683771778236736,0.6682770414785906,0.6716211275620894,0.6381421122809194,0.0186198683278596,0.6274033649614082,0.6270111735630293,0.6693335512077596,0.6180228143254548,0.6489396573469451,0.6744203956711757,0.0908668002310938,0.6182857971374718,0.5229078030781122,0.7571178462685638,0.7205914183855359,0.753199113486195,0.4961868553312403,0.0812924456589351,0.5202623357035122,0.6312786960514234,0.5045958275236351,0.4052833530106257,0.4195140643670056,0.5630729787669932,0.0354516462701879,0.5512516995447595,0.5141557527206078,0.6206424673459993,0.5793576762461549,0.5499572979774446,0.6797146182867497,0.0332438329759325,0.7059473533002945,0.719178725950101,0.6923957860321497,0.6454154852844265,0.6356357408667764,10.2,5.30659966456864,4,14,10,18,5
125,0.6080616150051356,0.0256800693934921,0.6103938361629844,0.6529921032488346,0.5892442185431719,0.6098776534199715,0.5778002636507154,0.7271170800306701,0.0371473799640264,0.7282201964675409,0.6583844629415618,0.7577976491526196,0.7290032881883101,0.7621798034033178,0.6802786440691906,0.0287872480198944,0.6904426629299699,0.6326719910412198,0.7217993922754196,0.6827969718372406,0.6736822022621024,0.6501387755637467,0.0351783929357715,0.6265289729673922,0.609310462928884,0.6540240447869125,0.6478974813993196,0.7129329157362247,0.6732742681805828,0.0247205320252563,0.6809634247321941,0.6265207868790794,0.6955949402616214,0.672369106284001,0.6909230827460182,0.7630447804185017,0.0229415674522896,0.761971720257082,0.7232845627401064,0.7709177626480175,0.7646189424234607,0.7944309140238416,0.6683740691705183,0.0099404710498059,0.6522149822928689,0.6819343187592246,0.6703264225612987,0.6639513806863264,0.673443241552873,0.66035145471121,0.0248048607225225,0.6954591080661919,0.670472944687517,0.645127579268622,0.6683650026815134,0.6223326388522058,0.7001238198061153,0.068604475657715,0.7282266444347786,0.5802674375535338,0.7580561150079866,0.6698674097738269,0.7642014922604503,0.516322977379127,0.0774285203603362,0.5708712039594392,0.5845828414010232,0.4793347917679468,0.5663923420607913,0.380433707706435,0.5912792428267367,0.0204640486450839,0.6166933016948225,0.5556156099163269,0.5943300580526164,0.6032720362135403,0.5864852082563776,0.6516547524284839,0.048804389760333,0.6924142611889648,0.5577762853454553,0.6785447389600994,0.6783299777370924,0.6512084989108079,0.6732498819177801,0.0041704190697151,0.6695268696004694,0.6784880486401644,0.6706380464813926,0.669425595890392,0.678170848976482,0.656721913065016,0.0215419017842316,0.6749102752898652,0.6414749286572338,0.6818099359038793,0.623540208955483,0.661874216518619,0.6731635413878343,0.1215262040077656,0.525838287178,0.5903438091010748,0.7548756187990637,0.6299359137594431,0.8648240781015901,0.5027579476376267,0.135837161035203,0.6996988305811835,0.5799193231011412,0.451814050477152,0.4912386855568673,0.2911188484717896,0.5698043898816427,0.0225685094308164,0.5648138656591516,0.5431057889778139,0.6097886799042125,0.5750328177382822,0.5562807971287533,0.6869208350195017,0.0490259531894937,0.7689685314685314,0.7087987769805951,0.6748202371138897,0.6559232081987499,0.6260934213357426,11.4,4.882622246293481,10,5,18,8,16
150,0.6246565356850624,0.0461443845275341,0.5570313986390829,0.6480538696050644,0.6547193862497807,0.6792880855500698,0.5841899383813143,0.6934702517033143,0.0713029814157653,0.7877131886210802,0.662746111953626,0.6578932913898105,0.5960164648445702,0.7629822017074852,0.6523903469818297,0.0489325487662098,0.7089163859670489,0.6267009420170386,0.6607045304895053,0.5724770805783769,0.6931527958571788,0.6394343514457678,0.073320914396923,0.7389644362989951,0.5897771629546494,0.5797332773435714,0.5705406036977728,0.7181562769338503,0.6500505868157744,0.0521068137751569,0.7189427844401973,0.6146811921916309,0.6304387332832891,0.583525450412257,0.7026647737514978,0.746065114813508,0.0485135645914069,0.8045565643560516,0.7071630900167086,0.7262854854903961,0.6894065356405721,0.8029138985638117,0.6707209652120417,0.0127354058996272,0.6543275713920593,0.6784602512012828,0.6719178774140098,0.6895007328553633,0.6593983931974932,0.6669404369543279,0.0255170312416361,0.7084567136627015,0.6796756538359144,0.6490674205288176,0.6626915340860862,0.6348108626581197,0.6021367074482017,0.1499385100164427,0.8204499713471005,0.5824526780409134,0.351485539119229,0.6376474832357185,0.6186478654980472,0.5955522463276474,0.1231608804190553,0.4487308443190796,0.585340417158599,0.8228872954140335,0.5565406741208879,0.5642620006256369,0.5716981289327229,0.0479265702543386,0.6231494268780374,0.5622157927597233,0.484249164270397,0.5886895144480204,0.6001867463074358,0.6656064575952362,0.0684403387206906,0.6641631141974392,0.5533833435747312,0.7667464114832536,0.6557988919795842,0.6879405267411728,0.6748378461057489,0.0109897597804907,0.6714927012270148,0.672678448937156,0.6823811314322732,0.6900825717232444,0.6575543772090565,0.6520817427349819,0.0122481206455067,0.6480705494680167,0.6600038503244154,0.6584428681132172,0.6299455534624319,0.6639458923068284,0.5863021167440948,0.1452361398146774,0.5977676456982677,0.6166787951256679,0.3110028514813204,0.6768323996265173,0.7292288917887005,0.5859310520139397,0.128401424662193,0.5585669232728055,0.5407893873802964,0.8346135816055603,0.4640348288075561,0.5316505390034801,0.5572051444394232,0.0396336716002874,0.5551876974426814,0.5488336855996736,0.4895303800538027,0.5874863747661141,0.6049875843348441,0.6958569059210495,0.0252007779615602,0.7193593948139403,0.6951634572324227,0.7246919746919747,0.6549098719764355,0.6851598308904748,8.4,4.841487374764082,16,5,6,3,12
175,0.5777208099141717,0.0606078592211677,0.5820578690618277,0.6288176719099283,0.6281020883470774,0.5864580078050494,0.4631684124469757,0.7548385296797292,0.0575208445616526,0.7626228182507938,0.6986261732502973,0.6992143036485033,0.7577967686901849,0.8559325845588666,0.6969297776512093,0.0518089203997824,0.7205498950065431,0.628510503907754,0.6579771885003914,0.6990738460347004,0.7785374548066575,0.672335556009608,0.0403527513154529,0.6724196121484725,0.6456866866793337,0.6380739588230397,0.6558032062966275,0.7496943161005665,0.68757004281164,0.0467455045729902,0.7059791763674901,0.6342860305499174,0.6544451362941343,0.674995350073986,0.7681445207726719,0.7717068819511317,0.0356327161866034,0.783062224341491,0.7360934534913832,0.7471178328787658,0.7564218258575359,0.8358390731864829,0.6582847811959007,0.007800568020522,0.6444176760586825,0.6676243814555082,0.6614385680718855,0.6563420349901373,0.6616012454032898,0.6738076811517696,0.0317730321812354,0.7201453908734728,0.6892145227581391,0.6660010509024545,0.6707915974585427,0.6228858437662388,0.6556468535747222,0.1035953210150173,0.735987523906184,0.4979266499988426,0.7978537282681667,0.6215629364693536,0.6249034292310642,0.5861930182117348,0.0939422957645368,0.6176424882307235,0.695159386068477,0.4146213857443804,0.6276636687732945,0.5758781622417986,0.6011068607015098,0.0292820002253284,0.6480717697612,0.5582138269574289,0.5872245894926653,0.6053704701826972,0.6066536471135568,0.6732543225318467,0.0456891730370045,0.7175593346047893,0.5901091661961226,0.6602764787547396,0.7041870191602811,0.6941396139433009,0.6661840167912569,0.0068534585897237,0.6690840396014127,0.6657262552868236,0.6728287610140714,0.6700306968255476,0.6532503312284296,0.6546551926243029,0.022970400805056,0.6433814770673273,0.6748241446836251,0.6803724684064801,0.6168072471757298,0.657890625788353,0.6290949996933672,0.1082913777787791,0.5415125623977298,0.5263367054810905,0.820003003376209,0.5843190306425602,0.6733036965692469,0.5834660778912116,0.0945941819859804,0.639547707194766,0.7204447068083432,0.4371691365675322,0.5730421094057457,0.5471267294796707,0.5904636373774048,0.0308695310467183,0.5558879520892531,0.5642682864218012,0.6394961075111808,0.5820171037283053,0.6106487371364838,0.710530340070863,0.0448958790211231,0.7420949523785155,0.783466400691281,0.6822635730540868,0.6777702403711962,0.6670565338592358,16.2,11.634431657799189,13,7,9,13,39
200,0.5968761337921024,0.0359552196703795,0.5988562200218439,0.6454236898571253,0.5991312712430954,0.5337083479389548,0.6072611398994923,0.7370313605178549,0.0440657112093743,0.7435117388965167,0.6654909791913162,0.737288784284984,0.8044266471393502,0.7344386530771074,0.69561601226529,0.0343749838539974,0.7090901081130566,0.628154477424021,0.7022365206700877,0.721529213477049,0.7170697416422362,0.6607744981733953,0.0451623403327262,0.6481984161671661,0.606900378522621,0.6551915965978468,0.7442886999642516,0.6492933996150909,0.6852255220025502,0.0347003302187251,0.6820202009035625,0.6237916889406505,0.6982830062097147,0.7301911115670213,0.6918416023918013,0.7689523503020759,0.0338337196979093,0.7520606817288321,0.7177549994778615,0.7823670731251036,0.8201904567605074,0.7723885404180744,0.6595438046888871,0.0065472767271334,0.6479302590543573,0.6637281125242059,0.6588777303695679,0.6598006432706659,0.6673822782256387,0.6755381351071078,0.0284590378138646,0.7041330583702347,0.7015590637081279,0.6776280458808868,0.6688956927467956,0.6254748148294936,0.6980244643387546,0.0596891544577293,0.6624507204650745,0.6172339321403492,0.6770441234344977,0.7753404943244515,0.7580530513294008,0.540874390018775,0.0932294526988303,0.699647982736218,0.560698949001088,0.5490965807810727,0.4604654258397573,0.434463011735739,0.608113884813923,0.0204871491728166,0.6329024251067384,0.5791034671449948,0.5891160570935539,0.622177869845894,0.6172696048784337,0.6708123359766295,0.0486790724799517,0.7408476093284707,0.5884681362887714,0.6829643182904053,0.668145743145743,0.6736358728297568,0.6684329791502519,0.0086073185419665,0.6839575984261252,0.6661595106124878,0.6671528924595226,0.6674949906089089,0.657399903644215,0.6580780499840532,0.0243696705739351,0.6405243735567079,0.6767051616804944,0.6863438367422675,0.6201173065644991,0.666699571376297,0.6475127486640905,0.1366943391755837,0.3799387242210209,0.68081850658577,0.6930566257240898,0.7213946184534421,0.7623552683361297,0.541241957685808,0.1365733857284723,0.7802146383028737,0.4706562377016922,0.6043657768256698,0.4394136166863439,0.41155951891246,0.571888231285292,0.0492998081517353,0.4903977822415123,0.5555680191108637,0.6397704935068528,0.5965852811021596,0.5771195804650717,0.6875128334876679,0.0394786604413225,0.7412271106789824,0.6761558969417606,0.7237556953299314,0.6619254748441352,0.6344999896435304,12.2,6.3999999999999995,8,6,16,23,8
225,0.6314451929181815,0.0443891133857064,0.5886522615328431,0.659741535782814,0.6818591132760048,0.5685785198584199,0.6583945341408253,0.6794206571681927,0.0722715047816079,0.7471946907807457,0.651100274583185,0.5829437734916764,0.7778853817163724,0.6379791652689834,0.6426415205171432,0.0591672872301014,0.7184243473660582,0.606872596831815,0.5673697050820695,0.7060633814322487,0.6144775718735244,0.6265157462238053,0.0621331723103402,0.6703656320674509,0.6092786697360517,0.5558099851322568,0.7230985466739142,0.5740258975093534,0.6394940822873433,0.0551627077208836,0.6985667164551408,0.6104316085307154,0.5698649267598773,0.7105254816094851,0.6080816780814975,0.7352141019021026,0.0498475268158608,0.7723199496236328,0.7140147751070739,0.668582846220472,0.8099292841178001,0.7112236544415338,0.6703254883939571,0.0125655274712417,0.6536595821380615,0.671613102609461,0.6900771260261536,0.6607104323127053,0.6755671988834034,0.673341743801295,0.0294252410507412,0.7077334542792871,0.6973909441531433,0.6519216286721301,0.6815144799310908,0.6281482119708236,0.7085339822080972,0.1079292258122751,0.6318051499271595,0.778277330215833,0.5335028088370334,0.8116087344028521,0.7874758876576078,0.523621966269025,0.1433053456073403,0.6845630676513029,0.4127393106002731,0.7128220709771511,0.4097417065999953,0.3982436755164027,0.6026657039403875,0.0169270758864345,0.6103457730770907,0.6020747936661976,0.5703890642429437,0.6125844875483621,0.6179344011673433,0.6920320276608627,0.0392047581390671,0.7346070596070594,0.6491968663520388,0.7436149674239959,0.6609040967892642,0.6718371481319553,0.6759802861647172,0.0084599795319276,0.6766041354699568,0.6758536371317777,0.6909409111196344,0.66559068181298,0.6709120652892373,0.6484939664566515,0.0204888466615736,0.6384992205174973,0.6747019835901782,0.6253714587336702,0.6325360895046724,0.6713610799372393,0.6319225698499735,0.2136418575358305,0.3209337738285107,0.8509920467168782,0.4323126859849348,0.7535003395297513,0.8018740031897926,0.5092358369497407,0.2025480559546582,0.8000543574072986,0.3009231929686475,0.7011228299329905,0.4087317985045257,0.3353470059352412,0.5391991619716849,0.0481696683072337,0.45951161470113,0.5758517478162374,0.5238841948839094,0.5997680921246998,0.5369801603324481,0.6761783163761956,0.0438832343889515,0.7498376623376622,0.6598565478104463,0.6928489439853076,0.6606226974646234,0.6177257302829385,8.0,5.329165037789691,14,4,3,15,4
250,0.6313126428052783,0.0305771488793687,0.5971852680668235,0.6716116741299629,0.6485646851360798,0.593967292457819,0.6452342942357063,0.6888140091399644,0.0483597562110274,0.7402951123641484,0.617749282591225,0.6663224605854678,0.745919593045961,0.6737835971130193,0.6535285365268603,0.0421824692612698,0.7074284954234624,0.6040924415758259,0.6341178888104892,0.7001119916601792,0.6218918651643448,0.6159885901475975,0.0371491424458684,0.6609109640359643,0.5641213922923481,0.5960704226329225,0.6562018378884189,0.602638333888334,0.6412905704421774,0.0374158545860213,0.6877121232361082,0.5958125737113475,0.621574774432997,0.6839303444474452,0.6174230363829897,0.7337160327954639,0.031176432986593,0.7604868342871439,0.690530227990319,0.7200676131198095,0.7773831791488527,0.7201123094311949,0.6640276778828014,0.015024909092323,0.6432098366997459,0.686968982219696,0.6623985929922624,0.6546624465422197,0.672898530960083,0.6778930568457083,0.0302997815590138,0.7186734257051155,0.6859969357922233,0.6679340434520915,0.6900919587876473,0.6267689204914636,0.7182372825509978,0.0969502199629977,0.5837766765398344,0.643852968184519,0.7128381793488745,0.8395832851046755,0.8111353035770857,0.5095426513474641,0.1261544154290511,0.7292144130379424,0.5527444035465425,0.487029191842026,0.3948066416649304,0.3839186066458793,0.6053541934755362,0.0116501785180955,0.5913165784262724,0.6005559118081444,0.5975537728479623,0.6140375980285965,0.6233071062667058,0.6762112595465178,0.0268628861117355,0.728909978909979,0.6612016544175465,0.662668314891788,0.6560542437829237,0.6722221057303516,0.6743454694747923,0.0093232330805723,0.6824415163560347,0.6881372440945018,0.6697713299231096,0.6676948449828408,0.6636824120174755,0.6618506801170876,0.0136392621780804,0.654514396503881,0.6775120525512878,0.6626312470336448,0.6401371128685633,0.6744585916280611,0.6822381995709189,0.1982688716547057,0.2902255639097744,0.7436910415142222,0.7586885602435841,0.7872485357779474,0.8313372964090667,0.5127820738382235,0.1705600851794413,0.8251755597343832,0.4719188639643184,0.5422169408131974,0.366646989374262,0.3579520153049564,0.5747992804289819,0.0709056083729997,0.4393014153286836,0.6080220437934346,0.6463763729303365,0.5964783318465705,0.5838182382458844,0.6874821225962395,0.0409256384210397,0.748967698967699,0.6952732196803342,0.7068795988618796,0.6537645487945338,0.6325255466767508,6.6,2.939387691339814,9,3,5,11,5
275,0.6109576342627406,0.0335262116733974,0.5780887184664607,0.6581984590739012,0.6123713105916977,0.570039227604866,0.6360904555767775,0.7177392133959587,0.0453199701434037,0.7568299105854244,0.6473725894399942,0.7211983420486645,0.772824677644468,0.690470547261242,0.6817652230656042,0.0300601913644694,0.7204248463284316,0.634176481987636,0.6751460046614594,0.7067749843512481,0.6723037979992461,0.6518793223567798,0.0439021812854399,0.6753398664244252,0.5720989080364082,0.6583380400451803,0.7036139437564071,0.6500058535214784,0.6722247427321861,0.036649308812372,0.712487963384755,0.6104460090810202,0.6708965761396998,0.706179219281296,0.6611139457741602,0.7610588314388143,0.0335954866578157,0.7905985562586278,0.7005101602044327,0.7649907393679164,0.7936039782317359,0.7555907231313579,0.6636831717057661,0.0066633155578203,0.6532848531549628,0.6696652390740134,0.6588470881635492,0.6658702655272051,0.6707484126091003,0.6845004562182292,0.0226696233232491,0.7091980706547183,0.6969378178268554,0.6895603101777902,0.6844873366013072,0.6423187458304751,0.8162353940889225,0.0886080062542912,0.8556657656538039,0.7313086942766087,0.6914137555848786,0.8871632675108612,0.9156254874184608,0.4120955945421186,0.0932356856032005,0.4049548490724961,0.4654449383059009,0.5559147625992545,0.3473149177026182,0.2868485050303233,0.6134953252653013,0.0075140491052699,0.620019445157607,0.6031707041883954,0.6055301119951353,0.6188872200315958,0.6198691449537732,0.6625102060411145,0.0166910534657531,0.6542324314240093,0.647487894553112,0.6933136308136306,0.6509558477275132,0.6665612256873078,0.6711403359066357,0.0049953550894342,0.6719338677146218,0.6749740242958069,0.6713609966364774,0.6757035743106495,0.6617292165756226,0.6568918154566459,0.0238243801205962,0.6273372981401658,0.6831268693322939,0.669571063069471,0.629063577910503,0.6753602688307955,0.7689333270700088,0.1019505752196477,0.6274693621105104,0.8141687744687047,0.6779795390680557,0.8171367031661149,0.9079122565366584,0.436251542575072,0.1056682600100287,0.5422986327398092,0.3741374786829332,0.584496541782638,0.3520365997638724,0.3282884599061069,0.60396599919023,0.0198091024376678,0.5730580043347717,0.5968852550828765,0.6329308373675571,0.6022777733556642,0.6146781258102801,0.6818210393416801,0.0306614859194442,0.723411144851691,0.6790570462730351,0.7078131574179006,0.6590805680964071,0.6397432800693669,10.2,4.791659420284375,15,4,12,15,5
300,0.5928619582206011,0.0236086897770105,0.5774845201522112,0.5872377566993237,0.6391397826373577,0.5748538505285978,0.585593881085515,0.7492243749413087,0.0300078511293518,0.7630636535511487,0.7594298338108095,0.6897608869666056,0.771598955349798,0.7622685450281813,0.6957738792978627,0.0209931468883127,0.6891924598825239,0.7151840663666679,0.6602474004389217,0.7186067866835385,0.6956386831176613,0.6724208192854189,0.0221714888822829,0.6969335035342196,0.6503098817086337,0.6438821084960792,0.6751917072918913,0.6957868953962705,0.6863218212635049,0.0147385188942584,0.6860919066465138,0.6875389764902536,0.6595675128346773,0.7034961276503359,0.694914582695744,0.7764762814559115,0.0136100683369979,0.778718356860288,0.766573982953732,0.755888649319377,0.7902354329196141,0.7909649852265468,0.6651281866160306,0.0135176366575344,0.6459353295239535,0.6871741522442211,0.6617365316911177,0.6702756664969705,0.6605192531238903,0.6841670905132451,0.0271991001836519,0.7110819622814328,0.6940051537143783,0.6845432878730005,0.6986806869786482,0.6325243617187657,0.7463479980502644,0.0776066376605584,0.7545722087588117,0.6700095878571815,0.7275180182265744,0.8900312328788264,0.6896089425299279,0.4856885761297526,0.0646728131588199,0.5025381481263834,0.5384395907123181,0.5094222399703683,0.358624441512142,0.5194184603275512,0.6164184152385693,0.0130524605605393,0.6372231407508429,0.5973374825710859,0.6102646417936944,0.6167315976289255,0.6205352134482974,0.6877198294735757,0.0322164373478936,0.6672797350350919,0.745388290105301,0.6732364606110613,0.6542383966494637,0.6984562649669602,0.6657511396841569,0.0108535390889081,0.6682037277655168,0.6676115502010692,0.6713189916177229,0.6766174164685336,0.6450040123679421,0.6636576577809336,0.0216943873525885,0.6355439846093242,0.685788681302261,0.6614924566757086,0.6449808737200114,0.6904822925973626,0.726348143438147,0.0897002998302588,0.5697176653755602,0.7099590165446942,0.7673851122296099,0.8425154910449028,0.742163431995968,0.4995491110196992,0.0891487767478334,0.61553789347907,0.4936901482356028,0.5266472831980853,0.3412140889413616,0.5206561412443765,0.6107824405594073,0.0319427546716296,0.56280950077264,0.590233350511379,0.6534779514579072,0.613169099545789,0.6342223005093217,0.6969997496849217,0.0264512703750869,0.7418146784565548,0.6966863263009814,0.7011931945651154,0.6606796312234503,0.6846249178785064,12.2,3.6,14,12,6,17,12
325,0.6122036721557379,0.0211028731771319,0.6283710300922394,0.6099707381799817,0.6345457285642624,0.6141044916585088,0.5740263722836971,0.7188002915301457,0.0271796733739717,0.7011110621908138,0.716902827452969,0.686838046048773,0.7219149691433805,0.7672345528147918,0.6888866460542494,0.01824987262445,0.6584533222679025,0.6858563592424349,0.6847276162237486,0.7061342601495213,0.70926167238764,0.6253206597324243,0.034242295012442,0.599756317518266,0.6181283560189811,0.5849346833721835,0.6412587412587414,0.6825252004939505,0.668099335250349,0.022523107175038,0.6444287591929039,0.6666667919016103,0.6430844441123152,0.6863594007649988,0.6999572802799168,0.7556705530484347,0.0210222945906313,0.7392694236287021,0.7524100923264047,0.728844477826329,0.7708562571759168,0.786972514284821,0.6619696172800931,0.0078288243762932,0.653583900495009,0.6692490198395469,0.6619409810413014,0.6529846679080616,0.6720895171165466,0.6793535830627229,0.023025954423462,0.6983500743547272,0.7001215723892863,0.6840182707035982,0.6777552791088888,0.6365227187571135,0.8198995685987389,0.0219826317256311,0.8409471509351892,0.8122668626679324,0.8425493475627167,0.8212525368274033,0.7824819450004535,0.4174687864126366,0.0183608400749942,0.4216384922267275,0.4229029214991781,0.3830885246660648,0.4212040187976016,0.4385099748736112,0.6211446233120629,0.0090294213399244,0.6234319056222701,0.6172017360257697,0.6057735184148191,0.6279773626125578,0.6313385938848974,0.6666860571402211,0.0111978253604087,0.660792262624074,0.6704177632671854,0.6552574705771637,0.6601523247700158,0.686810464462667,0.6672078306024725,0.0038636675735237,0.6678890802643516,0.6621828025037592,0.6715841835195367,0.6633333292874423,0.6710497574372725,0.6612698021041312,0.0262015826004223,0.637448649892196,0.6964687430173291,0.6692421607421256,0.6253704141780679,0.6778190426909378,0.7765829743046363,0.0734870452766908,0.6365310832176861,0.8434162891411205,0.813422416233421,0.7735400220694337,0.8160050608615204,0.4378372578105198,0.0549977155718001,0.5389020293432057,0.3951511871966417,0.3875722316898787,0.4500295159386068,0.417531324884266,0.6131801714730803,0.0177975083576487,0.582469742968772,0.6270418234611124,0.6037083080779237,0.6288281072650106,0.6238528755925831,0.6834163043356926,0.0253499267499202,0.726562744544028,0.6890451309449142,0.6609760312625387,0.6855697593942108,0.6549278555327711,8.6,2.65329983228432,6,10,6,8,13
350,0.6120642239227891,0.015644144798314,0.6324257981032133,0.6183530315756798,0.6126839611679316,0.5843341341242194,0.6125241946429014,0.7189499940853149,0.0188209208238089,0.6961878313235188,0.7077093678155739,0.7192212972300568,0.7525143506730853,0.7191171233843393,0.686790204166462,0.0275171317088315,0.6748641486497461,0.7296022507843375,0.6685860770895454,0.7068978588028721,0.654000685505809,0.6448041383657193,0.0330718830103018,0.6305473453221616,0.5986986104173603,0.6290992963327523,0.6827312648544266,0.6829441749018955,0.6701312678567722,0.0168604729149181,0.653812498498516,0.6750139505864517,0.6572354225304446,0.7005853533050332,0.6640091143634157,0.7560497682649029,0.0206409172261049,0.7295343951331047,0.7451313999008108,0.7469634197118972,0.7877756393127429,0.770843987265959,0.6576123324307528,0.002622690041874,0.660889826037667,0.6542508385398171,0.6564249829812483,0.6559971245852384,0.6604988900097933,0.6818229841029542,0.0264852103295589,0.6943813398328069,0.7084789296228133,0.6890829489509301,0.6860307440813792,0.6311409580268413,0.6891267865329589,0.1056089554890244,0.8304017619807094,0.5824070537305832,0.5713505374601632,0.6712208023705349,0.790253777122804,0.5351793423451177,0.0934596307077184,0.4242940066469478,0.6142365210547029,0.6475814292659212,0.5628909415005672,0.4268938132574496,0.6078109744908149,0.0250488107778536,0.6347240812361408,0.5896550818431053,0.5692365631428419,0.6140378389105717,0.6314013073214146,0.688164678326682,0.0180894008363779,0.6560934124788743,0.704211643513703,0.7067547152475382,0.6876499098987137,0.6861137104945808,0.6614586700092663,0.0065204224329368,0.6720678372816606,0.6561158407818187,0.6615856344049628,0.66409677808935,0.6534272594885393,0.6614607517002644,0.0281931474435392,0.6250898844239796,0.6883950512846773,0.6804748441497754,0.6291168524916854,0.6842271261512045,0.6525440221123782,0.1234379414383989,0.7062618322666169,0.6195761422307574,0.497357598541809,0.5799539512774807,0.8595705862452274,0.5581642481107721,0.1338049687474663,0.4493844390903214,0.5922291092745637,0.7634234081426595,0.6066312475403385,0.3791530365059776,0.5983931949350513,0.0126063796763663,0.5835252675335919,0.5892026289218802,0.6085795050227738,0.5933063371780203,0.6173522360189903,0.7052199821413958,0.0331726488895946,0.7037955308599835,0.7056301799675434,0.7548478634603039,0.7113709819592172,0.6504553544599311,9.0,2.756809750418044,5,7,12,12,9
375,0.6233028423041105,0.014425762601249,0.6095125209540129,0.6328086266294122,0.6080190157517791,0.6201463043689728,0.6460277438163757,0.7088985120542505,0.0194334357445085,0.7243231235188594,0.6914383806997082,0.7313165401808903,0.7165289580839075,0.6808855577878868,0.6663433780460339,0.007321738680634,0.6704375003238096,0.660358304042094,0.6775197119234845,0.6665708378249076,0.6568305361158748,0.630845225278033,0.0215979672410704,0.6612142583347596,0.6206768746980144,0.645887979892914,0.6283785888335522,0.5980684246309247,0.6534723850144448,0.0111785728826017,0.667355302397284,0.6476219528204326,0.663884298136002,0.6519746164912092,0.6365257552272962,0.7407152352721239,0.0124041084118953,0.7510268471423657,0.7332617504238539,0.7575757880481663,0.7388788108445133,0.7228329799017202,0.6616348060694608,0.0079726680005237,0.6494939164681868,0.6621261564168063,0.6563915827057578,0.6700960885394703,0.6700662862170826,0.6796451724885748,0.0261229492786101,0.6975734162062177,0.6999075275771465,0.683542097107438,0.6884275034049432,0.6287753181471288,0.8642423849090293,0.0625557578566812,0.7597227400457065,0.8976745105755802,0.8471410051623955,0.9492205284317584,0.8674531403297052,0.3742464739657253,0.0763392621522269,0.4984797065679418,0.3548588443641919,0.3952988633469916,0.2614964580873672,0.3610984974621338,0.6167350661295343,0.0215059422361692,0.6196566753511187,0.6249887256478058,0.6289852530024495,0.574927272301575,0.6351174043447222,0.659477593805171,0.0155209574395164,0.6671265974854491,0.6567067903785012,0.6592023278480529,0.6334311617501274,0.6809210915637248,0.6675569794394753,0.0057970426297431,0.6672588424249128,0.667741136117415,0.6584709015759554,0.6767953471703962,0.6675186699086969,0.6623264753960589,0.0295740123554241,0.6365417105133229,0.7069241776615425,0.6694558572486555,0.623548612799114,0.6751620187576598,0.8073523447303413,0.1325563351635492,0.5517265443222382,0.8995206658540766,0.8084332387442434,0.9089381207028264,0.8681431540283217,0.3808429760969868,0.135786681718331,0.6229988149105795,0.2612734487734487,0.4135864803645552,0.2478699330972058,0.3584862033391445,0.5980619949025705,0.0187428488340916,0.5658187885277669,0.5961047242614088,0.6168605703581836,0.5947852200212229,0.6167406713442701,0.672717661129937,0.036006085505854,0.7411907536907537,0.6594810162351392,0.6739676494367569,0.6477529030820567,0.6411959832049786,6.4,2.0591260281974,7,5,10,6,4
400,0.6266070840880275,0.0269149026694844,0.574542417190969,0.6405993411317468,0.6350865736603737,0.6312601985409856,0.6515468899160624,0.6965170587782428,0.0345817416792934,0.7615969117233498,0.6828806782696871,0.6809556160035314,0.6969094509899165,0.6602426369047293,0.6783462474110588,0.0318710865594137,0.7331131071588128,0.688622134340613,0.6740497170563148,0.6553999973245601,0.6405462811749932,0.6134633493548936,0.0263064489083542,0.658785918942169,0.5986725514069263,0.6157112852425354,0.6150308815979775,0.5791161095848596,0.6549888610732995,0.0248119720493381,0.7008028881305335,0.6501218755805155,0.65257233063748,0.6459073523301142,0.6255398586878541,0.7414206503673039,0.0153930377902852,0.7689762961604101,0.7300986734363326,0.7429936859612267,0.740769978994389,0.7242646172841608,0.6577760598876259,0.0035768705083038,0.655466843735088,0.654856643893502,0.6592014648697593,0.6551582433960654,0.6641971035437151,0.6818948313615729,0.0270045753261465,0.6880578902472813,0.7090712438556689,0.6962812389074087,0.6856348470862175,0.6304289367112884,0.7876044932475199,0.1022234028072028,0.8923622762139509,0.7179284248134515,0.8598590951532128,0.8467146638269635,0.6211580062300213,0.4515700609550877,0.0518650337879438,0.3954364263187793,0.5083816584485035,0.4165109845591129,0.4175200245387411,0.5200012109103018,0.6208989311693222,0.021466326649565,0.6343978707634963,0.620792040148655,0.6286049076530941,0.640680082661377,0.5800197546199883,0.6700749236070178,0.0053815673683295,0.6614804690400764,0.6732724642507251,0.6718441902964474,0.6668386380972192,0.6769388563506211,0.6630459081042896,0.0034389709890576,0.6669777794317766,0.6588649370453574,0.6646881970492277,0.6657052690332587,0.658993357961828,0.6518468076029963,0.0257511696823773,0.6152397910186539,0.6861841521028702,0.6528776266029995,0.6325331354993788,0.6723993327910792,0.76024610257263,0.0719151038863071,0.7482528463030854,0.7839778862796766,0.8157059660169708,0.826191537220949,0.6271022770424683,0.470521817754438,0.0636695056412473,0.4472990245049068,0.4515905811360357,0.4177279716718219,0.4402892561983471,0.5957022552610787,0.6258114620690385,0.0167964468652426,0.6076840388131479,0.6275839509883613,0.6249865358994829,0.655972248110955,0.6128305365332457,0.6918043991439508,0.0138298954163635,0.7134449842236322,0.6898578254881366,0.6745032196613224,0.7001482224446938,0.6810677439019684,7.2,3.4292856398964493,14,6,6,5,5
425,0.6252562697976828,0.0473267919602437,0.5380617473274469,0.6689606308937073,0.6651992369443178,0.6335274949669838,0.620532238855958,0.6942462837760361,0.0612308417033816,0.7962100874548431,0.62735295159347,0.6378006364682971,0.6897650787682148,0.7201026645953557,0.6556794912119696,0.0408783733041471,0.7196689442584122,0.6221828032308394,0.6045374175431216,0.6535578580948709,0.6784504329326038,0.6217325087086117,0.0421745041927102,0.6859701776981191,0.5771233132676147,0.5774706043547957,0.618010732119188,0.6500877161033413,0.646719385055188,0.0396133479849925,0.7092048279319435,0.6109922695515024,0.6011687438590915,0.6417316465208303,0.6704994374125723,0.7396281719282797,0.0316565278390966,0.7817536748167553,0.706034012437707,0.702028688536378,0.7425142014042461,0.765810282446312,0.6594089551405473,0.007366191484732,0.6497108231891285,0.6663112640380859,0.6679425564679232,0.6520498069849882,0.6610303250226107,0.6781891468742349,0.0212306117345069,0.6974825215389966,0.6970742566999251,0.6760362349140757,0.6810480726381462,0.6393046485800313,0.7089521483335346,0.1215791307234172,0.7691712925564601,0.6937316248813575,0.4904630722812541,0.7354376461328332,0.8559571058157679,0.5463998316003663,0.0865346182316557,0.5225431431313784,0.5247236497904947,0.7020727712572632,0.5465689168229274,0.4360906769997679,0.6240670213430846,0.0446821160659511,0.6427641053970397,0.620641809725231,0.5399246326107078,0.6492928043471187,0.6677117546353261,0.6879525855271752,0.017286275181884,0.682637593822508,0.6576677245792687,0.6991049532760762,0.6922567464433494,0.7080959095146738,0.6661229198629206,0.0054330619962406,0.6698030721057545,0.6709063920107755,0.6703464117917147,0.6623137593269348,0.6572449640794233,0.6510013505271484,0.0250646160537724,0.6260514584398575,0.6854872768292251,0.6352638173874628,0.631053245161701,0.6771509548174954,0.6495517103475718,0.1594400602147276,0.4785668889855492,0.7589699012914544,0.4496931205424028,0.7035098888040064,0.8570187521144459,0.5393679983118485,0.1206004056647477,0.6684313235783823,0.451915256460711,0.6939002174296293,0.4927784336875246,0.3898147604029957,0.5877023043506293,0.0385907994512107,0.5363577806353476,0.6157530863996897,0.5454950255327379,0.6135067259500204,0.627398903235351,0.6921119761675484,0.033491012302,0.7544582543984458,0.6837955752012873,0.6829665432606609,0.6864189774793491,0.6529205304979985,8.4,7.812809993849844,24,4,4,5,5
450,0.609084572084248,0.0267197669358682,0.6535207442939281,0.5848932713270187,0.6218754891306162,0.6048273481428623,0.5803060075268149,0.7256436602937388,0.0406669722681484,0.6561878863280111,0.7620432276001977,0.7075323538838367,0.7356886988422615,0.7667661348143874,0.6795685014567245,0.0315008884952444,0.6227802646893478,0.6874633283619078,0.6761030588229633,0.7178219440817034,0.6936739113277007,0.648866738347437,0.0382798529808123,0.6044456845238096,0.6891980415417915,0.616097640615104,0.6358812730366038,0.6987110520198756,0.6699803942600834,0.0279128060959185,0.6214766636019494,0.6857945816450712,0.6565265610451282,0.6881883347053557,0.6979158303029126,0.7594654212069285,0.0295580865522316,0.7084929311636937,0.7825583605152587,0.747182965839845,0.7677233168168186,0.791369531699026,0.6661558844826437,0.0151350007951539,0.6679607467217878,0.6932316530834545,0.6598087278279391,0.6473121643066406,0.662466130473397,0.6760130815479479,0.0155723838188187,0.6787025869678294,0.6853633559139911,0.6818101095465734,0.6886022720038428,0.6455870833075033,0.8068845972049328,0.0552692890055514,0.8205095210477985,0.8930716639272791,0.7704648663873261,0.8216854372603035,0.7286914974019566,0.4475201669987766,0.0416150505541376,0.4464706045588399,0.3681546172187884,0.4824200754682037,0.4630234738523509,0.4775320638957002,0.6303911406396316,0.0126256840021573,0.6206973879978849,0.6375901850881142,0.6183056413847978,0.6518038129067554,0.6235586758206061,0.6732009620606322,0.0140828632886104,0.6656665105229699,0.6553599346224,0.6712815445424142,0.6758854015719004,0.6978114190434765,0.6690438118847933,0.0111934248182287,0.6744572899558328,0.6886757558042352,0.661830181425268,0.6607287363572554,0.6595270958813754,0.654818096470691,0.0180317721029704,0.6279617385050295,0.6600949964591777,0.6604674371895733,0.6438383006439491,0.6817280095557255,0.7844162580187373,0.0689871389368133,0.6660722743497863,0.863346320681824,0.7985578615961391,0.758055343349461,0.8360494901164759,0.4383161312840457,0.082136162093025,0.524174355056708,0.2949855699855699,0.5059762875270897,0.4575806768988587,0.4088637669520022,0.6214910534243,0.0264390110045028,0.5995948597736876,0.5926207906574322,0.6670597184016394,0.6308781521511833,0.6173017461375576,0.6864205404587418,0.0270083090754667,0.7267091326951947,0.6588770829483995,0.7008841559498689,0.6913374620419493,0.6542948686582968,10.8,5.035871324805669,4,18,8,9,15
475,0.6095060275867581,0.0329642611963834,0.5507032545283437,0.6241085324436426,0.6196674685925245,0.649759441614151,0.6032914407551289,0.7227434683152586,0.0419935654260312,0.7968347088058384,0.6988398626543475,0.7116553805552972,0.6726235261169362,0.7337638634438732,0.6930858798472459,0.011785255143447,0.7047127747374456,0.7046390493151183,0.6897083105177229,0.672736584544365,0.6936326801215772,0.6379611729483537,0.0633996484366262,0.7435508844225951,0.6113717522265318,0.6046881572374995,0.5599214208939925,0.6702736499611499,0.6694063180349072,0.0330056803920628,0.7155100154806723,0.6752443984759313,0.6514863652857611,0.6178456327466547,0.686945178185517,0.759850427681941,0.0287283954682399,0.80687188252494,0.7514360624827736,0.737875506926639,0.7268000238567969,0.7762686626185562,0.659618033062328,0.0058207620337711,0.6512562090700323,0.6616543531417847,0.6568361900069497,0.6593691489913247,0.6689742641015486,0.6760009699350191,0.0126158224034103,0.6866906280550998,0.6824025684654028,0.6786317385080755,0.680957945333781,0.6513219693127364,0.7624015233051382,0.0790456990792156,0.744379716508903,0.76191402180707,0.739820184272056,0.6613698096318417,0.90452388430582,0.498172543439923,0.088903844119777,0.5645885976768329,0.4417149917818367,0.4865867421348704,0.6250523763224298,0.3729200092836456,0.6329637644511255,0.0200189974428244,0.6404259033381106,0.6070339424825288,0.6116013992263701,0.6492597357622198,0.6564978414463983,0.6843449662670199,0.0201135534157557,0.6954823503242475,0.6571462831176537,0.6637243981315127,0.7082075818917924,0.697164217869893,0.6708231936801564,0.0130860700457541,0.6952557292851534,0.6647450219501149,0.6571069793267683,0.665080493146723,0.6719277446920221,0.6550171443210929,0.0230132800083991,0.6191196616136555,0.6835977605798578,0.668630105074703,0.6388798460155413,0.6648583483217068,0.7138893190134701,0.1739515046586737,0.4211633077183316,0.82574436529912,0.7394605660155897,0.6494429590017826,0.9336353970325262,0.4963453821876282,0.13184351566032,0.6960346026522498,0.4250213170667715,0.5405446603307565,0.522107438016529,0.298018892871834,0.598460146083734,0.0522257586624358,0.5058392693675133,0.6405056689598383,0.6553213753662777,0.5996899095395801,0.5909445071854602,0.6925185258822706,0.0320601386819061,0.7381932461477916,0.6920277632541413,0.7048852157943067,0.6886818067814837,0.6388045974336296,10.8,5.6000000000000005,21,9,11,4,9
500,0.6038512447848916,0.0462765136630937,0.6297329794615507,0.637979588471353,0.6553454138338566,0.5465624835342169,0.5496357586234808,0.7254845915056021,0.0595687812882097,0.6976844003877625,0.6762217105894611,0.6596565773774995,0.7965711344982114,0.7972891346750756,0.6832653494115292,0.0401284024045464,0.6877451824876508,0.6363341558170837,0.640083306916831,0.7138835077405208,0.7382805940955591,0.6470621252618641,0.0454351517943128,0.6303132886313034,0.5951122024421658,0.6091536501692751,0.6898100954396912,0.7109213896268848,0.6741278118950722,0.040326453703722,0.6646288243915736,0.6332316037782842,0.6306173395016738,0.7153323727166843,0.7268289190871448,0.7648120664646484,0.0373112824193944,0.7418082426850326,0.7315947075101971,0.7301705934566811,0.810089481865314,0.8103973068060177,0.6657093622467735,0.0044122271275609,0.6641605442220514,0.6584524783221158,0.671446989883076,0.6687682975422252,0.6657185012643988,0.663228904580713,0.0137523454979026,0.6609246659050523,0.6808146218198023,0.6728351843492217,0.6614875297570818,0.6400825210724073,0.795239518126974,0.035885161222753,0.8520026823256487,0.7773800842651112,0.7471863401007787,0.7832802818096937,0.8163482021336376,0.4349001830017872,0.0403582474757312,0.3812053142935495,0.4514008495960367,0.4912201657522513,0.4539178067921383,0.3967567785749603,0.6167697512386952,0.0136446148295235,0.6009514774221096,0.6316240181302643,0.599586627307052,0.6256292949470289,0.6260573383870208,0.6679396416315814,0.0131152380773252,0.6524208434408393,0.6610940113904541,0.6801257601822954,0.6593896778856213,0.6866679152586967,0.6674563245339827,0.0072183589266808,0.6689458110115745,0.6627600572325967,0.6708341132510792,0.6779733191836964,0.6567683219909668,0.6490514600042964,0.0234371294603285,0.6291099843870137,0.683201359542799,0.6241899774807704,0.6384440639203341,0.6703119146905646,0.7552966474597856,0.0496158514520619,0.7039884490841428,0.8202422093522999,0.7251194100954866,0.7166051268992445,0.8105280418677548,0.4545934383501229,0.0455975282611352,0.4494290023701788,0.3931490226944772,0.5256680485290112,0.4800373868555687,0.4246837313013783,0.621287887676352,0.0165385144028343,0.5903949605600002,0.635771783099726,0.6330895767767706,0.6184165008905037,0.6287666170547594,0.6838916778540571,0.0202597628676144,0.7134895170189287,0.6800367429049056,0.6863987808183772,0.6892099292957723,0.6503234192323021,12.8,8.840814442120138,7,6,4,25,22
525,0.6307630233466626,0.0226903995334722,0.5955024417489767,0.6424936857074499,0.6134897656738758,0.6567565277218819,0.6455726958811283,0.6928919958639689,0.0330014384439372,0.74526279463799,0.6768502763094343,0.7140504499019095,0.6510076632455036,0.6772887952250073,0.6634067640310699,0.027049173045856,0.7064793128588202,0.6787352956743604,0.6606663541973012,0.6379759592407449,0.6331768981841228,0.6160780151221328,0.0290335765057331,0.6495778093434345,0.5798480165667664,0.6405468943842105,0.5834729608626668,0.6269443944535856,0.6495201234125922,0.0263775388693929,0.6975914823614929,0.6446141679247687,0.6521385691873088,0.6199569114417541,0.6332994861476363,0.7415592126325949,0.0217540682883996,0.7781445889260808,0.72533065609487,0.7462705735660016,0.7143974453318012,0.743652799244221,0.6638061154972423,0.0054038986171403,0.6604297919706865,0.6607096195220947,0.6574215184558522,0.6693395322019403,0.6711301153356378,0.6638489360817419,0.0154186757035035,0.6568283390517681,0.6815142146734727,0.6727330360518864,0.6707835432726809,0.6373855473589013,0.8002412494585366,0.0805846804691002,0.7451358250999398,0.828427900085654,0.6739321210577894,0.8551185074580797,0.8985918935912206,0.4496486891005607,0.0881424274145343,0.493153088741324,0.3922653772252703,0.6010009375651086,0.4064365002199226,0.3553875417511781,0.629742239828663,0.0114752597492915,0.6150806319451158,0.6207917224578017,0.6273520134849635,0.6396161885539627,0.6458706427014712,0.6719655048584021,0.0163089777142743,0.6631266831801592,0.6554337253862871,0.6959885484353479,0.6584887590816444,0.6867898082085725,0.6682127367366444,0.0065337820311032,0.6700657660310919,0.6692566113038496,0.6555249420079318,0.6730153398080305,0.6732010245323181,0.6498880373067804,0.022501254687841,0.621246624447227,0.6797951924960906,0.6515564657015984,0.6283003714571229,0.6685415324318629,0.7295788726658721,0.1739927499068455,0.4581738437001595,0.8536369272825911,0.5899948045043738,0.8441664544605721,0.9019223333816636,0.4501327415899608,0.15096512394273,0.6504147812971343,0.3051587301587302,0.5995869549345485,0.416750295159386,0.2787529464000052,0.5915656311377541,0.0431378955827127,0.5219551517716592,0.6063961991481244,0.5974082473226732,0.6548109469544259,0.5772576104918874,0.6786748367579584,0.0360311678420044,0.7295749704840614,0.6590158572176086,0.6864439154053564,0.6958621478606448,0.6224772928221204,7.4,3.5552777669262356,13,6,10,4,4
550,0.6371704924851656,0.0164195841915586,0.6221243888139725,0.6474300920963287,0.6359578687697649,0.662496093660593,0.6178440190851688,0.6864572537812088,0.0265722563751362,0.7119973312444632,0.6590813076087045,0.6868809235228053,0.6545481006242169,0.7197786059058546,0.670248243046767,0.0216195676642853,0.6740812292761476,0.6346218450989236,0.6721719085578202,0.6678151116949451,0.7025511206059986,0.5964953651761894,0.0418714075810656,0.6362389552151064,0.5880017491484691,0.5825624028749029,0.5296547636391385,0.6460189550033301,0.6438525939980912,0.0234261634307618,0.663550997990083,0.6184278512148211,0.6410275000428989,0.6192757858445866,0.6769808348980668,0.7269769956583522,0.0231493378809269,0.7408160991861167,0.7058272980244729,0.7213624995951333,0.7024107059181073,0.7644683755679305,0.6654112241484902,0.0048185662574115,0.6596889008175243,0.6629282452843406,0.6626075614582408,0.6688272194428877,0.6730041937394575,0.6653313296671635,0.0186794140012246,0.6595249658888661,0.6904552471815172,0.6748163573280551,0.6678846452492843,0.6339754326880945,0.7335913125517746,0.1075481920178172,0.720355382257296,0.5581266253057696,0.7304751101542546,0.7644479554907361,0.8945514895508165,0.5114590578761702,0.1198122824756893,0.5113349069231422,0.6944651827673218,0.5301867027802856,0.5044884482718708,0.3168200486382305,0.6245128515676441,0.0088098334248779,0.616462897528749,0.6244180315314244,0.6183842306671571,0.6412367847831258,0.6220623133277644,0.6883178162513142,0.0222919968759118,0.6632677708764665,0.7289093259681496,0.68858400614357,0.6869131570021203,0.6739148212662645,0.6702054077928716,0.0032162030290356,0.6710041219537909,0.6712047836997292,0.6642025167291815,0.6706940802660856,0.6739215363155712,0.6414334594590392,0.0225671321710302,0.6106576581263214,0.6653295462618511,0.6366164946086844,0.6256416159783472,0.668921982319991,0.6833807589012622,0.1595284305439117,0.473164488355876,0.5674840207972037,0.6589214082037049,0.7971246074187252,0.920209269730801,0.5122730908426096,0.1436148742692979,0.590645873734109,0.67277318640955,0.5778389168763499,0.4615013774104683,0.2586060997825704,0.5950897309681832,0.0482198067687193,0.5168052019111525,0.6154225353263765,0.6260305132923724,0.6519641477646487,0.5652262565463654,0.6944655983610437,0.0414625049214697,0.7081088192852898,0.7444286600703713,0.7012330138667037,0.7004565646276877,0.6181009339551659,7.2,2.5612496949731396,11,5,9,4,7
575,0.6089212110266089,0.0360446788474142,0.5950600383803248,0.5693358965218067,0.6469238009303808,0.5768090579658747,0.6564772613346577,0.7191773248164418,0.0518821422999394,0.7468024499159611,0.7708077639910422,0.6693902947650338,0.7640961718152153,0.6447899435949564,0.6851394976180804,0.0421394411996842,0.6967728624377717,0.7363015086287273,0.6547576263155098,0.7172928540890561,0.620572636619337,0.6359168346058827,0.0504397332023769,0.66408348850904,0.6716374618029032,0.5852585713811043,0.6925389714452215,0.5660656798911442,0.6704821125923107,0.0396410723224946,0.685692798174973,0.7110311500079385,0.6323163633735069,0.708429565548652,0.6149406858564832,0.7584309209130224,0.0283703137694629,0.7660671669983784,0.7830564532431795,0.7247425395596836,0.7924887855361444,0.7257996592277264,0.6664700789885087,0.0045536050210195,0.6617465777830644,0.6725145199082114,0.6686155579306863,0.6606005213477395,0.6688732179728422,0.6569468210541831,0.0180400817027195,0.6754472737688946,0.6561045483964936,0.6730750676648068,0.6551095851563766,0.6249976302843445,0.8004624074983171,0.0266618480168491,0.8355459067779641,0.8097686181910781,0.7559774598544652,0.8118656002345843,0.789154452433494,0.4450001513637877,0.0307681411812836,0.4215687906864377,0.4170393777345648,0.5018019191147534,0.4512810496099266,0.433309619673256,0.6281019291775611,0.0090091694758044,0.6270769557528291,0.6251673080717429,0.6134557968753062,0.6394744996697445,0.6353350855181829,0.6719423596114439,0.0137594956301293,0.6564001938704821,0.6585894966277741,0.6855238196147287,0.6689913170295945,0.69020697091464,0.6779865936799483,0.0098180823560049,0.6868219429796393,0.6926516890525818,0.6714570034633983,0.6705511158162897,0.6684512170878324,0.6265220300304798,0.0195319811057378,0.6038965664344557,0.6153847177495385,0.6232203337539497,0.628116861413987,0.661991670800468,0.7347771629760641,0.0780970021906787,0.6033066481631074,0.7829712787019228,0.6959852109612875,0.7647196757490875,0.8269030013049153,0.4421651254271575,0.0774390889928705,0.4835133004250652,0.3217384887839433,0.5458922539136443,0.3930391578118851,0.4666424262012497,0.6024954951433499,0.0391406642792096,0.5390731012874016,0.5857570046078172,0.6340662776658208,0.6024989057013767,0.6510821864543331,0.6768054298864904,0.0168923902108082,0.6984544683349693,0.6523958506395074,0.6918120836851486,0.6651113541630784,0.676253392609748,12.2,6.11228271597445,16,20,5,15,5
600,0.6288767104968429,0.0251171805392456,0.6225798856467009,0.6364468233659863,0.6547902449965477,0.5835316516458988,0.6470349468290806,0.6922398827195726,0.0380588832131758,0.7083937425733033,0.6851231800959084,0.6476832048481765,0.7564468313110727,0.6635524547694017,0.6691757619630063,0.0200184124719226,0.6659295484172971,0.6856292456697332,0.6460738828977741,0.6979954427314752,0.6502506900987517,0.6154888917788008,0.050113115903195,0.6550379971335853,0.6183359609140859,0.5532522142513919,0.6842060717060717,0.5666122148888693,0.6515819590093395,0.0291578218613908,0.6653368335346539,0.6617400118040457,0.6141022129923669,0.6934491938507761,0.6232815428648543,0.7373549921977747,0.0280621686616555,0.7498337218659393,0.7423776391038872,0.6985517178362572,0.7798171132488081,0.7161947689339815,0.6653004906394264,0.0060750215301834,0.657797407020222,0.6579392552375793,0.6703930497169495,0.6697576642036438,0.6706150770187378,0.6585931483124743,0.0159992577361134,0.6641142302390279,0.6767920081255643,0.6611237349623044,0.6623090748007191,0.6286266934347553,0.7120642918425257,0.0681410526228713,0.6379801949778025,0.6479701522482271,0.7023428517412474,0.8219852265975262,0.7500430336478258,0.5290542404713527,0.0717844483035875,0.6183724771960066,0.6053120008333912,0.5165057758640645,0.4452650068291779,0.4598159416341234,0.623859570016885,0.0200492066910311,0.6255370399206952,0.6380098887819469,0.5861667801820711,0.6433659400513527,0.6262182011483584,0.6831400592463688,0.0132124026076822,0.6865990734411788,0.7032023828815273,0.6733066450457755,0.6647202466419233,0.6878719482214385,0.6761970552531155,0.0077628249877949,0.6866169951178811,0.6695786335251548,0.6733403205871582,0.6841008608991449,0.6673484661362388,0.6288582140198725,0.0249527720388226,0.6017463452588072,0.6422540185900087,0.6114657013445008,0.6178387195098426,0.6709862853962031,0.6560985696823629,0.1578385686134617,0.3616878974295242,0.6627761656824664,0.6696451873485366,0.7872665732959852,0.7991170246553022,0.5398300154984647,0.102484151196977,0.6875643963879258,0.5720156106519743,0.5720138595807044,0.3784435261707989,0.48911268470092,0.5961398851341047,0.0669170872392097,0.4654224230108351,0.6287460119747027,0.6284445156842304,0.6063450210225555,0.6517414539781993,0.6759693981825922,0.0233083211134743,0.6375346875346874,0.7027039977167854,0.6965257421311093,0.665944690648248,0.6771378728821307,9.4,4.498888751680798,12,7,6,17,5
625,0.6246404906734824,0.0250249693137964,0.5812870487570763,0.6344850622117519,0.6465917807072401,0.6130100740119815,0.6478284876793623,0.7008228698426534,0.0380180458759279,0.7609603807815565,0.6977573343533574,0.6554174627037694,0.7221118636690155,0.6678673077055682,0.6702440755896955,0.0257445981269864,0.7015990538807055,0.6724268886421326,0.6349828874389191,0.6943564287052854,0.6478551192814344,0.631768776378635,0.0417584906648791,0.7033367776014835,0.6210258651253717,0.6008968309060221,0.6490396561374212,0.584544752122877,0.6563327836754415,0.0305786362765403,0.703745909610034,0.6499757317949946,0.6241681815457727,0.6775069383893235,0.6262671570370821,0.7468965852312893,0.0249987674445141,0.7866462753362908,0.7357560847305432,0.7248557830843048,0.7649802931040837,0.7222444899012237,0.6651142553849654,0.0056949067808544,0.6675572178580544,0.6668082204732028,0.6618213328448209,0.6562624627893622,0.6731220429593866,0.6601028549169988,0.0216575003317056,0.6495622314991509,0.6859183411656673,0.6765344309211287,0.6641876232242208,0.6243116477748264,0.7774399432031072,0.0734028795077454,0.6489499402776914,0.8522374238951778,0.8254694577555542,0.7448264154146507,0.8157164786724619,0.4632737078726383,0.0949354514268342,0.6057226270461565,0.3333017917910966,0.4421996897932725,0.5283925967081048,0.4067518340245613,0.6246772788231472,0.0168957377548057,0.6112959366922475,0.5994134524092314,0.6304656062511613,0.6453904275291624,0.636820971233933,0.6740664193456802,0.0182997657494964,0.6882228151964994,0.6406265969371174,0.6688594618587643,0.6901050270210136,0.6825181957150064,0.6752201914787292,0.0086051299158113,0.6866150986064564,0.6847962953827598,0.6676652431488037,0.6694129976359281,0.6676113226196982,0.6332335320181423,0.022688443371535,0.5996177409981515,0.6519173937241683,0.6294142503855248,0.6213449851359276,0.6638732898469389,0.69618391041825,0.2122597133620936,0.2962430352741357,0.8681672573209425,0.7763507080373109,0.6741830065359478,0.8659755449229134,0.4783104774013865,0.1662673750378798,0.763961773520597,0.2547799422799423,0.4972343610044145,0.4766430539157812,0.3989332562861974,0.5783045315186068,0.0753077521470684,0.4364944679403746,0.5801537901893724,0.6509224473732949,0.5932425871169104,0.6307093649730816,0.6865095354516842,0.0438232730963094,0.7689199689199689,0.6490343002549749,0.6927927627927629,0.6661624999490123,0.6556381453417026,9.8,4.261455150532504,17,6,11,10,5
650,0.6510864175856114,0.0185078834491936,0.6365041844546795,0.6544853989034891,0.6566975228488445,0.6270256545394659,0.6807193271815777,0.6585582339466565,0.0442844740302924,0.6877941604376364,0.6615288786626999,0.6518648695413016,0.7112682101310123,0.580335050960632,0.63737474080558,0.0314416662081665,0.6590920940246119,0.6516436432614271,0.6208495952805626,0.6712629834148964,0.5840253880464016,0.601524151212135,0.0283571827834156,0.6290574851006835,0.5954746642246642,0.5871890100085244,0.6366468269271579,0.5592527697996447,0.6257011483432112,0.0274280826114891,0.649916890662493,0.6304441388139937,0.6080504233857903,0.6573105100286403,0.5827837788251385,0.7203435377829328,0.0236036751415031,0.7363440771045261,0.717729490581658,0.7119763979731569,0.752763869659229,0.6829038535960943,0.6684033946557478,0.0113312406488682,0.6585085391998291,0.6681487343528054,0.6679076444018971,0.6581198518926447,0.689332203431563,0.6645510909531842,0.0220940052345262,0.6630348647730526,0.6849203395201054,0.6814465619236675,0.6701191754249909,0.6232345131241043,0.783810497653178,0.0850292814352329,0.6303893342170853,0.8585505552083093,0.8605868656002347,0.7610000887407303,0.8085256444995306,0.4559046301292291,0.1013671055796971,0.6225696688931983,0.4042879135125124,0.3586348589022385,0.5222333148135286,0.3717973945246673,0.6273071352653687,0.017730976449316,0.6155788925055355,0.6425762756638558,0.6090503354428365,0.6541541816952907,0.6151759910193252,0.672109626844617,0.0135173565918714,0.6850336828946455,0.6665025612401925,0.6520947796752541,0.6892731829573934,0.6676439274555992,0.6819809371774846,0.0053792326184888,0.6864367235790599,0.6826004656878385,0.6784401427615773,0.6737729690291665,0.6886543848297813,0.6200334654053741,0.0242262484475611,0.5936303294300121,0.6425261765758524,0.5958707480375349,0.6146584374107769,0.6534816355726941,0.7181121270869677,0.1589523148472942,0.4104546144976767,0.8492177353633992,0.7680123000338311,0.7368453441982854,0.8260306413416462,0.4400816666993137,0.1235988132668127,0.648489255842197,0.2693001443001443,0.4052864248051414,0.4745031483667847,0.4028293601823013,0.5808035700732759,0.0499621196878164,0.4850617726889271,0.5814984782818629,0.6029123749783202,0.6263641201095272,0.608181104307742,0.6677101482061134,0.0201193301082084,0.6965171192443919,0.6479804960043819,0.6566274546709329,0.6871519190979782,0.6502737520128824,6.4,2.1540659228538015,9,5,7,8,3
675,0.6308981215581297,0.0228297868269817,0.6384278479963541,0.6567339207977057,0.6430014707148075,0.5894338926300406,0.626893475651741,0.6978049493559896,0.0348444060725193,0.6884650024319889,0.6511140083452478,0.6794958708675606,0.7537492092876896,0.7162006558474603,0.6633417298500881,0.0226812493485321,0.6471491393476814,0.6386073588410924,0.6534609010483226,0.7011927071466545,0.67629854286669,0.6303232089977446,0.0271238288502203,0.6061755085192586,0.5999645456882299,0.6330499361749363,0.6765323550020241,0.6358936996042742,0.6519579254587801,0.0250803951689629,0.632784157012052,0.6253839284179203,0.6441563489087495,0.6957133176192758,0.6617518753359025,0.7426671519305221,0.0248414169573543,0.7194450011364196,0.7170249459432896,0.7428589247722355,0.7857669986854392,0.7482398891152278,0.6719990047541533,0.0095636349500849,0.6645888848738237,0.6609795852140947,0.6687286658720537,0.6786751801317389,0.6870227076790549,0.6542098354653095,0.0206647679671085,0.6637752692002622,0.6686756374381709,0.6762444802301085,0.643173727824463,0.6191800626335434,0.7713256566818467,0.0905908021244421,0.8011405062242383,0.7016880994822171,0.639624183006536,0.8973344985377072,0.8168409961585354,0.4587069570358341,0.0997670136201973,0.4337345660875072,0.567414114406093,0.5835217144709124,0.3552205592980994,0.3536438309165582,0.6150349960217305,0.0215875075560808,0.6087827215190049,0.6499569410241907,0.586501733728311,0.6263094739757961,0.6036241098613498,0.6749681279225291,0.0230211039363209,0.6550208456399184,0.706479989049159,0.6977152104861083,0.649069018352104,0.6665555760853566,0.6802384853363037,0.0055521553326828,0.6778699701482599,0.675534416328777,0.6819755326617848,0.6902934963052924,0.6755190112374045,0.621946344301148,0.0256929709712347,0.5905048626148188,0.6470912489142261,0.5985673891528539,0.6181707195619294,0.6553975012619117,0.7288456017415256,0.1224081418303465,0.602264890877331,0.7601826213776923,0.5697775257703488,0.8442927170868347,0.8677102535954212,0.4456672694506919,0.1269582915553569,0.5271089204912734,0.40755772005772,0.6432413175060234,0.2780253837072019,0.3724030054912408,0.5958138549866149,0.0198468290628171,0.5626492148290432,0.6093753761438191,0.6065818348263874,0.5839419237375191,0.6165209253963059,0.6787997907512241,0.0312046200202642,0.7147638990422143,0.6737920730409472,0.7147569567478034,0.6423001998001998,0.6483858251249557,10.4,4.079215610874227,9,6,7,17,13
700,0.6246404388919473,0.0275595659695491,0.5871796291321516,0.6434422023594379,0.6339285578578711,0.6602342631667852,0.5984175419434905,0.7021146669057329,0.0373274856209736,0.754042770769348,0.6786492956006176,0.6903688677734574,0.6522720914055291,0.735240308979712,0.6614599388304757,0.0254066155776373,0.6662087521197513,0.6840168463868975,0.6716722446185845,0.611976156038225,0.6734256949889207,0.6488182790023445,0.0375826564269794,0.7045490108231982,0.6258318223851311,0.615586147410596,0.6149777892654733,0.6831466251273236,0.6590095593056597,0.0224478882898794,0.6812676809633884,0.6624424750672706,0.6562086141938361,0.6180475172294235,0.6770815090743805,0.7550250975087659,0.0209990697745225,0.7770265106142139,0.7475907121720299,0.7432594007997936,0.7260280821649802,0.7812207817928118,0.6723079616373236,0.0188815611706418,0.6669660264795477,0.6570692712610419,0.6633863665840842,0.664619960568168,0.7094981832937761,0.6522175851537119,0.0248316756570756,0.6555461096702654,0.6698984871152318,0.672461520765331,0.6589645258930018,0.6042172823247298,0.7163889017792944,0.1034554129518017,0.6090170329404779,0.76599812101149,0.7305669375188092,0.5996631710535453,0.8766992463721498,0.5042640351330191,0.1355083640965246,0.6164103869986224,0.50026882653888,0.514381496400213,0.6350293423154385,0.2552301234119416,0.6157842737363619,0.0248720268722806,0.5957993268061124,0.6488903217189326,0.6291459145882571,0.6256565224835829,0.5794292830849253,0.6793927371448447,0.0218331251893524,0.6737807943690297,0.6831167153650296,0.6761640406377248,0.7159698144992264,0.6479323208532134,0.692878596349196,0.0228369185061959,0.7342349886894226,0.6791043823415582,0.673164042559537,0.6769462282007391,0.700943339954723,0.6212790025398142,0.0209111386732559,0.5881478623231506,0.6361947173242875,0.6191177349052737,0.6133848752999823,0.6495498228463769,0.6408702772533766,0.2422416992688865,0.1957919592369353,0.7765169129096122,0.6840379875308105,0.6332919531448943,0.9147125734446307,0.5097200200275067,0.194318858082423,0.803441411529647,0.4112767283221828,0.5901441250371732,0.5273711137347501,0.2163667215137803,0.5581664092168805,0.0990458500809348,0.3740930213330621,0.6280812598897424,0.6530654492723358,0.5911200907911435,0.5444722247981192,0.6624768693859968,0.0393460310451606,0.633982683982684,0.6796456686007878,0.7222444222444222,0.668983480369327,0.6075280917327635,13.4,6.945502141674135,25,8,13,5,16
725,0.6320407804101705,0.0238898696304195,0.6645657550543547,0.6084917886182666,0.6407474763691425,0.6007377486675978,0.6456611333414912,0.6859713083162802,0.0379265411565606,0.6316807855603439,0.720731842070526,0.6846739546934563,0.7339201952645665,0.6588497639925078,0.6652300850710925,0.0459439729547854,0.5935228070017621,0.696318069126184,0.674178181341042,0.7250216048384543,0.6371097630480201,0.6202237014415324,0.0278423645022273,0.5826588699290906,0.6638473939255191,0.6034066194222445,0.6361184975155565,0.6150871264152513,0.6503403220401223,0.035862203678128,0.5934327866162196,0.684858765874366,0.6499576909613851,0.6912310611686068,0.6322213055800342,0.7365386200148303,0.0278424862540527,0.6878652824267664,0.7595636225981623,0.7345935443555413,0.7675442502515885,0.7331264004420933,0.6698738423260775,0.0085290207112892,0.6681043343110518,0.665212479504672,0.6672318577766418,0.6623536727645181,0.686466867273504,0.6557036758081383,0.0198776719184112,0.6717452640317121,0.6652205303609047,0.6750988566914369,0.6442068218471961,0.6222469061094412,0.7581945673668223,0.0795517011272387,0.6494471371265629,0.7227829285984366,0.7552766974558419,0.7695315454005294,0.8939345282527408,0.485275516224714,0.1513870542928528,0.6431659027247263,0.5617068314929278,0.5243766928258907,0.4984142417297497,0.198713912350276,0.6192577388777077,0.033151365980005,0.6260239982129856,0.6525975930612129,0.6149638136243769,0.6442354585974729,0.5584678308924901,0.6866107674883676,0.0313903078657148,0.7239502698727298,0.7044268972134584,0.6935718907855131,0.6804260840638551,0.6306786955062818,0.6792113921859048,0.0053766306161154,0.6717817241495306,0.6874945759773254,0.6762701706452803,0.6824800643053922,0.6780304258519952,0.614331690429931,0.0223581789773181,0.6226830891999788,0.5919559044123099,0.5968652050231876,0.6063273527386162,0.653826900775562,0.6728728338004517,0.1512864573390772,0.4602375083714797,0.6590902464710883,0.646885947651498,0.6639737713267125,0.9341766951814798,0.5032186055180707,0.1674371179599529,0.7107786821022115,0.4884625475534566,0.583362359565568,0.5298455332546242,0.2036439051144933,0.5877606460196374,0.0332735206520811,0.5474592817976094,0.6091655863609959,0.6269131423531463,0.6069173519723452,0.5483478676140906,0.6954322150728552,0.0512130456646965,0.7666747081607763,0.6825060831338441,0.7168704171645349,0.7015511878392604,0.6095586790658608,10.0,4.732863826479693,5,15,9,16,5
750,0.61976174749434,0.0118707730277893,0.6116907969117165,0.6305608190596104,0.6183413658291101,0.6029842384159565,0.6352315172553062,0.7128203882011487,0.0157635416213753,0.7239145546252205,0.699260907931226,0.7211407995598443,0.7304978856687507,0.6892877932207019,0.6678957329623596,0.0113368312937283,0.652769452158565,0.6748443174509942,0.6701229924459731,0.6839642127654058,0.6577776899908602,0.6460209923858821,0.0188108287175669,0.6698656097782935,0.619644879732196,0.6538717894646203,0.6580103821831762,0.6287123007711242,0.6614820837287926,0.0090341612278686,0.6518288226100561,0.6556258415232744,0.6642290941600506,0.67765140056041,0.658075259790172,0.7562475777639432,0.0131388462899305,0.7422703511229053,0.7392927209260898,0.7604796897067371,0.7713240285149149,0.7678710985490688,0.668467192216353,0.007369878634087,0.6642138903791254,0.6648085767572577,0.6681479540738192,0.6624308824539185,0.6827346574176442,0.6536773198680734,0.0222771760690728,0.6695570534790912,0.6658247329579216,0.675496248774992,0.6422312253069271,0.6152773388214351,0.7651903582697523,0.0273664076546586,0.7804890152378191,0.7834909445872014,0.7622588567107283,0.786576999945984,0.713135974867029,0.492639125580302,0.0098326201598237,0.5032721363603716,0.4967908651063731,0.4757888279278653,0.4994614788063986,0.4878823197005015,0.640056494455316,0.0171689534727112,0.6540927212547505,0.6537608783311245,0.6202983003606077,0.6543244386021579,0.6178061337279398,0.6794287647592999,0.0093493384737021,0.6785424419634946,0.6851245702036215,0.661615962453283,0.6849344841604904,0.6869263650156099,0.6861673485149037,0.0110080529703726,0.6839543635194952,0.694754649292339,0.6928307739171115,0.6937526356090199,0.6655443202365529,0.6061416510312989,0.0209205741729897,0.5792750714405892,0.6038084281278089,0.6019948335753202,0.6017448344696005,0.6438850875431757,0.7040887660698109,0.0778878522959135,0.5630288703853297,0.7612046998701266,0.7106949708983202,0.697269968593498,0.78824532060178,0.4883714117136576,0.0676901201274558,0.5900959334782864,0.3899776990686081,0.5287231485092447,0.454319165682802,0.4787411118293471,0.6112395820363368,0.0311946913176026,0.5622110428401578,0.6183474800170145,0.6363645669300023,0.5910112677655538,0.6482635526289556,0.6827407758669828,0.0211897013677125,0.7184648048108504,0.6664579581982512,0.6955703035242679,0.6635735959253746,0.66963721687617,14.2,2.3151673805580453,17,12,16,15,11
775,0.6303510267287493,0.0257846442386112,0.6164931077510118,0.6202400233596563,0.6073425970971584,0.6274092141538858,0.6802701912820339,0.6872302797432808,0.0518571796228357,0.7194786878116035,0.6962809661801412,0.7347364779833997,0.6981626664113582,0.5874926003299016,0.6559379850817566,0.0534207156410486,0.6974706780010217,0.6849377124124735,0.7045010339577135,0.6299512429976659,0.5628292580399085,0.6234827669105919,0.0326966310079537,0.6586269148539369,0.6256785748973247,0.6418216647742093,0.6289527465998055,0.5623339334276833,0.6486715894499587,0.0420204971316972,0.6839185206275638,0.6676385761059668,0.676693186747037,0.6466688434929595,0.5684388202762667,0.7406051915068208,0.0308622988326807,0.7581437701176963,0.7550212237506647,0.7558136219304658,0.7551255811450762,0.6789217605902009,0.6762758948586204,0.0093871182899187,0.6623698039488359,0.6736635403199629,0.6732898842204701,0.6814862056211992,0.6905700401826338,0.6394671313309555,0.0159835417233302,0.6601733319023285,0.6495323568476977,0.6395478852698104,0.6356895926414644,0.6123924899934763,0.7658034717376181,0.0980004208585989,0.66188301331842,0.7371164857127425,0.6711723807980493,0.9079208818513632,0.8509245970075153,0.4685315872481647,0.1259502781963487,0.5985702206290442,0.5452406995856193,0.5656995856193717,0.2953720744496145,0.3377753559571742,0.6207207338328955,0.0190793660987704,0.6261903498616723,0.6527302408320241,0.6085393123445223,0.5958814783373622,0.6202622877888971,0.673830079688736,0.0230959966789319,0.6913534697625606,0.6989650405083169,0.6805845341449056,0.6339273857455676,0.6643199682823292,0.6898244901136918,0.0087194936281329,0.6777077696540139,0.6914611187848178,0.6856017329476096,0.7044124820015647,0.6899393471804532,0.5974698988204314,0.0215440007583126,0.5933223017384477,0.5829172245988467,0.5876054490901099,0.5835879384467285,0.6399165802280247,0.6716938842636171,0.1801387142470104,0.3848020188211575,0.7133197236254664,0.5565548858371825,0.8499925727866905,0.8538002202475887,0.438368470507508,0.1877011258453381,0.6930047893283188,0.3968499934409025,0.6163812346298977,0.2162042502951593,0.2694020848432613,0.5580409415762139,0.036902996326244,0.4929145302094559,0.5969965990653917,0.5896679055413471,0.5511287585314905,0.5594969145333841,0.6520036535186993,0.0359661926728178,0.7153112484663287,0.660052515892651,0.648492016005385,0.624461209440897,0.6117012777882344,12.4,4.841487374764082,14,16,16,13,3
800,0.6454146133735776,0.0195381968100893,0.6146000353619456,0.6711587738245726,0.6583400759845972,0.6485044695436954,0.6344697121530771,0.6697419093559993,0.0333782346026872,0.718038533967615,0.6221291186682516,0.6495498392760475,0.6658397906366094,0.6931522642314735,0.6282139305513308,0.0223415516676913,0.6305699379966082,0.5956089230210495,0.6123930920749132,0.6436470926393231,0.6588506070247598,0.6261339222460547,0.0503170269569939,0.7203205316946125,0.5782121524309025,0.5915835135044694,0.6095748869186369,0.6309785266816518,0.6308172860893462,0.0262267373994697,0.6670902339566755,0.5957524705570391,0.607268622519931,0.6352848838056222,0.6486902196074632,0.7304517052766523,0.0279633809574584,0.7742596572620276,0.6924152918589839,0.7126118714607976,0.7277461039240258,0.7452256018774268,0.6726183750412681,0.003756058070533,0.6693002256480131,0.6743099689483643,0.6716045195406134,0.6688319932330739,0.679045167836276,0.6355139923902543,0.0116774655587752,0.6447870215098174,0.649687894269278,0.6358362740757459,0.6311239122026221,0.6161348598938082,0.7014561478908816,0.1004228887366337,0.7755977409087457,0.578165729101558,0.6397977097174958,0.8563218124715454,0.6573977472550632,0.5177308668752519,0.1183687801620975,0.4733088806618219,0.6615158460078246,0.5828532652730515,0.3137512442993726,0.5572250981341891,0.6111234753524423,0.0125428974703994,0.6232743681984,0.6207695999784171,0.6096616405574617,0.5879744996638545,0.6139372683640784,0.6854368901875174,0.0323568582054854,0.6616124034992352,0.7107633067789213,0.705998978427208,0.6334195916804612,0.7153901705517609,0.682209131934426,0.0072854947755216,0.6836026039990512,0.6843883124264803,0.6870079148899425,0.6880392215468667,0.6680076068097894,0.5971748239185357,0.0294255284062556,0.5809936488739047,0.6122381417158431,0.5549583296439385,0.5951839223981604,0.642500076960832,0.631813048505519,0.1035210542305709,0.5336813624971519,0.6862491163671122,0.515638269226786,0.7975214328155505,0.6259750616209946,0.5171800822469271,0.129261119903819,0.6211083034612446,0.4623442214351305,0.6244122187972455,0.2873327430145612,0.5907029245264539,0.5848153330751681,0.0229979228561745,0.5657271034650733,0.6007787228412539,0.5726219341294221,0.5628153159488908,0.6221335889912004,0.6803774843195644,0.0325589893420673,0.728491050859472,0.671284891966129,0.6856330437124072,0.6274575525606708,0.6890208824991434,9.0,5.329165037789691,19,4,5,8,9
825,0.6350463366135954,0.0188949317403595,0.6415643617510796,0.6413842663168907,0.6310739871114492,0.6593029610812664,0.6019061068072915,0.6875799250455239,0.0268896508670381,0.6781309835396178,0.6737469613908521,0.701572101290674,0.6528820474027811,0.7315675316036946,0.6378478142855373,0.0171883165934059,0.6076851238193612,0.6361891950851287,0.6573677038240006,0.6366512913130267,0.6513457573861693,0.6317493743141963,0.023304610738024,0.6308234147388561,0.620241493649969,0.6601577379126722,0.5950601277807159,0.6524640974887685,0.6388315567167412,0.0147554310553973,0.6181495862825822,0.6293912950447589,0.6575943949676066,0.6357024718594155,0.6533200354293431,0.7402683808655656,0.0161728590998208,0.7200461708806332,0.72601392804929,0.757943647474172,0.7376663259233887,0.7596718320003442,0.6787775039672852,0.0086296160607051,0.6731510162353516,0.6761514165184714,0.6796825257214633,0.6700822602618824,0.6948203010992571,0.6367372404202387,0.0281785530108648,0.6567335413779,0.6523127691159109,0.648478174844318,0.6452569888148096,0.5809047279482552,0.7136446167185347,0.1172922389885535,0.5610423268916093,0.7810551079936108,0.8469400845737745,0.7945476537722527,0.5846379103614263,0.4560271294362203,0.1420828743211609,0.6583741421976715,0.3950751788318633,0.2815140519017524,0.3601693983378475,0.5850028759119668,0.5831180876164638,0.0167404893210368,0.5954390736863373,0.6023743415833569,0.556418223765419,0.5719092008350214,0.5894495982121841,0.6604651509383964,0.0340859052707159,0.6904660401986605,0.6586231949868314,0.6158337639372123,0.6314309675272243,0.7059717880420532,0.6862438787113536,0.0097793317099961,0.6843506260351702,0.6992000503973528,0.6930901083079252,0.6843423247337341,0.6702362840825861,0.5940816488676386,0.0242011423112915,0.5659165727715507,0.586601563011119,0.5772166939879084,0.605911549364925,0.63476186520269,0.6514189600066691,0.2140043349429734,0.2683944537652671,0.8496370940279333,0.8252328824816864,0.7366628469569647,0.5771675228014941,0.449337235847931,0.1848462117012131,0.7396111241699477,0.2278860028860029,0.3062215859007302,0.4019283746556473,0.5710390916273269,0.5521458661938561,0.061065923378032,0.4314792659182172,0.5656664649903422,0.5856002982673725,0.5948044492790218,0.5831788525143268,0.6613723626557647,0.0295115105988583,0.7191225441225441,0.6375645971061332,0.6473901959898084,0.6567795550554172,0.6460049210049209,11.4,4.029888335921977,17,9,10,6,15
850,0.6044469902291894,0.0420389563240463,0.6337501499801874,0.6019896371290088,0.646530756726861,0.6137141659855843,0.5262502413243055,0.726733993736721,0.051503116752191,0.6885641911672706,0.7381504693208123,0.6756428296082695,0.7107226612988713,0.8205898172883815,0.6841242364738523,0.05542778547468,0.6397502454452414,0.6719811223194294,0.6287473570855733,0.6958108624621403,0.7843315950568777,0.6598775524924422,0.0319522729453651,0.658718461889418,0.6852802349815218,0.6083140664482576,0.646834339067795,0.7002406600752191,0.6763964947823287,0.0439027095112338,0.6485486178515533,0.6786979551971204,0.6226004683805814,0.6785522896685682,0.7535831428138207,0.7637746393475526,0.031372527646157,0.7419312679870441,0.7743529244506732,0.7234996560618175,0.7632589288994404,0.8158304193387882,0.6829545432871038,0.0168830471652215,0.6690699078819968,0.6831843473694541,0.6761703599583019,0.67106693983078,0.7152811613949862,0.6265524480608392,0.0200702620706169,0.6381910050040415,0.6350403505065939,0.6305076403839773,0.641906604239492,0.5871166401700916,0.7368175261733063,0.0872514444420762,0.582141131064576,0.7968307984350763,0.7597087181980231,0.8336874281392999,0.7117195550295563,0.462562470209529,0.11237318285166,0.6744540590128826,0.4173874921869574,0.4000853647244021,0.3518615297358613,0.4690239053875418,0.6050634056718162,0.017506458524083,0.6205480983978225,0.6258156360959114,0.5785325351744356,0.5927619279800328,0.6076588307108785,0.6646397973585593,0.0274414989657488,0.7114171650971538,0.656361791932008,0.6408406021875351,0.6368681238246456,0.6777113037514536,0.6977503028782932,0.0153032067142847,0.6740812279961326,0.7183084108612754,0.7098864371126349,0.6934210116213019,0.693054426800121,0.5835920411567483,0.0236385988451241,0.585580910806594,0.5508177302616459,0.5655057952765875,0.5981670397153352,0.6178887297235789,0.6931554906673728,0.1445676069231324,0.4176083114121391,0.7840793426006166,0.6822699828082603,0.7677234530175707,0.8140963634982775,0.4199400169052576,0.1659603199197888,0.7333370061311238,0.2770989111898203,0.4374893822754785,0.302508854781582,0.349265930148283,0.5696444919023268,0.0209448070596068,0.5359283718278098,0.5755351143270809,0.5923923647063151,0.5565054270096002,0.587861181640828,0.6646326510687846,0.063116332649626,0.7901810310901222,0.6373731965186239,0.6431828793447267,0.6267889066516892,0.6256372417387603,19.4,8.935323161475472,16,21,12,12,36
875,0.6459253303706646,0.0284148172974585,0.668610330671072,0.5943058738484979,0.6360845034942031,0.6674610543996096,0.6631648894399405,0.6636922905500751,0.046915606183351,0.6135486199132072,0.7456395690174354,0.6836103651743749,0.6332855473277907,0.6423773513175667,0.6344703723839501,0.0355538115801132,0.5882262991073794,0.696811132475579,0.6177413624966291,0.6320095554077247,0.6375635124324384,0.616817307219784,0.0242855034997149,0.59056901788979,0.659085229007104,0.6275556337850745,0.6036289231601731,0.6032477322567782,0.6299669480766951,0.0289261804261595,0.5908402628109557,0.6808654312661747,0.6289309246445469,0.625896116697198,0.6233020049646001,0.7267877835904636,0.0260293718757339,0.6871950538818767,0.7668454031832032,0.7329654514893003,0.7322761159387998,0.7146568934591381,0.6787866830825806,0.0039275418775012,0.6731927394866943,0.6789137721061707,0.6759183244271711,0.6841489022428339,0.6817596771500327,0.6258216629103257,0.0091186665154681,0.6405500779271625,0.628326517418262,0.6213875589836486,0.6261666813764072,0.6126774788461483,0.7097144291774364,0.117626601055149,0.6808451914911244,0.6209854465202058,0.620421557052573,0.937856892068122,0.6884630587551572,0.5004930823781091,0.1640773155438071,0.5902353365588658,0.6545153598629535,0.5740870315068176,0.1884254114869088,0.4952022724749998,0.5999364603626456,0.0319707815404871,0.6197963066914679,0.6369617871936141,0.587897187584323,0.5443861456611316,0.6106408746826913,0.6772453782975509,0.0396545554303962,0.7012923351158645,0.7256754409864458,0.6767739613327849,0.6069930069930071,0.6754921470596528,0.6919136144898155,0.019540809480543,0.6744667183269154,0.7249044396660544,0.6936590996655551,0.6967581402171742,0.6697796745733782,0.5932612535753938,0.0325373195569271,0.5982823554292899,0.5476936198706936,0.5712655015351241,0.6051393120953615,0.6439254789465,0.6742661743114453,0.135449277699383,0.6101127129117558,0.6365653034480052,0.5098185373903077,0.9162613530260588,0.6985729647810988,0.4368498316894039,0.1683791070626818,0.5555297643532938,0.4644726485635575,0.6041193432236214,0.1223189689098779,0.4378084333966687,0.5645925223578537,0.0265896814646641,0.5994982796211429,0.5798992960551161,0.5537797396946386,0.5205076093641274,0.5692776870542438,0.6600861367676769,0.0465209920382784,0.7450133200133201,0.6722581597968594,0.6315071796889979,0.6136613124238263,0.6379907119153806,10.2,6.368673331236263,5,21,14,5,6
900,0.6467134872451424,0.0230260531667345,0.6392181506380439,0.66581816598773,0.6439275592565536,0.6092628706246614,0.6753406897187233,0.665729069170105,0.0376955172906087,0.6863096661684484,0.6370206557129119,0.6797609984596681,0.7158934030182507,0.6096606224912461,0.6246412422198321,0.0397908941158745,0.6561990934817864,0.5938055783405826,0.6444337804660212,0.6661896154561198,0.5625781433546507,0.613228110280887,0.0254037040123027,0.6367578601953603,0.6145278411979749,0.6081968812437561,0.6383297258297258,0.5683282429376179,0.6251779555665425,0.0309990141869272,0.648848206787754,0.6086997854482785,0.6358624171371254,0.6592451513906651,0.57323421706889,0.7268806354625339,0.0226598416789095,0.7360354341597086,0.7149436946674758,0.735450202559094,0.7575343267789574,0.6904395191474334,0.6773114236918363,0.0047580164452042,0.6708895618265326,0.6779105609113519,0.6732605045491998,0.6804538152434609,0.684042675928636,0.6178297736186719,0.0060912603148182,0.6282618397371775,0.621252271569785,0.6124012096229676,0.6136789013125911,0.6135546458508377,0.7392540967254007,0.0845634732963013,0.6692423206777274,0.8137385119336991,0.6079202066501532,0.8004655994629256,0.8049038449024988,0.4334521271954427,0.0959604031811436,0.5470200551082903,0.3712390328032038,0.5492366368034817,0.3807046785656411,0.3190602326965963,0.6031567463144164,0.0102012233413772,0.6048702472120876,0.6127699985000744,0.595869479734525,0.6146223859934817,0.5876516201319129,0.6573422818473271,0.0134977061697774,0.6761400679357336,0.6476032264026425,0.6711600342616386,0.6481554150219817,0.6436526656146392,0.6901695489883422,0.0087360300256407,0.6799887418746948,0.6949081258340315,0.694926689971577,0.7012968767773021,0.6797273104841058,0.579919297170018,0.0228764228100427,0.5570550649521138,0.5814823745853593,0.5581294336878526,0.5829145880115131,0.6200150246132514,0.7149153654994158,0.1442116256860655,0.5095512714292618,0.8531380123015789,0.5735690120618352,0.7968805704099822,0.8414379612944208,0.3932938837751671,0.1464769955485045,0.5949998530880883,0.2126656172110717,0.5363166913300602,0.3160222353404171,0.3064650219061983,0.5706084798676698,0.0063122540418016,0.5596823857911684,0.5697762081204627,0.5764782680923513,0.5772513130118518,0.5698542243225151,0.6541785063020236,0.0341312814995876,0.7173086851620915,0.6301545751128291,0.6607534071613722,0.640706500350769,0.6219693637230562,11.6,6.374950980203691,13,5,15,21,4
925,0.6454487403854727,0.0050024305304726,0.6450755558907986,0.651766262948513,0.639727221801877,0.6504515558481216,0.6402231054380536,0.673361657861295,0.0072896955000663,0.6731941350358315,0.6622540540559478,0.6801100403182616,0.6690483665072462,0.6822016933891883,0.6370965495350193,0.0135860430344307,0.6362726780240391,0.6345088502840114,0.651706858916769,0.6136175708695144,0.6493767895807623,0.6163145713559317,0.0209746837950343,0.6068157332863214,0.5866555982824365,0.6075937083749584,0.6421990336052836,0.6383087832306582,0.6287721323935946,0.0100143566312548,0.6245642752761248,0.6133937548554804,0.6355724198311087,0.6274433185120443,0.642886893493215,0.7274888549649096,0.0160777237254906,0.7169623102430767,0.702737514329281,0.7300183477996461,0.7402297295014499,0.7474963729510944,0.6786514433947477,0.0088606138301502,0.6730818314985796,0.6753265261650085,0.6812276515093717,0.6690850528803739,0.6945361549204047,0.6202217898857108,0.0196584893604006,0.6253896924613133,0.6317730337658479,0.5876620663761374,0.6452672796046793,0.6110168772205753,0.6740980048618724,0.1092847939928149,0.6592730103495653,0.6580643138798218,0.6641860738785872,0.5237355410483753,0.8652310851530128,0.4930158507564924,0.1735851402939827,0.5520705601587954,0.5359153992175383,0.470609938190152,0.7193856054818621,0.1870977507341144,0.5863024770787706,0.0273520662292941,0.603365588594387,0.6122023239820725,0.5795510848720509,0.6004263831609834,0.5359670047843589,0.6713349379168799,0.0386349264162346,0.6719864805426302,0.6802429632406749,0.6460685801449576,0.7367286222549382,0.6216480434011992,0.6876830025152726,0.0107305322114836,0.6748242486606945,0.7052774266763167,0.6933505751869895,0.6851809349927035,0.6797818270596591,0.5806820413944996,0.0386479835401233,0.5775793748980392,0.5382590781851129,0.5452467007536668,0.5974349467748531,0.6448901063608264,0.671315549226543,0.1494917439374989,0.5526148532488246,0.7545157750487906,0.6384804642460143,0.4965410406586877,0.9144256129303976,0.4693433794369623,0.1579542721689225,0.5893976121917298,0.3595484061393152,0.4842210596889741,0.6778433687524597,0.2357064504123327,0.5807230710522822,0.0113209081896605,0.5850234239571627,0.5935197880015446,0.5905252823217569,0.5678636860082112,0.5666831749727353,0.6749935663677474,0.0426491153499214,0.7332867132867132,0.6606050107443295,0.6532431221322422,0.7127587324955745,0.6150742531798777,10.6,2.1540659228538015,12,10,14,8,9
950,0.6361771374940872,0.0275777158935139,0.6523611564189196,0.6608214322477579,0.6248976513743401,0.5869818367063999,0.6558236107230186,0.680198877247334,0.0428108203387262,0.6700842026617729,0.6283196292929583,0.6990877689944921,0.7521709156919981,0.6513318695954486,0.6509091600957577,0.0255906965598709,0.6304916175132768,0.6246943790531422,0.6619222002585551,0.6953146119392735,0.6421229917145417,0.604052829507309,0.0339522298122828,0.6150464552808305,0.5666342338217338,0.6040563153360657,0.661386757135838,0.5731403859620771,0.6393171194782178,0.0276154539947855,0.6282604241316115,0.6157624001803341,0.6433728485354341,0.69101416932295,0.6181757552207591,0.7309144522822024,0.0306000430687165,0.7146313904694809,0.7082276107271587,0.734063502045555,0.7891392624134982,0.7085104957553198,0.6773657137697393,0.005853136749504,0.6772761236537587,0.6781894727186724,0.6807378313758157,0.6666290380737998,0.6839961030266501,0.6084277288594867,0.0180612215701315,0.6280148647830889,0.6130002517535941,0.5787282078809486,0.6240247441951987,0.5983705756846032,0.6909764691473352,0.0542683051675424,0.7216262073917575,0.6617833221442848,0.6680720497565417,0.7797355719147163,0.6236651945293755,0.4649008478152863,0.0403740885259998,0.4363606165076753,0.4766280065745306,0.4645345741602427,0.4141164316966455,0.5328646101373374,0.595077188117718,0.0139493163141918,0.595923840765815,0.5914095137592796,0.5829303073043408,0.6212585015703606,0.5838637771887941,0.6521940941854794,0.012303647383521,0.6373623655638855,0.6503827751196172,0.6458548020219724,0.6529764582396163,0.6743940699823052,0.68937955011021,0.0120297451382022,0.6797733957117255,0.6960791837085377,0.6997683427550576,0.7006466009400107,0.6706302274357189,0.5779589161266242,0.0324645917000447,0.5618675747078868,0.5589639848932747,0.5590926613141994,0.5672613380751751,0.6426090216425848,0.6674987898999328,0.0858789432036784,0.6292687296754281,0.7810309265639421,0.5273646064196303,0.7197351667939903,0.6800945200466731,0.4285046044270643,0.0830412425843045,0.4479481303010715,0.3095664436573527,0.5320709370843061,0.3585694608421881,0.4943680502504032,0.5664716877154113,0.0116607486210109,0.5703337923290757,0.5775080713114474,0.5487438042011415,0.5572829169658937,0.5784898537694978,0.6479069671913982,0.022631061800953,0.6805825516900126,0.6460010968852241,0.614168391994479,0.6362232523592972,0.6625595430279776,12.6,6.681317235396026,12,6,15,24,6
975,0.6081577686592936,0.0643373368462688,0.6361981090158224,0.6099813934415579,0.6454615350812674,0.4844086235389113,0.6647391822189093,0.714205855355648,0.0756851156289707,0.6888757655307741,0.7209003802809276,0.6665248377541578,0.8557208019798144,0.6390074912325655,0.6698394113962496,0.0607587718204787,0.6343233640085505,0.7220566133138485,0.6227157382091595,0.7618188626149407,0.6082824788347486,0.6389820865623884,0.0685038495672909,0.6324999553787287,0.5986167795160636,0.6254426843581256,0.7686388425600886,0.5697121709989356,0.6593323744762098,0.0567905444856129,0.6356239982161846,0.6721487446977973,0.6237263609617424,0.7633609056512033,0.601801862854122,0.7502636606690507,0.0493466334373138,0.7313357069379709,0.7401013846484092,0.7323798948944074,0.8454821182859111,0.7020191985785542,0.6808932011777704,0.0040714090965186,0.6826289946382696,0.681744093244726,0.6787341724742543,0.6745805198496039,0.6867782256819985,0.6052172741586272,0.0144306609227732,0.5860328969442307,0.599414516150813,0.6062168186833964,0.6304550530611693,0.6039670859535273,0.6720872639137669,0.0433112490379418,0.6069866470584174,0.6547402018658702,0.6736404341350866,0.6845529396331537,0.7405160968763069,0.5045958705584375,0.0708799337792572,0.504218820395291,0.5453162256638193,0.552333784753571,0.5535699817116929,0.367540540267813,0.6041556090145775,0.0226320739725206,0.5807257306509448,0.6189279543788422,0.6146695320236444,0.6322240241979712,0.5742308038214848,0.668209390967397,0.0226576117384356,0.6399811072270967,0.6887056793473906,0.6912053656072794,0.6793469728039107,0.6418078298513081,0.6955588590015065,0.0157432098212693,0.6818746111609719,0.7015576579354026,0.6976708336309954,0.7206615859811957,0.6760296062989668,0.5711143412689976,0.0345652593341722,0.562716130465888,0.5375855896167306,0.5555057208638691,0.5619329696410245,0.6378312957574761,0.6693311048470802,0.0813214810406139,0.610543006966452,0.7480960584018012,0.5524759384687614,0.6674804770393007,0.7680600433590864,0.4190572736829421,0.0691105767498583,0.4763339601574895,0.4062655778564869,0.51506521553313,0.3228256591892955,0.3747959556783086,0.5638961771388177,0.0292173353581684,0.5758975330877271,0.6043897565902105,0.5561761608832252,0.5148393947163654,0.5681780404165603,0.6514884272933807,0.0364153009583696,0.7070687765185372,0.6776917526917526,0.6397291656649945,0.6049742254076619,0.6279782161839578,19.0,14.11382301150188,15,18,10,46,6
1000,0.670410831272602,0.009718389032937,0.6614501476287842,0.6687392983585596,0.666207917034626,0.6663950569927692,0.6892617363482714,0.6166571391008413,0.0305367669831276,0.647539927412421,0.6206930537582205,0.6284509475767941,0.6283887173581046,0.5582130493986658,0.5946984941392561,0.0210112236241756,0.6280655549144641,0.5772157949451536,0.6029911458654497,0.5972271010200073,0.5679928739512065,0.5750128000493229,0.0291709761159871,0.5884886730003314,0.5734966754038446,0.6023381540844776,0.5910948681628828,0.5196456295950781,0.5929590620508468,0.0210790636163149,0.6142420099898257,0.577675211117208,0.6110170313793208,0.6023736299400535,0.5594874278278259,0.6900128673874512,0.0205886637776775,0.6980161347832596,0.6812838223599157,0.7049798828944535,0.7116481077079956,0.6541363891916311,0.6817408388311212,0.0053313984159205,0.6786300160668113,0.6822688362815164,0.6797413446686484,0.6763617233796553,0.691702273758975,0.6129511344061014,0.0123264193847263,0.6270789475519634,0.5985050864354006,0.6151090377611099,0.6251665757556466,0.598896024526386,0.6860566372283354,0.1454951476755466,0.8643126411068994,0.6261395467277822,0.7583501169062667,0.4373093038868439,0.7441715775138849,0.4677575721960749,0.1430075800200744,0.3185447722212428,0.5102023867398199,0.4049893511123457,0.7255555941384819,0.3794957567684841,0.5801063712638905,0.0117852835753379,0.5985301425200378,0.5834433443077341,0.5767587517215689,0.5618674871987287,0.5799321305713829,0.6570026236475162,0.031093566890872,0.6277896143425257,0.6465724975507584,0.6463646879311842,0.7174603174603174,0.6468260009527952,0.6892898299477317,0.0035662636798991,0.6843615336851641,0.69158428365534,0.6937136650085449,0.6858584772456776,0.690931190143932,0.5725774420262562,0.0253909405189591,0.5679331937671847,0.5390490214006911,0.5527229936200788,0.6016295920916576,0.6015524092516688,0.7196370507921004,0.1273736301958189,0.889776024082244,0.7273365778219301,0.717078284554361,0.4964508530685,0.7675435144334667,0.4090905099060179,0.1426676705462595,0.2470605375017139,0.4064639905548997,0.3425577764481508,0.6736127508854781,0.375757494139847,0.5779838576585454,0.0195399903078447,0.6102216717388672,0.5831230278330212,0.550753149509199,0.5678915835409775,0.5779298556706624,0.6592268606100155,0.0274693353821068,0.6795066340008787,0.6738714494062087,0.6250423489553923,0.6903071675798947,0.6274067031077029,6.2,2.7856776554368237,11,4,7,6,3
